t,seq,dt_s,fps_inst,frame_age_ms,camera_to_command_ms,command_exec_ms,command_exec_ms_ran,face_detect_ms,face_detect_ms_ran,face_id_ms,face_id_ms_ran,flying,hand_detect_ms,hand_detect_ms_ran,mode,mode_manager_ms,mode_manager_ms_ran,rule_infer_ms,rule_infer_ms_ran
1787922358.3377025,7,,,0.9975433349609375,0.04749998333863914,0.0049000082071870565,1,,0,,0,0,,0,hover,0.02139998832717538,1,,
1787922358.4055202,19,0.06781768798828125,14.745415682303971,1.0061264038085938,33.228699991013855,0.010399991879239678,1,,0,,0,0,33.13139997771941,1,hover,0.054899981478229165,1,,
1787922358.4214802,37,0.015959978103637695,62.65672756606564,2.992868423461914,0.05490001058205962,0.007299997378140688,1,,0,,0,0,,0,hover,0.024500011932104826,1,,
1787922358.4737473,42,0.05226707458496094,19.132503740466372,3.3707618713378906,33.1925000064075,0.006299989763647318,1,8.148599998094141,1,,0,0,24.998499982757494,1,hover,0.03270001616328955,1,,
1787922358.488678,60,0.01493072509765625,66.9759836484415,1.9962787628173828,0.04919999628327787,0.011399999493733048,1,,0,,0,0,,0,hover,0.0185999961104244,1,,
1787922358.5333512,66,0.04467320442199707,22.38478329321727,2.991914749145508,27.43799999007024,0.006299989763647318,1,,0,,0,0,27.389399998355657,1,hover,0.02370000584051013,1,,
1787922358.5465024,81,0.013151168823242188,76.03886874546772,2.0253658294677734,0.10309999925084412,0.012600008631125093,1,,0,,0,0,,0,hover,0.04529999569058418,1,,
1787922358.593062,86,0.04655957221984863,21.477860562767237,2.1970272064208984,32.929299981333315,0.012299977242946625,1,5.3155999921727926,1,,0,0,27.53849999862723,1,hover,0.04770001396536827,1,,
1787922358.6040292,104,0.010967254638671875,91.18052173913044,0.9949207305908203,0.032199983252212405,0.0046000059228390455,1,,0,,0,0,,0,hover,0.013499986380338669,1,,
1787922358.639968,109,0.03593873977661133,27.825127041621887,1.0349750518798828,22.414700011722744,0.0048000074457377195,1,,0,,0,0,22.383300005458295,1,hover,0.014699995517730713,1,,
1787922358.6499085,125,0.009940624237060547,100.59730416846548,3.9916038513183594,0.051700015319511294,0.007800001185387373,1,,0,,0,0,,0,hover,0.023299973690882325,1,,
1787922358.6950815,126,0.045172929763793945,22.137151724028733,3.129243850708008,22.200000006705523,0.004699977580457926,1,4.476100002648309,1,,0,0,17.696599999908358,1,hover,0.01580000389367342,1,,
1787922358.7031932,127,0.008111715316772461,123.27848808159186,0.5135536193847656,0.030399998649954796,0.0047000066842883825,1,,0,,0,0,,0,hover,0.01300001167692244,1,,
1787922358.7532063,128,0.050013065338134766,19.994775230013826,1.4650821685791016,17.66650000354275,0.0043000036384910345,1,,0,,0,0,17.632900009630248,1,hover,0.017600017599761486,1,,
1787922358.812196,129,0.058989763259887695,16.952093799637055,11.505126953125,0.040099985199049115,0.0051000097300857306,1,,0,,0,0,,0,hover,0.0171000137925148,1,,
1787922358.8622088,130,0.050012826919555664,19.994870548079078,2.0287036895751953,24.574800016125664,0.0046000059228390455,1,4.8949000192806125,1,,0,0,19.653099996503443,1,hover,0.015900004655122757,1,,
1787922358.8731475,131,0.010938644409179688,91.41900610287708,0.9984970092773438,0.036999990697950125,0.0048999791033566,1,,0,,0,0,,0,hover,0.014800025383010507,1,,
1787922358.9308474,132,0.05769991874694824,17.33104693588308,2.996683120727539,24.86589999170974,0.004099973011761904,1,,0,,0,0,24.832600000081584,1,hover,0.01650000922381878,1,,
1787922358.9708993,133,0.040051937103271484,24.96758140365498,1.9941329956054688,0.04800001624971628,0.006499991286545992,1,,0,,0,0,,0,hover,0.021199986804276705,1,,
1787922359.0275645,134,0.05666518211364746,17.647521153190755,0.8225440979003906,23.56319999671541,0.0049000082071870565,1,5.224299995461479,1,,0,0,18.310900020878762,1,hover,0.01680001150816679,1,,
1787922359.0365405,135,0.008975982666015625,111.40841478963026,0.0,0.03949998063035309,0.005500012775883079,1,,0,,0,0,,0,hover,0.01829999382607639,1,,
1787922359.095917,136,0.05937647819519043,16.84168597390812,2.993345260620117,19.82240000506863,0.0041000021155923605,1,,0,,0,0,19.79010002105497,1,hover,0.015500001609325409,1,,
1787922359.1407952,137,0.044878244400024414,22.282511568109737,1.9931793212890625,0.0803999719209969,0.013699987903237343,1,,0,,0,0,,0,hover,0.033199990866705775,1,,
1787922359.2065768,138,0.0657815933227539,15.20182089682068,11.913776397705078,22.86420000018552,0.018699996871873736,1,4.698600008850917,1,,0,0,18.123599991668016,1,hover,0.01689998316578567,1,,
1787922359.2295492,139,0.02297234535217285,43.5306010191691,26.961803436279297,0.03489997470751405,0.0053000112529844046,1,,0,,0,0,,0,hover,0.014399993233382702,1,,
1787922359.2630348,140,0.03348565101623535,29.863537654237483,6.559848785400391,17.706099984934554,0.0045000051613897085,1,,0,,0,0,17.674500006251037,1,hover,0.015099998563528061,1,,
1787922359.3085232,141,0.04548835754394531,21.9836471130865,6.982564926147461,0.034199998481199145,0.0043000036384910345,1,,0,,0,0,,0,hover,0.015300000086426735,1,,
1787922359.3650694,142,0.05654621124267578,17.68465080194964,2.9914379119873047,23.981499980436638,0.0053000112529844046,1,5.331099993782118,1,,0,0,18.62099999561906,1,hover,0.01719998545013368,1,,
1787922359.3866534,143,0.021584033966064453,46.33054236164807,17.383337020874023,0.04509999416768551,0.006999995093792677,1,,0,,0,0,,0,hover,0.01990000600926578,1,,
1787922359.4233258,144,0.036672353744506836,27.26849787081884,0.0,18.771000002743676,0.0037999998312443495,1,,0,,0,0,18.741600011708215,1,hover,0.014499993994832039,1,,
1787922359.4841452,145,0.060819387435913086,16.44212548266332,14.960050582885742,0.036299985367804766,0.004499976057559252,1,,0,,0,0,,0,hover,0.015400000847876072,1,,
1787922359.515062,146,0.030916929244995117,32.344738770001925,6.981134414672852,23.28319998923689,0.0051000097300857306,1,4.926499997964129,1,,0,0,18.327800004044548,1,hover,0.01729998621158302,1,,
1787922359.5364304,147,0.02136826515197754,46.798370990237096,2.016305923461914,0.048999994760379195,0.007099995855242014,1,,0,,0,0,,0,hover,0.02069998299703002,1,,
1787922359.5902445,148,0.05381417274475098,18.58246534315702,0.5514621734619141,19.120799988741055,0.0039000005926936865,1,,0,,0,0,19.086699991021305,1,hover,0.01810002140700817,1,,
1787922359.6371822,149,0.04693770408630371,21.304834129963275,1.993417739868164,0.0425000034738332,0.006299989763647318,1,,0,,0,0,,0,hover,0.01829999382607639,1,,
1787922359.7009654,150,0.06378316879272461,15.678117267106748,1.9855499267578125,26.595600007567555,0.0048000074457377195,1,5.147500021848828,1,,0,0,21.42249999451451,1,hover,0.01479999627918005,1,,
1787922359.7097683,151,0.00880289077758789,113.5990466388603,8.80289077758789,0.032100011594593525,0.0047000066842883825,1,,0,,0,0,,0,hover,0.013499986380338669,1,,
1787922359.7582076,152,0.04843926429748535,20.644409334101166,0.9965896606445312,19.083799998043105,0.0042000028770416975,1,,0,,0,0,19.05360000091605,1,hover,0.015300000086426735,1,,
1787922359.8050296,153,0.04682207107543945,21.357449105333373,2.031087875366211,0.03339999238960445,0.004599976819008589,1,,0,,0,0,,0,hover,0.014100020052865148,1,,
1787922359.860797,154,0.05576729774475098,17.9316560141938,0.99945068359375,22.881500015500933,0.0049000082071870565,1,4.4649000046774745,1,,0,0,18.387599993729964,1,hover,0.016699981642886996,1,,
1787922359.8695936,155,0.00879669189453125,113.67909800520381,1.7261505126953125,0.037999998312443495,0.005499983672052622,1,,0,,0,0,,0,hover,0.016400008462369442,1,,
1787922359.9226437,156,0.05305004119873047,18.850126737016197,1.0313987731933594,17.93470000848174,0.0039000005926936865,1,,0,,0,0,17.903400002978742,1,hover,0.015300000086426735,1,,
1787922359.973984,157,0.051340341567993164,19.477860284112808,5.074501037597656,0.03840000135824084,0.0048000074457377195,1,,0,,0,0,,0,hover,0.01659998088143766,1,,
1787922360.031122,158,0.05713796615600586,17.50149799293982,1.9612312316894531,26.79040000657551,0.0045000051613897085,1,4.899799998383969,1,,0,0,21.864699985599145,1,hover,0.015700003132224083,1,,
1787922360.0398765,159,0.008754491806030273,114.22707590075983,3.9567947387695312,0.03260001540184021,0.0050000089686363935,1,,0,,0,0,,0,hover,0.014499993994832039,1,,
1787922360.093731,160,0.05385446548461914,18.568562346712,1.9965171813964844,19.594499986851588,0.0042000028770416975,1,,0,,0,0,19.563999987440184,1,hover,0.014599994756281376,1,,
1787922360.1386125,161,0.044881582260131836,22.280854409366416,1.9958019256591797,0.035500008380040526,0.0052000104915350676,1,,0,,0,0,,0,hover,0.014999997802078724,1,,
1787922360.198368,162,0.059755563735961914,16.734843376570524,1.0294914245605469,24.735799990594387,0.0048999791033566,1,4.8559999850112945,1,,0,0,19.853100006002933,1,hover,0.015500001609325409,1,,
1787922360.218989,163,0.02062082290649414,48.49466990403515,17.726421356201172,0.03850000211969018,0.006199989002197981,1,,0,,0,0,,0,hover,0.016900012269616127,1,,
1787922360.2593756,164,0.04038667678833008,24.760640872758184,1.5044212341308594,19.78840000811033,0.0041000021155923605,1,,0,,0,0,19.751700019696727,1,hover,0.01889999839477241,1,,
1787922360.3113494,165,0.051973819732666016,19.240456159343836,9.973287582397461,0.04349998198449612,0.00580001506023109,1,,0,,0,0,,0,hover,0.01819999306462705,1,,
1787922360.3649745,166,0.05362510681152344,18.647981504534947,0.9636878967285156,22.49510001274757,0.0041000021155923605,1,4.578799998853356,1,,0,0,17.890000017359853,1,hover,0.016499980119988322,1,,
1787922360.387206,167,0.022231578826904297,44.98106084979516,19.22607421875,0.03460000152699649,0.0047000066842883825,1,,0,,0,0,,0,hover,0.015199999324977398,1,,
1787922360.4258928,168,0.03868675231933594,25.848641719666716,1.1823177337646484,17.449399980250746,0.0039000005926936865,1,,0,,0,0,17.41929998388514,1,hover,0.014500023098662496,1,,
1787922360.4719627,169,0.04606986045837402,21.7061651598346,1.9943714141845703,0.0363999861292541,0.0052000104915350676,1,,0,,0,0,,0,hover,0.016000005416572094,1,,
1787922360.5048504,170,0.03288769721984863,30.406507129859868,1.031637191772461,21.813100000144914,0.0052000104915350676,1,4.347299982327968,1,,0,0,17.438800015952438,1,hover,0.015900004655122757,1,,
1787922360.5420444,171,0.037194013595581055,26.886047063197502,2.994060516357422,0.041300023440271616,0.00589998671784997,1,,0,,0,0,,0,hover,0.017700018361210823,1,,
1787922360.594628,172,0.05258369445800781,19.017302042148792,4.96363639831543,20.707599993329495,0.0044000043999403715,1,,0,,0,0,20.67719999467954,1,hover,0.014299992471933365,1,,
1787922360.6386836,173,0.04405546188354492,22.698661125001355,0.9987354278564453,0.03329999162815511,0.0041000021155923605,1,,0,,0,0,,0,hover,0.014199991710484028,1,,
1787922360.7007809,174,0.06209731101989746,16.103756886986236,2.991914749145508,25.431300018681213,0.006399990525096655,1,5.651699990266934,1,,0,0,19.7424000070896,1,hover,0.02239999594166875,1,,
1787922360.7102408,175,0.009459972381591797,105.70855385856142,4.427194595336914,0.03610001294873655,0.0048999791033566,1,,0,,0,0,,0,hover,0.016300007700920105,1,,
1787922360.7622452,176,0.052004337310791016,19.229165329494503,5.984067916870117,17.68719998653978,0.0041000021155923605,1,,0,,0,0,17.65480000176467,1,hover,0.016000005416572094,1,,
1787922360.822665,177,0.06041979789733887,16.550866351773152,13.573646545410156,0.04010001430287957,0.005399982910603285,1,,0,,0,0,,0,hover,0.0171000137925148,1,,
1787922360.8758168,178,0.053151845932006836,18.814022024356877,12.850284576416016,22.60359999490902,0.0048999791033566,1,4.8707999812904745,1,,0,0,17.705800011754036,1,hover,0.01610000617802143,1,,
1787922360.8848257,179,0.00900888442993164,111.00153496003811,12.998580932617188,0.033100019209086895,0.0047000066842883825,1,,0,,0,0,,0,hover,0.014199991710484028,1,,
1787922360.9278696,180,0.04304385185241699,23.232121591456693,1.0306835174560547,18.932799983303994,0.0036999990697950125,1,,0,,0,0,18.902899988461286,1,hover,0.014699995517730713,1,,
1787922360.9786599,181,0.05079030990600586,19.6887950053983,4.985809326171875,0.0363999861292541,0.0045000051613897085,1,,0,,0,0,,0,hover,0.016700010746717453,1,,
1787922361.0306413,182,0.051981449127197266,19.237632209002594,4.986763000488281,22.669600002700463,0.004699977580457926,1,4.945799999404699,1,,0,0,17.695099988486618,1,hover,0.01680001150816679,1,,
1787922361.0396223,183,0.008980989456176758,111.34630598104542,1.001596450805664,0.033499993151053786,0.005299982149153948,1,,0,,0,0,,0,hover,0.014600023860111833,1,,
1787922361.0921946,184,0.05257225036621094,19.021441787904074,1.0297298431396484,18.16450001206249,0.0037999998312443495,1,,0,,0,0,18.1348999904003,1,hover,0.014699995517730713,1,,
1787922361.1453292,185,0.05313467979431152,18.820100240955206,1.9981861114501953,0.05929998587816954,0.00790000194683671,1,,0,,0,0,,0,hover,0.02609999501146376,1,,
1787922361.2003787,186,0.05504941940307617,18.165495855240934,4.265308380126953,21.815700019942597,0.0048000074457377195,1,4.43000000086613,1,,0,0,17.35569999436848,1,hover,0.018499995348975062,1,,
1787922361.208933,187,0.008554458618164062,116.89810479375697,0.0,0.03409999771974981,0.0048000074457377195,1,,0,,0,0,,0,hover,0.013999990187585354,1,,
1787922361.2609217,188,0.05198860168457031,19.23498550830979,0.7069110870361328,18.053800013149157,0.0041000021155923605,1,,0,,0,0,18.023200012976304,1,hover,0.01479999627918005,1,,
1787922361.3171866,189,0.05626487731933594,17.77307705345944,8.96763801574707,0.03339999238960445,0.0047000066842883825,1,,0,,0,0,,0,hover,0.013999990187585354,1,,
1787922361.3705356,190,0.05334901809692383,18.744487446483316,6.602764129638672,21.911699994234368,0.0053000112529844046,1,4.573300015181303,1,,0,0,17.309899994870648,1,hover,0.016200006939470768,1,,
1787922361.3799868,191,0.009451150894165039,105.80721979768421,7.455348968505859,0.030499999411404133,0.0041000021155923605,1,,0,,0,0,,0,hover,0.013900018529966474,1,,
1787922361.4276302,192,0.047643423080444336,20.98925592125346,2.991914749145508,17.321799998171628,0.0043000036384910345,1,,0,,0,0,17.26079999934882,1,hover,0.04460001946426928,1,,
1787922361.4767635,193,0.04913330078125,20.3527950310559,1.9538402557373047,0.03329999162815511,0.004699977580457926,1,,0,,0,0,,0,hover,0.014400022337213159,1,,
1787922361.5087063,194,0.03194284439086914,31.305915896639746,5.019187927246094,22.734900005161762,0.004999979864805937,1,4.593399993609637,1,,0,0,18.113500002073124,1,hover,0.016300007700920105,1,,
1787922361.5357258,195,0.027019500732421875,37.01030636735847,1.0309219360351562,0.03269998705945909,0.0048999791033566,1,,0,,0,0,,0,hover,0.01400001929141581,1,,
1787922361.598271,196,0.0625450611114502,15.988472666420162,5.984306335449219,18.41509999940172,0.0046000059228390455,1,,0,,0,0,18.38359999237582,1,hover,0.015199999324977398,1,,
1787922361.643393,197,0.04512214660644531,22.16206619605191,1.3039112091064453,0.0337999954354018,0.0046000059228390455,1,,0,,0,0,,0,hover,0.014299992471933365,1,,
1787922361.7048347,198,0.061441659927368164,16.275601947963757,1.9924640655517578,26.13099999143742,0.006399990525096655,1,6.058999977540225,1,,0,0,20.03290000720881,1,hover,0.022599997464567423,1,,
1787922361.718139,199,0.01330423355102539,75.16404429948747,11.73090934753418,0.03330002073198557,0.0048000074457377195,1,,0,,0,0,,0,hover,0.01379998866468668,1,,
1787922361.7600188,200,0.041879892349243164,23.877807317670232,2.0263195037841797,19.14819999365136,0.0046000059228390455,1,,0,,0,0,19.113600021228194,1,hover,0.01789999078027904,1,,
1787922361.8096106,201,0.049591779708862305,20.16463224088114,2.99072265625,0.03559998003765941,0.0053000112529844046,1,,0,,0,0,,0,hover,0.015400000847876072,1,,
1787922361.8795774,202,0.06996679306030273,14.292494428580191,14.566183090209961,22.761300002457574,0.0050000089686363935,1,4.578599997330457,1,,0,0,18.154699995648116,1,hover,0.016499980119988322,1,,
1787922361.8893669,203,0.009789466857910156,102.1506088650755,14.80865478515625,0.03269998705945909,0.005199981387704611,1,,0,,0,0,,0,hover,0.014399993233382702,1,,
1787922361.9369907,204,0.04762387275695801,20.997872329773866,8.97526741027832,18.61210001516156,0.0043000036384910345,1,,0,,0,0,18.58100001118146,1,hover,0.01479999627918005,1,,
1787922361.9796124,205,0.042621612548828125,23.462275127539606,4.022121429443359,0.043800013372674584,0.005599984433501959,1,,0,,0,0,,0,hover,0.016700010746717453,1,,
1787922362.0326838,206,0.05307149887084961,18.842505323497964,2.9904842376708984,22.3175999999512,0.0048000074457377195,1,4.571700002998114,1,,0,0,17.71700000972487,1,hover,0.01719998545013368,1,,
1787922362.0417948,207,0.00911092758178711,109.75830847333438,1.1506080627441406,0.028000009479001164,0.0040000013541430235,1,,0,,0,0,,0,hover,0.011600001016631722,1,,
1787922362.0945885,208,0.05279374122619629,18.941639231731493,1.9946098327636719,19.500099995639175,0.0039000005926936865,1,,0,,0,0,19.46809998480603,1,hover,0.015700003132224083,1,,
1787922362.1453364,209,0.05074787139892578,19.70525999285889,3.031015396118164,0.04990000161342323,0.005999987479299307,1,,0,,0,0,,0,hover,0.02030000905506313,1,,
1787922362.199752,210,0.05441570281982422,18.37704831840726,0.9987354278564453,23.869700002251193,0.005099980626255274,1,5.1327000255696476,1,,0,0,18.707899987930432,1,hover,0.01680001150816679,1,,
1787922362.2115119,211,0.011759757995605469,85.03576352282865,5.300998687744141,0.042100000428035855,0.0049000082071870565,1,,0,,0,0,,0,hover,0.018099992303177714,1,,
1787922362.2633784,212,0.05186653137207031,19.28025594822197,1.0311603546142578,17.944299994269386,0.0035999983083456755,1,,0,,0,0,17.916599987074733,1,hover,0.013599987141788006,1,,
1787922362.3094175,213,0.04603910446166992,21.720665762136072,1.0304450988769531,0.035200006095692515,0.0044000043999403715,1,,0,,0,0,,0,hover,0.015400000847876072,1,,
1787922362.3742468,214,0.06482934951782227,15.425112351699434,9.971857070922852,23.083799984306097,0.0047000066842883825,1,4.8602999886497855,1,,0,0,18.196399993030354,1,hover,0.01610000617802143,1,,
1787922362.382723,215,0.00847625732421875,117.97659765976597,9.567499160766602,0.031400006264448166,0.005099980626255274,1,,0,,0,0,,0,hover,0.013600016245618463,1,,
1787922362.4314504,216,0.04872727394104004,20.522387548501055,6.022214889526367,18.471899995347485,0.0043000036384910345,1,,0,,0,0,18.439300009049475,1,hover,0.016200006939470768,1,,
1787922362.4744837,217,0.04303336143493652,23.237784980193357,2.0248889923095703,0.03179998020641506,0.0043000036384910345,1,,0,,0,0,,0,hover,0.0137000170070678,1,,
1787922362.5089357,218,0.034451961517333984,29.02592351662953,0.9968280792236328,25.52809999906458,0.0048000074457377195,1,4.935900011332706,1,,0,0,20.563900005072355,1,hover,0.0171000137925148,1,,
1787922362.544477,219,0.03554129600524902,28.136284052565557,2.1791458129882812,0.03739999374374747,0.005199981387704611,1,,0,,0,0,,0,hover,0.01610000617802143,1,,
1787922362.601147,220,0.05666995048522949,17.64603624032883,5.984067916870117,19.118299998808652,0.0036999990697950125,1,,0,,0,0,19.089499983238056,1,hover,0.01409999094903469,1,,
1787922362.6459365,221,0.04478955268859863,22.326635118518478,3.9894580841064453,0.05250002141110599,0.0045000051613897085,1,,0,,0,0,,0,hover,0.0315000070258975,1,,
1787922362.6993425,222,0.0534060001373291,18.72448783710787,0.0,24.153399979695678,0.0045000051613897085,1,4.762800002936274,1,,0,0,19.362299994099885,1,hover,0.016900012269616127,1,,
1787922362.7092834,223,0.009940862655639648,100.59489147379782,0.9975433349609375,0.053499999921768904,0.006699992809444666,1,,0,,0,0,,0,search_360,0.028699985705316067,1,,
1787922362.764052,224,0.05476856231689453,18.258649811071063,0.9939670562744141,20.577699993737042,0.005400012014433742,1,,0,,0,0,20.54550001048483,1,search_360,0.014299992471933365,1,,
1787922362.8137896,225,0.04973769187927246,20.105476595642692,0.9973049163818359,0.032400013878941536,0.0049000082071870565,1,,0,,0,0,,0,search_360,0.013499986380338669,1,,
1787922362.8706567,226,0.056867122650146484,17.584853134773894,2.990245819091797,23.03320000646636,0.0045000051613897085,1,4.610199976013973,1,,0,0,18.399400025373325,1,search_360,0.013200013199821115,1,,
1787922362.8930595,227,0.02240276336669922,44.637350474649864,17.50969886779785,0.034900003811344504,0.0051000097300857306,1,,0,,0,0,,0,search_360,0.012400007108226418,1,,
1787922362.9274998,228,0.03444027900695801,29.035769419811288,0.9646415710449219,18.395299994153902,0.0042000028770416975,1,,0,,0,0,18.368099990766495,1,search_360,0.011899974197149277,1,,
1787922362.9865682,229,0.05906844139099121,16.929513907108348,11.039018630981445,0.03809999907389283,0.005500012775883079,1,,0,,0,0,,0,search_360,0.01479999627918005,1,,
1787922363.040999,230,0.05443072319030762,18.37197710020631,10.003089904785156,22.579999989829957,0.004799978341907263,1,4.871899989666417,1,,0,0,17.679499986115843,1,search_360,0.017300015315413475,1,,
1787922363.0630195,231,0.022020578384399414,45.41206786414179,22.020578384399414,0.028999987989664078,0.004399975296109915,1,,0,,0,0,,0,search_360,0.010400020983070135,1,,
1787922363.113201,232,0.05018138885498047,19.927706721906535,3.8595199584960938,35.13579998980276,0.0051000097300857306,1,,0,,0,0,35.10079998522997,1,search_360,0.015600002370774746,1,,
1787922363.1485643,233,0.03536343574523926,28.27779538176302,1.7957687377929688,0.05160001455806196,0.007499998901039362,1,,0,,0,0,,0,search_360,0.021199986804276705,1,,
1787922363.2133033,234,0.06473898887634277,15.446642237648922,1.992940902709961,31.74469998339191,0.005700014298781753,1,5.961099988780916,1,,0,0,25.757299998076633,1,search_360,0.014299992471933365,1,,
1787922363.2303033,235,0.01699995994567871,58.823668008358695,22.388696670532227,0.03350002225488424,0.005399982910603285,1,,0,,0,0,,0,search_360,0.012600008631125093,1,,
1787922363.2654595,236,0.03515625,28.444444444444443,1.9943714141845703,19.421300006797537,0.0041000021155923605,1,,0,,0,0,19.39300002413802,1,search_360,0.01270000939257443,1,,
1787922363.3116536,237,0.04619407653808594,21.647797184029066,0.995635986328125,0.031000003218650818,0.0048000074457377195,1,,0,,0,0,,0,search_360,0.011600001016631722,1,,
1787922363.368379,238,0.056725502014160156,17.628755400884316,1.996755599975586,23.266600008355454,0.005299982149153948,1,4.6842000156175345,1,,0,0,18.556800001533702,1,search_360,0.014100020052865148,1,,
1787922363.386485,239,0.01810598373413086,55.23036001158779,8.991003036499023,0.03500000457279384,0.0048000074457377195,1,,0,,0,0,,0,search_360,0.013499986380338669,1,,
1787922363.4551206,240,0.06863546371459961,14.569727453990927,7.806539535522461,37.68330000457354,0.0043000036384910345,1,,0,,0,0,37.65240000211634,1,search_360,0.01309998333454132,1,,
1787922363.479652,241,0.02453136444091797,40.764141041091634,4.468202590942383,0.06799999391660094,0.006400019628927112,1,,0,,0,0,,0,search_360,0.016200006939470768,1,,
1787922363.5167296,242,0.03707766532897949,26.970414429476257,11.005163192749023,22.25979999639094,0.004799978341907263,1,4.863000009208918,1,,0,0,17.3720000020694,1,search_360,0.013500015484169126,1,,
1787922363.5406663,243,0.023936748504638672,41.77676846152314,2.9909610748291016,0.03320001997053623,0.0049000082071870565,1,,0,,0,0,,0,search_360,0.012500007869675756,1,,
1787922363.6047995,244,0.0641331672668457,15.592555967791103,12.98213005065918,17.113500012783334,0.0044000043999403715,1,,0,,0,0,17.08439999492839,1,search_360,0.012400007108226418,1,,
1787922363.6486182,245,0.04381871223449707,22.821300513088378,2.027750015258789,0.051799986977130175,0.007599999662488699,1,,0,,0,0,,0,search_360,0.020700012100860476,1,,
1787922363.702704,246,0.054085731506347656,18.489164741769965,2.034425735473633,21.148900006664917,0.0048000074457377195,1,4.635799996322021,1,,0,0,16.487599990796298,1,search_360,0.01409999094903469,1,,
1787922363.7127392,247,0.010035276412963867,99.6484759212183,1.004934310913086,0.0295999925583601,0.0043000036384910345,1,,0,,0,0,,0,search_360,0.01069999416358769,1,,
1787922363.7692387,248,0.056499481201171875,17.69927756397272,3.991365432739258,19.619700004113838,0.005799985956400633,1,,0,,0,0,19.583299988880754,1,search_360,0.01580000389367342,1,,
1787922363.8191063,249,0.04986763000488281,20.05308854465481,9.972572326660156,0.03290001768618822,0.0050000089686363935,1,,0,,0,0,,0,search_360,0.012200005585327744,1,,
1787922363.8718643,250,0.052757978439331055,18.95447910594126,8.975982666015625,21.81069998187013,0.0045000051613897085,1,4.907299997285008,1,,0,0,16.879400005564094,1,search_360,0.013300013961270452,1,,
1787922363.881148,251,0.009283781051635742,107.71473330080381,4.4307708740234375,0.02820001100189984,0.0047000066842883825,1,,0,,0,0,,0,search_360,0.010099989594891667,1,,
1787922363.9304907,252,0.04934263229370117,20.26645019762464,2.5894641876220703,18.583500001113862,0.0053000112529844046,1,,0,,0,0,18.547699990449473,1,search_360,0.015500001609325409,1,,
1787922363.9759192,253,0.04542851448059082,22.0126062107368,0.545501708984375,0.03200001083314419,0.005099980626255274,1,,0,,0,0,,0,search_360,0.011900003300979733,1,,
1787922364.0397778,254,0.0638585090637207,15.659620223863323,11.118173599243164,21.15280000725761,0.0053000112529844046,1,4.999500000849366,1,,0,0,16.12600000225939,1,search_360,0.015199999324977398,1,,
1787922364.0654628,255,0.02568507194519043,38.93312045743565,24.686574935913086,0.04839999019168317,0.007700000423938036,1,,0,,0,0,,0,search_360,0.021899992134422064,1,,
1787922364.0940003,256,0.028537511825561523,35.04159739337483,2.1109580993652344,16.920399997616187,0.0041000021155923605,1,,0,,0,0,16.89170001191087,1,search_360,0.012200005585327744,1,,
1787922364.1438031,257,0.04980278015136719,20.079200337022712,2.9914379119873047,0.03649998689070344,0.00580001506023109,1,,0,,0,0,,0,search_360,0.012699980288743973,1,,
1787922364.2017093,258,0.057906150817871094,17.269322617302656,2.179861068725586,22.118599998066202,0.0049000082071870565,1,4.56179998582229,1,,0,0,17.530600016471,1,search_360,0.014599994756281376,1,,
1787922364.2195754,259,0.017866134643554688,55.97181594961033,13.87643814086914,0.0638000201433897,0.018499995348975062,1,,0,,0,0,,0,search_360,0.011500000255182385,1,,
1787922364.2587442,260,0.0391688346862793,25.530501686084023,0.9946823120117188,17.007100017508492,0.0037999998312443495,1,,0,,0,0,16.980400017928332,1,search_360,0.011600001016631722,1,,
1787922364.3106925,261,0.05194830894470215,19.249904767149946,4.985570907592773,0.03190001007169485,0.0048000074457377195,1,,0,,0,0,,0,search_360,0.011800002539530396,1,,
1787922364.364618,262,0.053925514221191406,18.544097621363516,2.9921531677246094,22.240799997234717,0.0049000082071870565,1,5.012099980376661,1,,0,0,17.20000000204891,1,search_360,0.01689998316578567,1,,
1787922364.3752174,263,0.010599374771118164,94.34518748453561,3.831148147583008,0.031400006264448166,0.0050000089686363935,1,,0,,0,0,,0,search_360,0.011800002539530396,1,,
1787922364.4277086,264,0.052491188049316406,19.050816663941426,1.995086669921875,17.255799990380183,0.0044000043999403715,1,,0,,0,0,17.225899995537475,1,search_360,0.01300001167692244,1,,
1787922364.4819353,266,0.05422663688659668,18.441121511763388,0.9965896606445312,0.03519997699186206,0.006000016583129764,1,,0,,0,0,,0,search_360,0.012299977242946625,1,,
1787922364.5635762,267,0.08164095878601074,12.248753748974234,3.2927989959716797,20.624900003895164,0.004399975296109915,1,4.495700006373227,1,,0,0,16.101699991850182,1,search_360,0.016400008462369442,1,,
1787922364.5887501,268,0.02517390251159668,39.723678104312086,16.22939109802246,0.03260001540184021,0.0047000066842883825,1,,0,,0,0,,0,search_360,0.01179997343569994,1,,
1787922364.6600873,269,0.07133722305297852,14.01792720831523,2.5892257690429688,16.652799997245893,0.0040000013541430235,1,,0,,0,0,16.624700016109273,1,search_360,0.012100004823878407,1,,
1787922364.6769078,270,0.016820430755615234,59.45150956768249,2.536773681640625,0.040399987483397126,0.006300018867477775,1,,0,,0,0,,0,search_360,0.015600002370774746,1,,
1787922364.7386208,271,0.06171298027038574,16.204046468322495,7.984161376953125,23.325899994233623,0.007800001185387373,1,4.971199989086017,1,,0,0,18.323399999644607,1,search_360,0.01610000617802143,1,,
1787922364.7481387,272,0.009517908096313477,105.06510357956965,7.016420364379883,0.04060001811012626,0.006699992809444666,1,,0,,0,0,,0,search_360,0.01580000389367342,1,,
1787922364.826514,273,0.07837533950805664,12.75911538344538,0.9946823120117188,19.40600000671111,0.0045000051613897085,1,,0,,0,0,19.376000011106953,1,search_360,0.012999982573091984,1,,
1787922364.8410437,274,0.014529705047607422,68.824521676348,1.0318756103515625,0.03309999010525644,0.0049000082071870565,1,,0,,0,0,,0,search_360,0.012300006346777081,1,,
1787922364.8983676,275,0.05732393264770508,17.444720796559555,1.699686050415039,23.60950000002049,0.0048000074457377195,1,4.728300002170727,1,,0,0,18.8546999997925,1,search_360,0.01479999627918005,1,,
1787922364.9073157,276,0.008948087692260742,111.75572193653247,0.9973049163818359,0.02929999027401209,0.0043000036384910345,1,,0,,0,0,,0,search_360,0.010300020221620798,1,,
1787922364.9941971,277,0.08688139915466309,11.509943552127154,0.9970664978027344,19.707100000232458,0.004999979864805937,1,,0,,0,0,19.67579999472946,1,search_360,0.014100020052865148,1,,
1787922365.0072198,278,0.013022661209106445,76.7892202632687,1.0302066802978516,0.034199998481199145,0.004799978341907263,1,,0,,0,0,,0,search_360,0.011900003300979733,1,,
1787922365.066723,279,0.05950331687927246,16.805785835921064,1.0902881622314453,24.7160000144504,0.005499983672052622,1,4.912300006253645,1,,0,0,19.776200002525,1,search_360,0.015100027667358518,1,,
1787922365.0862515,280,0.01952838897705078,51.20750109879377,13.967514038085938,0.03400002606213093,0.0051000097300857306,1,,0,,0,0,,0,search_360,0.012999982573091984,1,,
1787922365.1682725,281,0.08202099800109863,12.191999906982423,9.972333908081055,19.428600004175678,0.0045000051613897085,1,,0,,0,0,19.39739999943413,1,search_360,0.0137000170070678,1,,
1787922365.178278,282,0.010005474090576172,99.94528904351141,7.012605667114258,0.02989999484270811,0.0052000104915350676,1,,0,,0,0,,0,search_360,0.011900003300979733,1,,
1787922365.2352407,283,0.05696272850036621,17.555338838685916,4.4498443603515625,23.845399991841987,0.0046000059228390455,1,4.9217999912798405,1,,0,0,18.89810001011938,1,search_360,0.01409999094903469,1,,
1787922365.2571833,284,0.021942615509033203,45.573418519242885,17.954111099243164,0.03409999771974981,0.005499983672052622,1,,0,,0,0,,0,search_360,0.012300006346777081,1,,
1787922365.3286161,285,0.07143282890319824,13.999165584708171,1.032114028930664,21.947900007944554,0.004499976057559252,1,,0,,0,0,21.916800003964454,1,search_360,0.014200020814314485,1,,
1787922365.3376803,286,0.009064197540283203,110.32416223893945,1.0249614715576172,0.02989999484270811,0.0048000074457377195,1,,0,,0,0,,0,search_360,0.011199997970834374,1,,
1787922365.403884,287,0.06620359420776367,15.104920087295357,8.115291595458984,23.778799979481846,0.007499998901039362,1,4.990499990526587,1,,0,0,18.750199989881366,1,search_360,0.02090001362375915,1,,
1787922365.4138358,288,0.00995182991027832,100.4840324860449,8.012771606445312,0.029499991796910763,0.004799978341907263,1,,0,,0,0,,0,search_360,0.011299998732283711,1,,
1787922365.460643,289,0.046807289123535156,21.364193883580203,1.9955635070800781,18.096900021191686,0.0039000005926936865,1,,0,,0,0,18.06810000562109,1,search_360,0.01309998333454132,1,,
1787922365.4878976,290,0.027254581451416016,36.691078957957906,7.073163986206055,0.03689998993650079,0.006300018867477775,1,,0,,0,0,,0,search_360,0.012999982573091984,1,,
1787922365.5694387,291,0.08154106140136719,12.26375991204884,0.9987354278564453,22.715300001436844,0.0048999791033566,1,4.638300015358254,1,,0,0,18.051399994874373,1,search_360,0.014500023098662496,1,,
1787922365.5814633,292,0.012024641036987305,83.16256567859621,10.992765426635742,0.03579998156055808,0.005600013537332416,1,,0,,0,0,,0,search_360,0.01309998333454132,1,,
1787922365.6302648,293,0.048801422119140625,20.491206128351443,9.493589401245117,18.668800010345876,0.0042000028770416975,1,,0,,0,0,18.640900001628324,1,search_360,0.012400007108226418,1,,
1787922365.6736476,294,0.043382883071899414,23.050565780579355,3.5707950592041016,0.031899980967864394,0.0049000082071870565,1,,0,,0,0,,0,search_360,0.01200000406242907,1,,
1787922365.7279413,295,0.05429363250732422,18.418366092287155,2.034425735473633,22.900799987837672,0.004499976057559252,1,4.811099992366508,1,,0,0,18.065599986584857,1,search_360,0.013500015484169126,1,,
1787922365.7518067,296,0.023865461349487305,41.901557458116464,10.584115982055664,0.09200000204145908,0.0051000097300857306,1,,0,,0,0,,0,search_360,0.05069997860118747,1,,
1787922365.796188,297,0.04438138008117676,22.531971700089713,1.9953250885009766,23.420299985446036,0.0044000043999403715,1,,0,,0,0,23.389099980704486,1,search_360,0.013500015484169126,1,,
1787922365.8435552,298,0.047367095947265625,21.11170169928324,7.86590576171875,0.03159997868351638,0.0047000066842883825,1,,0,,0,0,,0,search_360,0.011800002539530396,1,,
1787922365.8997152,299,0.05615997314453125,17.806276321152016,1.9915103912353516,25.857400003587827,0.005400012014433742,1,5.220299994107336,1,,0,0,20.60770001844503,1,search_360,0.016200006939470768,1,,
1787922365.9106858,300,0.010970592498779297,91.15277958882079,4.9839019775390625,0.031899980967864394,0.0049000082071870565,1,,0,,0,0,,0,search_360,0.012500007869675756,1,,
1787922365.959281,301,0.04859519004821777,20.578168312702687,1.1229515075683594,18.9455000218004,0.0047000066842883825,1,,0,,0,0,18.914600019343197,1,search_360,0.013499986380338669,1,,
1787922366.0068827,302,0.04760169982910156,21.00765316344112,1.0004043579101562,0.03169997944496572,0.0051000097300857306,1,,0,,0,0,,0,search_360,0.011800002539530396,1,,
1787922366.0696633,303,0.06278061866760254,15.928482726406173,1.9941329956054688,24.131199985276908,0.011199997970834374,1,4.995499999495223,1,,0,0,19.102699996437877,1,search_360,0.014999997802078724,1,,
1787922366.0791855,304,0.009522199630737305,105.01775207190967,6.981372833251953,0.027999980375170708,0.0044000043999403715,1,,0,,0,0,,0,search_360,0.011099997209385037,1,,
1787922366.140586,305,0.061400413513183594,16.286535265520403,13.65351676940918,19.735299982130527,0.0047000066842883825,1,,0,,0,0,19.703099998878315,1,search_360,0.013999990187585354,1,,
1787922366.1792288,306,0.03864288330078125,25.87798617966436,1.9922256469726562,0.0418000272475183,0.006299989763647318,1,,0,,0,0,,0,search_360,0.01610000617802143,1,,
1787922366.235619,307,0.05639028549194336,17.733550934812573,4.962444305419922,22.857700008898973,0.0049000082071870565,1,4.585999995470047,1,,0,0,18.245199986267835,1,search_360,0.014899997040629387,1,,
1787922366.2594018,308,0.023782730102539062,42.04731734702061,20.751237869262695,0.0363999861292541,0.0047000066842883825,1,,0,,0,0,,0,search_360,0.01300001167692244,1,,
1787922366.2921991,309,0.03279733657836914,30.49028074613629,0.9932518005371094,18.10380001552403,0.0039000005926936865,1,,0,,0,0,18.076000007567927,1,search_360,0.012100004823878407,1,,
1787922366.3526576,310,0.06045842170715332,16.54029284528415,11.966466903686523,0.0357000099029392,0.005499983672052622,1,,0,,0,0,,0,search_360,0.013800017768517137,1,,
1787922366.4219759,311,0.06931829452514648,14.426206052101175,8.42428207397461,37.9360000079032,0.005299982149153948,1,4.557699983706698,1,,0,0,33.350100013194606,1,search_360,0.01580000389367342,1,,
1787922366.4320977,312,0.010121822357177734,98.79643849813917,24.802684783935547,0.02989999484270811,0.0046000059228390455,1,,0,,0,0,,0,search_360,0.01200000406242907,1,,
1787922366.475617,313,0.04351925849914551,22.97833268504873,1.9941329956054688,33.01790001569316,0.0044000043999403715,1,,0,,0,0,32.98800002085045,1,search_360,0.01309998333454132,1,,
1787922366.485815,314,0.010198116302490234,98.05732454294665,3.042459487915039,0.030800001695752144,0.0048999791033566,1,,0,,0,0,,0,search_360,0.011399999493733048,1,,
1787922366.572932,315,0.08711695671081543,11.478821549282284,12.996673583984375,21.4949999935925,0.005199981387704611,1,5.062100011855364,1,,0,0,16.40699998824857,1,search_360,0.014399993233382702,1,,
1787922366.5827947,316,0.009862661361694336,101.39251093867092,10.931968688964844,0.031000003218650818,0.0053000112529844046,1,,0,,0,0,,0,search_360,0.011600001016631722,1,,
1787922366.645476,317,0.06268143653869629,15.953686692911889,10.317564010620117,32.444899989059195,0.0045000051613897085,1,,0,,0,0,32.41419998812489,1,search_360,0.013400014722719789,1,,
1787922366.6755178,318,0.03004169464111328,33.28707025173804,3.1168460845947266,0.0295999925583601,0.0043000036384910345,1,,0,,0,0,,0,search_360,0.011199997970834374,1,,
1787922366.7471972,319,0.07167935371398926,13.951018643250345,0.9989738464355469,38.08769999886863,0.0049000082071870565,1,4.806799988728017,1,,0,0,33.20910001639277,1,search_360,0.011399999493733048,1,,
1787922366.7696888,320,0.0224916934967041,44.46085841186385,26.024580001831055,0.10580001980997622,0.005999987479299307,1,,0,,0,0,,0,search_360,0.013100012438371778,1,,
1787922366.803158,321,0.033469200134277344,29.87821627012395,0.9999275207519531,21.808100020280108,0.006399990525096655,1,,0,,0,0,21.652600000379607,1,search_360,0.018399994587525725,1,,
1787922366.8462968,322,0.043138742446899414,23.18101880765128,0.9982585906982422,0.09020001743920147,0.0048000074457377195,1,,0,,0,0,,0,search_360,0.012299977242946625,1,,
1787922366.9149735,323,0.06867671012878418,14.560977049203093,15.430212020874023,22.546699998201802,0.0050000089686363935,1,4.623200016794726,1,,0,0,17.84269997733645,1,search_360,0.013999990187585354,1,,
1787922366.9249127,324,0.009939193725585938,100.61178276722318,15.957117080688477,0.09459999273531139,0.0048999791033566,1,,0,,0,0,,0,search_360,0.01400001929141581,1,,
1787922366.97349,325,0.048577308654785156,20.58574317293912,12.775182723999023,17.01350000803359,0.0042000028770416975,1,,0,,0,0,16.930999991018325,1,search_360,0.012899981811642647,1,,
1787922367.0173728,326,0.04388284683227539,22.787947277488616,3.989696502685547,0.08950001210905612,0.0052000104915350676,1,,0,,0,0,,0,search_360,0.012499978765845299,1,,
1787922367.0694144,327,0.05204153060913086,19.215422534566013,0.9973049163818359,22.83010000246577,0.004699977580457926,1,4.910699994070455,1,,0,0,17.837399995187297,1,search_360,0.015099998563528061,1,,
1787922367.0798929,328,0.010478496551513672,95.43353811149034,2.9916763305664062,0.08679999154992402,0.004699977580457926,1,,0,,0,0,,0,search_360,0.011600001016631722,1,,
1787922367.1291149,329,0.04922199249267578,20.316121907271423,0.9970664978027344,18.725300004007295,0.0040000013541430235,1,,0,,0,0,18.69470000383444,1,search_360,0.012200005585327744,1,,
1787922367.1768832,330,0.047768354415893555,20.934361508322727,1.001596450805664,0.034500000765547156,0.004999979864805937,1,,0,,0,0,,0,search_360,0.011600001016631722,1,,
1787922367.2302284,331,0.0533452033996582,18.745827858375122,0.9970664978027344,22.783099993830547,0.0045000051613897085,1,4.7141999821178615,1,,0,0,18.04160000756383,1,search_360,0.012900010915473104,1,,
1787922367.2496738,332,0.019445419311523438,51.425993133889165,9.02104377746582,0.04189999890513718,0.00580001506023109,1,,0,,0,0,,0,search_360,0.015500001609325409,1,,
1787922367.2982557,333,0.048581838607788086,20.58382368096895,6.980419158935547,17.213899991475046,0.0037999998312443495,1,,0,,0,0,17.184199998155236,1,search_360,0.011999974958598614,1,,
1787922367.3436906,334,0.04543495178222656,22.009487427060158,3.024578094482422,0.04069998976774514,0.006100017344579101,1,,0,,0,0,,0,search_360,0.014399993233382702,1,,
1787922367.3992965,335,0.05560588836669922,17.983706930557222,0.0,21.800699993036687,0.004999979864805937,1,4.509699996560812,1,,0,0,17.261400003917515,1,search_360,0.013300013961270452,1,,
1787922367.420602,336,0.021305561065673828,46.93610259394374,10.338306427001953,0.032800016924738884,0.0042000028770416975,1,,0,,0,0,,0,search_360,0.011199997970834374,1,,
1787922367.470235,337,0.049633026123046875,20.14787487510568,10.969400405883789,17.759700014721602,0.0040000013541430235,1,,0,,0,0,17.729400016833097,1,search_360,0.011900003300979733,1,,
1787922367.4838102,338,0.013575077056884766,73.66440689873195,1.5995502471923828,0.02820001100189984,0.0041000021155923605,1,,0,,0,0,,0,search_360,0.009599985787644982,1,,
1787922367.5673203,339,0.08351016044616699,11.974590812151872,5.478382110595703,21.40599998529069,0.0048000074457377195,1,4.583800007821992,1,,0,0,16.794399998616427,1,search_360,0.013599987141788006,1,,
1787922367.577296,340,0.009975671768188477,100.24387562438756,2.9942989349365234,0.030399998649954796,0.0048000074457377195,1,,0,,0,0,,0,search_360,0.010399991879239678,1,,
1787922367.6251328,341,0.0478367805480957,20.904416822001377,0.5705356597900391,18.06519998353906,0.0043000036384910345,1,,0,,0,0,18.034399981843308,1,search_360,0.011600001016631722,1,,
1787922367.6784115,342,0.05327868461608887,18.769232146133433,2.0263195037841797,0.0315000070258975,0.0046000059228390455,1,,0,,0,0,,0,search_360,0.010299991117790341,1,,
1787922367.7395318,343,0.06112027168273926,16.361183817878974,5.982160568237305,23.37209999677725,0.0049000082071870565,1,4.664200008846819,1,,0,0,18.66819997667335,1,hover,0.02579999272711575,1,,
1787922367.7600374,344,0.020505666732788086,48.76700733661214,18.5089111328125,0.04060001811012626,0.004699977580457926,1,,0,,0,0,,0,hover,0.016600009985268116,1,,
1787922367.7978828,345,0.03784537315368652,26.423309289066683,1.981496810913086,18.480500002624467,0.0041000021155923605,1,,0,,0,0,18.45020000473596,1,hover,0.012899981811642647,1,,
1787922367.845118,346,0.04723525047302246,21.170629773015207,1.9955635070800781,0.05020000389777124,0.006499991286545992,1,,0,,0,0,,0,hover,0.021299987565726042,1,,
1787922367.9088573,347,0.06373929977416992,15.688907840892938,10.160684585571289,23.400200007017702,0.005399982910603285,1,4.9405999889131635,1,,0,0,18.42670000041835,1,hover,0.016900012269616127,1,,
1787922367.9188302,348,0.009972810745239258,100.27263381864257,9.972810745239258,0.03670001751743257,0.0052000104915350676,1,,0,,0,0,,0,hover,0.01409999094903469,1,,
1787922367.9787133,349,0.05988311767578125,16.69919734998089,18.226146697998047,20.645800017518923,0.0041000021155923605,1,,0,,0,0,20.61060001142323,1,hover,0.015999976312741637,1,,
1787922368.0099435,350,0.03123021125793457,32.02027651176817,1.0828971862792969,0.0433000095654279,0.0049000082071870565,1,,0,,0,0,,0,hover,0.019899976905435324,1,,
1787922368.0635574,351,0.053613901138305664,18.65187906062533,0.9601116180419922,23.784899996826425,0.0047000066842883825,1,4.702199978055432,1,,0,0,19.0535000001546,1,hover,0.015300000086426735,1,,
1787922368.0755594,352,0.012001991271972656,83.31950735001986,1.9948482513427734,0.044199987314641476,0.0049000082071870565,1,,0,,0,0,,0,hover,0.017399986973032355,1,,
1787922368.1351094,353,0.05955004692077637,16.792598019786123,11.721134185791016,18.313600012334064,0.0046000059228390455,1,,0,,0,0,18.276499991770834,1,hover,0.01619997783564031,1,,
1787922368.175004,354,0.03989458084106445,25.066061076913883,0.9968280792236328,0.03850000211969018,0.0046000059228390455,1,,0,,0,0,,0,hover,0.015099998563528061,1,,
1787922368.2330444,355,0.05804038047790527,17.229383952448046,2.0265579223632812,23.14279999700375,0.005599984433501959,1,4.601200023898855,1,,0,0,18.507699976908043,1,hover,0.017600017599761486,1,,
1787922368.257206,356,0.024161577224731445,41.38802656377971,14.163494110107422,0.03700001980178058,0.0042000028770416975,1,,0,,0,0,,0,hover,0.015199999324977398,1,,
1787922368.2975643,357,0.04035830497741699,24.778047555752472,2.0270347595214844,19.19580000685528,0.006500020390376449,1,,0,,0,0,19.143400015309453,1,hover,0.02139998832717538,1,,
1787922368.3491125,358,0.05154824256896973,19.3993034517527,4.892826080322266,0.039000005926936865,0.0049000082071870565,1,,0,,0,0,,0,hover,0.015700003132224083,1,,
1787922368.4026632,359,0.05355072021484375,18.673885168827468,4.952669143676758,22.042199998395517,0.0043000036384910345,1,4.547599994111806,1,,0,0,17.467500001657754,1,hover,0.013899989426136017,1,,
1787922368.4264417,360,0.023778438568115234,42.05490605009325,16.988277435302734,0.03850000211969018,0.0048000074457377195,1,,0,,0,0,,0,hover,0.016099977074190974,1,,
1787922368.4618876,361,0.0354459285736084,28.21198485245946,1.3861656188964844,18.411099998047575,0.0041000021155923605,1,,0,,0,0,18.37790000718087,1,hover,0.014599994756281376,1,,
1787922368.482409,362,0.02052140235900879,48.729613235277036,0.5395412445068359,0.03739999374374747,0.0048999791033566,1,,0,,0,0,,0,hover,0.01470002462156117,1,,
1787922368.573673,363,0.09126400947570801,10.957221863742166,9.974479675292969,22.774199984269217,0.0048000074457377195,1,4.556100000627339,1,,0,0,18.141599983209744,1,hover,0.034500000765547156,1,,
1787922368.5970268,364,0.02335381507873535,42.8195563178259,21.391630172729492,0.03409999771974981,0.004199973773211241,1,,0,,0,0,,0,hover,0.013100012438371778,1,,
1787922368.6269794,365,0.029952526092529297,33.38616572474727,1.031637191772461,18.046999990474433,0.0109999964479357,1,,0,,0,0,17.97179999994114,1,hover,0.03229998401366174,1,,
1787922368.6782951,366,0.0513157844543457,19.487181393274298,1.9953250885009766,0.05219999002292752,0.006799993570894003,1,,0,,0,0,,0,hover,0.021700019715353847,1,,
1787922368.7356508,367,0.057355642318725586,17.43507629891049,0.9970664978027344,24.353799992240965,0.004799978341907263,1,4.5569999783765525,1,,0,0,19.765300006838515,1,hover,0.01650000922381878,1,,
1787922368.7530384,368,0.01738762855529785,57.512155658242946,10.973453521728516,0.03540000761859119,0.0051000097300857306,1,,0,,0,0,,0,hover,0.015500001609325409,1,,
1787922368.8027012,369,0.04966282844543457,20.13578427371928,8.945703506469727,18.51249998435378,0.0039000005926936865,1,,0,,0,0,18.482599989511073,1,hover,0.014599994756281376,1,,
1787922368.844862,370,0.042160749435424805,23.718743461418835,1.0285377502441406,0.12599999899975955,0.010299991117790341,1,,0,,0,0,,0,hover,0.030399998649954796,1,,
1787922368.91489,371,0.07002806663513184,14.27998869667948,2.043485641479492,39.309200015850365,0.0046000059228390455,1,4.783700016560033,1,,0,0,34.498399996664375,1,hover,0.01650000922381878,1,,
1787922368.9249074,372,0.01001739501953125,99.82635186595583,15.967845916748047,0.03200001083314419,0.0042000028770416975,1,,0,,0,0,,0,hover,0.01409999094903469,1,,
1787922368.9617047,373,0.036797285079956055,27.175917946857243,0.9975433349609375,19.370900001376867,0.0046000059228390455,1,,0,,0,0,19.337300007464364,1,hover,0.016399979358538985,1,,
1787922369.0147188,374,0.05301403999328613,18.86292763438974,4.998207092285156,0.03749999450519681,0.0044000043999403715,1,,0,,0,0,,0,hover,0.015799974789842963,1,,
1787922369.086295,375,0.07157611846923828,13.971140394121488,4.986047744750977,40.61490000458434,0.0046000059228390455,1,5.41670000529848,1,,0,0,35.16909998143092,1,hover,0.017699989257380366,1,,
1787922369.1075435,376,0.021248579025268555,47.06197053510317,31.256675720214844,0.03630001447163522,0.0052000104915350676,1,,0,,0,0,,0,hover,0.015199999324977398,1,,
1787922369.153926,377,0.04638242721557617,21.55988938121331,8.975744247436523,36.713499983306974,0.0046000059228390455,1,,0,,0,0,36.67519998271018,1,hover,0.02020000829361379,1,,
1787922369.1788595,378,0.024933576583862305,40.10656059055833,0.9961128234863281,0.09019998833537102,0.01170000177808106,1,,0,,0,0,,0,hover,0.042100000428035855,1,,
1787922369.2501497,379,0.07129025459289551,14.027162698611766,0.99945068359375,39.064900018274784,0.0045000051613897085,1,4.69230001908727,1,,0,0,34.346000000368804,1,hover,0.016099977074190974,1,,
1787922369.2631152,380,0.01296544075012207,77.12811459884887,19.94609832763672,0.029499991796910763,0.0037999998312443495,1,,0,,0,0,,0,hover,0.01300001167692244,1,,
1787922369.3124406,381,0.04932546615600586,20.273503282000714,1.0018348693847656,34.151799976825714,0.0042000028770416975,1,,0,,0,0,34.12009999738075,1,hover,0.015199999324977398,1,,
1787922369.3434362,382,0.030995607376098633,32.26263605245952,1.0294914245605469,0.032400013878941536,0.0047000066842883825,1,,0,,0,0,,0,hover,0.013399985618889332,1,,
1787922369.4122772,383,0.06884098052978516,14.526231211470527,1.0325908660888672,36.362500017276034,0.004599976819008589,1,4.336600017268211,1,,0,0,31.99950000271201,1,hover,0.015600002370774746,1,,
1787922369.4334888,384,0.021211624145507812,47.1439618739322,27.19426155090332,0.032199983252212405,0.0045000051613897085,1,,0,,0,0,,0,hover,0.013699987903237343,1,,
1787922369.4769685,385,0.04347968101501465,22.999248767595013,1.9936561584472656,31.514000002061948,0.0039000005926936865,1,,0,,0,0,31.483800004934892,1,hover,0.014599994756281376,1,,
1787922369.4949641,386,0.017995595932006836,55.569151684574514,13.009071350097656,0.03540000761859119,0.0046000059228390455,1,,0,,0,0,,0,hover,0.015300000086426735,1,,
1787922369.5666845,387,0.07172036170959473,13.943041782877962,0.9965896606445312,22.318400006042793,0.005500012775883079,1,4.761399992275983,1,,0,0,17.525100003695115,1,hover,0.019499973859637976,1,,
1787922369.5776546,388,0.010970115661621094,91.15674171955142,3.988981246948242,0.03259998629800975,0.004599976819008589,1,,0,,0,0,,0,hover,0.01400001929141581,1,,
1787922369.640942,389,0.06328749656677246,15.800909409411295,1.7671585083007812,33.499900018796325,0.0044000043999403715,1,,0,,0,0,33.467400004155934,1,hover,0.016300007700920105,1,,
1787922369.6738532,390,0.032911062240600586,30.384920203710546,0.9961128234863281,0.0337999954354018,0.0045000051613897085,1,,0,,0,0,,0,hover,0.014499993994832039,1,,
1787922369.7342186,391,0.06036543846130371,16.565770505270724,0.9989738464355469,24.374200002057478,0.004999979864805937,1,5.17230000696145,1,,0,0,19.172600004822016,1,hover,0.017200014553964138,1,,
1787922369.7458997,392,0.011681079864501953,85.60852349267257,1.9941329956054688,0.03840000135824084,0.006199989002197981,1,,0,,0,0,,0,hover,0.01650000922381878,1,,
1787922369.7943475,393,0.04844784736633301,20.64075195000123,1.0328292846679688,18.00619999994524,0.0048000074457377195,1,,0,,0,0,17.970799992326647,1,hover,0.017499987734481692,1,,
1787922369.851618,394,0.05727052688598633,17.460988301902503,10.936260223388672,0.037299992982298136,0.004999979864805937,1,,0,,0,0,,0,hover,0.01580000389367342,1,,
1787922369.9179153,395,0.06629729270935059,15.08357218120552,1.0313987731933594,39.55139999743551,0.0041000021155923605,1,4.94849999086,1,,0,0,34.57760001765564,1,hover,0.015600002370774746,1,,
1787922369.9268913,396,0.008975982666015625,111.40841478963026,20.943403244018555,0.027999980375170708,0.0037999998312443495,1,,0,,0,0,,0,hover,0.01200000406242907,1,,
1787922369.9765158,397,0.04962444305419922,20.15135966176612,2.9926300048828125,33.33289999864064,0.0040000013541430235,1,,0,,0,0,33.30219999770634,1,hover,0.015500001609325409,1,,
1787922370.0089207,398,0.03240489959716797,30.859530886724155,1.9946098327636719,0.0337999954354018,0.004499976057559252,1,,0,,0,0,,0,hover,0.014500023098662496,1,,
1787922370.0734055,399,0.06448483467102051,15.507522118985909,9.93800163269043,22.98700000392273,0.0044000043999403715,1,4.49659998412244,1,,0,0,18.464299995684996,1,hover,0.01610000617802143,1,,
1787922370.0823824,400,0.008976936340332031,111.39657919898013,5.986452102661133,0.030199997127056122,0.0046000059228390455,1,,0,,0,0,,0,hover,0.013100012438371778,1,,
1787922370.129289,401,0.046906471252441406,21.319020026430824,0.9965896606445312,18.019899987848476,0.0042000028770416975,1,,0,,0,0,17.98829998006113,1,hover,0.015500001609325409,1,,
1787922370.1792688,402,0.04997992515563965,20.008033163034092,0.9965896606445312,0.042800005758181214,0.005900015821680427,1,,0,,0,0,,0,hover,0.019099999917671084,1,,
1787922370.2325182,403,0.053249359130859375,18.779568737015545,1.5883445739746094,22.367199999280274,0.0048999791033566,1,4.470299987588078,1,,0,0,17.86940000602044,1,hover,0.016600009985268116,1,,
1787922370.244019,404,0.011500835418701172,86.95020523238941,0.9610652923583984,0.03480000304989517,0.004299974534660578,1,,0,,0,0,,0,hover,0.017200014553964138,1,,
1787922370.301936,405,0.057916879653930664,17.26612355457124,8.230447769165039,18.94539999193512,0.0044000043999403715,1,,0,,0,0,18.911799998022616,1,hover,0.016399979358538985,1,,
1787922370.3459287,406,0.04399275779724121,22.731014150304304,4.700899124145508,0.03530000685714185,0.0045000051613897085,1,,0,,0,0,,0,hover,0.014899997040629387,1,,
1787922370.3994212,407,0.05349254608154297,18.69419336435435,0.9982585906982422,22.63310001580976,0.0046000059228390455,1,4.587400006130338,1,,0,0,18.02079999470152,1,hover,0.014699995517730713,1,,
1787922370.4129977,408,0.013576507568359375,73.65664512503513,2.9916763305664062,0.04360001184977591,0.007099995855242014,1,,0,,0,0,,0,hover,0.0185999961104244,1,,
1787922370.4717853,409,0.05878758430480957,17.01039448763652,10.004281997680664,17.580999992787838,0.0042000028770416975,1,,0,,0,0,17.54829997662455,1,hover,0.017399986973032355,1,,
1787922370.4840374,410,0.012252092361450195,81.61871217575745,1.9922256469726562,0.03330002073198557,0.0047000066842883825,1,,0,,0,0,,0,hover,0.013599987141788006,1,,
1787922370.5699549,411,0.08591747283935547,11.639076045331942,5.950450897216797,23.204299999633804,0.005399982910603285,1,4.70259998110123,1,,0,0,18.47249999991618,1,hover,0.0171000137925148,1,,
1787922370.579378,412,0.009423017501831055,106.12311818434836,5.433320999145508,0.0371999922208488,0.0049000082071870565,1,,0,,0,0,,0,hover,0.01650000922381878,1,,
1787922370.6281753,413,0.0487973690032959,20.492908130609614,4.95600700378418,17.902799998410046,0.0040000013541430235,1,,0,,0,0,17.86970000830479,1,hover,0.016299978597089648,1,,
1787922370.6767836,414,0.04860830307006836,20.572616957199894,1.9946098327636719,0.05800000508315861,0.008100003469735384,1,,0,,0,0,,0,hover,0.023900007363408804,1,,
1787922370.7403505,415,0.06356692314147949,15.731451997044472,10.132551193237305,22.408399992855266,0.0048999791033566,1,4.762500000651926,1,,0,0,17.61650000116788,1,hover,0.017600017599761486,1,,
1787922370.7656014,416,0.025250911712646484,39.6025304503824,24.230003356933594,0.0323000131174922,0.0043000036384910345,1,,0,,0,0,,0,hover,0.013999990187585354,1,,
1787922370.7994807,417,0.03387928009033203,29.516565798733286,6.011724472045898,18.269300024257973,0.0040000013541430235,1,,0,,0,0,18.237400014186278,1,hover,0.015500001609325409,1,,
1787922370.842183,418,0.042702436447143555,23.417867531698928,0.9944438934326172,0.0337999954354018,0.004999979864805937,1,,0,,0,0,,0,hover,0.014600023860111833,1,,
1787922370.9036214,419,0.06143832206726074,16.276486179183596,2.028226852416992,25.380600010976195,0.004699977580457926,1,4.6722000115551054,1,,0,0,20.682200003648177,1,hover,0.01610000617802143,1,,
1787922370.9137478,420,0.010126352310180664,98.75224260118193,6.136894226074219,0.0337999954354018,0.0047000066842883825,1,,0,,0,0,,0,hover,0.014899997040629387,1,,
1787922370.9711754,421,0.05742764472961426,17.413216312601456,9.006023406982422,19.849299977067858,0.0043000036384910345,1,,0,,0,0,19.818999979179353,1,hover,0.014499993994832039,1,,
1787922371.0142126,422,0.04303717613220215,23.23572524666087,8.975505828857422,0.03640001523308456,0.0048000074457377195,1,,0,,0,0,,0,hover,0.015699974028393626,1,,
1787922371.0672772,423,0.053064584732055664,18.844960439234576,2.5031566619873047,23.218799993628636,0.0051000097300857306,1,4.6898000000510365,1,,0,0,18.500300007872283,1,hover,0.016900012269616127,1,,
1787922371.0906477,424,0.02337050437927246,42.78897809697724,14.88494873046875,0.06520000169984996,0.005099980626255274,1,,0,,0,0,,0,hover,0.04350001108832657,1,,
1787922371.1412897,425,0.05064201354980469,19.746450227863356,12.965679168701172,19.1865999950096,0.0049000082071870565,1,,0,,0,0,19.149400002788752,1,hover,0.018099992303177714,1,,
1787922371.179597,426,0.03830718994140625,26.10476000796654,1.993417739868164,0.038300000596791506,0.005499983672052622,1,,0,,0,0,,0,hover,0.01580000389367342,1,,
1787922371.2356224,427,0.05602550506591797,17.84901356665021,5.984306335449219,21.474800014402717,0.0047000066842883825,1,4.290799988666549,1,,0,0,17.155900015495718,1,hover,0.01689998316578567,1,,
1787922371.2595577,428,0.023935317993164062,41.779265280102,17.951488494873047,0.03409999771974981,0.0046000059228390455,1,,0,,0,0,,0,hover,0.014399993233382702,1,,
1787922371.295617,429,0.03605937957763672,27.73203565100103,1.4505386352539062,17.6783999777399,0.0037999998312443495,1,,0,,0,0,17.647899978328496,1,hover,0.014999997802078724,1,,
1787922371.3512995,430,0.05568242073059082,17.95898933414401,11.516571044921875,0.03329999162815511,0.0040000013541430235,1,,0,,0,0,,0,hover,0.014399993233382702,1,,
1787922371.4064105,431,0.055110931396484375,18.14522046099536,8.975744247436523,22.383800009265542,0.005900015821680427,1,4.449400003068149,1,,0,0,17.90360000450164,1,hover,0.017999991541728377,1,,
1787922371.4149606,432,0.008550167083740234,116.95677876303608,7.551670074462891,0.03369999467395246,0.0048000074457377195,1,,0,,0,0,,0,hover,0.01479999627918005,1,,
1787922371.4662323,433,0.051271677017211914,19.503945612395313,6.981134414672852,19.272000005003065,0.0037999998312443495,1,,0,,0,0,19.23849998274818,1,hover,0.017699989257380366,1,,
1787922371.4928243,434,0.026592016220092773,37.60527188774824,12.471199035644531,0.03619998460635543,0.0051000097300857306,1,,0,,0,0,,0,hover,0.01479999627918005,1,,
1787922371.5645692,435,0.07174491882324219,13.938269307457132,0.0,22.76609998079948,0.0046000059228390455,1,4.83150000218302,1,,0,0,17.90679999976419,1,hover,0.016600009985268116,1,,
1787922371.5859816,436,0.021412372589111328,46.701970827302084,11.437177658081055,0.04859999171458185,0.006999995093792677,1,,0,,0,0,,0,hover,0.02120001590810716,1,,
1787922371.6348903,437,0.04890871047973633,20.44625569129074,10.002374649047852,17.8711999906227,0.0035999983083456755,1,,0,,0,0,17.840599990449846,1,hover,0.015199999324977398,1,,
1787922371.679811,438,0.04492068290710449,22.26146031813429,6.984233856201172,0.04859999171458185,0.006099988240748644,1,,0,,0,0,,0,hover,0.02060001133941114,1,,
1787922371.7352715,439,0.055460453033447266,18.03086605507742,3.699064254760742,24.26720000221394,0.0044000043999403715,1,5.3087999986018986,1,,0,0,18.929999991087243,1,hover,0.017499987734481692,1,,
1787922371.7442806,440,0.009009122848510742,110.99859740122264,3.025054931640625,0.032199983252212405,0.0049000082071870565,1,,0,,0,0,,0,hover,0.013399985618889332,1,,
1787922371.7968178,441,0.05253720283508301,19.03413097836692,1.9986629486083984,18.30530000734143,0.008100003469735384,1,,0,,0,0,18.253699992783368,1,hover,0.02400000812485814,1,,
1787922371.845706,442,0.048888206481933594,20.454830969705245,2.2220611572265625,0.03860000288113952,0.005199981387704611,1,,0,,0,0,,0,hover,0.01680001150816679,1,,
1787922371.903211,443,0.057505130767822266,17.389752647246613,3.956317901611328,23.087199981091544,0.0050000089686363935,1,4.573499987600371,1,,0,0,18.487900000764057,1,hover,0.015400000847876072,1,,
1787922371.911167,444,0.007955789566040039,125.69462674937816,2.994060516357422,0.03589998232200742,0.0049000082071870565,1,,0,,0,0,,0,hover,0.015500001609325409,1,,
1787922371.9624848,445,0.05131793022155762,19.4863665717352,0.9973049163818359,18.67419999325648,0.0039000005926936865,1,,0,,0,0,18.64140000543557,1,hover,0.016200006939470768,1,,
1787922372.020773,446,0.0582880973815918,17.156161290586475,12.970209121704102,0.04900002386420965,0.006999995093792677,1,,0,,0,0,,0,hover,0.022099993657320738,1,,
1787922372.0673182,447,0.04654526710510254,21.484461518760405,2.706289291381836,22.045099991373718,0.004999979864805937,1,4.884699999820441,1,,0,0,17.132099979789928,1,hover,0.017200014553964138,1,,
1787922372.075301,448,0.007982730865478516,125.27041395376621,0.0,0.028399983420968056,0.0044000043999403715,1,,0,,0,0,,0,hover,0.011900003300979733,1,,
1787922372.1371083,449,0.06180739402770996,16.179294010546254,5.936145782470703,23.18099999683909,0.0046000059228390455,1,,0,,0,0,23.149699991336092,1,hover,0.014899997040629387,1,,
1787922372.1790512,450,0.04194283485412598,23.841974522655054,1.9876956939697266,0.04780001472681761,0.00689999433234334,1,,0,,0,0,,0,hover,0.021099986042827368,1,,
1787922372.232995,451,0.05394387245178223,18.537786676213333,0.5168914794921875,23.161399993114173,0.005799985956400633,1,4.54849997186102,1,,0,0,18.578200018964708,1,hover,0.020800012862309813,1,,
1787922372.2443523,452,0.011357307434082031,88.04903854227895,1.9948482513427734,0.045900000259280205,0.008600007276982069,1,,0,,0,0,,0,hover,0.021000014385208488,1,,
1787922372.3011024,453,0.05675005912780762,17.6211270150025,7.9784393310546875,17.594699980691075,0.0047000066842883825,1,,0,,0,0,17.560299980686978,1,hover,0.016300007700920105,1,,
1787922372.3417208,454,0.0406184196472168,24.619372409987907,0.9975433349609375,0.059900019550696015,0.028600014047697186,1,,0,,0,0,,0,hover,0.015400000847876072,1,,
1787922372.4003263,455,0.05860543251037598,17.06326456720462,2.0308494567871094,23.589499993249774,0.0048000074457377195,1,4.704999999376014,1,,0,0,18.8579999958165,1,hover,0.015900004655122757,1,,
1787922372.4208555,456,0.02052927017211914,48.71093768146238,11.550426483154297,0.03510000533424318,0.004699977580457926,1,,0,,0,0,,0,hover,0.014600023860111833,1,,
1787922372.4618378,457,0.04098224639892578,24.400809810811438,0.0,18.369700002949685,0.0040000013541430235,1,,0,,0,0,18.33930000429973,1,hover,0.014899997040629387,1,,
1787922372.482568,458,0.020730257034301758,48.23866864483778,0.9953975677490234,0.03129997639916837,0.0044000043999403715,1,,0,,0,0,,0,hover,0.012800010154023767,1,,
1787922372.5721743,459,0.08960628509521484,11.159931459466362,1.995086669921875,23.09669999522157,0.0048000074457377195,1,4.72630001604557,1,,0,0,18.34199999575503,1,hover,0.017000013031065464,1,,
1787922372.5899632,460,0.01778888702392578,56.2148716024232,14.79196548461914,0.03500000457279384,0.0042000028770416975,1,,0,,0,0,,0,hover,0.014899997040629387,1,,
1787922372.6269011,461,0.03693795204162598,27.07242672449961,0.9989738464355469,17.94960000552237,0.0039000005926936865,1,,0,,0,0,17.918199999257922,1,hover,0.014899997040629387,1,,
1787922372.6840773,462,0.05717611312866211,17.489821278157237,9.940385818481445,0.0481999886687845,0.006399990525096655,1,,0,,0,0,,0,hover,0.021700019715353847,1,,
1787922372.7359743,463,0.05189704895019531,19.2689183725973,6.235599517822266,21.587700000964105,0.0041000021155923605,1,4.564100003335625,1,,0,0,16.99850001023151,1,hover,0.015099998563528061,1,,
1787922372.7459152,464,0.009940862655639648,100.59489147379782,4.95147705078125,0.030399998649954796,0.0043000036384910345,1,,0,,0,0,,0,hover,0.013699987903237343,1,,
1787922372.793145,465,0.047229766845703125,21.17308779581617,2.006053924560547,17.033100011758506,0.0041000021155923605,1,,0,,0,0,16.99870001175441,1,hover,0.016600009985268116,1,,
1787922372.8535285,466,0.06038355827331543,16.560799472493457,10.045528411865234,0.04119999357499182,0.00869997893460095,1,,0,,0,0,,0,hover,0.015900004655122757,1,,
1787922372.906849,467,0.05332040786743164,18.754545210649162,10.116815567016602,22.196900012204424,0.0045000051613897085,1,4.707599990069866,1,,0,0,17.461500014178455,1,hover,0.016999983927235007,1,,
1787922372.9298103,468,0.02296137809753418,43.55139294132306,20.275592803955078,0.03190001007169485,0.0045000051613897085,1,,0,,0,0,,0,hover,0.013399985618889332,1,,
1787922372.964267,469,0.034456729888916016,29.021906699326053,1.9958019256591797,18.172500014770776,0.0041000021155923605,1,,0,,0,0,18.14100000774488,1,hover,0.015300000086426735,1,,
1787922373.008306,470,0.044039011001586914,22.707140266250885,3.0465126037597656,0.03840000135824084,0.005699985194951296,1,,0,,0,0,,0,hover,0.016200006939470768,1,,
1787922373.0661983,471,0.0578923225402832,17.273447602731263,0.0,24.85680000972934,0.004599976819008589,1,4.997699987143278,1,,0,0,19.83130001462996,1,hover,0.017200014553964138,1,,
1787922373.0849054,472,0.0187070369720459,53.45581994060895,10.068655014038086,0.03339999238960445,0.0046000059228390455,1,,0,,0,0,,0,hover,0.013900018529966474,1,,
1787922373.1352112,473,0.050305843353271484,19.878406430392705,8.97669792175293,18.51690001785755,0.0043000036384910345,1,,0,,0,0,18.484200001694262,1,hover,0.016099977074190974,1,,
1787922373.1772323,474,0.04202103614807129,23.797604525415746,1.9888877868652344,0.04880002234131098,0.00589998671784997,1,,0,,0,0,,0,hover,0.021700019715353847,1,,
1787922373.231734,475,0.05450177192687988,18.348027314444195,3.342151641845703,21.3023999822326,0.0044000043999403715,1,4.506800003582612,1,,0,0,16.766999993706122,1,hover,0.01819999306462705,1,,
1787922373.2556713,476,0.023937225341796875,41.77593625498008,15.957355499267578,0.039000005926936865,0.0048999791033566,1,,0,,0,0,,0,hover,0.016400008462369442,1,,
1787922373.3052278,477,0.04955649375915527,20.1789901614106,12.629508972167969,18.477799982065335,0.007100024959072471,1,,0,,0,0,18.433499993989244,1,hover,0.02509998739697039,1,,
1787922373.3501902,478,0.044962406158447266,22.240802604647218,9.076833724975586,0.03359999391250312,0.0042000028770416975,1,,0,,0,0,,0,hover,0.014499993994832039,1,,
1787922373.4040215,479,0.05383133888244629,18.576539628407556,9.006500244140625,22.02989999204874,0.0051000097300857306,1,4.613799974322319,1,,0,0,17.388900014339015,1,hover,0.01610000617802143,1,,
1787922373.4276876,480,0.0236661434173584,42.25445533582503,20.430326461791992,0.03619998460635543,0.0044000043999403715,1,,0,,0,0,,0,hover,0.01580000389367342,1,,
1787922373.4620168,481,0.03432917594909668,29.129740879384943,2.9916763305664062,18.17169997957535,0.0040000013541430235,1,,0,,0,0,18.141899985494092,1,hover,0.014800025383010507,1,,
1787922373.4888926,482,0.026875734329223633,37.20828565092038,6.976842880249023,0.03560000914148986,0.0046000059228390455,1,,0,,0,0,,0,hover,0.015600002370774746,1,,
1787922373.5747087,483,0.0858161449432373,11.652818949877618,8.97359848022461,22.931200015591457,0.004799978341907263,1,4.986599989933893,1,,0,0,17.918200028361753,1,hover,0.015700003132224083,1,,
1787922373.5865717,484,0.011862993240356445,84.29575738087104,11.862993240356445,0.029999995604157448,0.004199973773211241,1,,0,,0,0,,0,hover,0.012900010915473104,1,,
1787922373.6288054,485,0.04223370552062988,23.677770815339194,1.031637191772461,18.75099999597296,0.0040000013541430235,1,,0,,0,0,18.71559998835437,1,hover,0.016499980119988322,1,,
1787922373.6768854,486,0.0480799674987793,20.7986829447293,1.0273456573486328,0.03369999467395246,0.004699977580457926,1,,0,,0,0,,0,hover,0.014300021575763822,1,,
1787922373.7304862,487,0.05360078811645508,18.656442099831864,0.9617805480957031,23.26119999634102,0.0044000043999403715,1,4.672199982451275,1,,0,0,18.563299992820248,1,hover,0.015700003132224083,1,,
1787922373.7435322,488,0.013046026229858398,76.65169319614759,1.0309219360351562,0.03560000914148986,0.0051000097300857306,1,,0,,0,0,,0,hover,0.015099998563528061,1,,
1787922373.7970316,489,0.053499460220336914,18.691777372734443,2.991199493408203,19.45619998150505,0.0042000028770416975,1,,0,,0,0,19.424400001298636,1,hover,0.015300000086426735,1,,
1787922373.846735,490,0.049703359603881836,20.119364324054665,5.950927734375,0.051000009989365935,0.006299989763647318,1,,0,,0,0,,0,hover,0.019700004486367106,1,,
1787922373.9002655,491,0.05353045463562012,18.68095473514963,2.3276805877685547,23.448200023267418,0.0046000059228390455,1,5.223700019996613,1,,0,0,18.19699999759905,1,hover,0.016400008462369442,1,,
1787922373.9234583,492,0.023192882537841797,43.11667591850161,18.207550048828125,0.03359999391250312,0.004799978341907263,1,,0,,0,0,,0,hover,0.014500023098662496,1,,
1787922373.9590402,493,0.03558182716369629,28.104234091167978,0.0,18.08449998497963,0.0041000021155923605,1,,0,,0,0,18.05459999013692,1,hover,0.014200020814314485,1,,
1787922373.9769971,494,0.017956972122192383,55.6886758633509,1.995086669921875,0.03270001616328955,0.0045000051613897085,1,,0,,0,0,,0,hover,0.014199991710484028,1,,
1787922374.0731978,495,0.09620070457458496,10.394934261886764,7.679224014282227,25.682699983008206,0.0049000082071870565,1,5.436399980681017,1,,0,0,20.216200005961582,1,hover,0.01819999306462705,1,,
1787922374.0822263,496,0.009028434753417969,110.7611703813246,8.031129837036133,0.030800001695752144,0.0043000036384910345,1,,0,,0,0,,0,hover,0.013200013199821115,1,,
1787922374.1296809,497,0.0474545955657959,21.072774682348687,1.9943714141845703,19.53319998574443,0.0039000005926936865,1,,0,,0,0,19.501399976434186,1,hover,0.01619997783564031,1,,
1787922374.1439667,498,0.014285802841186523,69.99956608087585,1.3194084167480469,0.036699988413602114,0.0051000097300857306,1,,0,,0,0,,0,hover,0.016200006939470768,1,,
1787922374.234318,499,0.09035134315490723,11.067904085116938,1.9953250885009766,23.675000004004687,0.0043000036384910345,1,4.599299980327487,1,,0,0,19.048700021812692,1,hover,0.016000005416572094,1,,
1787922374.2422965,500,0.007978439331054688,125.337795840306,0.9963512420654297,0.028799986466765404,0.0039000005926936865,1,,0,,0,0,,0,hover,0.01270000939257443,1,,
1787922374.2953818,501,0.0530853271484375,18.83759701063524,1.9948482513427734,18.459999992046505,0.004399975296109915,1,,0,,0,0,18.42829998349771,1,hover,0.015300000086426735,1,,
1787922374.3088567,502,0.01347494125366211,74.21182632081815,0.9992122650146484,0.04429998807609081,0.005400012014433742,1,,0,,0,0,,0,hover,0.023200002033263445,1,,
1787922374.4066954,503,0.0978386402130127,10.220910652711611,9.011268615722656,22.708200005581602,0.0044000043999403715,1,4.676599986851215,1,,0,0,18.00149999326095,1,hover,0.019400002202019095,1,,
1787922374.414686,504,0.007990598678588867,125.14706847680144,7.990598678588867,0.02780000795610249,0.0041000021155923605,1,,0,,0,0,,0,hover,0.012100004823878407,1,,
1787922374.4627001,505,0.048014163970947266,20.82718759000129,0.9977817535400391,18.522700003813952,0.0041000021155923605,1,,0,,0,0,18.491000024368986,1,hover,0.015700003132224083,1,,
1787922374.4760828,506,0.013382673263549805,74.72348613065864,1.1467933654785156,0.03170000854879618,0.004399975296109915,1,,0,,0,0,,0,hover,0.013200013199821115,1,,
1787922374.5399444,507,0.06386160850524902,15.658860204214967,0.9982585906982422,23.901999986264855,0.0048000074457377195,1,5.016300012357533,1,,0,0,18.856799986679107,1,hover,0.017399986973032355,1,,
1787922374.58561,508,0.04566550254821777,21.898368444409638,11.002540588378906,0.03819999983534217,0.0048000074457377195,1,,0,,0,0,,0,hover,0.01689998316578567,1,,
1787922374.6267784,509,0.0411684513092041,24.29044494506958,1.0008811950683594,18.121099972631782,0.0041000021155923605,1,,0,,0,0,18.08899999014102,1,hover,0.015300000086426735,1,,
1787922374.6467252,510,0.019946813583374023,50.133320583770605,4.027128219604492,0.040099985199049115,0.004999979864805937,1,,0,,0,0,,0,hover,0.018499995348975062,1,,
1787922374.7328765,511,0.0861513614654541,11.607477618342582,3.5049915313720703,23.848299984820187,0.004399975296109915,1,5.055299989180639,1,,0,0,18.766599998343736,1,hover,0.01580000389367342,1,,
1787922374.755272,512,0.02239537239074707,44.65208180298723,14.417409896850586,0.03709999145939946,0.0052000104915350676,1,,0,,0,0,,0,hover,0.015900004655122757,1,,
1787922374.805674,513,0.050402164459228516,19.840417782234795,11.996746063232422,19.443700002739206,0.0039000005926936865,1,,0,,0,0,19.413000001804903,1,hover,0.014899997040629387,1,,
1787922374.8182583,514,0.012584209442138672,79.46466598461596,9.628057479858398,0.0363999861292541,0.0051000097300857306,1,,0,,0,0,,0,hover,0.015700003132224083,1,,
1787922374.904408,515,0.08614969253540039,11.60770248354726,6.981134414672852,24.02260000235401,0.0043000036384910345,1,4.657300014514476,1,,0,0,19.33769998140633,1,hover,0.016499980119988322,1,,
1787922374.9135683,516,0.009160280227661133,109.16696598214519,5.017757415771484,0.032499985536560416,0.005299982149153948,1,,0,,0,0,,0,hover,0.014399993233382702,1,,
1787922374.9619513,517,0.04838299751281738,20.66841765508813,0.9992122650146484,19.53220000723377,0.0042000028770416975,1,,0,,0,0,19.500000023981556,1,hover,0.015700003132224083,1,,
1787922374.9764569,518,0.014505624771118164,68.93877483933532,1.0344982147216797,0.03440000000409782,0.004999979864805937,1,,0,,0,0,,0,hover,0.014599994756281376,1,,
1787922375.069486,519,0.09302902221679688,10.749333661376964,1.6183853149414062,26.928399980533868,0.0047000066842883825,1,5.416600004537031,1,,0,0,21.482199983438477,1,hover,0.017699989257380366,1,,
1787922375.0784614,520,0.008975505828857422,111.41433352813048,6.016016006469727,0.029799994081258774,0.0043000036384910345,1,,0,,0,0,,0,hover,0.013200013199821115,1,,
1787922375.1307397,521,0.05227828025817871,19.128402752758003,4.201412200927734,17.77199999196455,0.004499976057559252,1,,0,,0,0,17.74069998646155,1,hover,0.015199999324977398,1,,
1787922375.1436706,522,0.012930870056152344,77.33431669002138,1.995086669921875,0.03250001464039087,0.0049000082071870565,1,,0,,0,0,,0,hover,0.013499986380338669,1,,
1787922375.2288566,523,0.08518600463867188,11.739017509292015,0.9987354278564453,22.494300006655976,0.0050000089686363935,1,4.456199996639043,1,,0,0,18.009800027357414,1,hover,0.017000013031065464,1,,
1787922375.2431915,524,0.014334917068481445,69.75973388773389,2.7260780334472656,0.03399999695830047,0.0044000043999403715,1,,0,,0,0,,0,hover,0.014300021575763822,1,,
1787922375.2917745,525,0.048583030700683594,20.583318610996603,2.0532608032226562,18.113099999027327,0.0037999998312443495,1,,0,,0,0,18.081899994285777,1,hover,0.015099998563528061,1,,
1787922375.313577,526,0.021802425384521484,45.866456706690286,6.794452667236328,0.0323000131174922,0.0043000036384910345,1,,0,,0,0,,0,hover,0.013599987141788006,1,,
1787922375.40387,527,0.09029316902160645,11.07503492053433,1.0306835174560547,25.353600009111688,0.005099980626255274,1,5.409899982623756,1,,0,0,19.911700015654787,1,hover,0.019500002963468432,1,,
1787922375.4131918,528,0.00932168960571289,107.27668934472352,4.92405891418457,0.03409999771974981,0.004499976057559252,1,,0,,0,0,,0,hover,0.014899997040629387,1,,
1787922375.4638584,529,0.05066657066345215,19.736879502708096,1.6133785247802734,18.849100015359,0.0042000028770416975,1,,0,,0,0,18.817000003764406,1,hover,0.015600002370774746,1,,
1787922375.4788551,530,0.014996767044067383,66.68103845725823,1.9848346710205078,0.03470000228844583,0.004399975296109915,1,,0,,0,0,,0,hover,0.015400000847876072,1,,
1787922375.540061,531,0.06120586395263672,16.33830380654108,1.6989707946777344,23.00029998878017,0.0043000036384910345,1,4.6793000074103475,1,,0,0,18.294199981028214,1,hover,0.01650000922381878,1,,
1787922375.576306,532,0.036245107650756836,27.589930471047143,1.9946098327636719,0.03600001218728721,0.004599976819008589,1,,0,,0,0,,0,hover,0.015700003132224083,1,,
1787922375.6266153,533,0.050309181213378906,19.877087559001385,0.9973049163818359,18.580100004328415,0.0042000028770416975,1,,0,,0,0,18.547199986642227,1,hover,0.016299978597089648,1,,
1787922375.6448896,534,0.018274307250976562,54.72163657238284,2.315998077392578,0.03559998003765941,0.0045000051613897085,1,,0,,0,0,,0,hover,0.015300000086426735,1,,
1787922375.7336717,535,0.08878207206726074,11.263535269174685,1.5687942504882812,22.621699987212196,0.0043000036384910345,1,4.865800001425669,1,,0,0,17.728100006934255,1,hover,0.01650000922381878,1,,
1787922375.744658,536,0.010986328125,91.02222222222223,2.046823501586914,0.033100019209086895,0.0046000059228390455,1,,0,,0,0,,0,hover,0.013899989426136017,1,,
1787922375.796958,537,0.05229997634887695,19.120467537677445,1.9936561584472656,18.73650000197813,0.0042000028770416975,1,,0,,0,0,18.703299982007593,1,hover,0.01610000617802143,1,,
1787922375.8112955,538,0.014337539672851562,69.74697352667287,0.9973049163818359,0.03060000017285347,0.0041000021155923605,1,,0,,0,0,,0,hover,0.012899981811642647,1,,
1787922375.91117,539,0.09987449645996094,10.012566124935546,10.478734970092773,24.087400001008064,0.0050000089686363935,1,5.617499991785735,1,,0,0,18.442000000504777,1,hover,0.01619997783564031,1,,
1787922375.9196548,540,0.008484840393066406,117.8572552545802,11.476516723632812,0.03270001616328955,0.004999979864805937,1,,0,,0,0,,0,hover,0.014500023098662496,1,,
1787922375.964836,541,0.0451810359954834,22.13317994965779,1.9941329956054688,20.107299991650507,0.0041000021155923605,1,,0,,0,0,20.07549998234026,1,hover,0.015799974789842963,1,,
1787922375.9797955,542,0.014959573745727539,66.8468244481632,3.988981246948242,0.03500000457279384,0.0046000059228390455,1,,0,,0,0,,0,hover,0.01479999627918005,1,,
1787922376.0963094,543,0.11651396751403809,8.58266198753824,15.224933624267578,38.450000021839514,0.0048000074457377195,1,5.081500014057383,1,,0,0,33.341400005156174,1,hover,0.0158999755512923,1,,
1787922376.119223,545,0.022913694381713867,43.64202399408992,8.94927978515625,0.031200004741549492,0.004699977580457926,1,,0,,0,0,,0,hover,0.013400014722719789,1,,
1787922376.186169,546,0.06694579124450684,14.93745882168588,8.94021987915039,35.03970001474954,0.0043000036384910345,1,,0,,0,0,35.00590001931414,1,hover,0.016699981642886996,1,,
1787922376.211954,547,0.025785207748413086,38.78192527114867,1.9915103912353516,0.04409998655319214,0.00580001506023109,1,,0,,0,0,,0,hover,0.022899999748915434,1,,
1787922376.28228,548,0.07032585144042969,14.21952211765344,2.319812774658203,38.953699986450374,0.004099973011761904,1,4.5316000177990645,1,,0,0,34.397599985823035,1,hover,0.014900026144459844,1,,
1787922376.290259,549,0.00797891616821289,125.33030538456941,13.972997665405273,0.029499991796910763,0.0044000043999403715,1,,0,,0,0,,0,hover,0.012500007869675756,1,,
1787922376.3282306,550,0.03797173500061035,26.335378143345995,1.02996826171875,17.043700005160645,0.0041000021155923605,1,,0,,0,0,17.012299998896196,1,hover,0.01470002462156117,1,,
1787922376.383348,551,0.05511736869812012,18.143101233243502,7.978200912475586,0.03559998003765941,0.0048000074457377195,1,,0,,0,0,,0,hover,0.014699995517730713,1,,
1787922376.4343424,552,0.0509943962097168,19.6099978493216,7.694244384765625,19.85800001421012,0.004699977580457926,1,4.350800008978695,1,,0,0,15.481600014027208,1,hover,0.015600002370774746,1,,
1787922376.4418142,553,0.007471799850463867,133.8365614729251,1.0302066802978516,0.03209998249076307,0.0046000059228390455,1,,0,,0,0,,0,hover,0.013400014722719789,1,,
1787922376.4917374,554,0.04992318153381348,20.030774667730057,0.9984970092773438,16.681899985997006,0.0045000051613897085,1,,0,,0,0,16.649900004267693,1,hover,0.015300000086426735,1,,
1787922376.5227048,555,0.03096747398376465,32.2919460762047,7.016181945800781,0.032499985536560416,0.0041000021155923605,1,,0,,0,0,,0,hover,0.013999990187585354,1,,
1787922376.6056592,556,0.08295440673828125,12.054814678561575,11.828899383544922,20.94990000477992,0.0045000051613897085,1,4.602500004693866,1,,0,0,16.320599999744445,1,hover,0.016499980119988322,1,,
1787922376.6156628,557,0.01000356674194336,99.96434529767863,8.972883224487305,0.03749999450519681,0.0048000074457377195,1,,0,,0,0,,0,hover,0.016000005416572094,1,,
1787922376.656791,558,0.04112815856933594,24.31424198859157,0.0,16.420300002209842,0.0041000021155923605,1,,0,,0,0,16.388999996706843,1,hover,0.01479999627918005,1,,
1787922376.7108195,559,0.05402851104736328,18.508746227031224,4.961967468261719,0.04349998198449612,0.0053000112529844046,1,,0,,0,0,,0,hover,0.01920000067912042,1,,
1787922376.7609723,560,0.05015277862548828,19.939074711441556,2.804279327392578,20.331499981693923,0.0045000051613897085,1,4.658000019844621,1,,0,0,15.64859997597523,1,hover,0.015199999324977398,1,,
1787922376.7745965,561,0.013624191284179688,73.39885202295955,0.0,0.03500000457279384,0.0049000082071870565,1,,0,,0,0,,0,hover,0.014599994756281376,1,,
1787922376.8262699,562,0.05167341232299805,19.352312050716545,0.9982585906982422,17.30349997524172,0.0043000036384910345,1,,0,,0,0,17.271899996558204,1,hover,0.014999997802078724,1,,
1787922376.8802936,563,0.05402374267578125,18.510379889846067,5.982398986816406,0.03540000761859119,0.0048999791033566,1,,0,,0,0,,0,hover,0.01470002462156117,1,,
1787922376.9318848,564,0.05159115791320801,19.38316642712892,7.136821746826172,20.46390000032261,0.004699977580457926,1,4.519800015259534,1,,0,0,15.91829999233596,1,hover,0.015199999324977398,1,,
1787922376.9429517,565,0.011066913604736328,90.35942953164721,1.5363693237304688,0.03269998705945909,0.004599976819008589,1,,0,,0,0,,0,hover,0.014100020052865148,1,,
1787922376.9965951,566,0.05364346504211426,18.64159966577332,2.028942108154297,18.269299995154142,0.0037999998312443495,1,,0,,0,0,18.238899996504188,1,hover,0.014600023860111833,1,,
1787922377.0506418,567,0.054046630859375,18.502540937323545,6.984233856201172,0.03789999755099416,0.0047000066842883825,1,,0,,0,0,,0,hover,0.014699995517730713,1,,
1787922377.103896,568,0.053254127502441406,18.777887215486828,8.203506469726562,22.289999993517995,0.004699977580457926,1,4.750399995828047,1,,0,0,17.513200000394136,1,hover,0.015600002370774746,1,,
1787922377.1284423,569,0.024546384811401367,40.73919673643825,19.52648162841797,0.03510000533424318,0.0050000089686363935,1,,0,,0,0,,0,hover,0.015500001609325409,1,,
1787922377.163365,570,0.03492259979248047,28.63475245091346,2.275228500366211,19.097299984423444,0.0051000097300857306,1,,0,,0,0,19.061700004385784,1,hover,0.016400008462369442,1,,
1787922377.2085493,571,0.04518437385559082,22.131544927367994,0.5488395690917969,0.03259998629800975,0.0046000059228390455,1,,0,,0,0,,0,hover,0.013500015484169126,1,,
1787922377.2752762,572,0.0667269229888916,14.98645457046589,12.96544075012207,23.290499986615032,0.0047000066842883825,1,5.037400027504191,1,,0,0,18.225799984065816,1,hover,0.016400008462369442,1,,
1787922377.2832553,573,0.007979154586791992,125.32656049242537,8.97836685180664,0.031800009310245514,0.0044000043999403715,1,,0,,0,0,,0,hover,0.01409999094903469,1,,
1787922377.3311715,574,0.04791617393493652,20.869779823361114,6.152153015136719,17.968200001632795,0.01789999078027904,1,,0,,0,0,17.8650000016205,1,hover,0.035500008380040526,1,,
1787922377.3761253,575,0.04495382308959961,22.245049058605144,1.0704994201660156,0.0329999893438071,0.004399975296109915,1,,0,,0,0,,0,hover,0.014200020814314485,1,,
1787922377.42638,576,0.05025458335876465,19.898682531323683,0.9973049163818359,21.854299993719906,0.005700014298781753,1,4.523599985986948,1,,0,0,17.304300010437146,1,hover,0.015700003132224083,1,,
1787922377.4508183,577,0.02443838119506836,40.919240600183414,11.95383071899414,0.03460000152699649,0.0050000089686363935,1,,0,,0,0,,0,hover,0.01479999627918005,1,,
1787922377.4986758,578,0.04785752296447754,20.895356425827856,6.776094436645508,17.669299995759502,0.0044000043999403715,1,,0,,0,0,17.637399985687807,1,hover,0.016000005416572094,1,,
1787922377.526597,579,0.027921199798583984,35.81507983946717,11.965274810791016,0.03470000228844583,0.0048999791033566,1,,0,,0,0,,0,hover,0.014500023098662496,1,,
1787922377.5978384,580,0.07124137878417969,14.036786163690396,2.0296573638916016,24.80959999957122,0.0050000089686363935,1,5.049899977166206,1,,0,0,19.72930002375506,1,hover,0.018399994587525725,1,,
1787922377.6087103,581,0.01087188720703125,91.98035087719298,0.9632110595703125,0.04290000651963055,0.006400019628927112,1,,0,,0,0,,0,hover,0.018099992303177714,1,,
1787922377.6652446,582,0.0565342903137207,17.68837982135778,2.022981643676758,19.67579999472946,0.0043000036384910345,1,,0,,0,0,19.64149999548681,1,hover,0.017000013031065464,1,,
1787922377.7144096,583,0.04916501045227051,20.33966820714504,6.094217300415039,0.03500000457279384,0.0042000028770416975,1,,0,,0,0,,0,hover,0.014499993994832039,1,,
1787922377.769502,584,0.05509233474731445,18.15134545643387,2.9926300048828125,24.132899998221546,0.0047000066842883825,1,4.878099978668615,1,,0,0,19.221900001866743,1,search_360,0.02169999061152339,1,,
1787922377.7914388,585,0.021936893463134766,45.58530594500598,16.752958297729492,0.03309999010525644,0.0052000104915350676,1,,0,,0,0,,0,search_360,0.01170000177808106,1,,
1787922377.8318288,586,0.0403900146484375,24.758594635436342,2.0263195037841797,19.054600008530542,0.004699977580457926,1,,0,,0,0,19.02360000531189,1,search_360,0.013500015484169126,1,,
1787922377.885122,587,0.05329322814941406,18.764110089116354,9.011983871459961,0.05949998740106821,0.0053000112529844046,1,,0,,0,0,,0,search_360,0.03659998765215278,1,,
1787922377.937849,588,0.05272698402404785,18.96562108585459,7.943391799926758,22.628300008364022,0.0050000089686363935,1,4.836099979002029,1,,0,0,17.76740001514554,1,search_360,0.01379998866468668,1,,
1787922377.9488187,589,0.01096963882446289,91.16070419474028,6.018161773681641,0.027099973522126675,0.0046000059228390455,1,,0,,0,0,,0,search_360,0.009599985787644982,1,,
1787922377.995797,590,0.04697823524475098,21.286453073218265,1.9984245300292969,17.772999999579042,0.004199973773211241,1,,0,,0,0,17.742600000929087,1,search_360,0.012900010915473104,1,,
1787922378.0426972,591,0.046900272369384766,21.32183779497138,1.0313987731933594,0.031000003218650818,0.0050000089686363935,1,,0,,0,0,,0,search_360,0.0109999964479357,1,,
1787922378.1155765,592,0.07287931442260742,13.721314585936835,1.9617080688476562,38.37160000693984,0.0045000051613897085,1,4.82259999262169,1,,0,0,33.525000006193295,1,search_360,0.013399985618889332,1,,
1787922378.1335297,593,0.017953157424926758,55.70050862538346,24.96933937072754,0.03190001007169485,0.0051000097300857306,1,,0,,0,0,,0,search_360,0.011199997970834374,1,,
1787922378.1644988,594,0.03096914291381836,32.2902058601629,0.0,20.322399999713525,0.0051000097300857306,1,,0,,0,0,20.290200016461313,1,search_360,0.014999997802078724,1,,
1787922378.211397,595,0.04689812660217285,21.322813349940265,0.9970664978027344,0.03809999907389283,0.0051000097300857306,1,,0,,0,0,,0,search_360,0.01379998866468668,1,,
1787922378.2645674,596,0.05317044258117676,18.807441718644206,0.9970664978027344,22.364000004017726,0.005599984433501959,1,4.60479999310337,1,,0,0,17.732300009811297,1,search_360,0.014599994756281376,1,,
1787922378.2760494,597,0.011482000350952148,87.09283830644324,1.0023117065429688,0.03130000550299883,0.0046000059228390455,1,,0,,0,0,,0,search_360,0.011399999493733048,1,,
1787922378.337385,598,0.06133556365966797,16.303754956075565,11.96742057800293,17.637999990256503,0.0040000013541430235,1,,0,,0,0,17.609799979254603,1,search_360,0.012299977242946625,1,,
1787922378.3818002,599,0.04441523551940918,22.51479674273046,5.983829498291016,0.034500000765547156,0.0048000074457377195,1,,0,,0,0,,0,search_360,0.012399978004395962,1,,
1787922378.4356587,600,0.05385851860046387,18.567164971956494,7.20524787902832,22.43909999378957,0.0048999791033566,1,4.686200001742691,1,,0,0,17.72760000312701,1,search_360,0.01400001929141581,1,,
1787922378.44663,601,0.010971307754516602,91.14683703848577,5.983829498291016,0.031100003980100155,0.0050000089686363935,1,,0,,0,0,,0,search_360,0.011399999493733048,1,,
1787922378.492948,602,0.04631805419921875,21.58985340141657,1.9931793212890625,17.646899999817833,0.003999972250312567,1,,0,,0,0,17.617400008020923,1,search_360,0.012800010154023767,1,,
1787922378.5223768,603,0.029428720474243164,33.98041042508891,8.484601974487305,0.033199990866705775,0.0049000082071870565,1,,0,,0,0,,0,search_360,0.01270000939257443,1,,
1787922378.6019557,604,0.07957887649536133,12.566148757557418,1.9962787628173828,25.718499993672594,0.0048000074457377195,1,4.998800024623051,1,,0,0,20.693799975560978,1,search_360,0.014499993994832039,1,,
1787922378.6134026,605,0.011446952819824219,87.35949345996833,6.4601898193359375,0.03470000228844583,0.006500020390376449,1,,0,,0,0,,0,search_360,0.013199984095990658,1,,
1787922378.6666884,606,0.053285837173461914,18.766712752296453,5.984306335449219,19.16290001827292,0.0041000021155923605,1,,0,,0,0,19.13520001107827,1,search_360,0.011800002539530396,1,,
1787922378.7157698,607,0.04908132553100586,20.374347864103136,1.9943714141845703,0.0433000095654279,0.00589998671784997,1,,0,,0,0,,0,search_360,0.016700010746717453,1,,
1787922378.7681391,608,0.05236935615539551,19.095136419716553,1.996755599975586,24.019400007091463,0.006399990525096655,1,4.830699996091425,1,,0,0,19.16029999847524,1,search_360,0.014399993233382702,1,,
1787922378.7872899,609,0.019150733947753906,52.217319854588915,11.599063873291016,0.030499999411404133,0.004399975296109915,1,,0,,0,0,,0,search_360,0.011400028597563505,1,,
1787922378.828086,610,0.04079604148864746,24.51218215076763,0.99945068359375,18.267600011313334,0.004799978341907263,1,,0,,0,0,18.236700008856133,1,search_360,0.013600016245618463,1,,
1787922378.8759723,611,0.04788637161254883,20.882768235001244,0.9977817535400391,0.029799994081258774,0.0044000043999403715,1,,0,,0,0,,0,search_360,0.011199997970834374,1,,
1787922378.934113,612,0.05814075469970703,17.199639137209875,1.9915103912353516,24.10450001480058,0.0049000082071870565,1,4.845100018428639,1,,0,0,19.23569999053143,1,search_360,0.013199984095990658,1,,
1787922378.944614,613,0.010500907897949219,95.22986104804286,1.5041828155517578,0.029399991035461426,0.0050000089686363935,1,,0,,0,0,,0,search_360,0.010299991117790341,1,,
1787922378.9947827,614,0.050168752670288086,19.932725985277276,1.9922256469726562,17.87700000568293,0.004799978341907263,1,,0,,0,0,17.848000017693266,1,search_360,0.012300006346777081,1,,
1787922379.0506318,615,0.05584907531738281,17.905399405758,8.945226669311523,0.04949999856762588,0.0046000059228390455,1,,0,,0,0,,0,search_360,0.0109999964479357,1,,
1787922379.1030748,616,0.05244302749633789,19.06831179931079,6.5288543701171875,22.375700005795807,0.0052000104915350676,1,5.02260000212118,1,,0,0,17.32590000028722,1,search_360,0.015400000847876072,1,,
1787922379.1130474,617,0.009972572326660156,100.27503107965956,2.990245819091797,0.035200006095692515,0.006000016583129764,1,,0,,0,0,,0,search_360,0.012899981811642647,1,,
1787922379.180203,618,0.06715559959411621,14.890791029250437,1.9783973693847656,36.284999980125576,0.0045000051613897085,1,,0,,0,0,36.25219999230467,1,search_360,0.014199991710484028,1,,
1787922379.2111177,619,0.030914783477783203,32.34698378911974,1.0285377502441406,0.047699984861537814,0.005700014298781753,1,,0,,0,0,,0,search_360,0.018799997633323073,1,,
1787922379.2635124,620,0.05239462852478027,19.085925946150102,0.0,21.68309999979101,0.0051000097300857306,1,4.931900009978563,1,,0,0,16.725499997846782,1,search_360,0.01409999094903469,1,,
1787922379.2774785,621,0.013966083526611328,71.60203489364608,1.9958019256591797,0.030800001695752144,0.0048000074457377195,1,,0,,0,0,,0,search_360,0.011399999493733048,1,,
1787922379.3268383,622,0.049359798431396484,20.259402019031057,1.0306835174560547,15.945299994200468,0.0037999998312443495,1,,0,,0,0,15.912700007902458,1,search_360,0.01680001150816679,1,,
1787922379.3781514,623,0.051313161849975586,19.488177378811745,2.5696754455566406,0.029999995604157448,0.0046000059228390455,1,,0,,0,0,,0,search_360,0.010799994925037026,1,,
1787922379.4311378,624,0.05298638343811035,18.87277325066032,2.9883384704589844,21.666299988282844,0.005099980626255274,1,4.8319000052288175,1,,0,0,16.808499989565462,1,search_360,0.014499993994832039,1,,
1787922379.4421487,625,0.011010885238647461,90.81921919320962,1.605987548828125,0.029099988751113415,0.0041000021155923605,1,,0,,0,0,,0,search_360,0.010799994925037026,1,,
1787922379.4926581,626,0.05050945281982422,19.79827426694107,1.9903182983398438,16.291200008708984,0.003999972250312567,1,,0,,0,0,16.263299999991432,1,search_360,0.012200005585327744,1,,
1787922379.5168426,627,0.024184465408325195,41.348856925973756,2.0287036895751953,0.031100003980100155,0.0050000089686363935,1,,0,,0,0,,0,search_360,0.011099997209385037,1,,
1787922379.6000674,628,0.08322477340698242,12.015653020884063,6.449222564697266,20.655500004068017,0.0049000082071870565,1,4.683699982706457,1,,0,0,15.946800005622208,1,search_360,0.013899989426136017,1,,
1787922379.6259995,629,0.02593207359313965,38.562284516443405,21.941661834716797,0.03190001007169485,0.0049000082071870565,1,,0,,0,0,,0,search_360,0.011299998732283711,1,,
1787922379.6568205,630,0.03082108497619629,32.445321142079166,2.032756805419922,16.289499995764345,0.004299974534660578,1,,0,,0,0,16.261100012343377,1,search_360,0.012100004823878407,1,,
1787922379.7188215,631,0.06200098991394043,16.128774740339395,13.926029205322266,0.03649998689070344,0.005700014298781753,1,,0,,0,0,,0,search_360,0.013699987903237343,1,,
1787922379.7625973,632,0.04377579689025879,22.843673240418497,1.997232437133789,21.326699992641807,0.0048000074457377195,1,4.56780000240542,1,,0,0,16.73490001121536,1,search_360,0.013200013199821115,1,,
1787922379.7801416,633,0.017544269561767578,56.99866822493409,7.9441070556640625,0.0357000099029392,0.005400012014433742,1,,0,,0,0,,0,search_360,0.012500007869675756,1,,
1787922379.8261135,634,0.04597187042236328,21.752432320298723,2.820253372192383,15.856500016525388,0.0044000043999403715,1,,0,,0,0,15.827499999431893,1,search_360,0.012299977242946625,1,,
1787922379.8725195,635,0.04640603065490723,21.548923402571916,0.5464553833007812,0.03510000533424318,0.0052000104915350676,1,,0,,0,0,,0,search_360,0.012500007869675756,1,,
1787922379.929376,636,0.056856393814086914,17.588171407245266,1.0313987731933594,20.63450001878664,0.0048000074457377195,1,4.55739998142235,1,,0,0,16.052400023909286,1,search_360,0.013599987141788006,1,,
1787922379.948777,637,0.019401073455810547,51.54353970555706,8.557558059692383,0.0295999925583601,0.0050000089686363935,1,,0,,0,0,,0,search_360,0.010599993402138352,1,,
1787922379.999176,638,0.050399065017700195,19.8416379281798,6.987094879150391,17.883299995446578,0.0037999998312443495,1,,0,,0,0,17.840999993495643,1,search_360,0.027300004148855805,1,,
1787922380.0440605,639,0.044884443283081055,22.279434183757484,2.9592514038085938,0.03730002208612859,0.00589998671784997,1,,0,,0,0,,0,search_360,0.013300013961270452,1,,
1787922380.0991538,640,0.05509328842163086,18.15103125351613,1.9938945770263672,22.867899999255314,0.0052000104915350676,1,4.737700015539303,1,,0,0,18.104499991750345,1,search_360,0.014699995517730713,1,,
1787922380.108129,641,0.00897526741027832,111.41729313321822,0.9968280792236328,0.03610001294873655,0.005599984433501959,1,,0,,0,0,,0,search_360,0.013200013199821115,1,,
1787922380.1709635,642,0.06283450126647949,15.91482354191093,11.503934860229492,19.292500015581027,0.0047000066842883825,1,,0,,0,0,19.260600005509332,1,search_360,0.014499993994832039,1,,
1787922380.2097256,643,0.03876209259033203,25.79840078730471,1.6298294067382812,0.03269998705945909,0.0047000066842883825,1,,0,,0,0,,0,search_360,0.012100004823878407,1,,
1787922380.26704,644,0.057314395904541016,17.447623484779154,3.9904117584228516,22.011399996699765,0.0049000082071870565,1,4.59299999056384,1,,0,0,17.3940000240691,1,search_360,0.013599987141788006,1,,
1787922380.2766018,645,0.009561777114868164,104.58306944271288,0.9107589721679688,0.029499991796910763,0.0040000013541430235,1,,0,,0,0,,0,search_360,0.01170000177808106,1,,
1787922380.3408792,646,0.06427741050720215,15.55756512449972,14.959573745727539,17.687900020973757,0.0045000051613897085,1,,0,,0,0,17.659700009971857,1,search_360,0.012500007869675756,1,,
1787922380.3845038,647,0.0436246395111084,22.922825522612378,10.970830917358398,0.03290001768618822,0.0049000082071870565,1,,0,,0,0,,0,search_360,0.012999982573091984,1,,
1787922380.4379113,648,0.05340743064880371,18.72398630399943,8.484363555908203,22.5440000067465,0.0045000051613897085,1,4.67439999920316,1,,0,0,17.84419998875819,1,search_360,0.014299992471933365,1,,
1787922380.4616075,649,0.023696184158325195,42.200887422149336,19.70672607421875,0.02880001557059586,0.0047000066842883825,1,,0,,0,0,,0,search_360,0.010299991117790341,1,,
1787922380.4961565,650,0.03454899787902832,28.944399588707395,2.9916763305664062,18.479100021068007,0.0043000036384910345,1,,0,,0,0,18.44889999483712,1,search_360,0.013100012438371778,1,,
1787922380.5160267,651,0.019870281219482422,50.326414052938496,0.9958744049072266,0.029399991035461426,0.0049000082071870565,1,,0,,0,0,,0,search_360,0.010299991117790341,1,,
1787922380.5976102,652,0.08158349990844727,12.257380488973833,0.9970664978027344,22.811100003309548,0.0051000097300857306,1,4.7836999874562025,1,,0,0,18.000500014750287,1,search_360,0.014699995517730713,1,,
1787922380.6085813,653,0.0109710693359375,91.14881780250347,1.9946098327636719,0.0323000131174922,0.005199981387704611,1,,0,,0,0,,0,search_360,0.01170000177808106,1,,
1787922380.6656554,654,0.05707406997680664,17.521091458982564,7.911205291748047,17.840999993495643,0.0045000051613897085,1,,0,,0,0,17.80910001252778,1,search_360,0.014499993994832039,1,,
1787922380.7103643,655,0.044708967208862305,22.366877663006672,2.9850006103515625,0.03630001447163522,0.0050000089686363935,1,,0,,0,0,,0,search_360,0.012299977242946625,1,,
1787922380.7638202,656,0.05345582962036133,18.70703358458588,0.9992122650146484,22.612200002186,0.0047000066842883825,1,4.468700004508719,1,,0,0,18.117899977369234,1,search_360,0.014399993233382702,1,,
1787922380.7748275,657,0.011007308959960938,90.84872639057356,2.0313262939453125,0.030000024707987905,0.0046000059228390455,1,,0,,0,0,,0,search_360,0.011099997209385037,1,,
1787922380.8285,658,0.05367255210876465,18.631497119301347,2.668142318725586,18.12319998862222,0.0039000005926936865,1,,0,,0,0,18.094200000632554,1,search_360,0.012599979527294636,1,,
1787922380.881877,659,0.05337691307067871,18.734691507466085,7.772207260131836,0.03899997682310641,0.006599992047995329,1,,0,,0,0,,0,search_360,0.014100020052865148,1,,
1787922380.935477,660,0.05360007286071777,18.656691057091386,6.959199905395508,21.750799991423264,0.004799978341907263,1,4.5365999976638705,1,,0,0,17.189999984111637,1,search_360,0.013300013961270452,1,,
1787922380.9441805,661,0.008703470230102539,114.8966990823175,4.985809326171875,0.029399991035461426,0.0045000051613897085,1,,0,,0,0,,0,search_360,0.0109999964479357,1,,
1787922380.9930506,662,0.048870086669921875,20.462415112013115,0.9891986846923828,18.559099989943206,0.0039000005926936865,1,,0,,0,0,18.528399989008904,1,search_360,0.01379998866468668,1,,
1787922381.0520682,663,0.05901765823364258,16.94408131276814,10.988712310791016,0.0425000034738332,0.005900015821680427,1,,0,,0,0,,0,search_360,0.01680001150816679,1,,
1787922381.0980697,664,0.046001434326171875,21.738452608010615,0.9951591491699219,24.00919998763129,0.0048999791033566,1,4.79300000006333,1,,0,0,19.188999984180555,1,search_360,0.015300000086426735,1,,
1787922381.1070797,665,0.009010076522827148,110.98684872059485,0.9951591491699219,0.03880000440403819,0.006099988240748644,1,,0,,0,0,,0,search_360,0.014899997040629387,1,,
1787922381.1637144,666,0.05663466453552246,17.657030516580157,2.022981643676758,19.9807999888435,0.0049000082071870565,1,,0,,0,0,19.947900000261143,1,search_360,0.014299992471933365,1,,
1787922381.2061322,667,0.04241776466369629,23.575028244141798,2.0301342010498047,0.03840000135824084,0.005499983672052622,1,,0,,0,0,,0,search_360,0.014299992471933365,1,,
1787922381.2667997,668,0.06066751480102539,16.483286043276298,1.996755599975586,25.640899984864518,0.005400012014433742,1,5.286500003421679,1,,0,0,20.32759998110123,1,search_360,0.014999997802078724,1,,
1787922381.2831063,669,0.016306638717651367,61.32471671905841,10.290861129760742,0.031099974876269698,0.0048000074457377195,1,,0,,0,0,,0,search_360,0.011600001016631722,1,,
1787922381.333922,670,0.050815582275390625,19.679003077847007,7.978916168212891,19.363899977179244,0.0040000013541430235,1,,0,,0,0,19.335999997565523,1,search_360,0.012800010154023767,1,,
1787922381.375986,671,0.04206418991088867,23.77319050048178,6.9866180419921875,0.032199983252212405,0.0051000097300857306,1,,0,,0,0,,0,search_360,0.011600001016631722,1,,
1787922381.4310777,672,0.05509161949157715,18.15158111576096,2.9914379119873047,23.07599998312071,0.0043000036384910345,1,4.559599998174235,1,,0,0,18.49349998519756,1,search_360,0.01270000939257443,1,,
1787922381.4392638,673,0.008186101913452148,122.15826416193389,0.0,0.02680000034160912,0.0046000059228390455,1,,0,,0,0,,0,search_360,0.009799987310543656,1,,
1787922381.502288,674,0.06302428245544434,15.866900201631971,11.006832122802734,17.29630000772886,0.0042000028770416975,1,,0,,0,0,17.26660001440905,1,search_360,0.01279998105019331,1,,
1787922381.5154345,675,0.013146400451660156,76.0664490388103,2.643108367919922,0.031400006264448166,0.0048999791033566,1,,0,,0,0,,0,search_360,0.011099997209385037,1,,
1787922381.6019804,676,0.08654594421386719,11.554556473829201,2.696514129638672,24.642500007757917,0.005499983672052622,1,5.29530001222156,1,,0,0,19.31849998072721,1,search_360,0.015600002370774746,1,,
1787922381.6239219,677,0.021941423416137695,45.57589455497723,19.98305320739746,0.04010001430287957,0.00589998671784997,1,,0,,0,0,,0,search_360,0.014699995517730713,1,,
1787922381.660132,678,0.036210060119628906,27.616634622981906,1.0600090026855469,17.863300017779693,0.0042000028770416975,1,,0,,0,0,17.83419999992475,1,search_360,0.013200013199821115,1,,
1787922381.7165887,679,0.056456804275512695,17.712656832645685,12.011528015136719,0.03060000017285347,0.004699977580457926,1,,0,,0,0,,0,search_360,0.010600022505968809,1,,
1787922381.7642107,680,0.047621965408325195,20.998713333767228,0.0,24.886200000764802,0.007199996616691351,1,5.618000024696812,1,,0,0,19.233599974540994,1,search_360,0.01889999839477241,1,,
1787922381.7742157,681,0.010004997253417969,99.95005242588886,3.026247024536133,0.03850000211969018,0.006499991286545992,1,,0,,0,0,,0,search_360,0.014599994756281376,1,,
1787922381.829107,682,0.054891347885131836,18.217807332635484,2.988576889038086,20.25660002254881,0.0043000036384910345,1,,0,,0,0,20.227200002409518,1,search_360,0.012999982573091984,1,,
1787922381.8755682,683,0.04646110534667969,21.523379449074262,1.992940902709961,0.033899996196851134,0.0047000066842883825,1,,0,,0,0,,0,search_360,0.013100012438371778,1,,
1787922381.9327962,684,0.05722808837890625,17.47393680842554,2.0313262939453125,24.611200002254918,0.007800001185387373,1,5.185900023207068,1,,0,0,19.371100002899766,1,search_360,0.03619998460635543,1,,
1787922381.9427686,685,0.009972333908081055,100.27742845530399,0.0,0.044199987314641476,0.005500012775883079,1,,0,,0,0,,0,search_360,0.015600002370774746,1,,
1787922381.9940636,686,0.05129504203796387,19.495061516079705,1.9960403442382812,19.31260002311319,0.0045000051613897085,1,,0,,0,0,19.283800007542595,1,search_360,0.012300006346777081,1,,
1787922382.0427816,687,0.04871797561645508,20.526304456341943,2.992391586303711,0.032499985536560416,0.0049000082071870565,1,,0,,0,0,,0,search_360,0.012500007869675756,1,,
1787922382.0997615,688,0.05697989463806152,17.550050001882916,2.0303726196289062,25.861100002657622,0.0048000074457377195,1,4.950900009134784,1,,0,0,20.886600017547607,1,search_360,0.013300013961270452,1,,
1787922382.1118858,689,0.012124300003051758,82.47898845692487,5.448579788208008,0.030000024707987905,0.0048000074457377195,1,,0,,0,0,,0,search_360,0.011500000255182385,1,,
1787922382.1609983,690,0.049112558364868164,20.361390921050717,1.0302066802978516,18.992400000570342,0.0042000028770416975,1,,0,,0,0,18.962100002681836,1,search_360,0.013300013961270452,1,,
1787922382.2122314,691,0.05123305320739746,19.518649336628087,4.878759384155273,0.036999990697950125,0.0051000097300857306,1,,0,,0,0,,0,search_360,0.013899989426136017,1,,
1787922382.2644274,692,0.05219602584838867,19.158546723550423,1.8527507781982422,22.193299984792247,0.0048000074457377195,1,4.701700003352016,1,,0,0,17.466099990997463,1,search_360,0.01409999094903469,1,,
1787922382.274711,693,0.010283470153808594,97.24343874617453,1.955270767211914,0.02750000567175448,0.0045000051613897085,1,,0,,0,0,,0,search_360,0.00969998654909432,1,,
1787922382.3284926,694,0.053781747817993164,18.593668680760892,2.0303726196289062,18.567799997981638,0.0047000066842883825,1,,0,,0,0,18.538600008469075,1,search_360,0.012300006346777081,1,,
1787922382.3826203,695,0.05412769317626953,18.474831298342053,9.973526000976562,0.03459997242316604,0.005500012775883079,1,,0,,0,0,,0,search_360,0.012100004823878407,1,,
1787922382.436014,696,0.05339360237121582,18.72883558310151,8.539438247680664,22.363900003256276,0.0047000066842883825,1,4.722699988633394,1,,0,0,17.616600001929328,1,search_360,0.013399985618889332,1,,
1787922382.4449875,697,0.00897359848022461,111.43801477230458,2.989053726196289,0.026299996534362435,0.0044000043999403715,1,,0,,0,0,,0,search_360,0.009799987310543656,1,,
1787922382.4947338,698,0.04974627494812012,20.10200765872198,2.9926300048828125,18.033300002571195,0.0042000028770416975,1,,0,,0,0,18.004799989284948,1,search_360,0.0109999964479357,1,,
1787922382.5071626,699,0.012428760528564453,80.45854594283522,26.270627975463867,0.028999987989664078,0.0047000066842883825,1,,0,,0,0,,0,search_360,0.0109999964479357,1,,
1787922382.609254,700,0.10209131240844727,9.79515275500815,12.063741683959961,23.142299993196502,0.0047000066842883825,1,4.835499974433333,1,,0,0,18.281800003023818,1,search_360,0.01409999094903469,1,,
1787922382.631414,701,0.022160053253173828,45.126245346760484,23.157358169555664,0.034900003811344504,0.005400012014433742,1,,0,,0,0,,0,search_360,0.01309998333454132,1,,
1787922382.6605337,702,0.02911972999572754,34.34097775448881,0.0,18.061500013573095,0.0043000036384910345,1,,0,,0,0,18.0324999964796,1,search_360,0.012100004823878407,1,,
1787922382.676497,703,0.015963315963745117,62.64362631618251,2.0318031311035156,0.03139997716061771,0.0049000082071870565,1,,0,,0,0,,0,search_360,0.011900003300979733,1,,
1787922382.7638657,704,0.08736872673034668,11.445743087070305,0.9992122650146484,23.07740002288483,0.0046000059228390455,1,4.592000012053177,1,,0,0,18.46250001108274,1,search_360,0.01279998105019331,1,,
1787922382.777828,705,0.013962268829345703,71.621597623032,1.9962787628173828,0.041300023440271616,0.0043000036384910345,1,,0,,0,0,,0,hover,0.021299987565726042,1,,
1787922382.833463,706,0.05563497543334961,17.97430469252196,9.528398513793945,17.587000009370968,0.0033999967854470015,1,,0,,0,0,17.557299986947328,1,hover,0.014599994756281376,1,,
1787922382.8433294,707,0.009866476058959961,101.35330932991808,2.9916763305664062,0.03500000457279384,0.005999987479299307,1,,0,,0,0,,0,hover,0.014899997040629387,1,,
1787922382.9339921,708,0.09066271781921387,11.029892154722866,1.0330677032470703,22.588899999391288,0.0050000089686363935,1,4.707500018412247,1,,0,0,17.852699995273724,1,hover,0.017200014553964138,1,,
1787922382.9540427,709,0.020050525665283203,49.87400413802944,13.590812683105469,0.033199990866705775,0.0041000021155923605,1,,0,,0,0,,0,hover,0.013500015484169126,1,,
1787922383.002438,710,0.048395395278930664,20.663122890854005,11.969566345214844,17.054199997801334,0.0035999983083456755,1,,0,,0,0,17.025900015141815,1,hover,0.013800017768517137,1,,
1787922383.0158012,711,0.013363122940063477,74.83280700815358,9.80830192565918,0.031800009310245514,0.0047000066842883825,1,,0,,0,0,,0,hover,0.013900018529966474,1,,
1787922383.0992935,712,0.08349227905273438,11.977155389043725,5.246400833129883,21.882600005483255,0.0046000059228390455,1,4.656400007661432,1,,0,0,17.19829998910427,1,hover,0.01680001150816679,1,,
1787922383.1168723,713,0.017578840255737305,56.886574168260296,1.6548633575439453,0.03279998782090843,0.0037999998312443495,1,,0,,0,0,,0,hover,0.013900018529966474,1,,
1787922383.158499,714,0.041626691818237305,24.02304762450242,0.9756088256835938,17.94230000814423,0.0045000051613897085,1,,0,,0,0,17.86980000906624,1,hover,0.03519997699186206,1,,
1787922383.1867297,715,0.028230667114257812,35.42247145463144,12.28475570678711,0.0447999918833375,0.005700014298781753,1,,0,,0,0,,0,hover,0.019500002963468432,1,,
1787922383.270296,716,0.08356642723083496,11.966528103896401,8.836746215820312,21.857200015801936,0.0041000021155923605,1,4.359599988674745,1,,0,0,17.472000006819144,1,hover,0.015600002370774746,1,,
1787922383.28027,717,0.009974002838134766,100.26064923268154,5.983591079711914,0.03130000550299883,0.0047000066842883825,1,,0,,0,0,,0,hover,0.013699987903237343,1,,
1787922383.3292546,718,0.048984527587890625,20.41460945409236,5.01251220703125,18.526800005929545,0.0042000028770416975,1,,0,,0,0,18.49650000804104,1,hover,0.01479999627918005,1,,
1787922383.3412533,719,0.011998653411865234,83.34268568930572,0.9946823120117188,0.031400006264448166,0.0045000051613897085,1,,0,,0,0,,0,hover,0.013400014722719789,1,,
1787922383.441823,720,0.1005697250366211,9.943350244179982,13.473272323608398,22.463200002675876,0.005199981387704611,1,4.800199996680021,1,,0,0,17.634999996516854,1,hover,0.01610000617802143,1,,
1787922383.4517987,721,0.009975671768188477,100.24387562438756,9.975671768188477,0.032100011594593525,0.0050000089686363935,1,,0,,0,0,,0,hover,0.013999990187585354,1,,
1787922383.4952419,722,0.04344320297241211,23.01856059358776,3.025054931640625,17.950399982510135,0.0042000028770416975,1,,0,,0,0,17.920299986144528,1,hover,0.014699995517730713,1,,
1787922383.5127063,723,0.017464399337768555,57.25934116940383,31.396150588989258,0.03959998139180243,0.008300004992634058,1,,0,,0,0,,0,hover,0.016200006939470768,1,,
1787922383.5964887,724,0.08378243446350098,11.935676092530356,1.9619464874267578,22.309499996481463,0.0045000051613897085,1,4.707000014605001,1,,0,0,17.575400008354336,1,hover,0.01610000617802143,1,,
1787922383.6104198,725,0.013931035995483398,71.78217042323425,0.9980201721191406,0.03259998629800975,0.0041000021155923605,1,,0,,0,0,,0,hover,0.013400014722719789,1,,
1787922383.6674798,726,0.05706000328063965,17.525410839562607,4.616260528564453,18.046499986667186,0.004399975296109915,1,,0,,0,0,18.016699992585927,1,hover,0.01400001929141581,1,,
1787922383.6804838,727,0.013004064559936523,76.89903378985387,6.021261215209961,0.032400013878941536,0.004799978341907263,1,,0,,0,0,,0,hover,0.013800017768517137,1,,
1787922383.7660675,728,0.08558368682861328,11.68446975184141,0.9934902191162109,22.932799998670816,0.0039000005926936865,1,4.82860000920482,1,,0,0,18.079400004353374,1,hover,0.015199999324977398,1,,
1787922383.7890303,729,0.02296280860900879,43.54867982515341,8.97979736328125,0.04080001963302493,0.004999979864805937,1,,0,,0,0,,0,hover,0.017400016076862812,1,,
1787922383.8247373,730,0.03570699691772461,28.00571558297611,1.02996826171875,17.919700010679662,0.0043000036384910345,1,,0,,0,0,17.889300012029707,1,hover,0.014299992471933365,1,,
1787922383.843126,731,0.018388748168945312,54.38108080074681,2.0847320556640625,0.0363999861292541,0.004799978341907263,1,,0,,0,0,,0,hover,0.015500001609325409,1,,
1787922383.936736,732,0.09361004829406738,10.682613867034783,1.039266586303711,25.170200009597465,0.0049000082071870565,1,4.85530000878498,1,,0,0,20.28749999590218,1,hover,0.01619997783564031,1,,
1787922383.9457078,733,0.008971691131591797,111.46170608557003,4.797458648681641,0.029399991035461426,0.0048000074457377195,1,,0,,0,0,,0,hover,0.012400007108226418,1,,
1787922383.9944744,734,0.0487666130065918,20.505832542949616,1.995086669921875,17.772800027159974,0.0036999990697950125,1,,0,,0,0,17.741500021656975,1,hover,0.015300000086426735,1,,
1787922384.0232797,735,0.028805255889892578,34.71588670562333,14.842748641967773,0.03560000914148986,0.0045000051613897085,1,,0,,0,0,,0,hover,0.015499972505494952,1,,
1787922384.0992324,736,0.07595276832580566,13.166077050811598,0.9953975677490234,24.186200025724247,0.006999995093792677,1,4.80480000260286,1,,0,0,19.3174000014551,1,hover,0.042100000428035855,1,,
1787922384.1082127,737,0.008980274200439453,111.35517442786598,0.9980201721191406,0.034100026823580265,0.0048000074457377195,1,,0,,0,0,,0,hover,0.014599994756281376,1,,
1787922384.1610987,738,0.052886009216308594,18.908592552520062,1.0325908660888672,18.460299994330853,0.0040000013541430235,1,,0,,0,0,18.429699994158,1,hover,0.015099998563528061,1,,
1787922384.1789875,739,0.017888784408569336,55.90094760832189,2.029895782470703,0.03610001294873655,0.0045000051613897085,1,,0,,0,0,,0,hover,0.015500001609325409,1,,
1787922384.276688,740,0.09770059585571289,10.235352110613833,1.9941329956054688,32.34889998566359,0.0044000043999403715,1,4.973200004315004,1,,0,0,27.349999989382923,1,hover,0.014499993994832039,1,,
1787922384.3001654,741,0.02347731590270996,42.594306953316206,27.678489685058594,0.03369999467395246,0.0043000036384910345,1,,0,,0,0,,0,hover,0.014499993994832039,1,,
1787922384.3260374,742,0.025871992111206055,38.6518361516841,1.0280609130859375,17.596200021216646,0.0036999990697950125,1,,0,,0,0,17.56590002332814,1,hover,0.014399993233382702,1,,
1787922384.3472533,743,0.02121591567993164,47.134425639988315,7.011175155639648,0.037699996028095484,0.0053000112529844046,1,,0,,0,0,,0,hover,0.015600002370774746,1,,
1787922384.4332056,744,0.0859522819519043,11.634362431000527,0.0,23.08169999741949,0.005199981387704611,1,5.375900014769286,1,,0,0,17.66349998069927,1,hover,0.031200004741549492,1,,
1787922384.4449227,745,0.011717081069946289,85.34548784209991,1.9955635070800781,0.032499985536560416,0.0047000066842883825,1,,0,,0,0,,0,hover,0.013300013961270452,1,,
1787922384.4970293,746,0.052106618881225586,19.191419851659337,0.9980201721191406,19.836199993733317,0.0042000028770416975,1,,0,,0,0,19.803700008196756,1,hover,0.016000005416572094,1,,
1787922384.5072699,747,0.010240554809570312,97.65095921028124,25.16484260559082,0.03170000854879618,0.0047000066842883825,1,,0,,0,0,,0,hover,0.01279998105019331,1,,
1787922384.6009302,748,0.09366035461425781,10.676876081865391,5.558013916015625,22.467699978733435,0.005600013537332416,1,4.772399988723919,1,,0,0,17.665999999735504,1,hover,0.01689998316578567,1,,
1787922384.6099052,749,0.008975028991699219,111.42025289554776,4.993915557861328,0.03339999238960445,0.0046000059228390455,1,,0,,0,0,,0,hover,0.014200020814314485,1,,
1787922384.6578095,750,0.047904253005981445,20.874973248724647,2.17437744140625,17.969400010770187,0.0040000013541430235,1,,0,,0,0,17.937500000698492,1,hover,0.01580000389367342,1,,
1787922384.6747324,751,0.016922950744628906,59.09134967596506,1.9943714141845703,0.03460000152699649,0.0050000089686363935,1,,0,,0,0,,0,hover,0.014599994756281376,1,,
1787922384.7694607,752,0.09472823143005371,10.55651504206947,9.507179260253906,21.694399998523295,0.004499976057559252,1,4.816100001335144,1,,0,0,16.85189999989234,1,hover,0.015600002370774746,1,,
1787922384.7784336,753,0.008972883224487305,111.4468978344626,3.9920806884765625,0.04469999112188816,0.006199989002197981,1,,0,,0,0,,0,hover,0.019500002963468432,1,,
1787922384.8292468,754,0.05081319808959961,19.679926428497698,1.9686222076416016,19.310800009407103,0.0039000005926936865,1,,0,,0,0,19.28139998926781,1,hover,0.013999990187585354,1,,
1787922384.8425245,755,0.013277769088745117,75.31385681707997,2.109527587890625,0.03679998917505145,0.0046000059228390455,1,,0,,0,0,,0,hover,0.01580000389367342,1,,
1787922384.9340677,756,0.09154319763183594,10.92380456297531,1.0304450988769531,23.452699999324977,0.005199981387704611,1,5.273999995552003,1,,0,0,18.147599999792874,1,hover,0.01889999839477241,1,,
1787922384.9481523,757,0.014084577560424805,70.99964451967837,7.946252822875977,0.059399986639618874,0.0051000097300857306,1,,0,,0,0,,0,hover,0.016699981642886996,1,,
1787922384.9993486,758,0.05119633674621582,19.532647520409068,0.9977817535400391,23.399700003210455,0.0047000066842883825,1,,0,,0,0,23.36799999466166,1,hover,0.015300000086426735,1,,
1787922385.010375,759,0.011026382446289062,90.69157585192873,0.8320808410644531,0.03220001235604286,0.004799978341907263,1,,0,,0,0,,0,hover,0.013600016245618463,1,,
1787922385.1039948,760,0.09361982345581055,10.68149845926605,2.0351409912109375,25.947999994968995,0.008799979696050286,1,5.54559999727644,1,,0,0,20.36590001080185,1,hover,0.019099999917671084,1,,
1787922385.1165032,761,0.012508392333984375,79.94632509911558,9.516000747680664,0.04740001168102026,0.006900023436173797,1,,0,,0,0,,0,hover,0.020599982235580683,1,,
1787922385.1632886,762,0.04678535461425781,21.374210118635084,1.9962787628173828,20.61220002360642,0.0043000036384910345,1,,0,,0,0,20.576000009896234,1,hover,0.018499995348975062,1,,
1787922385.1752236,763,0.011934995651245117,83.78721109091272,0.9980201721191406,0.0405999890062958,0.006000016583129764,1,,0,,0,0,,0,hover,0.017699989257380366,1,,
1787922385.2698011,764,0.09457755088806152,10.573333635838836,2.9587745666503906,26.105400000233203,0.0052000104915350676,1,4.881200002273545,1,,0,0,21.192300016991794,1,hover,0.0185999961104244,1,,
1787922385.2898793,765,0.020078182220458984,49.80530553114684,15.090703964233398,0.03489997470751405,0.0045000051613897085,1,,0,,0,0,,0,hover,0.014999997802078724,1,,
1787922385.3394005,766,0.04952120780944824,20.193368543188242,13.539314270019531,18.36869999533519,0.0041000021155923605,1,,0,,0,0,18.332400009967387,1,hover,0.018700025975704193,1,,
1787922385.3515491,767,0.012148618698120117,82.313884800314,10.598897933959961,0.04780001472681761,0.008500006515532732,1,,0,,0,0,,0,hover,0.02169999061152339,1,,
1787922385.4354875,768,0.0839383602142334,11.91350411716085,4.028558731079102,22.311200009426102,0.0048999791033566,1,4.759400006150827,1,,0,0,17.521900008432567,1,hover,0.01810002140700817,1,,
1787922385.4444587,769,0.008971214294433594,111.46763048793451,2.997159957885742,0.030499999411404133,0.0048000074457377195,1,,0,,0,0,,0,hover,0.01270000939257443,1,,
1787922385.4954646,770,0.05100584030151367,19.605597988164575,2.102375030517578,18.24150001630187,0.0042000028770416975,1,,0,,0,0,18.211100017651916,1,hover,0.01479999627918005,1,,
1787922385.5039122,771,0.008447647094726562,118.37615714608263,24.43385124206543,0.03029999788850546,0.0043000036384910345,1,,0,,0,0,,0,hover,0.013300013961270452,1,,
1787922385.6069772,772,0.10306501388549805,9.702613547512527,11.120080947875977,22.9072000074666,0.0046000059228390455,1,5.05669999984093,1,,0,0,17.824100010329857,1,hover,0.016000005416572094,1,,
1787922385.6149561,773,0.00797891616821289,125.33030538456941,9.009838104248047,0.031400006264448166,0.004499976057559252,1,,0,,0,0,,0,hover,0.013800017768517137,1,,
1787922385.662371,774,0.04741477966308594,21.090470252222534,1.9917488098144531,18.074499996146187,0.0037999998312443495,1,,0,,0,0,18.043899995973334,1,hover,0.014800025383010507,1,,
1787922385.671384,775,0.009013175964355469,110.94868267908159,1.0342597961425781,0.0295999925583601,0.0043000036384910345,1,,0,,0,0,,0,hover,0.012600008631125093,1,,
1787922385.7761307,776,0.10474658012390137,9.546851064895218,12.39466667175293,23.33399999770336,0.0049000082071870565,1,5.401400005212054,1,,0,0,17.904299980727956,1,hover,0.016799982404336333,1,,
1787922385.7852368,777,0.009106159210205078,109.81578258365188,11.100530624389648,0.02920001861639321,0.0037999998312443495,1,,0,,0,0,,0,hover,0.013400014722719789,1,,
1787922385.8328333,778,0.04759645462036133,21.009968241882646,10.025978088378906,17.552199977217242,0.0041000021155923605,1,,0,,0,0,17.51979999244213,1,hover,0.016400008462369442,1,,
1787922385.8454106,779,0.012577295303344727,79.50835023600554,6.590127944946289,0.03429999924264848,0.0049000082071870565,1,,0,,0,0,,0,hover,0.01479999627918005,1,,
1787922385.9309163,780,0.08550572395324707,11.695123481403202,0.9934902191162109,23.367099987808615,0.0046000059228390455,1,4.834799998207018,1,,0,0,18.502899998566136,1,hover,0.017799990018829703,1,,
1787922385.9428852,781,0.011968851089477539,83.550208163184,2.0296573638916016,0.033899996196851134,0.004399975296109915,1,,0,,0,0,,0,hover,0.014899997040629387,1,,
1787922386.008232,782,0.06534695625305176,15.302931572322455,3.0248165130615234,33.270199986873195,0.0041000021155923605,1,,0,,0,0,33.23790000285953,1,hover,0.016200006939470768,1,,
1787922386.0172153,783,0.008983135223388672,111.31970911407187,11.00611686706543,0.03199998172931373,0.0045000051613897085,1,,0,,0,0,,0,hover,0.01379998866468668,1,,
1787922386.1171937,784,0.09997844696044922,10.002155768588734,6.017923355102539,38.05010000360198,0.0041000021155923605,1,4.562599991913885,1,,0,0,33.4623999951873,1,hover,0.015199999324977398,1,,
1787922386.1252081,785,0.008014440536499023,124.77477316674104,18.06950569152832,0.04400001489557326,0.006999995093792677,1,,0,,0,0,,0,hover,0.020100007532164454,1,,
1787922386.177498,786,0.05228996276855469,19.124129126390663,1.0309219360351562,34.57180000259541,0.0042000028770416975,1,,0,,0,0,34.541300003184006,1,hover,0.014899997040629387,1,,
1787922386.1870155,787,0.009517431259155273,105.07036749417571,14.029979705810547,0.028600014047697186,0.0043000036384910345,1,,0,,0,0,,0,hover,0.012400007108226418,1,,
1787922386.2831366,788,0.09612107276916504,10.40354597790957,2.1467208862304688,39.294399990467355,0.0047000066842883825,1,5.2847000188194215,1,,0,0,33.98089998518117,1,hover,0.01750001683831215,1,,
1787922386.2941067,789,0.010970115661621094,91.15674171955142,21.567344665527344,0.032199983252212405,0.004499976057559252,1,,0,,0,0,,0,hover,0.0137000170070678,1,,
1787922386.3422892,790,0.04818248748779297,20.754428676048533,2.991914749145508,32.74919997784309,0.0042000028770416975,1,,0,,0,0,32.71729999687523,1,hover,0.015900004655122757,1,,
1787922386.3508246,791,0.008535385131835938,117.15932960893855,12.52603530883789,0.028900016332045197,0.0041000021155923605,1,,0,,0,0,,0,hover,0.012899981811642647,1,,
1787922386.4485874,792,0.0977628231048584,10.228837182079127,0.9970664978027344,39.357900008326396,0.004399975296109915,1,4.6898000000510365,1,,0,0,34.6410000056494,1,hover,0.016600009985268116,1,,
1787922386.4650073,793,0.01641988754272461,60.901756933352694,26.30615234375,0.032899988582357764,0.004499976057559252,1,,0,,0,0,,0,hover,0.014100020052865148,1,,
1787922386.5146368,795,0.04962944984436035,20.149326723065318,1.0156631469726562,33.54650002438575,0.0040000013541430235,1,,0,,0,0,33.51350000593811,1,hover,0.015900004655122757,1,,
1787922386.5745256,796,0.05988883972167969,16.697601834453327,5.019903182983398,0.03530000685714185,0.0048999791033566,1,,0,,0,0,,0,hover,0.014999997802078724,1,,
1787922386.644105,797,0.0695793628692627,14.372077563845572,1.9955635070800781,37.811399990459904,0.0052000104915350676,1,4.713600006652996,1,,0,0,33.068599994294345,1,hover,0.016900012269616127,1,,
1787922386.6530862,798,0.00898122787475586,111.34335014600478,14.993667602539062,0.034900003811344504,0.005400012014433742,1,,0,,0,0,,0,hover,0.014399993233382702,1,,
1787922386.7074666,799,0.05438041687011719,18.388972677212305,1.5060901641845703,34.07590001006611,0.004499976057559252,1,,0,,0,0,34.04180001234636,1,hover,0.016700010746717453,1,,
1787922386.738712,800,0.03124547004699707,32.004639344387385,0.0,0.034199998481199145,0.0045000051613897085,1,,0,,0,0,,0,hover,0.01479999627918005,1,,
1787922386.8224666,801,0.0837545394897461,11.93965134418091,4.025936126708984,44.59490001318045,0.004699977580457926,1,4.953900002874434,1,,0,0,39.611600019270554,1,hover,0.018000020645558834,1,,
1787922386.8314419,802,0.00897526741027832,111.41729313321822,26.52907371520996,0.029499991796910763,0.0040000013541430235,1,,0,,0,0,,0,hover,0.01270000939257443,1,,
1787922386.875072,803,0.043630123138427734,22.919944480267542,1.9884109497070312,34.104199992725626,0.0045000051613897085,1,,0,,0,0,34.071499976562336,1,hover,0.015999976312741637,1,,
1787922386.9089622,804,0.0338902473449707,29.507013915270214,1.9879341125488281,0.03509997623041272,0.0046000059228390455,1,,0,,0,0,,0,hover,0.015099998563528061,1,,
1787922386.9676287,805,0.05866646766662598,17.045512364619103,1.9946098327636719,24.799600010737777,0.0048000074457377195,1,5.243100022198632,1,,0,0,19.526899995980784,1,hover,0.017699989257380366,1,,
1787922386.9929662,806,0.02533745765686035,39.467258852201404,19.835948944091797,0.03540000761859119,0.006500020390376449,1,,0,,0,0,,0,hover,0.014299992471933365,1,,
1787922387.0271518,807,0.03418564796447754,29.252041705896712,1.9946098327636719,18.620000017108396,0.0042000028770416975,1,,0,,0,0,18.588500010082498,1,hover,0.015300000086426735,1,,
1787922387.0761616,808,0.04900979995727539,20.40408246660375,2.0270347595214844,0.036200013710185885,0.0049000082071870565,1,,0,,0,0,,0,hover,0.015300000086426735,1,,
1787922387.1327221,809,0.056560516357421875,17.680178053550954,1.8477439880371094,22.832200018456206,0.0047000066842883825,1,4.688899993197992,1,,0,0,18.114900012733415,1,hover,0.01729998621158302,1,,
1787922387.1417017,810,0.008979558944702148,111.36404428749701,1.0306835174560547,0.03279998782090843,0.004699977580457926,1,,0,,0,0,,0,hover,0.014599994756281376,1,,
1787922387.205953,811,0.06425118446350098,15.563915410276486,1.6596317291259766,31.6750000056345,0.0041000021155923605,1,,0,,0,0,31.6443000047002,1,hover,0.014999997802078724,1,,
1787922387.2448523,812,0.03889942169189453,25.70732305278384,2.0322799682617188,0.03980001201853156,0.005599984433501959,1,,0,,0,0,,0,hover,0.015500001609325409,1,,
1787922387.301607,813,0.05675458908081055,17.619720558211437,2.151012420654297,25.303799979155883,0.0050000089686363935,1,4.5584999897982925,1,,0,0,20.716200000606477,1,hover,0.01729998621158302,1,,
1787922387.3182552,814,0.016648292541503906,60.06621985449963,12.694358825683594,0.03860000288113952,0.005400012014433742,1,,0,,0,0,,0,hover,0.016700010746717453,1,,
1787922387.3672178,815,0.04896259307861328,20.423754893749635,8.942842483520508,17.73910000338219,0.0039000005926936865,1,,0,,0,0,17.708700004732236,1,hover,0.014899997040629387,1,,
1787922387.4112477,816,0.044029951095581055,22.711812643833763,3.9873123168945312,0.03749999450519681,0.0051000097300857306,1,,0,,0,0,,0,hover,0.01680001150816679,1,,
1787922387.4630466,817,0.05179882049560547,19.305458897173892,0.0,23.08350001112558,0.0040000013541430235,1,5.014800000935793,1,,0,0,18.043400021269917,1,hover,0.015199999324977398,1,,
1787922387.4740236,818,0.010977029800415039,91.0993245151061,1.0356903076171875,0.03409999771974981,0.0044000043999403715,1,,0,,0,0,,0,hover,0.01479999627918005,1,,
1787922387.503938,819,0.029914379119873047,33.42873993783375,2.0341873168945312,20.644200005335733,0.0043000036384910345,1,,0,,0,0,20.611100015230477,1,hover,0.016699981642886996,1,,
1787922387.5813987,820,0.07746076583862305,12.909761337543937,10.80775260925293,0.043400010326877236,0.005699985194951296,1,,0,,0,0,,0,hover,0.018300022929906845,1,,
1787922387.634781,821,0.053382158279418945,18.732850679541404,8.827924728393555,22.45799999218434,0.004999979864805937,1,4.591200005961582,1,,0,0,17.83859997522086,1,hover,0.017300015315413475,1,,
1787922387.6434236,822,0.00864267349243164,115.70493793103448,5.600214004516602,0.030199997127056122,0.0047000066842883825,1,,0,,0,0,,0,hover,0.013399985618889332,1,,
1787922387.7052248,823,0.06180119514465332,16.18091685216405,0.99945068359375,33.38949999306351,0.004299974534660578,1,,0,,0,0,33.3565000037197,1,hover,0.01580000389367342,1,,
1787922387.741016,824,0.03579115867614746,27.9398610435721,0.9975433349609375,0.03809999907389283,0.0051000097300857306,1,,0,,0,0,,0,hover,0.016200006939470768,1,,
1787922387.8054123,825,0.06439638137817383,15.52882287169842,12.603759765625,21.789499995065853,0.004999979864805937,1,5.026400001952425,1,,0,0,16.73469998058863,1,hover,0.01750001683831215,1,,
1787922387.81493,826,0.009517669677734375,105.06773547094188,10.507345199584961,0.03220001235604286,0.004999979864805937,1,,0,,0,0,,0,hover,0.013400014722719789,1,,
1787922387.877793,827,0.06286311149597168,15.907580394967896,5.527019500732422,33.13739999430254,0.0048000074457377195,1,,0,,0,0,33.1016999843996,1,hover,0.0171000137925148,1,,
1787922387.9064057,828,0.028612613677978516,34.94962086492792,0.5173683166503906,0.03369999467395246,0.0047000066842883825,1,,0,,0,0,,0,hover,0.014199991710484028,1,,
1787922387.9609675,829,0.05456185340881348,18.32782314976251,0.9961128234863281,20.747299975482747,0.005400012014433742,1,4.7839999897405505,1,,0,0,15.933599992422387,1,hover,0.017799990018829703,1,,
1787922387.972897,830,0.011929512023925781,83.82572547765609,1.993417739868164,0.03530000685714185,0.004699977580457926,1,,0,,0,0,,0,hover,0.015500001609325409,1,,
1787922388.0309753,831,0.05807828903198242,17.218138079951395,11.966943740844727,15.88269998319447,0.0037999998312443495,1,,0,,0,0,15.853499993681908,1,hover,0.014400022337213159,1,,
1787922388.077688,832,0.046712636947631836,21.407483399429378,5.949258804321289,0.03759999526664615,0.004999979864805937,1,,0,,0,0,,0,hover,0.01580000389367342,1,,
1787922388.1283603,833,0.050672292709350586,19.734650763403675,3.0486583709716797,20.767100009834394,0.004799978341907263,1,4.5590999943669885,1,,0,0,16.1806000105571,1,hover,0.016200006939470768,1,,
1787922388.152331,834,0.023970842361450195,41.7173491411464,11.967897415161133,0.037299992982298136,0.0046000059228390455,1,,0,,0,0,,0,hover,0.015600002370774746,1,,
1787922388.1980612,835,0.0457301139831543,21.867428547594965,0.995635986328125,21.583000023383647,0.0044000043999403715,1,,0,,0,0,21.54990000417456,1,hover,0.015600002370774746,1,,
1787922388.2434535,836,0.04539227485656738,22.03018031503921,2.991914749145508,0.051099981646984816,0.00689999433234334,1,,0,,0,0,,0,hover,0.022199994418770075,1,,
1787922388.297973,837,0.0545194149017334,18.342089727162605,1.9946098327636719,21.842699992703274,0.0044000043999403715,1,4.579799977364019,1,,0,0,17.236000014236197,1,hover,0.016400008462369442,1,,
1787922388.3061056,838,0.008132696151733398,122.96045263991088,0.9970664978027344,0.029700022423639894,0.0042000028770416975,1,,0,,0,0,,0,hover,0.012900010915473104,1,,
1787922388.3573694,839,0.05126380920410156,19.506939018491646,0.9982585906982422,16.318999987561256,0.004099973011761904,1,,0,,0,0,16.288199985865504,1,hover,0.01470002462156117,1,,
1787922388.4165418,840,0.05917239189147949,16.899773154919476,11.968612670898438,0.036999990697950125,0.0049000082071870565,1,,0,,0,0,,0,hover,0.01580000389367342,1,,
1787922388.4616134,841,0.04507160186767578,22.18691944732443,2.0284652709960938,21.04920000419952,0.0045000051613897085,1,4.758199997013435,1,,0,0,16.265599988400936,1,hover,0.015400000847876072,1,,
1787922388.4797046,842,0.018091201782226562,55.27548761201898,8.113861083984375,0.04980000085197389,0.006299989763647318,1,,0,,0,0,,0,hover,0.02099998528137803,1,,
1787922388.5106537,843,0.030949115753173828,32.31110083968878,13.960838317871094,15.77900000847876,0.0046000059228390455,1,,0,,0,0,15.744800009997562,1,hover,0.01580000389367342,1,,
1787922388.5719633,844,0.0613095760345459,16.310665717807826,2.0296573638916016,0.0323000131174922,0.0047000066842883825,1,,0,,0,0,,0,hover,0.013299984857439995,1,,
1787922388.624613,845,0.052649736404418945,18.993447418590854,2.8748512268066406,20.857299998169765,0.0048000074457377195,1,4.93680001818575,1,,0,0,15.894399984972551,1,hover,0.01580000389367342,1,,
1787922388.6510694,846,0.026456356048583984,37.79810031901663,9.968996047973633,0.03460000152699649,0.0043000036384910345,1,,0,,0,0,,0,hover,0.014199991710484028,1,,
1787922388.6994889,847,0.04841947555541992,20.652846577312076,12.260198593139648,17.534199985675514,0.0041000021155923605,1,,0,,0,0,17.504399991594255,1,hover,0.014699995517730713,1,,
1787922388.7447047,848,0.04521584510803223,22.11614087076652,5.9528350830078125,0.03740002284757793,0.0045000051613897085,1,,0,,0,0,,0,hover,0.016000005416572094,1,,
1787922388.798334,849,0.053629159927368164,18.646572151313478,3.933429718017578,23.68209999985993,0.0049000082071870565,1,4.711799992946908,1,,0,0,18.942900002002716,1,hover,0.01619997783564031,1,,
1787922388.8082743,850,0.009940385818481445,100.59971697886935,3.9894580841064453,0.0342000275850296,0.0045000051613897085,1,,0,,0,0,,0,hover,0.014999997802078724,1,,
1787922388.8546965,851,0.04642224311828613,21.541397675505497,1.506805419921875,17.6606000168249,0.0044000043999403715,1,,0,,0,0,17.62800000142306,1,hover,0.015999976312741637,1,,
1787922388.9076428,852,0.05294632911682129,18.887050654514507,1.9941329956054688,0.04679997800849378,0.008000002708286047,1,,0,,0,0,,0,hover,0.019400002202019095,1,,
1787922388.9699597,853,0.06231689453125,16.047012732615084,5.167245864868164,24.47879998362623,0.0052000104915350676,1,4.990299989003688,1,,0,0,19.45500000147149,1,hover,0.01999997766688466,1,,
1787922388.990905,854,0.020945310592651367,47.743383683737235,16.955852508544922,0.04759998410008848,0.006599992047995329,1,,0,,0,0,,0,hover,0.01990000600926578,1,,
1787922389.027717,855,0.03681206703186035,27.165005407996063,1.0311603546142578,18.04019999690354,0.0042000028770416975,1,,0,,0,0,18.00760001060553,1,hover,0.016700010746717453,1,,
1787922389.0824556,856,0.054738521575927734,18.268670238250795,6.983280181884766,0.033899996196851134,0.0043000036384910345,1,,0,,0,0,,0,hover,0.014699995517730713,1,,
1787922389.1361792,857,0.05372357368469238,18.613802683140065,3.8847923278808594,22.334100009175017,0.0053000112529844046,1,4.6901000023353845,1,,0,0,17.613000003620982,1,hover,0.01930000144056976,1,,
1787922389.1452405,858,0.009061336517333984,110.35899594800821,2.9592514038085938,0.0371999922208488,0.00589998671784997,1,,0,,0,0,,0,hover,0.015400000847876072,1,,
1787922389.1942577,859,0.04901719093322754,20.40100587082245,1.9922256469726562,18.262800003867596,0.0036999990697950125,1,,0,,0,0,18.232999980682507,1,hover,0.014599994756281376,1,,
1787922389.2455027,860,0.05124497413635254,19.514108785365014,0.9970664978027344,0.03600001218728721,0.005199981387704611,1,,0,,0,0,,0,hover,0.015199999324977398,1,,
1787922389.3063643,861,0.06086158752441406,16.43072487386004,6.529569625854492,22.725199989508837,0.0050000089686363935,1,4.728999978397042,1,,0,0,17.969300010008737,1,hover,0.01610000617802143,1,,
1787922389.3305044,862,0.024140119552612305,41.42481555737721,20.458698272705078,0.03920000744983554,0.0052000104915350676,1,,0,,0,0,,0,hover,0.01619997783564031,1,,
1787922389.3626912,863,0.03218674659729004,31.068688380086073,1.993417739868164,18.10690001002513,0.005799985956400633,1,,0,,0,0,18.069400015519932,1,hover,0.0185999961104244,1,,
1787922389.4091523,864,0.04646110534667969,21.523379449074262,2.008676528930664,0.04119999357499182,0.0047000066842883825,1,,0,,0,0,,0,hover,0.017000013031065464,1,,
1787922389.4669156,865,0.05776333808898926,17.31201888747178,0.0,24.174199992557988,0.0049000082071870565,1,4.868100018939003,1,,0,0,19.27289998275228,1,hover,0.020700012100860476,1,,
1787922389.4858649,867,0.018949270248413086,52.77248078108683,4.986763000488281,0.033199990866705775,0.0046000059228390455,1,,0,,0,0,,0,hover,0.014499993994832039,1,,
1787922389.6102514,868,0.12438654899597168,8.039454491436896,2.9518604278564453,31.462099985219538,0.0039000005926936865,1,,0,,0,0,31.431899988092482,1,hover,0.014699995517730713,1,,
1787922389.6249259,869,0.01467442512512207,68.14577003688119,16.66879653930664,0.03259998629800975,0.0041000021155923605,1,,0,,0,0,,0,hover,0.013699987903237343,1,,
1787922389.6630993,870,0.03817343711853027,26.19622636795723,0.9970664978027344,22.708899981807917,0.0046000059228390455,1,4.7904999810270965,1,,0,0,17.890699993586168,1,hover,0.016600009985268116,1,,
1787922389.6760669,871,0.012967586517333984,77.11535208678066,0.9989738464355469,0.03409999771974981,0.0052000104915350676,1,,0,,0,0,,0,hover,0.013999990187585354,1,,
1787922389.767694,872,0.09162712097167969,10.913799204812756,9.136199951171875,18.09030000003986,0.0037999998312443495,1,,0,,0,0,18.058899993775412,1,hover,0.015300000086426735,1,,
1787922389.7781594,873,0.010465383529663086,95.55311538899647,1.996755599975586,0.0329999893438071,0.0042000028770416975,1,,0,,0,0,,0,hover,0.013899989426136017,1,,
1787922389.8499968,874,0.0718374252319336,13.920320734929042,4.276037216186523,37.37360000377521,0.0051000097300857306,1,5.060700001195073,1,,0,0,32.283300010021776,1,hover,0.01719998545013368,1,,
1787922389.8589735,875,0.00897669792175293,111.39953786088019,17.95220375061035,0.03489997470751405,0.005400012014433742,1,,0,,0,0,,0,hover,0.014599994756281376,1,,
1787922389.9285626,876,0.06958913803100586,14.370058723165158,0.9987354278564453,18.06820000638254,0.0040000013541430235,1,,0,,0,0,18.03730000392534,1,hover,0.01500002690590918,1,,
1787922389.9511802,877,0.022617578506469727,44.213397986612556,8.91733169555664,0.03640001523308456,0.0048000074457377195,1,,0,,0,0,,0,hover,0.015299970982596278,1,,
1787922390.004274,878,0.053093671798706055,18.83463633465205,6.493568420410156,22.57520001148805,0.004599976819008589,1,4.872299992712215,1,,0,0,17.676100018434227,1,hover,0.015700003132224083,1,,
1787922390.0275335,879,0.023259639739990234,42.99292728428217,22.259235382080078,0.03169997944496572,0.0048000074457377195,1,,0,,0,0,,0,hover,0.012900010915473104,1,,
1787922390.0921502,880,0.06461668014526367,15.4758801868483,2.4995803833007812,17.307300004176795,0.0039000005926936865,1,,0,,0,0,17.277500010095537,1,hover,0.014199991710484028,1,,
1787922390.111101,881,0.018950700759887695,52.7684972007297,1.956939697265625,0.03670001751743257,0.0047000066842883825,1,,0,,0,0,,0,hover,0.01619997783564031,1,,
1787922390.174461,882,0.06335997581481934,15.7828343073027,11.63029670715332,23.421800025971606,0.0052000104915350676,1,5.329899984644726,1,,0,0,18.061700015095994,1,hover,0.017399986973032355,1,,
1787922390.1830175,883,0.008556604385375977,116.8687898799075,7.560014724731445,0.030800001695752144,0.0044000043999403715,1,,0,,0,0,,0,hover,0.01379998866468668,1,,
1787922390.265439,884,0.08242154121398926,12.132750556116413,1.9938945770263672,20.943300012731925,0.0043000036384910345,1,,0,,0,0,20.91160000418313,1,hover,0.01580000389367342,1,,
1787922390.2754133,885,0.009974241256713867,100.2582526592566,0.99945068359375,0.03489997470751405,0.0048000074457377195,1,,0,,0,0,,0,hover,0.014899997040629387,1,,
1787922390.333579,886,0.058165788650512695,17.192236591314327,1.9602775573730469,24.41689997795038,0.0049000082071870565,1,4.69680002424866,1,,0,0,19.692499976372346,1,hover,0.017000013031065464,1,,
1787922390.3421311,887,0.008552074432373047,116.93069417340396,2.954244613647461,0.029399991035461426,0.004399975296109915,1,,0,,0,0,,0,hover,0.01270000939257443,1,,
1787922390.4288235,888,0.08669233322143555,11.535045405292426,1.9726753234863281,19.23590002115816,0.0048000074457377195,1,,0,,0,0,19.20160002191551,1,hover,0.01659998088143766,1,,
1787922390.4437838,889,0.014960289001464844,66.8436284821827,0.9961128234863281,0.036200013710185885,0.0047000066842883825,1,,0,,0,0,,0,hover,0.015500001609325409,1,,
1787922390.5012686,890,0.05748486518859863,17.39588318976065,1.5785694122314453,24.49560002423823,0.005500012775883079,1,5.109299992909655,1,,0,0,19.358100020326674,1,hover,0.016299978597089648,1,,
1787922390.5102785,891,0.009009838104248047,110.98978565758136,29.807567596435547,0.033899996196851134,0.004699977580457926,1,,0,,0,0,,0,hover,0.01470002462156117,1,,
1787922390.602727,892,0.09244847297668457,10.816836317590656,11.541128158569336,18.661700014490634,0.0041000021155923605,1,,0,,0,0,18.63110001431778,1,hover,0.014999997802078724,1,,
1787922390.6117039,893,0.008976936340332031,111.39657919898013,5.985498428344727,0.03029999788850546,0.0043000036384910345,1,,0,,0,0,,0,hover,0.013500015484169126,1,,
1787922390.6721928,894,0.06048893928527832,16.531948019187336,5.986690521240234,24.829700007103384,0.005699985194951296,1,5.429100012406707,1,,0,0,19.36629999545403,1,hover,0.0213000166695565,1,,
1787922390.69421,895,0.022017240524291992,45.418952429423804,22.017240524291992,0.03619998460635543,0.0050000089686363935,1,,0,,0,0,,0,hover,0.01580000389367342,1,,
1787922390.7743304,896,0.08012032508850098,12.481227440045945,13.994455337524414,19.035400007851422,0.004399975296109915,1,,0,,0,0,19.004200003109872,1,hover,0.01500002690590918,1,,
1787922390.7860975,897,0.011767148971557617,84.98235234525377,12.915372848510742,0.03160000778734684,0.0043000036384910345,1,,0,,0,0,,0,hover,0.013500015484169126,1,,
1787922390.8425133,898,0.05641579627990723,17.725531959852088,10.99252700805664,24.8213000013493,0.0052000104915350676,1,5.7490000035613775,1,,0,0,19.043799984501675,1,hover,0.016499980119988322,1,,
1787922390.8517177,899,0.009204387664794922,108.64383774542817,9.758710861206055,0.03290001768618822,0.0045000051613897085,1,,0,,0,0,,0,hover,0.014299992471933365,1,,
1787922390.9316435,900,0.0799257755279541,12.511608344047275,1.9946098327636719,20.307800004957244,0.0045000051613897085,1,,0,,0,0,20.274900016374886,1,hover,0.016000005416572094,1,,
1787922390.9431508,901,0.011507272720336914,86.90156428053454,0.0,0.032400013878941536,0.0044000043999403715,1,,0,,0,0,,0,hover,0.013199984095990658,1,,
1787922391.0117674,902,0.06861662864685059,14.573726802386387,12.21776008605957,24.16030000313185,0.0048000074457377195,1,5.2092999976594,1,,0,0,18.923900002846494,1,hover,0.0158999755512923,1,,
1787922391.019746,903,0.007978677749633789,125.33405050052293,8.97359848022461,0.032400013878941536,0.004999979864805937,1,,0,,0,0,,0,hover,0.014399993233382702,1,,
1787922391.061685,904,0.04193902015686035,23.844143145447827,1.9850730895996094,18.025900004431605,0.0043000036384910345,1,,0,,0,0,17.993799992837012,1,hover,0.01580000389367342,1,,
1787922391.1109662,905,0.04928112030029297,20.29174649250121,1.4073848724365234,0.03789999755099416,0.005400012014433742,1,,0,,0,0,,0,hover,0.01610000617802143,1,,
1787922391.173898,906,0.06293177604675293,15.890223712375215,1.6562938690185547,27.25240000290796,0.0041000021155923605,1,5.024999991292134,1,,0,0,22.202199994353577,1,hover,0.014999997802078724,1,,
1787922391.1888301,907,0.01493215560913086,66.96956730001597,10.946512222290039,0.038700003642588854,0.004999979864805937,1,,0,,0,0,,0,hover,0.0171000137925148,1,,
1787922391.2290752,908,0.04024505615234375,24.84777251184834,1.1012554168701172,18.97189998999238,0.0041000021155923605,1,,0,,0,0,18.93769999151118,1,hover,0.017400016076862812,1,,
1787922391.2784524,909,0.0493772029876709,20.252260952279784,0.9963512420654297,0.04509999416768551,0.006200018106028438,1,,0,,0,0,,0,hover,0.01930000144056976,1,,
1787922391.3340874,910,0.05563497543334961,17.97430469252196,3.7975311279296875,21.7871000058949,0.004999979864805937,1,4.340499988757074,1,,0,0,17.419600015273318,1,hover,0.016200006939470768,1,,
1787922391.3438282,911,0.009740829467773438,102.66066183669473,0.6418228149414062,0.0295999925583601,0.0041000021155923605,1,,0,,0,0,,0,hover,0.013500015484169126,1,,
1787922391.3973608,912,0.05353260040283203,18.6802059394652,1.9931793212890625,21.386299980804324,0.0039000005926936865,1,,0,,0,0,21.353999996790662,1,hover,0.015900004655122757,1,,
1787922391.4419553,913,0.044594526290893555,22.424276770582164,1.0311603546142578,0.0315000070258975,0.0040000013541430235,1,,0,,0,0,,0,hover,0.013499986380338669,1,,
1787922391.501274,914,0.05931878089904785,16.858067290726325,2.0291805267333984,24.771799973677844,0.005600013537332416,1,5.1571999792940915,1,,0,0,19.580599997425452,1,hover,0.021499989088624716,1,,
1787922391.510239,915,0.008964776992797852,111.54767160447861,30.419111251831055,0.02910001785494387,0.0039000005926936865,1,,0,,0,0,,0,hover,0.013199984095990658,1,,
1787922391.5628479,916,0.05260896682739258,19.008166483880032,1.0318756103515625,18.699000007472932,0.0041000021155923605,1,,0,,0,0,18.665900017367676,1,hover,0.016200006939470768,1,,
1787922391.6103773,917,0.04752945899963379,21.03958305117054,2.0246505737304688,0.04290000651963055,0.005900015821680427,1,,0,,0,0,,0,hover,0.017999991541728377,1,,
1787922391.6662278,918,0.05585050582885742,17.90494079076558,2.0279884338378906,23.187700018752366,0.0047000066842883825,1,4.584700014675036,1,,0,0,18.575399997644126,1,hover,0.016200006939470768,1,,
1787922391.6766064,919,0.010378599166870117,96.35211688222186,1.0607242584228516,0.029399991035461426,0.0043000036384910345,1,,0,,0,0,,0,hover,0.01270000939257443,1,,
1787922391.733527,920,0.056920528411865234,17.56835412286066,8.976459503173828,18.482700019376352,0.0044000043999403715,1,,0,,0,0,18.45070000854321,1,hover,0.015400000847876072,1,,
1787922391.7759237,921,0.04239678382873535,23.58669478419795,1.0340213775634766,0.031899980967864394,0.0043000036384910345,1,,0,,0,0,,0,hover,0.01300001167692244,1,,
1787922391.8298569,922,0.053933143615722656,18.541474369175816,0.0,23.149100015871227,0.0050000089686363935,1,4.793800006154925,1,,0,0,18.326299992622808,1,hover,0.01689998316578567,1,,
1787922391.842784,923,0.012927055358886719,77.35713758760605,1.9948482513427734,0.03600001218728721,0.0042000028770416975,1,,0,,0,0,,0,hover,0.015600002370774746,1,,
1787922391.9009798,924,0.05819582939147949,17.18336194288196,10.971307754516602,17.9272000095807,0.0041000021155923605,1,,0,,0,0,17.894300020998344,1,hover,0.016000005416572094,1,,
1787922391.9449263,925,0.04394650459289551,22.754938288349383,5.023002624511719,0.034999975468963385,0.0046000059228390455,1,,0,,0,0,,0,hover,0.014999997802078724,1,,
1787922391.999317,926,0.054390668869018555,18.385506572977807,3.965616226196289,22.17229999951087,0.004299974534660578,1,4.651700000977144,1,,0,0,17.493999999715015,1,hover,0.015900004655122757,1,,
1787922392.0092897,927,0.009972810745239258,100.27263381864257,3.027677536010742,0.0329999893438071,0.004999979864805937,1,,0,,0,0,,0,hover,0.014600023860111833,1,,
1787922392.0594554,928,0.050165653228759766,19.93395751152512,0.5443096160888672,18.096899992087856,0.0037999998312443495,1,,0,,0,0,18.065899988869205,1,hover,0.015099998563528061,1,,
1787922392.1155276,929,0.056072235107421875,17.834138376760325,10.54835319519043,0.04949999856762588,0.006599992047995329,1,,0,,0,0,,0,hover,0.021799991372972727,1,,
1787922392.184456,930,0.06892848014831543,14.507791233003697,6.560087203979492,38.29329999280162,0.0046000059228390455,1,4.718599986517802,1,,0,0,33.54810000746511,1,hover,0.016300007700920105,1,,
1787922392.1940038,931,0.009547710418701172,104.73715227488388,17.913818359375,0.03359999391250312,0.0045000051613897085,1,,0,,0,0,,0,hover,0.014399993233382702,1,,
1787922392.2600374,932,0.06603360176086426,15.143805173938945,14.923334121704102,34.30389999994077,0.0047000066842883825,1,,0,,0,0,34.267300012288615,1,hover,0.017900019884109497,1,,
1787922392.2879624,933,0.02792501449584961,35.81018731963868,9.974241256713867,0.03610001294873655,0.0048999791033566,1,,0,,0,0,,0,hover,0.015199999324977398,1,,
1787922392.3570952,934,0.06913280487060547,14.46491288573754,10.50877571105957,37.86939999554306,0.0047000066842883825,1,4.921300016576424,1,,0,0,32.920400000875816,1,hover,0.016400008462369442,1,,
1787922392.365621,935,0.008525848388671875,117.29038031319911,24.19877052307129,0.028600014047697186,0.0037999998312443495,1,,0,,0,0,,0,hover,0.012999982573091984,1,,
1787922392.4090264,936,0.04340529441833496,23.038664139957707,1.0285377502441406,33.50489999866113,0.0043000036384910345,1,,0,,0,0,33.47000002395362,1,hover,0.015900004655122757,1,,
1787922392.4412568,937,0.032230377197265625,31.026630370458044,2.025604248046875,0.03470000228844583,0.004699977580457926,1,,0,,0,0,,0,hover,0.014800025383010507,1,,
1787922392.500476,938,0.0592191219329834,16.88643747760515,1.8227100372314453,22.26679999148473,0.0051000097300857306,1,4.46260001626797,1,,0,0,17.77609999408014,1,hover,0.01650000922381878,1,,
1787922392.5202832,939,0.01980733871459961,50.48633814006115,38.68508338928223,0.037200021324679255,0.0051000097300857306,1,,0,,0,0,,0,hover,0.015700003132224083,1,,
1787922392.560986,940,0.04070281982421875,24.568322399250235,0.5452632904052734,18.97209999151528,0.0040000013541430235,1,,0,,0,0,18.93910000217147,1,hover,0.016000005416572094,1,,
1787922392.613998,941,0.05301189422607422,18.86369115080864,4.985570907592773,0.03160000778734684,0.0040000013541430235,1,,0,,0,0,,0,hover,0.01379998866468668,1,,
1787922392.6701612,942,0.05616331100463867,17.805218070519516,1.605987548828125,22.857300005853176,0.0043000036384910345,1,4.648400004953146,1,,0,0,18.183200008934364,1,hover,0.015600002370774746,1,,
1787922392.691191,943,0.02102971076965332,47.55177144152826,15.98978042602539,0.032800016924738884,0.0042000028770416975,1,,0,,0,0,,0,hover,0.01409999094903469,1,,
1787922392.7245631,944,0.03337216377258301,29.9650932679874,4.036426544189453,17.662800004472956,0.003600027412176132,1,,0,,0,0,17.632100003538653,1,hover,0.015499972505494952,1,,
1787922392.7859316,945,0.061368465423583984,16.295013947272317,8.976221084594727,0.03950000973418355,0.0044000043999403715,1,,0,,0,0,,0,search_360,0.01889999839477241,1,,
1787922392.8538978,946,0.06796622276306152,14.713190748971309,7.59577751159668,36.70339999371208,0.0051000097300857306,1,5.103400006191805,1,,0,0,31.57459999783896,1,search_360,0.014299992471933365,1,,
1787922392.8777454,948,0.023847579956054688,41.93297608573942,1.9953250885009766,0.031899980967864394,0.0049000082071870565,1,,0,,0,0,,0,search_360,0.011299998732283711,1,,
1787922392.9591749,949,0.08142948150634766,12.280564501961702,0.0,18.443399982061237,0.0043000036384910345,1,,0,,0,0,18.41469999635592,1,search_360,0.012100004823878407,1,,
1787922392.9769788,950,0.01780390739440918,56.167445597589555,2.0284652709960938,0.030099996365606785,0.0053000112529844046,1,,0,,0,0,,0,search_360,0.010399991879239678,1,,
1787922393.0428302,951,0.06585144996643066,15.185694476124272,10.698556900024414,23.33249998628162,0.005500012775883079,1,5.56779999169521,1,,0,0,17.7376999927219,1,search_360,0.014599994756281376,1,,
1787922393.0518048,952,0.008974552154541016,111.42617289198236,10.968923568725586,0.03060000017285347,0.0052000104915350676,1,,0,,0,0,,0,search_360,0.011900003300979733,1,,
1787922393.131419,953,0.07961416244506836,12.560579290022341,6.947994232177734,18.377300002612174,0.0044000043999403715,1,,0,,0,0,18.34979999694042,1,search_360,0.012399978004395962,1,,
1787922393.1429167,954,0.011497735977172852,86.973644375324,2.3643970489501953,0.030399998649954796,0.0047000066842883825,1,,0,,0,0,,0,search_360,0.01170000177808106,1,,
1787922393.196793,955,0.053876399993896484,18.56100259321869,1.995086669921875,22.57689999532886,0.0045000051613897085,1,4.858600004808977,1,,0,0,17.693000001600012,1,search_360,0.01409999094903469,1,,
1787922393.2057402,956,0.008947134017944336,111.76763397020812,0.0,0.028000009479001164,0.004299974534660578,1,,0,,0,0,,0,search_360,0.010000017937272787,1,,
1787922393.2967749,957,0.0910346508026123,10.984828207539016,0.0,20.980700006475672,0.0043000036384910345,1,,0,,0,0,20.95120001467876,1,search_360,0.012999982573091984,1,,
1787922393.3087757,958,0.012000799179077148,83.32778384821695,2.026081085205078,0.03099997411482036,0.0051000097300857306,1,,0,,0,0,,0,search_360,0.011600001016631722,1,,
1787922393.3655949,959,0.05681920051574707,17.599684453899638,3.3257007598876953,21.876599988900125,0.0049000082071870565,1,4.402399994432926,1,,0,0,17.45029998710379,1,search_360,0.012800010154023767,1,,
1787922393.3897567,960,0.024161815643310547,41.38761816423595,14.994382858276367,0.03500000457279384,0.0048000074457377195,1,,0,,0,0,,0,search_360,0.013200013199821115,1,,
1787922393.4694045,961,0.07964777946472168,12.555277833488493,10.554075241088867,18.065700016450137,0.0040000013541430235,1,,0,,0,0,18.04160000756383,1,search_360,0.010599993402138352,1,,
1787922393.4825075,962,0.013103008270263672,76.31835219622258,10.107994079589844,0.047699984861537814,0.006299989763647318,1,,0,,0,0,,0,search_360,0.02120001590810716,1,,
1787922393.519811,963,0.03730344772338867,26.807173626823126,14.535188674926758,22.482299973489717,0.0048000074457377195,1,4.519199981587008,1,,0,0,17.936699994606897,1,search_360,0.014399993233382702,1,,
1787922393.544361,964,0.024550199508666992,40.732866535238074,2.9926300048828125,0.03459997242316604,0.005500012775883079,1,,0,,0,0,,0,search_360,0.012399978004395962,1,,
1787922393.6224928,965,0.07813167572021484,12.798906343452098,0.6358623504638672,17.493999999715015,0.0040000013541430235,1,,0,,0,0,17.464799981098622,1,search_360,0.012999982573091984,1,,
1787922393.640475,966,0.01798224449157715,55.61041061745091,2.025604248046875,0.03090000245720148,0.0048000074457377195,1,,0,,0,0,,0,search_360,0.011500000255182385,1,,
1787922393.696327,967,0.05585193634033203,17.90448219926577,1.0340213775634766,23.064500011969358,0.0050000089686363935,1,4.797600005986169,1,,0,0,18.24139998643659,1,search_360,0.01409999094903469,1,,
1787922393.7063031,968,0.00997614860534668,100.23908419568387,1.0328292846679688,0.030199997127056122,0.0048999791033566,1,,0,,0,0,,0,search_360,0.011299998732283711,1,,
1787922393.795123,969,0.08881998062133789,11.258727968690442,0.5447864532470703,18.715199985308573,0.004499976057559252,1,,0,,0,0,18.68449998437427,1,search_360,0.013600016245618463,1,,
1787922393.8191714,970,0.024048328399658203,41.58293181052089,11.07645034790039,0.035200006095692515,0.0053000112529844046,1,,0,,0,0,,0,search_360,0.01379998866468668,1,,
1787922393.8665037,971,0.0473322868347168,21.127227667912514,1.028299331665039,23.36770002148114,0.0052000104915350676,1,4.768399987369776,1,,0,0,18.57360001304187,1,search_360,0.014299992471933365,1,,
1787922393.8752124,972,0.008708715438842773,114.82749746762669,0.5130767822265625,0.03239998477511108,0.005400012014433742,1,,0,,0,0,,0,search_360,0.01200000406242907,1,,
1787922393.9623187,973,0.08710622787475586,11.480235390721226,1.7702579498291016,19.238200009567663,0.004699977580457926,1,,0,,0,0,19.208400015486404,1,search_360,0.013400014722719789,1,,
1787922393.9882603,974,0.02594161033630371,38.54810811804388,13.994693756103516,0.03339999238960445,0.004799978341907263,1,,0,,0,0,,0,search_360,0.01300001167692244,1,,
1787922394.0345619,975,0.04630160331726074,21.59752424009928,0.9922981262207031,25.48929999466054,0.008000002708286047,1,5.445600021630526,1,,0,0,20.002299977932125,1,search_360,0.022899999748915434,1,,
1787922394.0445633,976,0.010001420974731445,99.98579227156786,3.023386001586914,0.029900023946538568,0.0042000028770416975,1,,0,,0,0,,0,search_360,0.012100004823878407,1,,
1787922394.1310227,977,0.08645939826965332,11.566122596425627,2.223491668701172,18.795400013914332,0.0046000059228390455,1,,0,,0,0,18.764100008411333,1,search_360,0.01409999094903469,1,,
1787922394.1450183,978,0.013995647430419922,71.45078532247624,0.9951591491699219,0.032199983252212405,0.0052000104915350676,1,,0,,0,0,,0,search_360,0.011399999493733048,1,,
1787922394.2050424,979,0.06002402305603027,16.65999626627052,0.9951591491699219,25.989699992351234,0.0053000112529844046,1,5.6238999823108315,1,,0,0,20.338900008937344,1,search_360,0.014899997040629387,1,,
1787922394.2146535,980,0.009611129760742188,104.04604088112721,4.624366760253906,0.04149999585933983,0.005999987479299307,1,,0,,0,0,,0,search_360,0.015400000847876072,1,,
1787922394.2978423,981,0.08318877220153809,12.02085297733858,2.023935317993164,21.392199996626005,0.004799978341907263,1,,0,,0,0,21.359499980462715,1,search_360,0.014800025383010507,1,,
1787922394.3078492,982,0.010006904602050781,99.9310016201277,3.021240234375,0.03300001844763756,0.007299997378140688,1,,0,,0,0,,0,search_360,0.011600001016631722,1,,
1787922394.3706744,983,0.06282520294189453,15.917178985078252,1.9373893737792969,28.209399984916672,0.005600013537332416,1,5.355700006475672,1,,0,0,22.824999992735684,1,search_360,0.015799974789842963,1,,
1787922394.390621,984,0.019946575164794922,50.13391982022902,16.988039016723633,0.0337999954354018,0.005199981387704611,1,,0,,0,0,,0,search_360,0.012900010915473104,1,,
1787922394.4702756,985,0.07965469360351562,12.554188017815239,10.98775863647461,17.556200007675216,0.0045000051613897085,1,,0,,0,0,17.524800001410767,1,search_360,0.015099998563528061,1,,
1787922394.4832416,987,0.012965917587280273,77.12527812000073,2.9909610748291016,0.029199989512562752,0.004699977580457926,1,,0,,0,0,,0,search_360,0.010800024028867483,1,,
1787922394.569563,988,0.08632135391235352,11.584619038938513,2.274751663208008,24.573600006988272,0.005099980626255274,1,4.92629999644123,1,,0,0,19.619900005636737,1,search_360,0.015400000847876072,1,,
1787922394.6091397,989,0.03957676887512207,25.267348205088044,0.0,0.03600001218728721,0.005600013537332416,1,,0,,0,0,,0,search_360,0.012599979527294636,1,,
1787922394.6610487,990,0.05190896987915039,19.264493252863744,1.0182857513427734,20.478399994317442,0.004199973773211241,1,,0,,0,0,20.449500007089227,1,search_360,0.012200005585327744,1,,
1787922394.6777165,991,0.016667842864990234,59.99576598483765,1.5382766723632812,0.03170000854879618,0.004699977580457926,1,,0,,0,0,,0,search_360,0.011600001016631722,1,,
1787922394.7349079,992,0.05719137191772461,17.485154953768166,0.9262561798095703,24.66260001529008,0.005199981387704611,1,5.11160001042299,1,,0,0,19.523900002241135,1,search_360,0.014300021575763822,1,,
1787922394.776472,993,0.041564226150512695,24.05915116472498,2.7811527252197266,0.03060000017285347,0.004999979864805937,1,,0,,0,0,,0,search_360,0.011000025551766157,1,,
1787922394.82555,994,0.04907798767089844,20.37573355096965,0.0,18.10389998718165,0.004399975296109915,1,,0,,0,0,18.073499988531694,1,search_360,0.013300013961270452,1,,
1787922394.8415406,995,0.015990495681762695,62.53714830994946,0.9965896606445312,0.028999987989664078,0.0048000074457377195,1,,0,,0,0,,0,search_360,0.010599993402138352,1,,
1787922394.908649,996,0.0671083927154541,14.90126584077336,10.606765747070312,23.156699986429885,0.0050000089686363935,1,4.918300022836775,1,,0,0,18.209799978649244,1,search_360,0.01650000922381878,1,,
1787922394.9478326,997,0.039183616638183594,25.520870348285346,4.951953887939453,0.03429999924264848,0.0053000112529844046,1,,0,,0,0,,0,search_360,0.01279998105019331,1,,
1787922394.993812,998,0.04597949981689453,21.748822931574473,1.5120506286621094,18.463000014889985,0.0050000089686363935,1,,0,,0,0,18.430900003295392,1,search_360,0.014499993994832039,1,,
1787922395.0093725,999,0.015560388565063477,64.26574733777676,1.9948482513427734,0.031100003980100155,0.005099980626255274,1,,0,,0,0,,0,search_360,0.011399999493733048,1,,
1787922395.063228,1000,0.05385541915893555,18.568233533729405,1.1222362518310547,22.23579998826608,0.0051000097300857306,1,4.748000006657094,1,,0,0,17.461199982790276,1,search_360,0.01479999627918005,1,,
1787922395.1181583,1001,0.05493044853210449,18.204839514746414,13.996601104736328,0.02989999484270811,0.0043000036384910345,1,,0,,0,0,,0,search_360,0.010899995686486363,1,,
1787922395.1685271,1002,0.0503687858581543,19.853565714610294,9.940624237060547,18.520700017688796,0.0042000028770416975,1,,0,,0,0,18.49030001903884,1,search_360,0.013299984857439995,1,,
1787922395.180492,1003,0.011964797973632812,83.57851107922843,7.9803466796875,0.032800016924738884,0.005400012014433742,1,,0,,0,0,,0,search_360,0.011500000255182385,1,,
1787922395.2290742,1004,0.04858231544494629,20.583621650005643,0.621795654296875,23.4405999945011,0.0047000066842883825,1,5.013899994082749,1,,0,0,18.401999986963347,1,search_360,0.013699987903237343,1,,
1787922395.275711,1005,0.04663681983947754,21.442285375417285,0.9961128234863281,0.03160000778734684,0.004399975296109915,1,,0,,0,0,,0,search_360,0.011800002539530396,1,,
1787922395.3273618,1006,0.0516507625579834,19.360798378869916,1.020193099975586,18.489300011424348,0.0040000013541430235,1,,0,,0,0,18.4605999966152,1,search_360,0.012600008631125093,1,,
1787922395.3403277,1007,0.012965917587280273,77.12527812000073,0.9980201721191406,0.02920001861639321,0.0049000082071870565,1,,0,,0,0,,0,search_360,0.010799994925037026,1,,
1787922395.3995016,1008,0.0591738224029541,16.899364607382157,1.9977092742919922,23.451099987141788,0.0046000059228390455,1,4.656500008422881,1,,0,0,18.768599984468892,1,search_360,0.014400022337213159,1,,
1787922395.444565,1009,0.04506349563598633,22.190910533834188,6.97636604309082,0.033499993151053786,0.0050000089686363935,1,,0,,0,0,,0,search_360,0.012599979527294636,1,,
1787922395.4939585,1010,0.049393415451049805,20.245613526989782,2.7132034301757812,18.54550000280142,0.0039000005926936865,1,,0,,0,0,18.51699998951517,1,search_360,0.012900010915473104,1,,
1787922395.50596,1011,0.012001514434814453,83.32281775199651,24.93000030517578,0.03090000245720148,0.004799978341907263,1,,0,,0,0,,0,search_360,0.01170000177808106,1,,
1787922395.5803318,1012,0.0743718147277832,13.44595400368022,1.9931793212890625,41.10549998586066,0.004799978341907263,1,4.344000015407801,1,,0,0,36.735599976964295,1,search_360,0.0137000170070678,1,,
1787922395.6057408,1013,0.02540898323059082,39.35615962767305,1.9602775573730469,0.032800016924738884,0.0051000097300857306,1,,0,,0,0,,0,search_360,0.01200000406242907,1,,
1787922395.674064,1014,0.06832313537597656,14.636330644035622,3.1044483184814453,32.56669998518191,0.0043000036384910345,1,,0,,0,0,32.5375999964308,1,search_360,0.012500007869675756,1,,
1787922395.6840384,1015,0.009974479675292969,100.25585620040157,15.958309173583984,0.02880001557059586,0.0047000066842883825,1,,0,,0,0,,0,search_360,0.01170000177808106,1,,
1787922395.7464354,1016,0.062397003173828125,16.026410711010577,2.9916763305664062,37.80479999841191,0.005499983672052622,1,4.791400016983971,1,,0,0,32.98659998108633,1,search_360,0.014699995517730713,1,,
1787922395.7714155,1017,0.02498006820678711,40.03191631511635,0.0,0.028900016332045197,0.0047000066842883825,1,,0,,0,0,,0,search_360,0.01069999416358769,1,,
1787922395.8272712,1018,0.055855751037597656,17.90325940343868,0.9992122650146484,19.807500008028,0.0044000043999403715,1,,0,,0,0,19.779499998549,1,search_360,0.012300006346777081,1,,
1787922395.8480654,1019,0.020794153213500977,48.09044108373367,9.003877639770508,0.047900015488266945,0.007499998901039362,1,,0,,0,0,,0,search_360,0.017499987734481692,1,,
1787922395.9052866,1020,0.057221174240112305,17.476048216063965,3.0214786529541016,26.611400011461228,0.0050000089686363935,1,4.593799996655434,1,,0,0,21.991999994497746,1,search_360,0.013899989426136017,1,,
1787922395.9431853,1021,0.03789877891540527,26.386074396542504,1.981973648071289,0.031200004741549492,0.0051000097300857306,1,,0,,0,0,,0,search_360,0.011099997209385037,1,,
1787922396.0068178,1022,0.06363248825073242,15.715242755550893,1.032114028930664,33.0277000030037,0.0041000021155923605,1,,0,,0,0,33.000600000377744,1,search_360,0.01170000177808106,1,,
1787922396.0179777,1023,0.011159896850585938,89.60656298068706,12.154579162597656,0.028099981136620045,0.0047000066842883825,1,,0,,0,0,,0,search_360,0.010799994925037026,1,,
1787922396.0874434,1024,0.06946563720703125,14.39560680944536,10.96487045288086,37.27749999961816,0.005199981387704611,1,4.617900005541742,1,,0,0,32.63349999906495,1,search_360,0.014400022337213159,1,,
1787922396.1049373,1025,0.01749396324157715,57.16257580919932,0.9965896606445312,0.04189999890513718,0.006799993570894003,1,,0,,0,0,,0,search_360,0.015500001609325409,1,,
1787922396.1716194,1026,0.06668210029602051,14.996528237123908,1.9991397857666016,33.13799999887124,0.0043000036384910345,1,,0,,0,0,33.10830000555143,1,search_360,0.012900010915473104,1,,
1787922396.1815972,1027,0.00997781753540039,100.22231780167265,11.972188949584961,0.027799978852272034,0.0048000074457377195,1,,0,,0,0,,0,search_360,0.010899995686486363,1,,
1787922396.2418544,1028,0.0602571964263916,16.59552815772918,2.759695053100586,37.913499982096255,0.0053000112529844046,1,5.132599995704368,1,,0,0,32.75549999671057,1,search_360,0.013999990187585354,1,,
1787922396.2742493,1029,0.0323948860168457,30.869069873559326,2.4747848510742188,0.031200004741549492,0.004999979864805937,1,,0,,0,0,,0,search_360,0.011299998732283711,1,,
1787922396.342436,1030,0.06818675994873047,14.66560371473727,1.9915103912353516,34.30239998851903,0.006500020390376449,1,,0,,0,0,34.27080000983551,1,search_360,0.012899981811642647,1,,
1787922396.3519557,1031,0.009519577026367188,105.04668403125626,18.09835433959961,0.027000001864507794,0.0043000036384910345,1,,0,,0,0,,0,search_360,0.00999998883344233,1,,
1787922396.4135237,1032,0.06156802177429199,16.242197997947606,3.989696502685547,39.14789998088963,0.0048000074457377195,1,4.743799974676222,1,,0,0,34.38029999961145,1,search_360,0.013400014722719789,1,,
1787922396.4400907,1033,0.02656698226928711,37.64070717042089,1.995086669921875,0.03190001007169485,0.0050000089686363935,1,,0,,0,0,,0,search_360,0.011800002539530396,1,,
1787922396.5148718,1035,0.07478117942810059,13.372348599575968,1.9943714141845703,32.698399998480454,0.0045000051613897085,1,,0,,0,0,32.66789999906905,1,search_360,0.013699987903237343,1,,
1787922396.5442789,1036,0.029407024383544922,34.00548069595109,2.9594898223876953,0.027700007194653153,0.0043000036384910345,1,,0,,0,0,,0,search_360,0.010499992640689015,1,,
1787922396.6276796,1037,0.08340072631835938,11.990303252069706,3.561258316040039,21.799400012241676,0.0047000066842883825,1,4.420599987497553,1,,0,0,17.35380000900477,1,search_360,0.014199991710484028,1,,
1787922396.6396644,1038,0.011984825134277344,83.43884777592106,1.9807815551757812,0.03029999788850546,0.0045000051613897085,1,,0,,0,0,,0,search_360,0.010899995686486363,1,,
1787922396.6899223,1039,0.05025792121887207,19.89736096813522,2.0401477813720703,18.77809999859892,0.004399975296109915,1,,0,,0,0,18.747399997664616,1,search_360,0.013500015484169126,1,,
1787922396.7150083,1040,0.025085926055908203,39.8629892223764,11.934995651245117,0.07270000060088933,0.0049000082071870565,1,,0,,0,0,,0,search_360,0.010799994925037026,1,,
1787922396.7936692,1041,0.07866096496582031,12.712785819936471,1.5017986297607422,22.854200011352077,0.0048999791033566,1,4.791400016983971,1,,0,0,18.036499997833744,1,search_360,0.014899997040629387,1,,
1787922396.8036757,1042,0.010006427764892578,99.93576364069574,1.02996826171875,0.02889998722821474,0.0047000066842883825,1,,0,,0,0,,0,search_360,0.010099989594891667,1,,
1787922396.8723257,1043,0.0686500072479248,14.566640851013583,13.994932174682617,18.272999994223937,0.0042000028770416975,1,,0,,0,0,18.24429997941479,1,search_360,0.01279998105019331,1,,
1787922396.8855608,1044,0.013235092163085938,75.5567084594322,16.225337982177734,0.03290001768618822,0.005999987479299307,1,,0,,0,0,,0,search_360,0.013900018529966474,1,,
1787922396.9630015,1045,0.07744073867797852,12.913099966134048,0.9913444519042969,23.9311000041198,0.0052000104915350676,1,5.143900023540482,1,,0,0,18.76009997795336,1,search_360,0.014899997040629387,1,,
1787922396.9778516,1046,0.014850139617919922,67.33943422277879,8.866071701049805,0.029000017093494534,0.0049000082071870565,1,,0,,0,0,,0,search_360,0.010299991117790341,1,,
1787922397.0291672,1047,0.0513155460357666,19.487271933207268,5.019903182983398,19.26660002209246,0.0048000074457377195,1,,0,,0,0,19.23700000043027,1,search_360,0.01279998105019331,1,,
1787922397.0417264,1048,0.012559175491333008,79.62306129809974,2.6755332946777344,0.030000024707987905,0.0045000051613897085,1,,0,,0,0,,0,search_360,0.011099997209385037,1,,
1787922397.1269367,1049,0.08521032333374023,11.735667239324227,0.5457401275634766,22.285499988356605,0.0048000074457377195,1,4.506099998252466,1,,0,0,17.75430000270717,1,search_360,0.01409999094903469,1,,
1787922397.148879,1050,0.0219423770904541,45.57391370486673,8.976936340332031,0.03179998020641506,0.0046000059228390455,1,,0,,0,0,,0,search_360,0.012100004823878407,1,,
1787922397.1932702,1051,0.04439115524291992,22.527010043503946,2.0241737365722656,17.66219999990426,0.004099973011761904,1,,0,,0,0,17.633500014198944,1,search_360,0.012500007869675756,1,,
1787922397.2107973,1052,0.017527103424072266,57.05449302173736,3.56292724609375,0.03700001980178058,0.005799985956400633,1,,0,,0,0,,0,search_360,0.013500015484169126,1,,
1787922397.3031738,1053,0.0923764705657959,10.825267450413596,2.0232200622558594,25.764099991647527,0.012699980288743973,1,5.320300027960911,1,,0,0,20.377099979668856,1,search_360,0.037900026654824615,1,,
1787922397.318648,1054,0.015474319458007812,64.62319733760631,13.346195220947266,0.037299992982298136,0.005400012014433742,1,,0,,0,0,,0,search_360,0.014199991710484028,1,,
1787922397.3639414,1055,0.045293331146240234,22.078305452325054,0.0,24.676900007762015,0.005299982149153948,1,,0,,0,0,24.64340001461096,1,search_360,0.015099998563528061,1,,
1787922397.3747382,1056,0.010796785354614258,92.62016120128078,2.6090145111083984,0.02750000567175448,0.004599976819008589,1,,0,,0,0,,0,search_360,0.010200019460171461,1,,
1787922397.4692824,1057,0.0945441722869873,10.577066526792537,5.022764205932617,24.32209998369217,0.0049000082071870565,1,4.476600006455556,1,,0,0,19.820599991362542,1,search_360,0.013699987903237343,1,,
1787922397.479256,1058,0.009973526000976562,100.26544272327405,7.014989852905273,0.030700000934302807,0.0052000104915350676,1,,0,,0,0,,0,search_360,0.011199997970834374,1,,
1787922397.5100255,1059,0.03076958656311035,32.499624197060214,9.020805358886719,19.99269999214448,0.0044000043999403715,1,,0,,0,0,19.961899990448728,1,search_360,0.013500015484169126,1,,
1787922397.546413,1060,0.03638744354248047,27.482007600576594,2.1524429321289062,0.032800016924738884,0.005099980626255274,1,,0,,0,0,,0,search_360,0.012300006346777081,1,,
1787922397.641334,1061,0.09492111206054688,10.535064099987943,2.0432472229003906,37.52130002249032,0.0047000066842883825,1,4.660100006731227,1,,0,0,32.83670000382699,1,search_360,0.012999982573091984,1,,
1787922397.6611211,1062,0.019787073135375977,50.53804537732098,23.77772331237793,0.03309999010525644,0.005499983672052622,1,,0,,0,0,,0,search_360,0.011800002539530396,1,,
1787922397.7048547,1063,0.04373359680175781,22.865715905621702,3.028392791748047,33.17479998804629,0.0041000021155923605,1,,0,,0,0,33.14809998846613,1,search_360,0.011299998732283711,1,,
1787922397.7228422,1064,0.017987489700317383,55.59419444628537,22.335052490234375,0.03229998401366174,0.0053000112529844046,1,,0,,0,0,,0,search_360,0.011500000255182385,1,,
1787922397.8149874,1065,0.09214520454406738,10.852436705176139,2.505064010620117,39.21109999646433,0.0046000059228390455,1,5.11299999197945,1,,0,0,34.06530001666397,1,hover,0.019800005247816443,1,,
1787922397.8234706,1066,0.008483171463012695,117.88044180883055,22.951602935791016,0.03170000854879618,0.0044000043999403715,1,,0,,0,0,,0,hover,0.01400001929141581,1,,
1787922397.8615632,1067,0.038092613220214844,26.2518088275793,0.9937286376953125,22.22870002151467,0.0044000043999403715,1,,0,,0,0,22.193400014657527,1,hover,0.01719998545013368,1,,
1787922397.873531,1068,0.011967897415161133,83.55686594816423,2.9921531677246094,0.03580001066438854,0.0050000089686363935,1,,0,,0,0,,0,hover,0.015600002370774746,1,,
1787922397.965192,1069,0.09166097640991211,10.909768138711003,0.9973049163818359,24.82570000574924,0.0049000082071870565,1,4.560300003504381,1,,0,0,20.237899996573105,1,hover,0.016299978597089648,1,,
1787922397.9861367,1070,0.020944595336914062,47.74501411529005,17.98534393310547,0.03440000000409782,0.0043000036384910345,1,,0,,0,0,,0,hover,0.01479999627918005,1,,
1787922398.0192413,1071,0.033104658126831055,30.207229332161813,0.0,18.096599989803508,0.004399975296109915,1,,0,,0,0,18.06509998277761,1,hover,0.015700003132224083,1,,
1787922398.0488718,1072,0.029630422592163086,33.74909679028637,10.537862777709961,0.03060000017285347,0.0040000013541430235,1,,0,,0,0,,0,hover,0.013499986380338669,1,,
1787922398.1460526,1073,0.09718084335327148,10.290093865154095,4.5623779296875,36.64600002230145,0.0049000082071870565,1,4.376899974886328,1,,0,0,32.24310002406128,1,hover,0.015600002370774746,1,,
1787922398.1710813,1074,0.025028705596923828,39.95412372116063,33.97202491760254,0.0475000124424696,0.006299989763647318,1,,0,,0,0,,0,hover,0.02090001362375915,1,,
1787922398.200455,1075,0.029373645782470703,34.044122660346424,9.582996368408203,19.14679998299107,0.0040000013541430235,1,,0,,0,0,19.11419999669306,1,hover,0.015500001609325409,1,,
1787922398.2101736,1076,0.009718656539916992,102.89488016093026,6.376504898071289,0.03510000533424318,0.005499983672052622,1,,0,,0,0,,0,hover,0.01479999627918005,1,,
1787922398.318551,1077,0.10837745666503906,9.227011140247443,7.979869842529297,38.464700017357245,0.006299989763647318,1,4.648900008760393,1,,0,0,33.77790001104586,1,hover,0.02370000584051013,1,,
1787922398.3281024,1078,0.009551286697387695,104.69793564813659,22.211313247680664,0.03560000914148986,0.004699977580457926,1,,0,,0,0,,0,hover,0.014899997040629387,1,,
1787922398.3598921,1079,0.03178977966308594,31.45665086698266,5.025386810302734,18.19579998846166,0.0034999975468963385,1,,0,,0,0,18.167100002756342,1,hover,0.014200020814314485,1,,
1787922398.3716383,1080,0.01174616813659668,85.13414658899467,1.4574527740478516,0.031100003980100155,0.0044000043999403715,1,,0,,0,0,,0,hover,0.013600016245618463,1,,
1787922398.4644172,1081,0.09277892112731934,10.778310286963919,0.9610652923583984,23.1027000118047,0.0048999791033566,1,4.911800002446398,1,,0,0,18.163700005970895,1,hover,0.01580000389367342,1,,
1787922398.4752605,1082,0.010843276977539062,92.22304309586632,7.822751998901367,0.0337999954354018,0.006099988240748644,1,,0,,0,0,,0,hover,0.013899989426136017,1,,
1787922398.5119202,1083,0.03665971755981445,27.277897009664287,12.719869613647461,17.684899998130277,0.0042000028770416975,1,,0,,0,0,17.65309998882003,1,hover,0.01559997326694429,1,,
1787922398.5418396,1084,0.02991938591003418,33.42314588297169,2.992391586303711,0.0337999954354018,0.0046000059228390455,1,,0,,0,0,,0,hover,0.01479999627918005,1,,
1787922398.6263297,1085,0.08449006080627441,11.835711685577788,1.962423324584961,22.450200020102784,0.0041000021155923605,1,4.488600010517985,1,,0,0,17.935200012288988,1,hover,0.016200006939470768,1,,
1787922398.6352987,1086,0.00896906852722168,111.49429809404822,2.900838851928711,0.03020002623088658,0.0047000066842883825,1,,0,,0,0,,0,hover,0.01200000406242907,1,,
1787922398.6974947,1087,0.06219601631164551,16.0782001694337,7.977962493896484,17.54359999904409,0.0042000028770416975,1,,0,,0,0,17.513500002678484,1,hover,0.014599994756281376,1,,
1787922398.7113717,1088,0.013876914978027344,72.06212631434266,9.297370910644531,0.03090000245720148,0.0041000021155923605,1,,0,,0,0,,0,hover,0.013599987141788006,1,,
1787922398.7968435,1089,0.08547186851501465,11.699755924071466,5.241870880126953,22.63890000176616,0.0045000051613897085,1,4.6184000093489885,1,,0,0,17.99249998293817,1,hover,0.016999983927235007,1,,
1787922398.8215954,1090,0.024751901626586914,40.400936262847125,18.82481575012207,0.04539999645203352,0.0048000074457377195,1,,0,,0,0,,0,hover,0.021499989088624716,1,,
1787922398.855505,1091,0.03390955924987793,29.490209313280882,2.9878616333007812,18.54540000203997,0.0044000043999403715,1,,0,,0,0,18.510800000512972,1,hover,0.016699981642886996,1,,
1787922398.8697147,1092,0.014209747314453125,70.37422818791946,1.7070770263671875,0.03229998401366174,0.0040000013541430235,1,,0,,0,0,,0,hover,0.014199991710484028,1,,
1787922398.9675534,1093,0.0978386402130127,10.220910652711611,8.692264556884766,22.855899995192885,0.004599976819008589,1,4.720299999462441,1,,0,0,18.10819999082014,1,hover,0.016400008462369442,1,,
1787922398.9914193,1094,0.023865938186645508,41.90072027252475,20.90597152709961,0.04640000406652689,0.0040000013541430235,1,,0,,0,0,,0,hover,0.01400001929141581,1,,
1787922399.0241675,1095,0.03274822235107422,30.536008619936517,4.017114639282227,18.097199994372204,0.0043000036384910345,1,,0,,0,0,18.065699987346306,1,hover,0.015999976312741637,1,,
1787922399.0380998,1096,0.013932228088378906,71.77602847559723,2.9621124267578125,0.05219999002292752,0.007400027243420482,1,,0,,0,0,,0,hover,0.023699976736679673,1,,
1787922399.1324964,1097,0.09439659118652344,10.59360287729082,2.991914749145508,23.783499986166134,0.0045000051613897085,1,4.6950000105425715,1,,0,0,19.062599982134998,1,hover,0.015900004655122757,1,,
1787922399.145272,1098,0.012775659561157227,78.27384529252589,9.07754898071289,0.048699992476031184,0.007299997378140688,1,,0,,0,0,,0,hover,0.021100015146657825,1,,
1787922399.1891546,1099,0.04388260841369629,22.788071086674236,1.9962787628173828,18.849300016881898,0.0040000013541430235,1,,0,,0,0,18.81660000071861,1,hover,0.01610000617802143,1,,
1787922399.2082138,1100,0.019059181213378906,52.468151113335004,3.326892852783203,0.030499999411404133,0.0042000028770416975,1,,0,,0,0,,0,hover,0.012800010154023767,1,,
1787922399.2997606,1101,0.09154677391052246,10.923377824077088,3.1211376190185547,25.93859998160042,0.010099989594891667,1,5.746800015913323,1,,0,0,20.132699981331825,1,hover,0.03680001827888191,1,,
1787922399.3167505,1102,0.016989946365356445,58.85833766015072,12.996912002563477,0.04539999645203352,0.0050000089686363935,1,,0,,0,0,,0,hover,0.020000006770715117,1,,
1787922399.3656871,1103,0.04893660545349121,20.434600862341966,9.972333908081055,18.922200019005686,0.0043000036384910345,1,,0,,0,0,18.887100013671443,1,hover,0.017699989257380366,1,,
1787922399.375659,1104,0.009971857070922852,100.28222355050806,5.982398986816406,0.03950000973418355,0.005799985956400633,1,,0,,0,0,,0,hover,0.017300015315413475,1,,
1787922399.4661639,1105,0.09050488471984863,11.049127382410664,3.980875015258789,23.238199995830655,0.0047000066842883825,1,4.580499982694164,1,,0,0,18.623500014655292,1,hover,0.017499987734481692,1,,
1787922399.4867458,1106,0.020581960678100586,48.58623605592688,13.991355895996094,0.04260000423528254,0.005799985956400633,1,,0,,0,0,,0,hover,0.017900019884109497,1,,
1787922399.5226858,1107,0.035939931869506836,27.824204108980187,6.97779655456543,19.543499976862222,0.0049000082071870565,1,,0,,0,0,19.504199997754768,1,hover,0.018999999156221747,1,,
1787922399.5430474,1108,0.020361661911010742,49.111904734025735,1.9922256469726562,0.036699988413602114,0.0049000082071870565,1,,0,,0,0,,0,hover,0.01580000389367342,1,,
1787922399.6042414,1109,0.06119394302368164,16.3414866012639,9.97471809387207,23.084100015694275,0.0049000082071870565,1,4.681199992774054,1,,0,0,18.37360000354238,1,hover,0.017799990018829703,1,,
1787922399.6391466,1110,0.034905195236206055,28.649030416043388,1.0287761688232422,0.03460000152699649,0.004799978341907263,1,,0,,0,0,,0,hover,0.014600023860111833,1,,
1787922399.69271,1111,0.05356335639953613,18.66947979400074,0.9977817535400391,20.03600000170991,0.0045000051613897085,1,,0,,0,0,20.00180000322871,1,hover,0.01659998088143766,1,,
1787922399.7056744,1112,0.012964487075805664,77.13378818250364,1.0294914245605469,0.036999990697950125,0.004999979864805937,1,,0,,0,0,,0,hover,0.015300000086426735,1,,
1787922399.764729,1113,0.05905461311340332,16.933478136241234,0.9970664978027344,26.153699989663437,0.005900015821680427,1,5.167499999515712,1,,0,0,20.95430000917986,1,hover,0.018799997633323073,1,,
1787922399.8059707,1114,0.04124164581298828,24.247334952017574,1.6417503356933594,0.0473999825771898,0.007099995855242014,1,,0,,0,0,,0,hover,0.019800005247816443,1,,
1787922399.857299,1115,0.051328420639038086,19.482383980454,0.9949207305908203,20.125299983192235,0.0052000104915350676,1,,0,,0,0,20.089999976335093,1,hover,0.017000013031065464,1,,
1787922399.8711898,1116,0.013890743255615234,71.99038824619821,1.5950202941894531,0.03229998401366174,0.004399975296109915,1,,0,,0,0,,0,hover,0.013800017768517137,1,,
1787922399.9285026,1117,0.057312726974487305,17.448131554534978,0.9980201721191406,25.850399979390204,0.005400012014433742,1,5.73819997953251,1,,0,0,20.081299997400492,1,hover,0.0185999961104244,1,,
1787922399.9750216,1118,0.04651904106140137,21.496573815442176,2.9973983764648438,0.03470000228844583,0.0048000074457377195,1,,0,,0,0,,0,hover,0.014599994756281376,1,,
1787922400.0254838,1119,0.05046224594116211,19.816795335783873,0.6730556488037109,20.04450000822544,0.0045000051613897085,1,,0,,0,0,20.010200008982792,1,hover,0.016699981642886996,1,,
1787922400.0474515,1120,0.021967649459838867,45.52148384506018,8.007049560546875,0.03530000685714185,0.0045000051613897085,1,,0,,0,0,,0,hover,0.014999997802078724,1,,
1787922400.1011136,1121,0.05366206169128418,18.635139397978453,1.7845630645751953,25.663399981567636,0.0052000104915350676,1,5.464599991682917,1,,0,0,20.168099988950416,1,hover,0.017999991541728377,1,,
1787922400.1424935,1122,0.04137992858886719,24.166305600368748,0.5404949188232422,0.0363999861292541,0.005400012014433742,1,,0,,0,0,,0,hover,0.015500001609325409,1,,
1787922400.205065,1123,0.06257152557373047,15.981710383929524,12.600421905517578,18.358900008024648,0.0037999998312443495,1,,0,,0,0,18.33029999397695,1,hover,0.013899989426136017,1,,
1787922400.2164292,1124,0.011364221572875977,87.99546837302003,12.615680694580078,0.03540000761859119,0.005199981387704611,1,,0,,0,0,,0,hover,0.01479999627918005,1,,
1787922400.2646568,1125,0.048227548599243164,20.73503690410864,1.4836788177490234,24.114900006679818,0.005999987479299307,1,5.109499994432554,1,,0,0,18.968199990922585,1,hover,0.02340000355616212,1,,
1787922400.3058476,1126,0.04119086265563965,24.27722886893909,1.6093254089355469,0.045900000259280205,0.006299989763647318,1,,0,,0,0,,0,hover,0.020500010577961802,1,,
1787922400.3597357,1127,0.05388808250427246,18.556978714555598,1.9938945770263672,18.989100004546344,0.0042000028770416975,1,,0,,0,0,18.956699990667403,1,hover,0.016200006939470768,1,,
1787922400.3693216,1128,0.009585857391357422,104.32035019648809,1.0955333709716797,0.029699993319809437,0.0041000021155923605,1,,0,,0,0,,0,hover,0.01309998333454132,1,,
1787922400.4313207,1129,0.06199908256530762,16.129270928269555,1.9938945770263672,23.16640000208281,0.005900015821680427,1,4.469600011361763,1,,0,0,18.66359999985434,1,hover,0.02069998299703002,1,,
1787922400.471209,1130,0.03988838195800781,25.069956486396023,1.9598007202148438,0.036200013710185885,0.0048999791033566,1,,0,,0,0,,0,hover,0.015600002370774746,1,,
1787922400.5023155,1131,0.03110647201538086,32.14765080095041,2.196788787841797,18.191399984061718,0.0041000021155923605,1,,0,,0,0,18.159500003093854,1,hover,0.014899997040629387,1,,
1787922400.5432086,1132,0.0408930778503418,24.454016488065392,5.951642990112305,0.04579999949783087,0.006399990525096655,1,,0,,0,0,,0,hover,0.020100007532164454,1,,
1787922400.5956807,1133,0.05247211456298828,19.05774158957489,4.404783248901367,22.310800006380305,0.004399975296109915,1,4.822299990337342,1,,0,0,17.41210001637228,1,hover,0.016000005416572094,1,,
1787922400.6367877,1134,0.0411069393157959,24.326792912449612,1.9946098327636719,0.10939998901449144,0.00580001506023109,1,,0,,0,0,,0,hover,0.019700004486367106,1,,
1787922400.7010589,1135,0.06427121162414551,15.55906563342768,11.970758438110352,17.913699994096532,0.0043000036384910345,1,,0,,0,0,17.82789998105727,1,hover,0.01619997783564031,1,,
1787922400.7145216,1136,0.01346278190612793,74.27885313545966,11.398553848266602,0.3034999826923013,0.0045000051613897085,1,,0,,0,0,,0,hover,0.0515999854542315,1,,
1787922400.7673342,1137,0.05281257629394531,18.934883888908953,7.976293563842773,22.19600000535138,0.0044000043999403715,1,4.749399988213554,1,,0,0,17.36720002372749,1,hover,0.015400000847876072,1,,
1787922400.8068275,1138,0.03949332237243652,25.320736264466003,7.0133209228515625,0.08779999916441739,0.0044000043999403715,1,,0,,0,0,,0,hover,0.015300000086426735,1,,
1787922400.8568308,1139,0.0500032901763916,19.998684016039746,1.9946098327636719,18.399000022327527,0.0043000036384910345,1,,0,,0,0,18.318100017495453,1,hover,0.015400000847876072,1,,
1787922400.8708956,1140,0.014064788818359375,71.0995389205316,0.9965896606445312,0.08259998867288232,0.0045000051613897085,1,,0,,0,0,,0,hover,0.014100020052865148,1,,
1787922400.9269245,1141,0.05602884292602539,17.847950230210806,0.0,24.739000014960766,0.0044000043999403715,1,5.309199972543865,1,,0,0,19.34710002387874,1,hover,0.015400000847876072,1,,
1787922400.9746506,1142,0.04772615432739258,20.952871943969868,1.992940902709961,0.09610000415705144,0.0050000089686363935,1,,0,,0,0,,0,hover,0.016999983927235007,1,,
1787922401.0421445,1143,0.06749391555786133,14.816150340880991,2.991199493408203,34.887999994680285,0.0053000112529844046,1,,0,,0,0,34.787500015227124,1,hover,0.017999991541728377,1,,
1787922401.0518568,1144,0.00971221923828125,102.9630793401414,15.373945236206055,0.08629998774267733,0.0049000082071870565,1,,0,,0,0,,0,hover,0.015700003132224083,1,,
1787922401.0973628,1145,0.04550600051879883,21.975123908920395,2.0284652709960938,24.356400012038648,0.0048000074457377195,1,5.088600009912625,1,,0,0,19.185799988918006,1,hover,0.016999983927235007,1,,
1787922401.1411324,1146,0.04376959800720215,22.84690848281159,2.025127410888672,0.09539999882690609,0.004699977580457926,1,,0,,0,0,,0,hover,0.01650000922381878,1,,
1787922401.2134364,1147,0.07230401039123535,13.830491484345375,9.971857070922852,34.16879998985678,0.0041000021155923605,1,,0,,0,0,34.08739998121746,1,hover,0.015699974028393626,1,,
1787922401.2255607,1148,0.012124300003051758,82.47898845692487,19.570589065551758,0.09700001101009548,0.005399982910603285,1,,0,,0,0,,0,hover,0.017900019884109497,1,,
1787922401.2646964,1149,0.03913569450378418,25.552120964745015,6.389856338500977,23.908400005893782,0.006200018106028438,1,4.98109997715801,1,,0,0,18.82660001865588,1,hover,0.021099986042827368,1,,
1787922401.304216,1150,0.039519548416137695,25.303932865580336,1.9948482513427734,0.12240000069141388,0.00689999433234334,1,,0,,0,0,,0,hover,0.022000021999701858,1,,
1787922401.3754318,1151,0.07121586799621582,14.041814389640477,2.992391586303711,33.910300000570714,0.0042000028770416975,1,,0,,0,0,33.82460001739673,1,hover,0.016200006939470768,1,,
1787922401.3834474,1152,0.008015632629394531,124.75621653777513,13.037919998168945,0.07160002132877707,0.0041000021155923605,1,,0,,0,0,,0,hover,0.013599987141788006,1,,
1787922401.4359539,1153,0.052506446838378906,19.045280345823418,9.82046127319336,22.927200014237314,0.0045000051613897085,1,4.948899993905798,1,,0,0,17.898699996294454,1,hover,0.01580000389367342,1,,
1787922401.4748492,1154,0.038895368576049805,25.710001900220057,3.987550735473633,0.0957000011112541,0.0044000043999403715,1,,0,,0,0,,0,hover,0.016399979358538985,1,,
1787922401.5088463,1155,0.0339970588684082,29.414309157468058,10.541915893554688,17.610699986107647,0.0041000021155923605,1,,0,,0,0,17.52559997839853,1,hover,0.015199999324977398,1,,
1787922401.553215,1156,0.044368743896484375,22.538388788582235,11.654376983642578,0.14009998994879425,0.0051000097300857306,1,,0,,0,0,,0,hover,0.017099984688684344,1,,
1787922401.594329,1157,0.041114091873168945,24.322560816492214,0.99945068359375,22.955200023716316,0.0044000043999403715,1,4.819800000404939,1,,0,0,18.054300016956404,1,hover,0.016200006939470768,1,,
1787922401.6462705,1158,0.0519413948059082,19.252467203407726,9.944915771484375,0.09400001727044582,0.0050000089686363935,1,,0,,0,0,,0,hover,0.01659998088143766,1,,
1787922401.6940598,1159,0.04778933525085449,20.925170746795846,6.642580032348633,17.59400000446476,0.004599976819008589,1,,0,,0,0,17.506000003777444,1,hover,0.015500001609325409,1,,
1787922401.7020395,1160,0.007979631423950195,125.3190713794855,1.0313987731933594,0.08399999933317304,0.004199973773211241,1,,0,,0,0,,0,hover,0.013200013199821115,1,,
1787922401.7628074,1161,0.06076788902282715,16.456059541978743,1.0514259338378906,22.606800019275397,0.0045000051613897085,1,4.617600003257394,1,,0,0,17.91130000492558,1,hover,0.015300000086426735,1,,
1787922401.8050752,1162,0.042267799377441406,23.65867196137271,2.069234848022461,0.14310001279227436,0.0050000089686363935,1,,0,,0,0,,0,hover,0.014899997040629387,1,,
1787922401.8647804,1163,0.059705257415771484,16.748943782894475,8.979082107543945,18.215699994470924,0.0041000021155923605,1,,0,,0,0,18.13350000884384,1,hover,0.014999997802078724,1,,
1787922401.8764617,1164,0.011681318283081055,85.60677620165323,7.998943328857422,0.08530000923201442,0.0045000051613897085,1,,0,,0,0,,0,hover,0.013899989426136017,1,,
1787922401.933,1165,0.05653834342956543,17.687111778324105,5.949735641479492,24.13370000431314,0.0043000036384910345,1,4.592300014337525,1,,0,0,19.470100000035018,1,hover,0.014999997802078724,1,,
1787922401.9711215,1166,0.03812146186828613,26.231942611621523,1.9936561584472656,0.09890002547763288,0.0046000059228390455,1,,0,,0,0,,0,hover,0.014599994756281376,1,,
1787922402.0486057,1167,0.077484130859375,12.905868452146514,14.989137649536133,31.645899987779558,0.0045000051613897085,1,,0,,0,0,31.55839999089949,1,hover,0.01580000389367342,1,,
1787922402.0619788,1168,0.013373136520385742,74.7767734574174,24.392366409301758,0.1024999946821481,0.0048000074457377195,1,,0,,0,0,,0,hover,0.01650000922381878,1,,
1787922402.1025178,1169,0.04053902626037598,24.667588056436102,6.022214889526367,24.039799987804145,0.0043000036384910345,1,4.948799993144348,1,,0,0,19.013899989658967,1,hover,0.01610000617802143,1,,
1787922402.1400466,1170,0.03752875328063965,26.64623555496261,0.0,0.11379999341443181,0.006499991286545992,1,,0,,0,0,,0,hover,0.023100001271814108,1,,
1787922402.209153,1171,0.0691063404083252,14.470452263733685,2.502918243408203,34.814000013284385,0.004799978341907263,1,,0,,0,0,34.72580001107417,1,hover,0.016300007700920105,1,,
1787922402.2180533,1172,0.00890040397644043,112.35445072459886,13.304471969604492,0.08850000449456275,0.0048000074457377195,1,,0,,0,0,,0,hover,0.016000005416572094,1,,
1787922402.2869837,1173,0.06893038749694824,14.507389792988949,9.94420051574707,38.88649999862537,0.004599976819008589,1,4.862999980105087,1,,0,0,33.95360001013614,1,hover,0.015100027667358518,1,,
1787922402.3072395,1174,0.02025580406188965,49.36856601419508,1.0325908660888672,0.12799998512491584,0.006099988240748644,1,,0,,0,0,,0,hover,0.022599997464567423,1,,
1787922402.3624954,1175,0.055255889892578125,18.097618225750775,1.9953250885009766,23.086000001057982,0.0044000043999403715,1,,0,,0,0,22.999199980404228,1,hover,0.01659998088143766,1,,
1787922402.3728778,1176,0.010382413864135742,96.31671527315315,3.9892196655273438,0.12650000280700624,0.005900015821680427,1,,0,,0,0,,0,hover,0.031499977922067046,1,,
1787922402.4252427,1177,0.05236482620239258,19.0967882932515,1.0318756103515625,22.64749997993931,0.0040000013541430235,1,4.300100001273677,1,,0,0,18.27729999786243,1,hover,0.014600023860111833,1,,
1787922402.480659,1179,0.05541634559631348,18.04521733144605,1.150369644165039,0.08850000449456275,0.005099980626255274,1,,0,,0,0,,0,hover,0.014999997802078724,1,,
1787922402.5606863,1180,0.08002734184265137,12.495729296696945,1.1744499206542969,17.77030000812374,0.0041000021155923605,1,,0,,0,0,17.688299994915724,1,hover,0.015300000086426735,1,,
1787922402.5696611,1181,0.008974790573120117,111.42321281513163,0.0,0.08230001549236476,0.0047000066842883825,1,,0,,0,0,,0,hover,0.013599987141788006,1,,
1787922402.6613717,1182,0.09171056747436523,10.903868851095247,1.1501312255859375,22.31170001323335,0.0045000051613897085,1,4.51289999182336,1,,0,0,17.724800010910258,1,hover,0.016000005416572094,1,,
1787922402.67135,1183,0.009978294372558594,100.21752843352768,3.022909164428711,0.1312999811489135,0.007700000423938036,1,,0,,0,0,,0,hover,0.020800012862309813,1,,
1787922402.7288423,1184,0.05749225616455078,17.393646844156923,9.216785430908203,17.76129999780096,0.0043000036384910345,1,,0,,0,0,17.67410000320524,1,hover,0.016499980119988322,1,,
1787922402.7418072,1185,0.012964963912963867,77.13095128634215,7.977485656738281,0.08880000677891076,0.0052000104915350676,1,,0,,0,0,,0,hover,0.01559997326694429,1,,
1787922402.8263235,1186,0.08451628684997559,11.832038974630946,1.9941329956054688,23.22580001782626,0.0048000074457377195,1,5.105100019136444,1,,0,0,18.048400001134723,1,hover,0.015300000086426735,1,,
1787922402.837315,1187,0.010991573333740234,90.9787861697974,0.9987354278564453,0.089599983766675,0.0049000082071870565,1,,0,,0,0,,0,hover,0.01479999627918005,1,,
1787922402.8991313,1188,0.06181621551513672,16.176985143245037,12.964963912963867,17.791399994166568,0.004799978341907263,1,,0,,0,0,17.699999996693805,1,hover,0.01750001683831215,1,,
1787922402.9108315,1189,0.011700153350830078,85.46896523617394,7.711172103881836,0.08599998545832932,0.0048000074457377195,1,,0,,0,0,,0,hover,0.015900004655122757,1,,
1787922402.9966307,1190,0.0857992172241211,11.655117987706603,5.984067916870117,22.201000014320016,0.0044000043999403715,1,4.530399979557842,1,,0,0,17.592100019101053,1,hover,0.015600002370774746,1,,
1787922403.0061107,1191,0.009479999542236328,105.4852371611086,3.988981246948242,0.07800001185387373,0.0046000059228390455,1,,0,,0,0,,0,hover,0.013699987903237343,1,,
1787922403.0835557,1192,0.07744503021240234,12.912384400359574,10.968208312988281,32.07050001947209,0.0047000066842883825,1,,0,,0,0,31.98170001269318,1,hover,0.016000005416572094,1,,
1787922403.0970879,1193,0.013532161712646484,73.89802318615878,24.569272994995117,0.08669999078847468,0.0045000051613897085,1,,0,,0,0,,0,hover,0.01409999094903469,1,,
1787922403.180711,1194,0.08362317085266113,11.95840805608697,3.798246383666992,36.18190000997856,0.0044000043999403715,1,4.630700015695766,1,,0,0,31.470399990212172,1,hover,0.016799982404336333,1,,
1787922403.2062483,1195,0.02553725242614746,39.158480454855244,31.577110290527344,0.10259999544359744,0.00580001506023109,1,,0,,0,0,,0,hover,0.015900004655122757,1,,
1787922403.2384317,1196,0.03218340873718262,31.071910628430885,11.121034622192383,17.707799997879192,0.0037999998312443495,1,,0,,0,0,17.612099996767938,1,hover,0.01479999627918005,1,,
1787922403.2523909,1197,0.013959169387817383,71.63750021349638,9.00721549987793,0.1024999946821481,0.0053000112529844046,1,,0,,0,0,,0,hover,0.016700010746717453,1,,
1787922403.3392937,1198,0.08690285682678223,11.507101567365439,6.949424743652344,26.12829999998212,0.007399998139590025,1,5.6650000042282045,1,,0,0,20.296100003179163,1,hover,0.026399997295811772,1,,
1787922403.3502982,1199,0.011004447937011719,90.87234595718867,10.038614273071289,0.0838999985717237,0.0047000066842883825,1,,0,,0,0,,0,hover,0.015600002370774746,1,,
1787922403.396158,1200,0.04585981369018555,21.805583571614246,1.0333061218261719,18.565200007287785,0.004399975296109915,1,,0,,0,0,18.47979999729432,1,hover,0.01610000617802143,1,,
1787922403.4113064,1201,0.015148401260375977,66.01356689802792,0.9319782257080078,0.08189998334273696,0.0049000082071870565,1,,0,,0,0,,0,hover,0.015400000847876072,1,,
1787922403.52608,1203,0.11477351188659668,8.712811724259703,3.8056373596191406,42.19870001543313,0.0048000074457377195,1,4.839800007175654,1,,0,0,37.27309999521822,1,hover,0.016999983927235007,1,,
1787922403.5451474,1204,0.01906752586364746,52.4451891216005,4.02379035949707,0.10679999832063913,0.0049000082071870565,1,,0,,0,0,,0,hover,0.017999991541728377,1,,
1787922403.5954888,1205,0.05034136772155762,19.86437884507002,2.9900074005126953,18.83000001544133,0.0040000013541430235,1,,0,,0,0,18.74700002372265,1,hover,0.01559997326694429,1,,
1787922403.644184,1206,0.04869532585144043,20.535851901901168,2.027273178100586,0.09950000094249845,0.005199981387704611,1,,0,,0,0,,0,hover,0.016400008462369442,1,,
1787922403.7457583,1207,0.10157418251037598,9.845021395056252,14.33706283569336,61.34399998700246,0.0050000089686363935,1,5.582799989497289,1,,0,0,55.665899999439716,1,hover,0.017699989257380366,1,,
1787922403.755764,1209,0.010005712509155273,99.94290752257726,13.994693756103516,0.0847000046633184,0.0048999791033566,1,,0,,0,0,,0,hover,0.014899997040629387,1,,
1787922403.8320837,1210,0.07631969451904297,13.102777812488284,2.027750015258789,22.223100007977337,0.0048000074457377195,1,,0,,0,0,22.127400006866083,1,hover,0.017699989257380366,1,,
1787922403.8445907,1211,0.012506961822509766,79.95546913721454,1.992940902709961,0.2027000009547919,0.005499983672052622,1,,0,,0,0,,0,hover,0.016900012269616127,1,,
1787922403.9024441,1212,0.05785346031188965,17.2850507922771,0.0,25.484099984169006,0.005399982910603285,1,5.312399996910244,1,,0,0,20.136999984970316,1,hover,0.017200014553964138,1,,
1787922403.916249,1213,0.013804912567138672,72.4379814168768,8.819341659545898,0.086499989265576,0.0044000043999403715,1,,0,,0,0,,0,hover,0.02989999484270811,1,,
1787922403.9951591,1214,0.07891011238098145,12.672647013502612,3.89862060546875,17.51559998956509,0.0042000028770416975,1,,0,,0,0,17.481899994891137,1,hover,0.015400000847876072,1,,
1787922404.008635,1215,0.013475894927978516,74.20657443119494,2.5360584259033203,0.037699996028095484,0.0045000051613897085,1,,0,,0,0,,0,hover,0.013900018529966474,1,,
1787922404.0652964,1216,0.056661367416381836,17.648709263428078,1.0004043579101562,23.044300003675744,0.004699977580457926,1,4.974200011929497,1,,0,0,18.039099988527596,1,hover,0.016300007700920105,1,,
1787922404.0882347,1217,0.022938251495361328,43.5953019436649,11.967897415161133,0.03850000211969018,0.0046000059228390455,1,,0,,0,0,,0,hover,0.015500001609325409,1,,
1787922404.1712043,1218,0.08296966552734375,12.052597701149425,1.0232925415039062,26.134699990507215,0.004699977580457926,1,,0,,0,0,26.09559998381883,1,hover,0.0171000137925148,1,,
1787922404.1827538,1219,0.01154947280883789,86.58403864415178,5.817651748657227,0.05980001878924668,0.0050000089686363935,1,,0,,0,0,,0,hover,0.03369999467395246,1,,
1787922404.2466848,1220,0.06393098831176758,15.64186674423635,0.9977817535400391,36.12569998949766,0.005299982149153948,1,6.364200002280995,1,,0,0,29.727999994065613,1,hover,0.017400016076862812,1,,
1787922404.256613,1221,0.009928226470947266,100.72292397099082,14.019250869750977,0.033499993151053786,0.0045000051613897085,1,,0,,0,0,,0,hover,0.013399985618889332,1,,
1787922404.329276,1222,0.0726630687713623,13.76214928585725,1.0330677032470703,20.545499981381,0.0048000074457377195,1,,0,,0,0,20.50829998916015,1,hover,0.016900012269616127,1,,
1787922404.3513622,1223,0.022086143493652344,45.277257221814416,7.012844085693359,0.04140002420172095,0.005400012014433742,1,,0,,0,0,,0,hover,0.01619997783564031,1,,
1787922404.4056036,1224,0.05424141883850098,18.43609590998,9.352445602416992,23.30249999067746,0.0052000104915350676,1,4.820500005735084,1,,0,0,18.449199997121468,1,hover,0.016999983927235007,1,,
1787922404.4161193,1225,0.010515689849853516,95.0959960096132,8.011579513549805,0.03689998993650079,0.0047000066842883825,1,,0,,0,0,,0,hover,0.014899997040629387,1,,
1787922404.496384,1226,0.08026456832885742,12.458797459706405,1.9958019256591797,18.32450000802055,0.0036999990697950125,1,,0,,0,0,18.29180002096109,1,hover,0.014899997040629387,1,,
1787922404.5215836,1227,0.02519965171813965,39.68308813094281,41.18752479553223,0.037299992982298136,0.0043000036384910345,1,,0,,0,0,,0,hover,0.014899997040629387,1,,
1787922404.5643616,1228,0.04277801513671875,23.376493668628502,1.018524169921875,22.617199982050806,0.0045000051613897085,1,4.655800003092736,1,,0,0,17.931499984115362,1,hover,0.015500001609325409,1,,
1787922404.5743353,1229,0.009973764419555664,100.26304592068463,0.9980201721191406,0.03640001523308456,0.0050000089686363935,1,,0,,0,0,,0,hover,0.014599994756281376,1,,
1787922404.662066,1230,0.08773064613342285,11.398525419260862,5.935430526733398,17.07250002073124,0.0042000028770416975,1,,0,,0,0,17.03840002301149,1,hover,0.015500001609325409,1,,
1787922404.67606,1231,0.013993978500366211,71.45930658488798,2.026081085205078,0.044100015657022595,0.00589998671784997,1,,0,,0,0,,0,hover,0.01819999306462705,1,,
1787922404.7330568,1232,0.056996822357177734,17.544837740837107,1.6050338745117188,22.87149999756366,0.0052000104915350676,1,4.888800001936033,1,,0,0,17.950700013898313,1,hover,0.01680001150816679,1,,
1787922404.7430289,1233,0.009972095489501953,100.2798259455841,2.9675960540771484,0.03660001675598323,0.0051000097300857306,1,,0,,0,0,,0,hover,0.014499993994832039,1,,
1787922404.845244,1234,0.10221505165100098,9.78329496339111,1.6160011291503906,34.424400015268475,0.0042000028770416975,1,,0,,0,0,34.390100016025826,1,hover,0.015600002370774746,1,,
1787922404.8555725,1235,0.010328531265258789,96.81918699937674,13.754844665527344,0.028999987989664078,0.0044000043999403715,1,,0,,0,0,,0,hover,0.011299998732283711,1,,
1787922404.901847,1236,0.046274423599243164,21.610209749135706,1.9884109497070312,24.16630001971498,0.0047000066842883825,1,4.843500006245449,1,,0,0,19.28740000585094,1,hover,0.017099984688684344,1,,
1787922404.9114916,1237,0.009644746780395508,103.68338565742961,4.658699035644531,0.0329999893438071,0.004299974534660578,1,,0,,0,0,,0,hover,0.013400014722719789,1,,
1787922404.9964454,1238,0.08495378494262695,11.771105909823138,1.6140937805175781,18.818899989128113,0.0044000043999403715,1,,0,,0,0,18.783000006806105,1,hover,0.01610000617802143,1,,
1787922405.0084486,1239,0.012003183364868164,83.31123249577912,1.0323524475097656,0.03739999374374747,0.0045000051613897085,1,,0,,0,0,,0,hover,0.015099998563528061,1,,
1787922405.0694125,1240,0.06096386909484863,16.40315837638492,5.931615829467773,21.91859998856671,0.0047000066842883825,1,4.621799977030605,1,,0,0,17.265600006794557,1,hover,0.016400008462369442,1,,
1787922405.0793505,1241,0.00993800163269043,100.62385145023151,4.986047744750977,0.03649998689070344,0.0045000051613897085,1,,0,,0,0,,0,hover,0.014999997802078724,1,,
1787922405.1632633,1242,0.08391284942626953,11.917126004386912,0.7762908935546875,18.661199981579557,0.0043000036384910345,1,,0,,0,0,18.624099990120158,1,hover,0.01610000617802143,1,,
1787922405.1762297,1243,0.012966394424438477,77.12244184977476,1.0008811950683594,0.04949999856762588,0.006999995093792677,1,,0,,0,0,,0,hover,0.021499989088624716,1,,
1787922405.2400255,1244,0.06379580497741699,15.675011865654628,11.968612670898438,23.0182999803219,0.0050000089686363935,1,5.146299983607605,1,,0,0,17.83860000432469,1,hover,0.017499987734481692,1,,
1787922405.2635038,1245,0.023478269577026367,42.59257679614115,22.48215675354004,0.03850000211969018,0.0045000051613897085,1,,0,,0,0,,0,hover,0.015300000086426735,1,,
1787922405.331768,1246,0.06826424598693848,14.648956939938042,2.9909610748291016,21.32319999509491,0.0046000059228390455,1,,0,,0,0,21.28459999221377,1,hover,0.017499987734481692,1,,
1787922405.3457308,1247,0.013962745666503906,71.61915169728843,2.9916763305664062,0.04990000161342323,0.006199989002197981,1,,0,,0,0,,0,hover,0.020700012100860476,1,,
1787922405.397359,1248,0.05162811279296875,19.369292153095905,0.0,23.147399973822758,0.0048000074457377195,1,4.844800016144291,1,,0,0,18.270599975949153,1,hover,0.016700010746717453,1,,
1787922405.4082954,1249,0.010936498641967773,91.43694273070132,0.9989738464355469,0.03480000304989517,0.0051000097300857306,1,,0,,0,0,,0,hover,0.013699987903237343,1,,
1787922405.4981725,1251,0.08987712860107422,11.12630115764566,0.5671977996826172,18.135499994968995,0.0043000036384910345,1,,0,,0,0,18.10369998565875,1,hover,0.013599987141788006,1,,
1787922405.5429232,1252,0.04475069046020508,22.346023932061076,4.839897155761719,0.03480000304989517,0.0044000043999403715,1,,0,,0,0,,0,hover,0.014999997802078724,1,,
1787922405.6000776,1253,0.05715441703796387,17.496460498158292,1.9948482513427734,23.132999980589375,0.0042000028770416975,1,4.793500003870577,1,,0,0,18.31259997561574,1,hover,0.016200006939470768,1,,
1787922405.6521218,1254,0.05204415321350098,19.214454232691523,11.546850204467773,0.038700003642588854,0.005199981387704611,1,,0,,0,0,,0,hover,0.016600009985268116,1,,
1787922405.6943395,1255,0.04221773147583008,23.68672984176107,1.9943714141845703,18.86370001011528,0.0037999998312443495,1,,0,,0,0,18.83290000841953,1,hover,0.015199999324977398,1,,
1787922405.7132323,1256,0.018892765045166016,52.93031473208652,9.493827819824219,0.03480000304989517,0.0051000097300857306,1,,0,,0,0,,0,hover,0.014999997802078724,1,,
1787922405.7667658,1257,0.05353355407714844,18.679873160651297,3.989696502685547,22.680000023683533,0.0044000043999403715,1,4.6131999988574535,1,,0,0,18.04000002448447,1,hover,0.016300007700920105,1,,
1787922405.8087032,1258,0.04193735122680664,23.845092041978873,1.6486644744873047,0.03850000211969018,0.005600013537332416,1,,0,,0,0,,0,hover,0.016499980119988322,1,,
1787922405.8588645,1259,0.05016136169433594,19.93566295296399,0.9965896606445312,18.795999989379197,0.0040000013541430235,1,,0,,0,0,18.764000007649884,1,hover,0.016300007700920105,1,,
1787922405.8832717,1260,0.024407148361206055,40.97160328608688,8.943319320678711,0.03609998384490609,0.0051000097300857306,1,,0,,0,0,,0,hover,0.015400000847876072,1,,
1787922405.9391797,1261,0.0559079647064209,17.886539158617456,7.977485656738281,23.386200016830117,0.0041000021155923605,1,5.026400001952425,1,,0,0,18.333000014536083,1,hover,0.01650000922381878,1,,
1787922405.9762409,1262,0.037061214447021484,26.982386166257093,1.996755599975586,0.036900019040331244,0.0047000066842883825,1,,0,,0,0,,0,hover,0.01559997326694429,1,,
1787922406.0252495,1263,0.04900860786437988,20.40457877863561,0.5710124969482422,18.433799996273592,0.0042000028770416975,1,,0,,0,0,18.400500004645437,1,hover,0.01580000389367342,1,,
1787922406.0402377,1264,0.014988183975219727,66.71922373339696,1.0254383087158203,0.059999991208314896,0.006599992047995329,1,,0,,0,0,,0,hover,0.03460000152699649,1,,
1787922406.124314,1265,0.0840764045715332,11.893943432716465,12.533426284790039,38.74709998490289,0.005400012014433742,1,4.676300013670698,1,,0,0,34.03959999559447,1,hover,0.018799997633323073,1,,
1787922406.1470876,1266,0.02277350425720215,43.91067745684105,6.403207778930664,0.03600001218728721,0.0049000082071870565,1,,0,,0,0,,0,hover,0.015199999324977398,1,,
1787922406.2102873,1267,0.06319975852966309,15.822845264996472,3.0248165130615234,32.32890000799671,0.004599976819008589,1,,0,,0,0,32.29740000097081,1,hover,0.015400000847876072,1,,
1787922406.224822,1268,0.014534711837768555,68.80081360825419,17.073631286621094,0.0509000092279166,0.005699985194951296,1,,0,,0,0,,0,hover,0.017900019884109497,1,,
1787922406.2784894,1269,0.053667306900024414,18.633318080649676,11.566638946533203,23.326800001086667,0.0050000089686363935,1,5.192499986151233,1,,0,0,18.102900008670986,1,hover,0.018499995348975062,1,,
1787922406.3176386,1270,0.03914928436279297,25.543251077927454,10.19144058227539,0.04640000406652689,0.006400019628927112,1,,0,,0,0,,0,hover,0.020099978428333998,1,,
1787922406.367578,1271,0.04993939399719238,20.024271821484668,1.9941329956054688,25.279499997850507,0.005400012014433742,1,,0,,0,0,25.23790000122972,1,hover,0.02039998071268201,1,,
1787922406.394538,1272,0.026959896087646484,37.09213109535011,21.974802017211914,0.03500000457279384,0.0043000036384910345,1,,0,,0,0,,0,hover,0.015099998563528061,1,,
1787922406.4331796,1273,0.03864169120788574,25.878784513342588,1.7218589782714844,23.14870001282543,0.005199981387704611,1,4.860000015469268,1,,0,0,18.258800002513453,1,hover,0.01819999306462705,1,,
1787922406.4755726,1274,0.04239296913146973,23.588817213976796,0.9973049163818359,0.03530000685714185,0.005500012775883079,1,,0,,0,0,,0,hover,0.015099998563528061,1,,
1787922406.503275,1275,0.02770233154296875,36.09804461580832,5.1136016845703125,17.9276000126265,0.005099980626255274,1,,0,,0,0,17.89200000348501,1,hover,0.016400008462369442,1,,
1787922406.550242,1276,0.0469670295715332,21.291531721778327,11.029243469238281,0.03510000533424318,0.0046000059228390455,1,,0,,0,0,,0,hover,0.01479999627918005,1,,
1787922406.5976717,1277,0.047429800033569336,21.083791188076507,1.9881725311279297,23.65230000577867,0.005399982910603285,1,4.882500012172386,1,,0,0,18.739699997240677,1,hover,0.017900019884109497,1,,
1787922406.642071,1278,0.044399261474609375,22.522897156113068,3.9899349212646484,0.05050000618211925,0.018499995348975062,1,,0,,0,0,,0,hover,0.016000005416572094,1,,
1787922406.6918652,1279,0.04979419708251953,20.082661406163215,3.020763397216797,17.825899994932115,0.0044000043999403715,1,,0,,0,0,17.79260000330396,1,hover,0.016900012269616127,1,,
1787922406.7074726,1280,0.015607357025146484,64.07234731600012,0.5390644073486328,0.03220001235604286,0.004399975296109915,1,,0,,0,0,,0,hover,0.013300013961270452,1,,
1787922406.7663596,1281,0.05888700485229492,16.98167537147253,2.0296573638916016,24.463899986585602,0.0045000051613897085,1,5.86870001279749,1,,0,0,18.569499981822446,1,hover,0.01580000389367342,1,,
1787922406.813298,1282,0.046938419342041016,21.304509483222773,6.946802139282227,0.03470000228844583,0.004999979864805937,1,,0,,0,0,,0,hover,0.01400001929141581,1,,
1787922406.8629966,1283,0.049698591232299805,20.12129469275753,4.974842071533203,18.855500005884096,0.0040000013541430235,1,,0,,0,0,18.823499995050952,1,hover,0.01580000389367342,1,,
1787922406.8730054,1284,0.010008811950683594,99.91195807527394,1.9936561584472656,0.031400006264448166,0.0047000066842883825,1,,0,,0,0,,0,hover,0.013699987903237343,1,,
1787922406.9289885,1285,0.05598306655883789,17.86254418465994,0.0,23.557200009236112,0.0053000112529844046,1,5.10410001152195,1,,0,0,18.423000001348555,1,hover,0.01759998849593103,1,,
1787922406.9844599,1286,0.05547142028808594,18.027301172506274,11.999368667602539,0.0405999890062958,0.0053000112529844046,1,,0,,0,0,,0,hover,0.018499995348975062,1,,
1787922407.0264227,1287,0.04196286201477051,23.830595721712452,1.9640922546386719,19.183299998985603,0.0040000013541430235,1,,0,,0,0,19.1527999995742,1,hover,0.014999997802078724,1,,
1787922407.0453887,1288,0.018965959548950195,52.72604306779469,7.551908493041992,0.032800016924738884,0.0042000028770416975,1,,0,,0,0,,0,hover,0.014499993994832039,1,,
1787922407.101204,1289,0.05581521987915039,17.916260155655984,5.951404571533203,22.72320000338368,0.0050000089686363935,1,4.836400010390207,1,,0,0,17.856999998912215,1,hover,0.017999991541728377,1,,
1787922407.1422536,1290,0.04104971885681152,24.360702773341078,1.0306835174560547,0.03580001066438854,0.004599976819008589,1,,0,,0,0,,0,hover,0.015700003132224083,1,,
1787922407.1927638,1291,0.05051016807556152,19.797993910929645,2.6710033416748047,18.659900000784546,0.0046000059228390455,1,,0,,0,0,18.626200006110594,1,hover,0.01689998316578567,1,,
1787922407.2156205,1292,0.022856712341308594,43.75082404973505,7.685422897338867,0.09879999561235309,0.02500001573935151,1,,0,,0,0,,0,hover,0.04350001108832657,1,,
1787922407.269447,1293,0.05382657051086426,18.578185281155182,3.996610641479492,23.276799998711795,0.0045000051613897085,1,4.832399979932234,1,,0,0,18.4177000191994,1,hover,0.016200006939470768,1,,
1787922407.3085594,1294,0.03911232948303223,25.567385354375826,4.959821701049805,0.03739999374374747,0.0047000066842883825,1,,0,,0,0,,0,hover,0.01650000922381878,1,,
1787922407.3699894,1295,0.06142997741699219,16.278697177632193,2.9916763305664062,26.672700012568384,0.006299989763647318,1,,0,,0,0,26.627000013832003,1,hover,0.022799998987466097,1,,
1787922407.3799613,1296,0.009971857070922852,100.28222355050806,7.978677749633789,0.03510000533424318,0.0045000051613897085,1,,0,,0,0,,0,hover,0.015500001609325409,1,,
1787922407.431219,1297,0.05125784873962402,19.50920736216865,0.9968280792236328,25.202599994372576,0.0051000097300857306,1,5.16190001508221,1,,0,0,20.00930000212975,1,hover,0.018499995348975062,1,,
1787922407.4712238,1298,0.040004730224609375,24.997043959187565,1.9946098327636719,0.04650000482797623,0.005999987479299307,1,,0,,0,0,,0,hover,0.020000006770715117,1,,
1787922407.503263,1299,0.03203916549682617,31.211799199297523,1.9938945770263672,20.06670000264421,0.0047000066842883825,1,,0,,0,0,20.03139999578707,1,hover,0.017699989257380366,1,,
1787922407.5395408,1300,0.03627777099609375,27.56508937960042,1.995086669921875,0.05160001455806196,0.007299997378140688,1,,0,,0,0,,0,hover,0.023500004317611456,1,,
1787922407.5953295,1301,0.05578875541687012,17.924759076048634,2.991199493408203,23.125799983972684,0.007499998901039362,1,4.680199985159561,1,,0,0,18.41459999559447,1,hover,0.017200014553964138,1,,
1787922407.6379304,1302,0.04260087013244629,23.473698938331438,1.9977092742919922,0.044199987314641476,0.005900015821680427,1,,0,,0,0,,0,hover,0.019500002963468432,1,,
1787922407.6971533,1303,0.05922293663024902,16.885349779991063,5.013942718505859,17.410900007234886,0.0040000013541430235,1,,0,,0,0,17.379500000970438,1,hover,0.015199999324977398,1,,
1787922407.7111485,1304,0.013995170593261719,71.45321976149914,8.012056350708008,0.032899988582357764,0.0045000051613897085,1,,0,,0,0,,0,hover,0.01409999094903469,1,,
1787922407.7671092,1305,0.055960655212402344,17.869697847611583,6.018877029418945,24.370400002226233,0.0044000043999403715,1,5.455000005895272,1,,0,0,18.88879999751225,1,hover,0.016300007700920105,1,,
1787922407.8059604,1306,0.038851261138916016,25.739190200915594,2.0294189453125,0.034900003811344504,0.0049000082071870565,1,,0,,0,0,,0,hover,0.01479999627918005,1,,
1787922407.8584802,1307,0.052519798278808594,19.040438706397197,2.028226852416992,18.898799986345693,0.0044000043999403715,1,,0,,0,0,18.863000004785135,1,search_360,0.018999999156221747,1,,
1787922407.8714776,1308,0.01299738883972168,76.93853067962947,0.9915828704833984,0.04159999662078917,0.006799993570894003,1,,0,,0,0,,0,search_360,0.015700003132224083,1,,
1787922407.9292896,1309,0.05781197547912598,17.297454233527574,1.9946098327636719,24.02300000539981,0.0049000082071870565,1,5.343900003936142,1,,0,0,18.65209999959916,1,search_360,0.015199999324977398,1,,
1787922407.9737563,1310,0.04446673393249512,22.488721602942515,2.9594898223876953,0.04470002022571862,0.006499991286545992,1,,0,,0,0,,0,search_360,0.01759998849593103,1,,
1787922408.0216348,1311,0.04787850379943848,20.886199873516684,1.02996826171875,19.16739999433048,0.004599976819008589,1,,0,,0,0,19.136799994157627,1,search_360,0.013600016245618463,1,,
1787922408.0511158,1312,0.029480934143066406,33.920227735903985,12.327432632446289,0.031800009310245514,0.004699977580457926,1,,0,,0,0,,0,search_360,0.011800002539530396,1,,
1787922408.094271,1313,0.04315519332885742,23.172182137608697,1.9948482513427734,23.137700016377494,0.0046000059228390455,1,4.5541999861598015,1,,0,0,18.55880001676269,1,search_360,0.014199991710484028,1,,
1787922408.1061306,1314,0.011859655380249023,84.3194821381903,1.1043548583984375,0.030499999411404133,0.0051000097300857306,1,,0,,0,0,,0,search_360,0.011199997970834374,1,,
1787922408.1925998,1315,0.08646917343139648,11.564815070117294,1.753091812133789,18.600299983518198,0.0042000028770416975,1,,0,,0,0,18.571199994767085,1,search_360,0.012600008631125093,1,,
1787922408.2199342,1316,0.02733445167541504,36.58386902633254,15.335798263549805,0.03200001083314419,0.005099980626255274,1,,0,,0,0,,0,search_360,0.011500000255182385,1,,
1787922408.2663252,1317,0.04639101028442383,21.55590046151158,2.0389556884765625,24.222000007284805,0.0047000066842883825,1,6.002799986163154,1,,0,0,18.194600008428097,1,search_360,0.013699987903237343,1,,
1787922408.2822258,1318,0.015900611877441406,62.890661548611526,12.180328369140625,0.03600001218728721,0.005499983672052622,1,,0,,0,0,,0,search_360,0.014200020814314485,1,,
1787922408.361097,1319,0.07887125015258789,12.678891206432695,2.0334720611572266,21.00760000757873,0.0053000112529844046,1,,0,,0,0,20.972900005290285,1,search_360,0.014499993994832039,1,,
1787922408.372068,1320,0.010970830917358398,91.15079865261328,0.0,0.030800001695752144,0.004699977580457926,1,,0,,0,0,,0,search_360,0.010000017937272787,1,,
1787922408.4280891,1321,0.05602121353149414,17.850380899689323,0.9958744049072266,23.298599990084767,0.0053000112529844046,1,4.627799993613735,1,,0,0,18.643399991560727,1,search_360,0.014999997802078724,1,,
1787922408.4416935,1322,0.013604402542114258,73.50561679606035,0.9953975677490234,0.028700014809146523,0.0042000028770416975,1,,0,,0,0,,0,search_360,0.010899995686486363,1,,
1787922408.5011053,1323,0.05941176414489746,16.83168332724697,1.9965171813964844,18.66400000290014,0.0042000028770416975,1,,0,,0,0,18.636499997228384,1,search_360,0.012699980288743973,1,,
1787922408.5437121,1324,0.04260683059692383,23.47041509518427,4.022121429443359,0.03229998401366174,0.0047000066842883825,1,,0,,0,0,,0,search_360,0.01200000406242907,1,,
1787922408.6131415,1325,0.06942939758300781,14.403120793384797,1.5377998352050781,39.54090000479482,0.0046000059228390455,1,4.6565999800805,1,,0,0,34.85950001049787,1,search_360,0.013599987141788006,1,,
1787922408.6221852,1326,0.009043693542480469,110.57429083623326,19.019365310668945,0.031200004741549492,0.0045000051613897085,1,,0,,0,0,,0,search_360,0.011099997209385037,1,,
1787922408.6866982,1327,0.06451296806335449,15.500759459988839,0.9965896606445312,16.019999980926514,0.0040000013541430235,1,,0,,0,0,15.991199994459748,1,search_360,0.012800010154023767,1,,
1787922408.7053933,1328,0.01869511604309082,53.489906010482954,2.0279884338378906,0.034199998481199145,0.0048000074457377195,1,,0,,0,0,,0,search_360,0.012599979527294636,1,,
1787922408.7703588,1329,0.06496548652648926,15.392788593867552,9.810686111450195,23.534200008725747,0.005599984433501959,1,5.639699986204505,1,,0,0,17.867200018372387,1,search_360,0.015099998563528061,1,,
1787922408.7803667,1330,0.010007858276367188,99.92147894034686,10.007858276367188,0.0323000131174922,0.005400012014433742,1,,0,,0,0,,0,search_360,0.01209997572004795,1,,
1787922408.8719296,1331,0.09156298637390137,10.921443692503184,1.6825199127197266,33.10000000055879,0.0036999990697950125,1,,0,,0,0,33.07279999717139,1,search_360,0.012500007869675756,1,,
1787922408.8861258,1332,0.014196157455444336,70.44159682918227,14.196157455444336,0.030499999411404133,0.0050000089686363935,1,,0,,0,0,,0,search_360,0.011399999493733048,1,,
1787922408.9422169,1333,0.0560910701751709,17.828149772807453,0.0,37.334399996325374,0.0044000043999403715,1,5.306599981850013,1,,0,0,32.00259999721311,1,search_360,0.014399993233382702,1,,
1787922408.9641087,1334,0.02189183235168457,45.679136580956424,23.78678321838379,0.03060000017285347,0.0044000043999403715,1,,0,,0,0,,0,search_360,0.010399991879239678,1,,
1787922409.0261471,1335,0.062038421630859375,16.119043226956897,5.469799041748047,16.548500017961487,0.0043000036384910345,1,,0,,0,0,16.517700016265735,1,search_360,0.013699987903237343,1,,
1787922409.0381486,1336,0.012001514434814453,83.32281775199651,2.0279884338378906,0.03169997944496572,0.0050000089686363935,1,,0,,0,0,,0,search_360,0.011900003300979733,1,,
1787922409.0927577,1337,0.054609060287475586,18.311979637367003,2.7413368225097656,20.689900004072115,0.005299982149153948,1,4.6848000201862305,1,,0,0,15.97909998963587,1,search_360,0.01500002690590918,1,,
1787922409.10672,1338,0.013962268829345703,71.621597623032,2.027750015258789,0.032499985536560416,0.004799978341907263,1,,0,,0,0,,0,search_360,0.01170000177808106,1,,
1787922409.1966424,1339,0.08992242813110352,11.120696146483475,8.512020111083984,17.014200013363734,0.0037999998312443495,1,,0,,0,0,16.98670000769198,1,search_360,0.012400007108226418,1,,
1787922409.2056606,1340,0.009018182754516602,110.88708526107072,0.0,0.03130000550299883,0.0050000089686363935,1,,0,,0,0,,0,search_360,0.011500000255182385,1,,
1787922409.2653835,1341,0.059722900390625,16.743995912110375,2.008676528930664,23.396300006425008,0.005399982910603285,1,5.3174999775364995,1,,0,0,18.050700018648058,1,search_360,0.015700003132224083,1,,
1787922409.2742965,1342,0.008913040161132812,112.19516370639846,3.85284423828125,0.030199997127056122,0.0049000082071870565,1,,0,,0,0,,0,search_360,0.011399999493733048,1,,
1787922409.358222,1343,0.08392548561096191,11.915331710268772,2.0308494567871094,18.48729999619536,0.0052000104915350676,1,,0,,0,0,18.45459998003207,1,search_360,0.01379998866468668,1,,
1787922409.3731453,1344,0.014923334121704102,67.00915437828512,0.9982585906982422,0.04149999585933983,0.005599984433501959,1,,0,,0,0,,0,search_360,0.016900012269616127,1,,
1787922409.4281523,1345,0.055006980895996094,18.179510740477472,2.0856857299804688,22.274899994954467,0.005500012775883079,1,5.075799999758601,1,,0,0,17.171300016343594,1,search_360,0.015700003132224083,1,,
1787922409.44208,1346,0.013927698135375977,71.79937347005152,1.9938945770263672,0.036999990697950125,0.005599984433501959,1,,0,,0,0,,0,search_360,0.012800010154023767,1,,
1787922409.5037844,1347,0.061704397201538086,16.206300447824056,8.011341094970703,15.569499984849244,0.0042000028770416975,1,,0,,0,0,15.542199980700389,1,search_360,0.012100004823878407,1,,
1787922409.5505595,1348,0.046775102615356445,21.37889484119905,11.999845504760742,0.03840000135824084,0.005499983672052622,1,,0,,0,0,,0,search_360,0.01270000939257443,1,,
1787922409.5929165,1349,0.04235696792602539,23.608866473786716,1.0955333709716797,20.903500000713393,0.0052000104915350676,1,4.769099992699921,1,,0,0,16.10820001224056,1,search_360,0.014599994756281376,1,,
1787922409.6059213,1350,0.013004779815673828,76.89480438528948,2.004861831665039,0.03399999695830047,0.0048999791033566,1,,0,,0,0,,0,search_360,0.012300006346777081,1,,
1787922409.6912417,1351,0.08532047271728516,11.72051640306265,5.985736846923828,17.207700002472848,0.0052000104915350676,1,,0,,0,0,17.172899999422953,1,search_360,0.015099998563528061,1,,
1787922409.7052374,1352,0.013995647430419922,71.45078532247624,1.0306835174560547,0.03940000897273421,0.00589998671784997,1,,0,,0,0,,0,search_360,0.014399993233382702,1,,
1787922409.7572346,1353,0.05199718475341797,19.231810428626453,1.0900497436523438,21.731000015279278,0.0045000051613897085,1,4.718100011814386,1,,0,0,16.98949999990873,1,search_360,0.013499986380338669,1,,
1787922409.772096,1354,0.014861345291137695,67.2886592976433,0.9937286376953125,0.03339999238960445,0.0051000097300857306,1,,0,,0,0,,0,search_360,0.012300006346777081,1,,
1787922409.8637173,1355,0.09162139892578125,10.91448080606212,6.933927536010742,19.753700005821884,0.0046000059228390455,1,,0,,0,0,19.722200027899817,1,search_360,0.01409999094903469,1,,
1787922409.8732662,1356,0.00954890251159668,104.72407680207735,1.0306835174560547,0.030199997127056122,0.0050000089686363935,1,,0,,0,0,,0,search_360,0.011600001016631722,1,,
1787922409.927761,1357,0.05449485778808594,18.35035525532883,0.9977817535400391,22.99749999656342,0.004999979864805937,1,4.718000011052936,1,,0,0,18.254099995829165,1,search_360,0.01400001929141581,1,,
1787922409.9397314,1358,0.011970281600952148,83.54022347481427,2.9931068420410156,0.033899996196851134,0.0049000082071870565,1,,0,,0,0,,0,search_360,0.012500007869675756,1,,
1787922410.0336502,1359,0.0939188003540039,10.64749545597628,11.237144470214844,18.947500007925555,0.004799978341907263,1,,0,,0,0,18.915199994808063,1,search_360,0.013900018529966474,1,,
1787922410.0439863,1360,0.010336160659790039,96.74772218762254,6.348133087158203,0.02989999484270811,0.0048000074457377195,1,,0,,0,0,,0,search_360,0.01170000177808106,1,,
1787922410.0963888,1361,0.052402496337890625,19.08306034796535,2.0303726196289062,23.113899980671704,0.0051000097300857306,1,5.173600016860291,1,,0,0,17.912899988004938,1,search_360,0.015199999324977398,1,,
1787922410.1063654,1362,0.009976625442504883,100.23429322499702,2.028226852416992,0.03290001768618822,0.007800001185387373,1,,0,,0,0,,0,search_360,0.011199997970834374,1,,
1787922410.1941233,1363,0.08775782585144043,11.394995150550283,0.9970664978027344,19.849699980113655,0.0046000059228390455,1,,0,,0,0,19.81800000066869,1,search_360,0.01409999094903469,1,,
1787922410.2177694,1364,0.023646116256713867,42.29024289416106,10.712146759033203,0.03260001540184021,0.0048999791033566,1,,0,,0,0,,0,search_360,0.012100004823878407,1,,
1787922410.2727127,1365,0.05494332313537598,18.2005736627193,13.568401336669922,22.80780000728555,0.0048000074457377195,1,5.332100001396611,1,,0,0,17.451200023060665,1,search_360,0.013400014722719789,1,,
1787922410.2806587,1366,0.007946014404296875,125.84925588094094,9.974241256713867,0.031199975637719035,0.0047000066842883825,1,,0,,0,0,,0,search_360,0.01170000177808106,1,,
1787922410.3640199,1367,0.08336114883422852,11.995995904382196,2.0093917846679688,20.172899996396154,0.004799978341907263,1,,0,,0,0,20.139800006290898,1,search_360,0.01470002462156117,1,,
1787922410.3749576,1368,0.010937690734863281,91.42697706861976,1.9793510437011719,0.030199997127056122,0.0041000021155923605,1,,0,,0,0,,0,search_360,0.01170000177808106,1,,
1787922410.4419487,1369,0.06699109077453613,14.927358077592435,11.801481246948242,24.014199996599928,0.004999979864805937,1,5.280600016703829,1,,0,0,18.707499984884635,1,search_360,0.014900026144459844,1,,
1787922410.4638536,1370,0.021904945373535156,45.65179154512604,23.898601531982422,0.03099997411482036,0.0045000051613897085,1,,0,,0,0,,0,search_360,0.011399999493733048,1,,
1787922410.501713,1371,0.037859439849853516,26.413491693640818,1.0306835174560547,19.44889998412691,0.0046000059228390455,1,,0,,0,0,19.41639999859035,1,search_360,0.014499993994832039,1,,
1787922410.5432484,1372,0.041535377502441406,24.075861593920052,0.9973049163818359,0.033499993151053786,0.004699977580457926,1,,0,,0,0,,0,search_360,0.01300001167692244,1,,
1787922410.6012783,1373,0.058029890060424805,17.232498613365106,3.022909164428711,24.478000006638467,0.005400012014433742,1,5.330499989213422,1,,0,0,19.11990001099184,1,search_360,0.015199999324977398,1,,
1787922410.6112535,1374,0.009975194931030273,100.24866751117378,6.019353866577148,0.031800009310245514,0.0047000066842883825,1,,0,,0,0,,0,search_360,0.012599979527294636,1,,
1787922410.7092671,1375,0.09801363945007324,10.20266164597822,0.9968280792236328,34.347399981925264,0.0046000059228390455,1,,0,,0,0,34.316200006287545,1,search_360,0.013499986380338669,1,,
1787922410.719238,1376,0.009970903396606445,100.29181511680734,14.962911605834961,0.03060000017285347,0.0047000066842883825,1,,0,,0,0,,0,search_360,0.012300006346777081,1,,
1787922410.7611017,1377,0.04186367988586426,23.88705442823867,1.001119613647461,23.89989999937825,0.0053000112529844046,1,5.648199992720038,1,,0,0,18.22369999717921,1,search_360,0.015199999324977398,1,,
1787922410.7720692,1378,0.010967493057250977,91.17853959696528,0.0,0.04050001734867692,0.006599992047995329,1,,0,,0,0,,0,search_360,0.014899997040629387,1,,
1787922410.8587978,1379,0.08672857284545898,11.530225474618298,1.9953250885009766,17.265600006794557,0.0044000043999403715,1,,0,,0,0,17.231899983016774,1,search_360,0.01650000922381878,1,,
1787922410.8717499,1380,0.012952089309692383,77.20762080073631,1.5940666198730469,0.03779999678954482,0.005499983672052622,1,,0,,0,0,,0,search_360,0.014300021575763822,1,,
1787922410.9458954,1381,0.07414555549621582,13.486985070211487,1.9953250885009766,39.19710000627674,0.0048000074457377195,1,4.578399995807558,1,,0,0,34.59269998711534,1,search_360,0.014599994756281376,1,,
1787922410.95545,1382,0.009554624557495117,104.66135995009357,17.26818084716797,0.0295999925583601,0.0052000104915350676,1,,0,,0,0,,0,search_360,0.011299998732283711,1,,
1787922411.0222332,1383,0.06678318977355957,14.973828045510855,1.1165142059326172,16.229899978497997,0.0046000059228390455,1,,0,,0,0,16.198999976040795,1,search_360,0.013600016245618463,1,,
1787922411.0531473,1384,0.0309140682220459,32.347732198082724,4.948854446411133,0.03630001447163522,0.005400012014433742,1,,0,,0,0,,0,search_360,0.01379998866468668,1,,
1787922411.1172433,1385,0.06409597396850586,15.601603939919208,3.036975860595703,42.63790001277812,0.005699985194951296,1,5.998400010867044,1,,0,0,36.61179999471642,1,search_360,0.015099998563528061,1,,
1787922411.1272566,1386,0.010013341903686523,99.86675873235077,11.974573135375977,0.029699993319809437,0.0042000028770416975,1,,0,,0,0,,0,search_360,0.011500000255182385,1,,
1787922411.2004137,1387,0.07315707206726074,13.66921846025492,1.9936561584472656,17.601800005650148,0.004299974534660578,1,,0,,0,0,17.570900003192946,1,search_360,0.013900018529966474,1,,
1787922411.2113843,1388,0.010970592498779297,91.15277958882079,6.947994232177734,0.03369999467395246,0.005399982910603285,1,,0,,0,0,,0,search_360,0.012800010154023767,1,,
1787922411.2758958,1389,0.06451153755187988,15.50110318167203,8.525609970092773,23.000999994110316,0.0049000082071870565,1,5.084500007797033,1,,0,0,17.874599987408146,1,search_360,0.029399991035461426,1,,
1787922411.316278,1390,0.04038214683532715,24.763418450184503,3.9925575256347656,0.06260001100599766,0.010100018698722124,1,,0,,0,0,,0,search_360,0.022199994418770075,1,,
1787922411.402098,1391,0.08581995964050293,11.652300982067203,2.9952526092529297,22.399700013920665,0.0048999791033566,1,,0,,0,0,22.366800025338307,1,search_360,0.01400001929141581,1,,
1787922411.413102,1392,0.011003971099853516,90.87628374572084,32.94515609741211,0.033499993151053786,0.004999979864805937,1,,0,,0,0,,0,search_360,0.013100012438371778,1,,
1787922411.481213,1393,0.06811118125915527,14.681877211835662,1.9919872283935547,30.6828000175301,0.01170000177808106,1,5.0304999749641865,1,,0,0,25.580400018952787,1,search_360,0.04499999340623617,1,,
1787922411.4901555,1395,0.008942365646362305,111.82723224998,10.935783386230469,0.030399998649954796,0.0047000066842883825,1,,0,,0,0,,0,search_360,0.011399999493733048,1,,
1787922411.5608053,1396,0.07064986228942871,14.154309259702963,0.0,19.258400017861277,0.0045000051613897085,1,,0,,0,0,19.22690001083538,1,search_360,0.013899989426136017,1,,
1787922411.5723739,1397,0.011568546295166016,86.44128436585467,2.7086734771728516,0.04360001184977591,0.006199989002197981,1,,0,,0,0,,0,search_360,0.017300015315413475,1,,
1787922411.6297202,1398,0.057346343994140625,17.437903279451874,1.9943714141845703,24.492900003679097,0.005099980626255274,1,5.0722000014502555,1,,0,0,19.393399998079985,1,search_360,0.015500001609325409,1,,
1787922411.6727014,1399,0.04298114776611328,23.266014333577402,0.9977817535400391,0.032199983252212405,0.0050000089686363935,1,,0,,0,0,,0,search_360,0.01170000177808106,1,,
1787922411.7647274,1401,0.0920259952545166,10.866494811974558,10.938882827758789,17.82969999476336,0.0039000005926936865,1,,0,,0,0,17.799699999159202,1,search_360,0.013499986380338669,1,,
1787922411.7922692,1402,0.0275418758392334,36.30834754455977,6.980419158935547,0.033899996196851134,0.0051000097300857306,1,,0,,0,0,,0,search_360,0.012500007869675756,1,,
1787922411.8819716,1403,0.08970236778259277,11.147977748186658,1.0263919830322266,24.532100011128932,0.005499983672052622,1,4.89959999686107,1,,0,0,19.60460000555031,1,search_360,0.01610000617802143,1,,
1787922411.9019868,1404,0.020015239715576172,49.961929720071474,31.067848205566406,0.03060000017285347,0.004499976057559252,1,,0,,0,0,,0,search_360,0.011300027836114168,1,,
1787922411.9471443,1405,0.045157432556152344,22.144748790944224,1.9948482513427734,18.685199989704415,0.0044000043999403715,1,,0,,0,0,18.65660000476055,1,search_360,0.013299984857439995,1,,
1787922411.9636207,1406,0.01647639274597168,60.692896522783506,25.730133056640625,0.03330002073198557,0.0048000074457377195,1,,0,,0,0,,0,search_360,0.012599979527294636,1,,
1787922412.0354428,1407,0.0718221664428711,13.923278139979551,5.214452743530273,25.052800017874688,0.0044000043999403715,1,4.997899988666177,1,,0,0,20.033400011016056,1,search_360,0.012100004823878407,1,,
1787922412.0717077,1409,0.036264896392822266,27.574875415828437,1.2121200561523438,0.03190001007169485,0.0048999791033566,1,,0,,0,0,,0,search_360,0.011900003300979733,1,,
1787922412.1346495,1410,0.0629417896270752,15.887695693511668,13.28277587890625,17.424699995899573,0.0040000013541430235,1,,0,,0,0,17.381299985572696,1,search_360,0.013499986380338669,1,,
1787922412.1791127,1411,0.044463157653808594,22.49053042489758,8.152961730957031,0.02910001785494387,0.0046000059228390455,1,,0,,0,0,,0,search_360,0.01069999416358769,1,,
1787922412.2559807,1412,0.07686805725097656,13.009304980025309,1.3654232025146484,26.241499988827854,0.00790000194683671,1,5.034999980125576,1,,0,0,21.168400009628385,1,search_360,0.020700012100860476,1,,
1787922412.2669826,1413,0.011001825332641602,90.8940080182035,26.159048080444336,0.030800001695752144,0.005199981387704611,1,,0,,0,0,,0,search_360,0.011900003300979733,1,,
1787922412.32125,1414,0.05426740646362305,18.427267215549133,6.356239318847656,18.312000000150874,0.0051000097300857306,1,,0,,0,0,18.279600015375763,1,search_360,0.01409999094903469,1,,
1787922412.3796926,1416,0.05844259262084961,17.11080831898697,1.0330677032470703,0.04270000499673188,0.006699992809444666,1,,0,,0,0,,0,search_360,0.01610000617802143,1,,
1787922412.4655905,1418,0.08589792251586914,11.641725093121499,4.98652458190918,22.968099976424128,0.0047000066842883825,1,5.0036000029649585,1,,0,0,17.9391999845393,1,search_360,0.013999990187585354,1,,
1787922412.5050488,1419,0.039458274841308594,25.34322658610272,1.02996826171875,0.0363999861292541,0.005700014298781753,1,,0,,0,0,,0,search_360,0.014699995517730713,1,,
1787922412.561392,1420,0.05634331703186035,17.748333834064685,0.24580955505371094,19.927300018025562,0.004999979864805937,1,,0,,0,0,19.888000009814277,1,search_360,0.02020000829361379,1,,
1787922412.6044707,1421,0.04307866096496582,23.21334919888203,1.9953250885009766,0.03320001997053623,0.0050000089686363935,1,,0,,0,0,,0,search_360,0.01279998105019331,1,,
1787922412.640227,1422,0.03575634956359863,27.967060737599436,10.823965072631836,24.63169998372905,0.005600013537332416,1,4.961600003298372,1,,0,0,19.642400002339855,1,search_360,0.015199999324977398,1,,
1787922412.6751394,1423,0.0349123477935791,28.643161036105248,5.99217414855957,0.030099996365606785,0.004399975296109915,1,,0,,0,0,,0,search_360,0.011200027074664831,1,,
1787922412.7609286,1424,0.08578920364379883,11.656478409008798,2.503633499145508,18.77200001035817,0.0050000089686363935,1,,0,,0,0,18.74080000561662,1,search_360,0.013299984857439995,1,,
1787922412.7708998,1425,0.009971141815185547,100.28941705322558,27.955055236816406,0.027799978852272034,0.0042000028770416975,1,,0,,0,0,,0,search_360,0.010799994925037026,1,,
1787922412.805194,1426,0.03429412841796875,29.159510567296998,9.404897689819336,24.721299996599555,0.0048000074457377195,1,5.10260000010021,1,,0,0,19.59280000301078,1,search_360,0.014299992471933365,1,,
1787922412.8434484,1427,0.038254499435424805,26.140715857177582,2.0322799682617188,0.030099996365606785,0.0049000082071870565,1,,0,,0,0,,0,search_360,0.01069999416358769,1,,
1787922412.9312794,1428,0.08783102035522461,11.385499063492494,2.221345901489258,18.735799996647984,0.0049000082071870565,1,,0,,0,0,18.695999984629452,1,hover,0.02169999061152339,1,,
1787922412.9412863,1429,0.010006904602050781,99.9310016201277,27.532100677490234,0.033199990866705775,0.005299982149153948,1,,0,,0,0,,0,hover,0.014300021575763822,1,,
1787922413.0236301,1430,0.08234381675720215,12.14420267824828,5.355596542358398,40.188000013586134,0.0048999791033566,1,5.026000028010458,1,,0,0,35.13299999758601,1,hover,0.017000013031065464,1,,
1787922413.0334826,1431,0.009852409362792969,101.49801568096022,29.836177825927734,0.03399999695830047,0.0046000059228390455,1,,0,,0,0,,0,hover,0.014599994756281376,1,,
1787922413.0606086,1432,0.027126073837280273,36.86490002197319,6.033658981323242,17.12269999552518,0.0044000043999403715,1,,0,,0,0,17.089300003135577,1,hover,0.0158999755512923,1,,
1787922413.0820317,1433,0.0214231014251709,46.6785821601469,0.5054473876953125,0.03539997851476073,0.0050000089686363935,1,,0,,0,0,,0,hover,0.014899997040629387,1,,
1787922413.1476326,1434,0.06560087203979492,15.243699800109031,3.850221633911133,39.528299996163696,0.0053000112529844046,1,5.126699979882687,1,,0,0,34.368100023129955,1,hover,0.020899984519928694,1,,
1787922413.1755137,1435,0.027881145477294922,35.86653212703734,2.9931068420410156,0.03440000000409782,0.0044000043999403715,1,,0,,0,0,,0,hover,0.014899997040629387,1,,
1787922413.2558887,1436,0.08037495613098145,12.441686417475239,1.0294914245605469,35.70340000442229,0.0043000036384910345,1,,0,,0,0,35.66999998292886,1,hover,0.01610000617802143,1,,
1787922413.2658665,1437,0.00997781753540039,100.22231780167265,28.806686401367188,0.035500008380040526,0.005399982910603285,1,,0,,0,0,,0,hover,0.015199999324977398,1,,
1787922413.3131225,1438,0.0472559928894043,21.161337194635884,4.901885986328125,20.770000002812594,0.0049000082071870565,1,4.8701999767217785,1,,0,0,15.868300019064918,1,hover,0.01920000067912042,1,,
1787922413.3603218,1439,0.047199249267578125,21.18677766103613,3.2258033752441406,0.043800013372674584,0.006299989763647318,1,,0,,0,0,,0,hover,0.018300022929906845,1,,
1787922413.3933165,1440,0.032994747161865234,30.307854613772673,3.9894580841064453,17.078800010494888,0.0046000059228390455,1,,0,,0,0,17.045300017343834,1,hover,0.015999976312741637,1,,
1787922413.432718,1441,0.03940153121948242,25.379724316539797,7.184028625488281,0.10199999087490141,0.06379999103955925,1,,0,,0,0,,0,hover,0.01920000067912042,1,,
1787922413.4797037,1442,0.046985626220703125,21.283104652106843,5.021810531616211,37.22719999495894,0.0042000028770416975,1,4.508400015765801,1,,0,0,32.69349999027327,1,hover,0.015400000847876072,1,,
1787922413.526578,1443,0.046874284744262695,21.333658859133795,5.952119827270508,0.03709999145939946,0.0048000074457377195,1,,0,,0,0,,0,hover,0.015600002370774746,1,,
1787922413.556634,1444,0.030055999755859375,33.2712273131108,3.8459300994873047,16.199600009713322,0.004399975296109915,1,,0,,0,0,16.1497000080999,1,hover,0.01650000922381878,1,,
1787922413.5952244,1445,0.038590431213378906,25.913159520573334,2.495288848876953,0.03399999695830047,0.004499976057559252,1,,0,,0,0,,0,hover,0.014300021575763822,1,,
1787922413.6272376,1446,0.0320131778717041,31.237136282052237,2.9935836791992188,21.683799976017326,0.0049000082071870565,1,4.8602999886497855,1,,0,0,16.79679998778738,1,hover,0.015900004655122757,1,,
1787922413.6733437,1447,0.04610610008239746,21.689104006039827,1.9488334655761719,0.03269998705945909,0.0041000021155923605,1,,0,,0,0,,0,hover,0.013800017768517137,1,,
1787922413.724121,1448,0.050777435302734375,19.693787093381413,1.9979476928710938,17.245499999262393,0.0044000043999403715,1,,0,,0,0,17.214099992997944,1,hover,0.015199999324977398,1,,
1787922413.7749515,1449,0.05083036422729492,19.673280237150443,0.9970664978027344,0.048699992476031184,0.006799993570894003,1,,0,,0,0,,0,hover,0.021599989850074053,1,,
1787922413.8074687,1450,0.032517194747924805,30.75296032613079,9.973764419555664,21.18710000650026,0.005099980626255274,1,4.816000000573695,1,,0,0,16.343099996447563,1,hover,0.01650000922381878,1,,
1787922413.9024205,1451,0.09495186805725098,10.531651672161443,1.9962787628173828,0.04579999949783087,0.006099988240748644,1,,0,,0,0,,0,hover,0.019099999917671084,1,,
1787922413.9302716,1453,0.027851104736328125,35.905218463224216,7.012605667114258,16.288100014207885,0.0037999998312443495,1,,0,,0,0,16.257000010227785,1,hover,0.014999997802078724,1,,
1787922414.0059345,1455,0.07566285133361816,13.216525446427164,0.9968280792236328,0.03739999374374747,0.0050000089686363935,1,,0,,0,0,,0,hover,0.015300000086426735,1,,
1787922414.0930855,1456,0.08715105056762695,11.474330986108148,0.9989738464355469,21.67600000393577,0.0049000082071870565,1,5.063199991127476,1,,0,0,16.58520000637509,1,hover,0.016699981642886996,1,,
1787922414.1020591,1457,0.00897359848022461,111.43801477230458,27.9238224029541,0.030800001695752144,0.0044000043999403715,1,,0,,0,0,,0,hover,0.013400014722719789,1,,
1787922414.161234,1458,0.05917477607727051,16.899092253331023,3.993988037109375,15.923099999781698,0.0036999990697950125,1,,0,,0,0,15.893600007984787,1,hover,0.014600023860111833,1,,
1787922414.2228174,1459,0.061583518981933594,16.238110723964382,1.9946098327636719,0.07300000288523734,0.009799987310543656,1,,0,,0,0,,0,hover,0.03090000245720148,1,,
1787922414.276712,1460,0.0538945198059082,18.554762220747623,15.62643051147461,38.15249999752268,0.0053000112529844046,1,4.967899993062019,1,,0,0,33.15350000048056,1,hover,0.01930000144056976,1,,
1787922414.2866862,1462,0.009974241256713867,100.2582526592566,7.014274597167969,0.03399999695830047,0.0046000059228390455,1,,0,,0,0,,0,hover,0.014699995517730713,1,,
1787922414.3789814,1463,0.09229516983032227,10.83480318459162,2.992391586303711,17.7065999887418,0.0046000059228390455,1,,0,,0,0,17.67090000794269,1,hover,0.017600017599761486,1,,
1787922414.3883588,1464,0.009377479553222656,106.63846232075663,17.356157302856445,0.030700000934302807,0.0046000059228390455,1,,0,,0,0,,0,hover,0.013599987141788006,1,,
1787922414.4726899,1465,0.08433103561401367,11.858030590031381,1.9955635070800781,24.69369999016635,0.0051000097300857306,1,5.184699984965846,1,,0,0,19.479900016449392,1,hover,0.017399986973032355,1,,
1787922414.485166,1466,0.012476205825805664,80.1525731429991,36.676645278930664,0.04749998333863914,0.00689999433234334,1,,0,,0,0,,0,hover,0.019800005247816443,1,,
1787922414.5368862,1467,0.05172014236450195,19.334826902687503,1.996755599975586,21.623100008582696,0.005399982910603285,1,,0,,0,0,21.580300002824515,1,hover,0.01960000372491777,1,,
1787922414.546145,1468,0.009258747100830078,108.00597414636658,7.1315765380859375,0.031800009310245514,0.0045000051613897085,1,,0,,0,0,,0,hover,0.014200020814314485,1,,
1787922414.6219075,1469,0.07576251029968262,13.199140261383198,1.0983943939208984,23.064600012730807,0.0053000112529844046,1,4.759599978569895,1,,0,0,18.275000009452924,1,hover,0.017999991541728377,1,,
1787922414.6328647,1470,0.01095724105834961,91.26384960181035,28.18751335144043,0.034900003811344504,0.0048000074457377195,1,,0,,0,0,,0,hover,0.015400000847876072,1,,
1787922414.720922,1471,0.08805727958679199,11.356244534154259,9.973526000976562,17.87120001972653,0.0040000013541430235,1,,0,,0,0,17.84149999730289,1,hover,0.014299992471933365,1,,
1787922414.7328064,1472,0.011884450912475586,84.14355929143179,28.991222381591797,0.027700007194653153,0.0041000021155923605,1,,0,,0,0,,0,hover,0.012300006346777081,1,,
1787922414.786695,1473,0.053888559341430664,18.556814511669064,3.956317901611328,22.650300001259893,0.004799978341907263,1,4.553300008410588,1,,0,0,18.06820000638254,1,hover,0.017400016076862812,1,,
1787922414.7972312,1474,0.01053619384765625,94.91093410572049,18.01133155822754,0.03329999162815511,0.0045000051613897085,1,,0,,0,0,,0,hover,0.016400008462369442,1,,
1787922414.8589125,1475,0.061681270599365234,16.21237679254764,3.9870738983154297,18.00130002084188,0.0042000028770416975,1,,0,,0,0,17.970000015338883,1,hover,0.015199999324977398,1,,
1787922414.8754578,1476,0.01654529571533203,60.440140642111935,1.0025501251220703,0.03530000685714185,0.0049000082071870565,1,,0,,0,0,,0,hover,0.015099998563528061,1,,
1787922414.957096,1477,0.08163833618164062,12.249147236110462,7.977962493896484,23.499999981140718,0.0051000097300857306,1,4.859100008616224,1,,0,0,18.611399980727583,1,hover,0.018099992303177714,1,,
1787922414.967327,1478,0.01023101806640625,97.74198359433258,29.749393463134766,0.033100019209086895,0.0045000051613897085,1,,0,,0,0,,0,hover,0.01409999094903469,1,,
1787922415.0301573,1479,0.06283020973205566,15.915910582896,7.978916168212891,18.366799980867654,0.0043000036384910345,1,,0,,0,0,18.331499974010512,1,hover,0.015900004655122757,1,,
1787922415.0734198,1481,0.043262481689453125,23.114716515298475,2.7048587799072266,0.033199990866705775,0.0048999791033566,1,,0,,0,0,,0,hover,0.013600016245618463,1,,
1787922415.1590514,1482,0.0856316089630127,11.677930756059192,5.98454475402832,22.54410000750795,0.004999979864805937,1,4.830699996091425,1,,0,0,17.684699996607378,1,hover,0.017000013031065464,1,,
1787922415.2009408,1483,0.04188942909240723,23.872371184482375,0.9996891021728516,0.03390002530068159,0.0050000089686363935,1,,0,,0,0,,0,hover,0.014299992471933365,1,,
1787922415.2321806,1484,0.031239748001098633,32.01050149203611,11.133432388305664,18.393700011074543,0.0040000013541430235,1,,0,,0,0,18.362100003287196,1,hover,0.015300000086426735,1,,
1787922415.2765882,1486,0.04440760612487793,22.51866486988548,5.948066711425781,0.040300015825778246,0.0048999791033566,1,,0,,0,0,,0,hover,0.017900019884109497,1,,
1787922415.3941717,1487,0.1175835132598877,8.504593648173794,1.9958019256591797,24.60660002543591,0.0048000074457377195,1,4.306300019379705,1,,0,0,20.273900008760393,1,hover,0.016099977074190974,1,,
1787922415.415118,1488,0.020946264266967773,47.74120994821012,42.28568077087402,0.039300008211284876,0.0052000104915350676,1,,0,,0,0,,0,hover,0.0171000137925148,1,,
1787922415.4543736,1489,0.039255619049072266,25.474060127543275,0.9992122650146484,18.627799989189953,0.0039000005926936865,1,,0,,0,0,18.59729998977855,1,hover,0.015199999324977398,1,,
1787922415.4641504,1490,0.009776830673217773,102.28263467212915,24.729251861572266,0.03170000854879618,0.0043000036384910345,1,,0,,0,0,,0,hover,0.014299992471933365,1,,
1787922415.5302873,1491,0.06613683700561523,15.120166691901167,2.9947757720947266,24.023400008445606,0.0045000051613897085,1,4.747800005134195,1,,0,0,19.247000018367544,1,hover,0.01750001683831215,1,,
1787922415.540261,1492,0.009973764419555664,100.26304592068463,1.9962787628173828,0.034900003811344504,0.0047000066842883825,1,,0,,0,0,,0,hover,0.015400000847876072,1,,
1787922415.6394453,1494,0.09918427467346191,10.082243413003084,9.419679641723633,21.313200006261468,0.0037999998312443495,1,,0,,0,0,21.282700006850064,1,hover,0.015099998563528061,1,,
1787922415.6801724,1495,0.04072713851928711,24.55365233986255,5.984067916870117,0.03539997851476073,0.0044000043999403715,1,,0,,0,0,,0,hover,0.014999997802078724,1,,
1787922415.7700858,1496,0.08991336822509766,11.12181669689545,2.1314620971679688,22.635300003457814,0.0045000051613897085,1,4.7728999925311655,1,,0,0,17.834700003731996,1,hover,0.017099984688684344,1,,
1787922415.7880378,1497,0.01795196533203125,55.70420739481513,40.44151306152344,0.03350002225488424,0.0044000043999403715,1,,0,,0,0,,0,hover,0.01379998866468668,1,,
1787922415.8371944,1498,0.04915666580200195,20.343120992540427,7.981538772583008,18.44290000735782,0.0048000074457377195,1,,0,,0,0,18.409300013445318,1,hover,0.0171000137925148,1,,
1787922415.8501592,1499,0.012964725494384766,77.13236970833793,13.473272323608398,0.031100003980100155,0.004399975296109915,1,,0,,0,0,,0,hover,0.013500015484169126,1,,
1787922415.904,1500,0.05384087562561035,18.57324919738736,13.003349304199219,22.55320001859218,0.0046000059228390455,1,4.965300002368167,1,,0,0,17.5615000189282,1,hover,0.015600002370774746,1,,
1787922415.9148767,1501,0.010876655578613281,91.94002630425253,10.828256607055664,0.03060000017285347,0.0042000028770416975,1,,0,,0,0,,0,hover,0.01279998105019331,1,,
1787922415.9626744,1502,0.04779767990112305,20.92151757300053,2.991199493408203,19.24319998943247,0.0044000043999403715,1,,0,,0,0,19.207100005587563,1,hover,0.017699989257380366,1,,
1787922416.0076275,1503,0.044953107833862305,22.24540300296478,1.0848045349121094,0.03250001464039087,0.0049000082071870565,1,,0,,0,0,,0,hover,0.013499986380338669,1,,
1787922416.0640519,1504,0.05642437934875488,17.722835617190835,1.9631385803222656,23.36039999499917,0.004999979864805937,1,4.577599989715964,1,,0,0,18.75109999673441,1,hover,0.02060001133941114,1,,
1787922416.0822027,1505,0.018150806427001953,55.09397083935374,11.445999145507812,0.041099992813542485,0.004299974534660578,1,,0,,0,0,,0,hover,0.015400000847876072,1,,
1787922416.129327,1506,0.047124385833740234,21.220435710888726,6.100893020629883,17.62220001546666,0.0043000036384910345,1,,0,,0,0,17.588799993973225,1,hover,0.015900004655122757,1,,
1787922416.1760077,1507,0.04668068885803223,21.42213460133917,1.995086669921875,0.04119999357499182,0.005900015821680427,1,,0,,0,0,,0,hover,0.01729998621158302,1,,
1787922416.233616,1508,0.05760836601257324,17.358589892685835,1.5773773193359375,24.87039999687113,0.005699985194951296,1,5.122600006870925,1,,0,0,19.716699986020103,1,hover,0.01889999839477241,1,,
1787922416.2515676,1509,0.017951488494873047,55.705687040136,12.964010238647461,0.03220001235604286,0.0045000051613897085,1,,0,,0,0,,0,hover,0.01409999094903469,1,,
1787922416.2946007,1510,0.04303312301635742,23.23791372566401,1.9965171813964844,19.849700009217486,0.0044000043999403715,1,,0,,0,0,19.81789999990724,1,hover,0.014999997802078724,1,,
1787922416.3425052,1511,0.04790449142456055,20.874869354886872,1.9927024841308594,0.04980000085197389,0.006399990525096655,1,,0,,0,0,,0,hover,0.0219999928958714,1,,
1787922416.4026043,1512,0.060099124908447266,16.63917738441886,7.030963897705078,25.33559998846613,0.0051000097300857306,1,5.024399986723438,1,,0,0,20.280700002331287,1,hover,0.01829999382607639,1,,
1787922416.4113932,1513,0.008788824081420898,113.78086428125764,7.791280746459961,0.031200004741549492,0.0046000059228390455,1,,0,,0,0,,0,hover,0.013400014722719789,1,,
1787922416.460888,1514,0.04949474334716797,20.204165783541107,0.9973049163818359,20.421799999894574,0.004499976057559252,1,,0,,0,0,20.384600007673725,1,hover,0.017600017599761486,1,,
1787922416.479837,1515,0.018949031829833984,52.77314476962178,0.0,0.0475000124424696,0.007099995855242014,1,,0,,0,0,,0,hover,0.02139998832717538,1,,
1787922416.5719516,1516,0.09211468696594238,10.856032115375157,6.984949111938477,23.860900022555143,0.005499983672052622,1,4.86270000692457,1,,0,0,18.96740001393482,1,hover,0.0171000137925148,1,,
1787922416.59273,1517,0.020778417587280273,48.12686027699051,22.430896759033203,0.04159999662078917,0.00580001506023109,1,,0,,0,0,,0,hover,0.017099984688684344,1,,
1787922416.6229486,1518,0.03021860122680664,33.09220014832815,0.0,19.035100005567074,0.0040000013541430235,1,,0,,0,0,19.003500026883557,1,hover,0.015500001609325409,1,,
1787922416.6433103,1519,0.020361661911010742,49.111904734025735,1.9953250885009766,0.04630000330507755,0.005699985194951296,1,,0,,0,0,,0,hover,0.019700004486367106,1,,
1787922416.729869,1520,0.08655858039855957,11.552869691202112,0.9970664978027344,23.147800005972385,0.0048999791033566,1,4.87000000430271,1,,0,0,18.249699991429225,1,hover,0.016900012269616127,1,,
1787922416.7398438,1521,0.009974956512451172,100.25106362636838,1.0330677032470703,0.03470000228844583,0.0046000059228390455,1,,0,,0,0,,0,hover,0.014199991710484028,1,,
1787922416.7964277,1522,0.05658388137817383,17.672877428053766,9.973287582397461,17.369300010614097,0.0040000013541430235,1,,0,,0,0,17.33910001348704,1,hover,0.014199991710484028,1,,
1787922416.8054993,1523,0.009071588516235352,110.23427685353097,2.0720958709716797,0.05440000677481294,0.0044000043999403715,1,,0,,0,0,,0,hover,0.01300001167692244,1,,
1787922416.8977199,1524,0.09222054481506348,10.843570724998125,1.6036033630371094,25.266799988457933,0.0048000074457377195,1,5.200799991143867,1,,0,0,20.03600000170991,1,hover,0.018099992303177714,1,,
1787922416.9181905,1525,0.020470619201660156,48.85050081528069,12.938976287841797,0.03680001827888191,0.0052000104915350676,1,,0,,0,0,,0,hover,0.015999976312741637,1,,
1787922416.9586678,1526,0.04047727584838867,24.70521988054708,0.9989738464355469,19.584299996495247,0.004099973011761904,1,,0,,0,0,19.535700004780665,1,hover,0.01750001683831215,1,,
1787922416.9736292,1527,0.014961481094360352,66.83830255127245,1.9965171813964844,0.039000005926936865,0.005099980626255274,1,,0,,0,0,,0,hover,0.01680001150816679,1,,
1787922417.0675476,1528,0.0939183235168457,10.64754951487858,7.978200912475586,23.260199988726526,0.0047000066842883825,1,4.604899993864819,1,,0,0,18.6282999929972,1,hover,0.016200006939470768,1,,
1787922417.075558,1529,0.008010387420654297,124.83790701827489,4.504680633544922,0.04469999112188816,0.004799978341907263,1,,0,,0,0,,0,hover,0.027000001864507794,1,,
1787922417.129435,1530,0.05387711524963379,18.560756183151383,1.9946098327636719,20.040700008394197,0.005500012775883079,1,,0,,0,0,20.008299994515255,1,hover,0.015099998563528061,1,,
1787922417.1394396,1531,0.010004520416259766,99.95481626233259,1.0967254638671875,0.029799994081258774,0.0039000005926936865,1,,0,,0,0,,0,hover,0.01300001167692244,1,,
1787922417.236674,1532,0.09723448753356934,10.28441682952007,7.34257698059082,23.886799986939877,0.0051000097300857306,1,5.01369999255985,1,,0,0,18.84309999877587,1,hover,0.018099992303177714,1,,
1787922417.2456481,1533,0.008974075317382812,111.43209351753454,7.944583892822266,0.03470000228844583,0.0049000082071870565,1,,0,,0,0,,0,hover,0.014899997040629387,1,,
1787922417.2947047,1534,0.0490565299987793,20.38464604049417,5.002021789550781,19.56310000969097,0.0039000005926936865,1,,0,,0,0,19.531099998857826,1,hover,0.015900004655122757,1,,
1787922417.3056715,1535,0.010966777801513672,91.18448628201226,4.020452499389648,0.032800016924738884,0.0045000051613897085,1,,0,,0,0,,0,hover,0.013699987903237343,1,,
1787922417.4162035,1536,0.11053204536437988,9.04715005230746,2.027273178100586,39.26429999410175,0.0047000066842883825,1,4.676300013670698,1,,0,0,34.558999992441386,1,hover,0.01759998849593103,1,,
1787922417.4241874,1537,0.007983922958374023,125.25170961865798,21.417617797851562,0.031200004741549492,0.0047000066842883825,1,,0,,0,0,,0,hover,0.013499986380338669,1,,
1787922417.4743001,1538,0.05011272430419922,19.95501170380802,2.030611038208008,33.542599994689226,0.0040000013541430235,1,,0,,0,0,33.51410001050681,1,hover,0.013500015484169126,1,,
1787922417.48228,1539,0.007979869842529297,125.31532715864954,10.4827880859375,0.03759999526664615,0.0049000082071870565,1,,0,,0,0,,0,hover,0.017200014553964138,1,,
1787922417.5362303,1540,0.05395030975341797,18.535574764455287,0.9965896606445312,21.254099992802367,0.004399975296109915,1,4.485000012209639,1,,0,0,16.744099993957207,1,hover,0.015199999324977398,1,,
1787922417.585605,1541,0.04937458038330078,20.25333668128175,11.003732681274414,0.03779999678954482,0.0048999791033566,1,,0,,0,0,,0,hover,0.01580000389367342,1,,
1787922417.6208975,1542,0.035292625427246094,28.334531304888266,1.6307830810546875,16.05770000605844,0.0045000051613897085,1,,0,,0,0,16.025799995986745,1,hover,0.015300000086426735,1,,
1787922417.638488,1543,0.01759052276611328,56.8487937110328,1.0347366333007812,0.03649998689070344,0.0052000104915350676,1,,0,,0,0,,0,hover,0.015300000086426735,1,,
1787922417.7266269,1544,0.08813881874084473,11.345738623299548,1.9905567169189453,22.790799994254485,0.0052000104915350676,1,5.391300015617162,1,,0,0,17.37039998988621,1,hover,0.0171000137925148,1,,
1787922417.7414994,1545,0.014872550964355469,67.23796088489901,1.7333030700683594,0.03890000516548753,0.005400012014433742,1,,0,,0,0,,0,hover,0.015600002370774746,1,,
1787922417.790479,1546,0.04897952079772949,20.416696278628276,1.9946098327636719,15.534200007095933,0.0044000043999403715,1,,0,,0,0,15.50189999397844,1,hover,0.01580000389367342,1,,
1787922417.818039,1547,0.027559995651245117,36.28447597214412,12.159347534179688,0.0337999954354018,0.004599976819008589,1,,0,,0,0,,0,hover,0.014500023098662496,1,,
1787922417.899884,1548,0.08184504508972168,12.218210630878897,8.099794387817383,19.89060000050813,0.004599976819008589,1,4.540199995972216,1,,0,0,15.323300001909956,1,hover,0.016400008462369442,1,,
1787922417.910854,1549,0.010970115661621094,91.15674171955142,7.977485656738281,0.03029999788850546,0.003999972250312567,1,,0,,0,0,,0,hover,0.012900010915473104,1,,
1787922417.9559596,1550,0.0451054573059082,22.170266298774752,0.9989738464355469,15.990100015187636,0.0047000066842883825,1,,0,,0,0,15.957399999024346,1,hover,0.015799974789842963,1,,
1787922417.9724228,1551,0.016463279724121094,60.741238486937384,2.99072265625,0.03960001049563289,0.0051000097300857306,1,,0,,0,0,,0,hover,0.01659998088143766,1,,
1787922418.0570626,1552,0.0846397876739502,11.814774439796622,1.049041748046875,20.072099985554814,0.0045000051613897085,1,4.523199982941151,1,,0,0,15.522300003794953,1,hover,0.016200006939470768,1,,
1787922418.080242,1553,0.023179292678833008,43.141954927433375,9.484291076660156,0.03759999526664615,0.0048000074457377195,1,,0,,0,0,,0,hover,0.015600002370774746,1,,
1787922418.1209435,1554,0.04070162773132324,24.56904197053569,0.0,16.018400026950985,0.0043000036384910345,1,,0,,0,0,15.984000026946887,1,hover,0.016900012269616127,1,,
1787922418.142901,1555,0.0219573974609375,45.542738012508686,2.991914749145508,0.048200017772614956,0.005999987479299307,1,,0,,0,0,,0,hover,0.02190002123825252,1,,
1787922418.22505,1556,0.08214902877807617,12.172998450188357,1.8031597137451172,20.922199997585267,0.004499976057559252,1,4.820500005735084,1,,0,0,16.07399998465553,1,hover,0.017300015315413475,1,,
1787922418.2499897,1557,0.024939775466918945,40.096591941111804,11.942148208618164,0.0337999954354018,0.004399975296109915,1,,0,,0,0,,0,hover,0.014200020814314485,1,,
1787922418.2911282,1558,0.041138410568237305,24.30818269804749,1.992940902709961,16.925400006584823,0.0042000028770416975,1,,0,,0,0,16.893599997274578,1,hover,0.014899997040629387,1,,
1787922418.312078,1559,0.020949840545654297,47.733060202571984,5.954265594482422,0.036500015994533896,0.0052000104915350676,1,,0,,0,0,,0,hover,0.014999997802078724,1,,
1787922418.395619,1560,0.0835409164428711,11.970182308017215,1.9936561584472656,21.341699990443885,0.005600013537332416,1,4.547599994111806,1,,0,0,16.763599996920675,1,hover,0.01829999382607639,1,,
1787922418.406591,1561,0.010972023010253906,91.14089526292916,1.9938945770263672,0.03580001066438854,0.0051000097300857306,1,,0,,0,0,,0,hover,0.015400000847876072,1,,
1787922418.4580472,1562,0.05145621299743652,19.433999156716382,2.0296573638916016,17.394399998011068,0.0040000013541430235,1,,0,,0,0,17.362400016281754,1,hover,0.015700003132224083,1,,
1787922418.4729428,1563,0.01489567756652832,67.13356915344846,1.0306835174560547,0.03860000288113952,0.0049000082071870565,1,,0,,0,0,,0,hover,0.01680001150816679,1,,
1787922418.5375903,1564,0.06464743614196777,15.468517541886255,1.1548995971679688,22.611799999140203,0.0053000112529844046,1,5.045700003392994,1,,0,0,17.533700010972098,1,hover,0.019700004486367106,1,,
1787922418.5763788,1565,0.038788557052612305,25.780799183728664,1.035451889038086,0.03789999755099416,0.005500012775883079,1,,0,,0,0,,0,hover,0.015700003132224083,1,,
1787922418.621742,1566,0.04536318778991699,22.044306159239383,1.0323524475097656,17.577099992195144,0.0046000059228390455,1,,0,,0,0,17.54520001122728,1,hover,0.015400000847876072,1,,
1787922418.6407094,1567,0.018967390060424805,52.72206649487776,2.401113510131836,0.05779997445642948,0.006599992047995329,1,,0,,0,0,,0,hover,0.017400016076862812,1,,
1787922418.727853,1568,0.0871436595916748,11.475304166541271,1.6582012176513672,22.47429999988526,0.005600013537332416,1,5.337999988114461,1,,0,0,17.105700011597946,1,hover,0.018399994587525725,1,,
1787922418.7378612,1569,0.010008096694946289,99.91909855397003,1.032114028930664,0.0371999922208488,0.0051000097300857306,1,,0,,0,0,,0,hover,0.015900004655122757,1,,
1787922418.8079827,1570,0.07012152671813965,14.260955897603285,1.562356948852539,35.288199986098334,0.0045000051613897085,1,,0,,0,0,35.25029998854734,1,hover,0.020100007532164454,1,,
1787922418.8179555,1571,0.009972810745239258,100.27263381864257,13.928651809692383,0.050700007705017924,0.0047000066842883825,1,,0,,0,0,,0,hover,0.028799986466765404,1,,
1787922418.8961518,1572,0.07819628715515137,12.788330960213916,0.9968280792236328,22.392600018065423,0.0047000066842883825,1,4.957199998898432,1,,0,0,17.40890002110973,1,hover,0.016099977074190974,1,,
1787922418.9057443,1573,0.009592533111572266,104.24775065864692,1.2166500091552734,0.03130000550299883,0.0053000112529844046,1,,0,,0,0,,0,hover,0.012899981811642647,1,,
1787922418.9568307,1574,0.05108642578125,19.574671445639186,2.0160675048828125,17.68900000024587,0.0045000051613897085,1,,0,,0,0,17.654499999480322,1,hover,0.01659998088143766,1,,
1787922418.973821,1575,0.016990184783935547,58.857511717324805,1.0259151458740234,0.042800005758181214,0.0051000097300857306,1,,0,,0,0,,0,hover,0.019400002202019095,1,,
1787922419.0830941,1576,0.10927319526672363,9.151375115911199,0.9965896606445312,41.202799999155104,0.0048000074457377195,1,5.0552000175230205,1,,0,0,36.119299998972565,1,hover,0.017499987734481692,1,,
1787922419.0935724,1577,0.01047825813293457,95.43570957245899,19.47808265686035,0.035699980799108744,0.00680002267472446,1,,0,,0,0,,0,hover,0.016099977074190974,1,,
1787922419.1282434,1578,0.03467106819152832,28.8424917996713,2.0232200622558594,18.34810001309961,0.0042000028770416975,1,,0,,0,0,18.310000014025718,1,hover,0.01930000144056976,1,,
1787922419.1451645,1579,0.016921043395996094,59.098010483007386,1.9922256469726562,0.0391000066883862,0.0048000074457377195,1,,0,,0,0,,0,hover,0.016400008462369442,1,,
1787922419.23034,1580,0.0851755142211914,11.740463314411116,0.99945068359375,21.86130001791753,0.0041000021155923605,1,4.723199992440641,1,,0,0,17.111600027419627,1,hover,0.016699981642886996,1,,
1787922419.2528942,1581,0.02255415916442871,44.33772027188448,15.957355499267578,0.03960001049563289,0.0052000104915350676,1,,0,,0,0,,0,hover,0.0171000137925148,1,,
1787922419.2924616,1582,0.03956747055053711,25.27328601212355,1.9829273223876953,19.492699997499585,0.003800028935074806,1,,0,,0,0,19.463300006464124,1,hover,0.013999990187585354,1,,
1787922419.3136399,1583,0.021178245544433594,47.21826451119016,9.546756744384766,0.04220000118948519,0.0053000112529844046,1,,0,,0,0,,0,hover,0.01689998316578567,1,,
1787922419.4167821,1584,0.10314226150512695,9.695346848200458,4.996299743652344,40.30999998212792,0.0052000104915350676,1,4.789300000993535,1,,0,0,35.49079998629168,1,hover,0.01789999078027904,1,,
1787922419.4378605,1586,0.02107834815979004,47.44204775531903,1.5282630920410156,0.057900004321709275,0.006499991286545992,1,,0,,0,0,,0,hover,0.03170000854879618,1,,
1787922419.4902043,1587,0.05234384536743164,19.104442804696966,0.9975433349609375,15.82059997599572,0.0039000005926936865,1,,0,,0,0,15.79079998191446,1,hover,0.014599994756281376,1,,
1787922419.5158458,1588,0.025641441345214844,38.999367724178974,2.9959678649902344,0.04449998959898949,0.005299982149153948,1,,0,,0,0,,0,hover,0.017700018361210823,1,,
1787922419.5972548,1589,0.08140897750854492,12.283657535129183,3.023386001586914,20.493099989835173,0.004699977580457926,1,4.360799997812137,1,,0,0,16.103799978736788,1,hover,0.017600017599761486,1,,
1787922419.6072,1590,0.009945154190063477,100.55148275118069,1.9943714141845703,0.033899996196851134,0.0046000059228390455,1,,0,,0,0,,0,hover,0.014499993994832039,1,,
1787922419.6588044,1591,0.051604509353637695,19.378151493450993,1.0290145874023438,16.64570000139065,0.0040000013541430235,1,,0,,0,0,16.615200001979247,1,hover,0.01479999627918005,1,,
1787922419.7040193,1592,0.04521489143371582,22.116607345303066,1.031637191772461,0.03399999695830047,0.0046000059228390455,1,,0,,0,0,,0,hover,0.014199991710484028,1,,
1787922419.767942,1593,0.06392264366149902,15.643908679614041,9.972333908081055,20.476600009715185,0.0052000104915350676,1,4.579400003422052,1,,0,0,15.867699985392392,1,hover,0.017699989257380366,1,,
1787922419.7937107,1594,0.025768756866455078,38.80668381414112,23.740530014038086,0.03209998249076307,0.0041000021155923605,1,,0,,0,0,,0,hover,0.013600016245618463,1,,
1787922419.8245938,1595,0.030883073806762695,32.38019655222993,1.9960403442382812,19.25199999823235,0.004399975296109915,1,,0,,0,0,19.219000008888543,1,hover,0.01610000617802143,1,,
1787922419.8762038,1596,0.05160999298095703,19.376092540236893,2.269744873046875,0.08319999324157834,0.014299992471933365,1,,0,,0,0,,0,hover,0.03580001066438854,1,,
1787922419.9407935,1597,0.0645897388458252,15.482335396756845,11.537551879882812,23.973000003024936,0.0042000028770416975,1,4.4606000010389835,1,,0,0,19.486299977870658,1,hover,0.01610000617802143,1,,
1787922419.9634905,1598,0.022696971893310547,44.058740729847266,28.771162033081055,0.03809999907389283,0.005199981387704611,1,,0,,0,0,,0,hover,0.016600009985268116,1,,
1787922419.9974322,1599,0.03394174575805664,29.462244138182943,9.973287582397461,18.605299992486835,0.0039000005926936865,1,,0,,0,0,18.57469999231398,1,hover,0.015300000086426735,1,,
1787922420.0410874,1600,0.0436551570892334,22.90680109009683,2.2211074829101562,0.040700018871575594,0.005199981387704611,1,,0,,0,0,,0,hover,0.017700018361210823,1,,
1787922420.101334,1601,0.06024670600891113,16.598417842995254,0.9982585906982422,26.488800009246916,0.005099980626255274,1,5.344999983208254,1,,0,0,21.112300019012764,1,hover,0.019400002202019095,1,,
1787922420.112167,1602,0.010832786560058594,92.31235143938727,8.053779602050781,0.03269998705945909,0.0048999791033566,1,,0,,0,0,,0,hover,0.014200020814314485,1,,
1787922420.1612206,1603,0.04905366897583008,20.385834961554536,1.9946098327636719,20.29330001096241,0.0051000097300857306,1,,0,,0,0,20.255999988876283,1,hover,0.01789999078027904,1,,
1787922420.2059104,1604,0.04468989372253418,22.376423766158247,1.99127197265625,0.037299992982298136,0.0049000082071870565,1,,0,,0,0,,0,hover,0.015600002370774746,1,,
1787922420.26755,1605,0.06163954734802246,16.223350803566248,1.9931793212890625,25.42439999524504,0.004999979864805937,1,5.096799985039979,1,,0,0,20.29670000774786,1,hover,0.018999999156221747,1,,
1787922420.2782383,1606,0.010688304901123047,93.56020521971894,5.764245986938477,0.02929999027401209,0.0047000066842883825,1,,0,,0,0,,0,hover,0.012800010154023767,1,,
1787922420.326441,1607,0.0482027530670166,20.74570302259901,1.6331672668457031,19.769500009715557,0.0045000051613897085,1,,0,,0,0,19.735899986699224,1,hover,0.016499980119988322,1,,
1787922420.3718686,1608,0.045427560806274414,22.013068327936306,1.0333061218261719,0.04329998046159744,0.006599992047995329,1,,0,,0,0,,0,hover,0.01889999839477241,1,,
1787922420.434223,1609,0.062354326248168945,16.037379604103496,1.9907951354980469,26.599599979817867,0.0050000089686363935,1,5.416200001491234,1,,0,0,21.15129999583587,1,hover,0.02039998071268201,1,,
1787922420.4436433,1610,0.009420394897460938,106.15266248228386,4.43267822265625,0.03890000516548753,0.0049000082071870565,1,,0,,0,0,,0,hover,0.016000005416572094,1,,
1787922420.4977553,1611,0.05411195755004883,18.48020373454587,1.9953250885009766,24.392299994360656,0.0047000066842883825,1,,0,,0,0,24.357099988264963,1,hover,0.017300015315413475,1,,
1787922420.5167377,1612,0.018982410430908203,52.68034866487478,1.992940902709961,0.041399995097890496,0.004799978341907263,1,,0,,0,0,,0,hover,0.019800005247816443,1,,
1787922420.6018922,1613,0.08515453338623047,11.743355993325196,0.9982585906982422,26.326299994252622,0.005900015821680427,1,5.393200000980869,1,,0,0,20.8996000001207,1,hover,0.01930000144056976,1,,
1787922420.6118987,1614,0.010006427764892578,99.93576364069574,10.006427764892578,0.03300001844763756,0.0048000074457377195,1,,0,,0,0,,0,hover,0.014699995517730713,1,,
1787922420.6589766,1615,0.04707789421081543,21.241391883884756,2.028226852416992,19.531099998857826,0.004499976057559252,1,,0,,0,0,19.49659999809228,1,hover,0.017600017599761486,1,,
1787922420.708544,1616,0.049567461013793945,20.17452537505832,1.6698837280273438,0.0399000127799809,0.0049000082071870565,1,,0,,0,0,,0,hover,0.016399979358538985,1,,
1787922420.7744462,1617,0.0659022331237793,15.17399263423705,1.9638538360595703,33.533900015754625,0.005799985956400633,1,7.700299989664927,1,,0,0,25.80080000916496,1,hover,0.019700004486367106,1,,
1787922420.7864141,1618,0.011967897415161133,83.55686594816423,14.958381652832031,0.054800009820610285,0.007800001185387373,1,,0,,0,0,,0,hover,0.024199980543926358,1,,
1787922420.8276987,1619,0.04128456115722656,24.222129822129823,1.0883808135986328,20.37359998212196,0.0043000036384910345,1,,0,,0,0,20.338799979072064,1,hover,0.017300015315413475,1,,
1787922420.8763664,1620,0.04866766929626465,20.547521885884766,1.9943714141845703,0.04080001963302493,0.005399982910603285,1,,0,,0,0,,0,hover,0.01810002140700817,1,,
1787922420.9308941,1621,0.05452775955200195,18.33928274728254,3.282785415649414,22.464999987278134,0.007599999662488699,1,4.925999994156882,1,,0,0,17.496999993454665,1,hover,0.02519998815841973,1,,
1787922420.9404447,1622,0.00955057144165039,104.70577662389535,1.9955635070800781,0.03090000245720148,0.0041000021155923605,1,,0,,0,0,,0,hover,0.013199984095990658,1,,
1787922420.9930997,1623,0.05265498161315918,18.991555392549728,1.992940902709961,19.725799997104332,0.0040000013541430235,1,,0,,0,0,19.691199995577335,1,hover,0.01659998088143766,1,,
1787922421.0411377,1624,0.04803800582885742,20.81685079856665,0.9968280792236328,0.04800001624971628,0.005999987479299307,1,,0,,0,0,,0,hover,0.022099993657320738,1,,
1787922421.101713,1625,0.060575246810913086,16.508393323126214,2.0279884338378906,25.758600007975474,0.006299989763647318,1,5.536300013773143,1,,0,0,20.187999994959682,1,hover,0.02060001133941114,1,,
1787922421.1129804,1626,0.011267423629760742,88.75143358936923,7.0133209228515625,0.03429999924264848,0.0043000036384910345,1,,0,,0,0,,0,hover,0.014999997802078724,1,,
1787922421.1609752,1627,0.04799485206604004,20.835567919326394,4.490375518798828,19.49340000282973,0.005400012014433742,1,,0,,0,0,19.440800009761006,1,hover,0.03399999695830047,1,,
1787922421.208671,1628,0.04769587516784668,20.96617362572544,1.0013580322265625,0.035299977753311396,0.0047000066842883825,1,,0,,0,0,,0,hover,0.01479999627918005,1,,
1787922421.269266,1629,0.060594797134399414,16.5030670501627,3.278493881225586,24.54869999201037,0.0053000112529844046,1,5.128200020408258,1,,0,0,19.391899986658245,1,hover,0.016400008462369442,1,,
1787922421.2784395,1630,0.00917363166809082,109.0080827507342,3.7856101989746094,0.03880000440403819,0.005499983672052622,1,,0,,0,0,,0,hover,0.016900012269616127,1,,
1787922421.3322198,1631,0.053780317306518555,18.59416325680163,2.9985904693603516,20.501699997112155,0.004299974534660578,1,,0,,0,0,20.467700000153854,1,hover,0.016400008462369442,1,,
1787922421.3801892,1632,0.04796934127807617,20.846648575035537,1.9962787628173828,0.06500000017695129,0.006299989763647318,1,,0,,0,0,,0,hover,0.039300008211284876,1,,
1787922421.437097,1633,0.05690789222717285,17.572255110206168,1.9943714141845703,25.085899978876114,0.005600013537332416,1,4.910699994070455,1,,0,0,20.14659999986179,1,hover,0.016600009985268116,1,,
1787922421.446367,1634,0.009269952774047852,107.87541472698747,2.991199493408203,0.034900003811344504,0.0052000104915350676,1,,0,,0,0,,0,hover,0.014999997802078724,1,,
1787922421.4988132,1635,0.05244612693786621,19.06718490737584,1.9900798797607422,21.990900015225634,0.0045000051613897085,1,,0,,0,0,21.956699987640604,1,hover,0.016799982404336333,1,,
1787922421.5162978,1636,0.017484664916992188,57.19297480091633,2.9897689819335938,0.03960001049563289,0.005299982149153948,1,,0,,0,0,,0,hover,0.017300015315413475,1,,
1787922421.6026497,1637,0.08635187149047852,11.58052492365801,2.025604248046875,24.455899983877316,0.0049000082071870565,1,4.965000000083819,1,,0,0,19.46069998666644,1,hover,0.01920000067912042,1,,
1787922421.611575,1638,0.008925199508666992,112.04231334312809,2.2759437561035156,0.050300004659220576,0.010599993402138352,1,,0,,0,0,,0,hover,0.02090001362375915,1,,
1787922421.663467,1639,0.05189204216003418,19.27077752916366,2.0301342010498047,20.51719999872148,0.0045000051613897085,1,,0,,0,0,20.48300000024028,1,hover,0.015500001609325409,1,,
1787922421.7124493,1640,0.04898238182067871,20.41550375522641,1.992940902709961,0.040300015825778246,0.005199981387704611,1,,0,,0,0,,0,hover,0.01780001912266016,1,,
1787922421.7690437,1641,0.0565943717956543,17.669601557036575,2.026081085205078,26.12679998856038,0.00580001506023109,1,5.785899993497878,1,,0,0,20.307400001911446,1,hover,0.019700004486367106,1,,
1787922421.7800105,1642,0.010966777801513672,91.18448628201226,7.014989852905273,0.03339999238960445,0.0049000082071870565,1,,0,,0,0,,0,hover,0.015099998563528061,1,,
1787922421.8359697,1643,0.055959224700927734,17.87015465894082,11.91854476928711,18.062799994368106,0.0040000013541430235,1,,0,,0,0,18.030700011877343,1,hover,0.015600002370774746,1,,
1787922421.8768911,1644,0.04092144966125488,24.437061938859337,1.024484634399414,0.04529999569058418,0.009300012607127428,1,,0,,0,0,,0,hover,0.016600009985268116,1,,
1787922421.9338686,1645,0.05697751045227051,17.55078437197936,0.5159378051757812,25.489899999229237,0.005400012014433742,1,5.131999991135672,1,,0,0,20.328000013250858,1,hover,0.01759998849593103,1,,
1787922421.9438426,1646,0.009974002838134766,100.26064923268154,3.9865970611572266,0.034500000765547156,0.0046000059228390455,1,,0,,0,0,,0,hover,0.014599994756281376,1,,
1787922421.9977787,1647,0.053936004638671875,18.540490840936418,1.0325908660888672,21.762600023066625,0.0049000082071870565,1,,0,,0,0,21.725700004026294,1,hover,0.018099992303177714,1,,
1787922422.0441365,1648,0.04635787010192871,21.571310282402195,2.034425735473633,0.038300000596791506,0.0050000089686363935,1,,0,,0,0,,0,hover,0.016699981642886996,1,,
1787922422.1014652,1649,0.05732870101928711,17.443269814600715,1.9979476928710938,25.528500002110377,0.0051000097300857306,1,5.22560000536032,1,,0,0,20.273299975087866,1,hover,0.017999991541728377,1,,
1787922422.1114697,1650,0.010004520416259766,99.95481626233259,4.988670349121094,0.03460000152699649,0.0045000051613897085,1,,0,,0,0,,0,hover,0.014499993994832039,1,,
1787922422.1608374,1651,0.049367666244506836,20.256173241960177,2.100229263305664,18.821500008925796,0.0053000112529844046,1,,0,,0,0,18.780199985485524,1,hover,0.01829999382607639,1,,
1787922422.2086358,1652,0.04779839515686035,20.921204503169875,1.5387535095214844,0.035200006095692515,0.004599976819008589,1,,0,,0,0,,0,hover,0.015099998563528061,1,,
1787922422.2675536,1653,0.05891776084899902,16.972810670162957,2.0258426666259766,26.28980000736192,0.005399982910603285,1,5.337100010365248,1,,0,0,20.920999988447875,1,hover,0.018699996871873736,1,,
1787922422.2776682,1654,0.010114669799804688,98.86630209315481,6.017208099365234,0.032100011594593525,0.0043000036384910345,1,,0,,0,0,,0,hover,0.014199991710484028,1,,
1787922422.3281915,1655,0.05052328109741211,19.792855457505546,0.9963512420654297,20.670600002631545,0.0041000021155923605,1,,0,,0,0,20.6385999917984,1,hover,0.015700003132224083,1,,
1787922422.376711,1656,0.04851937294006348,20.610324070661655,2.0279884338378906,0.0638000201433897,0.006399990525096655,1,,0,,0,0,,0,hover,0.029499991796910763,1,,
1787922422.4365163,1657,0.05980539321899414,16.72090000877046,1.0304450988769531,28.882800019346178,0.0051000097300857306,1,5.514999997103587,1,,0,0,23.33520000684075,1,hover,0.02039998071268201,1,,
1787922422.4464915,1658,0.009975194931030273,100.24866751117378,6.979465484619141,0.032800016924738884,0.005099980626255274,1,,0,,0,0,,0,hover,0.01470002462156117,1,,
1787922422.497231,1659,0.05073952674865723,19.70850073067471,2.0225048065185547,20.811700000194833,0.004799978341907263,1,,0,,0,0,20.777400000952184,1,hover,0.017300015315413475,1,,
1787922422.514744,1660,0.017513036727905273,57.10031992376285,1.0287761688232422,0.05570001667365432,0.007299997378140688,1,,0,,0,0,,0,hover,0.023500004317611456,1,,
1787922422.598176,1661,0.08343195915222168,11.985814670556868,2.0308494567871094,25.623599998652935,0.0052000104915350676,1,5.59449999127537,1,,0,0,19.998200004920363,1,hover,0.018499995348975062,1,,
1787922422.6228697,1662,0.024693727493286133,40.49611385206569,19.70386505126953,0.040799990529194474,0.005699985194951296,1,,0,,0,0,,0,hover,0.017300015315413475,1,,
1787922422.6607306,1663,0.037860870361328125,26.41249370277078,0.9984970092773438,19.9187999824062,0.0045000051613897085,1,,0,,0,0,19.884599983925,1,hover,0.01650000922381878,1,,
1787922422.7075026,1664,0.046772003173828125,21.380311556969254,1.9960403442382812,0.04069998976774514,0.005500012775883079,1,,0,,0,0,,0,hover,0.01659998088143766,1,,
1787922422.7642999,1665,0.05679726600646973,17.6064812677091,1.02996826171875,24.63299999362789,0.0051000097300857306,1,5.481700005475432,1,,0,0,19.122199999401346,1,hover,0.017300015315413475,1,,
1787922422.774239,1666,0.009939193725585938,100.61178276722318,2.989053726196289,0.04050001734867692,0.00589998671784997,1,,0,,0,0,,0,hover,0.017000013031065464,1,,
1787922422.830524,1667,0.05628490447998047,17.766753079516764,1.9927024841308594,20.546200015814975,0.004999979864805937,1,,0,,0,0,20.507500012172386,1,hover,0.018799997633323073,1,,
1787922422.8759322,1668,0.04540824890136719,22.02243037762003,1.9943714141845703,0.03779999678954482,0.0050000089686363935,1,,0,,0,0,,0,hover,0.0158999755512923,1,,
1787922422.9407244,1669,0.06479215621948242,15.433966985332539,11.295318603515625,23.868300020694733,0.0047000066842883825,1,5.477899976540357,1,,0,0,18.360900023253635,1,search_360,0.018799997633323073,1,,
1787922422.9496055,1670,0.008881092071533203,112.59876510067114,10.587930679321289,0.03649998689070344,0.0050000089686363935,1,,0,,0,0,,0,search_360,0.014999997802078724,1,,
1787922422.9928045,1671,0.04319906234741211,23.148650587780782,2.030611038208008,20.303099998272955,0.0047000066842883825,1,,0,,0,0,20.25659999344498,1,search_360,0.01479999627918005,1,,
1787922423.0436685,1672,0.05086398124694824,19.66027777387163,2.026796340942383,0.03429999924264848,0.0053000112529844046,1,,0,,0,0,,0,search_360,0.012399978004395962,1,,
1787922423.0970385,1673,0.053369998931884766,18.737118606209517,2.0284652709960938,24.6227000025101,0.005700014298781753,1,5.42849997873418,1,,0,0,19.16300001903437,1,search_360,0.017799990018829703,1,,
1787922423.1074305,1674,0.010391950607299805,96.22832495927685,2.4127960205078125,0.02789997961372137,0.0044000043999403715,1,,0,,0,0,,0,search_360,0.01069999416358769,1,,
1787922423.161189,1675,0.05375862121582031,18.601667553663297,1.993417739868164,20.267200015950948,0.0053000112529844046,1,,0,,0,0,20.2327000151854,1,search_360,0.015499972505494952,1,,
1787922423.2095697,1676,0.04838061332702637,20.669436190081953,1.9962787628173828,0.034699973184615374,0.005400012014433742,1,,0,,0,0,,0,search_360,0.01279998105019331,1,,
1787922423.2659767,1677,0.05640697479248047,17.728304055996077,2.7761459350585938,23.839899979066104,0.005700014298781753,1,5.332800006726757,1,,0,0,18.479199992725626,1,search_360,0.015199999324977398,1,,
1787922423.2749493,1678,0.008972644805908203,111.44985916989955,2.9897689819335938,0.03200001083314419,0.0049000082071870565,1,,0,,0,0,,0,search_360,0.011900003300979733,1,,
1787922423.330395,1679,0.05544567108154297,18.03567312819278,0.0,23.331700009293854,0.004499976057559252,1,,0,,0,0,23.300300003029406,1,search_360,0.01400001929141581,1,,
1787922423.3765228,1680,0.0461277961730957,21.67890259156269,2.0012855529785156,0.036699988413602114,0.005499983672052622,1,,0,,0,0,,0,search_360,0.013500015484169126,1,,
1787922423.4371786,1681,0.060655832290649414,16.48646077772406,0.9984970092773438,29.19050000491552,0.005700014298781753,1,6.675599986920133,1,,0,0,22.484600020106882,1,search_360,0.016700010746717453,1,,
1787922423.446684,1682,0.009505271911621094,105.20477576000803,5.984067916870117,0.031100003980100155,0.0051000097300857306,1,,0,,0,0,,0,search_360,0.01200000406242907,1,,
1787922423.4991982,1683,0.05251431465148926,19.0424269389497,0.9212493896484375,24.321300006704405,0.005199981387704611,1,,0,,0,0,24.28630000213161,1,search_360,0.015300000086426735,1,,
1787922423.5161536,1684,0.01695537567138672,58.97834523876484,1.9941329956054688,0.03619998460635543,0.005400012014433742,1,,0,,0,0,,0,search_360,0.013699987903237343,1,,
1787922423.6047776,1685,0.0886240005493164,11.283625133166181,2.020597457885742,26.24070001184009,0.006699992809444666,1,5.4355000029318035,1,,0,0,20.770000002812594,1,search_360,0.020299979951232672,1,,
1787922423.6137528,1686,0.00897526741027832,111.41729313321822,8.97526741027832,0.03369999467395246,0.005299982149153948,1,,0,,0,0,,0,search_360,0.012300006346777081,1,,
1787922423.664038,1687,0.05028510093688965,19.886606198823202,0.9973049163818359,23.014400008833036,0.0048000074457377195,1,,0,,0,0,22.983100003330037,1,search_360,0.013999990187585354,1,,
1787922423.70768,1688,0.04364204406738281,22.9136838424894,1.9943714141845703,0.0371999922208488,0.005599984433501959,1,,0,,0,0,,0,search_360,0.014199991710484028,1,,
1787922423.7648973,1689,0.05721735954284668,17.477213349056406,0.9989738464355469,25.664599990705028,0.006699992809444666,1,5.051599990110844,1,,0,0,20.574199996190146,1,search_360,0.022799998987466097,1,,
1787922423.7739143,1690,0.009016990661621094,110.90174510840825,3.0324459075927734,0.028699985705316067,0.0044000043999403715,1,,0,,0,0,,0,search_360,0.01069999416358769,1,,
1787922423.8271122,1691,0.05319786071777344,18.79774837761285,0.9980201721191406,21.017500024754554,0.0048000074457377195,1,,0,,0,0,20.973100006813183,1,search_360,0.027600006433203816,1,,
1787922423.8734634,1692,0.04635119438171387,21.574417085452982,0.9970664978027344,0.05859998054802418,0.006999995093792677,1,,0,,0,0,,0,search_360,0.017900019884109497,1,,
1787922423.932491,1693,0.059027671813964844,16.9412068826238,0.9982585906982422,24.290000001201406,0.0050000089686363935,1,5.081500014057383,1,,0,0,19.18219999060966,1,search_360,0.014399993233382702,1,,
1787922423.9441729,1694,0.011681795120239258,85.60328183358165,2.0084381103515625,0.03270001616328955,0.0048999791033566,1,,0,,0,0,,0,search_360,0.012600008631125093,1,,
1787922423.9940405,1695,0.04986763000488281,20.05308854465481,0.9968280792236328,21.52350000687875,0.0047000066842883825,1,,0,,0,0,21.49070001905784,1,search_360,0.014599994756281376,1,,
1787922424.043645,1696,0.04960441589355469,20.159495520436806,1.0378360748291016,0.0329999893438071,0.0051000097300857306,1,,0,,0,0,,0,search_360,0.012100004823878407,1,,
1787922424.0999982,1697,0.05635333061218262,17.745180083177146,1.0309219360351562,26.55760000925511,0.0053000112529844046,1,5.155499995453283,1,,0,0,21.374700008891523,1,search_360,0.015099998563528061,1,,
1787922424.1099718,1698,0.009973526000976562,100.26544272327405,1.9943714141845703,0.030800001695752144,0.0048000074457377195,1,,0,,0,0,,0,search_360,0.01170000177808106,1,,
1787922424.1663198,1699,0.05634808540344238,17.74683190813274,0.0,24.509200011380017,0.0048000074457377195,1,,0,,0,0,24.478200008161366,1,search_360,0.01309998333454132,1,,
1787922424.21511,1700,0.04879021644592285,20.49591235382939,7.576704025268555,0.0315000070258975,0.0047000066842883825,1,,0,,0,0,,0,search_360,0.01200000406242907,1,,
1787922424.2706544,1701,0.055544376373291016,18.003622784049448,1.9965171813964844,26.313000009395182,0.0053000112529844046,1,5.354699998861179,1,,0,0,20.929799997247756,1,search_360,0.016099977074190974,1,,
1787922424.2806282,1702,0.009973764419555664,100.26304592068463,6.981611251831055,0.0357000099029392,0.0052000104915350676,1,,0,,0,0,,0,search_360,0.013699987903237343,1,,
1787922424.328526,1703,0.0478978157043457,20.87777877330785,1.9979476928710938,19.13369999965653,0.0045000051613897085,1,,0,,0,0,19.102799997199327,1,search_360,0.013899989426136017,1,,
1787922424.3783932,1704,0.04986715316772461,20.053280295279166,2.993345260620117,0.07259999983943999,0.01170000177808106,1,,0,,0,0,,0,search_360,0.02649999805726111,1,,
1787922424.4398425,1705,0.061449289321899414,16.27358120875156,1.992940902709961,29.216499999165535,0.007199996616691351,1,6.972200004383922,1,,0,0,22.210099996300414,1,search_360,0.018499995348975062,1,,
1787922424.4518106,1706,0.011968135833740234,83.55520140244631,10.970830917358398,0.03680001827888191,0.005600013537332416,1,,0,,0,0,,0,search_360,0.014199991710484028,1,,
1787922424.4976163,1707,0.04580569267272949,21.83134762626026,2.9921531677246094,19.89230001345277,0.0050000089686363935,1,,0,,0,0,19.85959999728948,1,search_360,0.014499993994832039,1,,
1787922424.5150619,1708,0.01744556427001953,57.32116109987427,1.485586166381836,0.04360001184977591,0.006199989002197981,1,,0,,0,0,,0,search_360,0.01680001150816679,1,,
1787922424.603922,1709,0.08886003494262695,11.253653013367105,2.6395320892333984,26.866900007007644,0.007499998901039362,1,5.5127000086940825,1,,0,0,21.320900006685406,1,search_360,0.017799990018829703,1,,
1787922424.6133559,1710,0.009433984756469727,105.99974727690869,8.435964584350586,0.04460001946426928,0.006999995093792677,1,,0,,0,0,,0,search_360,0.016999983927235007,1,,
1787922424.663222,1711,0.0498661994934082,20.05366380752938,2.990245819091797,19.473099993774667,0.0045000051613897085,1,,0,,0,0,19.44169998751022,1,search_360,0.0137000170070678,1,,
1787922424.710956,1712,0.04773402214050293,20.949418363626375,2.995729446411133,0.04450001870281994,0.005699985194951296,1,,0,,0,0,,0,search_360,0.017000013031065464,1,,
1787922424.769359,1713,0.05840301513671875,17.12240365774004,1.9900798797607422,27.27610000874847,0.006999995093792677,1,6.209499988472089,1,,0,0,21.03410000563599,1,search_360,0.01759998849593103,1,,
1787922424.7783353,1714,0.008976221084594727,111.40545565619273,7.9784393310546875,0.031099974876269698,0.0052000104915350676,1,,0,,0,0,,0,search_360,0.01170000177808106,1,,
1787922424.829175,1715,0.05083966255187988,19.669682090819137,0.9973049163818359,21.657400007825345,0.005199981387704611,1,,0,,0,0,21.622500004014,1,search_360,0.015300000086426735,1,,
1787922424.8744378,1716,0.045262813568115234,22.09319132349378,0.9951591491699219,0.03260001540184021,0.0048000074457377195,1,,0,,0,0,,0,search_360,0.012499978765845299,1,,
1787922424.9356356,1717,0.061197757720947266,16.34046797204323,1.501321792602539,26.114400010555983,0.0051000097300857306,1,5.27600001078099,1,,0,0,20.811499998671934,1,search_360,0.015400000847876072,1,,
1787922424.9451249,1718,0.009489297866821289,105.38187482726565,7.494688034057617,0.030099996365606785,0.0047000066842883825,1,,0,,0,0,,0,search_360,0.011500000255182385,1,,
1787922424.9933906,1719,0.048265695571899414,20.718648890293963,1.9948482513427734,19.795200001681224,0.0046000059228390455,1,,0,,0,0,19.763799995416775,1,search_360,0.013699987903237343,1,,
1787922425.0497825,1720,0.05639195442199707,17.73302610717683,8.481502532958984,0.03190001007169485,0.0046000059228390455,1,,0,,0,0,,0,search_360,0.01170000177808106,1,,
1787922425.0975893,1721,0.047806739807128906,20.917552713997885,0.9987354278564453,24.16770000127144,0.0051000097300857306,1,5.232399998931214,1,,0,0,18.906000012066215,1,search_360,0.01680001150816679,1,,
1787922425.1068673,1722,0.009278059005737305,107.78116407554927,2.8257369995117188,0.02989999484270811,0.0049000082071870565,1,,0,,0,0,,0,search_360,0.011199997970834374,1,,
1787922425.1595328,1723,0.05266547203063965,18.987772471083545,1.0662078857421875,19.916199991712347,0.005599984433501959,1,,0,,0,0,19.879699975717813,1,search_360,0.015900004655122757,1,,
1787922425.175519,1724,0.015986204147338867,62.55393655575607,1.0335445404052734,0.033499993151053786,0.0048000074457377195,1,,0,,0,0,,0,search_360,0.011699972674250603,1,,
1787922425.270634,1725,0.09511494636535645,10.513594742079656,1.1219978332519531,28.392300009727478,0.004999979864805937,1,5.253000010270625,1,,0,0,23.113500006729737,1,search_360,0.014200020814314485,1,,
1787922425.278576,1726,0.007941961288452148,125.91348203296208,6.979942321777344,0.029399991035461426,0.0050000089686363935,1,,0,,0,0,,0,search_360,0.010899995686486363,1,,
1787922425.3279898,1727,0.04941391944885254,20.237212735878643,1.0325908660888672,21.03109998279251,0.005500012775883079,1,,0,,0,0,20.99419999285601,1,search_360,0.016000005416572094,1,,
1787922425.3374348,1728,0.009444952011108398,105.87666288022214,0.0,0.051499984692782164,0.008100003469735384,1,,0,,0,0,,0,search_360,0.020000006770715117,1,,
1787922425.4361072,1729,0.09867238998413086,10.13454726454712,1.0006427764892578,28.123199997935444,0.005599984433501959,1,4.915400000754744,1,,0,0,23.1797999877017,1,search_360,0.01580000389367342,1,,
1787922425.4450834,1730,0.008976221084594727,111.40545565619273,2.9921531677246094,0.029399991035461426,0.0050000089686363935,1,,0,,0,0,,0,search_360,0.011399999493733048,1,,
1787922425.496619,1731,0.051535606384277344,19.404060030718554,2.9926300048828125,19.16480000363663,0.0042000028770416975,1,,0,,0,0,19.132899993564934,1,search_360,0.014199991710484028,1,,
1787922425.5046766,1732,0.008057594299316406,124.10652148183217,25.011062622070312,0.026900001103058457,0.0043000036384910345,1,,0,,0,0,,0,search_360,0.01069999416358769,1,,
1787922425.6004376,1733,0.09576106071472168,10.442657929396416,5.984306335449219,25.481300021056086,0.005399982910603285,1,5.2288000006228685,1,,0,0,20.225900021614507,1,search_360,0.014800025383010507,1,,
1787922425.6220725,1734,0.021634817123413086,46.22179121254532,2.0270347595214844,0.0323000131174922,0.0050000089686363935,1,,0,,0,0,,0,search_360,0.012299977242946625,1,,
1787922425.6599364,1735,0.037863969802856445,26.410331647912955,1.9996166229248047,20.25810000486672,0.004599976819008589,1,,0,,0,0,20.224300009431317,1,search_360,0.015500001609325409,1,,
1787922425.6729379,1736,0.013001441955566406,76.91454558791169,1.032114028930664,0.030700000934302807,0.0049000082071870565,1,,0,,0,0,,0,search_360,0.011299998732283711,1,,
1787922425.7691276,1737,0.09618973731994629,10.396119459956525,1.9946098327636719,25.762900011613965,0.005499983672052622,1,5.43599997763522,1,,0,0,20.29790001688525,1,search_360,0.01580000389367342,1,,
1787922425.7905679,1738,0.02144026756286621,46.64120898061761,19.27638053894043,0.03330002073198557,0.0052000104915350676,1,,0,,0,0,,0,search_360,0.012399978004395962,1,,
1787922425.8254797,1739,0.0349118709564209,28.6435522532797,3.0248165130615234,18.11260002432391,0.0046000059228390455,1,,0,,0,0,18.082400027196854,1,search_360,0.013399985618889332,1,,
1787922425.8417704,1740,0.016290664672851562,61.38484954923311,1.2273788452148438,0.05360000068321824,0.005099980626255274,1,,0,,0,0,,0,search_360,0.01400001929141581,1,,
1787922425.9336627,1741,0.09189224243164062,10.882311428452821,2.1660327911376953,24.045500002102926,0.006199989002197981,1,5.401700007496402,1,,0,0,18.61209998605773,1,search_360,0.017799990018829703,1,,
1787922425.9431758,1742,0.009513139724731445,105.11776647201825,1.0268688201904297,0.03269998705945909,0.0051000097300857306,1,,0,,0,0,,0,search_360,0.012500007869675756,1,,
1787922425.9990966,1743,0.05592083930969238,17.882421157199563,1.0004043579101562,21.04160000453703,0.005599984433501959,1,,0,,0,0,21.005399990826845,1,search_360,0.016000005416572094,1,,
1787922426.012281,1744,0.013184309005737305,75.84773684876761,1.0304450988769531,0.03209998249076307,0.0049000082071870565,1,,0,,0,0,,0,search_360,0.011900003300979733,1,,
1787922426.1105933,1745,0.0983123779296875,10.171659164985256,0.9977817535400391,33.05030000046827,0.007499998901039362,1,7.379199989372864,1,,0,0,25.631399999838322,1,search_360,0.021899992134422064,1,,
1787922426.1235583,1746,0.012964963912963867,77.13095128634215,14.95981216430664,0.03480000304989517,0.005999987479299307,1,,0,,0,0,,0,search_360,0.01300001167692244,1,,
1787922426.1770303,1747,0.053472042083740234,18.701361702886597,2.9921531677246094,30.156199994962662,0.005700014298781753,1,,0,,0,0,30.120700015686452,1,search_360,0.015500001609325409,1,,
1787922426.1880362,1748,0.011005878448486328,90.86053463888047,13.00048828125,0.03159997868351638,0.0052000104915350676,1,,0,,0,0,,0,search_360,0.012600008631125093,1,,
1787922426.2695537,1749,0.08151745796203613,12.267310892664423,0.9980201721191406,25.77859998564236,0.005299982149153948,1,5.2170999988447875,1,,0,0,20.534399984171614,1,search_360,0.015199999324977398,1,,
1787922426.2790437,1750,0.009490013122558594,105.37393226811376,5.535125732421875,0.02950002090074122,0.0047000066842883825,1,,0,,0,0,,0,search_360,0.011500000255182385,1,,
1787922426.3306727,1751,0.051629066467285156,19.368934370208915,2.0227432250976562,20.304000005126,0.0043000036384910345,1,,0,,0,0,20.273300004191697,1,search_360,0.01309998333454132,1,,
1787922426.3436642,1752,0.01299142837524414,76.97383006056157,3.0183792114257812,0.03250001464039087,0.0048999791033566,1,,0,,0,0,,0,search_360,0.012100004823878407,1,,
1787922426.4363983,1753,0.09273409843444824,10.783519944466583,1.9931793212890625,25.35780001198873,0.0045000051613897085,1,4.843200003961101,1,,0,0,20.49070000066422,1,search_360,0.013299984857439995,1,,
1787922426.4444394,1754,0.008041143417358398,124.36042339965013,4.025697708129883,0.030199997127056122,0.0044000043999403715,1,,0,,0,0,,0,search_360,0.011999974958598614,1,,
1787922426.4986558,1755,0.05421638488769531,18.444608619173263,1.9938945770263672,22.313299996312708,0.0042000028770416975,1,,0,,0,0,22.282899997662753,1,search_360,0.01400001929141581,1,,
1787922426.5076318,1756,0.008975982666015625,111.40841478963026,29.315471649169922,0.03339999238960445,0.0052000104915350676,1,,0,,0,0,,0,search_360,0.012500007869675756,1,,
1787922426.6008227,1757,0.09319090843200684,10.730660499243996,2.6977062225341797,27.03190001193434,0.005500012775883079,1,7.006100000580773,1,,0,0,19.992200017441064,1,search_360,0.01889999839477241,1,,
1787922426.6107943,1758,0.00997161865234375,100.28462127008416,3.9870738983154297,0.03339999238960445,0.005699985194951296,1,,0,,0,0,,0,search_360,0.012300006346777081,1,,
1787922426.6657093,1759,0.05491495132446289,18.209976989536752,0.9984970092773438,22.071799990953878,0.0051000097300857306,1,,0,,0,0,22.037799993995577,1,search_360,0.015700003132224083,1,,
1787922426.6772022,1760,0.01149296760559082,87.0097292811949,3.988981246948242,0.045599997974932194,0.007199996616691351,1,,0,,0,0,,0,search_360,0.016900012269616127,1,,
1787922426.7725677,1761,0.09536552429199219,10.485969719394388,4.988670349121094,27.05410000635311,0.006499991286545992,1,5.8966999931726605,1,,0,0,21.12630000920035,1,search_360,0.017000013031065464,1,,
1787922426.7835374,1762,0.01096963882446289,91.16070419474028,9.972095489501953,0.03359999391250312,0.005399982910603285,1,,0,,0,0,,0,search_360,0.01270000939257443,1,,
1787922426.8278887,1763,0.04435133934020996,22.54723340662176,0.99945068359375,21.7899999988731,0.0047000066842883825,1,,0,,0,0,21.758300019428134,1,search_360,0.01409999094903469,1,,
1787922426.8413088,1764,0.01342010498046875,74.51506537805571,1.0004043579101562,0.04930002614855766,0.00689999433234334,1,,0,,0,0,,0,search_360,0.01930000144056976,1,,
1787922426.933222,1765,0.09191322326660156,10.879827346489863,0.0,26.33709998917766,0.005900015821680427,1,5.4521999845746905,1,,0,0,20.854600006714463,1,search_360,0.016699981642886996,1,,
1787922426.944194,1766,0.010972023010253906,91.14089526292916,5.984783172607422,0.03440000000409782,0.005499983672052622,1,,0,,0,0,,0,search_360,0.013800017768517137,1,,
1787922426.9971418,1767,0.0529477596282959,18.886540375271863,1.9962787628173828,20.790499984286726,0.006799993570894003,1,,0,,0,0,20.75709999189712,1,search_360,0.013600016245618463,1,,
1787922427.0062983,1768,0.009156465530395508,109.2124462960552,0.99945068359375,0.03890000516548753,0.0053000112529844046,1,,0,,0,0,,0,search_360,0.012600008631125093,1,,
1787922427.098876,1769,0.09257769584655762,10.801737836049025,1.0986328125,24.191899981815368,0.0046000059228390455,1,4.898599989246577,1,,0,0,19.26810000441037,1,search_360,0.014199991710484028,1,,
1787922427.1078525,1770,0.008976459503173828,111.40249667994688,1.9948482513427734,0.02989999484270811,0.0045000051613897085,1,,0,,0,0,,0,search_360,0.011600001016631722,1,,
1787922427.1685522,1771,0.0606997013092041,16.474545647366583,10.969877243041992,18.563799996627495,0.0045000051613897085,1,,0,,0,0,18.532999994931743,1,search_360,0.013300013961270452,1,,
1787922427.1785264,1772,0.009974241256713867,100.2582526592566,4.987478256225586,0.03470000228844583,0.005999987479299307,1,,0,,0,0,,0,search_360,0.013100012438371778,1,,
1787922427.2800195,1773,0.10149312019348145,9.852884590538252,2.9969215393066406,37.29680000105873,0.004999979864805937,1,4.526599979726598,1,,0,0,32.74480000254698,1,search_360,0.013900018529966474,1,,
1787922427.2889953,1774,0.008975744247436523,111.411374080272,15.645980834960938,0.029399991035461426,0.0051000097300857306,1,,0,,0,0,,0,search_360,0.010799994925037026,1,,
1787922427.3282301,1775,0.03923487663269043,25.487527573026743,0.9992122650146484,18.68750000721775,0.0037999998312443495,1,,0,,0,0,18.660100002307445,1,search_360,0.012500007869675756,1,,
1787922427.3411992,1776,0.012969017028808594,77.10684609162439,0.9996891021728516,0.042800005758181214,0.006499991286545992,1,,0,,0,0,,0,search_360,0.016400008462369442,1,,
1787922427.4349265,1777,0.09372735023498535,10.669244329354067,5.986213684082031,22.215899982256815,0.0050000089686363935,1,4.719299991847947,1,,0,0,17.46959998854436,1,search_360,0.015300000086426735,1,,
1787922427.4593964,1778,0.024469852447509766,40.86661340296588,17.488718032836914,0.033499993151053786,0.004999979864805937,1,,0,,0,0,,0,search_360,0.012400007108226418,1,,
1787922427.5113144,1779,0.05191802978515625,19.261131520940484,1.9955635070800781,34.479199995985255,0.0042000028770416975,1,,0,,0,0,34.44700001273304,1,search_360,0.014599994756281376,1,,
1787922427.5369759,1780,0.025661468505859375,38.968931172885384,57.72519111633301,0.034900003811344504,0.006699992809444666,1,,0,,0,0,,0,search_360,0.012200005585327744,1,,
1787922427.598,1781,0.06102418899536133,16.38694452909507,1.0323524475097656,25.40949999820441,0.0053000112529844046,1,5.046199978096411,1,,0,0,20.33630001824349,1,search_360,0.014999997802078724,1,,
1787922427.61455,1782,0.016550064086914062,60.42272674887634,10.593652725219727,0.033199990866705775,0.005400012014433742,1,,0,,0,0,,0,search_360,0.01200000406242907,1,,
1787922427.6660962,1783,0.05154609680175781,19.400111008325624,8.943319320678711,19.19290001387708,0.0044000043999403715,1,,0,,0,0,19.157900009304285,1,search_360,0.015999976312741637,1,,
1787922427.6751072,1784,0.009011030197143555,110.97510252678926,2.028942108154297,0.031000003218650818,0.0048999791033566,1,,0,,0,0,,0,search_360,0.01170000177808106,1,,
1787922427.7805862,1785,0.10547900199890137,9.480559931828097,1.0292530059814453,40.0954999786336,0.0050000089686363935,1,5.108799989102408,1,,0,0,34.96140000061132,1,search_360,0.01379998866468668,1,,
1787922427.789594,1786,0.009007692337036133,111.01622508668379,17.98391342163086,0.032499985536560416,0.0051000097300857306,1,,0,,0,0,,0,search_360,0.012800010154023767,1,,
1787922427.848271,1787,0.058676958084106445,17.042464924078356,1.6295909881591797,35.91869998490438,0.0050000089686363935,1,,0,,0,0,35.88409998337738,1,search_360,0.014899997040629387,1,,
1787922427.8582788,1788,0.010007858276367188,99.92147894034686,15.652179718017578,0.03090000245720148,0.0051000097300857306,1,,0,,0,0,,0,search_360,0.012200005585327744,1,,
1787922427.9499516,1789,0.09167289733886719,10.908349458003038,3.025531768798828,39.34270000900142,0.0049000082071870565,1,5.134700011694804,1,,0,0,34.174100001109764,1,hover,0.022599997464567423,1,,
1787922427.9589622,1790,0.009010553359985352,110.98097531288863,18.983125686645508,0.034500000765547156,0.004599976819008589,1,,0,,0,0,,0,hover,0.015199999324977398,1,,
1787922427.9950252,1791,0.03606295585632324,27.729285530117217,0.5447864532470703,19.396099989535287,0.0044000043999403715,1,,0,,0,0,19.36289999866858,1,hover,0.016699981642886996,1,,
1787922428.0100043,1792,0.014979124069213867,66.75957788848743,1.9965171813964844,0.03480000304989517,0.004399975296109915,1,,0,,0,0,,0,hover,0.014800025383010507,1,,
1787922428.1012776,1793,0.09127330780029297,10.956105614009424,1.966714859008789,24.95330001693219,0.0043000036384910345,1,5.298800009768456,1,,0,0,19.628000009106472,1,hover,0.015699974028393626,1,,
1787922428.109944,1794,0.008666515350341797,115.38662998624484,5.636453628540039,0.03029999788850546,0.004699977580457926,1,,0,,0,0,,0,hover,0.012900010915473104,1,,
1787922428.1612082,1795,0.051264047622680664,19.506848295716154,0.9884834289550781,19.65040000504814,0.004399975296109915,1,,0,,0,0,19.61670001037419,1,hover,0.017400016076862812,1,,
1787922428.1735156,1796,0.012307405471801758,81.25189360919006,1.0406970977783203,0.03270001616328955,0.0044000043999403715,1,,0,,0,0,,0,hover,0.013999990187585354,1,,
1787922428.2633812,1797,0.08986568450927734,11.12771805456803,1.1706352233886719,25.133300019660965,0.0053000112529844046,1,5.279100005282089,1,,0,0,19.823100010398775,1,hover,0.018499995348975062,1,,
1787922428.2733903,1798,0.010009050369262695,99.90957814249303,3.027677536010742,0.03470000228844583,0.004999979864805937,1,,0,,0,0,,0,hover,0.016000005416572094,1,,
1787922428.327419,1799,0.05402874946594238,18.50866455145998,3.0260086059570312,20.027099992148578,0.004399975296109915,1,,0,,0,0,19.992099987575784,1,hover,0.01810002140700817,1,,
1787922428.3448067,1800,0.01738762855529785,57.512155658242946,8.04901123046875,0.04509999416768551,0.005900015821680427,1,,0,,0,0,,0,hover,0.01719998545013368,1,,
1787922428.4431288,1801,0.09832215309143066,10.170647901395029,0.9937286376953125,38.251199992373586,0.0048000074457377195,1,4.876500024693087,1,,0,0,33.34639998502098,1,hover,0.017300015315413475,1,,
1787922428.4524937,1802,0.009364843368530273,106.78235189286896,17.50326156616211,0.030499999411404133,0.0041000021155923605,1,,0,,0,0,,0,hover,0.01300001167692244,1,,
1787922428.4893982,1803,0.03690457344055176,27.096912571306746,1.0309219360351562,17.021600011503324,0.0044000043999403715,1,,0,,0,0,16.98810001835227,1,hover,0.01619997783564031,1,,
1787922428.4995317,1804,0.010133504867553711,98.68254005599604,20.062923431396484,0.03429999924264848,0.004399975296109915,1,,0,,0,0,,0,hover,0.01500002690590918,1,,
1787922428.59259,1805,0.09305834770202637,10.74594622292251,1.0297298431396484,21.271900011925027,0.0048999791033566,1,4.815699998289347,1,,0,0,16.425700014224276,1,hover,0.016900012269616127,1,,
1787922428.6070204,1806,0.01443028450012207,69.29870301528294,1.9969940185546875,0.03510000533424318,0.005299982149153948,1,,0,,0,0,,0,hover,0.014399993233382702,1,,
1787922428.6583242,1807,0.051303863525390625,19.49170942077478,2.0270347595214844,17.659600009210408,0.0041000021155923605,1,,0,,0,0,17.628500005230308,1,hover,0.014699995517730713,1,,
1787922428.6847947,1808,0.026470422744750977,37.778013960819635,14.998435974121094,0.043899985030293465,0.0053000112529844046,1,,0,,0,0,,0,hover,0.01819999306462705,1,,
1787922428.7607949,1809,0.07600021362304688,13.157857752346533,1.9986629486083984,22.204400011105463,0.005400012014433742,1,5.137600004673004,1,,0,0,17.035900003975257,1,hover,0.01819999306462705,1,,
1787922428.7707686,1810,0.009973764419555664,100.26304592068463,0.9975433349609375,0.03399999695830047,0.0050000089686363935,1,,0,,0,0,,0,hover,0.014699995517730713,1,,
1787922428.8249214,1811,0.054152727127075195,18.466290675507302,2.0232200622558594,17.40870001958683,0.0044000043999403715,1,,0,,0,0,17.359399993438274,1,hover,0.031200004741549492,1,,
1787922428.839494,1812,0.014572620391845703,68.62183829063186,0.9374618530273438,0.03660001675598323,0.004999979864805937,1,,0,,0,0,,0,hover,0.015500001609325409,1,,
1787922428.928196,1813,0.08870196342468262,11.273707609066694,1.5039443969726562,20.994899998186156,0.0047000066842883825,1,4.721399978734553,1,,0,0,16.187300003366545,1,hover,0.01659998088143766,1,,
1787922428.938205,1814,0.010009050369262695,99.90957814249303,0.9989738464355469,0.11950000771321356,0.006300018867477775,1,,0,,0,0,,0,hover,0.024200009647756815,1,,
1787922428.9952781,1815,0.057073116302490234,17.52138423106165,5.791902542114258,16.19090000167489,0.0045000051613897085,1,,0,,0,0,16.096800012746826,1,hover,0.01610000617802143,1,,
1787922429.006283,1816,0.011004924774169922,90.86840850990077,2.0265579223632812,0.10779997683130205,0.005600013537332416,1,,0,,0,0,,0,hover,0.019799976143985987,1,,
1787922429.0986292,1817,0.09234619140625,10.828816920026437,2.028226852416992,23.0032000108622,0.005699985194951296,1,5.206100002396852,1,,0,0,17.684100021142513,1,hover,0.018799997633323073,1,,
1787922429.1102889,1818,0.011659622192382812,85.76607230492394,2.391815185546875,0.1412999990861863,0.00589998671784997,1,,0,,0,0,,0,hover,0.024100008886307478,1,,
1787922429.1597207,1819,0.049431800842285156,20.22989215364729,1.5742778778076172,17.003900022245944,0.0041000021155923605,1,,0,,0,0,16.907500015804544,1,hover,0.015400000847876072,1,,
1787922429.1761477,1820,0.016427040100097656,60.87523947750363,2.321958541870117,0.10519998613744974,0.0049000082071870565,1,,0,,0,0,,0,hover,0.01610000617802143,1,,
1787922429.265182,1821,0.0890343189239502,11.231624075814663,0.9968280792236328,20.43259999481961,0.0045000051613897085,1,4.549000004772097,1,,0,0,15.797200001543388,1,hover,0.014299992471933365,1,,
1787922429.2741265,1822,0.008944511413574219,111.80040516046486,0.9992122650146484,0.08940001134760678,0.0045000051613897085,1,,0,,0,0,,0,hover,0.013499986380338669,1,,
1787922429.323356,1823,0.04922938346862793,20.313071778306206,0.0,16.333799983840436,0.0048000074457377195,1,,0,,0,0,16.22940000379458,1,hover,0.01789999078027904,1,,
1787922429.3443427,1824,0.02098679542541504,47.649008804316956,1.993417739868164,0.1142999972216785,0.0052000104915350676,1,,0,,0,0,,0,hover,0.018999999156221747,1,,
1787922429.4327023,1825,0.08835959434509277,11.317390119452682,3.025054931640625,22.656300017843023,0.005399982910603285,1,4.852999991271645,1,,0,0,17.683600017335266,1,hover,0.01889999839477241,1,,
1787922429.4417129,1826,0.009010553359985352,110.98097531288863,2.029895782470703,0.15070001245476305,0.004699977580457926,1,,0,,0,0,,0,hover,0.016000005416572094,1,,
1787922429.4909759,1827,0.04926300048828125,20.299210159516804,0.0,17.290800024056807,0.0050000089686363935,1,,0,,0,0,17.150300001958385,1,hover,0.020799983758479357,1,,
1787922429.4989545,1828,0.007978677749633789,125.33405050052293,18.90277862548828,0.4177000082563609,0.0044000043999403715,1,,0,,0,0,,0,hover,0.3127999952994287,1,,
1787922429.5957706,1829,0.0968160629272461,10.328864547523123,2.0339488983154297,22.482800006400794,0.005299982149153948,1,5.165299982763827,1,,0,0,17.19380001304671,1,hover,0.01850002445280552,1,,
1787922429.6071036,1830,0.011332988739013672,88.23797702697017,2.4559497833251953,0.15259999781847,0.006400019628927112,1,,0,,0,0,,0,hover,0.021199986804276705,1,,
1787922429.6609416,1831,0.05383801460266113,18.574236204292934,1.9965171813964844,17.291399999521673,0.0045000051613897085,1,,0,,0,0,17.166899982839823,1,hover,0.01829999382607639,1,,
1787922429.6742153,1832,0.01327371597290039,75.33685382763947,1.6224384307861328,0.2735000161919743,0.005099980626255274,1,,0,,0,0,,0,hover,0.020100007532164454,1,,
1787922429.7662003,1833,0.09198498725891113,10.871339223924544,2.7055740356445312,23.52190000237897,0.0046000059228390455,1,5.796699988422915,1,,0,0,17.608099995413795,1,hover,0.018799997633323073,1,,
1787922429.7751763,1834,0.008975982666015625,111.40841478963026,1.995086669921875,0.11819999781437218,0.005400012014433742,1,,0,,0,0,,0,hover,0.01729998621158302,1,,
1787922429.8301044,1835,0.05492806434631348,18.205629706795147,10.73765754699707,16.78060000995174,0.0040000013541430235,1,,0,,0,0,16.679199994541705,1,hover,0.014999997802078724,1,,
1787922429.8405845,1836,0.010480165481567383,95.41834065109084,1.5659332275390625,0.10820000898092985,0.0049000082071870565,1,,0,,0,0,,0,hover,0.014699995517730713,1,,
1787922429.9438877,1837,0.10330319404602051,9.680242796311896,14.967679977416992,21.47139998851344,0.005499983672052622,1,5.315399990649894,1,,0,0,16.03229998727329,1,hover,0.017999991541728377,1,,
1787922429.9528637,1838,0.008975982666015625,111.40841478963026,12.965202331542969,0.1807000080589205,0.010599993402138352,1,,0,,0,0,,0,hover,0.0247000134550035,1,,
1787922429.9871995,1839,0.03433585166931152,29.1240773530535,0.995635986328125,15.997300011804327,0.0043000036384910345,1,,0,,0,0,15.892499999608845,1,hover,0.01559997326694429,1,,
1787922430.014269,1840,0.027069568634033203,36.94185206714933,9.914875030517578,0.11950000771321356,0.0050000089686363935,1,,0,,0,0,,0,hover,0.0185999961104244,1,,
1787922430.098339,1841,0.08406996726989746,11.894854161053841,3.3752918243408203,21.758399991085753,0.004399975296109915,1,5.452100012917072,1,,0,0,16.20409998577088,1,hover,0.017300015315413475,1,,
1787922430.1067767,1842,0.008437633514404297,118.51664311952528,1.8000602722167969,0.24330001906491816,0.010400020983070135,1,,0,,0,0,,0,hover,0.03259998629800975,1,,
1787922430.1708515,1843,0.06407475471496582,15.606770629844204,8.009672164916992,17.030000017257407,0.0051000097300857306,1,,0,,0,0,16.733900003600866,1,hover,0.01829999382607639,1,,
1787922430.1788628,1844,0.008011341094970703,124.82304624724719,8.011341094970703,0.0892000098247081,0.0039000005926936865,1,,0,,0,0,,0,hover,0.01170000177808106,1,,
1787922430.2683086,1845,0.08944582939147949,11.179951114582195,9.276866912841797,20.25939998566173,0.0046000059228390455,1,4.6565999800805,1,,0,0,15.514500002609566,1,hover,0.014899997040629387,1,,
1787922430.2782824,1846,0.009973764419555664,100.26304592068463,5.9833526611328125,0.10439998004585505,0.0050000089686363935,1,,0,,0,0,,0,hover,0.015900004655122757,1,,
1787922430.3305395,1847,0.05225706100463867,19.136169940962304,5.980491638183594,20.336799992946908,0.0041000021155923605,1,,0,,0,0,20.242500002495944,1,hover,0.01470002462156117,1,,
1787922430.3385184,1848,0.00797891616821289,125.33030538456941,0.0,0.08950001210905612,0.0043000036384910345,1,,0,,0,0,,0,hover,0.013199984095990658,1,,
1787922430.4333262,1849,0.09480786323547363,10.547648326556068,1.8475055694580078,22.751200012862682,0.0048000074457377195,1,4.849100019782782,1,,0,0,17.806299991207197,1,hover,0.018799997633323073,1,,
1787922430.441306,1850,0.007979869842529297,125.31532715864954,3.0257701873779297,0.11180000728927553,0.005299982149153948,1,,0,,0,0,,0,hover,0.019099999917671084,1,,
1787922430.4918168,1851,0.05051064491271973,19.797807011333116,1.9991397857666016,17.640600010054186,0.00680002267472446,1,,0,,0,0,17.51260002492927,1,hover,0.021899992134422064,1,,
1787922430.5010378,1852,0.009221076965332031,108.44720239942083,21.320343017578125,0.09649997809901834,0.0045000051613897085,1,,0,,0,0,,0,hover,0.015600002370774746,1,,
1787922430.595242,1853,0.09420418739318848,10.615239382366415,1.9953250885009766,20.981899986509234,0.0043000036384910345,1,4.608199989888817,1,,0,0,16.280499985441566,1,hover,0.016600009985268116,1,,
1787922430.6053655,1854,0.010123491287231445,98.78015119756954,2.610921859741211,0.13120000949129462,0.005700014298781753,1,,0,,0,0,,0,hover,0.021199986804276705,1,,
1787922430.65566,1855,0.05029439926147461,19.882929604171604,0.9963512420654297,16.262599994661286,0.0043000036384910345,1,,0,,0,0,16.161899984581396,1,hover,0.01689998316578567,1,,
1787922430.6828687,1856,0.027208805084228516,36.752808398030176,10.010242462158203,0.11510000331327319,0.0051000097300857306,1,,0,,0,0,,0,hover,0.015700003132224083,1,,
1787922430.7638476,1857,0.0809788703918457,12.348900338583837,1.0313987731933594,21.060099999886006,0.0048000074457377195,1,5.1417000067885965,1,,0,0,15.824299975065514,1,hover,0.018399994587525725,1,,
1787922430.772388,1858,0.00854039192199707,117.09064515228498,0.9975433349609375,0.10189999011345208,0.0046000059228390455,1,,0,,0,0,,0,hover,0.015199999324977398,1,,
1787922430.8236544,1859,0.05126643180847168,19.505941114371684,4.0264129638671875,16.7391000140924,0.0037999998312443495,1,,0,,0,0,16.643900016788393,1,hover,0.014999997802078724,1,,
1787922430.8379903,1860,0.014335870742797852,69.75509321625172,1.9955635070800781,0.11369999265298247,0.005600013537332416,1,,0,,0,0,,0,hover,0.01719998545013368,1,,
1787922430.935523,1861,0.09753274917602539,10.252966397934888,10.672330856323242,20.52009999169968,0.0046000059228390455,1,4.705700004706159,1,,0,0,15.716199995949864,1,hover,0.017799990018829703,1,,
1787922430.9615934,1862,0.026070356369018555,38.3577418676324,22.11475372314453,0.09869999485090375,0.0050000089686363935,1,,0,,0,0,,0,hover,0.015400000847876072,1,,
1787922430.9937706,1863,0.03217720985412598,31.077896577529806,9.346723556518555,16.46659997641109,0.0043000036384910345,1,,0,,0,0,16.364899987820536,1,hover,0.018099992303177714,1,,
1787922431.0077658,1864,0.013995170593261719,71.45321976149914,7.014989852905273,0.10549998842179775,0.004999979864805937,1,,0,,0,0,,0,hover,0.018699996871873736,1,,
1787922431.097239,1865,0.08947324752807617,11.176525136032488,2.497434616088867,23.900599975604564,0.0053000112529844046,1,5.491399992024526,1,,0,0,18.311499996343628,1,hover,0.01789999078027904,1,,
1787922431.1161888,1866,0.01894974708557129,52.77115285414124,11.964797973632812,0.10639999527484179,0.0050000089686363935,1,,0,,0,0,,0,hover,0.01680001150816679,1,,
1787922431.1757498,1867,0.05956101417541504,16.789505918332218,1.0292530059814453,35.44289999990724,0.0045000051613897085,1,,0,,0,0,35.340000002179295,1,hover,0.016900012269616127,1,,
1787922431.192413,1868,0.016663312911987305,60.012075946831494,23.038625717163086,0.10239999392069876,0.0048999791033566,1,,0,,0,0,,0,hover,0.01610000617802143,1,,
1787922431.2753613,1869,0.08294820785522461,12.055715558621483,14.163732528686523,20.959399989806116,0.0045000051613897085,1,5.56049999431707,1,,0,0,15.303299995139241,1,hover,0.016200006939470768,1,,
1787922431.28569,1870,0.01032876968383789,96.81695212594063,13.177156448364258,0.08820000221021473,0.004699977580457926,1,,0,,0,0,,0,hover,0.012600008631125093,1,,
1787922431.3250003,1871,0.03931021690368652,25.43867927389176,0.9965896606445312,17.21309998538345,0.0048000074457377195,1,,0,,0,0,17.113199981395155,1,hover,0.016600009985268116,1,,
1787922431.3411283,1872,0.016128063201904297,62.00372527569997,1.6548633575439453,0.10659999679774046,0.005099980626255274,1,,0,,0,0,,0,hover,0.016700010746717453,1,,
1787922431.4373326,1873,0.09620428085327148,10.39454784268048,1.9941329956054688,28.583600011188537,0.0050000089686363935,1,9.581699996488169,1,,0,0,18.876900023315102,1,hover,0.019800005247816443,1,,
1787922431.455511,1874,0.018178462982177734,55.01015135220208,15.989065170288086,0.15139998868107796,0.006200018106028438,1,,0,,0,0,,0,hover,0.019700004486367106,1,,
1787922431.4895532,1875,0.0340421199798584,29.37537381901207,0.995635986328125,16.992999997455627,0.0044000043999403715,1,,0,,0,0,16.897200024686754,1,hover,0.01610000617802143,1,,
1787922431.497743,1876,0.008189678192138672,122.10491994177583,19.29020881652832,0.10069998097606003,0.0046000059228390455,1,,0,,0,0,,0,hover,0.016200006939470768,1,,
1787922431.600203,1877,0.10246014595031738,9.759892402309255,6.944417953491211,21.002800000132993,0.0043000036384910345,1,4.558200016617775,1,,0,0,16.33889999357052,1,hover,0.017400016076862812,1,,
1787922431.6090462,1878,0.008843183517456055,113.08144832978351,2.3746490478515625,0.22190000163391232,0.0049000082071870565,1,,0,,0,0,,0,hover,0.05339999916031957,1,,
1787922431.656633,1879,0.047586679458618164,21.01428406807854,2.992391586303711,16.107299976283684,0.0044000043999403715,1,,0,,0,0,16.00139998481609,1,hover,0.015900004655122757,1,,
1787922431.6865923,1880,0.029959440231323242,33.37846075490017,12.966156005859375,0.12740000966005027,0.005799985956400633,1,,0,,0,0,,0,hover,0.01990000600926578,1,,
1787922431.7659864,1881,0.07939410209655762,12.59539403548917,1.9924640655517578,21.789300022646785,0.0042000028770416975,1,5.464800022309646,1,,0,0,16.225500003201887,1,hover,0.021099986042827368,1,,
1787922431.7737925,1882,0.007806062698364258,128.10555572523748,0.11897087097167969,0.10240002302452922,0.0046000059228390455,1,,0,,0,0,,0,hover,0.015600002370774746,1,,
1787922431.8266435,1883,0.052850961685180664,18.921131576691792,4.94074821472168,15.919199999189004,0.005199981387704611,1,,0,,0,0,15.810599987162277,1,hover,0.017300015315413475,1,,
1787922431.841413,1884,0.014769554138183594,67.7068509072125,1.775979995727539,0.12519999290816486,0.005500012775883079,1,,0,,0,0,,0,hover,0.01829999382607639,1,,
1787922431.939745,1885,0.09833192825317383,10.169636838863916,11.409282684326172,21.515300002647564,0.0051000097300857306,1,4.878300009295344,1,,0,0,16.541499993763864,1,hover,0.018699996871873736,1,,
1787922431.9653478,1886,0.02560281753540039,39.05820125528467,20.6146240234375,0.12770001194439828,0.005699985194951296,1,,0,,0,0,,0,hover,0.01930000144056976,1,,
1787922431.9926672,1887,0.02731943130493164,36.60398303457665,1.0356903076171875,16.53170000645332,0.005199981387704611,1,,0,,0,0,16.410600015660748,1,hover,0.020100007532164454,1,,
1787922432.0112965,1888,0.01862931251525879,53.67884612923455,3.2434463500976562,0.09560000034980476,0.0044000043999403715,1,,0,,0,0,,0,hover,0.014899997040629387,1,,
1787922432.1025472,1889,0.09125065803527832,10.958825081714929,2.0847320556640625,23.737500014249235,0.004699977580457926,1,4.976800002623349,1,,0,0,18.653400009498,1,hover,0.019400002202019095,1,,
1787922432.1112082,1890,0.008661031723022461,115.45968563327553,2.675771713256836,0.1100999943446368,0.005700014298781753,1,,0,,0,0,,0,hover,0.017799990018829703,1,,
1787922432.157844,1891,0.04663586616516113,21.442723856752128,1.0292530059814453,18.14830000512302,0.0039000005926936865,1,,0,,0,0,18.027900019660592,1,hover,0.01729998621158302,1,,
1787922432.182868,1892,0.025023937225341797,39.96173707578269,10.513544082641602,0.12710000737570226,0.0046000059228390455,1,,0,,0,0,,0,hover,0.01750001683831215,1,,
1787922432.2684958,1893,0.08562779426574707,11.678451005014631,4.9877166748046875,23.10419999412261,0.0050000089686363935,1,4.656400007661432,1,,0,0,18.32760000252165,1,hover,0.0171000137925148,1,,
1787922432.2909772,1894,0.022481441497802734,44.48113347614907,18.627405166625977,0.11910000466741621,0.0046000059228390455,1,,0,,0,0,,0,hover,0.01719998545013368,1,,
1787922432.3240573,1895,0.033080101013183594,30.22965376077493,0.9961128234863281,17.818299995269626,0.0045000051613897085,1,,0,,0,0,17.711399996187538,1,hover,0.01580000389367342,1,,
1787922432.3432088,1896,0.01915144920349121,52.21536967644752,1.6584396362304688,0.14150000060908496,0.0053000112529844046,1,,0,,0,0,,0,hover,0.01650000922381878,1,,
1787922432.4524486,1897,0.10923981666564941,9.154171350000546,1.9941329956054688,43.16110000945628,0.006499991286545992,1,5.16040000366047,1,,0,0,37.88499999791384,1,hover,0.01889999839477241,1,,
1787922432.4611368,1898,0.008688211441040039,115.09848796685053,21.2399959564209,0.11229998199269176,0.0047000066842883825,1,,0,,0,0,,0,hover,0.015300000086426735,1,,
1787922432.5094638,1899,0.048326969146728516,20.692379796544614,7.0133209228515625,32.619899982819334,0.0047000066842883825,1,,0,,0,0,32.50800000387244,1,hover,0.017499987734481692,1,,
1787922432.5230293,1900,0.013565540313720703,73.71619389082217,42.98973083496094,0.10790000669658184,0.0047000066842883825,1,,0,,0,0,,0,hover,0.015700003132224083,1,,
1787922432.606581,1901,0.08355164527893066,11.968645221306868,15.22374153137207,21.031700016465038,0.005399982910603285,1,4.968399996869266,1,,0,0,15.94209999893792,1,hover,0.019800005247816443,1,,
1787922432.6165538,1902,0.009972810745239258,100.27263381864257,12.998104095458984,0.0405999890062958,0.0047000066842883825,1,,0,,0,0,,0,hover,0.015500001609325409,1,,
1787922432.6550295,1903,0.038475751876831055,25.990395280674687,1.6467571258544922,16.588700003921986,0.0045000051613897085,1,,0,,0,0,16.55270002083853,1,hover,0.015900004655122757,1,,
1787922432.6709876,1904,0.015958070755004883,62.66421645526123,0.9970664978027344,0.03949998063035309,0.0050000089686363935,1,,0,,0,0,,0,hover,0.01580000389367342,1,,
1787922432.7795992,1905,0.1086115837097168,9.20712106245198,2.775907516479492,38.87019999092445,0.0052000104915350676,1,5.01079999958165,1,,0,0,33.827300008852035,1,hover,0.01650000922381878,1,,
1787922432.7895713,1906,0.009972095489501953,100.2798259455841,16.957759857177734,0.03440000000409782,0.0047000066842883825,1,,0,,0,0,,0,hover,0.013999990187585354,1,,
1787922432.8254325,1907,0.03586125373840332,27.885249280314866,2.0215511322021484,17.51240002340637,0.0049000082071870565,1,,0,,0,0,17.47540000360459,1,hover,0.015600002370774746,1,,
1787922432.8414125,1908,0.015980005264282227,62.57820216337188,2.014636993408203,0.0619000056758523,0.004999979864805937,1,,0,,0,0,,0,hover,0.034100026823580265,1,,
1787922432.9322631,1909,0.0908505916595459,11.007082967025758,1.996755599975586,24.32490000501275,0.005399982910603285,1,5.357699992600828,1,,0,0,18.920400005299598,1,hover,0.017000013031065464,1,,
1787922432.9429688,1910,0.010705709457397461,93.40810190855845,4.433155059814453,0.03510000533424318,0.0048999791033566,1,,0,,0,0,,0,hover,0.013900018529966474,1,,
1787922432.9934244,1911,0.050455570220947266,19.81941727386994,2.957582473754883,18.02990000578575,0.0042000028770416975,1,,0,,0,0,17.989999993005767,1,hover,0.01789999078027904,1,,
1787922433.0080705,1912,0.014646053314208984,68.27777958652125,2.349376678466797,0.042800005758181214,0.005099980626255274,1,,0,,0,0,,0,hover,0.016600009985268116,1,,
1787922433.0986702,1913,0.09059977531433105,11.037554966671316,1.9941329956054688,22.017399984179065,0.0046000059228390455,1,4.81079999008216,1,,0,0,17.17639999696985,1,hover,0.01610000617802143,1,,
1787922433.1066308,1914,0.00796055793762207,125.61933570936536,0.9977817535400391,0.03359999391250312,0.0043000036384910345,1,,0,,0,0,,0,hover,0.013399985618889332,1,,
1787922433.1592953,1915,0.05266451835632324,18.988116310759604,2.026081085205078,18.489199981559068,0.0043000036384910345,1,,0,,0,0,18.45039997715503,1,hover,0.019400002202019095,1,,
1787922433.173765,1916,0.014469623565673828,69.11029823694183,0.9982585906982422,0.036900019040331244,0.0045000051613897085,1,,0,,0,0,,0,hover,0.014299992471933365,1,,
1787922433.273285,1917,0.09951996803283691,10.04823473888222,11.269092559814453,22.740099986549467,0.0051000097300857306,1,5.544299987377599,1,,0,0,17.162400006782264,1,hover,0.01759998849593103,1,,
1787922433.2822666,1918,0.008981704711914062,111.33743894669782,10.976552963256836,0.036699988413602114,0.0048000074457377195,1,,0,,0,0,,0,hover,0.015099998563528061,1,,
1787922433.3293104,1919,0.047043800354003906,21.256786069046605,8.07642936706543,17.190399987157434,0.0042000028770416975,1,,0,,0,0,17.156399990199134,1,hover,0.015300000086426735,1,,
1787922433.3439877,1920,0.014677286148071289,68.13248647682786,4.868030548095703,0.042599975131452084,0.0048000074457377195,1,,0,,0,0,,0,hover,0.01719998545013368,1,,
1787922433.4292147,1921,0.08522701263427734,11.733369140734276,0.9946823120117188,24.13669999805279,0.0050000089686363935,1,5.360900016967207,1,,0,0,18.740200001047924,1,hover,0.018699996871873736,1,,
1787922433.4391882,1922,0.009973526000976562,100.26544272327405,0.9970664978027344,0.03659998765215278,0.004699977580457926,1,,0,,0,0,,0,hover,0.014300021575763822,1,,
1787922433.497146,1924,0.05795764923095703,17.25397791782535,2.9668807983398438,15.745300013804808,0.0041000021155923605,1,,0,,0,0,15.712799999164417,1,hover,0.014499993994832039,1,,
1787922433.5744293,1925,0.07728338241577148,12.939392256671294,4.987239837646484,0.03689998993650079,0.0050000089686363935,1,,0,,0,0,,0,hover,0.01409999094903469,1,,
1787922433.6265705,1926,0.05214118957519531,19.17869554084208,1.9316673278808594,20.26089999708347,0.0048000074457377195,1,4.568599979393184,1,,0,0,15.662499994505197,1,hover,0.015600002370774746,1,,
1787922433.6415298,1927,0.014959335327148438,66.84788983807216,1.0294914245605469,0.03849997301585972,0.0047000066842883825,1,,0,,0,0,,0,hover,0.015099998563528061,1,,
1787922433.6985414,1928,0.05701160430908203,17.54028872049648,11.48843765258789,15.713000000687316,0.0048000074457377195,1,,0,,0,0,15.676999988500029,1,hover,0.015700003132224083,1,,
1787922433.7065198,1929,0.007978439331054688,125.337795840306,0.9968280792236328,0.03320001997053623,0.0045000051613897085,1,,0,,0,0,,0,hover,0.012800010154023767,1,,
1787922433.7959867,1930,0.08946681022644043,11.177329307583458,0.9970664978027344,21.295999991707504,0.0051000097300857306,1,4.822199989575893,1,,0,0,16.440900013549253,1,hover,0.017099984688684344,1,,
1787922433.8069904,1931,0.011003732681274414,90.87825276796741,2.028226852416992,0.03539997851476073,0.0043000036384910345,1,,0,,0,0,,0,hover,0.014100020052865148,1,,
1787922433.8559363,1932,0.04894590377807617,20.430718871472134,0.9970664978027344,16.79860000149347,0.0047000066842883825,1,,0,,0,0,16.76140000927262,1,hover,0.016200006939470768,1,,
1787922433.8709302,1933,0.014993906021118164,66.69376202515544,1.0309219360351562,0.0371999922208488,0.0048000074457377195,1,,0,,0,0,,0,hover,0.014200020814314485,1,,
1787922433.964697,1934,0.09376668930053711,10.664768133114324,5.7125091552734375,20.43410000624135,0.0044000043999403715,1,4.516400018474087,1,,0,0,15.887499990640208,1,hover,0.01659998088143766,1,,
1787922433.9762056,1935,0.011508703231811523,86.8907625696588,4.987001419067383,0.03850000211969018,0.0050000089686363935,1,,0,,0,0,,0,hover,0.016300007700920105,1,,
1787922434.0248091,1936,0.04860353469848633,20.574635285345682,1.6684532165527344,16.124900022987276,0.0044000043999403715,1,,0,,0,0,16.09040002222173,1,hover,0.014899997040629387,1,,
1787922434.0527318,1937,0.027922630310058594,35.81324498787527,12.962102890014648,0.03649998689070344,0.0043000036384910345,1,,0,,0,0,,0,hover,0.0137000170070678,1,,
1787922434.132929,1938,0.08019733428955078,12.469242386405528,1.9910335540771484,21.397900010924786,0.0045000051613897085,1,5.149500007973984,1,,0,0,16.21739999973215,1,hover,0.016600009985268116,1,,
1787922434.1451554,1939,0.012226343154907227,81.7906047073965,2.9942989349365234,0.03600001218728721,0.0044000043999403715,1,,0,,0,0,,0,hover,0.01409999094903469,1,,
1787922434.1942453,1940,0.049089908599853516,20.370785534585085,1.9941329956054688,16.306200006511062,0.0034999975468963385,1,,0,,0,0,16.27540000481531,1,hover,0.013999990187585354,1,,
1787922434.2072074,1941,0.012962102890014648,77.14797579413982,0.9958744049072266,0.0329999893438071,0.004499976057559252,1,,0,,0,0,,0,hover,0.01270000939257443,1,,
1787922434.2989082,1942,0.09170079231262207,10.905031186544676,1.3720989227294922,21.34820001083426,0.0052000104915350676,1,4.846199997700751,1,,0,0,16.427099995780736,1,hover,0.047699984861537814,1,,
1787922434.3078847,1943,0.008976459503173828,111.40249667994688,1.997232437133789,0.03060000017285347,0.004399975296109915,1,,0,,0,0,,0,hover,0.013400014722719789,1,,
1787922434.3662784,1944,0.05839371681213379,17.125130144005617,5.009889602661133,17.95430001220666,0.004499976057559252,1,,0,,0,0,17.922400002134964,1,hover,0.015199999324977398,1,,
1787922434.3780875,1945,0.011809110641479492,84.68038198300054,6.607532501220703,0.040000013541430235,0.005099980626255274,1,,0,,0,0,,0,hover,0.01650000922381878,1,,
1787922434.4708612,1946,0.0927736759185791,10.778919667661215,2.028226852416992,25.020600005518645,0.0053000112529844046,1,5.122299975482747,1,,0,0,19.868900009896606,1,hover,0.01759998849593103,1,,
1787922434.4804492,1948,0.009588003158569336,104.29700360561979,0.5521774291992188,0.03029999788850546,0.0044000043999403715,1,,0,,0,0,,0,hover,0.012899981811642647,1,,
1787922434.5679715,1949,0.08752226829528809,11.42566365654667,6.945371627807617,19.639100006315857,0.0049000082071870565,1,,0,,0,0,19.602800020948052,1,hover,0.017400016076862812,1,,
1787922434.612487,1950,0.04451560974121094,22.464030164103004,2.9926300048828125,0.04659997648559511,0.006199989002197981,1,,0,,0,0,,0,hover,0.01990000600926578,1,,
1787922434.6700442,1951,0.057557106018066406,17.374049343031828,0.9617805480957031,26.472099998500198,0.0050000089686363935,1,4.919400002108887,1,,0,0,21.441399992909282,1,hover,0.016999983927235007,1,,
1787922434.680017,1952,0.009972810745239258,100.27263381864257,4.987478256225586,0.1333000254817307,0.0050000089686363935,1,,0,,0,0,,0,hover,0.017499987734481692,1,,
1787922434.7295573,1953,0.04954028129577637,20.185593901447156,0.9601116180419922,18.801899976097047,0.0051000097300857306,1,,0,,0,0,18.62550000078045,1,hover,0.02069998299703002,1,,
1787922434.777706,1954,0.04814863204956055,20.769022035157217,1.0805130004882812,0.12909999350085855,0.00580001506023109,1,,0,,0,0,,0,hover,0.016999983927235007,1,,
1787922434.836004,1955,0.05829811096191406,17.153214460984785,4.000425338745117,23.551100020995364,0.005699985194951296,1,5.423399998107925,1,,0,0,17.993800021940842,1,hover,0.018200022168457508,1,,
1787922434.8462381,1956,0.01023411750793457,97.71238206173558,5.280017852783203,0.15810001059435308,0.007099995855242014,1,,0,,0,0,,0,hover,0.019400002202019095,1,,
1787922434.8938901,1957,0.04765200614929199,20.985475341101832,0.9973049163818359,19.746000005397946,0.004299974534660578,1,,0,,0,0,19.615500001236796,1,hover,0.016900012269616127,1,,
1787922434.9509256,1958,0.05703544616699219,17.53295655954252,6.960868835449219,0.14180000289343297,0.005499983672052622,1,,0,,0,0,,0,hover,0.022499996703118086,1,,
1787922434.9987993,1959,0.047873735427856445,20.888280203389492,0.9946823120117188,24.78149998933077,0.00580001506023109,1,5.052399996202439,1,,0,0,19.595199992181733,1,hover,0.018099992303177714,1,,
1787922435.0117662,1960,0.01296687126159668,77.11960578814791,6.981372833251953,0.14109999756328762,0.0049000082071870565,1,,0,,0,0,,0,hover,0.016799982404336333,1,,
1787922435.061743,1961,0.04997682571411133,20.009274012727914,5.954265594482422,18.547099985880777,0.0049000082071870565,1,,0,,0,0,18.507100001443177,1,hover,0.017300015315413475,1,,
1787922435.111215,1962,0.04947209358215332,20.21341583895981,1.9938945770263672,0.05360000068321824,0.005999987479299307,1,,0,,0,0,,0,hover,0.022499996703118086,1,,
1787922435.168063,1963,0.05684781074523926,17.590826927028942,1.6350746154785156,23.59619998605922,0.0052000104915350676,1,5.0580000097397715,1,,0,0,18.504399980884045,1,hover,0.01789999078027904,1,,
1787922435.1770391,1964,0.008976221084594727,111.40545565619273,0.0,0.03200001083314419,0.0042000028770416975,1,,0,,0,0,,0,hover,0.012900010915473104,1,,
1787922435.2332127,1965,0.05617356300354004,17.801968515633952,5.715370178222656,18.079500005114824,0.01819999306462705,1,,0,,0,0,18.031599989626557,1,hover,0.015300000086426735,1,,
1787922435.2777455,1966,0.04453277587890625,22.455370909713896,4.848003387451172,0.06290001329034567,0.005999987479299307,1,,0,,0,0,,0,hover,0.025299988919869065,1,,
1787922435.331493,1967,0.05374741554260254,18.605545771914493,0.9958744049072266,22.5839999911841,0.0047000066842883825,1,4.592300014337525,1,,0,0,17.959399992832914,1,hover,0.01729998621158302,1,,
1787922435.3395016,1968,0.008008718490600586,124.86392188383793,0.0,0.03399999695830047,0.0047000066842883825,1,,0,,0,0,,0,hover,0.013499986380338669,1,,
1787922435.395737,1969,0.056235313415527344,17.782420675971306,1.9946098327636719,20.258899981854483,0.008800008799880743,1,,0,,0,0,20.1851999736391,1,hover,0.02989999484270811,1,,
1787922435.4439843,1970,0.048247337341308594,20.72653238718349,1.9917488098144531,0.0701999815646559,0.006100017344579101,1,,0,,0,0,,0,hover,0.024599983589723706,1,,
1787922435.5006406,1971,0.0566563606262207,17.650268900914853,1.2769699096679688,24.86259999568574,0.0049000082071870565,1,5.184900015592575,1,,0,0,19.644199986942112,1,hover,0.017700018361210823,1,,
1787922435.5096138,1972,0.008973121643066406,111.44393665639282,30.32207489013672,0.03610001294873655,0.005299982149153948,1,,0,,0,0,,0,hover,0.014599994756281376,1,,
1787922435.5606296,1973,0.05101585388183594,19.601749728941563,1.993417739868164,20.181800005957484,0.0045000051613897085,1,,0,,0,0,20.144999987678602,1,hover,0.016600009985268116,1,,
1787922435.6085973,1974,0.04796767234802246,20.84737388849402,0.54931640625,0.052499992307275534,0.00589998671784997,1,,0,,0,0,,0,hover,0.028400012524798512,1,,
1787922435.6672962,1975,0.05869889259338379,17.03609652275986,1.9927024841308594,24.742200010223314,0.0049000082071870565,1,4.949399997713044,1,,0,0,19.760499999392778,1,hover,0.016799982404336333,1,,
1787922435.678091,1976,0.010794878005981445,92.63652627161693,5.537986755371094,0.034900003811344504,0.0046000059228390455,1,,0,,0,0,,0,hover,0.013699987903237343,1,,
1787922435.7269547,1977,0.04886364936828613,20.465110832451,1.9965171813964844,17.843999987235293,0.004099973011761904,1,,0,,0,0,17.81170000322163,1,hover,0.014200020814314485,1,,
1787922435.78635,1978,0.05939531326293945,16.83634524449868,11.51132583618164,0.03560000914148986,0.004699977580457926,1,,0,,0,0,,0,hover,0.01400001929141581,1,,
1787922435.8300452,1979,0.04369521141052246,22.885802991198826,1.0313987731933594,23.10720001696609,0.0048999791033566,1,4.779100010637194,1,,0,0,18.29649999854155,1,hover,0.01680001150816679,1,,
1787922435.8409832,1980,0.010937929153442383,91.42498419687425,1.9953250885009766,0.044599990360438824,0.006100017344579101,1,,0,,0,0,,0,hover,0.018099992303177714,1,,
1787922435.8968449,1981,0.055861711502075195,17.901349119295265,6.230831146240234,17.90349997463636,0.0036999990697950125,1,,0,,0,0,17.8740999836009,1,hover,0.013200013199821115,1,,
1787922435.9413908,1982,0.044545888900756836,22.448760697713006,2.5954246520996094,0.035200006095692515,0.0043000036384910345,1,,0,,0,0,,0,hover,0.014199991710484028,1,,
1787922436.0122578,1983,0.07086706161499023,14.11092794326432,15.059947967529297,22.593199973925948,0.005700014298781753,1,4.861900000832975,1,,0,0,17.696799972327426,1,hover,0.01759998849593103,1,,
1787922436.021741,1984,0.009483098983764648,105.45076052796983,17.495155334472656,0.03259998629800975,0.0039000005926936865,1,,0,,0,0,,0,hover,0.012400007108226418,1,,
1787922436.060349,1985,0.03860807418823242,25.90131782084059,2.174854278564453,19.486699980916455,0.0039000005926936865,1,,0,,0,0,19.45179997710511,1,hover,0.015300000086426735,1,,
1787922436.1082423,1986,0.04789328575134277,20.87975348344028,2.0258426666259766,0.0371999922208488,0.0045000051613897085,1,,0,,0,0,,0,hover,0.014999997802078724,1,,
1787922436.1661716,1987,0.057929277420043945,17.262428335658694,1.9915103912353516,24.131300015142187,0.0049000082071870565,1,4.80640001478605,1,,0,0,19.294300000183284,1,hover,0.016000005416572094,1,,
1787922436.191472,1988,0.02530050277709961,39.52490623645376,19.652366638183594,0.04309997893869877,0.006100017344579101,1,,0,,0,0,,0,hover,0.017499987734481692,1,,
1787922436.225547,1989,0.034075021743774414,29.347009886580697,2.9914379119873047,18.784699990646914,0.0040000013541430235,1,,0,,0,0,18.75099999597296,1,hover,0.014599994756281376,1,,
1787922436.274956,1990,0.049408912658691406,20.2392634484356,1.0340213775634766,0.03920000744983554,0.005099980626255274,1,,0,,0,0,,0,hover,0.015199999324977398,1,,
1787922436.3367443,1991,0.061788320541381836,16.18428840981791,10.001897811889648,23.88920000521466,0.006099988240748644,1,5.308800027705729,1,,0,0,18.54389999061823,1,hover,0.01889999839477241,1,,
1787922436.3588567,1992,0.022112369537353516,45.22355681107541,20.11704444885254,0.03819999983534217,0.0043000036384910345,1,,0,,0,0,,0,hover,0.015500001609325409,1,,
1787922436.3943496,1993,0.035492897033691406,28.17465136899804,0.9987354278564453,20.651700004236773,0.0045000051613897085,1,,0,,0,0,20.61510001658462,1,hover,0.016000005416572094,1,,
1787922436.4419382,1994,0.04758858680725098,21.013441816423764,0.9977817535400391,0.0743999844416976,0.008400005754083395,1,,0,,0,0,,0,hover,0.03169997944496572,1,,
1787922436.5013797,1995,0.059441566467285156,16.82324439666929,2.031087875366211,26.330699998652562,0.0050000089686363935,1,5.26410000748001,1,,0,0,21.033700002590194,1,hover,0.0171000137925148,1,,
1787922436.5110528,1996,0.009673118591308594,103.37927634822044,31.609058380126953,0.03220001235604286,0.0047000066842883825,1,,0,,0,0,,0,hover,0.012899981811642647,1,,
1787922436.5569303,1997,0.04587745666503906,21.797197854737455,2.028942108154297,19.840599998133257,0.0047000066842883825,1,,0,,0,0,19.804199982900172,1,hover,0.015999976312741637,1,,
1787922436.607636,1998,0.050705671310424805,19.72165980956859,6.947040557861328,0.04290000651963055,0.0049000082071870565,1,,0,,0,0,,0,hover,0.016300007700920105,1,,
1787922436.6641521,1999,0.056516170501708984,17.69405094369869,2.8395652770996094,24.891799985198304,0.00580001506023109,1,5.030899978009984,1,,0,0,19.825700001092628,1,hover,0.01819999306462705,1,,
1787922436.675154,2000,0.011001825332641602,90.8940080182035,4.02069091796875,0.03339999238960445,0.0051000097300857306,1,,0,,0,0,,0,hover,0.014999997802078724,1,,
1787922436.7240932,2001,0.04893922805786133,20.4335057924839,1.033782958984375,19.296699989354238,0.0040000013541430235,1,,0,,0,0,19.26549998461269,1,hover,0.015500001609325409,1,,
1787922436.7734807,2002,0.049387454986572266,20.248056926032845,2.025604248046875,0.03709999145939946,0.005299982149153948,1,,0,,0,0,,0,hover,0.015500001609325409,1,,
1787922436.8311267,2003,0.05764603614807129,17.347246520669188,1.0347366333007812,25.635400001192465,0.005900015821680427,1,5.368000012822449,1,,0,0,20.235500007402152,1,hover,0.019099999917671084,1,,
1787922436.84213,2004,0.011003255844116211,90.88219106844922,6.975650787353516,0.033899996196851134,0.0045000051613897085,1,,0,,0,0,,0,hover,0.01479999627918005,1,,
1787922436.890599,2005,0.04846906661987305,20.63171564335396,1.9953250885009766,18.54229997843504,0.0052000104915350676,1,,0,,0,0,18.49309998215176,1,hover,0.024699984351173043,1,,
1787922436.93734,2006,0.04674100875854492,21.39448904848862,1.0251998901367188,0.03640001523308456,0.0047000066842883825,1,,0,,0,0,,0,hover,0.014899997040629387,1,,
1787922437.0035174,2007,0.0661773681640625,15.11090615632926,8.013486862182617,25.24669998092577,0.005700014298781753,1,5.824599997140467,1,,0,0,19.390300003578886,1,hover,0.018999999156221747,1,,
1787922437.0135238,2008,0.010006427764892578,99.93576364069574,12.99905776977539,0.03399999695830047,0.0047000066842883825,1,,0,,0,0,,0,hover,0.014699995517730713,1,,
1787922437.0596318,2009,0.04610800743103027,21.688206793490906,2.027750015258789,17.742600000929087,0.0040000013541430235,1,,0,,0,0,17.713000008370727,1,hover,0.014499993994832039,1,,
1787922437.118572,2010,0.05894017219543457,16.96635694724792,16.12997055053711,0.0363999861292541,0.0046000059228390455,1,,0,,0,0,,0,hover,0.015500001609325409,1,,
1787922437.160688,2011,0.04211592674255371,23.74398659473413,1.0318756103515625,24.14590000989847,0.005799985956400633,1,5.168600007891655,1,,0,0,18.945799994980916,1,hover,0.01889999839477241,1,,
1787922437.1802363,2012,0.019548416137695312,51.155039516050344,10.601520538330078,0.038300000596791506,0.0052000104915350676,1,,0,,0,0,,0,hover,0.016200006939470768,1,,
1787922437.223322,2013,0.043085575103759766,23.20962404683644,1.0390281677246094,18.394799990346655,0.0043000036384910345,1,,0,,0,0,18.364999996265396,1,hover,0.013899989426136017,1,,
1787922437.274003,2014,0.050681114196777344,19.731215776301678,3.0243396759033203,0.041099992813542485,0.0044000043999403715,1,,0,,0,0,,0,hover,0.019700004486367106,1,,
1787922437.3278856,2015,0.053882598876953125,18.558867256637168,2.0303726196289062,23.40780000668019,0.0048000074457377195,1,5.208399990806356,1,,0,0,18.171400006394833,1,hover,0.016699981642886996,1,,
1787922437.338851,2016,0.010965347290039062,91.1963819794747,1.0268688201904297,0.03480000304989517,0.0047000066842883825,1,,0,,0,0,,0,hover,0.014899997040629387,1,,
1787922437.392151,2017,0.05330014228820801,18.76167599314716,2.7883052825927734,18.438200000673532,0.0041000021155923605,1,,0,,0,0,18.406499992124736,1,hover,0.015700003132224083,1,,
1787922437.4380338,2018,0.0458827018737793,21.794706047410703,1.031637191772461,0.03920000744983554,0.0047000066842883825,1,,0,,0,0,,0,hover,0.0185999961104244,1,,
1787922437.4952745,2019,0.05724072456359863,17.470079346897975,2.7129650115966797,22.54870001343079,0.005099980626255274,1,4.323600005591288,1,,0,0,18.198100005974993,1,hover,0.016300007700920105,1,,
1787922437.504418,2020,0.009143352508544922,109.369074315515,26.09872817993164,0.03259998629800975,0.0049000082071870565,1,,0,,0,0,,0,hover,0.01409999094903469,1,,
1787922437.5624175,2021,0.057999610900878906,17.241494976733478,0.99945068359375,19.241900008637458,0.0039000005926936865,1,,0,,0,0,19.209900026908144,1,hover,0.01610000617802143,1,,
1787922437.6011996,2022,0.03878211975097656,25.785078443908915,0.0,0.03559998003765941,0.0048000074457377195,1,,0,,0,0,,0,hover,0.014599994756281376,1,,
1787922437.662858,2023,0.061658382415771484,16.218394982483545,1.607656478881836,23.36759999161586,0.0047000066842883825,1,4.717200004961342,1,,0,0,18.62399998935871,1,hover,0.0158999755512923,1,,
1787922437.6730669,2024,0.010208845138549805,97.95427263597935,7.017612457275391,0.03320001997053623,0.0046000059228390455,1,,0,,0,0,,0,hover,0.014399993233382702,1,,
1787922437.7222211,2025,0.04915428161621094,20.344107717977572,1.0318756103515625,19.589100003940985,0.0037999998312443495,1,,0,,0,0,19.55860000452958,1,hover,0.015199999324977398,1,,
1787922437.768911,2026,0.046689748764038086,21.417977746117828,1.9941329956054688,0.03709999145939946,0.005099980626255274,1,,0,,0,0,,0,hover,0.016700010746717453,1,,
1787922437.8345394,2027,0.0656285285949707,15.23727594399599,12.856245040893555,21.841500012669712,0.005600013537332416,1,4.646199988201261,1,,0,0,17.164799995953217,1,hover,0.017999991541728377,1,,
1787922437.8584962,2028,0.023956775665283203,41.74184431042376,21.961450576782227,0.03480000304989517,0.0047000066842883825,1,,0,,0,0,,0,hover,0.014999997802078724,1,,
1787922437.8948672,2029,0.03637099266052246,27.494437925677314,6.981134414672852,20.967300020856783,0.0040000013541430235,1,,0,,0,0,20.937099994625896,1,hover,0.014599994756281376,1,,
1787922437.937521,2030,0.042653799057006836,23.444570521455763,0.9996891021728516,0.03440000000409782,0.004499976057559252,1,,0,,0,0,,0,hover,0.014500023098662496,1,,
1787922438.004147,2031,0.06662607192993164,15.00913938092682,10.9710693359375,23.61830000882037,0.0051000097300857306,1,5.704500013962388,1,,0,0,17.88159998250194,1,search_360,0.020099978428333998,1,,
1787922438.0279589,2032,0.023811817169189453,41.995954903178,26.80516242980957,0.03160000778734684,0.0049000082071870565,1,,0,,0,0,,0,search_360,0.011500000255182385,1,,
1787922438.0554652,2033,0.027506351470947266,36.35523966369073,0.9982585906982422,19.396799994865432,0.004599976819008589,1,,0,,0,0,19.365299987839535,1,search_360,0.013400014722719789,1,,
1787922438.1048355,2034,0.04937028884887695,20.25509721162483,0.6291866302490234,0.03270001616328955,0.0049000082071870565,1,,0,,0,0,,0,search_360,0.012699980288743973,1,,
1787922438.159608,2035,0.054772377014160156,18.257378162380512,1.9938945770263672,22.681100002955645,0.0050000089686363935,1,4.49970000772737,1,,0,0,18.15679998253472,1,search_360,0.01379998866468668,1,,
1787922438.1771162,2036,0.017508268356323242,57.115871178593316,1.5518665313720703,0.03409999771974981,0.005499983672052622,1,,0,,0,0,,0,search_360,0.01270000939257443,1,,
1787922438.2309802,2037,0.0538640022277832,18.565274740839758,9.483814239501953,17.589299997780472,0.004299974534660578,1,,0,,0,0,17.556100006913766,1,search_360,0.014500023098662496,1,,
1787922438.274901,2038,0.04392075538635254,22.768278714776596,5.982160568237305,0.036299985367804766,0.005900015821680427,1,,0,,0,0,,0,search_360,0.013299984857439995,1,,
1787922438.32891,2039,0.054009199142456055,18.515364343070043,5.017757415771484,23.362799984170124,0.0050000089686363935,1,4.659300000639632,1,,0,0,18.678199994610623,1,search_360,0.014199991710484028,1,,
1787922438.3385048,2040,0.00959467887878418,104.22443654797108,3.9887428283691406,0.029099988751113415,0.0046000059228390455,1,,0,,0,0,,0,search_360,0.011299998732283711,1,,
1787922438.389807,2041,0.051302194595336914,19.492343512550132,0.9982585906982422,17.916400014655665,0.006099988240748644,1,,0,,0,0,17.886199988424778,1,search_360,0.012400007108226418,1,,
1787922438.4397206,2042,0.049913644790649414,20.03460184473115,1.996755599975586,0.06630001007579267,0.00589998671784997,1,,0,,0,0,,0,search_360,0.04060001811012626,1,,
1787922438.4986389,2043,0.05891823768615723,16.97267330578947,7.979393005371094,23.781700001563877,0.0051000097300857306,1,4.689500026870519,1,,0,0,19.067599991103634,1,search_360,0.013600016245618463,1,,
1787922438.508574,2044,0.009935140609741211,100.65282810587699,29.958248138427734,0.02820001100189984,0.0047000066842883825,1,,0,,0,0,,0,search_360,0.010199990356341004,1,,
1787922438.5588493,2045,0.050275325775146484,19.89047280314886,2.028226852416992,18.536700023105368,0.0047000066842883825,1,,0,,0,0,18.505900021409616,1,search_360,0.013399985618889332,1,,
1787922438.600694,2046,0.04184460639953613,23.897942555652417,1.03759765625,0.032400013878941536,0.005099980626255274,1,,0,,0,0,,0,search_360,0.011900003300979733,1,,
1787922438.6610973,2047,0.06040334701538086,16.555373988553384,2.0294189453125,24.358499998925254,0.0051000097300857306,1,5.2084000199101865,1,,0,0,19.121899997116998,1,search_360,0.015600002370774746,1,,
1787922438.6715126,2048,0.010415315628051758,96.01245278699783,4.348993301391602,0.030499999411404133,0.004699977580457926,1,,0,,0,0,,0,search_360,0.011500000255182385,1,,
1787922438.7225237,2049,0.051011085510253906,19.603582044906428,1.9969940185546875,20.33929998287931,0.0044000043999403715,1,,0,,0,0,20.308000006480142,1,search_360,0.013599987141788006,1,,
1787922438.7667718,2050,0.044248104095458984,22.599838353359555,1.0323524475097656,0.03649998689070344,0.005400012014433742,1,,0,,0,0,,0,search_360,0.013699987903237343,1,,
1787922438.8313153,2051,0.06454348564147949,15.493430360342057,2.9904842376708984,23.962899984326214,0.004399975296109915,1,4.877200000919402,1,,0,0,19.061399972997606,1,search_360,0.013300013961270452,1,,
1787922438.8416107,2052,0.010295391082763672,97.13084155435135,6.981849670410156,0.028799986466765404,0.0047000066842883825,1,,0,,0,0,,0,search_360,0.011299998732283711,1,,
1787922438.8891032,2053,0.04749250411987305,21.05595437705198,1.0285377502441406,20.49480000277981,0.005099980626255274,1,,0,,0,0,20.46229998813942,1,search_360,0.014100020052865148,1,,
1787922438.9385736,2054,0.04947042465209961,20.21409775704358,2.029895782470703,0.04949999856762588,0.007700000423938036,1,,0,,0,0,,0,search_360,0.018999999156221747,1,,
1787922438.9945233,2055,0.05594968795776367,17.873200664763285,2.7539730072021484,23.52489999611862,0.0048000074457377195,1,4.84200002392754,1,,0,0,18.656799977179617,1,search_360,0.014599994756281376,1,,
1787922439.017019,2056,0.022495746612548828,44.45284778599741,15.956640243530273,0.03369999467395246,0.004699977580457926,1,,0,,0,0,,0,search_360,0.01270000939257443,1,,
1787922439.0573275,2057,0.040308475494384766,24.808678267658784,1.5954971313476562,18.42539999051951,0.0045000051613897085,1,,0,,0,0,18.39579999796115,1,search_360,0.012600008631125093,1,,
1787922439.1016953,2058,0.04436779022216797,22.538873245491477,1.0352134704589844,0.03339999238960445,0.005399982910603285,1,,0,,0,0,,0,search_360,0.012100004823878407,1,,
1787922439.1663053,2059,0.06461000442504883,15.477479206181687,0.9980201721191406,26.120299997273833,0.0053000112529844046,1,5.402899987529963,1,,0,0,20.69200002006255,1,search_360,0.014199991710484028,1,,
1787922439.1779516,2060,0.011646270751953125,85.86439567638388,8.371353149414062,0.030800001695752144,0.0050000089686363935,1,,0,,0,0,,0,search_360,0.011699972674250603,1,,
1787922439.2263615,2061,0.04840993881225586,20.656915181781468,3.0291080474853516,21.103599981870502,0.0042000028770416975,1,,0,,0,0,21.071700000902638,1,search_360,0.014399993233382702,1,,
1787922439.2711644,2062,0.04480290412902832,22.319981694045776,1.9936561584472656,0.046600005589425564,0.006999995093792677,1,,0,,0,0,,0,search_360,0.017300015315413475,1,,
1787922439.3286042,2063,0.05743980407714844,17.409530134484477,0.9915828704833984,25.46159998746589,0.006000016583129764,1,5.657700006850064,1,,0,0,19.77179999812506,1,search_360,0.017999991541728377,1,,
1787922439.3405743,2064,0.011970043182373047,83.54188742381389,1.9960403442382812,0.03739999374374747,0.005999987479299307,1,,0,,0,0,,0,search_360,0.013400014722719789,1,,
1787922439.3914592,2065,0.05088496208190918,19.652171468464626,1.9960403442382812,19.852400000672787,0.0043000036384910345,1,,0,,0,0,19.822100002784282,1,search_360,0.013399985618889332,1,,
1787922439.4352274,2066,0.04376816749572754,22.847655207351682,0.9973049163818359,0.04199999966658652,0.006999995093792677,1,,0,,0,0,,0,search_360,0.01580000389367342,1,,
1787922439.5011294,2067,0.0659019947052002,15.174047530325998,1.9936561584472656,28.850400005467236,0.005499983672052622,1,4.511600011028349,1,,0,0,24.295000010170043,1,search_360,0.01889999839477241,1,,
1787922439.5106084,2068,0.009479045867919922,105.49584989184567,29.81853485107422,0.026599998818710446,0.0041000021155923605,1,,0,,0,0,,0,search_360,0.009899988071992993,1,,
1787922439.5594995,2069,0.04889106750488281,20.453633987438067,3.027677536010742,17.606900015380234,0.0042000028770416975,1,,0,,0,0,17.578200000571087,1,search_360,0.012699980288743973,1,,
1787922439.603403,2070,0.04390358924865723,22.777181025822042,2.424955368041992,0.0315000070258975,0.004999979864805937,1,,0,,0,0,,0,search_360,0.011500000255182385,1,,
1787922439.6560771,2071,0.052674055099487305,18.984678474274773,1.9938945770263672,22.129599994514138,0.0047000066842883825,1,4.509399994276464,1,,0,0,17.59689999744296,1,search_360,0.01270000939257443,1,,
1787922439.6698303,2072,0.013753175735473633,72.71047932738146,1.03759765625,0.04569999873638153,0.007499998901039362,1,,0,,0,0,,0,search_360,0.017600017599761486,1,,
1787922439.7239377,2073,0.0541074275970459,18.481750924240888,2.636432647705078,19.177300011506304,0.005799985956400633,1,,0,,0,0,19.14210000541061,1,search_360,0.014999997802078724,1,,
1787922439.773045,2074,0.04910731315612793,20.363565744692213,5.15294075012207,0.029600021662190557,0.0047000066842883825,1,,0,,0,0,,0,search_360,0.010799994925037026,1,,
1787922439.8261065,2075,0.053061485290527344,18.84606121605349,3.567934036254883,22.540400008438155,0.0047000066842883825,1,4.772699991008267,1,,0,0,17.743100004736334,1,search_360,0.013399985618889332,1,,
1787922439.83652,2076,0.010413408279418945,96.03003869313369,1.0313987731933594,0.03619998460635543,0.005600013537332416,1,,0,,0,0,,0,search_360,0.013599987141788006,1,,
1787922439.8914332,2077,0.05491328239440918,18.210530429006223,2.0270347595214844,19.02249999693595,0.0046000059228390455,1,,0,,0,0,18.98960000835359,1,search_360,0.014399993233382702,1,,
1787922439.9434264,2078,0.05199313163757324,19.233309641178494,7.977485656738281,0.03190001007169485,0.0047000066842883825,1,,0,,0,0,,0,search_360,0.012300006346777081,1,,
1787922439.9967294,2079,0.05330300331115723,18.760668965733174,5.589962005615234,22.592099994653836,0.004599976819008589,1,4.583000001730397,1,,0,0,17.984100006287917,1,search_360,0.014400022337213159,1,,
1787922440.0068781,2080,0.010148763656616211,98.5341696619447,7.19761848449707,0.026299996534362435,0.0045000051613897085,1,,0,,0,0,,0,search_360,0.009800016414374113,1,,
1787922440.0699754,2081,0.06309723854064941,15.848554122630352,13.962030410766602,19.071799993980676,0.0046000059228390455,1,,0,,0,0,19.039399980101734,1,search_360,0.014299992471933365,1,,
1787922440.1112287,2082,0.04125332832336426,24.24046836079501,9.902000427246094,0.0329999893438071,0.0042000028770416975,1,,0,,0,0,,0,search_360,0.012499978765845299,1,,
1787922440.1633706,2083,0.05214190483093262,19.178432457395783,1.024484634399414,23.73819999047555,0.004799978341907263,1,5.47309999819845,1,,0,0,18.2370999827981,1,search_360,0.016000005416572094,1,,
1787922440.188291,2084,0.02492046356201172,40.12766445983698,19.816875457763672,0.03350002225488424,0.005499983672052622,1,,0,,0,0,,0,search_360,0.011900003300979733,1,,
1787922440.2220416,2085,0.03375053405761719,29.62916077988132,3.078460693359375,17.692800000077114,0.0044000043999403715,1,,0,,0,0,17.662599973846227,1,search_360,0.013699987903237343,1,,
1787922440.270661,2086,0.04861950874328613,20.56787544440358,0.9975433349609375,0.03279998782090843,0.0050000089686363935,1,,0,,0,0,,0,search_360,0.01200000406242907,1,,
1787922440.334463,2087,0.06380176544189453,15.673547480605672,9.578227996826172,22.984500013990328,0.0053000112529844046,1,5.150500015588477,1,,0,0,17.804100003559142,1,search_360,0.015099998563528061,1,,
1787922440.344468,2088,0.01000523567199707,99.94767067794591,9.007930755615234,0.026699999580159783,0.0043000036384910345,1,,0,,0,0,,0,search_360,0.00999998883344233,1,,
1787922440.3923972,2089,0.04792904853820801,20.864173825666942,1.995086669921875,20.23149997694418,0.0043000036384910345,1,,0,,0,0,20.20169998286292,1,search_360,0.013500015484169126,1,,
1787922440.4383426,2090,0.04594540596008301,21.764961677970412,2.1202564239501953,0.047699984861537814,0.007499998901039362,1,,0,,0,0,,0,search_360,0.017300015315413475,1,,
1787922440.4928002,2091,0.054457664489746094,18.362888114459835,1.033782958984375,24.37530001043342,0.00589998671784997,1,4.892500001005828,1,,0,0,19.454599998425692,1,search_360,0.015700003132224083,1,,
1787922440.502191,2092,0.009390830993652344,106.48684878643242,21.56853675842285,0.03359999391250312,0.005499983672052622,1,,0,,0,0,,0,search_360,0.012800010154023767,1,,
1787922440.5600016,2093,0.05781054496765137,17.29788225590267,7.685184478759766,19.091199996182695,0.0047000066842883825,1,,0,,0,0,19.059899990679696,1,search_360,0.013900018529966474,1,,
1787922440.6034567,2094,0.04345512390136719,23.012245972874513,4.962921142578125,0.032100011594593525,0.0045000051613897085,1,,0,,0,0,,0,search_360,0.010399991879239678,1,,
1787922440.6714976,2095,0.06804084777832031,14.697053794186079,12.659311294555664,21.591900003841147,0.0047000066842883825,1,4.5498999825213104,1,,0,0,17.015600024024025,1,search_360,0.014899997040629387,1,,
1787922440.6804416,2096,0.008944034576416016,111.80636562350055,5.985021591186523,0.03130000550299883,0.0050000089686363935,1,,0,,0,0,,0,search_360,0.011500000255182385,1,,
1787922440.7287214,2097,0.048279762268066406,20.712612345679013,6.659030914306641,18.10519999708049,0.0046000059228390455,1,,0,,0,0,18.0724999809172,1,search_360,0.014199991710484028,1,,
1787922440.7730997,2098,0.04437828063964844,22.53354536467959,4.486322402954102,0.032100011594593525,0.0049000082071870565,1,,0,,0,0,,0,search_360,0.012300006346777081,1,,
1787922440.8290267,2099,0.05592703819274902,17.880439091974846,0.9977817535400391,23.233999992953613,0.004599976819008589,1,4.762499971548095,1,,0,0,18.447100010234863,1,search_360,0.014500023098662496,1,,
1787922440.8399987,2100,0.010972023010253906,91.14089526292916,0.9999275207519531,0.030800001695752144,0.0047000066842883825,1,,0,,0,0,,0,search_360,0.011399999493733048,1,,
1787922440.8985944,2101,0.05859565734863281,17.066111129195015,8.997440338134766,18.105900002410635,0.0044000043999403715,1,,0,,0,0,18.07270001154393,1,search_360,0.014699995517730713,1,,
1787922440.943157,2102,0.044562578201293945,22.4403533270201,4.524469375610352,0.04230000195093453,0.006300018867477775,1,,0,,0,0,,0,search_360,0.016699981642886996,1,,
1787922440.9972692,2103,0.05411219596862793,18.480122310685,3.0303001403808594,22.856299998238683,0.004999979864805937,1,4.806100012501702,1,,0,0,18.02219997625798,1,search_360,0.015400000847876072,1,,
1787922441.0084283,2104,0.011159181594848633,89.61230637752377,1.9614696502685547,0.031200004741549492,0.0050000089686363935,1,,0,,0,0,,0,search_360,0.011800002539530396,1,,
1787922441.057411,2105,0.04898262023925781,20.415404384564464,1.054525375366211,18.31430001766421,0.0042000028770416975,1,,0,,0,0,18.284799996763468,1,search_360,0.01309998333454132,1,,
1787922441.1140149,2106,0.05660390853881836,17.66662454615145,8.019447326660156,0.04159999662078917,0.005699985194951296,1,,0,,0,0,,0,search_360,0.01610000617802143,1,,
1787922441.1678388,2107,0.05382394790649414,18.579090514453785,5.240201950073242,23.748200008412823,0.007000024197623134,1,5.744800000684336,1,,0,0,17.96870000544004,1,search_360,0.018799997633323073,1,,
1787922441.1902971,2108,0.022458314895629883,44.52693822520887,21.460771560668945,0.03190001007169485,0.0047000066842883825,1,,0,,0,0,,0,search_360,0.01170000177808106,1,,
1787922441.227206,2109,0.036908864974975586,27.09376190999115,1.8885135650634766,18.753900018054992,0.0045000051613897085,1,,0,,0,0,18.723400018643588,1,search_360,0.013699987903237343,1,,
1787922441.274412,2110,0.04720592498779297,21.18378149053516,2.026081085205078,0.03510000533424318,0.005599984433501959,1,,0,,0,0,,0,search_360,0.013100012438371778,1,,
1787922441.3322256,2111,0.05781364440917969,17.296954900861074,1.993417739868164,25.328799994895235,0.0048999791033566,1,5.337400012649596,1,,0,0,19.965299987234175,1,search_360,0.014500023098662496,1,,
1787922441.3432317,2112,0.01100611686706543,90.85856638433377,3.9904117584228516,0.03329999162815511,0.005499983672052622,1,,0,,0,0,,0,search_360,0.012400007108226418,1,,
1787922441.3957117,2113,0.05247998237609863,19.054884447816388,1.8799304962158203,20.14830001280643,0.004499976057559252,1,,0,,0,0,20.116100000450388,1,search_360,0.014600023860111833,1,,
1787922441.4511817,2114,0.05546998977661133,18.02776607724643,12.068986892700195,0.049799971748143435,0.007299997378140688,1,,0,,0,0,,0,search_360,0.018600025214254856,1,,
1787922441.5052633,2116,0.05408167839050293,18.490550400070536,1.0273456573486328,23.947600013343617,0.00589998671784997,1,5.215999990468845,1,,0,0,18.70220000273548,1,search_360,0.015900004655122757,1,,
1787922441.5426683,2117,0.03740501403808594,26.734383764213963,5.983114242553711,0.03130000550299883,0.0050000089686363935,1,,0,,0,0,,0,search_360,0.011399999493733048,1,,
1787922441.6220388,2118,0.07937049865722656,12.599139691923197,2.9599666595458984,17.51979999244213,0.0044000043999403715,1,,0,,0,0,17.490899976110086,1,search_360,0.012699980288743973,1,,
1787922441.651836,2119,0.029797077178955078,33.56033861959705,11.871814727783203,0.039000005926936865,0.005600013537332416,1,,0,,0,0,,0,search_360,0.015199999324977398,1,,
1787922441.7040436,2120,0.05220770835876465,19.15425961867793,12.012481689453125,22.649800026556477,0.0044000043999403715,1,4.789500002516434,1,,0,0,17.83540000906214,1,search_360,0.013899989426136017,1,,
1787922441.7261631,2121,0.022119522094726562,45.20893334483056,21.55447006225586,0.03269998705945909,0.005199981387704611,1,,0,,0,0,,0,search_360,0.01200000406242907,1,,
1787922441.7917452,2122,0.0655820369720459,15.248077769012363,3.023862838745117,18.026300007477403,0.0044000043999403715,1,,0,,0,0,17.99420002498664,1,search_360,0.013800017768517137,1,,
1787922441.8042874,2123,0.012542247772216797,79.73052503516709,0.9992122650146484,0.04080001963302493,0.006199989002197981,1,,0,,0,0,,0,search_360,0.014599994756281376,1,,
1787922441.862136,2124,0.057848453521728516,17.286546815368002,1.1203289031982422,22.704900009557605,0.0047000066842883825,1,4.785500001162291,1,,0,0,17.89469999494031,1,search_360,0.013499986380338669,1,,
1787922441.882116,2125,0.019980192184448242,50.04956863119459,10.967493057250977,0.041099992813542485,0.007199996616691351,1,,0,,0,0,,0,search_360,0.015900004655122757,1,,
1787922441.9631395,2126,0.0810234546661377,12.34210518572139,6.980657577514648,18.669100012630224,0.0043000036384910345,1,,0,,0,0,18.638300010934472,1,search_360,0.013699987903237343,1,,
1787922441.973129,2127,0.009989500045776367,100.10510990715768,2.1712779998779297,0.03409999771974981,0.0046000059228390455,1,,0,,0,0,,0,search_360,0.013200013199821115,1,,
1787922442.0327022,2128,0.05957317352294922,16.786079049738262,2.9926300048828125,24.893199995858595,0.00580001506023109,1,5.015800008550286,1,,0,0,19.849500007694587,1,search_360,0.015099998563528061,1,,
1787922442.0425398,2129,0.009837627410888672,101.65052590761475,3.2625198364257812,0.027700007194653153,0.0044000043999403715,1,,0,,0,0,,0,search_360,0.010499992640689015,1,,
1787922442.1257186,2130,0.08317875862121582,12.022300122965973,1.0001659393310547,19.53200000571087,0.0041000021155923605,1,,0,,0,0,19.503299990901724,1,search_360,0.01279998105019331,1,,
1787922442.1411645,2131,0.015445947647094727,64.74190013120321,0.9996891021728516,0.03500000457279384,0.005499983672052622,1,,0,,0,0,,0,search_360,0.012500007869675756,1,,
1787922442.1984808,2132,0.05731630325317383,17.44704286985965,0.9975433349609375,24.27159997751005,0.0051000097300857306,1,4.808400000911206,1,,0,0,19.43849999224767,1,search_360,0.014199991710484028,1,,
1787922442.208132,2133,0.00965118408203125,103.61422924901186,1.9953250885009766,0.031400006264448166,0.0048999791033566,1,,0,,0,0,,0,search_360,0.010799994925037026,1,,
1787922442.259531,2134,0.05139899253845215,19.45563425687554,0.9970664978027344,19.627400004537776,0.0044000043999403715,1,,0,,0,0,19.596300000557676,1,search_360,0.013899989426136017,1,,
1787922442.3070133,2135,0.04748225212097168,21.060500615098793,0.9968280792236328,0.03370002377778292,0.0049000082071870565,1,,0,,0,0,,0,search_360,0.012299977242946625,1,,
1787922442.3734589,2136,0.06644558906555176,15.049907963242708,10.033607482910156,25.513900007354096,0.005399982910603285,1,5.444399983389303,1,,0,0,20.041300012962893,1,search_360,0.015199999324977398,1,,
1787922442.3824353,2137,0.008976459503173828,111.40249667994688,10.9710693359375,0.03060000017285347,0.004699977580457926,1,,0,,0,0,,0,search_360,0.012100004823878407,1,,
1787922442.4269886,2138,0.044553279876708984,22.44503665649917,0.9965896606445312,21.845100010978058,0.0045000051613897085,1,,0,,0,0,21.813200000906363,1,search_360,0.012999982573091984,1,,
1787922442.4748247,2139,0.0478360652923584,20.904729389600227,2.611875534057617,0.03060000017285347,0.0048000074457377195,1,,0,,0,0,,0,search_360,0.010599993402138352,1,,
1787922442.513417,2140,0.03859233856201172,25.91187881483678,7.433176040649414,26.657899987185374,0.005400012014433742,1,5.235100019490346,1,,0,0,21.39409998198971,1,search_360,0.015900004655122757,1,,
1787922442.539775,2141,0.02635788917541504,37.939305129666316,1.6036033630371094,0.041799998143687844,0.005900015821680427,1,,0,,0,0,,0,search_360,0.015700003132224083,1,,
1787922442.5915985,2142,0.05182361602783203,19.296222005483887,1.0333061218261719,18.567000020993873,0.0045000051613897085,1,,0,,0,0,18.53620001929812,1,search_360,0.013199984095990658,1,,
1787922442.6402953,2143,0.04869675636291504,20.535248642588215,1.0306835174560547,0.032400013878941536,0.005199981387704611,1,,0,,0,0,,0,search_360,0.012100004823878407,1,,
1787922442.6986473,2144,0.058351993560791016,17.137375074567103,0.5054473876953125,23.4970000165049,0.0047000066842883825,1,4.64780000038445,1,,0,0,18.82369999657385,1,search_360,0.014299992471933365,1,,
1787922442.7076237,2145,0.008976459503173828,111.40249667994688,3.9892196655273438,0.031899980967864394,0.0052000104915350676,1,,0,,0,0,,0,search_360,0.01170000177808106,1,,
1787922442.7599347,2146,0.052310943603515625,19.11645883468242,0.0,21.978900011163205,0.0040000013541430235,1,,0,,0,0,21.95000002393499,1,search_360,0.012699980288743973,1,,
1787922442.8087444,2147,0.04880976676940918,20.4877028961084,1.9948482513427734,0.03429999924264848,0.005099980626255274,1,,0,,0,0,,0,search_360,0.013100012438371778,1,,
1787922442.8658712,2148,0.057126760482788086,17.5049309911647,0.9982585906982422,26.339600008213893,0.005600013537332416,1,5.489500006660819,1,,0,0,20.821900019655004,1,search_360,0.015500001609325409,1,,
1787922442.8763542,2149,0.010483026504516602,95.39229911983443,4.497766494750977,0.030199997127056122,0.0047000066842883825,1,,0,,0,0,,0,search_360,0.011500000255182385,1,,
1787922442.9256577,2150,0.049303531646728516,20.282522703753493,1.9996166229248047,20.61949999188073,0.0043000036384910345,1,,0,,0,0,20.58820001548156,1,search_360,0.01409999094903469,1,,
1787922442.983007,2151,0.057349205017089844,17.437033341647957,10.03575325012207,0.03480000304989517,0.0048000074457377195,1,,0,,0,0,,0,search_360,0.01309998333454132,1,,
1787922443.0380805,2152,0.05507349967956543,18.157553193792072,11.030912399291992,22.748199990019202,0.005499983672052622,1,5.093700019642711,1,,0,0,17.621499981032684,1,hover,0.020800012862309813,1,,
1787922443.0470893,2153,0.00900888442993164,111.00153496003811,8.011102676391602,0.03679998917505145,0.00580001506023109,1,,0,,0,0,,0,hover,0.016399979358538985,1,,
1787922443.0937634,2154,0.04667401313781738,21.42519857993002,6.029605865478516,18.21650000056252,0.0041000021155923605,1,,0,,0,0,18.186100001912564,1,hover,0.014699995517730713,1,,
1787922443.1407871,2155,0.047023773193359375,21.26583921473189,1.6982555389404297,0.03649998689070344,0.0048000074457377195,1,,0,,0,0,,0,hover,0.01580000389367342,1,,
1787922443.2083805,2156,0.06759333610534668,14.794357811270974,11.933088302612305,23.854099999880418,0.0046000059228390455,1,5.167600000277162,1,,0,0,18.66070000687614,1,hover,0.015600002370774746,1,,
1787922443.217052,2157,0.00867152214050293,115.32000769844106,11.695623397827148,0.03279998782090843,0.0052000104915350676,1,,0,,0,0,,0,hover,0.013599987141788006,1,,
1787922443.2605622,2158,0.04351019859313965,22.983117345680704,2.0291805267333984,20.234600000549108,0.004499976057559252,1,,0,,0,0,20.199599995976314,1,hover,0.017200014553964138,1,,
1787922443.3074214,2159,0.0468592643737793,21.34049719652797,2.991914749145508,0.03749999450519681,0.0044000043999403715,1,,0,,0,0,,0,hover,0.016200006939470768,1,,
1787922443.377513,2160,0.07009148597717285,14.267068047689508,13.831615447998047,24.288999993586913,0.0048000074457377195,1,4.52919999952428,1,,0,0,19.732500019017607,1,hover,0.016000005416572094,1,,
1787922443.3855238,2161,0.0080108642578125,124.83047619047619,12.99738883972168,0.037200021324679255,0.005799985956400633,1,,0,,0,0,,0,hover,0.016300007700920105,1,,
1787922443.4238086,2162,0.0382847785949707,26.12004135062088,2.0287036895751953,18.65779998479411,0.0042000028770416975,1,,0,,0,0,18.626099976245314,1,hover,0.015099998563528061,1,,
1787922443.474302,2163,0.050493478775024414,19.804537620700238,2.0265579223632812,0.03480000304989517,0.0048000074457377195,1,,0,,0,0,,0,hover,0.015199999324977398,1,,
1787922443.5155423,2164,0.04124021530151367,24.248176026454843,12.871980667114258,23.877999978139997,0.0048000074457377195,1,5.048200022429228,1,,0,0,18.801799975335598,1,hover,0.0171000137925148,1,,
1787922443.5395136,2165,0.0239713191986084,41.71651930019991,4.023075103759766,0.05189998773857951,0.007800001185387373,1,,0,,0,0,,0,hover,0.02269999822601676,1,,
1787922443.5883126,2166,0.04879903793334961,20.492207271910026,0.9982585906982422,18.525399995269254,0.0043000036384910345,1,,0,,0,0,18.49180000135675,1,hover,0.01680001150816679,1,,
1787922443.6406915,2167,0.05237889289855957,19.091659725161932,1.997232437133789,0.036699988413602114,0.0049000082071870565,1,,0,,0,0,,0,hover,0.01580000389367342,1,,
1787922443.6994658,2168,0.05877423286437988,17.01425865153316,5.230188369750977,22.622299991780892,0.005099980626255274,1,4.603799985488877,1,,0,0,17.989299987675622,1,hover,0.0171000137925148,1,,
1787922443.7234337,2169,0.023967981338500977,41.722328880223614,17.985105514526367,0.035999983083456755,0.0053000112529844046,1,,0,,0,0,,0,hover,0.014899997040629387,1,,
1787922443.7561886,2170,0.03275489807128906,30.529785127816922,1.3394355773925781,18.288199993548915,0.0041000021155923605,1,,0,,0,0,18.254499998874962,1,hover,0.016300007700920105,1,,
1787922443.8161197,2171,0.059931039810180664,16.685844316522722,11.003732681274414,0.08669999078847468,0.021499989088624716,1,,0,,0,0,,0,hover,0.049700000090524554,1,,
1787922443.865259,2172,0.04913926124572754,20.350326289997817,1.028299331665039,25.56519999052398,0.005500012775883079,1,5.159799999091774,1,,0,0,20.37499999278225,1,hover,0.01759998849593103,1,,
1787922443.874579,2173,0.00932002067565918,107.29589931186207,3.304004669189453,0.03749999450519681,0.007800001185387373,1,,0,,0,0,,0,hover,0.014899997040629387,1,,
1787922443.926831,2174,0.05225205421447754,19.138003568153092,8.243083953857422,17.881099978694692,0.0041000021155923605,1,,0,,0,0,17.845899972599,1,hover,0.017200014553964138,1,,
1787922443.9737382,2175,0.04690718650817871,21.318694947215402,1.9831657409667969,0.04499999340623617,0.007700000423938036,1,,0,,0,0,,0,hover,0.018000020645558834,1,,
1787922444.0396183,2176,0.06588006019592285,15.179099670310979,12.813091278076172,23.072300013154745,0.0048999791033566,1,5.1660999888554215,1,,0,0,17.879300023196265,1,hover,0.015500001609325409,1,,
1787922444.0485919,2177,0.00897359848022461,111.43801477230458,9.974002838134766,0.03480000304989517,0.0047000066842883825,1,,0,,0,0,,0,hover,0.015199999324977398,1,,
1787922444.091634,2178,0.04304218292236328,23.23302240046086,0.9975433349609375,19.940300000598654,0.0042000028770416975,1,,0,,0,0,19.906300003640354,1,hover,0.016400008462369442,1,,
1787922444.1399038,2179,0.04826974868774414,20.716909186102797,3.0274391174316406,0.03749999450519681,0.005199981387704611,1,,0,,0,0,,0,hover,0.016200006939470768,1,,
1787922444.194654,2180,0.05475020408630371,18.264772098815968,1.5032291412353516,22.99869997659698,0.0052000104915350676,1,4.858100001001731,1,,0,0,18.110699980752543,1,hover,0.017699989257380366,1,,
1787922444.2076535,2181,0.012999534606933594,76.92583082679187,1.0302066802978516,0.039000005926936865,0.0049000082071870565,1,,0,,0,0,,0,hover,0.015099998563528061,1,,
1787922444.2592988,2182,0.05164527893066406,19.3628540828009,0.9975433349609375,19.883900007698685,0.0039000005926936865,1,,0,,0,0,19.853000005241483,1,hover,0.015300000086426735,1,,
1787922444.3124635,2183,0.05316472053527832,18.809465937781685,6.369590759277344,0.03789999755099416,0.0048999791033566,1,,0,,0,0,,0,hover,0.016700010746717453,1,,
1787922444.3674638,2184,0.05500030517578125,18.181717297822168,3.985881805419922,24.283000006107613,0.0047000066842883825,1,5.022900004405528,1,,0,0,19.231899990700185,1,hover,0.017099984688684344,1,,
1787922444.3785205,2185,0.011056661605834961,90.44321293800539,4.905939102172852,0.054599979193881154,0.0048000074457377195,1,,0,,0,0,,0,hover,0.01300001167692244,1,,
1787922444.4258547,2186,0.04733419418334961,21.126376338561656,1.9955635070800781,20.21039999090135,0.0043000036384910345,1,,0,,0,0,20.175399986328557,1,hover,0.01659998088143766,1,,
1787922444.4755762,2187,0.049721479415893555,20.112032299673455,2.0284652709960938,0.06739998934790492,0.008600007276982069,1,,0,,0,0,,0,hover,0.031100003980100155,1,,
1787922444.5128198,2188,0.03724360466003418,26.85024742175647,9.012222290039062,24.718200002098456,0.006699992809444666,1,4.952699993737042,1,,0,0,19.734500005142763,1,hover,0.01729998621158302,1,,
1787922444.5387878,2189,0.025968074798583984,38.508823151361575,1.0035037994384766,0.035999983083456755,0.005099980626255274,1,,0,,0,0,,0,hover,0.015500001609325409,1,,
1787922444.5906408,2190,0.05185294151306152,19.28530900697513,0.0,18.356299988226965,0.0037999998312443495,1,,0,,0,0,18.324899981962517,1,hover,0.015799974789842963,1,,
1787922444.6419358,2191,0.05129504203796387,19.495061516079705,1.9435882568359375,0.038300000596791506,0.0048000074457377195,1,,0,,0,0,,0,hover,0.01659998088143766,1,,
1787922444.697439,2192,0.055503129959106445,18.017001937310187,0.5400180816650391,25.265199976274744,0.005400012014433742,1,4.977200005669147,1,,0,0,20.256999996490777,1,hover,0.018399994587525725,1,,
1787922444.706448,2193,0.009009122848510742,110.99859740122264,4.023551940917969,0.03259998629800975,0.0048999791033566,1,,0,,0,0,,0,hover,0.014399993233382702,1,,
1787922444.7597349,2194,0.05328679084777832,18.766376884219756,3.026723861694336,19.525700015947223,0.006100017344579101,1,,0,,0,0,19.471700012218207,1,hover,0.028399983420968056,1,,
1787922444.8091447,2195,0.04940986633300781,20.2388728044779,4.024028778076172,0.04529999569058418,0.00580001506023109,1,,0,,0,0,,0,hover,0.021499989088624716,1,,
1787922444.8674521,2196,0.05830740928649902,17.150479025511228,1.0294914245605469,26.865399995585904,0.005600013537332416,1,5.24339999537915,1,,0,0,21.59020002000034,1,hover,0.019099999917671084,1,,
1787922444.8780012,2197,0.010549068450927734,94.79510012204493,6.559610366821289,0.03359999391250312,0.0047000066842883825,1,,0,,0,0,,0,hover,0.014899997040629387,1,,
1787922444.924925,2198,0.04692387580871582,21.311112578945497,1.0328292846679688,20.488599984673783,0.0048000074457377195,1,,0,,0,0,20.452600001590326,1,hover,0.01759998849593103,1,,
1787922444.9723008,2199,0.04737567901611328,21.107876884675,1.4576911926269531,0.03489997470751405,0.0045000051613897085,1,,0,,0,0,,0,hover,0.015300000086426735,1,,
1787922445.0333197,2200,0.061018943786621094,16.388353156307144,1.9960403442382812,25.41850000852719,0.0048999791033566,1,5.121099995449185,1,,0,0,20.269300002837554,1,hover,0.017000013031065464,1,,
1787922445.0412984,2201,0.007978677749633789,125.33405050052293,4.021883010864258,0.030199997127056122,0.0046000059228390455,1,,0,,0,0,,0,hover,0.01300001167692244,1,,
1787922445.0932355,2202,0.051937103271484375,19.254058024237974,1.0323524475097656,20.466099987970665,0.004499976057559252,1,,0,,0,0,20.43119998415932,1,hover,0.016900012269616127,1,,
1787922445.140377,2203,0.04714155197143555,21.212708495594914,1.9958019256591797,0.03560000914148986,0.0050000089686363935,1,,0,,0,0,,0,hover,0.01479999627918005,1,,
1787922445.2013593,2204,0.06098222732543945,16.398220331693892,1.9919872283935547,26.55060001416132,0.0049000082071870565,1,4.840600013267249,1,,0,0,21.67899999767542,1,hover,0.019400002202019095,1,,
1787922445.2113955,2205,0.010036230087280273,99.63900700795818,6.539106369018555,0.03480000304989517,0.0047000066842883825,1,,0,,0,0,,0,hover,0.01409999094903469,1,,
1787922445.27761,2206,0.06621456146240234,15.102418228168974,4.9877166748046875,34.96560000348836,0.0041000021155923605,1,,0,,0,0,34.934199997223914,1,hover,0.015099998563528061,1,,
1787922445.307161,2207,0.029551029205322266,33.83976893163152,1.6980171203613281,0.03270001616328955,0.0046000059228390455,1,,0,,0,0,,0,hover,0.013999990187585354,1,,
1787922445.364976,2208,0.057814836502075195,17.296598252320685,2.0461082458496094,25.349700008518994,0.004999979864805937,1,4.982399987056851,1,,0,0,20.340000017313287,1,hover,0.016600009985268116,1,,
1787922445.3813672,2209,0.016391277313232422,61.00805818181818,11.013984680175781,0.038700003642588854,0.005500012775883079,1,,0,,0,0,,0,hover,0.016400008462369442,1,,
1787922445.4391098,2210,0.05774259567260742,17.318237747223254,1.0368824005126953,33.91489997738972,0.0053000112529844046,1,,0,,0,0,33.876200002850965,1,hover,0.018499995348975062,1,,
1787922445.4726985,2211,0.03358864784240723,29.77196357209276,2.0284652709960938,0.0399000127799809,0.005399982910603285,1,,0,,0,0,,0,hover,0.01650000922381878,1,,
1787922445.5142448,2212,0.04154634475708008,24.069506134582056,12.69078254699707,23.786300007486716,0.0048999791033566,1,4.664899985073134,1,,0,0,19.089600013103336,1,hover,0.019400002202019095,1,,
1787922445.5394247,2213,0.02517986297607422,39.714274893004585,1.0304450988769531,0.03270001616328955,0.0044000043999403715,1,,0,,0,0,,0,hover,0.014199991710484028,1,,
1787922445.5900025,2214,0.05057787895202637,19.77148944795629,1.0311603546142578,19.095900002866983,0.004499976057559252,1,,0,,0,0,19.06250001047738,1,hover,0.015700003132224083,1,,
1787922445.644552,2215,0.054549455642700195,18.331988618731888,9.225845336914062,0.034199998481199145,0.0044000043999403715,1,,0,,0,0,,0,hover,0.014100020052865148,1,,
1787922445.6982837,2216,0.053731679916381836,18.610994511175104,1.9881725311279297,25.659400009317324,0.0043000036384910345,1,5.141500005265698,1,,0,0,20.49039999837987,1,hover,0.016400008462369442,1,,
1787922445.7082596,2217,0.009975910186767578,100.2414798527795,5.98597526550293,0.039300008211284876,0.005900015821680427,1,,0,,0,0,,0,hover,0.01719998545013368,1,,
1787922445.7580516,2218,0.04979205131530762,20.083526859889965,2.002716064453125,18.96149999811314,0.0039000005926936865,1,,0,,0,0,18.930799997178838,1,hover,0.014699995517730713,1,,
1787922445.8119204,2219,0.053868770599365234,18.563631374423526,2.9914379119873047,0.04909999552182853,0.00680002267472446,1,,0,,0,0,,0,hover,0.02139998832717538,1,,
1787922445.86607,2220,0.054149627685546875,18.467347657625925,2.0308494567871094,25.18870000494644,0.0046000059228390455,1,5.472299992106855,1,,0,0,19.688400003360584,1,hover,0.01729998621158302,1,,
1787922445.8768797,2221,0.010809659957885742,92.50984803370167,4.501581192016602,0.0371999922208488,0.0043000036384910345,1,,0,,0,0,,0,hover,0.016999983927235007,1,,
1787922445.927519,2222,0.05063939094543457,19.747472892743307,0.0,19.58260001265444,0.004399975296109915,1,,0,,0,0,19.54830001341179,1,hover,0.01680001150816679,1,,
1787922445.975137,2223,0.04761791229248047,21.000500690953515,2.215862274169922,0.033199990866705775,0.0049000082071870565,1,,0,,0,0,,0,hover,0.013999990187585354,1,,
1787922446.0387318,2224,0.06359481811523438,15.724551616579689,10.406732559204102,22.144399990793318,0.004499976057559252,1,4.817300010472536,1,,0,0,17.301299987593666,1,hover,0.015600002370774746,1,,
1787922446.0477402,2225,0.009008407592773438,111.00741054414567,10.004758834838867,0.037600024370476604,0.0045000051613897085,1,,0,,0,0,,0,hover,0.013999990187585354,1,,
1787922446.098293,2226,0.0505528450012207,19.78128036069687,8.977651596069336,18.392099998891354,0.0037999998312443495,1,,0,,0,0,18.347700010053813,1,hover,0.014599994756281376,1,,
1787922446.1437972,2227,0.045504093170166016,21.976045017761898,2.018451690673828,0.041799998143687844,0.005699985194951296,1,,0,,0,0,,0,hover,0.018399994587525725,1,,
1787922446.1930962,2228,0.049299001693725586,20.284386410349413,0.9973049163818359,22.070600010920316,0.0042000028770416975,1,4.513699997914955,1,,0,0,17.5304000149481,1,hover,0.016300007700920105,1,,
1787922446.2187436,2229,0.025647401809692383,38.99030425850353,11.582612991333008,0.03610001294873655,0.0045000051613897085,1,,0,,0,0,,0,hover,0.01729998621158302,1,,
1787922446.258625,2230,0.03988146781921387,25.074302794798985,3.0219554901123047,19.156399997882545,0.0036999990697950125,1,,0,,0,0,19.12579999770969,1,hover,0.015300000086426735,1,,
1787922446.3114893,2231,0.05286431312561035,18.916352845139787,5.017995834350586,0.033199990866705775,0.0044000043999403715,1,,0,,0,0,,0,hover,0.013899989426136017,1,,
1787922446.36668,2232,0.0551905632019043,18.11903959634708,2.9914379119873047,23.390599992126226,0.005400012014433742,1,5.179300002055243,1,,0,0,18.178300000727177,1,hover,0.020799983758479357,1,,
1787922446.37662,2233,0.009940147399902344,100.60212990501775,4.987955093383789,0.034900003811344504,0.0049000082071870565,1,,0,,0,0,,0,hover,0.015300000086426735,1,,
1787922446.4255762,2234,0.04895615577697754,20.42644043694025,1.9602775573730469,18.95840000361204,0.0039000005926936865,1,,0,,0,0,18.927800003439188,1,hover,0.015300000086426735,1,,
1787922446.4733686,2235,0.04779243469238281,20.92381370475316,0.9980201721191406,0.056899996707215905,0.00790000194683671,1,,0,,0,0,,0,hover,0.02440001117065549,1,,
1787922446.5082748,2236,0.03490614891052246,28.648247693074783,6.020307540893555,24.604100006399676,0.0048999791033566,1,5.117799999425188,1,,0,0,19.458199996734038,1,hover,0.016300007700920105,1,,
1787922446.5398288,2237,0.03155398368835449,31.691719494963998,1.02996826171875,0.03370002377778292,0.0047000066842883825,1,,0,,0,0,,0,hover,0.014499993994832039,1,,
1787922446.5928082,2238,0.052979469299316406,18.875236260868,4.986763000488281,18.986200011568144,0.0036999990697950125,1,,0,,0,0,18.955100007588044,1,hover,0.015400000847876072,1,,
1787922446.6503036,2239,0.0574953556060791,17.392709192919018,11.932134628295898,0.03470000228844583,0.004399975296109915,1,,0,,0,0,,0,hover,0.01479999627918005,1,,
1787922446.7053537,2240,0.05505013465881348,18.165259834471648,9.97018814086914,24.64479999616742,0.0046000059228390455,1,4.85520000802353,1,,0,0,19.76480000303127,1,hover,0.014499993994832039,1,,
1787922446.7130663,2241,0.007712602615356445,129.6579183282327,8.713245391845703,0.030099996365606785,0.004699977580457926,1,,0,,0,0,,0,hover,0.012800010154023767,1,,
1787922446.7599716,2242,0.0469052791595459,21.3195618471548,6.018161773681641,18.36909999838099,0.0039000005926936865,1,,0,,0,0,18.340299982810393,1,hover,0.013999990187585354,1,,
1787922446.8063672,2243,0.04639554023742676,21.553795793357555,0.9987354278564453,0.03460000152699649,0.0048000074457377195,1,,0,,0,0,,0,hover,0.014599994756281376,1,,
1787922446.8652167,2244,0.05884957313537598,16.992476694769337,1.032114028930664,25.24660000926815,0.005499983672052622,1,5.428300006315112,1,,0,0,19.76779999677092,1,hover,0.036900019040331244,1,,
1787922446.8801742,2245,0.014957427978515625,66.8564141800561,10.004758834838867,0.04579999949783087,0.006799993570894003,1,,0,,0,0,,0,hover,0.018999999156221747,1,,
1787922446.9241812,2246,0.044007062911987305,22.72362511444964,2.438783645629883,19.32759999181144,0.0048000074457377195,1,,0,,0,0,19.29319999180734,1,hover,0.01689998316578567,1,,
1787922446.9751022,2247,0.050920963287353516,19.638277350663458,2.694845199584961,0.033100019209086895,0.0044000043999403715,1,,0,,0,0,,0,hover,0.014399993233382702,1,,
1787922447.025713,2248,0.05061078071594238,19.758636121671213,1.8529891967773438,22.797699988586828,0.0043000036384910345,1,4.7676000103820115,1,,0,0,18.004999990807846,1,hover,0.015199999324977398,1,,
1787922447.048744,2249,0.023030996322631836,43.419745546020145,10.94198226928711,0.03680001827888191,0.0050000089686363935,1,,0,,0,0,,0,hover,0.015300000086426735,1,,
1787922447.0986762,2250,0.049932241439819336,20.027140203694774,11.707782745361328,17.69759997841902,0.0042000028770416975,1,,0,,0,0,17.66529999440536,1,hover,0.014699995517730713,1,,
1787922447.1407437,2251,0.042067527770996094,23.77130420983428,3.9873123168945312,0.0357000099029392,0.0045000051613897085,1,,0,,0,0,,0,hover,0.015199999324977398,1,,
1787922447.2005045,2252,0.05976080894470215,16.73337455865632,2.9611587524414062,24.37700002337806,0.005599984433501959,1,4.99750001472421,1,,0,0,19.349100010003895,1,hover,0.017700018361210823,1,,
1787922447.2094738,2253,0.008969306945800781,111.49133439659755,3.025531768798828,0.0315000070258975,0.0047000066842883825,1,,0,,0,0,,0,hover,0.013599987141788006,1,,
1787922447.2599378,2254,0.05046391487121582,19.816139959652464,2.0308494567871094,19.04729998204857,0.0047000066842883825,1,,0,,0,0,19.012600008863956,1,hover,0.01680001150816679,1,,
1787922447.305251,2255,0.045313119888305664,22.068663611442883,1.9974708557128906,0.04779998562298715,0.006300018867477775,1,,0,,0,0,,0,hover,0.020099978428333998,1,,
1787922447.3650641,2256,0.05981326103210449,16.718700548081713,5.984783172607422,23.225199984153733,0.004499976057559252,1,4.8525999882258475,1,,0,0,18.345699994824827,1,hover,0.01610000617802143,1,,
1787922447.373609,2257,0.008544921875,117.02857142857142,1.1019706726074219,0.027600006433203816,0.0037999998312443495,1,,0,,0,0,,0,hover,0.011900003300979733,1,,
1787922447.4268477,2258,0.053238630294799805,18.783353261770092,1.9931793212890625,19.037699996260926,0.0051000097300857306,1,,0,,0,0,19.00030000251718,1,hover,0.01819999306462705,1,,
1787922447.4727201,2259,0.04587244987487793,21.799576929673655,1.0304450988769531,0.058600009651854634,0.008200004231184721,1,,0,,0,0,,0,hover,0.02449998282827437,1,,
1787922447.5086265,2260,0.035906314849853516,27.85025431269173,3.0236244201660156,23.738600022625178,0.0046000059228390455,1,4.806799988728017,1,,0,0,18.903300020610914,1,hover,0.01689998316578567,1,,
1787922447.5428877,2261,0.034261226654052734,29.187513047835104,8.966445922851562,0.036999990697950125,0.0048000074457377195,1,,0,,0,0,,0,hover,0.016400008462369442,1,,
1787922447.5946634,2262,0.05177569389343262,19.314082048967826,1.7080307006835938,21.69659998617135,0.0042000028770416975,1,,0,,0,0,21.664300002157688,1,hover,0.016200006939470768,1,,
1787922447.6496506,2263,0.054987192153930664,18.18605316671942,11.562824249267578,0.029900023946538568,0.0042000028770416975,1,,0,,0,0,,0,hover,0.013300013961270452,1,,
1787922447.7037153,2264,0.05406475067138672,18.496339807024043,8.974790573120117,23.358000005828217,0.0048999791033566,1,4.879299987806007,1,,0,0,18.45070000854321,1,hover,0.016600009985268116,1,,
1787922447.7116957,2265,0.0079803466796875,125.30783938814531,7.9803466796875,0.029999995604157448,0.0043000036384910345,1,,0,,0,0,,0,hover,0.013600016245618463,1,,
1787922447.7589653,2266,0.047269582748413086,21.155253375566797,1.0280609130859375,18.027099984465167,0.0043000036384910345,1,,0,,0,0,17.99409999512136,1,hover,0.016400008462369442,1,,
1787922447.8067536,2267,0.047788381576538086,20.92558833360773,3.312826156616211,0.04120002267882228,0.0052000104915350676,1,,0,,0,0,,0,hover,0.01729998621158302,1,,
1787922447.8652835,2268,0.05852985382080078,17.085298095253613,1.9941329956054688,23.6758999817539,0.0052000104915350676,1,5.005899991374463,1,,0,0,18.63999999477528,1,hover,0.018499995348975062,1,,
1787922447.8753765,2269,0.010092973709106445,99.07882739234167,3.586292266845703,0.03759999526664615,0.005699985194951296,1,,0,,0,0,,0,hover,0.016000005416572094,1,,
1787922447.9269302,2270,0.05155372619628906,19.397240001479894,1.9969940185546875,19.192100007785484,0.0035999983083456755,1,,0,,0,0,19.164199999067932,1,hover,0.013999990187585354,1,,
1787922447.9761388,2271,0.049208641052246094,20.321634140196515,3.4058094024658203,0.032800016924738884,0.0041000021155923605,1,,0,,0,0,,0,hover,0.014399993233382702,1,,
1787922448.029342,2272,0.05320310592651367,18.795895137799686,3.585338592529297,22.60460000252351,0.0045000051613897085,1,4.776099987793714,1,,0,0,17.80150001286529,1,hover,0.01610000617802143,1,,
1787922448.04042,2273,0.011078119277954102,90.26802969977402,0.5142688751220703,0.03209998249076307,0.0045000051613897085,1,,0,,0,0,,0,hover,0.01400001929141581,1,,
1787922448.1043913,2274,0.06397128105163574,15.63201460969383,10.9710693359375,19.707400002516806,0.0043000036384910345,1,,0,,0,0,19.67589999549091,1,hover,0.015600002370774746,1,,
1787922448.1467004,2275,0.04230904579162598,23.635607499281516,8.942604064941406,0.03739999374374747,0.0048000074457377195,1,,0,,0,0,,0,hover,0.016099977074190974,1,,
1787922448.2010584,2276,0.05435800552368164,18.39655429528847,1.9960403442382812,26.01240001968108,0.005599984433501959,1,5.193599994527176,1,,0,0,20.787500019650906,1,hover,0.019000028260052204,1,,
1787922448.2110336,2277,0.009975194931030273,100.24866751117378,7.0171356201171875,0.032800016924738884,0.0049000082071870565,1,,0,,0,0,,0,hover,0.014899997040629387,1,,
1787922448.2598839,2278,0.048850297927856445,20.470704221227667,1.9958019256591797,19.948699977248907,0.0048000074457377195,1,,0,,0,0,19.913799973437563,1,hover,0.016400008462369442,1,,
1787922448.3176875,2279,0.05780363082885742,17.299951329368188,11.926889419555664,0.0342000275850296,0.0042000028770416975,1,,0,,0,0,,0,hover,0.014899997040629387,1,,
1787922448.3709471,2280,0.05325961112976074,18.77595383795834,10.005950927734375,22.53940000082366,0.0046000059228390455,1,4.874700010986999,1,,0,0,17.63099999516271,1,hover,0.020000006770715117,1,,
1787922448.3942187,2281,0.023271560668945312,42.97090402426031,22.115707397460938,0.03090000245720148,0.0045000051613897085,1,,0,,0,0,,0,hover,0.012599979527294636,1,,
1787922448.4292018,2282,0.034983158111572266,28.58518367068766,3.988981246948242,18.42099998611957,0.004299974534660578,1,,0,,0,0,18.38809999753721,1,hover,0.016300007700920105,1,,
1787922448.4750245,2283,0.0458226203918457,21.82328272474687,1.9822120666503906,0.039099977584555745,0.0047000066842883825,1,,0,,0,0,,0,hover,0.017300015315413475,1,,
1787922448.5097036,2284,0.03467917442321777,28.835749888281597,6.980419158935547,23.147899977630004,0.0043000036384910345,1,4.374099982669577,1,,0,0,18.747499998426065,1,hover,0.015900004655122757,1,,
1787922448.5388322,2285,0.029128551483154297,34.33057770065644,1.9640922546386719,0.03649998689070344,0.0048000074457377195,1,,0,,0,0,,0,hover,0.015500001609325409,1,,
1787922448.5879095,2286,0.04907727241516113,20.376030508392237,1.4564990997314453,18.03730000392534,0.0042000028770416975,1,,0,,0,0,18.00459998776205,1,hover,0.01580000389367342,1,,
1787922448.6404078,2287,0.05249834060668945,19.04822111410847,2.1598339080810547,0.0447999918833375,0.006099988240748644,1,,0,,0,0,,0,hover,0.019800005247816443,1,,
1787922448.6963022,2288,0.05589437484741211,17.890887995973348,2.0294189453125,23.900900006992742,0.005400012014433742,1,4.9303999985568225,1,,0,0,18.941399990580976,1,hover,0.016999983927235007,1,,
1787922448.7051888,2289,0.008886575698852539,112.5292839320688,2.7196407318115234,0.029699993319809437,0.004199973773211241,1,,0,,0,0,,0,hover,0.012800010154023767,1,,
1787922448.757716,2290,0.05252718925476074,19.037759571522592,2.0246505737304688,19.039600010728464,0.0042000028770416975,1,,0,,0,0,19.006299989996478,1,hover,0.016000005416572094,1,,
1787922448.8026547,2291,0.04493880271911621,22.25248425620865,1.031637191772461,0.03630001447163522,0.005299982149153948,1,,0,,0,0,,0,hover,0.015400000847876072,1,,
1787922448.8668087,2292,0.06415390968322754,15.58751454023138,3.501415252685547,28.3462000079453,0.008300004992634058,1,6.166000006487593,1,,0,0,22.134600003482774,1,hover,0.025999994250014424,1,,
1787922448.8777783,2293,0.01096963882446289,91.16070419474028,8.939027786254883,0.05229999078437686,0.0052000104915350676,1,,0,,0,0,,0,hover,0.03090000245720148,1,,
1787922448.928343,2294,0.05056476593017578,19.776616812206484,3.258228302001953,22.436500003095716,0.0050000089686363935,1,,0,,0,0,22.401299997000024,1,hover,0.017000013031065464,1,,
1787922448.97023,2295,0.04188704490661621,23.87372998571323,1.9948482513427734,0.03689998993650079,0.0052000104915350676,1,,0,,0,0,,0,hover,0.015600002370774746,1,,
1787922449.0301828,2296,0.059952735900878906,16.67980593334924,0.9987354278564453,25.41540001402609,0.0045000051613897085,1,5.362099997000769,1,,0,0,20.027299993671477,1,hover,0.015600002370774746,1,,
1787922449.0440269,2297,0.013844013214111328,72.23338959115489,7.341861724853516,0.03369999467395246,0.005600013537332416,1,,0,,0,0,,0,hover,0.014199991710484028,1,,
1787922449.0934026,2298,0.04937577247619629,20.252847699387242,7.977724075317383,17.92589999968186,0.0040000013541430235,1,,0,,0,0,17.89489999646321,1,hover,0.015500001609325409,1,,
1787922449.1372902,2299,0.04388761520385742,22.78547137626441,0.9977817535400391,0.0425000034738332,0.005099980626255274,1,,0,,0,0,,0,hover,0.01780001912266016,1,,
1787922449.195581,2300,0.058290719985961914,17.155389404022266,1.5914440155029297,23.30249999067746,0.0052000104915350676,1,4.93819999974221,1,,0,0,18.33339998847805,1,hover,0.018799997633323073,1,,
1787922449.2045593,2301,0.00897836685180664,111.37883052737799,1.02996826171875,0.030499999411404133,0.0047000066842883825,1,,0,,0,0,,0,hover,0.012899981811642647,1,,
1787922449.2620173,2302,0.057457923889160156,17.404039901077198,7.463693618774414,17.62540001072921,0.0041000021155923605,1,,0,,0,0,17.595100012840703,1,hover,0.014499993994832039,1,,
1787922449.305533,2303,0.043515682220458984,22.98022112887496,2.499818801879883,0.03609998384490609,0.0043000036384910345,1,,0,,0,0,,0,hover,0.015500001609325409,1,,
1787922449.3602612,2304,0.05472826957702637,18.272092425516345,2.0241737365722656,23.772699991241097,0.0048000074457377195,1,5.008500011172146,1,,0,0,18.735299992840737,1,hover,0.01759998849593103,1,,
1787922449.3700202,2305,0.009758949279785156,102.47004788429591,0.934600830078125,0.035500008380040526,0.0048999791033566,1,,0,,0,0,,0,hover,0.015300000086426735,1,,
1787922449.4338136,2306,0.06379342079162598,15.675597696295162,11.601686477661133,20.009900006698444,0.0046000059228390455,1,,0,,0,0,19.974499999079853,1,hover,0.01719998545013368,1,,
1787922449.474579,2307,0.04076552391052246,24.530532275138466,2.9938220977783203,0.08280001929961145,0.011200027074664831,1,,0,,0,0,,0,hover,0.029399991035461426,1,,
1787922449.5112572,2308,0.03667807579040527,27.26424378733611,6.722927093505859,25.67930001532659,0.005299982149153948,1,5.393800005549565,1,,0,0,20.252799993613735,1,hover,0.01920000067912042,1,,
1787922449.5376441,2309,0.02638697624206543,37.89748362322114,1.995086669921875,0.033899996196851134,0.0045000051613897085,1,,0,,0,0,,0,hover,0.014999997802078724,1,,
1787922449.5902238,2310,0.052579641342163086,19.018767996009704,1.9953250885009766,19.703400001162663,0.004599976819008589,1,,0,,0,0,19.66839999658987,1,hover,0.018000020645558834,1,,
1787922449.645675,2311,0.055451154708862305,18.03388956010646,9.723424911499023,0.03470000228844583,0.004699977580457926,1,,0,,0,0,,0,hover,0.014699995517730713,1,,
1787922449.6945777,2312,0.04890275001525879,20.448747763427964,1.9812583923339844,25.03910000086762,0.0050000089686363935,1,5.042899982072413,1,,0,0,19.966699997894466,1,hover,0.017399986973032355,1,,
1787922449.7033937,2313,0.008816003799438477,113.43007815669199,1.0883808135986328,0.029399991035461426,0.0044000043999403715,1,,0,,0,0,,0,hover,0.01270000939257443,1,,
1787922449.7551355,2314,0.051741838455200195,19.32671953405431,0.0,18.99270000285469,0.0041000021155923605,1,,0,,0,0,18.960899993544444,1,hover,0.015700003132224083,1,,
1787922449.8059351,2315,0.05079960823059082,19.685191182199194,1.0328292846679688,0.03609998384490609,0.0052000104915350676,1,,0,,0,0,,0,hover,0.015300000086426735,1,,
1787922449.8708992,2316,0.06496405601501465,15.393127543774016,3.9916038513183594,32.14540000772104,0.008100003469735384,1,5.812199990032241,1,,0,0,26.288500026566908,1,hover,0.025999994250014424,1,,
1787922449.8948348,2317,0.023935556411743164,41.778849122946816,22.90511131286621,0.0399000127799809,0.005399982910603285,1,,0,,0,0,,0,hover,0.018200022168457508,1,,
1787922449.9224498,2318,0.027615070343017578,36.21211127035381,3.0460357666015625,17.630099988309667,0.0036999990697950125,1,,0,,0,0,17.600399994989857,1,hover,0.014699995517730713,1,,
1787922449.9720292,2319,0.04957938194274902,20.169674586801698,3.673076629638672,0.052800023695454,0.02549999044276774,1,,0,,0,0,,0,hover,0.013600016245618463,1,,
1787922450.0255728,2320,0.0535435676574707,18.676379698812884,1.9953250885009766,22.631800005910918,0.0052000104915350676,1,4.599400010192767,1,,0,0,18.00439998623915,1,hover,0.016699981642886996,1,,
1787922450.03715,2321,0.011577129364013672,86.37719840191112,0.7534027099609375,0.03369999467395246,0.0046000059228390455,1,,0,,0,0,,0,hover,0.014200020814314485,1,,
1787922450.0985165,2322,0.06136655807495117,16.295520416488596,12.001752853393555,18.001900025410578,0.0039000005926936865,1,,0,,0,0,17.97169999917969,1,hover,0.014599994756281376,1,,
1787922450.1414118,2323,0.04289531707763672,23.31256808732964,6.018161773681641,0.03589998232200742,0.0045000051613897085,1,,0,,0,0,,0,hover,0.015199999324977398,1,,
1787922450.1950583,2324,0.05364656448364258,18.640522643438068,2.9921531677246094,22.45200000470504,0.004799978341907263,1,4.805000004125759,1,,0,0,17.617500008782372,1,hover,0.017900019884109497,1,,
1787922450.219808,2325,0.024749755859375,40.40443896424168,18.732786178588867,0.03580001066438854,0.0048000074457377195,1,,0,,0,0,,0,hover,0.014699995517730713,1,,
1787922450.2563477,2326,0.036539554595947266,27.367602343760197,2.024412155151367,18.84480001172051,0.0043000036384910345,1,,0,,0,0,18.811400019330904,1,hover,0.016999983927235007,1,,
1787922450.3007095,2327,0.04436182975769043,22.541901573089262,1.028299331665039,0.03270001616328955,0.0045000051613897085,1,,0,,0,0,,0,hover,0.014299992471933365,1,,
1787922450.363715,2328,0.06300544738769531,15.871643508007145,3.211498260498047,23.329799994826317,0.007099995855242014,1,4.892099997960031,1,,0,0,18.399099993985146,1,hover,0.02269999822601676,1,,
1787922450.373688,2329,0.00997304916381836,100.2702366722448,5.950212478637695,0.031200004741549492,0.005999987479299307,1,,0,,0,0,,0,hover,0.01300001167692244,1,,
1787922450.4228864,2330,0.04919838905334473,20.325868778258616,2.5930404663085938,17.753199994331226,0.004699977580457926,1,,0,,0,0,17.71980000194162,1,hover,0.016000005416572094,1,,
1787922450.4712825,2331,0.04839611053466797,20.66281750645358,1.995086669921875,0.04290000651963055,0.005700014298781753,1,,0,,0,0,,0,hover,0.018499995348975062,1,,
1787922450.520331,2332,0.049048423767089844,20.388015010402288,19.372940063476562,22.221599996555597,0.0043000036384910345,1,4.149400017922744,1,,0,0,18.046999990474433,1,hover,0.015600002370774746,1,,
1787922450.544169,2333,0.023838043212890625,41.94975196031365,7.217884063720703,0.04270000499673188,0.005499983672052622,1,,0,,0,0,,0,hover,0.018499995348975062,1,,
1787922450.591976,2334,0.04780697822570801,20.917448395896606,10.535955429077148,17.345899977954105,0.0041000021155923605,1,,0,,0,0,17.31399999698624,1,hover,0.015500001609325409,1,,
1787922450.637536,2335,0.04556012153625488,21.949019587321356,3.1692981719970703,0.03580001066438854,0.0046000059228390455,1,,0,,0,0,,0,hover,0.01479999627918005,1,,
1787922450.6908002,2336,0.05326414108276367,18.774357000259617,0.9620189666748047,23.714100010693073,0.005199981387704611,1,4.957199998898432,1,,0,0,18.72730001923628,1,hover,0.017300015315413475,1,,
1787922450.702389,2337,0.011588811874389648,86.29012282181579,1.0979175567626953,0.03359999391250312,0.0046000059228390455,1,,0,,0,0,,0,hover,0.014199991710484028,1,,
1787922450.7548606,2338,0.05247163772583008,19.0579147772194,1.0323524475097656,19.456000009085983,0.0040000013541430235,1,,0,,0,0,19.423199992161244,1,hover,0.016399979358538985,1,,
1787922450.7703333,2339,0.015472650527954102,64.63016780436692,1.0445117950439453,0.03350002225488424,0.0048000074457377195,1,,0,,0,0,,0,hover,0.014399993233382702,1,,
1787922450.8624277,2340,0.09209442138671875,10.858421009029906,5.798578262329102,24.43170000333339,0.004999979864805937,1,5.568499997025356,1,,0,0,18.83119999547489,1,hover,0.019099999917671084,1,,
1787922450.8763876,2341,0.013959884643554688,71.63382975816369,4.98652458190918,0.043400010326877236,0.007800001185387373,1,,0,,0,0,,0,hover,0.017400016076862812,1,,
1787922450.9228058,2342,0.046418190002441406,21.54327861442689,1.9941329956054688,18.972300022142008,0.0040000013541430235,1,,0,,0,0,18.93910000217147,1,hover,0.01580000389367342,1,,
1787922450.9343817,2343,0.011575937271118164,86.38609354725763,1.421213150024414,0.03179998020641506,0.0042000028770416975,1,,0,,0,0,,0,hover,0.013800017768517137,1,,
1787922451.0257382,2344,0.09135651588439941,10.946126724725127,0.6244182586669922,24.314200010849163,0.0050000089686363935,1,5.157000006875023,1,,0,0,19.127100007608533,1,hover,0.018099992303177714,1,,
1787922451.037709,2345,0.011970758438110352,83.53689577565775,3.023862838745117,0.03429999924264848,0.0049000082071870565,1,,0,,0,0,,0,hover,0.015300000086426735,1,,
1787922451.091644,2346,0.05393505096435547,18.540818672089117,3.2176971435546875,19.824400020297617,0.0045000051613897085,1,,0,,0,0,19.789200014201924,1,hover,0.016799982404336333,1,,
1787922451.1036446,2347,0.012000560760498047,83.32943934517424,1.0309219360351562,0.03329999162815511,0.0047000066842883825,1,,0,,0,0,,0,hover,0.014699995517730713,1,,
1787922451.1986995,2348,0.09505486488342285,10.520240086884765,1.9931793212890625,26.13079998991452,0.0047000066842883825,1,5.4432000033557415,1,,0,0,20.313299988629296,1,hover,0.016600009985268116,1,,
1787922451.221813,2349,0.023113489151000977,43.264778998401155,18.965959548950195,0.48439999227412045,0.0051000097300857306,1,,0,,0,0,,0,hover,0.017699989257380366,1,,
1787922451.257685,2350,0.03587198257446289,27.876909170665567,2.0287036895751953,20.340499992016703,0.0048000074457377195,1,,0,,0,0,19.836199993733317,1,hover,0.01789999078027904,1,,
1787922451.2707798,2351,0.013094902038574219,76.36559609642416,1.0941028594970703,0.5074999935459346,0.005499983672052622,1,,0,,0,0,,0,hover,0.018999999156221747,1,,
1787922451.3686554,2352,0.09787559509277344,10.217051544382734,11.745691299438477,23.28359999228269,0.006299989763647318,1,4.8624999762978405,1,,0,0,17.78059999924153,1,hover,0.019500002963468432,1,,
1787922451.379626,2353,0.010970592498779297,91.15277958882079,9.972810745239258,0.42719999328255653,0.0047000066842883825,1,,0,,0,0,,0,hover,0.01610000617802143,1,,
1787922451.425664,2354,0.046037912368774414,21.721228191012806,6.019830703735352,18.080699985148385,0.0046000059228390455,1,,0,,0,0,17.635700001847,1,hover,0.01750001683831215,1,,
1787922451.438147,2355,0.01248311996459961,80.10817831085986,2.0296573638916016,0.8140999998431653,0.006599992047995329,1,,0,,0,0,,0,hover,0.02269999822601676,1,,
1787922451.5105593,2356,0.07241225242614746,13.809817627478031,7.007360458374023,25.343299988890067,0.0050000089686363935,1,5.193699995288625,1,,0,0,19.600800005719066,1,hover,0.016900012269616127,1,,
1787922451.5471616,2357,0.03660225868225098,27.3207183382078,8.026599884033203,0.10379997547715902,0.0045000051613897085,1,,0,,0,0,,0,hover,0.01479999627918005,1,,
1787922451.5964956,2358,0.049334049224853516,20.269976126269803,11.968374252319336,17.655400006333366,0.0037999998312443495,1,,0,,0,0,17.622600018512458,1,hover,0.014400022337213159,1,,
1787922451.6094959,2359,0.013000249862670898,76.92159847415041,7.978916168212891,0.035200006095692515,0.0048999791033566,1,,0,,0,0,,0,hover,0.013400014722719789,1,,
1787922451.6932464,2360,0.08375048637390137,11.940229165183972,6.215572357177734,21.5885000070557,0.0046000059228390455,1,4.382999992230907,1,,0,0,17.177200003061444,1,hover,0.01479999627918005,1,,
1787922451.704166,2361,0.010919570922851562,91.57868995633187,2.002239227294922,0.040799990529194474,0.0048000074457377195,1,,0,,0,0,,0,hover,0.016300007700920105,1,,
1787922451.76722,2362,0.06305408477783203,15.8594007592601,14.724493026733398,17.569199990248308,0.0043000036384910345,1,,0,,0,0,17.532099998788908,1,hover,0.01689998316578567,1,,
1787922451.7767582,2363,0.00953817367553711,104.84187371894215,9.53817367553711,0.03179998020641506,0.0043000036384910345,1,,0,,0,0,,0,hover,0.012800010154023767,1,,
1787922451.8648858,2364,0.08812761306762695,11.34718126579265,7.5206756591796875,22.87429998978041,0.0049000082071870565,1,4.922799998894334,1,,0,0,17.919600009918213,1,hover,0.017499987734481692,1,,
1787922451.8874059,2365,0.022520065307617188,44.40484458372152,18.524885177612305,0.05059997783973813,0.006499991286545992,1,,0,,0,0,,0,hover,0.02060001133941114,1,,
1787922451.921096,2366,0.03369021415710449,29.682209656987975,1.0306835174560547,18.718899984378368,0.0035999983083456755,1,,0,,0,0,18.686600000364706,1,hover,0.014300021575763822,1,,
1787922451.9499636,2367,0.028867483139038086,34.6410525359476,14.528512954711914,0.042400002712383866,0.0045000051613897085,1,,0,,0,0,,0,hover,0.016299978597089648,1,,
1787922452.0270853,2368,0.07712173461914062,12.966513330365533,2.0301342010498047,25.353700009873137,0.004699977580457926,1,5.192199983866885,1,,0,0,20.129800017457455,1,hover,0.016900012269616127,1,,
1787922452.0399494,2369,0.012864112854003906,77.73563644451035,5.333185195922852,0.04879999323748052,0.0045000051613897085,1,,0,,0,0,,0,hover,0.028300011763349175,1,,
1787922452.08796,2370,0.04801058769226074,20.828738994194794,0.9963512420654297,19.25050001591444,0.0043000036384910345,1,,0,,0,0,19.212799990782514,1,hover,0.016600009985268116,1,,
1787922452.1026745,2371,0.014714479446411133,67.96027026589108,1.7499923706054688,0.043100008042529225,0.0048999791033566,1,,0,,0,0,,0,hover,0.017300015315413475,1,,
1787922452.1962876,2372,0.0936131477355957,10.68226017593635,2.0263195037841797,26.24349997495301,0.0049000082071870565,1,5.38709998363629,1,,0,0,20.823300001211464,1,hover,0.017499987734481692,1,,
1787922452.2092876,2373,0.013000011444091797,76.92300920661702,7.983207702636719,0.03739999374374747,0.0048000074457377195,1,,0,,0,0,,0,hover,0.014499993994832039,1,,
1787922452.2619994,2374,0.05271172523498535,18.971111181469904,9.733438491821289,17.698300012852997,0.0044000043999403715,1,,0,,0,0,17.662700003711507,1,hover,0.015700003132224083,1,,
1787922452.27297,2375,0.010970592498779297,91.15277958882079,5.98454475402832,0.03779999678954482,0.005599984433501959,1,,0,,0,0,,0,hover,0.014500023098662496,1,,
1787922452.3604941,2376,0.0875241756439209,11.4254146656388,2.9914379119873047,23.52789998985827,0.0048000074457377195,1,4.963500017765909,1,,0,0,18.532699992647395,1,hover,0.017000013031065464,1,,
1787922452.3820834,2377,0.021589279174804688,46.31928615602085,13.814210891723633,0.03500000457279384,0.0043000036384910345,1,,0,,0,0,,0,hover,0.013499986380338669,1,,
1787922452.4346015,2378,0.05251812934875488,19.041043776699336,12.96544075012207,19.791800004895777,0.007400027243420482,1,,0,,0,0,19.731500011403114,1,hover,0.02829998265951872,1,,
1787922452.4490683,2379,0.01446676254272461,69.12396585253305,13.473272323608398,0.05060000694356859,0.006000016583129764,1,,0,,0,0,,0,hover,0.020299979951232672,1,,
1787922452.505311,2380,0.05624270439147949,17.780083849444043,1.5482902526855469,23.486799997044727,0.004699977580457926,1,4.734199988888577,1,,0,0,18.717600003583357,1,hover,0.018400023691356182,1,,
1787922452.536878,2381,0.03156709671020508,31.678554704611713,2.0329952239990234,0.04900002386420965,0.005499983672052622,1,,0,,0,0,,0,hover,0.021400017431005836,1,,
1787922452.5866587,2382,0.04978060722351074,20.08814387317704,0.0,19.291200005682185,0.0042000028770416975,1,,0,,0,0,19.25640000263229,1,hover,0.015399971744045615,1,,
1787922452.6037877,2383,0.017128944396972656,58.380713768721115,1.0297298431396484,0.04500002251006663,0.006000016583129764,1,,0,,0,0,,0,hover,0.016999983927235007,1,,
1787922452.6937935,2384,0.09000587463378906,11.110385895017906,1.9960403442382812,25.15020000282675,0.0045000051613897085,1,4.9842000007629395,1,,0,0,20.133900019573048,1,hover,0.016400008462369442,1,,
1787922452.7047987,2385,0.011005163192749023,90.86643991420958,6.017923355102539,0.03610001294873655,0.0045000051613897085,1,,0,,0,0,,0,hover,0.014599994756281376,1,,
1787922452.7573426,2386,0.05254387855529785,19.031712684620096,5.984067916870117,17.50809999066405,0.0037999998312443495,1,,0,,0,0,17.47530000284314,1,hover,0.014399993233382702,1,,
1787922452.7687654,2387,0.011422872543334961,87.5436538581954,1.7285346984863281,0.035200006095692515,0.004299974534660578,1,,0,,0,0,,0,hover,0.014200020814314485,1,,
1787922452.860945,2388,0.09217953681945801,10.848394714312688,2.992868423461914,23.68340000975877,0.0053000112529844046,1,4.870500008109957,1,,0,0,18.780300015350804,1,hover,0.017200014553964138,1,,
1787922452.8786597,2389,0.017714738845825195,56.45016890755171,9.972333908081055,0.042400002712383866,0.005700014298781753,1,,0,,0,0,,0,hover,0.017099984688684344,1,,
1787922452.9284015,2390,0.04974174499511719,20.103838337359562,9.972572326660156,18.10829999158159,0.0042000028770416975,1,,0,,0,0,18.074499996146187,1,hover,0.014899997040629387,1,,
1787922452.937457,2391,0.009055614471435547,110.42872939813596,0.9992122650146484,0.034199998481199145,0.0044000043999403715,1,,0,,0,0,,0,hover,0.01409999094903469,1,,
1787922453.0287604,2392,0.09130334854125977,10.9525008225531,3.9882659912109375,24.30580000509508,0.005399982910603285,1,5.143099988345057,1,,0,0,19.12770001217723,1,hover,0.018999999156221747,1,,
1787922453.0387337,2393,0.009973287582397461,100.26783964045804,0.9987354278564453,0.03960001049563289,0.0046000059228390455,1,,0,,0,0,,0,search_360,0.018399994587525725,1,,
1787922453.0882146,2394,0.04948091506958008,20.209812178974452,1.844167709350586,19.903400010662153,0.004699977580457926,1,,0,,0,0,19.87290001125075,1,search_360,0.011200027074664831,1,,
1787922453.1031754,2395,0.014960765838623047,66.84149800796813,1.995086669921875,0.036500015994533896,0.005299982149153948,1,,0,,0,0,,0,search_360,0.012100004823878407,1,,
1787922453.1952014,2396,0.0920259952545166,10.866494811974558,0.9951591491699219,24.457199993776157,0.0047000066842883825,1,4.742499993881211,1,,0,0,19.690999994054437,1,search_360,0.013399985618889332,1,,
1787922453.2037637,2397,0.008562326431274414,116.79068860858185,2.9959678649902344,0.02780000795610249,0.004599976819008589,1,,0,,0,0,,0,search_360,0.010500021744519472,1,,
1787922453.2555661,2398,0.05180239677429199,19.304126107467496,2.706289291381836,18.406999995931983,0.0044000043999403715,1,,0,,0,0,18.37609999347478,1,search_360,0.013299984857439995,1,,
1787922453.2833967,2399,0.02783060073852539,35.93167137839458,14.503240585327148,0.031800009310245514,0.0043000036384910345,1,,0,,0,0,,0,search_360,0.011500000255182385,1,,
1787922453.371354,2400,0.08795738220214844,11.369142361487585,10.967254638671875,24.38570000231266,0.004599976819008589,1,5.245200009085238,1,,0,0,19.115200004307553,1,search_360,0.014999997802078724,1,,
1787922453.3788805,2401,0.007526397705078125,132.8656867714141,10.133743286132812,0.024800014216452837,0.0039000005926936865,1,,0,,0,0,,0,search_360,0.009499985026195645,1,,
1787922453.4282708,2402,0.049390316009521484,20.246884020892267,5.984783172607422,19.378400000277907,0.007199996616691351,1,,0,,0,0,19.33479998842813,1,search_360,0.018399994587525725,1,,
1787922453.437513,2403,0.00924229621887207,108.198220043854,0.5431175231933594,0.06960000609979033,0.0049000082071870565,1,,0,,0,0,,0,search_360,0.01409999094903469,1,,
1787922453.5068464,2404,0.06933331489562988,14.42308075858393,7.978916168212891,21.94249999593012,0.0051000097300857306,1,4.385100008221343,1,,0,0,17.53179999650456,1,search_360,0.014299992471933365,1,,
1787922453.54679,2405,0.03994345664978027,25.035389620079386,2.9916763305664062,0.0315000070258975,0.0049000082071870565,1,,0,,0,0,,0,search_360,0.011099997209385037,1,,
1787922453.595994,2406,0.049204111099243164,20.323505041743992,5.983829498291016,18.34660000167787,0.0041000021155923605,1,,0,,0,0,18.316100002266467,1,search_360,0.012800010154023767,1,,
1787922453.606965,2407,0.0109710693359375,91.14881780250347,1.9946098327636719,0.03359999391250312,0.005400012014433742,1,,0,,0,0,,0,search_360,0.011600001016631722,1,,
1787922453.7129388,2408,0.10597372055053711,9.436301705790509,1.9948482513427734,38.20480001741089,0.0045000051613897085,1,4.519700014498085,1,,0,0,33.360600005835295,1,search_360,0.013399985618889332,1,,
1787922453.7328343,2409,0.019895553588867188,50.26248681813824,27.872323989868164,0.4734999965876341,0.0051000097300857306,1,,0,,0,0,,0,search_360,0.013699987903237343,1,,
1787922453.7587988,2410,0.02596449851989746,38.51412725085627,0.0,17.734199995175004,0.004799978341907263,1,,0,,0,0,17.256499995710328,1,search_360,0.014300021575763822,1,,
1787922453.772933,2411,0.01413416862487793,70.7505355666886,2.1524429321289062,0.45419999514706433,0.005499983672052622,1,,0,,0,0,,0,search_360,0.01300001167692244,1,,
1787922453.8678005,2412,0.09486746788024902,10.541021304187202,1.9917488098144531,23.740600008750334,0.00580001506023109,1,5.224299995461479,1,,0,0,18.009399995207787,1,search_360,0.015400000847876072,1,,
1787922453.8869553,2413,0.019154787063598633,52.206270770839296,13.961553573608398,0.4239999980200082,0.0046000059228390455,1,,0,,0,0,,0,search_360,0.011900003300979733,1,,
1787922453.9378495,2414,0.05089426040649414,19.648581038666578,13.522148132324219,19.96589999180287,0.006000016583129764,1,,0,,0,0,19.19130000169389,1,search_360,0.01829999382607639,1,,
1787922453.9476314,2415,0.009781837463378906,102.23028175879887,8.232355117797852,0.46109998947940767,0.0044000043999403715,1,,0,,0,0,,0,search_360,0.011500000255182385,1,,
1787922454.0376308,2416,0.08999943733215332,11.111180576711657,2.0246505737304688,25.332100020023063,0.0047000066842883825,1,4.951299983076751,1,,0,0,19.919800019124523,1,search_360,0.014499993994832039,1,,
1787922454.0466053,2417,0.008974552154541016,111.42617289198236,3.954172134399414,0.4150999884586781,0.0051000097300857306,1,,0,,0,0,,0,search_360,0.011600001016631722,1,,
1787922454.0969572,2418,0.050351858139038086,19.86024025645032,2.0122528076171875,20.285699982196093,0.0045000051613897085,1,,0,,0,0,20.141999993938953,1,search_360,0.015199999324977398,1,,
1787922454.1066556,2419,0.00969839096069336,103.10988740842716,0.5047321319580078,0.04189999890513718,0.006900023436173797,1,,0,,0,0,,0,search_360,0.013999990187585354,1,,
1787922454.202678,2420,0.09602236747741699,10.414240205389488,5.9833526611328125,21.81949999067001,0.004599976819008589,1,4.535400017630309,1,,0,0,17.258299980312586,1,search_360,0.012200005585327744,1,,
1787922454.2271738,2421,0.024495840072631836,40.82325803217738,20.504474639892578,0.03480000304989517,0.0047000066842883825,1,,0,,0,0,,0,search_360,0.011600001016631722,1,,
1787922454.261726,2422,0.03455209732055664,28.941803176881358,5.951404571533203,18.166499998187646,0.0037999998312443495,1,,0,,0,0,18.13650000258349,1,search_360,0.01170000177808106,1,,
1787922454.2743454,2423,0.012619495391845703,79.24247118836199,2.0227432250976562,0.03029999788850546,0.004599976819008589,1,,0,,0,0,,0,search_360,0.010100018698722124,1,,
1787922454.3654914,2424,0.09114599227905273,10.971409438808875,1.8527507781982422,22.42690001730807,0.0046000059228390455,1,4.752599983476102,1,,0,0,17.645200015977025,1,search_360,0.014599994756281376,1,,
1787922454.3744676,2425,0.008976221084594727,111.40545565619273,0.9975433349609375,0.0344999716617167,0.005400012014433742,1,,0,,0,0,,0,search_360,0.011299998732283711,1,,
1787922454.4357712,2426,0.06130361557006836,16.312251580936973,8.556842803955078,20.24470001924783,0.0037999998312443495,1,,0,,0,0,20.216900011291727,1,search_360,0.011900003300979733,1,,
1787922454.446708,2427,0.010936737060546875,91.43494942448552,5.577802658081055,0.03730002208612859,0.0046000059228390455,1,,0,,0,0,,0,search_360,0.01309998333454132,1,,
1787922454.5060544,2428,0.05934643745422363,16.850211114548223,1.0938644409179688,24.69409999321215,0.005600013537332416,1,5.296700022881851,1,,0,0,19.357499986654148,1,search_360,0.016799982404336333,1,,
1787922454.5533485,2429,0.04729413986206055,21.144268675075367,11.774301528930664,0.04610000178217888,0.006100017344579101,1,,0,,0,0,,0,search_360,0.016799982404336333,1,,
1787922454.5888162,2430,0.03546762466430664,28.194727148062004,0.0,17.71869999356568,0.003999972250312567,1,,0,,0,0,17.688399995677173,1,search_360,0.012200005585327744,1,,
1787922454.6067696,2431,0.01795339584350586,55.699768930440094,0.9975433349609375,0.035500008380040526,0.005099980626255274,1,,0,,0,0,,0,search_360,0.012500007869675756,1,,
1787922454.696663,2432,0.08989334106445312,11.12429450456185,0.9975433349609375,23.89079998829402,0.0047000066842883825,1,4.702500009443611,1,,0,0,18.91709998017177,1,search_360,0.014399993233382702,1,,
1787922454.7056382,2433,0.00897526741027832,111.41729313321822,0.0,0.39190001552924514,0.0046000059228390455,1,,0,,0,0,,0,search_360,0.0109999964479357,1,,
1787922454.7577999,2434,0.05216169357299805,19.171156676509035,0.9973049163818359,18.3019999822136,0.0042000028770416975,1,,0,,0,0,18.114699982106686,1,search_360,0.013600016245618463,1,,
1787922454.7752204,2435,0.017420530319213867,57.403533743002995,1.6140937805175781,0.17029998707585037,0.006000016583129764,1,,0,,0,0,,0,search_360,0.01409999094903469,1,,
1787922454.8775032,2436,0.10228276252746582,9.776818451999395,11.67440414428711,29.951800010167062,0.0042000028770416975,1,5.106600001454353,1,,0,0,24.495100020430982,1,search_360,0.013299984857439995,1,,
1787922454.8944628,2437,0.016959667205810547,58.96342114881772,23.938894271850586,0.28520001797005534,0.005499983672052622,1,,0,,0,0,,0,search_360,0.014300021575763822,1,,
1787922454.927069,2438,0.03260612487792969,30.66908452763966,1.9943714141845703,20.343100011814386,0.0048000074457377195,1,,0,,0,0,20.080599992070347,1,search_360,0.015600002370774746,1,,
1787922454.9402175,2439,0.01314854621887207,76.05403543128615,0.9963512420654297,0.43710001045838,0.013200013199821115,1,,0,,0,0,,0,search_360,0.04439998883754015,1,,
1787922455.0434678,2440,0.10325026512145996,9.685205154908177,11.480093002319336,25.232199986930937,0.004399975296109915,1,6.936600024346262,1,,0,0,18.132999975932762,1,search_360,0.012200005585327744,1,,
1787922455.065252,2441,0.021784305572509766,45.90460763926891,26.492595672607422,0.21249998826533556,0.006400019628927112,1,,0,,0,0,,0,search_360,0.01610000617802143,1,,
1787922455.0931766,2442,0.027924537658691406,35.810798811516,4.98652458190918,18.089699995471165,0.0044000043999403715,1,,0,,0,0,17.91409999714233,1,search_360,0.013900018529966474,1,,
1787922455.1091716,2443,0.015995025634765625,62.519437157166706,4.986047744750977,0.3121000190731138,0.02649999805726111,1,,0,,0,0,,0,search_360,0.052099989261478186,1,,
1787922455.2157235,2444,0.1065518856048584,9.385099046566319,3.3698081970214844,38.48059999290854,0.0048000074457377195,1,5.25529999868013,1,,0,0,33.052399987354875,1,search_360,0.013300013961270452,1,,
1787922455.2256966,2445,0.00997304916381836,100.2702366722448,18.914461135864258,0.1973999897018075,0.0048999791033566,1,,0,,0,0,,0,search_360,0.01400001929141581,1,,
1787922455.2615402,2446,0.035843610763549805,27.898974983204624,1.9946098327636719,18.980499997269362,0.0050000089686363935,1,,0,,0,0,18.76740000443533,1,search_360,0.015300000086426735,1,,
1787922455.27405,2447,0.012509822845458984,79.9371831522775,1.0297298431396484,0.2361000224482268,0.004999979864805937,1,,0,,0,0,,0,search_360,0.01650000922381878,1,,
1787922455.367105,2448,0.09305500984191895,10.746331677346458,1.9969940185546875,22.079599992139265,0.0051000097300857306,1,5.173500016098842,1,,0,0,16.729099996155128,1,search_360,0.015700003132224083,1,,
1787922455.3763273,2449,0.009222269058227539,108.4331842506657,0.5462169647216797,0.1466000103391707,0.004999979864805937,1,,0,,0,0,,0,search_360,0.011400028597563505,1,,
1787922455.426599,2450,0.05027174949645996,19.89188779018757,1.9946098327636719,17.036500008543953,0.005399982910603285,1,,0,,0,0,16.82089999667369,1,search_360,0.016700010746717453,1,,
1787922455.444502,2451,0.01790308952331543,55.856281045664595,2.652883529663086,0.2728000108618289,0.005699985194951296,1,,0,,0,0,,0,search_360,0.015300000086426735,1,,
1787922455.5043337,2452,0.05983161926269531,16.713570722688004,1.9965171813964844,21.338899998227134,0.0047000066842883825,1,4.77219998720102,1,,0,0,16.383200010750443,1,search_360,0.013999990187585354,1,,
1787922455.545008,2453,0.04067420959472656,24.585603751465417,3.9894580841064453,0.21460000425577164,0.0049000082071870565,1,,0,,0,0,,0,search_360,0.01409999094903469,1,,
1787922455.5907195,2454,0.045711517333984375,21.8763247934574,4.988670349121094,16.079000022727996,0.00589998671784997,1,,0,,0,0,15.895800024736673,1,search_360,0.015700003132224083,1,,
1787922455.6066744,2455,0.015954971313476562,62.676389719067544,1.9965171813964844,0.18360000103712082,0.005600013537332416,1,,0,,0,0,,0,search_360,0.012699980288743973,1,,
1787922455.6976757,2456,0.09100127220153809,10.988857362184199,0.9975433349609375,21.887299983063713,0.0048000074457377195,1,5.029599997214973,1,,0,0,16.70199999352917,1,search_360,0.012200005585327744,1,,
1787922455.7063835,2457,0.008707761764526367,114.84007337841908,0.5035400390625,0.16120000509545207,0.0048000074457377195,1,,0,,0,0,,0,search_360,0.013500015484169126,1,,
1787922455.7624407,2458,0.05605721473693848,17.838916983170368,8.010149002075195,16.46499999333173,0.0049000082071870565,1,,0,,0,0,16.32429999881424,1,search_360,0.012899981811642647,1,,
1787922455.771636,2459,0.009195327758789062,108.75088155984236,1.4238357543945312,0.16589998267591,0.0048000074457377195,1,,0,,0,0,,0,search_360,0.013399985618889332,1,,
1787922455.8774242,2460,0.1057882308959961,9.452847368088923,13.994693756103516,22.52910000970587,0.0048000074457377195,1,5.059199989773333,1,,0,0,17.320600018138066,1,search_360,0.026599998818710446,1,,
1787922455.8854697,2461,0.008045434951782227,124.29408801303897,12.772321701049805,0.13550001312978566,0.0044000043999403715,1,,0,,0,0,,0,search_360,0.01309998333454132,1,,
1787922455.9267356,2462,0.04126596450805664,24.23304560843993,2.029895782470703,17.940100020496175,0.0046000059228390455,1,,0,,0,0,17.780000023776665,1,search_360,0.015300000086426735,1,,
1787922455.9426613,2463,0.01592564582824707,62.79180202703714,1.9953250885009766,0.20680000307038426,0.007700000423938036,1,,0,,0,0,,0,search_360,0.01930000144056976,1,,
1787922456.0315957,2464,0.08893442153930664,11.244240224332337,2.99072265625,21.866299997782335,0.0044000043999403715,1,5.308399995556101,1,,0,0,16.391999990446493,1,search_360,0.01409999094903469,1,,
1787922456.0411193,2465,0.009523630142211914,105.00197771936412,1.7542839050292969,0.18599999020807445,0.004699977580457926,1,,0,,0,0,,0,search_360,0.013100012438371778,1,,
1787922456.0905297,2466,0.049410343170166016,20.238677488153947,0.9968280792236328,16.19090000167489,0.0042000028770416975,1,,0,,0,0,16.040299989981577,1,search_360,0.012900010915473104,1,,
1787922456.1176817,2467,0.027152061462402344,36.82961610059358,12.192487716674805,0.16140000661835074,0.0046000059228390455,1,,0,,0,0,,0,search_360,0.013299984857439995,1,,
1787922456.2006207,2468,0.08293890953063965,12.057067131206683,6.981134414672852,20.248500019079074,0.0048000074457377195,1,4.641500010620803,1,,0,0,15.486399992369115,1,search_360,0.012899981811642647,1,,
1787922456.2105935,2469,0.009972810745239258,100.27263381864257,4.986286163330078,0.13460000627674162,0.004999979864805937,1,,0,,0,0,,0,search_360,0.012300006346777081,1,,
1787922456.2578921,2470,0.04729866981506348,21.142243617208962,5.368232727050781,15.997099981177598,0.0044000043999403715,1,,0,,0,0,15.874200005782768,1,search_360,0.012100004823878407,1,,
1787922456.288333,2471,0.030440807342529297,32.850639890975735,15.477418899536133,0.18200001795776188,0.006799993570894003,1,,0,,0,0,,0,search_360,0.017799990018829703,1,,
1787922456.368126,2472,0.07979297637939453,12.532431366455915,1.9941329956054688,23.244300013175234,0.004999979864805937,1,5.185500020161271,1,,0,0,17.922200000612065,1,search_360,0.014600023860111833,1,,
1787922456.378099,2473,0.00997304916381836,100.2702366722448,4.986286163330078,0.1297999988310039,0.0052000104915350676,1,,0,,0,0,,0,search_360,0.01200000406242907,1,,
1787922456.4223294,2474,0.04423046112060547,22.608853144742234,0.9965896606445312,17.9616000095848,0.0053000112529844046,1,,0,,0,0,17.81160000246018,1,search_360,0.015099998563528061,1,,
1787922456.4443052,2475,0.02197575569152832,45.5046922634611,2.982616424560547,0.19329998758621514,0.0052000104915350676,1,,0,,0,0,,0,search_360,0.014399993233382702,1,,
1787922456.5051806,2476,0.06087541580200195,16.42699251948459,1.9943714141845703,23.126100015360862,0.0047000066842883825,1,4.95450000744313,1,,0,0,18.046799988951534,1,search_360,0.013499986380338669,1,,
1787922456.5391395,2477,0.03395891189575195,29.447351053821418,0.9975433349609375,0.26970001636072993,0.008400005754083395,1,,0,,0,0,,0,search_360,0.018999999156221747,1,,
1787922456.587361,2478,0.048221588134765625,20.737599873427737,1.3353824615478516,16.090599994640797,0.004799978341907263,1,,0,,0,0,15.950100001646206,1,search_360,0.015300000086426735,1,,
1787922456.6116571,2479,0.024296045303344727,41.15896177812669,10.00523567199707,0.16599998343735933,0.005500012775883079,1,,0,,0,0,,0,search_360,0.01409999094903469,1,,
1787922456.69457,2480,0.08291292190551758,12.060846210914361,4.986286163330078,20.555499999318272,0.0043000036384910345,1,4.508700018050149,1,,0,0,15.920599980745465,1,search_360,0.013200013199821115,1,,
1787922456.7026126,2481,0.008042573928833008,124.33830373817923,0.0,0.13059997581876814,0.0045000051613897085,1,,0,,0,0,,0,search_360,0.0109999964479357,1,,
1787922456.7537482,2482,0.05113554000854492,19.555870532175796,0.9939670562744141,17.4059999990277,0.0045000051613897085,1,,0,,0,0,17.276099999435246,1,search_360,0.01270000939257443,1,,
1787922456.770514,2483,0.016765832901000977,59.64511312410233,0.9973049163818359,0.14630000805482268,0.0048000074457377195,1,,0,,0,0,,0,search_360,0.014399993233382702,1,,
1787922456.867277,2484,0.09676289558410645,10.334539845707683,8.977174758911133,22.52040000166744,0.0049000082071870565,1,4.895100020803511,1,,0,0,17.44890000554733,1,search_360,0.014199991710484028,1,,
1787922456.8792143,2485,0.011937379837036133,83.77047674209591,7.227182388305664,0.17579999985173345,0.005299982149153948,1,,0,,0,0,,0,search_360,0.01650000922381878,1,,
1787922456.9222436,2486,0.0430293083190918,23.239973847227915,1.0001659393310547,16.221500001847744,0.0044000043999403715,1,,0,,0,0,16.03369999793358,1,search_360,0.013699987903237343,1,,
1787922456.9397063,2487,0.017462730407714844,57.26481350008192,0.5452632904052734,0.15050001093186438,0.0045000051613897085,1,,0,,0,0,,0,search_360,0.010899995686486363,1,,
1787922457.0252378,2488,0.08553147315979004,11.691602670420494,0.6861686706542969,21.257500018691644,0.005500012775883079,1,4.671200003940612,1,,0,0,16.407799994340166,1,search_360,0.016099977074190974,1,,
1787922457.0391657,2489,0.013927936553955078,71.79814440754562,1.9955635070800781,0.1871999993454665,0.005199981387704611,1,,0,,0,0,,0,search_360,0.015099998563528061,1,,
1787922457.0921526,2490,0.052986860275268555,18.872603411581018,6.221294403076172,16.01160000427626,0.0047000066842883825,1,,0,,0,0,15.838499995879829,1,search_360,0.014499993994832039,1,,
1787922457.1071153,2491,0.01496267318725586,66.83297746900793,4.991292953491211,0.23100001271814108,0.005699985194951296,1,,0,,0,0,,0,search_360,0.042400002712383866,1,,
1787922457.1923764,2492,0.08526110649108887,11.728677249860882,2.0079612731933594,20.664399984525517,0.004399975296109915,1,4.46260001626797,1,,0,0,16.05029997881502,1,search_360,0.01400001929141581,1,,
1787922457.2046082,2493,0.012231826782226562,81.75393731482926,2.0246505737304688,0.22560000070370734,0.008599978173151612,1,,0,,0,0,,0,search_360,0.01750001683831215,1,,
1787922457.255432,2494,0.05082368850708008,19.675864333630436,1.5003681182861328,16.068299999460578,0.0036999990697950125,1,,0,,0,0,16.037399997003376,1,search_360,0.012100004823878407,1,,
1787922457.2787745,2495,0.023342609405517578,42.84011194410966,7.97724723815918,0.03609998384490609,0.0049000082071870565,1,,0,,0,0,,0,search_360,0.01270000939257443,1,,
1787922457.3628147,2496,0.08404016494750977,11.899072314108201,1.9953250885009766,21.475000015925616,0.0049000082071870565,1,4.921000014292076,1,,0,0,16.52460001059808,1,search_360,0.014299992471933365,1,,
1787922457.3728426,2497,0.010027885437011719,99.72192106514503,1.0917186737060547,0.03029999788850546,0.004299974534660578,1,,0,,0,0,,0,search_360,0.010000017937272787,1,,
1787922457.422396,2498,0.04955339431762695,20.180252307040924,1.0006427764892578,16.284999990602955,0.0041000021155923605,1,,0,,0,0,16.255399998044595,1,search_360,0.01170000177808106,1,,
1787922457.4409373,2499,0.018541336059570312,53.93354593148853,1.110076904296875,0.036999990697950125,0.0053000112529844046,1,,0,,0,0,,0,search_360,0.01270000939257443,1,,
1787922457.5029173,2500,0.06198000907897949,16.134234487215487,2.5010108947753906,21.321700012777,0.0047000066842883825,1,4.50399998226203,1,,0,0,16.789100016467273,1,search_360,0.013600016245618463,1,,
1787922457.5421107,2501,0.03919339179992676,25.514505228452027,4.990339279174805,0.03709999145939946,0.004999979864805937,1,,0,,0,0,,0,search_360,0.013200013199821115,1,,
1787922457.5911663,2502,0.04905557632446289,20.38504233210533,0.5450248718261719,16.287800011923537,0.0040000013541430235,1,,0,,0,0,16.257000010227785,1,search_360,0.011900003300979733,1,,
1787922457.6180947,2503,0.026928424835205078,37.135480672179625,12.964725494384766,0.03809999907389283,0.0045000051613897085,1,,0,,0,0,,0,search_360,0.012500007869675756,1,,
1787922457.701646,2504,0.08355140686035156,11.968679374500628,6.588935852050781,20.62819999991916,0.0050000089686363935,1,4.726999992271885,1,,0,0,15.871500014327466,1,search_360,0.014599994756281376,1,,
1787922457.7120335,2505,0.010387420654296875,96.27029012118986,7.685422897338867,0.029999995604157448,0.0048000074457377195,1,,0,,0,0,,0,search_360,0.010299991117790341,1,,
1787922457.7577808,2506,0.04574728012084961,21.859223047978404,3.0274391174316406,15.720700001111254,0.0044000043999403715,1,,0,,0,0,15.689400024712086,1,search_360,0.01200000406242907,1,,
1787922457.7747421,2507,0.016961336135864258,58.95761937560619,2.0339488983154297,0.04129999433644116,0.005400012014433742,1,,0,,0,0,,0,search_360,0.01409999094903469,1,,
1787922457.8611732,2508,0.08643102645874023,11.569919286766451,0.0,21.695700008422136,0.0051000097300857306,1,4.9906999920494854,1,,0,0,16.67569999699481,1,search_360,0.013999990187585354,1,,
1787922457.8744001,2509,0.013226985931396484,75.60301380727496,2.0287036895751953,0.04499999340623617,0.006300018867477775,1,,0,,0,0,,0,search_360,0.015199999324977398,1,,
1787922457.924611,2510,0.05021095275878906,19.915973409306744,2.031087875366211,17.005000001518056,0.0041000021155923605,1,,0,,0,0,16.972399986116216,1,search_360,0.013899989426136017,1,,
1787922457.9430962,2511,0.018485069274902344,54.09771449208069,4.897594451904297,0.03530000685714185,0.0051000097300857306,1,,0,,0,0,,0,search_360,0.0109999964479357,1,,
1787922458.0433705,2512,0.10027432441711426,9.972642606299381,14.53089714050293,22.182300017448142,0.0053000112529844046,1,5.3610000177286565,1,,0,0,16.60279999487102,1,hover,0.022599997464567423,1,,
1787922458.068057,2513,0.024686574935913086,40.50784698144732,28.71227264404297,0.17189999925903976,0.0047000066842883825,1,,0,,0,0,,0,hover,0.015300000086426735,1,,
1787922458.0992572,2514,0.031200170516967773,32.05110688277053,12.59303092956543,16.61749999038875,0.004699977580457926,1,,0,,0,0,16.397799976402894,1,hover,0.018700025975704193,1,,
1787922458.1151824,2515,0.015925168991088867,62.79368216183846,9.975910186767578,0.315399985993281,0.0048000074457377195,1,,0,,0,0,,0,hover,0.01719998545013368,1,,
1787922458.1981156,2516,0.08293318748474121,12.057899018821493,3.5665035247802734,21.432000008644536,0.0043000036384910345,1,5.023900012020022,1,,0,0,16.24259998789057,1,hover,0.01689998316578567,1,,
1787922458.2074566,2517,0.009341001510620117,107.05490186069068,2.8989315032958984,0.19649998284876347,0.005600013537332416,1,,0,,0,0,,0,hover,0.01719998545013368,1,,
1787922458.2707493,2518,0.0632927417755127,15.799599953290215,14.993429183959961,16.547699982766062,0.0048000074457377195,1,,0,,0,0,16.275999980280176,1,hover,0.01829999382607639,1,,
1787922458.2845654,2519,0.013816118240356445,72.37923001259729,12.818574905395508,0.17159999697469175,0.0051000097300857306,1,,0,,0,0,,0,hover,0.015600002370774746,1,,
1787922458.3656096,2520,0.08104419708251953,12.338946352714137,1.995086669921875,21.96169999660924,0.0043000036384910345,1,4.983100021490827,1,,0,0,16.82649998110719,1,hover,0.01580000389367342,1,,
1787922458.3776355,2521,0.012025833129882812,83.1543219666931,4.025936126708984,0.22519999765791,0.0046000059228390455,1,,0,,0,0,,0,hover,0.017700018361210823,1,,
1787922458.426941,2522,0.04930543899536133,20.281738087639386,4.953145980834961,17.462700023315847,0.0047000066842883825,1,,0,,0,0,17.307500005699694,1,hover,0.01689998316578567,1,,
1787922458.4423187,2523,0.01537775993347168,65.02897719344486,1.9991397857666016,0.242499983869493,0.007399998139590025,1,,0,,0,0,,0,hover,0.023300002794712782,1,,
1787922458.5049264,2524,0.0626077651977539,15.9724595957288,0.9989738464355469,25.118599995039403,0.0050000089686363935,1,5.297199997585267,1,,0,0,19.649299996672198,1,hover,0.018399994587525725,1,,
1787922458.5448391,2525,0.03991270065307617,25.054681433162493,1.9962787628173828,0.18050000653602183,0.005799985956400633,1,,0,,0,0,,0,hover,0.017900019884109497,1,,
1787922458.590144,2526,0.04530477523803711,22.072728420919685,0.9968280792236328,20.380400004796684,0.0046000059228390455,1,,0,,0,0,20.218600024236366,1,hover,0.016600009985268116,1,,
1787922458.6044009,2527,0.014256954193115234,70.14120873607813,2.0134449005126953,0.17590000061318278,0.005700014298781753,1,,0,,0,0,,0,hover,0.01759998849593103,1,,
1787922458.694151,2528,0.08975005149841309,11.14205488804295,1.5077590942382812,22.10090000880882,0.0045000051613897085,1,4.393999988678843,1,,0,0,17.565000016475096,1,hover,0.015400000847876072,1,,
1787922458.716823,2529,0.022672176361083984,44.10692577870318,15.404939651489258,0.18259999342262745,0.006999995093792677,1,,0,,0,0,,0,hover,0.020100007532164454,1,,
1787922458.7572577,2530,0.04043459892272949,24.731295144314394,2.2063255310058594,16.371400008210912,0.0044000043999403715,1,,0,,0,0,16.230000008363277,1,hover,0.015500001609325409,1,,
1787922458.777373,2531,0.020115375518798828,49.71321559796136,7.146120071411133,0.14910000027157366,0.0045000051613897085,1,,0,,0,0,,0,hover,0.016300007700920105,1,,
1787922458.8601487,2532,0.08277559280395508,12.080855794876522,1.6934871673583984,20.526399981463328,0.0048000074457377195,1,4.9983999924734235,1,,0,0,15.380099997855723,1,hover,0.01960000372491777,1,,
1787922458.8726335,2533,0.01248478889465332,80.0974696839492,1.02996826171875,0.14749998808838427,0.0047000066842883825,1,,0,,0,0,,0,hover,0.01810002140700817,1,,
1787922458.9247859,2534,0.052152395248413086,19.17457472924848,0.9963512420654297,18.188799993367866,0.0039000005926936865,1,,0,,0,0,18.045300006633624,1,hover,0.015099998563528061,1,,
1787922458.9479709,2535,0.023185014724731445,43.13130752223765,9.975671768188477,0.17090002074837685,0.005499983672052622,1,,0,,0,0,,0,hover,0.01780001912266016,1,,
1787922459.0318582,2536,0.08388733863830566,11.920750094500766,4.980564117431641,21.236500004306436,0.0048000074457377195,1,4.751400003442541,1,,0,0,16.323099989676848,1,hover,0.017099984688684344,1,,
1787922459.0552938,2537,0.023435592651367188,42.670139171482056,13.84425163269043,0.15730000450275838,0.0046000059228390455,1,,0,,0,0,,0,hover,0.016299978597089648,1,,
1787922459.1046994,2538,0.049405574798583984,20.24063082105182,14.565706253051758,17.148699989775196,0.0044000043999403715,1,,0,,0,0,16.960599983576685,1,hover,0.017799990018829703,1,,
1787922459.1186442,2539,0.013944864273071289,71.7109883909795,14.428853988647461,0.16560000949539244,0.0046000059228390455,1,,0,,0,0,,0,hover,0.016699981642886996,1,,
1787922459.1969657,2540,0.07832145690917969,12.767893237220855,0.0,22.219100006623194,0.0049000082071870565,1,5.268000008072704,1,,0,0,16.787200001999736,1,hover,0.01659998088143766,1,,
1787922459.2049448,2541,0.007979154586791992,125.32656049242537,0.0,0.20139999105595052,0.005700014298781753,1,,0,,0,0,,0,hover,0.018099992303177714,1,,
1787922459.2584572,2542,0.0535123348236084,18.687280293343196,4.804134368896484,16.429099981905892,0.0042000028770416975,1,,0,,0,0,16.283699980704114,1,hover,0.015600002370774746,1,,
1787922459.2733412,2543,0.014883995056152344,67.18626257448581,3.027677536010742,0.17270000535063446,0.005400012014433742,1,,0,,0,0,,0,hover,0.019700004486367106,1,,
1787922459.3257482,2544,0.052407026290893555,19.08141084841068,1.3320446014404297,20.979799999622628,0.0051000097300857306,1,4.983899998478591,1,,0,0,15.822699991986156,1,hover,0.01759998849593103,1,,
1787922459.3748262,2545,0.04907798767089844,20.37573355096965,1.466512680053711,0.17469999147579074,0.0049000082071870565,1,,0,,0,0,,0,hover,0.015099998563528061,1,,
1787922459.425641,2546,0.05081486701965332,19.679280073944437,2.028226852416992,17.481099988799542,0.006099988240748644,1,,0,,0,0,17.28599998750724,1,hover,0.021400017431005836,1,,
1787922459.4396038,2547,0.013962745666503906,71.61915169728843,1.9953250885009766,0.3344999859109521,0.006399990525096655,1,,0,,0,0,,0,hover,0.023600005079060793,1,,
1787922459.501468,2548,0.06186413764953613,16.164453882232337,3.571033477783203,23.503000003984198,0.005599984433501959,1,5.112200014991686,1,,0,0,18.18369998363778,1,hover,0.01960000372491777,1,,
1787922459.5160131,2549,0.014545202255249023,68.75119248610815,1.226186752319336,0.27779999072663486,0.007700000423938036,1,,0,,0,0,,0,hover,0.029900023946538568,1,,
1787922459.591818,2550,0.0758049488067627,13.19175087828551,2.022266387939453,18.23410001816228,0.0042000028770416975,1,,0,,0,0,18.074899999191985,1,hover,0.01680001150816679,1,,
1787922459.6175313,2551,0.025713205337524414,38.8905228606663,11.970758438110352,0.19260001135990024,0.005699985194951296,1,,0,,0,0,,0,hover,0.01930000144056976,1,,
1787922459.6696897,2552,0.052158355712890625,19.17238352958385,9.72604751586914,23.041499982355163,0.0046000059228390455,1,4.5535999815911055,1,,0,0,18.348999990848824,1,hover,0.016200006939470768,1,,
1787922459.70911,2553,0.039420366287231445,25.367597873485707,3.5974979400634766,0.19049999536946416,0.0048000074457377195,1,,0,,0,0,,0,hover,0.017699989257380366,1,,
1787922459.7570443,2554,0.04793429374694824,20.861890764034996,2.990245819091797,16.218000004300848,0.00680002267472446,1,,0,,0,0,16.06380002340302,1,hover,0.016999983927235007,1,,
1787922459.7719953,2555,0.014950990676879883,66.88519989156262,2.992868423461914,0.19229997997172177,0.0047000066842883825,1,,0,,0,0,,0,hover,0.01889999839477241,1,,
1787922459.8282852,2556,0.0562899112701416,17.76517278915022,2.0301342010498047,23.187699989648536,0.0048999791033566,1,5.171099997824058,1,,0,0,17.88879997911863,1,hover,0.017000013031065464,1,,
1787922459.8792489,2557,0.050963640213012695,19.6218322674813,6.771326065063477,0.13069997658021748,0.0041000021155923605,1,,0,,0,0,,0,hover,0.017000013031065464,1,,
1787922459.9214776,2558,0.04222869873046875,23.680578139114726,1.791238784790039,17.756199988070875,0.0046000059228390455,1,,0,,0,0,17.63089999440126,1,hover,0.014200020814314485,1,,
1787922459.940457,2559,0.018979549407958984,52.68828982739994,5.018472671508789,0.15269999857991934,0.004599976819008589,1,,0,,0,0,,0,hover,0.01580000389367342,1,,
1787922459.996134,2560,0.055676937103271484,17.960758116869215,3.8785934448242188,23.7722999881953,0.005400012014433742,1,5.330499989213422,1,,0,0,18.297500006156042,1,hover,0.018799997633323073,1,,
1787922460.0383456,2561,0.04221153259277344,23.690208305092405,1.0340213775634766,0.12859998969361186,0.0046000059228390455,1,,0,,0,0,,0,hover,0.014399993233382702,1,,
1787922460.088752,2562,0.050406455993652344,19.838728597105288,1.0344982147216797,16.544500016607344,0.0047000066842883825,1,,0,,0,0,16.41189999645576,1,hover,0.015500001609325409,1,,
1787922460.1077294,2563,0.01897740364074707,52.69424727062578,2.0241737365722656,0.1456999743822962,0.005400012014433742,1,,0,,0,0,,0,hover,0.017799990018829703,1,,
1787922460.1624906,2564,0.05476117134094238,18.261114134575614,6.101131439208984,20.483699976466596,0.0044000043999403715,1,4.739299998618662,1,,0,0,15.620099991792813,1,hover,0.015400000847876072,1,,
1787922460.2049856,2565,0.042495012283325195,23.532173454445484,0.9961128234863281,0.17919999663718045,0.005700014298781753,1,,0,,0,0,,0,hover,0.020099978428333998,1,,
1787922460.2566683,2566,0.05168271064758301,19.348830343262307,2.031087875366211,16.262999997707084,0.0044000043999403715,1,,0,,0,0,16.067499993368983,1,hover,0.01759998849593103,1,,
1787922460.2745879,2567,0.017919540405273438,55.805002660989885,0.9980201721191406,0.17070001922547817,0.005399982910603285,1,,0,,0,0,,0,hover,0.01680001150816679,1,,
1787922460.3345017,2568,0.05991387367248535,16.690625037306454,11.96908950805664,20.052799984114245,0.0045000051613897085,1,4.563499998766929,1,,0,0,15.356499992776662,1,hover,0.014699995517730713,1,,
1787922460.3764148,2569,0.04191303253173828,23.858927393114747,6.980419158935547,0.38869999116286635,0.005900015821680427,1,,0,,0,0,,0,hover,0.020899984519928694,1,,
1787922460.4263914,2570,0.04997658729553223,20.00936946907932,1.4033317565917969,19.034600001759827,0.0043000036384910345,1,,0,,0,0,18.899699993198738,1,hover,0.015600002370774746,1,,
1787922460.436365,2571,0.009973526000976562,100.26544272327405,2.025604248046875,0.14069999451749027,0.0048000074457377195,1,,0,,0,0,,0,hover,0.013800017768517137,1,,
1787922460.4955049,2572,0.05913996696472168,16.909038867007187,0.9977817535400391,24.20810001785867,0.0042000028770416975,1,5.059899995103478,1,,0,0,18.987300019944087,1,hover,0.016700010746717453,1,,
1787922460.5134869,2573,0.017982006072998047,55.611147940919096,1.9924640655517578,0.2364999963901937,0.005299982149153948,1,,0,,0,0,,0,hover,0.0185999961104244,1,,
1787922460.5915895,2574,0.07810258865356445,12.803672928635534,0.9977817535400391,16.200400015804917,0.0041000021155923605,1,,0,,0,0,16.065700008766726,1,hover,0.014499993994832039,1,,
1787922460.6057363,2575,0.014146804809570312,70.68733989483619,2.5682449340820312,0.15199999324977398,0.0049000082071870565,1,,0,,0,0,,0,hover,0.016200006939470768,1,,
1787922460.6730587,2576,0.0673224925994873,14.853876637473395,14.909744262695312,20.29509999556467,0.004499976057559252,1,4.424999991897494,1,,0,0,15.727899997727945,1,hover,0.015300000086426735,1,,
1787922460.714844,2577,0.041785240173339844,23.931895469588042,8.010625839233398,0.19810002413578331,0.007499998901039362,1,,0,,0,0,,0,hover,0.01960000372491777,1,,
1787922460.7602844,2578,0.0454404354095459,22.006831382384267,7.013797760009766,15.65180000034161,0.0048000074457377195,1,,0,,0,0,15.424400015035644,1,hover,0.01719998545013368,1,,
1787922460.7752469,2579,0.014962434768676758,66.83404241757891,5.98597526550293,0.18130001262761652,0.006599992047995329,1,,0,,0,0,,0,hover,0.018399994587525725,1,,
1787922460.8258212,2580,0.050574302673339844,19.772887556334975,1.7154216766357422,20.316399983130395,0.0044000043999403715,1,4.657200013753027,1,,0,0,15.518399974098429,1,hover,0.014599994756281376,1,,
1787922460.8717725,2581,0.04595136642456055,21.76213849139228,0.9946823120117188,0.24960000882856548,0.005600013537332416,1,,0,,0,0,,0,hover,0.018399994587525725,1,,
1787922460.9257307,2582,0.05395817756652832,18.53287203347517,1.0335445404052734,18.038899987004697,0.0050000089686363935,1,,0,,0,0,17.86959997843951,1,hover,0.01829999382607639,1,,
1787922460.9406939,2583,0.014963150024414062,66.8308476736775,3.022909164428711,0.2046999870799482,0.006500020390376449,1,,0,,0,0,,0,hover,0.021899992134422064,1,,
1787922460.9946709,2584,0.053977012634277344,18.526405060160073,2.5663375854492188,22.806900000432506,0.005299982149153948,1,5.450399999972433,1,,0,0,17.179599992232397,1,hover,0.01850002445280552,1,,
1787922461.0400364,2585,0.04536557197570801,22.043147621625316,3.0472278594970703,0.17270000535063446,0.0050000089686363935,1,,0,,0,0,,0,hover,0.02069998299703002,1,,
1787922461.0894802,2586,0.049443721771240234,20.22501470715877,0.9968280792236328,16.466000000946224,0.0044000043999403715,1,,0,,0,0,16.30519999889657,1,hover,0.01829999382607639,1,,
1787922461.1065109,2587,0.017030715942382812,58.71743756299698,2.017974853515625,0.15239999629557133,0.0047000066842883825,1,,0,,0,0,,0,hover,0.015199999324977398,1,,
1787922461.160087,2588,0.05357623100280762,18.66499343613021,1.02996826171875,21.15899999625981,0.0047000066842883825,1,4.596600017976016,1,,0,0,16.412600001785904,1,hover,0.016600009985268116,1,,
1787922461.2069964,2589,0.046909332275390625,21.31771976904936,1.9927024841308594,0.1846000086516142,0.004999979864805937,1,,0,,0,0,,0,hover,0.017000013031065464,1,,
1787922461.2576225,2590,0.05062603950500488,19.7526808294206,4.023075103759766,16.674499987857416,0.0042000028770416975,1,,0,,0,0,16.5123000042513,1,hover,0.01650000922381878,1,,
1787922461.2737846,2591,0.01616215705871582,61.872929236306774,1.096487045288086,0.15259999781847,0.004999979864805937,1,,0,,0,0,,0,hover,0.014400022337213159,1,,
1787922461.3396833,2592,0.06589865684509277,15.174816117279729,12.969017028808594,21.554999984800816,0.0047000066842883825,1,4.857999971136451,1,,0,0,16.542800003662705,1,hover,0.016200006939470768,1,,
1787922461.3752913,2593,0.03560805320739746,28.08353476039665,2.0034313201904297,0.21160001051612198,0.006199989002197981,1,,0,,0,0,,0,hover,0.01960000372491777,1,,
1787922461.4292786,2594,0.05398726463317871,18.52288695851863,6.947040557861328,17.35239999834448,0.0046000059228390455,1,,0,,0,0,17.19379998394288,1,hover,0.016699981642886996,1,,
1787922461.4379745,2595,0.008695840835571289,114.99750500370136,0.54931640625,0.15350000467151403,0.0047000066842883825,1,,0,,0,0,,0,hover,0.013899989426136017,1,,
1787922461.5063818,2596,0.06840729713439941,14.618323510652758,1.996755599975586,30.890900001395494,0.005400012014433742,1,5.494300014106557,1,,0,0,25.20080000977032,1,hover,0.018799997633323073,1,,
1787922461.5200453,2597,0.013663530349731445,73.18752726447853,8.015871047973633,0.29460000223480165,0.00689999433234334,1,,0,,0,0,,0,hover,0.021499989088624716,1,,
1787922461.5893676,2598,0.06932234764099121,14.42536258550896,2.696990966796875,16.483499988680705,0.0040000013541430235,1,,0,,0,0,16.311399987898767,1,hover,0.01650000922381878,1,,
1787922461.6063416,2599,0.01697397232055664,58.913728685001544,3.0002593994140625,0.20559999393299222,0.0053000112529844046,1,,0,,0,0,,0,hover,0.017399986973032355,1,,
1787922461.6592064,2600,0.052864789962768555,18.916182220799076,1.6224384307861328,21.4921000006143,0.006599992047995329,1,5.268699984299019,1,,0,0,16.000300005543977,1,hover,0.022299995180219412,1,,
1787922461.7075868,2601,0.048380374908447266,20.66953804910261,1.9946098327636719,0.3595000016503036,0.007399998139590025,1,,0,,0,0,,0,hover,0.023100001271814108,1,,
1787922461.7558117,2602,0.04822492599487305,20.736164532555495,0.9965896606445312,17.40750001044944,0.004599976819008589,1,,0,,0,0,17.19530002446845,1,hover,0.01889999839477241,1,,
1787922461.7747657,2603,0.018954038619995117,52.759204518295824,1.0330677032470703,0.20939999376423657,0.005600013537332416,1,,0,,0,0,,0,hover,0.01930000144056976,1,,
1787922461.8337839,2604,0.05901813507080078,16.94394441302416,8.011341094970703,21.24939998611808,0.0049000082071870565,1,4.85369999660179,1,,0,0,16.19389999541454,1,hover,0.017200014553964138,1,,
1787922461.8750098,2605,0.04122591018676758,24.256589981146696,0.9984970092773438,0.29749999521300197,0.010299991117790341,1,,0,,0,0,,0,hover,0.02680000034160912,1,,
1787922461.937509,2606,0.062499284744262695,16.00018310756425,13.552188873291016,16.99240002199076,0.006099988240748644,1,,0,,0,0,16.745800006901845,1,hover,0.019099999917671084,1,,
1787922461.94652,2607,0.009011030197143555,110.97510252678926,6.019115447998047,0.21229998674243689,0.0051000097300857306,1,,0,,0,0,,0,hover,0.016499980119988322,1,,
1787922462.004447,2608,0.05792689323425293,17.263138831838592,11.575460433959961,22.90860001812689,0.0050000089686363935,1,5.560699995839968,1,,0,0,17.144100012956187,1,hover,0.0185999961104244,1,,
1787922462.0432553,2609,0.038808345794677734,25.7676533107253,4.991054534912109,0.1818999880924821,0.0051000097300857306,1,,0,,0,0,,0,hover,0.016300007700920105,1,,
1787922462.0916133,2610,0.04835796356201172,20.679117281637645,2.9914379119873047,17.903300002217293,0.0048999791033566,1,,0,,0,0,17.701300006592646,1,hover,0.020100007532164454,1,,
1787922462.107152,2611,0.015538692474365234,64.35547917881364,2.5768280029296875,0.18489998183213174,0.0046000059228390455,1,,0,,0,0,,0,hover,0.01829999382607639,1,,
1787922462.1611319,2612,0.05397987365722656,18.52542312992474,1.962423324584961,22.645299992291257,0.005499983672052622,1,5.672399973263964,1,,0,0,16.748599999118596,1,hover,0.019400002202019095,1,,
1787922462.2069287,2613,0.045796871185302734,21.835552825297004,1.995086669921875,0.3614999877754599,0.005500012775883079,1,,0,,0,0,,0,hover,0.02169999061152339,1,,
1787922462.2616944,2614,0.05476570129394531,18.259603663845645,6.221294403076172,16.156400000909343,0.0042000028770416975,1,,0,,0,0,15.939800010528415,1,hover,0.017999991541728377,1,,
1787922462.2726977,2615,0.011003255844116211,90.88219106844922,1.031637191772461,0.21460000425577164,0.0048999791033566,1,,0,,0,0,,0,hover,0.016200006939470768,1,,
1787922462.3282413,2616,0.05554366111755371,18.003854623186974,1.9931793212890625,20.922800002153963,0.0043000036384910345,1,4.6135000011418015,1,,0,0,16.138400009367615,1,hover,0.01580000389367342,1,,
1787922462.3845901,2617,0.05634880065917969,17.746606641167112,12.972354888916016,0.19880000036209822,0.0046000059228390455,1,,0,,0,0,,0,hover,0.017700018361210823,1,,
1787922462.433014,2618,0.04842376708984375,20.65101622813928,9.974002838134766,17.05200001015328,0.0043000036384910345,1,,0,,0,0,16.869799990672618,1,hover,0.01580000389367342,1,,
1787922462.446551,2619,0.013537168502807617,73.87069162894733,8.55112075805664,0.1832999987527728,0.0050000089686363935,1,,0,,0,0,,0,hover,0.015300000086426735,1,,
1787922462.500883,2620,0.05433201789855957,18.405353577462318,4.751443862915039,22.71429999382235,0.0049000082071870565,1,5.008199979783967,1,,0,0,17.510800011223182,1,hover,0.021499989088624716,1,,
1787922462.513974,2621,0.013090848922729492,76.38923998761543,1.7178058624267578,0.17939999816007912,0.0051000097300857306,1,,0,,0,0,,0,hover,0.015600002370774746,1,,
1787922462.5923727,2622,0.0783987045288086,12.755312807911736,1.0190010070800781,16.664800001308322,0.004199973773211241,1,,0,,0,0,16.473399999085814,1,hover,0.016300007700920105,1,,
1787922462.6043434,2623,0.011970758438110352,83.53689577565775,1.0304450988769531,0.19920000340789557,0.0046000059228390455,1,,0,,0,0,,0,hover,0.016399979358538985,1,,
1787922462.6689193,2624,0.0645759105682373,15.485650782164363,10.477781295776367,20.931399980327114,0.0048000074457377195,1,4.726799990748987,1,,0,0,15.996400004951283,1,hover,0.018499995348975062,1,,
1787922462.7118015,2625,0.04288220405578613,23.31969687703282,9.000778198242188,0.2534999803174287,0.007099995855242014,1,,0,,0,0,,0,hover,0.03200001083314419,1,,
1787922462.7546427,2626,0.042841196060180664,23.342018710104682,1.9946098327636719,16.317999979946762,0.0040000013541430235,1,,0,,0,0,16.130699979839846,1,hover,0.01729998621158302,1,,
1787922462.771606,2627,0.01696324348449707,58.95099017554709,1.9936561584472656,0.26030000299215317,0.0045000051613897085,1,,0,,0,0,,0,hover,0.052799994591623545,1,,
1787922462.824386,2628,0.0527799129486084,18.94660191981931,0.9970664978027344,21.325899986550212,0.0048000074457377195,1,4.9878999998327345,1,,0,0,16.139499988639727,1,hover,0.018999999156221747,1,,
1787922462.8813946,2629,0.05700874328613281,17.541168991936832,13.962984085083008,0.19449999672360718,0.005199981387704611,1,,0,,0,0,,0,hover,0.018000020645558834,1,,
1787922462.9288034,2630,0.0474088191986084,21.093121847450554,9.972572326660156,16.975400008959696,0.003999972250312567,1,,0,,0,0,16.80890002171509,1,hover,0.01470002462156117,1,,
1787922462.9377804,2631,0.008976936340332031,111.39657919898013,3.9887428283691406,0.2066000015474856,0.0051000097300857306,1,,0,,0,0,,0,hover,0.013399985618889332,1,,
1787922462.9959242,2632,0.05814385414123535,17.198722285779894,2.991914749145508,21.555499988608062,0.0042000028770416975,1,4.842299997108057,1,,0,0,16.52589999139309,1,hover,0.016299978597089648,1,,
1787922463.0517015,2633,0.05577731132507324,17.928436782690095,12.964963912963867,0.23510001483373344,0.005799985956400633,1,,0,,0,0,,0,hover,0.01819999306462705,1,,
1787922463.0968287,2634,0.045127153396606445,22.159607347960925,12.011051177978516,16.02209999691695,0.0040000013541430235,1,,0,,0,0,15.856999991228804,1,hover,0.014800025383010507,1,,
1787922463.1114025,2635,0.014573812484741211,68.6162252359841,8.588552474975586,0.1942999952007085,0.0042000028770416975,1,,0,,0,0,,0,hover,0.014999997802078724,1,,
1787922463.1636353,2636,0.05223274230957031,19.14507942304181,6.017208099365234,20.877600007224828,0.0048000074457377195,1,4.628399998182431,1,,0,0,16.065700008766726,1,hover,0.015500001609325409,1,,
1787922463.2089412,2637,0.04530596733093262,22.072147642177164,1.9927024841308594,0.1984999980777502,0.0047000066842883825,1,,0,,0,0,,0,hover,0.017999991541728377,1,,
1787922463.2543666,2638,0.0454254150390625,22.014108162579777,0.5075931549072266,16.744499997003004,0.0042000028770416975,1,,0,,0,0,16.5837999957148,1,hover,0.015300000086426735,1,,
1787922463.2829936,2639,0.02862691879272461,34.93215624219206,11.992931365966797,0.2114999806508422,0.0050000089686363935,1,,0,,0,0,,0,hover,0.01789999078027904,1,,
1787922463.3276558,2640,0.0446622371673584,22.39028009843749,1.6198158264160156,20.652399980463088,0.006799993570894003,1,4.597999999532476,1,,0,0,15.889100002823398,1,hover,0.016200006939470768,1,,
1787922463.3748338,2641,0.047178030014038086,21.196306833974297,5.982875823974609,0.19759999122470617,0.0047000066842883825,1,,0,,0,0,,0,hover,0.016000005416572094,1,,
1787922463.4214628,2642,0.04662895202636719,21.44590338282816,2.9916763305664062,16.184299980523065,0.0046000059228390455,1,,0,,0,0,15.969900006894022,1,hover,0.018399994587525725,1,,
1787922463.4375505,2643,0.016087770462036133,62.15901714658328,0.6239414215087891,0.20290000247769058,0.0046000059228390455,1,,0,,0,0,,0,hover,0.015499972505494952,1,,
1787922463.4970295,2644,0.0594789981842041,16.812657081127014,1.9953250885009766,22.713499987730756,0.006299989763647318,1,4.758099996251985,1,,0,0,17.684699996607378,1,hover,0.02190002123825252,1,,
1787922463.5135324,2645,0.016502857208251953,60.595567626917855,2.1843910217285156,0.2570999786257744,0.006400019628927112,1,,0,,0,0,,0,hover,0.01969997538253665,1,,
1787922463.5876071,2646,0.07407474517822266,13.499877692377016,1.6825199127197266,17.738399998052046,0.0041000021155923605,1,,0,,0,0,17.560799984494224,1,hover,0.01650000922381878,1,,
1787922463.6055944,2647,0.01798725128173828,55.594931339801704,2.0263195037841797,0.20950002362951636,0.006099988240748644,1,,0,,0,0,,0,hover,0.020000006770715117,1,,
1787922463.6613786,2648,0.05578422546386719,17.92621465449448,2.025127410888672,22.14089999324642,0.004999979864805937,1,4.5458000095095485,1,,0,0,17.403199977707118,1,hover,0.01750001683831215,1,,
1787922463.7032697,2649,0.04189109802246094,23.871420115649045,1.9941329956054688,0.20909999147988856,0.0048999791033566,1,,0,,0,0,,0,hover,0.017400016076862812,1,,
1787922463.7636445,2650,0.06037473678588867,16.563219207834774,9.969949722290039,17.781699978513643,0.0047000066842883825,1,,0,,0,0,17.595099983736873,1,hover,0.017099984688684344,1,,
1787922463.7732646,2651,0.009620189666748047,103.94805452292441,3.9892196655273438,0.2069000038318336,0.004699977580457926,1,,0,,0,0,,0,hover,0.021000014385208488,1,,
1787922463.8296654,2652,0.05640077590942383,17.73025253421936,6.981372833251953,21.299199986970052,0.004199973773211241,1,5.019899981562048,1,,0,0,16.076200001407415,1,hover,0.017300015315413475,1,,
1787922463.8715847,2653,0.04191923141479492,23.85539921056523,3.9894580841064453,0.29399999766610563,0.00589998671784997,1,,0,,0,0,,0,hover,0.018000020645558834,1,,
1787922463.91837,2654,0.04678535461425781,21.374210118635084,2.9926300048828125,16.686600021785125,0.005999987479299307,1,,0,,0,0,16.483800020068884,1,hover,0.01650000922381878,1,,
1787922463.9383173,2655,0.019947290420532227,50.132122153827765,1.995086669921875,0.19950000569224358,0.0048000074457377195,1,,0,,0,0,,0,hover,0.018000020645558834,1,,
1787922464.0000794,2656,0.061762094497680664,16.191160745650436,10.30278205871582,21.59729998675175,0.005199981387704611,1,5.279300006804988,1,,0,0,16.13779997569509,1,hover,0.017300015315413475,1,,
1787922464.0407557,2657,0.04067635536193848,24.58430680679214,2.9914379119873047,0.22230000467970967,0.007399998139590025,1,,0,,0,0,,0,hover,0.017699989257380366,1,,
1787922464.0872467,2658,0.04649090766906738,21.509582198700492,1.8029212951660156,16.74350001849234,0.0051000097300857306,1,,0,,0,0,16.55110000865534,1,hover,0.016299978597089648,1,,
1787922464.119157,2659,0.03191041946411133,31.337726573123533,14.959335327148438,0.1942999952007085,0.0048000074457377195,1,,0,,0,0,,0,hover,0.016399979358538985,1,,
1787922464.1713598,2660,0.052202701568603516,19.156096714378364,14.748811721801758,22.32190000358969,0.006000016583129764,1,4.973000002792105,1,,0,0,17.119199997978285,1,hover,0.021199986804276705,1,,
1787922464.211682,2661,0.040322303771972656,24.80017028925522,10.970830917358398,0.25549999554641545,0.005600013537332416,1,,0,,0,0,,0,hover,0.021199986804276705,1,,
1787922464.2584996,2662,0.04681754112243652,21.35951560089017,6.2255859375,16.099800006486475,0.0039000005926936865,1,,0,,0,0,15.922999999020249,1,hover,0.014999997802078724,1,,
1787922464.2731462,2663,0.014646530151367188,68.27555671311369,0.9984970092773438,0.20640000002458692,0.006700021913275123,1,,0,,0,0,,0,hover,0.020499981474131346,1,,
1787922464.3403013,2664,0.06715512275695801,14.890896761801974,14.561653137207031,20.6700999988243,0.0045000051613897085,1,4.788199992617592,1,,0,0,15.711699990788475,1,hover,0.014599994756281376,1,,
1787922464.3814776,2665,0.04117631912231445,24.285803620024783,11.319875717163086,0.2212999970652163,0.005499983672052622,1,,0,,0,0,,0,hover,0.018400023691356182,1,,
1787922464.4227736,2666,0.04129600524902344,24.215417301741258,1.0306835174560547,17.61190002434887,0.0041000021155923605,1,,0,,0,0,17.44740002322942,1,hover,0.016300007700920105,1,,
1787922464.4436378,2667,0.020864248275756836,47.928877512541284,7.014274597167969,0.24200000916607678,0.008799979696050286,1,,0,,0,0,,0,hover,0.019700004486367106,1,,
1787922464.4957986,2668,0.05216073989868164,19.171507189936833,1.0306835174560547,23.934199998620898,0.0052000104915350676,1,5.145699979038909,1,,0,0,18.43250001547858,1,hover,0.0219999928958714,1,,
1787922464.5132663,2669,0.017467737197875977,57.24839964512387,1.001119613647461,0.3155000158585608,0.008399976650252938,1,,0,,0,0,,0,hover,0.023500004317611456,1,,
1787922464.586556,2670,0.07328963279724121,13.644494614491263,2.5336742401123047,18.888400023570284,0.005400012014433742,1,,0,,0,0,18.68170002126135,1,hover,0.019599974621087313,1,,
1787922464.605538,2671,0.01898193359375,52.68167202572347,0.9973049163818359,0.19660001271404326,0.005199981387704611,1,,0,,0,0,,0,hover,0.017400016076862812,1,,
1787922464.668067,2672,0.06252908706665039,15.992557174776753,10.481595993041992,22.198100021341816,0.005400012014433742,1,5.136599997058511,1,,0,0,16.860200004884973,1,hover,0.018399994587525725,1,,
1787922464.7026007,2673,0.03453373908996582,28.957188718975456,0.6356239318847656,0.19630001042969525,0.005199981387704611,1,,0,,0,0,,0,hover,0.01580000389367342,1,,
1787922464.7557464,2674,0.053145647048950195,18.816216482959415,2.9904842376708984,18.211399990832433,0.0047000066842883825,1,,0,,0,0,18.021099996985868,1,hover,0.017900019884109497,1,,
1787922464.7726052,2675,0.016858816146850586,59.316146002743565,2.996206283569336,0.33080001594498754,0.005199981387704611,1,,0,,0,0,,0,hover,0.016300007700920105,1,,
1787922464.8259294,2676,0.053324222564697266,18.753203551851488,1.9943714141845703,22.581500001251698,0.0052000104915350676,1,5.02120002056472,1,,0,0,17.34079999732785,1,hover,0.0185999961104244,1,,
1787922464.8745065,2677,0.048577070236206055,20.585844208749087,1.9979476928710938,0.3037999849766493,0.00890000956133008,1,,0,,0,0,,0,hover,0.03239998477511108,1,,
1787922464.9251294,2678,0.05062294006347656,19.75389020760333,2.9909610748291016,18.57780001591891,0.004699977580457926,1,,0,,0,0,18.39140002266504,1,hover,0.016600009985268116,1,,
1787922464.9370987,2679,0.011969327926635742,83.5468796685457,1.995086669921875,0.1875000016298145,0.0049000082071870565,1,,0,,0,0,,0,hover,0.016700010746717453,1,,
1787922464.997724,2680,0.060625314712524414,16.49475973430968,1.9938945770263672,26.01540001342073,0.0047000066842883825,1,5.464599991682917,1,,0,0,20.373900013510138,1,hover,0.016799982404336333,1,,
1787922465.0398579,2681,0.04213380813598633,23.73390975656681,2.0301342010498047,0.20680000307038426,0.004299974534660578,1,,0,,0,0,,0,hover,0.01810002140700817,1,,
1787922465.0894542,2682,0.049596309661865234,20.16279047408447,0.9992122650146484,18.441199994413182,0.005600013537332416,1,,0,,0,0,18.18360001198016,1,hover,0.0185999961104244,1,,
1787922465.1060169,2683,0.016562700271606445,60.37662842418921,2.027273178100586,0.2179000002797693,0.0048999791033566,1,,0,,0,0,,0,hover,0.018999999156221747,1,,
1787922465.1608055,2684,0.05478858947753906,18.251975630983463,2.277851104736328,23.80619998439215,0.0046000059228390455,1,5.369899998186156,1,,0,0,18.242599995573983,1,hover,0.01889999839477241,1,,
1787922465.2048535,2685,0.04404807090759277,22.70246981071821,1.0685920715332031,0.3842000151053071,0.007800001185387373,1,,0,,0,0,,0,hover,0.02549999044276774,1,,
1787922465.2524035,2686,0.04754996299743652,21.030510582183023,1.0304450988769531,16.63379999808967,0.004799978341907263,1,,0,,0,0,16.431900003226474,1,hover,0.018200022168457508,1,,
1787922465.271349,2687,0.01894545555114746,52.78310660307313,1.9943714141845703,0.20739997853524983,0.0051000097300857306,1,,0,,0,0,,0,hover,0.016700010746717453,1,,
1787922465.3311465,2688,0.05979752540588379,16.723100048243882,11.654853820800781,21.116299991263077,0.0048000074457377195,1,5.013999994844198,1,,0,0,15.90960001340136,1,hover,0.01680001150816679,1,,
1787922465.3721843,2689,0.041037797927856445,24.3677792302106,0.9961128234863281,0.19069999689236283,0.0047000066842883825,1,,0,,0,0,,0,hover,0.014699995517730713,1,,
1787922465.421324,2690,0.04913973808288574,20.35012881658556,0.9970664978027344,17.723500001011416,0.0048000074457377195,1,,0,,0,0,17.535099992528558,1,hover,0.01729998621158302,1,,
1787922465.4393153,2691,0.017991304397583008,55.58240680616478,2.1626949310302734,0.19069999689236283,0.008599978173151612,1,,0,,0,0,,0,hover,0.016900012269616127,1,,
1787922465.4955072,2692,0.05619192123413086,17.79615250799793,1.0335445404052734,24.847099994076416,0.005399982910603285,1,5.349699989892542,1,,0,0,19.275200000265613,1,hover,0.019700004486367106,1,,
1787922465.514769,2693,0.019261837005615234,51.91612823369229,2.808094024658203,0.2182000025641173,0.0050000089686363935,1,,0,,0,0,,0,hover,0.021199986804276705,1,,
1787922465.5912757,2694,0.0765066146850586,13.070765241888237,6.554603576660156,15.972399996826425,0.005299982149153948,1,,0,,0,0,15.751600003568456,1,hover,0.019500002963468432,1,,
1787922465.600214,2695,0.008938312530517578,111.87794078420912,0.9975433349609375,0.1781000173650682,0.0050000089686363935,1,,0,,0,0,,0,hover,0.014699995517730713,1,,
1787922465.6647186,2696,0.06450462341308594,15.502764718057897,2.2253990173339844,21.546200005104765,0.0044000043999403715,1,4.799300018930808,1,,0,0,16.563099983613938,1,hover,0.01479999627918005,1,,
1787922465.7155817,2697,0.050863027572631836,19.66064640119999,11.967658996582031,0.19660001271404326,0.0046000059228390455,1,,0,,0,0,,0,hover,0.016699981642886996,1,,
1787922465.7609723,2698,0.04539060592651367,22.03099032471557,3.9892196655273438,16.113299992866814,0.0044000043999403715,1,,0,,0,0,15.9228999982588,1,hover,0.01680001150816679,1,,
1787922465.775932,2699,0.01495981216430664,66.84575909221304,8.975744247436523,0.2128999913111329,0.0053000112529844046,1,,0,,0,0,,0,hover,0.01920000067912042,1,,
1787922465.8282268,2700,0.05229473114013672,19.122385337831677,6.144046783447266,21.223099989583716,0.005600013537332416,1,4.9940999888349324,1,,0,0,15.978799987351522,1,hover,0.020400009816512465,1,,
1787922465.8690305,2701,0.04080367088317871,24.507598908515103,0.5452632904052734,0.17980000120587647,0.0050000089686363935,1,,0,,0,0,,0,hover,0.015300000086426735,1,,
1787922465.931365,2702,0.062334537506103516,16.042470835723847,11.999845504760742,16.627800010610372,0.0041000021155923605,1,,0,,0,0,16.45739999366924,1,hover,0.01580000389367342,1,,
1787922465.9405658,2703,0.009200811386108398,108.68606669948952,5.182981491088867,0.17340001068077981,0.0045000051613897085,1,,0,,0,0,,0,hover,0.015900004655122757,1,,
1787922465.9970949,2704,0.05652904510498047,17.69002108814846,6.981134414672852,21.239599998807535,0.0044000043999403715,1,4.741899989312515,1,,0,0,16.30039999145083,1,hover,0.01719998545013368,1,,
1787922466.036195,2705,0.03910017013549805,25.575336284588836,0.9973049163818359,0.3178000042680651,0.005500012775883079,1,,0,,0,0,,0,hover,0.03399999695830047,1,,
1787922466.0844529,2706,0.04825782775878906,20.72202679735979,0.5166530609130859,16.052400023909286,0.0042000028770416975,1,,0,,0,0,15.863000007811934,1,hover,0.016200006939470768,1,,
1787922466.1078978,2707,0.02344489097595215,42.653216047185644,2.991199493408203,0.20039998344145715,0.0050000089686363935,1,,0,,0,0,,0,hover,0.01829999382607639,1,,
1787922466.1681387,2708,0.060240983963012695,16.599994459154072,9.070158004760742,22.392399987438694,0.004999979864805937,1,5.040999996708706,1,,0,0,17.156499990960583,1,hover,0.01750001683831215,1,,
1787922466.2067301,2709,0.03859138488769531,25.91251915188059,2.029895782470703,0.2099999983329326,0.006299989763647318,1,,0,,0,0,,0,hover,0.018399994587525725,1,,
1787922466.257364,2710,0.050633907318115234,19.749611534368615,2.987384796142578,17.362300015520304,0.0043000036384910345,1,,0,,0,0,17.027200025040656,1,hover,0.015900004655122757,1,,
1787922466.2727816,2711,0.01541757583618164,64.86103980453407,1.0266304016113281,0.1914000022225082,0.0049000082071870565,1,,0,,0,0,,0,hover,0.01580000389367342,1,,
1787922466.3372304,2712,0.06444883346557617,15.51618464179226,8.493900299072266,20.556899980874732,0.0044000043999403715,1,4.740599979413673,1,,0,0,15.632599999662489,1,hover,0.01750001683831215,1,,
1787922466.3788803,2713,0.041649818420410156,24.009708515558813,8.738040924072266,0.1723000023048371,0.0047000066842883825,1,,0,,0,0,,0,hover,0.015199999324977398,1,,
1787922466.4268553,2714,0.04797506332397461,20.844162169146514,4.984855651855469,16.50640001753345,0.0042000028770416975,1,,0,,0,0,16.32110000355169,1,hover,0.01619997783564031,1,,
1787922466.4410145,2715,0.014159202575683594,70.6254462180912,3.989696502685547,0.19640001119114459,0.0046000059228390455,1,,0,,0,0,,0,hover,0.018399994587525725,1,,
1787922466.494965,2716,0.05395054817199707,18.535492851934507,2.994060516357422,22.5468999997247,0.0042000028770416975,1,5.252800008747727,1,,0,0,17.058500001439825,1,hover,0.018499995348975062,1,,
1787922466.5148337,2717,0.01986861228942871,50.33064138717226,0.9973049163818359,0.3429999924264848,0.005399982910603285,1,,0,,0,0,,0,hover,0.018499995348975062,1,,
1787922466.5849717,2718,0.07013797760009766,14.257610986470867,1.9946098327636719,16.37169998139143,0.0043000036384910345,1,,0,,0,0,16.194800002267584,1,hover,0.015300000086426735,1,,
1787922466.6019747,2719,0.01700305938720703,58.81294520163778,1.9938945770263672,0.2443999983370304,0.006799993570894003,1,,0,,0,0,,0,hover,0.019099999917671084,1,,
1787922466.6615288,2720,0.059554100036621094,16.791455153970567,3.8983821868896484,20.855700015090406,0.005199981387704611,1,4.911700001684949,1,,0,0,15.749000012874603,1,hover,0.01780001912266016,1,,
1787922466.7186291,2721,0.05710029602050781,17.513044059190968,12.828350067138672,0.20249999943189323,0.0052000104915350676,1,,0,,0,0,,0,hover,0.017099984688684344,1,,
1787922466.7550423,2722,0.03641319274902344,27.462573987742914,1.9927024841308594,16.986200003884733,0.0046000059228390455,1,,0,,0,0,16.79560000775382,1,hover,0.016299978597089648,1,,
1787922466.7802944,2723,0.025252103805541992,39.60066090733135,12.625694274902344,0.2778000198304653,0.0048000074457377195,1,,0,,0,0,,0,hover,0.01789999078027904,1,,
1787922466.8326068,2724,0.052312374114990234,19.115936084297264,5.984067916870117,21.171400003368035,0.0046000059228390455,1,4.65970000368543,1,,0,0,16.347700002370402,1,hover,0.016000005416572094,1,,
1787922466.8703125,2725,0.03770565986633301,26.52121733302139,0.8995532989501953,0.1970999874174595,0.005499983672052622,1,,0,,0,0,,0,hover,0.017000013031065464,1,,
1787922466.9216092,2726,0.05129671096801758,19.49442724745996,1.7466545104980469,17.56429998204112,0.0046000059228390455,1,,0,,0,0,17.379999975673854,1,hover,0.017200014553964138,1,,
1787922466.951106,2727,0.02949690818786621,33.901858243277104,12.001514434814453,0.18689999706111848,0.0051000097300857306,1,,0,,0,0,,0,hover,0.017399986973032355,1,,
1787922467.0027392,2728,0.05163311958312988,19.36741394038741,10.998010635375977,21.268900018185377,0.0043000036384910345,1,5.044999998062849,1,,0,0,16.041100025177002,1,hover,0.017099984688684344,1,,
1787922467.0356853,2729,0.032946109771728516,30.352597224031378,0.9977817535400391,0.25889999233186245,0.0050000089686363935,1,,0,,0,0,,0,hover,0.017499987734481692,1,,
1787922467.0914788,2730,0.05579352378845215,17.923227143559174,6.518840789794922,16.187200002605096,0.0044000043999403715,1,,0,,0,0,16.01179997669533,1,hover,0.016400008462369442,1,,
1787922467.1061032,2731,0.014624357223510742,68.37907367254113,2.0296573638916016,0.19120000069960952,0.005499983672052622,1,,0,,0,0,,0,hover,0.01680001150816679,1,,
1787922467.1656706,2732,0.05956745147705078,16.787691519508172,1.989603042602539,23.77110000816174,0.0046000059228390455,1,5.053200002294034,1,,0,0,18.508999986806884,1,hover,0.016000005416572094,1,,
1787922467.2055228,2733,0.039852142333984375,25.092753900641334,1.9943714141845703,0.19729998894035816,0.0049000082071870565,1,,0,,0,0,,0,hover,0.017699989257380366,1,,
1787922467.2617302,2734,0.05620741844177246,17.79124584837392,10.515451431274414,16.875100001925603,0.0046000059228390455,1,,0,,0,0,16.68420000351034,1,hover,0.01580000389367342,1,,
1787922467.2703025,2735,0.00857234001159668,116.6542622722848,3.6194324493408203,0.1655000087339431,0.004699977580457926,1,,0,,0,0,,0,hover,0.014600023860111833,1,,
1787922467.3265088,2736,0.05620622634887695,17.791623187668083,2.0308494567871094,21.787800011225045,0.0041000021155923605,1,4.705599974840879,1,,0,0,16.91560001927428,1,hover,0.015400000847876072,1,,
1787922467.3725605,2737,0.046051740646362305,21.714705806217804,0.9982585906982422,0.19550000433810055,0.0048000074457377195,1,,0,,0,0,,0,hover,0.016600009985268116,1,,
1787922467.4305418,2738,0.057981252670288086,17.246954040239977,11.968135833740234,17.08269998198375,0.0042000028770416975,1,,0,,0,0,16.90669998060912,1,hover,0.016000005416572094,1,,
1787922467.4402914,2739,0.009749650955200195,102.5677744357225,4.782915115356445,0.1770000089891255,0.0044000043999403715,1,,0,,0,0,,0,hover,0.014499993994832039,1,,
1787922467.4981627,2740,0.057871341705322266,17.279709965805626,7.012128829956055,22.374399995896965,0.0052000104915350676,1,5.6127999851014465,1,,0,0,16.482000006362796,1,hover,0.01889999839477241,1,,
1787922467.522818,2741,0.02465534210205078,40.559161412602016,3.3805370330810547,0.2759999770205468,0.0053000112529844046,1,,0,,0,0,,0,hover,0.01930000144056976,1,,
1787922467.5899594,2742,0.06714129447937012,14.893963659090021,1.7023086547851562,16.31849998375401,0.0048000074457377195,1,,0,,0,0,16.1241999885533,1,hover,0.017799990018829703,1,,
1787922467.6015396,2743,0.011580228805541992,86.35407959481995,1.6100406646728516,0.23189999046735466,0.0053000112529844046,1,,0,,0,0,,0,hover,0.0185999961104244,1,,
1787922467.6666217,2744,0.06508207321166992,15.365214269490867,5.368471145629883,20.343100011814386,0.0044000043999403715,1,4.494599997997284,1,,0,0,15.680700016673654,1,hover,0.015999976312741637,1,,
1787922467.708562,2745,0.04194021224975586,23.8434654084475,7.011890411376953,0.2707999956328422,0.006200018106028438,1,,0,,0,0,,0,hover,0.019700004486367106,1,,
1787922467.7544513,2746,0.04588937759399414,21.791535480116796,3.337383270263672,15.980900003341958,0.0037999998312443495,1,,0,,0,0,15.814900019904599,1,hover,0.014699995517730713,1,,
1787922467.7684147,2747,0.013963460922241211,71.61548312189458,0.9989738464355469,0.18190001719631255,0.0046000059228390455,1,,0,,0,0,,0,hover,0.014199991710484028,1,,
1787922467.8237784,2748,0.05536365509033203,18.06239126315608,1.0292530059814453,20.679099980043247,0.0043000036384910345,1,4.50260000070557,1,,0,0,16.00439997855574,1,hover,0.015300000086426735,1,,
1787922467.8347573,2749,0.010978937149047852,91.08349801298617,2.0265579223632812,0.1723000023048371,0.0052000104915350676,1,,0,,0,0,,0,hover,0.015400000847876072,1,,
1787922467.9245145,2750,0.08975720405578613,11.141167001798289,7.389307022094727,16.531200002646074,0.0045000051613897085,1,,0,,0,0,16.35980000719428,1,hover,0.01610000617802143,1,,
1787922467.9399889,2751,0.015474319458007812,64.62319733760631,2.0418167114257812,0.18909998470917344,0.0053000112529844046,1,,0,,0,0,,0,hover,0.016399979358538985,1,,
1787922467.9971688,2752,0.057179927825927734,17.488654463578367,4.020929336547852,25.458799995249137,0.0051000097300857306,1,5.894700007047504,1,,0,0,19.372999988263473,1,hover,0.018099992303177714,1,,
1787922468.0071409,2753,0.009972095489501953,100.2798259455841,4.986286163330078,0.19030002295039594,0.0044000043999403715,1,,0,,0,0,,0,hover,0.015500001609325409,1,,
1787922468.0873332,2754,0.08019232749938965,12.470020900785192,1.0325908660888672,17.21489999908954,0.0048999791033566,1,,0,,0,0,17.02939998358488,1,search_360,0.019700004486367106,1,,
1787922468.1022935,2755,0.014960289001464844,66.8436284821827,1.9953250885009766,0.1804000057745725,0.005399982910603285,1,,0,,0,0,,0,search_360,0.013900018529966474,1,,
1787922468.161397,2756,0.05910348892211914,16.919474945340422,2.0253658294677734,23.873700003605336,0.0052000104915350676,1,5.497999984072521,1,,0,0,18.192100018495694,1,search_360,0.015199999324977398,1,,
1787922468.1709847,2757,0.009587764739990234,104.29959715521957,0.99945068359375,0.19459999748505652,0.005399982910603285,1,,0,,0,0,,0,search_360,0.012800010154023767,1,,
1787922468.2519853,2758,0.08100056648254395,12.345592672064896,1.8911361694335938,16.25610000337474,0.0040000013541430235,1,,0,,0,0,16.098399995826185,1,search_360,0.011900003300979733,1,,
1787922468.2800872,2759,0.02810192108154297,35.58475582855397,11.006355285644531,0.20989999757148325,0.005199981387704611,1,,0,,0,0,,0,search_360,0.016200006939470768,1,,
1787922468.33153,2760,0.051442861557006836,19.43904304179972,8.795976638793945,21.165400015888736,0.0048000074457377195,1,4.663100000470877,1,,0,0,16.327599994838238,1,search_360,0.012399978004395962,1,,
1787922468.340507,2761,0.008976936340332031,111.39657919898013,5.0182342529296875,0.16099997446872294,0.0039000005926936865,1,,0,,0,0,,0,search_360,0.010200019460171461,1,,
1787922468.4213724,2762,0.08086538314819336,12.366230902132829,1.0325908660888672,16.88740000827238,0.004599976819008589,1,,0,,0,0,16.698299994459376,1,search_360,0.01470002462156117,1,,
1787922468.4502757,2763,0.02890324592590332,34.59819020201437,10.977029800415039,0.23790000705048442,0.005600013537332416,1,,0,,0,0,,0,search_360,0.015900004655122757,1,,
1787922468.505603,2765,0.055327415466308594,18.074222183917954,3.8080215454101562,24.951300001703203,0.006199989002197981,1,5.475500016473234,1,,0,0,19.13649999187328,1,search_360,0.02020000829361379,1,,
1787922468.5725935,2766,0.06699037551879883,14.927517456882745,7.01141357421875,0.17749998369254172,0.0051000097300857306,1,,0,,0,0,,0,search_360,0.014299992471933365,1,,
1787922468.620478,2767,0.047884464263916016,20.883600043815537,3.8928985595703125,16.344400006346405,0.005399982910603285,1,,0,,0,0,16.151299991179258,1,search_360,0.013400014722719789,1,,
1787922468.6384296,2768,0.01795172691345215,55.70494720764991,1.962423324584961,0.3974999999627471,0.006699992809444666,1,,0,,0,0,,0,search_360,0.01500002690590918,1,,
1787922468.6952,2769,0.05677032470703125,17.61483671549523,2.4483203887939453,22.569799999473616,0.005400012014433742,1,5.233400006545708,1,,0,0,17.138800001703203,1,search_360,0.014199991710484028,1,,
1787922468.7438464,2770,0.04864645004272461,20.556484576402436,6.4411163330078125,0.1894999877549708,0.005700014298781753,1,,0,,0,0,,0,search_360,0.013399985618889332,1,,
1787922468.7847044,2771,0.04085803031921387,24.47499285176605,1.0285377502441406,17.638899997109547,0.0044000043999403715,1,,0,,0,0,17.45630000368692,1,search_360,0.013999990187585354,1,,
1787922468.8057492,2772,0.02104473114013672,47.51783205691757,4.812002182006836,0.17750001279637218,0.0050000089686363935,1,,0,,0,0,,0,search_360,0.012199976481497288,1,,
1787922468.8614843,2773,0.055735111236572266,17.942011378705566,1.032114028930664,23.28359999228269,0.0049000082071870565,1,5.041199998231605,1,,0,0,18.079500005114824,1,search_360,0.012899981811642647,1,,
1787922468.9046404,2774,0.04315614700317383,23.171670073476605,2.0303726196289062,0.20400001085363328,0.005299982149153948,1,,0,,0,0,,0,search_360,0.015400000847876072,1,,
1787922468.9556367,2775,0.05099630355834961,19.60926440199351,2.3581981658935547,17.781600006856024,0.0052000104915350676,1,,0,,0,0,17.578500002855435,1,search_360,0.013699987903237343,1,,
1787922468.9706292,2776,0.014992475509643555,66.70012563013852,2.0263195037841797,0.27570000384002924,0.006000016583129764,1,,0,,0,0,,0,search_360,0.014399993233382702,1,,
1787922469.0288985,2777,0.05826926231384277,17.161706880961052,3.267526626586914,24.419299996225163,0.0050000089686363935,1,5.808899994008243,1,,0,0,18.413699988741428,1,search_360,0.014699995517730713,1,,
1787922469.071054,2778,0.04215550422668457,23.72169467177187,1.0128021240234375,0.1799000019673258,0.005799985956400633,1,,0,,0,0,,0,search_360,0.01300001167692244,1,,
1787922469.127685,2779,0.05663108825683594,17.65814556599643,0.0,18.291100015630946,0.0046000059228390455,1,,0,,0,0,18.095600011292845,1,search_360,0.013399985618889332,1,,
1787922469.1392207,2780,0.01153564453125,86.68783068783068,3.7262439727783203,0.16570001025684178,0.0050000089686363935,1,,0,,0,0,,0,search_360,0.01179997343569994,1,,
1787922469.1933377,2781,0.05411696434020996,18.47849398413097,0.0,24.726800009375438,0.005699985194951296,1,5.457599996589124,1,,0,0,19.05800000531599,1,search_360,0.015400000847876072,1,,
1787922469.2386444,2782,0.04530668258666992,22.07179918960164,0.9903907775878906,0.29689999064430594,0.006500020390376449,1,,0,,0,0,,0,search_360,0.03209998249076307,1,,
1787922469.2884796,2783,0.049835205078125,20.06613594611145,2.030611038208008,16.028700018068776,0.0043000036384910345,1,,0,,0,0,15.868700022110716,1,search_360,0.013499986380338669,1,,
1787922469.3035562,2784,0.015076637268066406,66.32778796887848,2.0275115966796875,0.238799984799698,0.005500012775883079,1,,0,,0,0,,0,search_360,0.01479999627918005,1,,
1787922469.3578885,2785,0.05433225631713867,18.40527281184452,0.0,21.47300000069663,0.0052000104915350676,1,4.869299998972565,1,,0,0,16.41179999569431,1,search_360,0.0137000170070678,1,,
1787922469.404764,2786,0.0468754768371582,21.333116321652,0.9958744049072266,0.19650001195259392,0.006699992809444666,1,,0,,0,0,,0,search_360,0.014999997802078724,1,,
1787922469.455351,2787,0.05058717727661133,19.76785529131201,1.0285377502441406,17.77349997428246,0.00790000194683671,1,,0,,0,0,17.577399994479492,1,search_360,0.015900004655122757,1,,
1787922469.4730768,2788,0.017725706100463867,56.41524204070104,2.796649932861328,0.2103000006172806,0.0051000097300857306,1,,0,,0,0,,0,search_360,0.014299992471933365,1,,
1787922469.506311,2789,0.0332341194152832,30.089559091496046,3.9818286895751953,23.269599972991273,0.005600013537332416,1,5.484299996169284,1,,0,0,17.528299998957664,1,search_360,0.016399979358538985,1,,
1787922469.571723,2790,0.06541204452514648,15.287704386239877,1.0306835174560547,0.1975000195670873,0.0053000112529844046,1,,0,,0,0,,0,search_360,0.015199999324977398,1,,
1787922469.6181667,2791,0.04644370079040527,21.531445233291752,1.9440650939941406,16.473399999085814,0.0039000005926936865,1,,0,,0,0,16.31859998451546,1,search_360,0.012300006346777081,1,,
1787922469.6399734,2792,0.021806716918945312,45.85743024577976,1.0266304016113281,0.20119998953305185,0.0053000112529844046,1,,0,,0,0,,0,search_360,0.01759998849593103,1,,
1787922469.6968384,2793,0.05686497688293457,17.585516689097688,1.9240379333496094,22.908899991307408,0.004799978341907263,1,5.039900017436594,1,,0,0,17.683799989754334,1,search_360,0.014300021575763822,1,,
1787922469.7504356,2794,0.053597211837768555,18.657686952576256,12.39466667175293,0.17679997836239636,0.0045000051613897085,1,,0,,0,0,,0,search_360,0.01270000939257443,1,,
1787922469.79435,2795,0.0439143180847168,22.771616265812476,3.0052661895751953,17.975700000533834,0.006599992047995329,1,,0,,0,0,17.765500000678003,1,search_360,0.01750001683831215,1,,
1787922469.804745,2796,0.010395050048828125,96.19963302752294,0.3120899200439453,0.16200001118704677,0.0045000051613897085,1,,0,,0,0,,0,search_360,0.011099997209385037,1,,
1787922469.863176,2797,0.058431148529052734,17.114159573686745,0.9965896606445312,22.245699976338074,0.0048000074457377195,1,4.924399981973693,1,,0,0,17.13039999594912,1,search_360,0.013999990187585354,1,,
1787922469.9207823,2798,0.05760622024536133,17.359236480725773,13.878345489501953,0.21810000180266798,0.00689999433234334,1,,0,,0,0,,0,search_360,0.017000013031065464,1,,
1787922469.9584525,2799,0.037670135498046875,26.546227848101267,1.995086669921875,17.839500011177734,0.0045000051613897085,1,,0,,0,0,17.652200011070818,1,search_360,0.014699995517730713,1,,
1787922469.9770184,2800,0.018565893173217773,53.862208010684334,2.3040771484375,0.215300009585917,0.005999987479299307,1,,0,,0,0,,0,search_360,0.014899997040629387,1,,
1787922470.0353196,2801,0.05830121040344238,17.15230255221177,10.48898696899414,21.067699999548495,0.0051000097300857306,1,4.8411000170744956,1,,0,0,16.056699998443946,1,search_360,0.012900010915473104,1,,
1787922470.0756314,2802,0.04031181335449219,24.80662408327419,1.5058517456054688,0.25079998886212707,0.009500014130026102,1,,0,,0,0,,0,search_360,0.03850000211969018,1,,
1787922470.1257262,2803,0.0500948429107666,19.96213466087296,2.9573440551757812,18.79990001907572,0.0045000051613897085,1,,0,,0,0,18.638100009411573,1,search_360,0.013299984857439995,1,,
1787922470.1396558,2804,0.013929605484008789,71.78954214805306,1.9941329956054688,0.20530002075247467,0.006199989002197981,1,,0,,0,0,,0,search_360,0.013500015484169126,1,,
1787922470.195333,2805,0.055677175521850586,17.96068120602757,1.8768310546875,21.90560000599362,0.0047000066842883825,1,4.76630000048317,1,,0,0,16.9717000098899,1,search_360,0.01300001167692244,1,,
1787922470.2422783,2806,0.04694533348083496,21.301371741415824,2.030611038208008,0.18889998318627477,0.0051000097300857306,1,,0,,0,0,,0,search_360,0.012999982573091984,1,,
1787922470.2933764,2807,0.05109810829162598,19.5701961077076,5.019426345825195,16.66049999766983,0.0044000043999403715,1,,0,,0,0,16.47709999815561,1,search_360,0.013199984095990658,1,,
1787922470.3073068,2808,0.013930320739746094,71.78585609639214,1.9955635070800781,0.1981999957934022,0.005400012014433742,1,,0,,0,0,,0,search_360,0.014899997040629387,1,,
1787922470.3616042,2809,0.054297447204589844,18.417072099762887,1.3995170593261719,22.327399987261742,0.005400012014433742,1,5.177999992156401,1,,0,0,16.92449999973178,1,search_360,0.017699989257380366,1,,
1787922470.4093645,2810,0.0477602481842041,20.93791464699158,2.992391586303711,0.4084999964106828,0.007800001185387373,1,,0,,0,0,,0,search_360,0.022199994418770075,1,,
1787922470.460239,2811,0.05087447166442871,19.656223785399963,1.0304450988769531,18.917799985501915,0.006600021151825786,1,,0,,0,0,18.740300001809373,1,search_360,0.013399985618889332,1,,
1787922470.4715762,2812,0.0113372802734375,88.20457604306864,0.9992122650146484,0.17970000044442713,0.005199981387704611,1,,0,,0,0,,0,search_360,0.012300006346777081,1,,
1787922470.5135522,2813,0.041975975036621094,23.823151198455072,5.019187927246094,28.157099994132295,0.0053000112529844046,1,6.947999994736165,1,,0,0,20.998000021791086,1,search_360,0.017099984688684344,1,,
1787922470.5718794,2814,0.05832719802856445,17.14466036085382,1.9614696502685547,0.318799982778728,0.00990001717582345,1,,0,,0,0,,0,search_360,0.02139998832717538,1,,
1787922470.6235886,2815,0.05170917510986328,19.338927721731434,2.0287036895751953,18.078199995215982,0.0046000059228390455,1,,0,,0,0,17.929199995705858,1,search_360,0.013199984095990658,1,,
1787922470.636382,2816,0.012793540954589844,78.16444278792396,0.9977817535400391,0.2632999967318028,0.006699992809444666,1,,0,,0,0,,0,search_360,0.018999999156221747,1,,
1787922470.699851,2817,0.06346893310546875,15.75573987258084,2.0322799682617188,28.631399996811524,0.005399982910603285,1,5.131899990374222,1,,0,0,23.353900003712624,1,search_360,0.015500001609325409,1,,
1787922470.7403233,2818,0.04047226905822754,24.70827614239513,1.9965171813964844,0.31800000579096377,0.011099997209385037,1,,0,,0,0,,0,search_360,0.02500001573935151,1,,
1787922470.7912705,2819,0.05094718933105469,19.628168170416682,1.5072822570800781,19.30990000255406,0.005500012775883079,1,,0,,0,0,19.16180000989698,1,search_360,0.015900004655122757,1,,
1787922470.8082175,2820,0.016947031021118164,59.00738593998396,1.9898414611816406,0.14750001719221473,0.0052000104915350676,1,,0,,0,0,,0,search_360,0.013599987141788006,1,,
1787922470.8630497,2821,0.05483222007751465,18.237452333433342,2.03704833984375,24.103100004140288,0.005500012775883079,1,5.2699000225402415,1,,0,0,18.678899999940768,1,search_360,0.016600009985268116,1,,
1787922470.9063084,2822,0.0432586669921875,23.116754850088185,1.505136489868164,0.29949998133815825,0.006299989763647318,1,,0,,0,0,,0,search_360,0.07790001109242439,1,,
1787922470.9578276,2823,0.051519155502319336,19.410256054274434,0.9989738464355469,18.464499997207895,0.0050000089686363935,1,,0,,0,0,18.32880001165904,1,search_360,0.01379998866468668,1,,
1787922470.9707599,2824,0.012932300567626953,77.32576232439807,0.9980201721191406,0.13240001862868667,0.0048000074457377195,1,,0,,0,0,,0,search_360,0.011299998732283711,1,,
1787922471.0336301,2825,0.06287026405334473,15.90577063827044,1.9941329956054688,24.257400014903396,0.04429998807609081,1,5.623900011414662,1,,0,0,18.40719999745488,1,search_360,0.014600023860111833,1,,
1787922471.075723,2826,0.04209280014038086,23.757032002265646,2.019166946411133,0.04129999433644116,0.0050000089686363935,1,,0,,0,0,,0,search_360,0.012600008631125093,1,,
1787922471.1222715,2827,0.04654860496520996,21.482920932805435,1.026153564453125,17.82369997818023,0.0037999998312443495,1,,0,,0,0,17.793099978007376,1,search_360,0.012200005585327744,1,,
1787922471.138236,2828,0.015964508056640625,62.6389486260454,0.9980201721191406,0.036500015994533896,0.0049000082071870565,1,,0,,0,0,,0,search_360,0.011900003300979733,1,,
1787922471.1990912,2829,0.06085515022277832,16.432462927775276,3.0252933502197266,24.30119999917224,0.005499983672052622,1,5.207899986999109,1,,0,0,19.061900005908683,1,search_360,0.014999997802078724,1,,
1787922471.2439687,2830,0.04487752914428711,22.282866705626095,3.9849281311035156,0.03960001049563289,0.005999987479299307,1,,0,,0,0,,0,search_360,0.013600016245618463,1,,
1787922471.2921333,2831,0.04816460609436035,20.762133879821995,1.0001659393310547,20.40609999676235,0.0050000089686363935,1,,0,,0,0,20.371699996758252,1,search_360,0.013299984857439995,1,,
1787922471.3070936,2832,0.014960289001464844,66.8436284821827,2.991199493408203,0.039399979868903756,0.00580001506023109,1,,0,,0,0,,0,search_360,0.01279998105019331,1,,
1787922471.3723955,2833,0.06530189514160156,15.313491252154103,3.877401351928711,32.87240001372993,0.01170000177808106,1,5.791200004750863,1,,0,0,27.037099993322045,1,search_360,0.019400002202019095,1,,
1787922471.405307,2834,0.03291153907775879,30.384479973341254,1.9936561584472656,0.05120001151226461,0.007000024197623134,1,,0,,0,0,,0,search_360,0.015199999324977398,1,,
1787922471.455643,2835,0.05033588409423828,19.866542884750196,0.9968280792236328,18.38510000379756,0.0045000051613897085,1,,0,,0,0,18.35290002054535,1,search_360,0.012600008631125093,1,,
1787922471.4706333,2836,0.01499032974243164,66.70967331488373,2.025127410888672,0.03329999162815511,0.0045000051613897085,1,,0,,0,0,,0,search_360,0.010299991117790341,1,,
1787922471.5071988,2837,0.036565542221069336,27.348151818839778,4.575014114379883,24.099400005070493,0.005199981387704611,1,5.652399995597079,1,,0,0,18.414399994071573,1,search_360,0.01580000389367342,1,,
1787922471.5784564,2838,0.0712575912475586,14.033592526666578,11.913299560546875,0.04189999890513718,0.005199981387704611,1,,0,,0,0,,0,search_360,0.014999997802078724,1,,
1787922471.6274095,2839,0.04895305633544922,20.427733728156475,7.945775985717773,16.35970000643283,0.0044000043999403715,1,,0,,0,0,16.326600016327575,1,search_360,0.012499978765845299,1,,
1787922471.6384592,2840,0.011049747467041016,90.49980580848401,3.039836883544922,0.03460000152699649,0.005400012014433742,1,,0,,0,0,,0,search_360,0.0109999964479357,1,,
1787922471.6934469,2841,0.05498766899108887,18.18589546252737,5.031347274780273,21.60330000333488,0.0052000104915350676,1,4.6941000036895275,1,,0,0,16.88020001165569,1,search_360,0.013699987903237343,1,,
1787922471.7367566,2842,0.043309688568115234,23.089521838219913,2.028942108154297,0.03739999374374747,0.0047000066842883825,1,,0,,0,0,,0,search_360,0.012300006346777081,1,,
1787922471.797186,2843,0.06042933464050293,16.548254352775004,13.000726699829102,17.08140000118874,0.0043000036384910345,1,,0,,0,0,17.043700005160645,1,search_360,0.012499978765845299,1,,
1787922471.8081803,2844,0.010994434356689453,90.95511124604242,6.982088088989258,0.030499999411404133,0.0046000059228390455,1,,0,,0,0,,0,search_360,0.010099989594891667,1,,
1787922471.8585875,2845,0.05040717124938965,19.83844709421397,1.0313987731933594,21.948800014797598,0.0048000074457377195,1,4.992499976651743,1,,0,0,16.926800017245114,1,search_360,0.013999990187585354,1,,
1787922471.904315,2846,0.04572749137878418,21.868682708099794,2.0253658294677734,0.052799994591623545,0.007499998901039362,1,,0,,0,0,,0,search_360,0.01850002445280552,1,,
1787922471.9551394,2847,0.05082440376281738,19.675587433680626,2.1495819091796875,17.75679999263957,0.005299982149153948,1,,0,,0,0,17.72010000422597,1,search_360,0.014199991710484028,1,,
1787922471.9671028,2848,0.011963367462158203,83.58850492247599,2.9926300048828125,0.0363999861292541,0.005700014298781753,1,,0,,0,0,,0,search_360,0.011800002539530396,1,,
1787922472.0317035,2849,0.06460070610046387,15.479706962410733,10.937690734863281,20.613000000594184,0.004499976057559252,1,4.599000007146969,1,,0,0,15.987599996151403,1,search_360,0.013100012438371778,1,,
1787922472.0717747,2850,0.04007124900817871,24.9555485479351,4.953622817993164,0.053099996875971556,0.007700000423938036,1,,0,,0,0,,0,search_360,0.018300022929906845,1,,
1787922472.1343877,2851,0.06261301040649414,15.97112155297809,15.928268432617188,16.480799997225404,0.0049000082071870565,1,,0,,0,0,16.445500019472092,1,search_360,0.013100012438371778,1,,
1787922472.145535,2852,0.011147260665893555,89.70813816704096,11.06405258178711,0.03329999162815511,0.0046000059228390455,1,,0,,0,0,,0,search_360,0.0109999964479357,1,,
1787922472.1888323,2853,0.04329729080200195,23.096133302496668,1.0356903076171875,21.08340000268072,0.005199981387704611,1,4.626800015103072,1,,0,0,16.426999995019287,1,search_360,0.013800017768517137,1,,
1787922472.2404287,2854,0.05159640312194824,19.381195965084952,6.77490234375,0.03200001083314419,0.0042000028770416975,1,,0,,0,0,,0,search_360,0.010799994925037026,1,,
1787922472.2882218,2855,0.04779314994812012,20.92350056620057,5.9833526611328125,16.418700019130483,0.0051000097300857306,1,,0,,0,0,16.3847999938298,1,search_360,0.012899981811642647,1,,
1787922472.303209,2856,0.01498723030090332,66.72346924166017,0.9915828704833984,0.03679998917505145,0.005500012775883079,1,,0,,0,0,,0,search_360,0.011800002539530396,1,,
1787922472.371751,2857,0.0685420036315918,14.589593928052148,14.853715896606445,22.9131999949459,0.005399982910603285,1,5.037199996877462,1,,0,0,17.848099989350885,1,search_360,0.012300006346777081,1,,
1787922472.4040432,2858,0.03229212760925293,30.967299897373803,2.0284652709960938,0.034199998481199145,0.0048000074457377195,1,,0,,0,0,,0,search_360,0.011500000255182385,1,,
1787922472.4526513,2859,0.04860806465148926,20.572717864202435,1.0266304016113281,18.76609999453649,0.0047000066842883825,1,,0,,0,0,18.716099992161617,1,search_360,0.02859998494386673,1,,
1787922472.470302,2860,0.017650842666625977,56.6545189307471,2.954721450805664,0.03510000533424318,0.0050000089686363935,1,,0,,0,0,,0,search_360,0.011900003300979733,1,,
1787922472.5037956,2861,0.0334935188293457,29.856522543813444,3.9930343627929688,22.455899976193905,0.007199996616691351,1,5.643899989081547,1,,0,0,16.770999995060265,1,search_360,0.01930000144056976,1,,
1787922472.5676947,2862,0.06389904022216797,15.6496873274331,0.9973049163818359,0.03440000000409782,0.0045000051613897085,1,,0,,0,0,,0,search_360,0.011099997209385037,1,,
1787922472.6280324,2863,0.06033778190612793,16.573363627383188,9.976863861083984,17.09470001515001,0.0047000066842883825,1,,0,,0,0,17.062900005839765,1,search_360,0.012299977242946625,1,,
1787922472.6393132,2864,0.01128077507019043,88.6463912078622,7.201433181762695,0.029000017093494534,0.0042000028770416975,1,,0,,0,0,,0,search_360,0.009799987310543656,1,,
1787922472.6929712,2865,0.05365800857543945,18.63654702343396,5.016088485717773,20.638000016333535,0.005199981387704611,1,4.642300016712397,1,,0,0,15.964999998686835,1,search_360,0.014600023860111833,1,,
1787922472.7362266,2866,0.04325532913208008,23.118538687949908,1.9917488098144531,0.03060000017285347,0.0049000082071870565,1,,0,,0,0,,0,search_360,0.010799994925037026,1,,
1787922472.7856627,2867,0.049436092376708984,20.228136001929105,1.9953250885009766,17.15110000804998,0.0044000043999403715,1,,0,,0,0,17.120500007877126,1,search_360,0.012699980288743973,1,,
1787922472.8108988,2868,0.025236129760742188,39.62572745824201,10.27679443359375,0.029400020139291883,0.0043000036384910345,1,,0,,0,0,,0,search_360,0.01069999416358769,1,,
1787922472.863868,2869,0.05296921730041504,18.87888949403382,11.444330215454102,21.32349999737926,0.005199981387704611,1,5.341800017049536,1,,0,0,15.952799993101507,1,search_360,0.015700003132224083,1,,
1787922472.9044282,2870,0.040560245513916016,24.654683109768285,4.566669464111328,0.03470000228844583,0.0050000089686363935,1,,0,,0,0,,0,search_360,0.012100004823878407,1,,
1787922472.951613,2871,0.04718470573425293,21.193307967883904,2.0303726196289062,16.046799981268123,0.006000016583129764,1,,0,,0,0,16.008999984478578,1,search_360,0.016499980119988322,1,,
1787922472.9711082,2872,0.019495248794555664,51.294549279066636,3.9894580841064453,0.041799998143687844,0.005299982149153948,1,,0,,0,0,,0,search_360,0.012800010154023767,1,,
1787922473.0256624,2873,0.05455422401428223,18.33038629122836,1.9986629486083984,22.332799999276176,0.005199981387704611,1,4.864300019107759,1,,0,0,17.442499985918403,1,search_360,0.014600023860111833,1,,
1787922473.0673714,2874,0.041708946228027344,23.975671658854463,0.9973049163818359,0.03220001235604286,0.0049000082071870565,1,,0,,0,0,,0,search_360,0.011500000255182385,1,,
1787922473.1293335,2875,0.061962127685546875,16.138890599027274,6.982326507568359,23.79289999953471,0.0052000104915350676,1,,0,,0,0,23.750699998345226,1,hover,0.022199994418770075,1,,
1787922473.1422987,2876,0.012965202331542969,77.12953291651343,8.012771606445312,0.036500015994533896,0.004999979864805937,1,,0,,0,0,,0,hover,0.01580000389367342,1,,
1787922473.1948562,2877,0.05255746841430664,19.026791627729743,0.9975433349609375,26.62590000545606,0.0048000074457377195,1,5.252200004179031,1,,0,0,21.34540001861751,1,hover,0.016700010746717453,1,,
1787922473.2460513,2878,0.05119514465332031,19.533102343429828,11.14034652709961,0.03640001523308456,0.004599976819008589,1,,0,,0,0,,0,hover,0.015500001609325409,1,,
1787922473.2869368,2879,0.04088544845581055,24.458579709130774,1.9917488098144531,16.727599984733388,0.0040000013541430235,1,,0,,0,0,16.695599973900244,1,hover,0.015099998563528061,1,,
1787922473.3082154,2880,0.02127861976623535,46.99552936167352,5.995273590087891,0.037699996028095484,0.0046000059228390455,1,,0,,0,0,,0,hover,0.016000005416572094,1,,
1787922473.3596952,2881,0.05147981643676758,19.425088689434148,4.970788955688477,20.27720000478439,0.0049000082071870565,1,4.5640999742317945,1,,0,0,15.687900013290346,1,hover,0.014999997802078724,1,,
1787922473.406251,2882,0.04655575752258301,21.47962042106018,3.0241012573242188,0.03409999771974981,0.0047000066842883825,1,,0,,0,0,,0,hover,0.013900018529966474,1,,
1787922473.4558094,2883,0.049558401107788086,20.17821353487634,1.9979476928710938,18.588599981740117,0.0042000028770416975,1,,0,,0,0,18.540099990786985,1,hover,0.030399998649954796,1,,
1787922473.4697719,2884,0.013962507247924805,71.62037463927736,2.028942108154297,0.03640001523308456,0.0047000066842883825,1,,0,,0,0,,0,hover,0.014299992471933365,1,,
1787922473.5047123,2885,0.034940481185913086,28.620098122837785,4.1484832763671875,23.2759999926202,0.0051000097300857306,1,6.179199990583584,1,,0,0,17.065899999579415,1,hover,0.017999991541728377,1,,
1787922473.573039,2886,0.06832671165466309,14.635564565937267,0.9968280792236328,0.04640000406652689,0.006399990525096655,1,,0,,0,0,,0,hover,0.01889999839477241,1,,
1787922473.6187463,2887,0.04570722579956055,21.878378801314486,1.6243457794189453,16.980100015643984,0.0044000043999403715,1,,0,,0,0,16.94359999964945,1,hover,0.018399994587525725,1,,
1787922473.6376965,2888,0.018950223922729492,52.76982499402388,1.995086669921875,0.048699992476031184,0.006299989763647318,1,,0,,0,0,,0,hover,0.02030000905506313,1,,
1787922473.6956713,2889,0.057974815368652344,17.248869076014543,2.0275115966796875,24.51920000021346,0.005599984433501959,1,5.549699999392033,1,,0,0,18.93759999074973,1,hover,0.018799997633323073,1,,
1787922473.7391582,2890,0.043486833572387695,22.995465934198478,3.0274391174316406,0.06560000474564731,0.008199975127354264,1,,0,,0,0,,0,hover,0.027900008717551827,1,,
1787922473.7892444,2891,0.050086259841918945,19.965555486797697,1.003265380859375,18.578499992145225,0.004499976057559252,1,,0,,0,0,18.54359998833388,1,hover,0.016700010746717453,1,,
1787922473.8061998,2892,0.01695537567138672,58.97834523876484,1.9936561584472656,0.04610000178217888,0.005499983672052622,1,,0,,0,0,,0,hover,0.018399994587525725,1,,
1787922473.8654144,2893,0.05921459197998047,16.887729300542752,0.9982585906982422,28.36399999796413,0.0049000082071870565,1,5.255399999441579,1,,0,0,23.079999984474853,1,hover,0.01719998545013368,1,,
1787922473.9074826,2894,0.0420682430267334,23.770900043639166,2.0294189453125,0.039799982914701104,0.0049000082071870565,1,,0,,0,0,,0,hover,0.016700010746717453,1,,
1787922473.957382,2895,0.04989933967590332,20.04034535316518,0.9970664978027344,18.698400002904236,0.0043000036384910345,1,,0,,0,0,18.664299976080656,1,hover,0.016700010746717453,1,,
1787922473.975849,2896,0.018466949462890625,54.15079529022929,2.6178359985351562,0.03560000914148986,0.0050000089686363935,1,,0,,0,0,,0,hover,0.014999997802078724,1,,
1787922474.0301342,2897,0.054285287857055664,18.421197334961285,2.5310516357421875,24.69530000234954,0.005199981387704611,1,5.456400016555563,1,,0,0,19.209799997042865,1,hover,0.017200014553964138,1,,
1787922474.072361,2898,0.04222679138183594,23.68164777090203,2.027750015258789,0.04199999966658652,0.0050000089686363935,1,,0,,0,0,,0,hover,0.017399986973032355,1,,
1787922474.124705,2899,0.05234408378601074,19.10435578714353,3.355741500854492,18.41030002105981,0.0048000074457377195,1,,0,,0,0,18.37500001420267,1,hover,0.01689998316578567,1,,
1787922474.137698,2900,0.01299285888671875,76.96535525543159,2.0248889923095703,0.04110002191737294,0.005499983672052622,1,,0,,0,0,,0,hover,0.017600017599761486,1,,
1787922474.1917102,2901,0.054012298583984375,18.51430185747581,3.9892196655273438,21.827700024005026,0.0043000036384910345,1,4.720500000985339,1,,0,0,17.080999998142943,1,hover,0.01610000617802143,1,,
1787922474.2398236,2902,0.048113346099853516,20.784253872607803,1.0912418365478516,0.040300015825778246,0.005599984433501959,1,,0,,0,0,,0,hover,0.01680001150816679,1,,
1787922474.2950935,2903,0.05526995658874512,18.093012220741183,7.978677749633789,17.07550001447089,0.0043000036384910345,1,,0,,0,0,17.04120001522824,1,hover,0.016299978597089648,1,,
1787922474.3043957,2904,0.009302139282226562,107.50215296288702,1.0890960693359375,0.03920000744983554,0.005700014298781753,1,,0,,0,0,,0,hover,0.017099984688684344,1,,
1787922474.362099,2905,0.057703256607055664,17.33004441689908,2.9916763305664062,21.513999992748722,0.0049000082071870565,1,4.9915999989025295,1,,0,0,16.493900009663776,1,hover,0.01719998545013368,1,,
1787922474.4083898,2906,0.04629087448120117,21.602529898330225,0.9965896606445312,0.05040000542066991,0.006699992809444666,1,,0,,0,0,,0,hover,0.021000014385208488,1,,
1787922474.4602532,2907,0.05186343193054199,19.281408167111813,1.996755599975586,18.360299989581108,0.005099980626255274,1,,0,,0,0,18.323799973586574,1,hover,0.0171000137925148,1,,
1787922474.4730604,2908,0.012807130813598633,78.0815012007372,0.9996891021728516,0.03940000897273421,0.005599984433501959,1,,0,,0,0,,0,hover,0.01610000617802143,1,,
1787922474.509738,2909,0.03667759895324707,27.264598243595493,5.761384963989258,25.741999997990206,0.005799985956400633,1,5.207300011534244,1,,0,0,20.49919997807592,1,hover,0.021100015146657825,1,,
1787922474.5770993,2910,0.06736135482788086,14.845307113480148,1.9965171813964844,0.050499977078288794,0.007199996616691351,1,,0,,0,0,,0,hover,0.0219999928958714,1,,
1787922474.6335285,2911,0.056429147720336914,17.72133800347303,9.742975234985352,16.51420001871884,0.0051000097300857306,1,,0,,0,0,16.477299999678507,1,hover,0.017999991541728377,1,,
1787922474.6425042,2912,0.008975744247436523,111.411374080272,0.9942054748535156,0.041799998143687844,0.006200018106028438,1,,0,,0,0,,0,hover,0.01719998545013368,1,,
1787922474.6987896,2913,0.05628538131713867,17.766602563559502,5.494594573974609,20.258599979570135,0.0047000066842883825,1,4.490000021178275,1,,0,0,15.740099974209443,1,hover,0.017300015315413475,1,,
1787922474.7558558,2914,0.05706620216369629,17.52350712128112,7.804155349731445,0.035699980799108744,0.0044000043999403715,1,,0,,0,0,,0,hover,0.015500001609325409,1,,
1787922474.790613,2915,0.034757137298583984,28.771069130619694,0.9963512420654297,16.20730001013726,0.003999972250312567,1,,0,,0,0,16.176700009964406,1,hover,0.014600023860111833,1,,
1787922474.8184092,2916,0.027796268463134766,35.976052013106205,13.055562973022461,0.0405999890062958,0.0052000104915350676,1,,0,,0,0,,0,hover,0.017399986973032355,1,,
1787922474.863439,2917,0.04502987861633301,22.207477140240062,0.9982585906982422,22.608399973250926,0.0045000051613897085,1,5.069200007710606,1,,0,0,17.500299989478663,1,hover,0.029099988751113415,1,,
1787922474.9069314,2918,0.04349231719970703,22.992566604538975,1.003265380859375,0.036900019040331244,0.0049000082071870565,1,,0,,0,0,,0,hover,0.015500001609325409,1,,
1787922474.9548786,2919,0.04794716835021973,20.856289003257004,1.032114028930664,16.0500000056345,0.0041000021155923605,1,,0,,0,0,16.018199996324256,1,hover,0.015300000086426735,1,,
1787922474.9734051,2920,0.018526554107666016,53.97657838519548,3.022432327270508,0.03859997377730906,0.005400012014433742,1,,0,,0,0,,0,hover,0.016499980119988322,1,,
1787922475.0279207,2921,0.05451560020446777,18.343373204172224,1.6903877258300781,21.215799992205575,0.005199981387704611,1,4.713500005891547,1,,0,0,16.47549998597242,1,hover,0.015900004655122757,1,,
1787922475.0754468,2922,0.04752612113952637,21.041060705632113,1.9938945770263672,0.03940000897273421,0.0048999791033566,1,,0,,0,0,,0,hover,0.016300007700920105,1,,
1787922475.1239934,2923,0.048546552658081055,20.59878498568405,0.9987354278564453,15.766700002131984,0.0040000013541430235,1,,0,,0,0,15.736999979708344,1,hover,0.013599987141788006,1,,
1787922475.1389856,2924,0.014992237091064453,66.7011863490347,1.0309219360351562,0.03609998384490609,0.0047000066842883825,1,,0,,0,0,,0,hover,0.015600002370774746,1,,
1787922475.1990993,2925,0.06011366844177246,16.635151803597278,2.9582977294921875,22.48210000107065,0.0050000089686363935,1,4.790400009369478,1,,0,0,17.44859997415915,1,hover,0.038300000596791506,1,,
1787922475.2444174,2926,0.0453181266784668,22.06622544429129,2.9916763305664062,0.25690000620670617,0.006699992809444666,1,,0,,0,0,,0,hover,0.019700004486367106,1,,
1787922475.2910085,2927,0.04659104347229004,21.46335272775654,1.505136489868164,17.461600014939904,0.0052000104915350676,1,,0,,0,0,17.288000002736226,1,hover,0.017799990018829703,1,,
1787922475.3176086,2928,0.026600122451782227,37.59381190115534,10.642528533935547,0.21669999114237726,0.0052000104915350676,1,,0,,0,0,,0,hover,0.017399986973032355,1,,
1787922475.3639662,2929,0.04635763168334961,21.57142122424629,0.9982585906982422,21.994899987475947,0.0047000066842883825,1,4.9189999990630895,1,,0,0,16.896499990252778,1,hover,0.016000005416572094,1,,
1787922475.4099965,2930,0.046030282974243164,21.72482842565975,6.017923355102539,0.2130000211764127,0.0053000112529844046,1,,0,,0,0,,0,hover,0.018699996871873736,1,,
1787922475.4572847,2931,0.04728817939758301,21.146933816003752,1.9943714141845703,16.305700002703816,0.0040000013541430235,1,,0,,0,0,16.13610002095811,1,hover,0.014500023098662496,1,,
1787922475.4744203,2932,0.0171356201171875,58.357969723953694,1.9946098327636719,0.21540001034736633,0.006699992809444666,1,,0,,0,0,,0,hover,0.018999999156221747,1,,
1787922475.508331,2933,0.03391075134277344,29.48917261938242,5.984306335449219,25.12179999030195,0.005199981387704611,1,5.480599997099489,1,,0,0,19.370099995285273,1,hover,0.019700004486367106,1,,
1787922475.5798936,2934,0.07156252861022949,13.973793540004332,8.975505828857422,0.20969999604858458,0.0052000104915350676,1,,0,,0,0,,0,hover,0.01680001150816679,1,,
1787922475.6250079,2935,0.04511427879333496,22.16593120286646,7.970571517944336,15.806500014150515,0.0044000043999403715,1,,0,,0,0,15.638600016245618,1,hover,0.015400000847876072,1,,
1787922475.640633,2936,0.0156252384185791,63.999023452400934,4.987478256225586,0.2809000143315643,0.006399990525096655,1,,0,,0,0,,0,hover,0.02169999061152339,1,,
1787922475.6948202,2937,0.05418705940246582,18.45459065369571,1.9946098327636719,22.800899983849376,0.0047000066842883825,1,4.890999989584088,1,,0,0,17.72599999094382,1,hover,0.017000013031065464,1,,
1787922475.7506719,2938,0.05585169792175293,17.90455862955105,11.967658996582031,0.21470000501722097,0.004799978341907263,1,,0,,0,0,,0,hover,0.016900012269616127,1,,
1787922475.7969637,2939,0.04629182815551758,21.602084856975104,12.000799179077148,15.880499995546415,0.005999987479299307,1,,0,,0,0,15.607399982400239,1,hover,0.02239999594166875,1,,
1787922475.8049774,2940,0.008013725280761719,124.78590979412115,1.0111331939697266,0.22200000239536166,0.005400012014433742,1,,0,,0,0,,0,hover,0.017399986973032355,1,,
1787922475.8626819,2941,0.05770444869995117,17.329686402512085,2.858400344848633,22.368900012224913,0.0046000059228390455,1,5.512899981113151,1,,0,0,16.643700015265495,1,hover,0.017699989257380366,1,,
1787922475.907327,2942,0.044645071029663086,22.398889215241248,2.6366710662841797,0.4006999952252954,0.006000016583129764,1,,0,,0,0,,0,hover,0.019500002963468432,1,,
1787922475.956978,2943,0.049651145935058594,20.140522059812152,1.9941329956054688,16.88890001969412,0.0049000082071870565,1,,0,,0,0,16.674900020007044,1,hover,0.017399986973032355,1,,
1787922475.972943,2944,0.015964984893798828,62.63707774558705,1.621246337890625,0.17260000458918512,0.0043000036384910345,1,,0,,0,0,,0,hover,0.013999990187585354,1,,
1787922476.035605,2945,0.06266188621520996,15.958664196055901,11.967658996582031,21.854799997527152,0.0045000051613897085,1,4.673499992350116,1,,0,0,17.003400018438697,1,hover,0.016300007700920105,1,,
1787922476.0726786,2946,0.037073612213134766,26.973363001453396,2.029895782470703,0.2384000108577311,0.005299982149153948,1,,0,,0,0,,0,hover,0.01829999382607639,1,,
1787922476.1212897,2947,0.04861116409301758,20.571406150375203,2.187490463256836,17.49480000580661,0.005499983672052622,1,,0,,0,0,17.278099985560402,1,hover,0.018400023691356182,1,,
1787922476.1681516,2948,0.046861886978149414,21.339302885226886,4.355430603027344,0.22839999292045832,0.0051000097300857306,1,,0,,0,0,,0,hover,0.017799990018829703,1,,
1787922476.20545,2949,0.03729844093322754,26.810772112170085,5.983591079711914,21.4609999966342,0.005299982149153948,1,5.045300000347197,1,,0,0,16.2205999949947,1,hover,0.01850002445280552,1,,
1787922476.2461584,2950,0.040708303451538086,24.56501291414582,8.977413177490234,0.21040000137872994,0.0051000097300857306,1,,0,,0,0,,0,hover,0.016699981642886996,1,,
1787922476.292423,2951,0.0462646484375,21.614775725593667,5.8231353759765625,15.877900004852563,0.0046000059228390455,1,,0,,0,0,15.65760001540184,1,hover,0.016600009985268116,1,,
1787922476.3063734,2952,0.013950347900390625,71.68280010937927,1.9900798797607422,0.26130001060664654,0.005499983672052622,1,,0,,0,0,,0,hover,0.018999999156221747,1,,
1787922476.360916,2953,0.05454254150390625,18.334312491257517,3.2367706298828125,21.187299978919327,0.0048000074457377195,1,4.987699998309836,1,,0,0,15.967699990142137,1,hover,0.01719998545013368,1,,
1787922476.3709455,2954,0.01002955436706543,99.70532721610763,1.0294914245605469,0.22749998606741428,0.005500012775883079,1,,0,,0,0,,0,hover,0.018099992303177714,1,,
1787922476.4577408,2955,0.08679533004760742,11.5213571911242,0.9968280792236328,18.25779999489896,0.0044000043999403715,1,,0,,0,0,18.07399999233894,1,hover,0.01610000617802143,1,,
1787922476.4942636,2957,0.036522865295410156,27.380108102462334,14.99176025390625,0.19389999215491116,0.0048999791033566,1,,0,,0,0,,0,hover,0.015600002370774746,1,,
1787922476.567235,2958,0.07297134399414062,13.704009618903235,2.0284652709960938,29.108499991707504,0.0050000089686363935,1,4.9774000071920455,1,,0,0,23.923000000650063,1,hover,0.01960000372491777,1,,
1787922476.605746,2959,0.038511037826538086,25.966581438397295,2.025127410888672,0.2906000008806586,0.007399998139590025,1,,0,,0,0,,0,hover,0.027700007194653153,1,,
1787922476.6532261,2960,0.047480106353759766,21.061452401755496,1.028299331665039,18.697400024393573,0.0053000112529844046,1,,0,,0,0,18.4859000146389,1,hover,0.018099992303177714,1,,
1787922476.6691837,2961,0.01595759391784668,62.666088957284366,2.028942108154297,0.21159998141229153,0.005400012014433742,1,,0,,0,0,,0,hover,0.016900012269616127,1,,
1787922476.7303867,2962,0.0612030029296875,16.339067564198455,8.014678955078125,21.008000010624528,0.0052000104915350676,1,4.734199988888577,1,,0,0,16.051100014010444,1,hover,0.018799997633323073,1,,
1787922476.7720246,2963,0.04163789749145508,24.01658249447441,3.093242645263672,0.2133999951183796,0.004999979864805937,1,,0,,0,0,,0,hover,0.016300007700920105,1,,
1787922476.8192036,2964,0.04717898368835449,21.19587837257369,0.9970664978027344,18.084900017129257,0.0049000082071870565,1,,0,,0,0,17.88130000932142,1,hover,0.017999991541728377,1,,
1787922476.8370495,2965,0.017845869064331055,56.03537694887176,1.2583732604980469,0.20700000459328294,0.005600013537332416,1,,0,,0,0,,0,hover,0.01889999839477241,1,,
1787922476.9037683,2966,0.06671881675720215,14.98827540121284,13.053178787231445,22.142300003906712,0.0044000043999403715,1,4.992900008801371,1,,0,0,16.960400011157617,1,hover,0.015400000847876072,1,,
1787922476.9397063,2967,0.03593802452087402,27.825680830596742,1.9953250885009766,0.1976999919861555,0.0048000074457377195,1,,0,,0,0,,0,hover,0.01650000922381878,1,,
1787922476.9909172,2968,0.051210880279541016,19.527100384554505,4.985332489013672,17.241699999431148,0.0047000066842883825,1,,0,,0,0,17.01029998366721,1,hover,0.017499987734481692,1,,
1787922477.0009212,2969,0.010004043579101562,99.95958055290752,0.0,0.1866999955382198,0.005400012014433742,1,,0,,0,0,,0,hover,0.014999997802078724,1,,
1787922477.0655046,2970,0.06458330154418945,15.483878589201202,0.9961128234863281,30.69279997725971,0.006499991286545992,1,5.18559999181889,1,8.682999992743134,1,0,16.79389999480918,1,hover,0.022100022761151195,1,,
1787922477.1107125,2971,0.045207977294921875,22.119989874272214,0.0,8.10000000637956,0.006199989002197981,1,,0,8.059200015850365,1,0,,0,hover,0.021899992134422064,1,,
1787922477.1681657,2972,0.057453155517578125,17.405484363588076,1.9941329956054688,30.229600000893697,0.00589998671784997,1,,0,9.612899972125888,1,0,20.578900002874434,1,hover,0.022500025806948543,1,,
1787922477.1891296,2973,0.02096390724182129,47.701031514062485,10.987997055053711,8.594299986725673,0.006100017344579101,1,,0,8.552599989343435,1,0,,0,hover,0.023500004317611456,1,,
1787922477.235912,2974,0.046782493591308594,21.37551727652635,0.9970664978027344,33.99130000616424,0.005099980626255274,1,6.912400014698505,1,8.23929999023676,1,0,18.812900001648813,1,hover,0.02020000829361379,1,,
1787922477.280014,2975,0.04410195350646973,22.674732534315076,2.989053726196289,8.625200018286705,0.005699985194951296,1,,0,8.583699993323535,1,0,,0,hover,0.021800020476803184,1,,
1787922477.3332584,2976,0.05324435234069824,18.781334658767793,0.8740425109863281,29.158899997128174,0.006699992809444666,1,,0,8.749099972192198,1,0,20.367299992358312,1,hover,0.026300025638192892,1,,
1787922477.3561974,2977,0.022938966751098633,43.59394260650848,9.973287582397461,8.49110001581721,0.006999995093792677,1,,0,8.44219999271445,1,0,,0,hover,0.02649999805726111,1,,
1787922477.4110544,2978,0.05485701560974121,18.229208951396647,2.9921531677246094,36.83379999711178,0.021100015146657825,1,6.08500000089407,1,8.31190001918003,1,0,22.393699997337535,1,hover,0.020499981474131346,1,,
1787922477.4525144,2979,0.04146003723144531,24.11961172194875,3.6935806274414062,11.896800016984344,0.005999987479299307,1,,0,11.820800020359457,1,0,,0,hover,0.0219999928958714,1,,
1787922477.501703,2980,0.04918861389160156,20.329908100352863,1.9941329956054688,28.36090000346303,0.005399982910603285,1,,0,8.76670001889579,1,0,19.556199986254796,1,hover,0.02239999594166875,1,,
1787922477.5241961,2981,0.02249312400817871,44.45803080249727,36.90052032470703,10.078199993586168,0.006699992809444666,1,,0,10.031599987996742,1,0,,0,hover,0.026399997295811772,1,,
1787922477.5746396,2982,0.050443410873413086,19.82419473000118,5.053281784057617,36.80709999753162,0.00580001506023109,1,5.415099993115291,1,8.172100002411753,1,0,23.186100006569177,1,hover,0.0261999957729131,1,,
1787922477.6131413,2983,0.038501739501953125,25.972852472010302,1.9938945770263672,9.555199998430908,0.007000024197623134,1,,0,9.506800008239225,1,0,,0,hover,0.02519998815841973,1,,
1787922477.6729805,2984,0.05983924865722656,16.71143977305326,2.9921531677246094,35.19900000537746,0.009000010322779417,1,,0,10.368999995989725,1,0,24.77540000109002,1,hover,0.030700000934302807,1,,
1787922477.6969204,2985,0.023939847946166992,41.77135971158538,18.94831657409668,8.549199992557988,0.009100011084228754,1,,0,8.48950000363402,1,0,,0,hover,0.035999983083456755,1,,
1787922477.7565289,2986,0.05960845947265625,16.77614232689108,10.869026184082031,44.9271000106819,0.006099988240748644,1,6.905499991262332,1,10.817400005180389,1,0,27.173700014827773,1,hover,0.022799998987466097,1,,
1787922477.7789812,2987,0.022452354431152344,44.53875886675445,0.9987354278564453,9.472300007473677,0.009400013368576765,1,,0,9.416000015335158,1,0,,0,hover,0.03269998705945909,1,,
1787922477.8321474,2988,0.05316615104675293,18.808959842148926,1.9938945770263672,31.373500009067357,0.008100003469735384,1,,0,8.894900005543604,1,0,22.43320000707172,1,hover,0.02720000338740647,1,,
1787922477.8640597,2989,0.03191232681274414,31.335853567426224,10.970354080200195,18.393100006505847,0.09600000339560211,1,,0,18.255300004966557,1,0,,0,gesture,0.0295999925583601,1,0.08180001168511808,1
1787922477.9104855,2990,0.046425819396972656,21.539738296255212,8.974075317382812,33.37189997546375,0.06739998934790492,1,5.377599998610094,1,8.624300011433661,1,0,19.27709998562932,1,gesture,0.022899999748915434,1,0.05629999213851988,1
1787922477.9439073,2991,0.03342175483703613,29.920631183969295,1.5037059783935547,8.456399984424934,0.05370000144466758,1,,0,8.36360000539571,1,0,,0,gesture,0.021599989850074053,1,0.04369998350739479,1
1787922478.0012004,2992,0.05729317665100098,17.45408543309544,0.9980201721191406,32.29299999657087,0.0824000162538141,1,,0,9.709400008432567,1,0,22.464399982709438,1,gesture,0.02519998815841973,1,0.06959997699595988,1
1787922478.0221443,2993,0.020943880081176758,47.746644658204794,13.963460922241211,8.836699998937547,0.05709999823011458,1,,0,8.745400002226233,1,0,,0,gesture,0.021100015146657825,1,0.046600005589425564,1
1787922478.0714793,2994,0.04933500289916992,20.269584295835227,0.9973049163818359,34.814200014807284,0.05069997860118747,1,5.635300010908395,1,8.323199988808483,1,0,20.78389999223873,1,gesture,0.018900027498602867,1,0.04189999890513718,1
1787922478.113121,2995,0.0416417121887207,24.014382393019503,0.9968280792236328,8.978800004115328,0.056599994422867894,1,,0,8.886299998266622,1,0,,0,gesture,0.021499989088624716,1,0.04649997572414577,1
1787922478.1675165,2996,0.054395437240600586,18.383894876638717,2.992391586303711,29.797399998642504,0.054100004490464926,1,,0,7.886100007453933,1,0,21.82870000251569,1,gesture,0.01829999382607639,1,0.04499999340623617,1
1787922478.187067,2997,0.019550561904907227,51.14942500701211,10.483264923095703,9.18290001573041,0.06790002225898206,1,,0,9.077199996681884,1,0,,0,gesture,0.025299988919869065,1,0.05639999289996922,1
1787922478.2374408,2998,0.05037379264831543,19.851592413966102,1.9941329956054688,35.28889999142848,0.06150000263005495,1,5.737999978009611,1,8.817399997496977,1,0,20.645400014473125,1,gesture,0.023900007363408804,1,0.05139998393133283,1
1787922478.2819273,2999,0.04448652267456055,22.478718044911304,1.9938945770263672,10.376099991844967,0.05500001134350896,1,,0,10.284299991326407,1,0,,0,gesture,0.022899999748915434,1,0.045599997974932194,1
1787922478.3352015,3000,0.05327415466308594,18.770828112133472,1.9974708557128906,33.40450001996942,0.05859998054802418,1,,0,9.217399987392128,1,0,24.096200009807944,1,gesture,0.02020000829361379,1,0.04810001701116562,1
1787922478.3547485,3001,0.019546985626220703,51.158783206888984,10.969400405883789,8.156800002325326,0.05080000846646726,1,,0,8.075599995208904,1,0,,0,gesture,0.019799976143985987,1,0.04169999738223851,1
1787922478.4063573,3002,0.05160880088806152,19.376540101541604,1.9948482513427734,37.33500000089407,0.06160000339150429,1,6.852099992102012,1,9.966200013877824,1,0,20.429099997272715,1,gesture,0.023500004317611456,1,0.051000009989365935,1
1787922478.445359,3003,0.0390017032623291,25.63990585933918,1.9941329956054688,8.168900007149205,0.0509000092279166,1,,0,8.086200017714873,1,0,,0,gesture,0.017799990018829703,1,0.042800005758181214,1
1787922478.4984772,3004,0.053118228912353516,18.82592888497895,2.9916763305664062,27.66290001454763,0.05390000296756625,1,,0,7.99770001322031,1,0,19.580599997425452,1,gesture,0.020299979951232672,1,0.04469999112188816,1
1787922478.5221996,3005,0.023722410202026367,42.15423270585634,35.903215408325195,9.377800015499815,0.07989999721758068,1,,0,9.252500021830201,1,0,,0,gesture,0.027799978852272034,1,0.06749999010935426,1
1787922478.5759103,3006,0.0537106990814209,18.61826446317677,3.9882659912109375,38.304599991533905,0.05530001362785697,1,6.117399985669181,1,9.350700012873858,1,0,22.758300008717924,1,gesture,0.020499981474131346,1,0.04549999721348286,1
1787922478.6116807,3007,0.035770416259765625,27.956062706622586,0.0,9.556100005283952,0.0653000024612993,1,,0,9.453299979213625,1,0,,0,gesture,0.023800006601959467,1,0.05400000372901559,1
1787922478.6667757,3008,0.05509495735168457,18.150481424584026,1.9938945770263672,29.76860001217574,0.09650000720284879,1,,0,9.045799990417436,1,0,20.578900002874434,1,gesture,0.035500008380040526,1,0.08270001853816211,1
1787922478.6907127,3009,0.023936986923217773,41.77635235410711,12.964725494384766,9.511299984296784,0.07119998917914927,1,,0,9.396599984029308,1,0,,0,gesture,0.025900022592395544,1,0.05900001269765198,1
1787922478.7406518,3010,0.04993915557861328,20.0243674209873,3.5936832427978516,35.06689998903312,0.050300004659220576,1,5.513999989489093,1,8.194199996069074,1,0,21.286800008965656,1,gesture,0.019500002963468432,1,0.04159999662078917,1
1787922478.7815487,3011,0.04089689254760742,24.451735515991,1.9958019256591797,9.804200002690777,0.08489997708238661,1,,0,9.673199994722381,1,0,,0,gesture,0.028900016332045197,1,0.07229999755509198,1
1787922478.8307855,3012,0.04923677444458008,20.310022565056123,1.9938945770263672,28.88369999709539,0.11799999629147351,1,,0,9.726899996167049,1,0,18.802700011292472,1,gesture,0.22010001703165472,1,0.10680002742446959,1
1787922478.8577147,3013,0.026929140090942383,37.134494329299066,12.964725494384766,10.852100007468835,0.0641999940853566,1,,0,10.750699992058799,1,0,,0,gesture,0.023900007363408804,1,0.05319999763742089,1
1787922478.9128294,3014,0.05511474609375,18.143964562569213,3.9887428283691406,40.62820001854561,0.05819997750222683,1,6.05090000317432,1,8.958899998106062,1,0,25.534500018693507,1,gesture,0.023300002794712782,1,0.047900015488266945,1
1787922478.9451318,3015,0.0323023796081543,30.957471620684057,1.382589340209961,9.380400006193668,0.056199991377070546,1,,0,9.278400015318766,1,0,,0,gesture,0.021899992134422064,1,0.04650000482797623,1
1787922478.9991403,3016,0.05400848388671875,18.51560954937138,1.0538101196289062,30.740000016521662,0.05989999044686556,1,,0,9.211900003720075,1,0,21.43580000847578,1,gesture,0.02239999594166875,1,0.04990000161342323,1
1787922479.0220804,3017,0.02294015884399414,43.591677232950175,10.969877243041992,9.496199985733256,0.06469999789260328,1,,0,9.3920000072103,1,0,,0,gesture,0.02549999044276774,1,0.05379997310228646,1
1787922479.0712433,3018,0.049162864685058594,20.340555954297685,1.9946098327636719,34.39559999969788,0.055599986808374524,1,6.091299990657717,1,8.792800013907254,1,0,19.431900000199676,1,gesture,0.021499989088624716,1,0.04549999721348286,1
1787922479.1182024,3019,0.04695916175842285,21.29509902975716,0.9989738464355469,9.11329998052679,0.05560001591220498,1,,0,9.019499993883073,1,0,,0,gesture,0.022099993657320738,1,0.04579999949783087,1
1787922479.167165,3020,0.04896259307861328,20.423754893749635,0.9963512420654297,31.145399989327416,0.1002000062726438,1,,0,8.613099984358996,1,0,22.385899996152148,1,gesture,0.03320001997053623,1,0.0838999985717237,1
1787922479.1895645,3021,0.022399425506591797,44.64400212879191,13.424873352050781,9.8629999847617,0.05980001878924668,1,,0,9.756099985679612,1,0,,0,gesture,0.03369999467395246,1,0.04990000161342323,1
1787922479.2347593,3022,0.04519486427307129,22.126407858156476,0.0,33.14949999912642,0.052099989261478186,1,5.502799991518259,1,8.44380000489764,1,0,19.128100015223026,1,gesture,0.02030000905506313,1,0.04300000728107989,1
1787922479.2807896,3023,0.046030282974243164,21.72482842565975,1.9965171813964844,9.936600021319464,0.05219999002292752,1,,0,9.849900001427159,1,0,,0,gesture,0.018999999156221747,1,0.04320000880397856,1
1787922479.3307493,3024,0.049959659576416016,20.01614919874395,0.9968280792236328,29.625599971041083,0.05299999611452222,1,,0,8.926999988034368,1,0,20.61509998748079,1,gesture,0.020000006770715117,1,0.04379998426884413,1
1787922479.352691,3025,0.021941661834716797,45.57539932630664,10.971546173095703,8.862700022291392,0.05390000296756625,1,,0,8.775800000876188,1,0,,0,gesture,0.020199979189783335,1,0.044599990360438824,1
1787922479.406889,3026,0.05419802665710449,18.450856270592944,3.988981246948242,36.46679999656044,0.05220001912675798,1,6.364000000758097,1,9.050499997101724,1,0,20.977699983632192,1,gesture,0.020000006770715117,1,0.04290000651963055,1
1787922479.449305,3027,0.04241609573364258,23.575955841849066,1.9955635070800781,9.34879999840632,0.05530001362785697,1,,0,9.255300014046952,1,0,,0,gesture,0.022499996703118086,1,0.04549999721348286,1
1787922479.5057724,3028,0.056467294692993164,17.709366199264487,1.9958019256591797,30.83049997803755,0.07700000423938036,1,,0,9.163099981378764,1,0,21.552299993345514,1,gesture,0.02609999501146376,1,0.06379999103955925,1
1787922479.5306082,3029,0.024835824966430664,40.26441647707092,41.412353515625,10.879699984798208,0.09190000128000975,1,,0,10.72230000863783,1,0,,0,gesture,0.05199998850002885,1,0.07999999797903001,1
1787922479.5814707,3030,0.05086255073547363,19.660830720048,6.983041763305664,36.67980001773685,0.055899989092722535,1,4.988400003639981,1,9.121199982473627,1,0,22.487400012323633,1,gesture,0.024200009647756815,1,0.046200002543628216,1
1787922479.6092167,3031,0.027745962142944336,36.04128034371644,0.5047321319580078,8.964700013166294,0.05509998300112784,1,,0,8.87469999724999,1,0,,0,gesture,0.02060001133941114,1,0.04490002174861729,1
1787922479.6671693,3032,0.0579526424407959,17.255468566797354,0.0,29.339500004425645,0.056899996707215905,1,,0,8.542700001271442,1,0,20.708700001705438,1,gesture,0.020899984519928694,1,0.04809998790733516,1
1787922479.6869967,3033,0.01982736587524414,50.435343065342344,9.855031967163086,8.795600006124005,0.05729999975301325,1,,0,8.702499995706603,1,0,,0,gesture,0.02269999822601676,1,0.04779998562298715,1
1787922479.742067,3034,0.05507040023803711,18.15857512706618,1.9795894622802734,36.22849998646416,0.06769999163225293,1,5.178699997486547,1,9.368600003654137,1,0,21.587600000202656,1,gesture,0.023100001271814108,1,0.05639999289996922,1
1787922479.7804947,3035,0.03842759132385254,26.022968537694585,1.9941329956054688,9.513099998002872,0.056500022765249014,1,,0,9.418900008313358,1,0,,0,gesture,0.022099993657320738,1,0.04640000406652689,1
1787922479.8273678,3036,0.04687309265136719,21.334201424211596,0.9980201721191406,26.758799998788163,0.051799986977130175,1,,0,8.288799988804385,1,0,18.384900002274662,1,gesture,0.020100007532164454,1,0.042800005758181214,1
1787922479.8485222,3037,0.021154403686523438,47.271481381300156,2.99072265625,9.197599982144311,0.06700001540593803,1,,0,9.094499982893467,1,0,,0,gesture,0.02340000355616212,1,0.0557999883312732,1
1787922479.903376,3038,0.05485391616821289,18.230238966593358,2.9916763305664062,35.50820000236854,0.07360000745393336,1,6.145300023490563,1,9.375099994940683,1,0,19.885099987732247,1,gesture,0.026299996534362435,1,0.060699996538460255,1
1787922479.983927,3039,0.0805509090423584,12.414509182933507,1.9938945770263672,8.914700010791421,0.08040000102482736,1,,0,8.786199992755428,1,0,,0,gesture,0.027300004148855805,1,0.06760001997463405,1
1787922480.0241268,3040,0.04019975662231445,24.875772492734715,20.461082458496094,28.386399993905798,0.05900001269765198,1,,0,9.821799991186708,1,0,18.470799986971542,1,gesture,0.02370000584051013,1,0.04909999552182853,1
1787922480.050567,3041,0.026440143585205078,37.82127720968818,1.9946098327636719,11.036799987778068,0.0990999978967011,1,,0,10.886699979892,1,0,,0,gesture,0.03160000778734684,1,0.08429997251369059,1
1787922480.1015463,3042,0.0509793758392334,19.615775664919116,22.942781448364258,36.95069998502731,0.06819999543949962,1,6.611999997403473,1,9.620800003176555,1,0,20.621999981813133,1,gesture,0.024900014977902174,1,0.05600001895800233,1
1787922480.1324644,3043,0.030918121337890625,32.34349167180753,10.970592498779297,17.48000000952743,0.09099999442696571,1,,0,17.345700005535036,1,0,,0,gesture,0.028000009479001164,1,0.07670000195503235,1
1787922480.1917417,3044,0.05927729606628418,16.869865300228856,9.972333908081055,46.19640001328662,0.052099989261478186,1,,0,18.058199988445267,1,0,28.053199988789856,1,gesture,0.020700012100860476,1,0.04300000728107989,1
1787922480.2228749,3046,0.031133174896240234,32.12007780551684,5.982875823974609,18.68909999029711,0.05440000677481294,1,,0,18.603399978019297,1,0,,0,gesture,0.020500010577961802,1,0.0447999918833375,1
1787922480.312257,3047,0.08938217163085938,11.187913447996245,1.9943714141845703,41.8301000026986,0.05709999823011458,1,5.861499987076968,1,17.001100000925362,1,0,18.8833000138402,1,gesture,0.021700019715353847,1,0.045500026317313313,1
1787922480.3441725,3048,0.03191542625427246,31.332810410643717,26.461124420166016,17.938100005267188,0.05469997995533049,1,,0,17.847999988589436,1,0,,0,gesture,0.020500010577961802,1,0.045900000259280205,1
1787922480.3999767,3049,0.05580425262451172,17.919781252670255,16.684293746948242,42.62530000414699,0.057199998991563916,1,,0,19.592099997680634,1,0,22.94269998674281,1,gesture,0.022799998987466097,1,0.047299981815740466,1
1787922480.427902,3050,0.02792525291442871,35.80988158153116,39.17741775512695,18.823199992766604,0.06970000686123967,1,,0,18.715100013650954,1,0,,0,gesture,0.02549999044276774,1,0.05810000584460795,1
1787922480.4862537,3051,0.058351755142211914,17.137445095916156,3.988981246948242,47.14589999639429,0.1328999933321029,1,6.582400004845113,1,19.173999986378476,1,0,21.215599990682676,1,gesture,0.038300000596791506,1,0.11750002158805728,1
1787922480.5185237,3053,0.032269954681396484,30.988577761359437,13.963460922241211,22.26399999926798,0.0769999751355499,1,,0,22.144699993077666,1,0,,0,gesture,0.029600021662190557,1,0.06369999027810991,1
1787922480.5899754,3054,0.07145166397094727,13.995475324501985,0.9980201721191406,37.25049999775365,0.057199998991563916,1,,0,17.92290000594221,1,0,19.237500004237518,1,gesture,0.021899992134422064,1,0.047299981815740466,1
1787922480.617902,3055,0.02792668342590332,35.808047262513554,1.9948482513427734,18.081899994285777,0.06230000872164965,1,,0,17.984000005526468,1,0,,0,gesture,0.02269999822601676,1,0.051700015319511294,1
1787922480.694835,3056,0.07693290710449219,12.998338911615223,0.9992122650146484,43.87059999862686,0.05910001345910132,1,6.05540000833571,1,15.36429999396205,1,0,22.353999986080453,1,gesture,0.03540000761859119,1,0.048299989430233836,1
1787922480.7227619,3058,0.027926921844482422,35.80774156094729,0.9975433349609375,18.42079998459667,0.05470000905916095,1,,0,18.331200000829995,1,0,,0,gesture,0.02099998528137803,1,0.04529999569058418,1
1787922480.8366222,3059,0.1138603687286377,8.782687173473768,0.9970664978027344,35.53919997648336,0.05800000508315861,1,,0,16.336700005922467,1,0,19.110900000669062,1,gesture,0.022099993657320738,1,0.04839999019168317,1
1787922480.8697062,3060,0.03308391571044922,30.22616817041884,45.546531677246094,22.71310001378879,0.06550000398419797,1,,0,22.604099998716265,1,0,,0,gesture,0.02519998815841973,1,0.0543000060133636,1
1787922480.9299204,3061,0.06021428108215332,16.607355963208306,0.9975433349609375,49.54879998695105,0.08900000830180943,1,6.781900010537356,1,19.61940000182949,1,0,23.024899972369894,1,gesture,0.031000003218650818,1,0.0771000050008297,1
1787922480.9597178,3063,0.02979731559753418,33.560070091775415,2.5022029876708984,19.289599993498996,0.06709998706355691,1,,0,19.182100018952042,1,0,,0,gesture,0.025399989681318402,1,0.05549998604692519,1
1787922481.0141225,3064,0.05440473556518555,18.38075288137079,3.4999847412109375,43.00599999260157,0.06250001024454832,1,,0,17.907700006617233,1,0,25.001500005600974,1,gesture,0.022499996703118086,1,0.05229999078437686,1
1787922481.0430439,3065,0.02892136573791504,34.57651374634187,25.196075439453125,18.52139999391511,0.07270000060088933,1,,0,18.40009997249581,1,0,,0,gesture,0.02880001557059586,1,0.06080002640374005,1
1787922481.098573,3066,0.055529117584228516,18.008569981022386,8.976221084594727,43.76220001722686,0.06819999543949962,1,5.772900010924786,1,16.109899996081367,1,0,21.783200005302206,1,gesture,0.02509998739697039,1,0.05709999823011458,1
1787922481.1954086,3067,0.09683561325073242,10.32677923369723,0.9984970092773438,10.535200010053813,0.06650001159869134,1,,0,10.419199999887496,1,0,,0,gesture,0.03160000778734684,1,0.055199983762577176,1
1787922481.2385414,3070,0.043132781982421875,23.184222163261698,2.991914749145508,33.115900005213916,0.06670001312159002,1,,0,9.975199995096773,1,0,23.03770001162775,1,gesture,0.023800006601959467,1,0.05539998528547585,1
1787922481.2895536,3071,0.051012277603149414,19.60312393380102,1.993417739868164,8.003099996130913,0.12200002674944699,1,,0,7.833600015146658,1,0,,0,gesture,0.03179998020641506,1,0.10320000001229346,1
1787922481.3438878,3072,0.054334163665771484,18.40462671241893,2.9916763305664062,36.246700008632615,0.06450002547353506,1,6.564900017110631,1,9.62889997754246,1,0,19.962799997301772,1,gesture,0.02300000051036477,1,0.05289999535307288,1
1787922481.3709676,3073,0.02707982063293457,36.92786645653762,2.9935836791992188,7.952899992233142,0.05500001134350896,1,,0,7.865099993068725,1,0,,0,gesture,0.018499995348975062,1,0.045599997974932194,1
1787922481.4098842,3074,0.038916587829589844,25.695983532237115,9.974241256713867,30.422799987718463,0.052300019888207316,1,,0,8.59479999053292,1,0,21.744999976363033,1,gesture,0.019800005247816443,1,0.043599982745945454,1
1787922481.4487817,3075,0.03889751434326172,25.70858361732905,0.9980201721191406,9.25410000490956,0.05490001058205962,1,,0,9.161699999822304,1,0,,0,gesture,0.021499989088624716,1,0.04549999721348286,1
1787922481.5897818,3076,0.14100003242492676,7.092196950610165,2.4063587188720703,32.677500013960525,0.054100004490464926,1,4.811900027561933,1,8.702299994183704,1,0,19.086799991782755,1,gesture,0.020099978428333998,1,0.04469999112188816,1
1787922481.609049,3078,0.01926732063293457,51.90135250516625,30.204296112060547,8.980700018582866,0.05829997826367617,1,,0,8.88809998286888,1,0,,0,gesture,0.0213000166695565,1,0.04840001929551363,1
1787922481.6674802,3079,0.058431148529052734,17.114159573686745,1.9948482513427734,31.255000008968636,0.05649999366141856,1,,0,8.983799983980134,1,0,22.17979999841191,1,gesture,0.023600005079060793,1,0.04679997800849378,1
1787922481.6863074,3081,0.018827199935913086,53.11464282548406,6.981849670410156,9.658299997681752,0.06739998934790492,1,,0,9.298799996031448,1,0,,0,gesture,0.27870002668350935,1,0.05649999366141856,1
1787922481.7652485,3082,0.07894110679626465,12.667671389265577,2.9916763305664062,39.97529999469407,0.050799979362636805,1,6.409200024791062,1,9.657599992351606,1,0,23.835599975427613,1,gesture,0.02020000829361379,1,0.04119999357499182,1
1787922481.8026836,3083,0.037435054779052734,26.712930057192352,3.499269485473633,9.361500007798895,0.07109998841769993,1,,0,9.24680000753142,1,0,,0,gesture,0.02820001100189984,1,0.05980001878924668,1
1787922481.8463976,3084,0.043714046478271484,22.875942187073903,9.972095489501953,32.662900019204244,0.09919999865815043,1,,0,9.078400005819276,1,0,23.444500024197623,1,gesture,0.026900001103058457,1,0.08219998562708497,1
1787922481.876259,3085,0.0298614501953125,33.48799182422075,1.4333724975585938,10.428100009448826,0.06429999484680593,1,,0,10.324699978809804,1,0,,0,gesture,0.023900007363408804,1,0.053099996875971556,1
1787922481.9191434,3086,0.04288434982299805,23.31853004948018,17.46225357055664,32.71689999382943,0.05909998435527086,1,6.026299990480766,1,8.678600017447025,1,0,17.928599991137162,1,gesture,0.021899992134422064,1,0.04859999171458185,1
1787922481.9765725,3087,0.05742907524108887,17.412782563570318,0.9980201721191406,10.282500006724149,0.05800000508315861,1,,0,10.186600004089996,1,0,,0,gesture,0.022599997464567423,1,0.047600013203918934,1
1787922482.0144858,3088,0.03791332244873047,26.375952710350898,17.952442169189453,27.200300013646483,0.05199998850002885,1,,0,8.583399991039187,1,0,18.53480000863783,1,gesture,0.019500002963468432,1,0.042800005758181214,1
1787922482.048742,3089,0.0342562198638916,29.191779010446755,2.991914749145508,10.652299999492243,0.06550000398419797,1,,0,10.54760001716204,1,0,,0,gesture,0.023599975975230336,1,0.05390000296756625,1
1787922482.0950475,3090,0.04630541801452637,21.595745009499584,19.887208938598633,36.298500024713576,0.06719998782500625,1,6.185000005643815,1,9.420699992915615,1,0,20.60300001176074,1,gesture,0.02030000905506313,1,0.05780000356025994,1
1787922482.1157684,3091,0.020720958709716797,48.26031526866874,0.9970664978027344,9.333499998319894,0.061700004152953625,1,,0,9.235000004991889,1,0,,0,gesture,0.022899999748915434,1,0.05089998012408614,1
1787922482.16609,3092,0.05032157897949219,19.87219042565288,0.9973049163818359,28.96399999735877,0.05080000846646726,1,,0,8.848500001477078,1,0,20.037699985550717,1,gesture,0.01689998316578567,1,0.04270000499673188,1
1787922482.215662,3093,0.049571990966796875,20.172681800692573,2.9914379119873047,10.213100002147257,0.06730001769028604,1,,0,10.105599998496473,1,0,,0,gesture,0.024599983589723706,1,0.0557999883312732,1
1787922482.263658,3094,0.04799604415893555,20.835050419750633,21.45075798034668,37.7034000121057,0.05039997631683946,1,6.809099984820932,1,8.434299990767613,1,0,22.38870001747273,1,gesture,0.01880002673715353,1,0.04159999662078917,1
1787922482.2856,3095,0.0219419002532959,45.57490410839826,5.9833526611328125,9.47190000442788,0.07489998824894428,1,,0,9.358899988001212,1,0,,0,gesture,0.0247000134550035,1,0.062700011767447,1
1787922482.3700829,3096,0.08448290824890137,11.836713729762069,1.5516281127929688,29.565800010459498,0.052300019888207316,1,,0,8.51340001099743,1,0,20.96940000774339,1,gesture,0.020299979951232672,1,0.043599982745945454,1
1787922482.390034,3097,0.01995110511779785,50.12253677656816,38.33603858947754,9.257300000172108,0.054599979193881154,1,,0,9.170300007099286,1,0,,0,gesture,0.020800012862309813,1,0.04549999721348286,1
1787922482.443878,3098,0.05384397506713867,18.572180058271858,0.9989738464355469,35.73800000594929,0.06620000931434333,1,5.805099994176999,1,10.034800012363121,1,0,19.805500021902844,1,gesture,0.023699976736679673,1,0.054800009820610285,1
1787922482.489755,3099,0.04587697982788086,21.797424410930144,2.992868423461914,10.775900009321049,0.07169999298639596,1,,0,10.658999992301688,1,0,,0,gesture,0.02549999044276774,1,0.06029999349266291,1
1787922482.533002,3101,0.04324698448181152,23.1229994872954,20.700693130493164,30.568000016501173,0.07129998994059861,1,,0,9.434400009922683,1,0,21.024600020609796,1,gesture,0.026599998818710446,1,0.05929998587816954,1
1787922482.5649168,3102,0.03191494941711426,31.33327855013783,0.9973049163818359,10.654899990186095,0.07979999645613134,1,,0,10.526199999731034,1,0,,0,gesture,0.02880001557059586,1,0.06670001312159002,1
1787922482.6777956,3103,0.11287879943847656,8.859059495446173,1.9946098327636719,31.466899992665276,0.05269999383017421,1,5.297499999869615,1,7.731199992122129,1,0,18.36319998255931,1,gesture,0.020000006770715117,1,0.04270000499673188,1
1787922482.6957476,3105,0.01795196533203125,55.70420739481513,18.950223922729492,8.096800011117011,0.05340002826415002,1,,0,8.010799996554852,1,0,,0,gesture,0.020199979189783335,1,0.044100015657022595,1
1787922482.7468631,3106,0.05111551284790039,19.563532561545564,1.9962787628173828,32.28680000756867,0.06250001024454832,1,,0,8.893699996406212,1,0,23.296300001675263,1,gesture,0.023200002033263445,1,0.0523999915458262,1
1787922482.7934103,3107,0.04654717445373535,21.483581156874095,1.9969940185546875,9.177700005238876,0.10530001600272954,1,,0,9.036799980094656,1,0,,0,gesture,0.02020000829361379,1,0.09560000034980476,1
1787922482.8424172,3108,0.04900693893432617,20.40527365604476,4.984617233276367,35.50249998806976,0.05989999044686556,1,5.60639999457635,1,10.317100008251145,1,0,19.494100008159876,1,gesture,0.02269999822601676,1,0.04880002234131098,1
1787922482.8633614,3109,0.02094411849975586,47.74610113152563,19.9432373046875,9.784099995158613,0.05849997978657484,1,,0,9.691499988548458,1,0,,0,gesture,0.022400025045499206,1,0.04850002005696297,1
1787922482.9195085,3110,0.056147098541259766,17.81035932364606,1.995086669921875,29.469800007063895,0.05199998850002885,1,,0,8.772800007136539,1,0,20.616900001186877,1,gesture,0.018399994587525725,1,0.043100008042529225,1
1787922482.9686406,3111,0.04913210868835449,20.353288851146427,2.992391586303711,9.546500019496307,0.1036000030580908,1,,0,9.390199993504211,1,0,,0,gesture,0.03530000685714185,1,0.08840000373311341,1
1787922483.0191662,3112,0.050525665283203125,19.7919214798037,9.973526000976562,38.77169999759644,0.04939999780617654,1,6.5642000117804855,1,8.616499981144443,1,0,23.521299997810274,1,gesture,0.018200022168457508,1,0.04060001811012626,1
1787922483.041143,3113,0.021976709365844727,45.50271759766536,5.985021591186523,10.540699993725866,0.06820002454333007,1,,0,10.43490000301972,1,0,,0,gesture,0.02449998282827437,1,0.05649999366141856,1
1787922483.0865774,3114,0.04543447494506836,22.009718417766024,20.943403244018555,31.309900019550696,0.05420000525191426,1,,0,8.38750001275912,1,0,22.838400007458404,1,gesture,0.019499973859637976,1,0.04529999569058418,1
1787922483.135926,3115,0.04934859275817871,20.264002357681548,1.9931793212890625,10.1237999915611,0.07360000745393336,1,,0,10.000999987823889,1,0,,0,gesture,0.032899988582357764,1,0.062400009483098984,1
1787922483.1859686,3116,0.05004262924194336,19.982962828856472,9.972095489501953,37.32709999894723,0.05299999611452222,1,5.837100005010143,1,9.15040000109002,1,0,22.26410000002943,1,gesture,0.02039998071268201,1,0.04320000880397856,1
1787922483.2062287,3117,0.020260095596313477,49.358108664697504,3.987550735473633,10.17870000214316,0.057900004321709275,1,,0,10.089100018376485,1,0,,0,gesture,0.01969997538253665,1,0.04879999323748052,1
1787922483.2441318,3118,0.0379030704498291,26.383086861621493,15.751361846923828,26.703500014264137,0.06609997944906354,1,,0,8.198099996661767,1,0,18.410200020298362,1,gesture,0.019400002202019095,1,0.041799998143687844,1
1787922483.2809956,3119,0.03686380386352539,27.126880440828366,1.9936561584472656,9.689400001661852,0.006699992809444666,1,,0,9.64810000732541,1,0,,0,gesture,0.018799997633323073,1,,
1787922483.3682613,3120,0.0872657299041748,11.459252115327347,2.9916763305664062,33.74829998938367,0.05420000525191426,1,5.0435000157449394,1,9.231999982148409,1,0,19.395299983443692,1,gesture,0.02120001590810716,1,0.04460001946426928,1
1787922483.388208,3121,0.019946575164794922,50.13391982022902,43.25366020202637,9.352499997476116,0.06540000322274864,1,,0,9.253299998817965,1,0,,0,gesture,0.022899999748915434,1,0.0549999822396785,1
1787922483.4267414,3122,0.03853344917297363,25.951479077595113,0.9980201721191406,26.94750000955537,0.05569998756982386,1,,0,8.442799997283146,1,0,18.417399987811223,1,gesture,0.020800012862309813,1,0.04579999949783087,1
1787922483.4811845,3123,0.0544431209564209,18.36779344079947,2.993345260620117,10.439700010465458,0.07530002039857209,1,,0,10.32080000732094,1,0,,0,gesture,0.025999994250014424,1,0.06279998342506588,1
1787922483.533047,3125,0.051862478256225586,19.28176272370786,15.950441360473633,38.392099988413975,0.07219999679364264,1,6.966199987800792,1,9.43639999604784,1,0,21.8864000053145,1,gesture,0.02820001100189984,1,0.05979998968541622,1
1787922483.5770655,3126,0.04401850700378418,22.71771734361713,2.9926300048828125,8.66590000805445,0.050799979362636805,1,,0,8.578800014220178,1,0,,0,gesture,0.01920000067912042,1,0.04199999966658652,1
1787922483.667402,3127,0.09033656120300293,11.069715148364075,1.9941329956054688,31.145299988565966,0.007599999662488699,1,,0,9.730999998282641,1,0,21.37830000719987,1,gesture,0.01829999382607639,1,,
1787922483.686926,3128,0.01952385902404785,51.219382334623695,39.1995906829834,9.733799990499392,0.006999995093792677,1,,0,9.694000007584691,1,0,,0,gesture,0.02139998832717538,1,,
1787922483.7422338,3129,0.055307865142822266,18.08061109243118,1.0006427764892578,37.5456000037957,0.006399990525096655,1,5.664600001182407,1,8.98750001215376,1,0,22.866699990117922,1,gesture,0.018499995348975062,1,,
1787922483.762488,3130,0.020254135131835938,49.37263395799981,46.64039611816406,10.013400024035946,0.007199996616691351,1,,0,9.955200017429888,1,0,,0,gesture,0.021799991372972727,1,,
1787922483.8333714,3131,0.07088351249694824,14.107653032051045,0.9968280792236328,26.55060001416132,0.005499983672052622,1,,0,8.095299999695271,1,0,18.42070001293905,1,gesture,0.01750001683831215,1,,
1787922483.8508983,3132,0.017526865005493164,57.05526913607117,34.48057174682617,8.115699980407953,0.006000016583129764,1,,0,8.080300001893193,1,0,,0,gesture,0.018799997633323073,1,,
1787922483.9110665,3133,0.06016826629638672,16.620056743434088,0.9970664978027344,36.11399998771958,0.006400019628927112,1,5.998699984047562,1,8.537599991541356,1,0,21.550400007981807,1,gesture,0.019400002202019095,1,,
1787922483.9314544,3134,0.020387887954711914,49.04872943295172,45.38989067077637,9.40660000196658,0.006299989763647318,1,,0,9.370200015837327,1,0,,0,gesture,0.018799997633323073,1,,
1787922483.9792228,3135,0.047768354415893555,20.934361508322727,2.992391586303711,33.07969999150373,0.06980000762268901,1,,0,10.203100013313815,1,0,22.769899980630726,1,gesture,0.025399989681318402,1,0.05889998283237219,1
1787922484.001678,3136,0.022455215454101562,44.533084175656164,16.903162002563477,10.046899988083169,0.06680001388303936,1,,0,9.941799973603338,1,0,,0,gesture,0.02440001117065549,1,0.05599998985417187,1
1787922484.077958,3137,0.07628011703491211,13.109576110670059,0.9980201721191406,33.37910000118427,0.05080000846646726,1,5.423199996585026,1,7.972999999765307,1,0,19.91099998122081,1,gesture,0.01920000067912042,1,0.042100000428035855,1
1787922484.0989025,3138,0.02094435691833496,47.74555761722085,43.58649253845215,9.151500009465963,0.055899989092722535,1,,0,9.05999998212792,1,0,,0,gesture,0.020800012862309813,1,0.04600000102072954,1
1787922484.1453733,3139,0.04647088050842285,21.51885200063618,0.9970664978027344,30.382900004042313,0.05460000829771161,1,,0,8.804600016446784,1,0,21.49220000137575,1,gesture,0.021499989088624716,1,0.04499999340623617,1
1787922484.167313,3140,0.021939754486083984,45.57936145704288,20.54429054260254,10.094800003571436,0.05319999763742089,1,,0,10.006500000599772,1,0,,0,gesture,0.020599982235580683,1,0.044100015657022595,1
1787922484.223017,3141,0.05570387840270996,17.952071357949656,2.9959678649902344,37.476500001503155,0.05509998300112784,1,6.916299986187369,1,9.725700016133487,1,0,20.75739999418147,1,gesture,0.020100007532164454,1,0.04569999873638153,1
1787922484.2451591,3142,0.02214217185974121,45.1626880296325,29.265165328979492,11.534699995536357,0.0906999921426177,1,,0,11.40229997690767,1,0,,0,gesture,0.029000017093494534,1,0.076299998909235,1
1787922484.3077955,3143,0.0626363754272461,15.965163903226298,1.9960403442382812,34.30349999689497,0.007400027243420482,1,,0,9.76379998610355,1,0,24.498899991158396,1,gesture,0.02300000051036477,1,,
1787922484.3293738,3144,0.021578311920166016,46.34282809979449,1.9962787628173828,9.256699995603412,0.006799993570894003,1,,0,9.199499996611848,1,0,,0,gesture,0.037500023609027267,1,,
1787922484.375677,3145,0.04630327224731445,21.596745790638998,5.98454475402832,34.83649998088367,0.007499998901039362,1,5.828900000778958,1,10.215500020422041,1,0,18.760899984044954,1,gesture,0.02139998832717538,1,,
1787922484.4010177,3146,0.025340557098388672,39.462431552603356,2.9935836791992188,9.374000015668571,0.006399990525096655,1,,0,9.33399997302331,1,0,,0,gesture,0.01680001150816679,1,,
1787922484.4687786,3147,0.06776094436645508,14.757763625488195,0.9975433349609375,29.896299995016307,0.005999987479299307,1,,0,9.09400000819005,1,0,20.767099980730563,1,gesture,0.01819999306462705,1,,
1787922484.4990468,3148,0.030268192291259766,33.03798226129149,1.903533935546875,10.690900002373382,0.006400019628927112,1,,0,10.646500013535842,1,0,,0,gesture,0.020299979951232672,1,,
1787922484.5451694,3149,0.04612255096435547,21.681367987924652,21.943092346191406,34.48479998041876,0.006699992809444666,1,6.130500027211383,1,10.459299985086545,1,0,17.866199981654063,1,gesture,0.02060001133941114,1,,
1787922484.5681078,3150,0.02293848991394043,43.59484882186029,0.9975433349609375,11.011499998858199,0.006299989763647318,1,,0,10.973299999022856,1,0,,0,gesture,0.018699996871873736,1,,
1787922484.6579318,3151,0.08982396125793457,11.132886882247863,1.996755599975586,32.040399994002655,0.005700014298781753,1,,0,9.79199999710545,1,0,22.214900003746152,1,gesture,0.017799990018829703,1,,
1787922484.6780522,3152,0.02012038230895996,49.70084487682336,33.910274505615234,9.982299990952015,0.005900015821680427,1,,0,9.94610000634566,1,0,,0,gesture,0.017699989257380366,1,,
1787922484.727529,3153,0.04947686195373535,20.211467755070572,0.9968280792236328,27.198099996894598,0.004799978341907263,1,5.557199998293072,1,,0,0,21.51880000019446,1,gesture,0.014100020052865148,1,,
1787922484.7385,3154,0.0109710693359375,91.14881780250347,36.51285171508789,0.04579999949783087,0.006599992047995329,1,,0,,0,0,,0,gesture,0.015700003132224083,1,,
1787922484.7865858,3155,0.048085689544677734,20.796207966839543,0.9982585906982422,17.71089999238029,0.0048000074457377195,1,,0,,0,0,17.675999988568947,1,gesture,0.013599987141788006,1,,
1787922484.8065536,3156,0.01996779441833496,50.0806438132082,6.553173065185547,0.0357000099029392,0.004799978341907263,1,,0,,0,0,,0,gesture,0.01200000406242907,1,,
1787922484.8594675,3157,0.05291390419006348,18.898624384397372,3.8709640502929688,21.881199994822964,0.0048000074457377195,1,5.064799974206835,1,,0,0,16.79080000030808,1,gesture,0.011900003300979733,1,,
1787922484.8690674,3158,0.009599924087524414,104.16749037625729,3.6530494689941406,0.02929999027401209,0.0046000059228390455,1,,0,,0,0,,0,gesture,0.009799987310543656,1,,
1787922484.9203615,3159,0.05129408836364746,19.495423973822064,0.0,16.853000008268282,0.0046000059228390455,1,,0,,0,0,16.82049999362789,1,gesture,0.012699980288743973,1,,
1787922484.9765692,3160,0.05620765686035156,17.79117038243578,8.015155792236328,0.03399999695830047,0.0050000089686363935,1,,0,,0,0,,0,gesture,0.010799994925037026,1,,
1787922485.028542,3161,0.05197286605834961,19.240809211431717,7.526874542236328,21.601400017971173,0.0051000097300857306,1,4.833800019696355,1,,0,0,16.74059999641031,1,gesture,0.012599979527294636,1,,
1787922485.0378122,3162,0.009270191192626953,107.87264029628106,4.330158233642578,0.03940000897273421,0.0052000104915350676,1,,0,,0,0,,0,hover,0.01659998088143766,1,,
1787922485.0886815,3163,0.05086922645568848,19.65825057062912,1.9965171813964844,17.87700000568293,0.0048999791033566,1,,0,,0,0,17.84139999654144,1,hover,0.015199999324977398,1,,
1787922485.1466641,3164,0.057982683181762695,17.246528534480277,12.55345344543457,0.03649998689070344,0.0043000036384910345,1,,0,,0,0,,0,hover,0.013900018529966474,1,,
1787922485.1986375,3165,0.05197334289550781,19.24063268376821,8.014440536499023,20.999300002586097,0.0049000082071870565,1,5.048199993325397,1,,0,0,15.917200013063848,1,hover,0.017600017599761486,1,,
1787922485.2080731,3166,0.009435653686523438,105.980998585001,8.40449333190918,0.031800009310245514,0.0042000028770416975,1,,0,,0,0,,0,hover,0.01279998105019331,1,,
1787922485.2562332,3167,0.04816007614135742,20.764086773136366,0.9968280792236328,19.44770000409335,0.004999979864805937,1,,0,,0,0,19.40900000045076,1,hover,0.01650000922381878,1,,
1787922485.30057,3168,0.044336795806884766,22.554629440423312,2.778291702270508,0.041399995097890496,0.007199996616691351,1,,0,,0,0,,0,hover,0.013899989426136017,1,,
1787922485.3591163,3169,0.05854630470275879,17.080497310240634,1.9938945770263672,23.323700006585568,0.0051000097300857306,1,5.459000007249415,1,,0,0,17.831699980888516,1,hover,0.01689998316578567,1,,
1787922485.3713458,3170,0.012229442596435547,81.76987561898078,4.986763000488281,0.03950000973418355,0.0050000089686363935,1,,0,,0,0,,0,hover,0.01610000617802143,1,,
1787922485.4211373,3171,0.049791574478149414,20.083719193070326,0.9984970092773438,17.67110000946559,0.0041000021155923605,1,,0,,0,0,17.63680001022294,1,hover,0.014999997802078724,1,,
1787922485.4698174,3172,0.04868006706237793,20.542288873978226,2.994060516357422,0.04050001734867692,0.0048000074457377195,1,,0,,0,0,,0,hover,0.015799974789842963,1,,
1787922485.5014462,3173,0.03162884712219238,31.616707246289415,0.9970664978027344,21.878400002606213,0.0049000082071870565,1,4.9112999986391515,1,,0,0,16.939799999818206,1,hover,0.013800017768517137,1,,
1787922485.5428264,3174,0.04138016700744629,24.166166362258803,0.9961128234863281,0.04509999416768551,0.0046000059228390455,1,,0,,0,0,,0,hover,0.017399986973032355,1,,
1787922485.58955,3175,0.04672360420227051,21.40245850193649,2.0813941955566406,19.820499990601093,0.0046000059228390455,1,,0,,0,0,19.783299998380244,1,hover,0.015400000847876072,1,,
1787922485.638399,3176,0.048848867416381836,20.471303694231455,3.992319107055664,0.03850000211969018,0.0048000074457377195,1,,0,,0,0,,0,hover,0.013800017768517137,1,,
1787922485.6919465,3177,0.05354762077331543,18.674966050001114,0.9963512420654297,23.161200020695105,0.0049000082071870565,1,5.092000006698072,1,,0,0,18.03730000392534,1,hover,0.016799982404336333,1,,
1787922485.7068021,3178,0.014855623245239258,67.31457734837664,1.6088485717773438,0.035900011425837874,0.004499976057559252,1,,0,,0,0,,0,hover,0.013600016245618463,1,,
1787922485.752637,3179,0.04583477973937988,21.817493302816718,0.9977817535400391,16.830000007757917,0.004499976057559252,1,,0,,0,0,16.794499999377877,1,hover,0.015300000086426735,1,,
1787922485.8089323,3180,0.05629539489746094,17.763442317465696,8.531808853149414,0.034999975468963385,0.0044000043999403715,1,,0,,0,0,,0,hover,0.01300001167692244,1,,
1787922485.8618143,3181,0.05288195610046387,18.910041793844087,4.790306091308594,21.41970000229776,0.0053000112529844046,1,4.7503000241704285,1,,0,0,16.63689999259077,1,hover,0.016600009985268116,1,,
1787922485.8717532,3182,0.009938955307006836,100.61419627221916,1.962900161743164,0.03460000152699649,0.0046000059228390455,1,,0,,0,0,,0,hover,0.013400014722719789,1,,
1787922485.9217327,3183,0.049979448318481445,20.00822405296977,0.9996891021728516,17.1734000032302,0.0043000036384910345,1,,0,,0,0,17.13640001253225,1,hover,0.016300007700920105,1,,
1787922485.9800382,3184,0.05830550193786621,17.151040069351588,6.981611251831055,0.039300008211284876,0.0053000112529844046,1,,0,,0,0,,0,hover,0.015400000847876072,1,,
1787922486.0310738,3185,0.05103564262390137,19.59414927660131,5.546092987060547,20.970199984731153,0.0050000089686363935,1,4.91300001158379,1,,0,0,16.02479998837225,1,hover,0.016700010746717453,1,,
1787922486.0420766,3186,0.011002779006958008,90.88612971028624,0.9949207305908203,0.035900011425837874,0.0043000036384910345,1,,0,,0,0,,0,hover,0.014199991710484028,1,,
1787922486.0890715,3187,0.046994924545288086,21.278893618316584,3.4863948822021484,16.668500000378117,0.004799978341907263,1,,0,,0,0,16.631600010441616,1,hover,0.015700003132224083,1,,
1787922486.1502657,3188,0.06119418144226074,16.34142293321697,10.970830917358398,0.04270000499673188,0.0047000066842883825,1,,0,,0,0,,0,hover,0.01610000617802143,1,,
1787922486.1951458,3189,0.04488015174865723,22.281564590073362,0.9973049163818359,22.584999998798594,0.0052000104915350676,1,5.075799999758601,1,,0,0,17.476700013503432,1,hover,0.016999983927235007,1,,
1787922486.207607,3190,0.012461185455322266,80.2491868518731,1.2879371643066406,0.0391000066883862,0.0048000074457377195,1,,0,,0,0,,0,hover,0.015300000086426735,1,,
1787922486.261092,3191,0.05348491668701172,18.696860011055044,4.98652458190918,17.504199990071356,0.0042000028770416975,1,,0,,0,0,17.468400008510798,1,hover,0.015700003132224083,1,,
1787922486.3062203,3192,0.04512834548950195,22.159021988356,0.9977817535400391,0.03880000440403819,0.0045000051613897085,1,,0,,0,0,,0,hover,0.015099998563528061,1,,
1787922486.360875,3193,0.054654598236083984,18.29672218393111,0.0,21.630499977618456,0.0050000089686363935,1,5.163900001207367,1,,0,0,16.437499987659976,1,hover,0.018099992303177714,1,,
1787922486.3728461,3194,0.011971235275268555,83.53356834159845,2.0308494567871094,0.03060000017285347,0.0040000013541430235,1,,0,,0,0,,0,hover,0.012500007869675756,1,,
1787922486.4293938,3195,0.05654764175415039,17.68420342527553,9.974002838134766,17.356200027279556,0.0047000066842883825,1,,0,,0,0,17.32140002422966,1,hover,0.016999983927235007,1,,
1787922486.4721906,3196,0.04279685020446777,23.366205578736846,1.9943714141845703,0.04040001658722758,0.005499983672052622,1,,0,,0,0,,0,hover,0.01680001150816679,1,,
1787922486.5168262,3197,0.04463553428649902,22.403674919210534,5.9833526611328125,32.70510002039373,0.005999987479299307,1,5.778099992312491,1,9.02009999845177,1,0,17.875100020319223,1,hover,0.02400000812485814,1,,
1787922486.5486367,3198,0.03181052207946777,31.436139196390428,0.9968280792236328,10.792799992486835,0.008500006515532732,1,,0,10.735199990449473,1,0,,0,hover,0.030800001695752144,1,,
1787922486.5994408,3199,0.05080413818359375,19.683435951344045,1.9946098327636719,28.820600011385977,0.006499991286545992,1,,0,8.58279998647049,1,0,20.19720000680536,1,hover,0.02340000355616212,1,,
1787922486.6497116,3200,0.050270795822143555,19.89226515406614,1.9979476928710938,9.510200005024672,0.005799985956400633,1,,0,9.460900007979944,1,0,,0,hover,0.023300002794712782,1,,
1787922486.7062943,3201,0.05658268928527832,17.67324976298325,2.9914379119873047,33.434699987992644,0.009099981980398297,1,5.4379000212065876,1,8.758399984799325,1,0,19.193399988580495,1,hover,0.03330002073198557,1,,
1787922486.72624,3202,0.019945621490478516,50.13631690932129,14.960289001464844,8.836799999698997,0.007700000423938036,1,,0,8.789799991063774,1,0,,0,hover,0.027700007194653153,1,,
1787922486.768647,3203,0.04240703582763672,23.580992646232037,3.9892196655273438,29.74770002765581,0.00790000194683671,1,,0,9.559800004353747,1,0,20.14270002837293,1,hover,0.02720000338740647,1,,
1787922486.815031,3204,0.04638409614562988,21.55911364232147,1.9941329956054688,7.205900008557364,0.005599984433501959,1,,0,7.160000008298084,1,0,,0,hover,0.026599998818710446,1,,
1787922486.876652,3205,0.06162095069885254,16.22824686504912,1.99127197265625,38.62060001119971,0.239099987084046,1,7.057899987557903,1,10.770799999590963,1,0,20.525600004475564,1,gesture,0.02500001573935151,1,0.23030000738799572,1
1787922486.8987207,3206,0.02206873893737793,45.31296522368549,21.448612213134766,9.269100002711639,0.062400009483098984,1,,0,9.170699981041253,1,0,,0,gesture,0.022599997464567423,1,0.05219999002292752,1
1787922486.9436173,3207,0.044896602630615234,22.27340024427805,9.482860565185547,32.20089999376796,0.06550000398419797,1,,0,9.31779999518767,1,0,22.781499981647357,1,gesture,0.023800006601959467,1,0.05449997843243182,1
1787922486.9806948,3208,0.03707742691040039,26.97058785704181,2.991199493408203,8.607299998402596,0.00580001506023109,1,,0,8.57100001303479,1,0,,0,gesture,0.01619997783564031,1,,
1787922487.0394669,3209,0.05877208709716797,17.01487984162786,0.9968280792236328,35.29289999278262,0.06540000322274864,1,6.390700000338256,1,8.571499987738207,1,0,20.236800017300993,1,gesture,0.0261999957729131,1,0.05549998604692519,1
1787922487.061751,3210,0.02228403091430664,44.875184559091004,18.115997314453125,9.771500015631318,0.04930002614855766,1,,0,9.691500017652288,1,0,,0,gesture,0.019599974621087313,1,0.04129999433644116,1
1787922487.103364,3211,0.041613101959228516,24.030892986054614,4.987955093383789,30.920700024580583,0.05269999383017421,1,,0,8.281500020530075,1,0,22.55460000014864,1,gesture,0.02139998832717538,1,0.043599982745945454,1
1787922487.1497247,3212,0.04636073112487793,21.569979069277093,1.9948482513427734,9.65409999480471,0.06620000931434333,1,,0,9.545399982016534,1,0,,0,gesture,0.022899999748915434,1,0.0549999822396785,1
1787922487.2096236,3213,0.05989885330200195,16.69481041578767,0.9977817535400391,38.37310001836158,0.062700011767447,1,6.403200008207932,1,9.824999986449257,1,0,22.056200017686933,1,gesture,0.023300002794712782,1,0.05219999002292752,1
1787922487.2293403,3214,0.019716739654541016,50.718324506034,17.965316772460938,7.958799978950992,0.08889997843652964,1,,0,7.830699993064627,1,0,,0,gesture,0.02600002335384488,1,0.07539999205619097,1
1787922487.2697542,3215,0.040413856506347656,24.743988484319324,6.980657577514648,28.359899995848536,0.05449997843243182,1,,0,9.066400001756847,1,0,19.21050000237301,1,gesture,0.018200022168457508,1,0.04499999340623617,1
1787922487.316628,3216,0.04687380790710449,21.333875881853277,1.9955635070800781,9.12659999448806,0.05600001895800233,1,,0,9.032800007844344,1,0,,0,gesture,0.020499981474131346,1,0.04640000406652689,1
1787922487.3726988,3217,0.056070804595947266,17.834593371828998,1.9919872283935547,35.726600006455556,0.055800017435103655,1,6.398900004569441,1,9.418400004506111,1,0,19.830300007015467,1,gesture,0.020499981474131346,1,0.04650000482797623,1
1787922487.3936424,3218,0.020943641662597656,47.74718819725878,15.956878662109375,9.328499989351258,0.057199998991563916,1,,0,9.235299978172407,1,0,,0,gesture,0.022000021999701858,1,0.04680000711232424,1
1787922487.446013,3219,0.052370548248291016,19.094701763650765,3.9882659912109375,38.61310001229867,0.05339999916031957,1,,0,10.677100013708696,1,0,27.850900019984692,1,gesture,0.019800005247816443,1,0.04390001413412392,1
1787922487.482159,3220,0.036145925521850586,27.665635491764892,1.9938945770263672,10.417399986181408,0.08349999552592635,1,,0,10.290200007148087,1,0,,0,gesture,0.02710000262595713,1,0.07040001219138503,1
1787922487.5326233,3221,0.05046439170837402,19.815952717291164,16.956090927124023,37.241000012727454,0.0686999992467463,1,5.8837000105995685,1,9.822899999562651,1,0,21.431800007121637,1,gesture,0.030800001695752144,1,0.057600002037361264,1
1787922487.5547087,3222,0.02208542823791504,45.278723565036216,11.965274810791016,9.662299999035895,0.06819999543949962,1,,0,9.550599992508069,1,0,,0,gesture,0.02750000567175448,1,0.05669999518431723,1
1787922487.5951092,3223,0.04040050506591797,24.75216580506574,2.9916763305664062,27.437200013082474,0.05210001836530864,1,,0,7.320099975913763,1,0,20.034900022437796,1,gesture,0.019700004486367106,1,0.04320000880397856,1
1787922487.6537154,3224,0.05860614776611328,17.063056319463655,8.975744247436523,8.515699999406934,0.059200014220550656,1,,0,8.420900005148724,1,0,,0,gesture,0.02069998299703002,1,0.04919999628327787,1
1787922487.7068586,3225,0.05314326286315918,18.817060641815353,0.9970664978027344,37.06830000737682,0.06180000491440296,1,5.622500000754371,1,9.743200003867969,1,0,21.61649998743087,1,gesture,0.021499989088624716,1,0.051700015319511294,1
1787922487.7238133,3226,0.016954660415649414,58.980833321614895,16.605377197265625,6.762399978470057,0.051300012273713946,1,,0,6.680899998173118,1,0,,0,gesture,0.019700004486367106,1,0.042400002712383866,1
1787922487.768569,3227,0.04475569725036621,22.343524097187817,1.8715858459472656,32.06440000212751,0.0633999879937619,1,,0,9.430600010091439,1,0,22.521299979416654,1,gesture,0.023300002794712782,1,0.052800023695454,1
1787922487.8110871,3228,0.04251813888549805,23.519373759350433,0.9968280792236328,8.896400016965345,0.007899972843006253,1,,0,8.847699995385483,1,0,,0,gesture,0.023600005079060793,1,,
1787922487.8719382,3229,0.060851097106933594,16.43355744667513,0.9973049163818359,35.289699997520074,0.08850000449456275,1,6.28210001741536,1,9.629999985918403,1,0,19.25909999408759,1,gesture,0.0261999957729131,1,0.076299998909235,1
1787922487.8948772,3230,0.022938966751098633,43.59394260650848,16.95394515991211,10.175200004596263,0.1482000225223601,1,,0,9.92080001742579,1,0,,0,gesture,0.09369998588226736,1,0.13840000610798597,1
1787922487.9433753,3231,0.04849815368652344,20.61934164470838,10.96963882446289,33.90779998153448,0.06799999391660094,1,,0,10.371999989729375,1,0,23.43129998189397,1,gesture,0.02400000812485814,1,0.05629999213851988,1
1787922487.9796398,3232,0.03626441955566406,27.575237995056014,1.9936561584472656,9.003500017570332,0.006799993570894003,1,,0,8.963400003267452,1,0,,0,gesture,0.01960000372491777,1,,
1787922488.043542,3233,0.06390213966369629,15.648928271616454,0.9977817535400391,38.58590000891127,0.0501000031363219,1,6.908200011821464,1,8.660699997562915,1,0,22.947899997234344,1,gesture,0.01689998316578567,1,0.04220000118948519,1
1787922488.0607696,3234,0.017227649688720703,58.04622325555648,14.996528625488281,8.246900019003078,0.055199983762577176,1,,0,8.15909999073483,1,0,,0,gesture,0.021400017431005836,1,0.04530002479441464,1
1787922488.1053252,3235,0.0445556640625,22.443835616438356,2.629518508911133,33.04170002229512,0.05750000127591193,1,,0,9.791499993298203,1,0,23.159300006227568,1,gesture,0.02239999594166875,1,0.04779998562298715,1
1787922488.1482315,3236,0.04290628433227539,23.306609173047644,1.9910335540771484,10.515399975702167,0.05669999518431723,1,,0,10.423500003525987,1,0,,0,gesture,0.020700012100860476,1,0.04650000482797623,1
1787922488.2090678,3237,0.0608363151550293,16.43755045734933,1.9941329956054688,36.89809999195859,0.1194999786093831,1,7.005599996773526,1,9.0658999979496,1,0,20.67140000872314,1,gesture,0.03160000778734684,1,0.0968000094871968,1
1787922488.225586,3238,0.016518115997314453,60.539591813169366,14.275789260864258,8.275600004708394,0.05199998850002885,1,,0,8.193599991500378,1,0,,0,gesture,0.01960000372491777,1,0.043199979700148106,1
1787922488.2668948,3239,0.04130887985229492,24.207870161951263,0.0,32.03259999281727,0.06349998875521123,1,,0,9.86610000836663,1,0,22.068799997214228,1,gesture,0.02239999594166875,1,0.05299999611452222,1
1787922488.315704,3240,0.04880928993225098,20.48790304853923,0.9975433349609375,10.432600014610216,0.007599999662488699,1,,0,10.38310001604259,1,0,,0,gesture,0.02239999594166875,1,,
1787922488.3769472,3241,0.06124305725097656,16.328381450683608,0.9965896606445312,39.4483000272885,0.053099996875971556,1,7.209400006104261,1,8.72059998800978,1,0,23.44360001734458,1,gesture,0.019500002963468432,1,0.044199987314641476,1
1787922488.3967314,3242,0.019784212112426758,50.54535375567901,16.956329345703125,9.309299988672137,0.054500007536262274,1,,0,9.219400002621114,1,0,,0,gesture,0.020599982235580683,1,0.04509999416768551,1
1787922488.44012,3243,0.04338860511779785,23.047525894991345,7.977008819580078,33.29059999668971,0.007299997378140688,1,,0,9.47190000442788,1,0,23.777299997163936,1,gesture,0.02239999594166875,1,,
1787922488.4793591,3244,0.03923916816711426,25.484740036820774,0.9970664978027344,9.218899998813868,0.006199989002197981,1,,0,9.181799978250638,1,0,,0,gesture,0.017300015315413475,1,,
1787922488.5241463,3245,0.04478716850280762,22.32782364746528,10.881185531616211,35.565199999837205,0.05800000508315861,1,6.730100023560226,1,8.64230000297539,1,0,20.108699973206967,1,gesture,0.023699976736679673,1,0.04809998790733516,1
1787922488.5460873,3246,0.021940946578979492,45.57688504460648,1.9943714141845703,8.7964000122156,0.057600002037361264,1,,0,8.70150001719594,1,0,,0,gesture,0.020599982235580683,1,0.04779998562298715,1
1787922488.6005614,3247,0.0544741153717041,18.357342623675493,1.9941329956054688,32.76539998478256,0.06500000017695129,1,,0,9.192099998472258,1,0,23.472100001526996,1,gesture,0.02440001117065549,1,0.05440000677481294,1
1787922488.6480653,3248,0.04750394821166992,21.05088182447828,1.9958019256591797,10.001799993915483,0.09759998647496104,1,,0,9.853499999735504,1,0,,0,gesture,0.028700014809146523,1,0.08359999628737569,1
1787922488.7031658,3249,0.055100440979003906,18.148675078318362,1.9943714141845703,36.25879998435266,0.005500012775883079,1,5.642900010570884,1,8.422000013524666,1,0,22.170399985043332,1,gesture,0.01659998088143766,1,,
1787922488.7211542,3250,0.01798844337463379,55.591247067555564,10.009527206420898,8.647000009659678,0.007399998139590025,1,,0,8.604800008470193,1,0,,0,gesture,0.024800014216452837,1,,
1787922488.7853572,3251,0.06420302391052246,15.575590355271514,1.9953250885009766,51.6195000091102,0.005699985194951296,1,,0,7.212200027424842,1,0,44.37310001230799,1,gesture,0.01920000067912042,1,,
1787922488.8149168,3252,0.029559612274169922,33.8299430562501,2.9914379119873047,8.931599993957207,0.10460001067258418,1,,0,8.772100001806393,1,0,,0,gesture,0.03949998063035309,1,0.08840000373311341,1
1787922488.8754687,3253,0.06055188179016113,16.51476338035933,1.9938945770263672,38.93690000404604,0.006199989002197981,1,6.89980000606738,1,9.055200003786013,1,0,22.954799991566688,1,gesture,0.019400002202019095,1,,
1787922488.8929288,3254,0.017460107803344727,57.27341499050974,15.468597412109375,8.561700000427663,0.00680002267472446,1,,0,8.521899988409132,1,0,,0,gesture,0.023300002794712782,1,,
1787922488.9351003,3255,0.042171478271484375,23.7127091813659,3.988504409790039,30.912699992768466,0.005900015821680427,1,,0,8.355199999641627,1,0,22.520800004713237,1,gesture,0.021099986042827368,1,,
1787922488.9813645,3256,0.0462641716003418,21.614998505509003,2.9914379119873047,9.223199973348528,0.006599992047995329,1,,0,9.179300017422065,1,0,,0,gesture,0.02269999822601676,1,,
1787922489.0460393,3257,0.06467485427856445,15.46195984752973,2.9916763305664062,41.77959999651648,0.006200018106028438,1,7.064599980367348,1,8.319700020365417,1,0,26.367200014647096,1,gesture,0.020099978428333998,1,,
1787922489.066984,3258,0.020944595336914062,47.74501411529005,21.9419002532959,10.137899982510135,0.007299997378140688,1,,0,10.08969999384135,1,0,,0,gesture,0.029000017093494534,1,,
1787922489.1117253,3259,0.04474139213562012,22.350667966897404,10.969400405883789,33.67789997719228,0.006100017344579101,1,,0,8.286299998871982,1,0,25.3546999883838,1,gesture,0.021199986804276705,1,,
1787922489.149587,3260,0.03786158561706543,26.411994735615824,2.992391586303711,10.205700004007667,0.006000016583129764,1,,0,10.167299973545596,1,0,,0,gesture,0.020000006770715117,1,,
1787922489.2119596,3261,0.062372684478759766,16.032659302014448,1.9955635070800781,42.19199999351986,0.005500012775883079,1,6.978899997193366,1,8.361100015463307,1,0,26.826699991943315,1,gesture,0.01829999382607639,1,,
1787922489.2321627,3262,0.020203113555908203,49.497321154617765,20.955562591552734,10.43950000894256,0.011100026313215494,1,,0,10.379100014688447,1,0,,0,gesture,0.03619998460635543,1,,
1787922489.2729933,3263,0.04083061218261719,24.491428037557807,8.976459503173828,31.787300016731024,0.006299989763647318,1,,0,9.191000019200146,1,0,22.557100019184873,1,gesture,0.021599989850074053,1,,
1787922489.3128881,3264,0.039894819259643555,25.0659112776473,2.9985904693603516,8.678799989866093,0.006700021913275123,1,,0,8.633899997221306,1,0,,0,gesture,0.020899984519928694,1,,
1787922489.373326,3265,0.060437917709350586,16.545904258466635,1.9960403442382812,37.22129997913726,0.008000002708286047,1,6.485999998403713,1,9.518999984720722,1,0,21.17940000607632,1,gesture,0.026699999580159783,1,,
1787922489.3932698,3266,0.019943714141845703,50.14111177525403,17.951488494873047,7.827800000086427,0.005900015821680427,1,,0,7.790500007104129,1,0,,0,gesture,0.01920000067912042,1,,
1787922489.433942,3267,0.04067230224609375,24.5867567060589,2.991914749145508,30.837099999189377,0.006299989763647318,1,,0,8.51630000397563,1,0,22.282899997662753,1,gesture,0.021899992134422064,1,,
1787922489.4803321,3268,0.04639005661010742,21.55634360192009,0.9975433349609375,9.550100017804652,0.006999995093792677,1,,0,9.502000000793487,1,0,,0,gesture,0.02519998815841973,1,,
1787922489.5335104,3269,0.05317831039428711,18.804659128610243,12.96544075012207,42.453000001842156,0.007499998901039362,1,6.469900021329522,1,9.207800001604483,1,0,26.7415999842342,1,gesture,0.024199980543926358,1,,
1787922489.5521183,3270,0.01860785484313965,53.74074596076723,9.631872177124023,9.011499991174787,0.006300018867477775,1,,0,8.968800015281886,1,0,,0,gesture,0.02479998511262238,1,,
1787922489.604573,3271,0.05245471000671387,19.064064978569252,0.9973049163818359,33.295500004896894,0.005900015821680427,1,,0,8.82300001103431,1,0,24.43180000409484,1,gesture,0.02509998739697039,1,,
1787922489.653894,3272,0.04932093620300293,20.275365331348162,2.992391586303711,16.526599996723235,7.572000002255663,1,,0,8.912499994039536,1,0,,0,face,0.025599991204217076,1,,
1787922489.7068098,3273,0.05291581153869629,18.89794318412219,0.9975433349609375,36.7658999748528,1.3370999949984252,1,5.653899977914989,1,8.4305000200402,1,0,21.319799998309463,1,face,0.02239999594166875,1,,
1787922489.7357008,3274,0.02889108657836914,34.61275148954431,14.960050582885742,19.605299981776625,9.395400003995746,1,,0,10.168900014832616,1,0,,0,face,0.02819998189806938,1,,
1787922489.781625,3275,0.04592418670654297,21.775018170491123,11.968851089477539,36.606600013328716,1.7417999915778637,1,,0,9.42750001559034,1,0,25.40529999532737,1,face,0.021899992134422064,1,,
1787922489.81889,3276,0.03726506233215332,26.83478672561276,2.991914749145508,16.47839997895062,7.915499998489395,1,,0,8.52369997301139,1,0,,0,face,0.02500001573935151,1,,
1787922489.8775012,3277,0.058611154556274414,17.061598727591495,0.9977817535400391,41.5355000004638,1.6722999862395227,1,6.413700000848621,1,9.759900014614686,1,0,23.64790000137873,1,face,0.019400002202019095,1,,
1787922489.9058974,3278,0.028396129608154297,35.21606690063979,22.69268035888672,16.960999986622483,7.97989999409765,1,,0,8.949599985498935,1,0,,0,face,0.020400009816512465,1,,
1787922489.9532785,3279,0.04738116264343262,21.10543397859418,14.941215515136719,38.30400001606904,1.7275999998673797,1,,0,10.198900010436773,1,0,26.339500007452443,1,face,0.025899993488565087,1,,
1787922489.9826143,3280,0.029335737228393555,34.088115536844846,0.9973049163818359,16.57320000231266,7.948199985548854,1,,0,8.579099987400696,1,0,,0,face,0.03170000854879618,1,,
1787922490.056202,3281,0.07358765602111816,13.589235668996174,1.992940902709961,47.19509999267757,7.855300005758181,1,6.059999985154718,1,8.629200019640848,1,0,24.625399993965402,1,face,0.022299995180219412,1,,
1787922490.0751529,3282,0.018950939178466797,52.76783332913972,32.697439193725586,10.754499991890043,1.731399999698624,1,,0,8.988699992187321,1,0,,0,face,0.02370000584051013,1,,
1787922490.125436,3283,0.050283193588256836,19.88736054015353,17.950773239135742,40.72329998598434,7.487599999876693,1,,0,9.446399984881282,1,0,23.755300004268065,1,face,0.02239999594166875,1,,
1787922490.1471708,3284,0.02173471450805664,46.009345999429584,1.9941329956054688,11.05859997915104,1.4012999890837818,1,,0,9.61109998752363,1,0,,0,face,0.031800009310245514,1,,
1787922490.2213566,3285,0.07418584823608398,13.479659851265273,0.9973049163818359,52.22079998929985,8.467999985441566,1,7.188599993241951,1,8.844299998600036,1,0,27.691900002537295,1,face,0.02440001117065549,1,,
1787922490.2443137,3286,0.02295708656311035,43.55953431856183,33.353328704833984,10.499700001673773,1.5477999986615032,1,,0,8.916100021451712,1,0,,0,face,0.021899992134422064,1,,
1787922490.2987003,3287,0.05438661575317383,18.38687673707006,18.459320068359375,44.202899996889755,7.082700001774356,1,,0,7.831399998394772,1,0,29.25710001727566,1,face,0.0219999928958714,1,,
1787922490.320641,3288,0.02194070816040039,45.57738030556582,6.981134414672852,10.349900025175884,1.5008999907877296,1,,0,8.812999993097037,1,0,,0,face,0.02300000051036477,1,,
1787922490.3910544,3289,0.07041335105895996,14.201852134017303,0.9973049163818359,53.60109999310225,7.81690000439994,1,7.068100007018074,1,8.773599984124303,1,0,29.918899992480874,1,face,0.020800012862309813,1,,
1787922490.4119241,3290,0.020869731903076172,47.91628395823337,31.914710998535156,11.035899980925024,1.647400000365451,1,,0,9.355599991977215,1,0,,0,face,0.020100007532164454,1,,
1787922490.4702477,3291,0.05832362174987793,17.145711634447547,19.869327545166016,48.77320001833141,9.02890000725165,1,,0,9.940400021150708,1,0,29.76530001615174,1,face,0.024899985874071717,1,,
1787922490.4920533,3293,0.021805524826049805,45.85993723963743,4.990339279174805,10.770499997306615,1.7405000107828528,1,,0,8.98739998228848,1,0,,0,face,0.031100003980100155,1,,
1787922490.5935643,3294,0.10151100158691406,9.851148982544485,1.9168853759765625,50.31209997832775,7.518099999288097,1,5.845899984706193,1,8.84220001171343,1,0,28.07639999082312,1,face,0.026699999580159783,1,,
1787922490.6140366,3295,0.020472288131713867,48.84651845295632,38.89656066894531,10.9402000089176,1.6292999789584428,1,,0,9.271699993405491,1,0,,0,face,0.025800021830946207,1,,
1787922490.6823874,3296,0.06835079193115234,14.630408393911067,1.9948482513427734,45.527600013883784,8.85119999293238,1,,0,11.657900002319366,1,0,24.971500009996817,1,face,0.0315000070258975,1,,
1787922490.7089067,3297,0.026519298553466797,37.70838802481345,27.929067611694336,13.05740000680089,1.5919000143185258,1,,0,11.42470000195317,1,0,,0,face,0.02509998739697039,1,,
1787922490.7728238,3298,0.06391716003417969,15.645250813165827,20.010948181152344,52.26250001578592,7.7979999769013375,1,6.770500011043623,1,8.281599992187694,1,0,29.387899994617328,1,face,0.020700012100860476,1,,
1787922490.7925386,3299,0.019714832305908203,50.72323134599105,49.33762550354004,9.589200024493039,1.2916999985463917,1,,0,8.264699979918078,1,0,,0,face,0.02030000905506313,1,,
1787922490.8441043,3300,0.05156564712524414,19.392755754061827,4.984378814697266,40.91300000436604,8.41100001707673,1,,0,10.497899987967685,1,0,21.969699999317527,1,face,0.022099993657320738,1,,
1787922490.866045,3301,0.02194070816040039,45.57738030556582,22.937297821044922,11.670400010189041,1.9357000128366053,1,,0,9.695299988379702,1,0,,0,face,0.025899993488565087,1,,
1787922490.924501,3302,0.0584559440612793,17.106900180274245,10.678529739379883,47.096600028453395,7.793200027663261,1,6.0228000220377,1,8.99019997450523,1,0,24.263800005428493,1,face,0.022799998987466097,1,,
1787922490.9458132,3303,0.021312236785888672,46.921400604094416,36.901235580444336,10.100899991812184,1.5344999847002327,1,,0,8.530499995686114,1,0,,0,face,0.02370000584051013,1,,
1787922491.008967,3304,0.06315374374389648,15.834374032602705,2.992391586303711,39.503100008005276,8.123000006889924,1,,0,9.915700007695705,1,0,21.424800012027845,1,face,0.02750000567175448,1,,
1787922491.0294194,3305,0.020452499389648438,48.893779725822995,22.934436798095703,9.609899978386238,1.5165999939199537,1,,0,8.051300013903528,1,0,,0,face,0.0295999925583601,1,,
1787922491.092313,3306,0.06289362907409668,15.89986163498171,6.264448165893555,49.86030000145547,8.524600008968264,1,6.247500015888363,1,9.771399985766038,1,0,25.2866999944672,1,face,0.026900001103058457,1,,
1787922491.1112628,3307,0.01894974708557129,52.77115285414124,34.90734100341797,9.545500011881813,1.3729000056628138,1,,0,8.140299993101507,1,0,,0,face,0.02160001895390451,1,,
1787922491.1783547,3308,0.0670919418334961,14.904919617347302,1.995086669921875,41.11580000608228,7.738799991784617,1,,0,8.773499983362854,1,0,24.568699998781085,1,face,0.023600005079060793,1,,
1787922491.1986504,3309,0.02029561996459961,49.27171486972253,21.294355392456055,10.341900022467598,1.7697000002954155,1,,0,8.542399998987094,1,0,,0,face,0.01829999382607639,1,,
1787922491.2588654,3310,0.060214996337890625,16.607158694963573,9.972572326660156,47.4335000035353,7.254199997987598,1,5.730100005166605,1,8.899100008420646,1,0,25.520199997117743,1,face,0.026900001103058457,1,,
1787922491.2786164,3311,0.01975107192993164,50.63016344366384,34.96050834655762,9.418300003744662,1.6146999842021614,1,,0,7.771999982651323,1,0,,0,face,0.02120001590810716,1,,
1787922491.3485398,3312,0.06992340087890625,14.301363884342608,0.9977817535400391,45.30900000827387,7.849399989936501,1,,0,9.168400021735579,1,0,28.256200021132827,1,face,0.02239999594166875,1,,
1787922491.3684876,3313,0.01994776725769043,50.13092378118016,24.373769760131836,10.215999995125458,1.600699994014576,1,,0,8.578899985877797,1,0,,0,face,0.024600012693554163,1,,
1787922491.4287667,3314,0.060279130935668945,16.589489338643904,13.961315155029297,47.27169999387115,7.214100012788549,1,6.086699984734878,1,8.016400010092184,1,0,25.930400006473064,1,face,0.02069998299703002,1,,
1787922491.4512184,3315,0.02245163917541504,44.5401777655067,41.33486747741699,10.393100004876032,1.3515999889932573,1,,0,9.006199979921803,1,0,,0,face,0.02090001362375915,1,,
1787922491.5147424,3316,0.06352400779724121,15.742079800629787,2.658843994140625,43.00320000038482,8.674299984704703,1,,0,9.466200019232929,1,0,24.825200001941994,1,face,0.0261999957729131,1,,
1787922491.5356858,3317,0.020943403244018555,47.747731748688,47.21426963806152,11.078599985921755,1.6057000029832125,1,,0,9.437500004423782,1,0,,0,face,0.023100001271814108,1,,
1787922491.593707,3318,0.05802130699157715,17.235047810025517,14.1143798828125,47.21859999699518,6.873599981190637,1,6.048400013241917,1,8.12069998937659,1,0,26.151300000492483,1,face,0.021800020476803184,1,,
1787922491.6146526,3319,0.02094554901123047,47.74284023129809,40.10629653930664,10.204300022451207,1.4986000023782253,1,,0,8.670999988680705,1,0,,0,face,0.022099993657320738,1,,
1787922491.673995,3320,0.059342384338378906,16.85136199276818,1.9941329956054688,39.41820000181906,7.918999996036291,1,,0,8.257999987108633,1,0,23.20920000784099,1,face,0.020800012862309813,1,,
1787922491.6949394,3321,0.02094435691833496,47.74555761722085,18.948078155517578,10.399999999208376,1.5586000226903707,1,,0,8.802500000456348,1,0,,0,face,0.024599983589723706,1,,
1787922491.7511878,3322,0.05624842643737793,17.778275115185888,1.344919204711914,44.27959999884479,7.348100014496595,1,6.247200013604015,1,7.476900005713105,1,0,23.182899982202798,1,face,0.021499989088624716,1,,
1787922491.7721329,3323,0.020945072174072266,47.743927148548664,29.91938591003418,9.677699999883771,1.2872000224888325,1,,0,8.338999992702156,1,0,,0,face,0.0363999861292541,1,,
1787922491.848825,3324,0.07669210433959961,13.03915192588678,2.991914749145508,45.09700002381578,7.092999992892146,1,,0,8.524700009729713,1,0,29.44680000655353,1,face,0.02169999061152339,1,,
1787922491.8691466,3325,0.02032160758972168,49.20870534404881,25.811433792114258,10.488700005225837,1.3257999962661415,1,,0,9.132299979683012,1,0,,0,face,0.01960000372491777,1,,
1787922491.9227576,3326,0.053611040115356445,18.652874442433326,13.849258422851562,42.34420001739636,7.16210002428852,1,5.27739999233745,1,8.519900002283975,1,0,21.359100006520748,1,face,0.023200002033263445,1,,
1787922491.942874,3327,0.020116329193115234,49.7108587953635,32.53316879272461,11.061400000471622,1.6361000016331673,1,,0,9.388300008140504,1,0,,0,face,0.02519998815841973,1,,
1787922492.007966,3328,0.06509208679199219,15.36285052890673,0.9992122650146484,40.575799997895956,7.341100019402802,1,,0,8.882399997673929,1,0,24.318699986906722,1,face,0.022099993657320738,1,,
1787922492.029801,3329,0.021834850311279297,45.798344652879386,18.848419189453125,11.658200004603714,1.7559999832883477,1,,0,9.863800019957125,1,0,,0,face,0.026399997295811772,1,,
1787922492.0927813,3330,0.06298041343688965,15.877952293883608,10.969877243041992,49.43119999370538,6.8802000023424625,1,8.014300023205578,1,8.245899982284755,1,0,26.266799977747723,1,face,0.0213000166695565,1,,
1787922492.1117284,3331,0.018947124481201172,52.778457279476534,37.230730056762695,9.082400007173419,1.2555999855976552,1,,0,7.794099976308644,1,0,,0,face,0.021700019715353847,1,,
1787922492.1764078,3332,0.06467938423156738,15.460876937538014,2.615213394165039,39.74730000481941,8.448399981716648,1,,0,9.38139998470433,1,0,21.88050001859665,1,face,0.024800014216452837,1,,
1787922492.198016,3333,0.02160811424255371,46.278911189328156,18.07546615600586,11.108300008345395,1.7300999897997826,1,,0,9.327000007033348,1,0,,0,face,0.03960001049563289,1,,
1787922492.2593465,3334,0.061330556869506836,16.305085931759958,9.484529495239258,48.89770000590943,8.296399988466874,1,6.15599998855032,1,8.29709999379702,1,0,26.122800016310066,1,face,0.02160001895390451,1,,
1787922492.281728,3335,0.02238154411315918,44.679669773635155,38.15484046936035,12.042599992128089,1.9844999769702554,1,,0,10.016200016252697,1,0,,0,face,0.028000009479001164,1,,
1787922492.3423595,3336,0.060631513595581055,16.493073332625528,2.991914749145508,37.7872999815736,8.26879998203367,1,,0,9.16359998518601,1,0,20.320999989053234,1,face,0.021400017431005836,1,,
1787922492.3605678,3337,0.01820826530456543,54.920113655707006,17.210960388183594,9.164799994323403,1.3101999938953668,1,,0,7.822999992640689,1,0,,0,face,0.021299987565726042,1,,
1787922492.4142542,3338,0.05368638038635254,18.62669810859901,0.9968280792236328,44.02870000922121,8.123900013742968,1,6.094199983635917,1,9.038100019097328,1,0,20.748800016008317,1,face,0.020599982235580683,1,,
1787922492.4345129,3339,0.020258665084838867,49.361593955584844,23.078441619873047,11.218499974347651,1.7728999955579638,1,,0,9.411400009412318,1,0,,0,face,0.022599997464567423,1,,
1787922492.512675,3340,0.07816219329833984,12.7939091496968,1.9910335540771484,42.72060000221245,8.706900000106543,1,,0,9.238300001015887,1,0,24.73689999897033,1,face,0.022099993657320738,1,,
1787922492.5356135,3341,0.02293848991394043,43.59484882186029,45.82500457763672,12.156199984019622,1.7468000005465,1,,0,10.371600015787408,1,0,,0,face,0.02579999272711575,1,,
1787922492.5991416,3342,0.06352806091308594,15.741075449605187,14.961481094360352,52.03349998919293,7.54730001790449,1,6.625600013649091,1,9.000599995488301,1,0,28.835599980084226,1,face,0.02139998832717538,1,,
1787922492.6188297,3343,0.019688129425048828,50.79202693211267,41.326045989990234,10.914599988609552,1.571400003740564,1,,0,9.304199978942052,1,0,,0,face,0.02820001100189984,1,,
1787922492.6774807,3344,0.058650970458984375,17.0500162601626,1.9924640655517578,41.20040000998415,7.991399994352832,1,,0,9.57999998354353,1,0,23.596600018208846,1,face,0.0213000166695565,1,,
1787922492.6961746,3345,0.018693923950195312,53.49331700846852,20.30777931213379,10.127299989107996,1.3350000081118196,1,,0,8.74310001381673,1,0,,0,face,0.021199986804276705,1,,
1787922492.7530766,3346,0.05690193176269531,17.57409579995307,7.977724075317383,45.69009999977425,6.874600017908961,1,5.245400010608137,1,8.944100001826882,1,0,24.602299992693588,1,face,0.020599982235580683,1,,
1787922492.7717295,3347,0.018652915954589844,53.610920803722074,29.973983764648438,9.707299992442131,1.2503000034485012,1,,0,8.425300009548664,1,0,,0,face,0.020799983758479357,1,,
1787922492.8450263,3348,0.07329678535461426,13.643163136854364,2.9942989349365234,43.98740001488477,7.5687999778892845,1,,0,9.200200001941994,1,0,27.182199992239475,1,face,0.021100015146657825,1,,
1787922492.8664763,3349,0.021450042724609375,46.619953761337364,20.653486251831055,11.296900018351153,1.634400017792359,1,,0,9.62450000224635,1,0,,0,face,0.026299996534362435,1,,
1787922492.9325666,3350,0.06609034538269043,15.130803057686967,10.220050811767578,56.3319000066258,7.598099997267127,1,5.918700015172362,1,10.480600001756102,1,0,32.30359998997301,1,face,0.027400004910305142,1,,
1787922492.952127,3351,0.01956033706665039,51.12386338704566,43.009281158447266,10.170199995627627,1.4563000004272908,1,,0,8.678800018969923,1,0,,0,face,0.023200002033263445,1,,
1787922493.0078619,3352,0.055734872817993164,17.94208812973491,1.9941329956054688,41.13990001496859,7.349100022111088,1,,0,8.846100012306124,1,0,24.90750001743436,1,face,0.025599991204217076,1,,
1787922493.026813,3353,0.0189511775970459,52.76716947425365,18.94974708557129,9.325699997134507,1.4043999835848808,1,,0,7.887299987487495,1,0,,0,face,0.022100022761151195,1,,
1787922493.0847473,3354,0.05793428421020508,17.260936484028413,3.9870738983154297,47.46299999533221,8.980499987956136,1,7.1220999816432595,1,9.65419999556616,1,0,21.677800017641857,1,face,0.025300018023699522,1,,
1787922493.103696,3355,0.018948793411254883,52.773808774865685,32.062530517578125,8.783900004345924,0.005699985194951296,1,,0,8.747699990635738,1,0,,0,face,0.019400002202019095,1,,
1787922493.169114,3356,0.06541800498962402,15.286311469733912,1.9922256469726562,32.166400022106245,0.008500006515532732,1,,0,9.242000000085682,1,0,22.883700003148988,1,face,0.02239999594166875,1,,
1787922493.190065,3357,0.020950794219970703,47.73088740696907,13.962268829345703,10.036799998488277,0.010799994925037026,1,,0,9.983700001612306,1,0,,0,face,0.031100003980100155,1,,
1787922493.248945,3358,0.05888009071350098,16.98366948627516,1.9960403442382812,47.453399980440736,8.044799993513152,1,6.845800002338365,1,9.197899984428659,1,0,23.337099992204458,1,face,0.024600012693554163,1,,
1787922493.2688918,3359,0.019946813583374023,50.133320583770605,25.974750518798828,10.04379999358207,1.4863999967928976,1,,0,8.524000004399568,1,0,,0,face,0.02269999822601676,1,,
1787922493.3421655,3360,0.0732736587524414,13.647469186417295,1.9936561584472656,39.36210001120344,8.27469999785535,1,,0,10.237599984975532,1,0,20.815399999264628,1,face,0.02190002123825252,1,,
1787922493.362112,3361,0.019946575164794922,50.13391982022902,16.652345657348633,11.578000005101785,1.721899985568598,1,,0,9.801200008951128,1,0,,0,face,0.04270000499673188,1,,
1787922493.4286683,3362,0.06655621528625488,15.024892802258227,6.717205047607422,54.180200007976964,7.142599992221221,1,6.727200001478195,1,7.4717999959830195,1,0,32.815300015499815,1,face,0.020000006770715117,1,,
1787922493.4524384,3364,0.02377009391784668,42.069669705814505,4.823446273803711,12.04410000354983,1.7846999980974942,1,,0,10.225499980151653,1,0,,0,face,0.021000014385208488,1,,
1787922493.5207844,3365,0.06834602355957031,14.631429129573299,2.9900074005126953,41.07480001403019,8.438000018941239,1,,0,10.071400000015274,1,0,22.52640001825057,1,face,0.02649999805726111,1,,
1787922493.5498075,3366,0.029023170471191406,34.45522952058621,0.9982585906982422,11.51349997962825,1.9153000030200928,1,,0,9.548199974233285,1,0,,0,face,0.027900008717551827,1,,
1787922493.6162386,3367,0.06643104553222656,15.0532027907778,0.9973049163818359,46.53520000283606,7.432800019159913,1,6.164599995827302,1,8.383900014450774,1,0,24.529899994377047,1,face,0.02099998528137803,1,,
1787922493.635541,3368,0.0193023681640625,51.80711462450593,22.294044494628906,11.111699976027012,1.4882000104989856,1,,0,9.578099998179823,1,0,,0,face,0.03369999467395246,1,,
1787922493.716367,3369,0.0808260440826416,12.372249704285137,1.9955635070800781,45.695100008742884,7.7738999971188605,1,,0,9.91779999458231,1,0,27.96370000578463,1,face,0.025300018023699522,1,,
1787922493.739639,3370,0.023272037506103516,42.970023563159515,27.684450149536133,11.787499999627471,0.00790000194683671,1,,0,11.745900003006682,1,0,,0,face,0.023300002794712782,1,,
1787922493.7878141,3371,0.04817509651184082,20.75761280009502,17.952442169189453,37.467599991941825,0.007199996616691351,1,6.366300018271431,1,9.63919999776408,1,0,21.430599997984245,1,face,0.022599997464567423,1,,
1787922493.8077614,3372,0.019947290420532227,50.132122153827765,25.930166244506836,9.477199986577034,0.006699992809444666,1,,0,9.43629999528639,1,0,,0,face,0.02220002352260053,1,,
1787922493.8769498,3373,0.06918835639953613,14.453298965874906,1.9943714141845703,38.882399996509776,0.005999987479299307,1,,0,9.188199997879565,1,0,29.65849998872727,1,face,0.019500002963468432,1,,
1787922493.9068923,3374,0.02994251251220703,33.3973309551868,19.946575164794922,18.362399976467714,8.333499979926273,1,,0,9.989499987568706,1,0,,0,face,0.02440001117065549,1,,
1787922493.959505,3375,0.0526127815246582,19.006788294044608,15.974760055541992,42.555199994239956,1.6802999889478087,1,6.162700010463595,1,9.338899981230497,1,0,25.346899987198412,1,face,0.022100022761151195,1,,
1787922493.992927,3376,0.033421993255615234,29.92041774264884,38.65623474121094,19.202299998141825,8.638100000098348,1,,0,10.518600000068545,1,0,,0,face,0.0281000102404505,1,,
1787922494.0367248,3377,0.04379773139953613,22.832232813103904,2.9914379119873047,32.72119999746792,1.2513000110629946,1,,0,8.141199999954551,1,0,23.300000000745058,1,face,0.01930000144056976,1,,
1787922494.0608985,3378,0.024173736572265625,41.367208458261004,10.210990905761719,16.313500003889203,8.08070000493899,1,,0,8.199900010367855,1,0,,0,face,0.022599997464567423,1,,
1787922494.1094387,3379,0.04854011535644531,20.601516759008213,3.9887428283691406,37.057100009405985,1.5230999852064997,1,6.089200003771111,1,9.485999995376915,1,0,19.933800009312108,1,face,0.022499996703118086,1,,
1787922494.1353693,3380,0.02593064308166504,38.564411875580404,18.79143714904785,15.94799998565577,6.9632999948225915,1,,0,8.95050002145581,1,0,,0,face,0.02300000051036477,1,,
1787922494.2093742,3381,0.0740048885345459,13.512620852515633,0.9982585906982422,39.882599987322465,6.520199996884912,1,,0,9.935000009136274,1,0,23.39159999974072,1,face,0.023500004317611456,1,,
1787922494.227326,3382,0.01795172691345215,55.70494720764991,17.951488494873047,10.281900002155453,1.4902999973855913,1,,0,8.757099974900484,1,0,,0,face,0.02370000584051013,1,,
1787922494.280846,3383,0.05352020263671875,18.684533143264435,4.986047744750977,42.42230000090785,7.600000011734664,1,5.820599995786324,1,8.89699999243021,1,0,20.079000008990988,1,face,0.020400009816512465,1,,
1787922494.301117,3384,0.020270824432373047,49.33198466279316,23.792028427124023,10.600300010992214,1.32310000481084,1,,0,9.244799992302433,1,0,,0,face,0.021299987565726042,1,,
1787922494.382262,3385,0.08114504814147949,12.323610902990184,1.9960403442382812,44.75329999695532,7.685600023251027,1,,0,7.935600006021559,1,0,29.099499981384724,1,face,0.022099993657320738,1,,
1787922494.4026594,3386,0.020397424697875977,49.02579687445209,24.387359619140625,11.33139999001287,1.6450000111944973,1,,0,9.651499975007027,1,0,,0,face,0.023100001271814108,1,,
1787922494.4592113,3387,0.05655193328857422,17.6828614310528,13.96322250366211,45.61680002370849,7.376099994871765,1,6.008900003507733,1,9.164200018858537,1,0,23.040800006128848,1,face,0.024199980543926358,1,,
1787922494.4766405,3388,0.017429113388061523,57.375265037002585,34.416913986206055,8.997400000225753,1.5325999993365258,1,,0,7.430900004692376,1,0,,0,face,0.021799991372972727,1,,
1787922494.5302122,3389,0.05357170104980469,18.666571723573185,8.48078727722168,43.642799981171265,8.27470002695918,1,,0,9.45260000298731,1,0,25.8761000004597,1,face,0.026299996534362435,1,,
1787922494.5521538,3390,0.021941661834716797,45.57539932630664,9.974241256713867,9.556700009852648,0.008100003469735384,1,,0,9.51050000730902,1,0,,0,face,0.024500011932104826,1,,
1787922494.6168227,3391,0.06466889381408691,15.463384960238312,0.9975433349609375,50.40130001725629,7.43759999750182,1,6.0745999799109995,1,8.850400015944615,1,0,28.014500014251098,1,face,0.02099998528137803,1,,
1787922494.6337771,3392,0.016954421997070312,58.981662729215884,24.38664436340332,8.447400003205985,1.3509999844245613,1,,0,7.062199991196394,1,0,,0,face,0.02160001895390451,1,,
1787922494.7168481,3393,0.08307099342346191,12.03789624739901,3.274679183959961,45.88659998262301,9.306199994171038,1,,0,9.971899999072775,1,0,26.55329997651279,1,face,0.04149999585933983,1,,
1787922494.736795,3394,0.019946813583374023,50.133320583770605,28.209924697875977,10.287999990396202,1.7654999974183738,1,,0,8.485900005325675,1,0,,0,face,0.02440001117065549,1,,
1787922494.7933598,3395,0.0565648078918457,17.678836670179138,11.968374252319336,46.407700021518394,8.05260002380237,1,6.088499998440966,1,7.518099999288097,1,0,24.72340001258999,1,face,0.021099986042827368,1,,
1787922494.8153012,3396,0.021941423416137695,45.57589455497723,37.822723388671875,10.556799999903888,1.502500002970919,1,,0,9.019499993883073,1,0,,0,face,0.022599997464567423,1,,
1787922494.875616,3397,0.06031489372253418,16.579652856561218,1.9958019256591797,39.87119998782873,6.990800000494346,1,,0,9.94170000194572,1,0,22.907599981408566,1,face,0.019700004486367106,1,,
1787922494.8974264,3398,0.021810293197631836,45.849910908514524,19.81520652770996,11.20840001385659,1.6641000111121684,1,,0,9.503200009930879,1,0,,0,face,0.025299988919869065,1,,
1787922494.9578948,3399,0.060468435287475586,16.53755377075423,6.981134414672852,50.69350000121631,7.3998000007122755,1,6.5018000022973865,1,9.265300002880394,1,0,27.49850001418963,1,face,0.024899985874071717,1,,
1787922494.977886,3400,0.019991159439086914,50.02211117604265,34.029245376586914,11.062100005801767,1.742799999192357,1,,0,9.282599989091977,1,0,,0,face,0.025299988919869065,1,,
1787922495.0417194,3401,0.06383347511291504,15.665761549580372,1.9946098327636719,39.98410000349395,8.48670001141727,1,,0,8.779399999184534,1,0,22.638399997958913,1,face,0.026900001103058457,1,,
1787922495.063661,3402,0.021941661834716797,45.57539932630664,21.345853805541992,9.804499975871295,1.52009999146685,1,,0,8.254699991084635,1,0,,0,face,0.02020000829361379,1,,
1787922495.1186268,3403,0.05496573448181152,18.193152687351166,6.584882736206055,44.94910000357777,8.065300004091114,1,6.283800001256168,1,7.291600020835176,1,0,23.282699985429645,1,face,0.0219999928958714,1,,
1787922495.1390767,3404,0.02044987678527832,48.90005013232602,27.431726455688477,10.553300002356991,1.8001999997068197,1,,0,8.715900010429323,1,0,,0,face,0.02509998739697039,1,,
1787922495.221358,3405,0.08228135108947754,12.153422212434768,10.970592498779297,41.739000007510185,7.397100009256974,1,,0,7.961900002555922,1,0,26.340500015066937,1,face,0.025699991965666413,1,,
1787922495.2416563,3406,0.020298242568969727,49.26534879077252,28.78403663635254,10.613999998895451,1.6191000177059323,1,,0,8.95920000039041,1,0,,0,face,0.02400000812485814,1,,
1787922495.2986898,3407,0.057033538818359375,17.533542906828973,16.954421997070312,47.19059998751618,8.398999983910471,1,6.908300012582913,1,8.797899994533509,1,0,23.05819999310188,1,face,0.023300002794712782,1,,
1787922495.3195508,3408,0.020860910415649414,47.93654639587643,40.89093208312988,10.810500010848045,1.6287000034935772,1,,0,9.139100002357736,1,0,,0,face,0.03099997411482036,1,,
1787922495.3844037,3409,0.06485295295715332,15.41949833280027,1.9938945770263672,45.68370000924915,8.073599979979917,1,,0,9.646000020438805,1,0,27.929200005019084,1,face,0.02269999822601676,1,,
1787922495.4033542,3410,0.018950462341308594,52.76916108902421,23.935794830322266,9.852399991359562,2.053800009889528,1,,0,7.754999998724088,1,0,,0,face,0.03130000550299883,1,,
1787922495.4612813,3411,0.05792713165283203,17.263067779588745,9.675741195678711,48.41479999595322,7.30140000814572,1,5.773200013209134,1,7.088399986969307,1,0,28.22919999016449,1,face,0.020000006770715117,1,,
1787922495.4787412,3412,0.017459869384765625,57.27419707231811,34.288883209228516,9.436599997570738,1.999600004637614,1,,0,7.398799993097782,1,0,,0,face,0.028000009479001164,1,,
1787922495.5346718,3413,0.05593061447143555,17.879295792659534,9.972810745239258,46.06940000667237,9.063900011824444,1,,0,10.974000004353002,1,0,25.98559999023564,1,face,0.028799986466765404,1,,
1787922495.5586073,3414,0.023935556411743164,41.778849122946816,9.97304916381836,11.267299996688962,1.7599999846424907,1,,0,9.458999993512407,1,0,,0,face,0.02880001557059586,1,,
1787922495.6189733,3415,0.060365915298461914,16.56563965038528,1.9948482513427734,48.747199994977564,7.9126000055111945,1,6.064500019419938,1,6.889099982799962,1,0,27.857899985974655,1,face,0.019800005247816443,1,,
1787922495.639665,3416,0.020691633224487305,48.32871282565361,27.669668197631836,10.687700007110834,1.3273999793455005,1,,0,9.326300001703203,1,0,,0,face,0.022299995180219412,1,,
1787922495.7111442,3417,0.07147932052612305,13.990060238954523,2.994537353515625,38.020199979655445,7.53390000318177,1,,0,8.177300012903288,1,0,22.280699980910867,1,face,0.01789999078027904,1,,
1787922495.7305212,3418,0.01937699317932129,51.60759415796144,17.872333526611328,9.533500007819384,1.2725999986287206,1,,0,8.225500001572073,1,0,,0,face,0.02169999061152339,1,,
1787922495.7903614,3419,0.05984020233154297,16.711173442555022,4.986047744750977,49.881699989782646,7.816400000592694,1,6.8447000230662525,1,8.59019998461008,1,0,26.59609998227097,1,face,0.03130000550299883,1,,
1787922495.8098454,3420,0.01948404312133789,51.32404982746384,28.558015823364258,10.890200006542727,1.5983000048436224,1,,0,9.253499971237034,1,0,,0,face,0.025800021830946207,1,,
1787922495.88012,3421,0.07027459144592285,14.229894182586776,1.9948482513427734,41.4415999839548,8.63329999265261,1,,0,10.729100002208725,1,0,22.036199981812388,1,face,0.03060000017285347,1,,
1787922495.9017246,3422,0.021604537963867188,46.28657190783085,17.569541931152344,11.928599997190759,1.3854000135324895,1,,0,10.506599996006116,1,0,,0,face,0.022099993657320738,1,,
1787922495.9593928,3423,0.057668209075927734,17.340576654346407,6.979465484619141,48.38069999823347,8.003900002222508,1,6.532000028528273,1,8.826199977193028,1,0,24.993899976834655,1,face,0.021500018192455173,1,,
1787922495.981178,3424,0.021785259246826172,45.90259811324884,32.42087364196777,11.480400018626824,1.6726000176277012,1,,0,9.76829999126494,1,0,,0,face,0.025599991204217076,1,,
1787922496.0478415,3425,0.06666350364685059,15.000711713226064,1.9938945770263672,41.073200001847,7.769699994241819,1,,0,10.273199994117022,1,0,22.99759999732487,1,face,0.020100007532164454,1,,
1787922496.0643065,3426,0.016464948654174805,60.735081596895405,19.457340240478516,8.257399982539937,1.2956999999005347,1,,0,6.930000003194436,1,0,,0,face,0.020400009816512465,1,,
1787922496.1142912,3427,0.04998469352722168,20.006124463990155,2.992391586303711,39.470799994887784,0.006799993570894003,1,5.337199982022867,1,9.327000007033348,1,0,24.77700001327321,1,face,0.02090001362375915,1,,
1787922496.1341813,3428,0.01989006996154785,50.276344021576264,18.585205078125,9.034299990162253,0.006000016583129764,1,,0,8.997600001748651,1,0,,0,face,0.019400002202019095,1,,
1787922496.2141519,3429,0.0799705982208252,12.504595717024277,1.5645027160644531,40.96479999134317,0.006099988240748644,1,,0,8.908599993446842,1,0,32.01879997504875,1,face,0.02060001133941114,1,,
1787922496.2415264,3430,0.0273745059967041,36.530339583859536,1.9948482513427734,10.014300001785159,0.007100024959072471,1,,0,9.969400009140372,1,0,,0,face,0.023599975975230336,1,,
1787922496.3226125,3431,0.0810861587524414,12.332561011467215,15.28024673461914,70.08679999853484,0.009600014891475439,1,7.645799982128665,1,12.010300008114427,1,0,50.388700008625165,1,face,0.02929999027401209,1,,
1787922496.349541,3433,0.026928424835205078,37.135480672179625,0.9973049163818359,12.088799994671717,0.009399984264746308,1,,0,12.028700002701953,1,0,,0,face,0.030099996365606785,1,,
1787922496.4344234,3434,0.08488249778747559,11.780991677503982,1.995086669921875,61.12490000668913,0.009399984264746308,1,,0,10.204799997154623,1,0,50.864099990576506,1,face,0.029999995604157448,1,,
1787922496.4598646,3436,0.02544116973876953,39.30636878209694,11.966705322265625,10.937500017462298,0.006199989002197981,1,,0,10.89290002710186,1,0,,0,face,0.0219999928958714,1,,
1787922496.520074,3437,0.06020927429199219,16.608736972154464,1.9941329956054688,41.55880000325851,0.008300004992634058,1,7.392900006379932,1,11.131500010378659,1,0,22.998600004939362,1,face,0.025299988919869065,1,,
1787922496.554838,3438,0.03476405143737793,28.765346921700008,2.9916763305664062,12.715899996692315,0.00869997893460095,1,,0,12.664100009715185,1,0,,0,face,0.02720000338740647,1,,
1787922496.6295853,3439,0.07474732398986816,13.378405361181194,1.9941329956054688,62.207399983890355,0.006499991286545992,1,,0,11.11210000817664,1,0,51.05629999889061,1,face,0.021400017431005836,1,,
1787922496.647561,3440,0.017975807189941406,55.63032521619184,38.91944885253906,8.49099998595193,0.006000016583129764,1,,0,8.453299989923835,1,0,,0,face,0.01920000067912042,1,,
1787922496.7074199,3441,0.05985879898071289,16.705981694056543,2.505779266357422,37.68859998672269,0.009400013368576765,1,6.482500000856817,1,9.39629998174496,1,0,21.77089999895543,1,face,0.02680000034160912,1,,
1787922496.7313564,3442,0.02393651008605957,41.777184577228404,17.952442169189453,12.071599980117753,0.008700008038431406,1,,0,12.016699998639524,1,0,,0,face,0.02819998189806938,1,,
1787922496.7832825,3443,0.0519261360168457,19.258124649898527,9.324789047241211,39.12010000203736,0.006999995093792677,1,,0,10.631199984345585,1,0,28.443300019716844,1,face,0.025100016500800848,1,,
1787922496.8072195,3444,0.023936986923217773,41.77635235410711,29.968976974487305,10.674499993911013,0.005799985956400633,1,,0,10.632400022586808,1,0,,0,face,0.01829999382607639,1,,
1787922496.8784459,3445,0.07122635841369629,14.039746271904132,2.502918243408203,38.91640002257191,0.006999995093792677,1,6.096299999626353,1,10.05569999688305,1,0,22.733500023605302,1,face,0.0219999928958714,1,,
1787922496.8988981,3446,0.020452260971069336,48.89434969632678,19.94609832763672,10.009600024204701,0.007099995855242014,1,,0,9.963099990272895,1,0,,0,hover,0.027000001864507794,1,,
1787922496.9427807,3447,0.04388260841369629,22.788071086674236,8.975982666015625,31.13599997595884,0.006999995093792677,1,,0,8.305399998789653,1,0,22.788200003560632,1,hover,0.02370000584051013,1,,
1787922496.962832,3448,0.020051240921020508,49.8722250627222,16.462087631225586,9.59940001484938,0.006199989002197981,1,,0,9.549599984893575,1,0,,0,hover,0.0323000131174922,1,,
1787922497.0414228,3449,0.07859086990356445,12.724124331834702,1.9938945770263672,35.710499971173704,0.008700008038431406,1,6.2778999854344875,1,9.962900017853826,1,0,19.427299994276837,1,hover,0.031199975637719035,1,,
1787922497.0613673,3450,0.019944429397583008,50.13931359305703,15.954971313476562,9.928399987984449,0.00689999433234334,1,,0,9.882200014544651,1,0,,0,hover,0.0261999957729131,1,,
1787922497.1056726,3451,0.04430532455444336,22.5706505946295,7.314443588256836,32.795500010252,0.007200025720521808,1,,0,10.050999990198761,1,0,22.70100000896491,1,hover,0.025899993488565087,1,,
1787922497.1276143,3452,0.021941661834716797,45.57539932630664,17.951011657714844,9.961300005670637,0.008799979696050286,1,,0,9.889600012684241,1,0,,0,hover,0.03090000245720148,1,,
1787922497.2164943,3453,0.08888006210327148,11.251117250999222,2.9916763305664062,41.50009999284521,0.04370001261122525,1,6.239400012418628,1,8.468999993056059,1,0,26.722999988123775,1,gesture,0.02300000051036477,1,0.03510000533424318,1
1787922497.2379498,3454,0.02145552635192871,46.60803858163594,24.443626403808594,10.622000001603737,0.10229999315924942,1,,0,10.47199999447912,1,0,,0,gesture,0.02850001328624785,1,0.08679999154992402,1
1787922497.2817984,3455,0.043848514556884766,22.805789662559675,14.960765838623047,31.15220001200214,0.05479998071677983,1,,0,7.804299995768815,1,0,23.260599991772324,1,gesture,0.021100015146657825,1,0.044800020987167954,1
1787922497.3025677,3456,0.020769357681274414,48.147853936840654,26.75318717956543,9.221100015565753,0.06589997792616487,1,,0,9.117200010223314,1,0,,0,gesture,0.024300010409206152,1,0.05440000677481294,1
1787922497.3747687,3457,0.07220101356506348,13.8502210789445,2.9954910278320312,35.9601000091061,0.051799986977130175,1,5.888899991987273,1,8.973300020443276,1,0,21.02419998846017,1,gesture,0.01990000600926578,1,0.0425000034738332,1
1787922497.3935006,3458,0.01873183250427246,53.38505988519353,15.738487243652344,9.635099995648488,0.05530001362785697,1,,0,9.546899993438274,1,0,,0,gesture,0.021199986804276705,1,0.04539999645203352,1
1787922497.4353878,3459,0.04188728332519531,23.87359409862939,2.994537353515625,30.668199993669987,0.06560000474564731,1,,0,9.399000002304092,1,0,21.164399979170412,1,gesture,0.02720000338740647,1,0.05460000829771161,1
1787922497.4562445,3460,0.020856618881225586,47.946409995541785,9.692192077636719,9.375399997225031,0.06189997657202184,1,,0,9.262500010663643,1,0,,0,gesture,0.03850000211969018,1,0.05150001379661262,1
1787922497.5124252,3461,0.056180715560913086,17.799702086666468,0.9984970092773438,33.04530002060346,0.06829999620094895,1,5.882500001462176,1,8.744899998418987,1,0,18.32580001791939,1,gesture,0.021599989850074053,1,0.04379998426884413,1
1787922497.5524075,3462,0.03998231887817383,25.011055588021325,1.0004043579101562,10.758899996289983,0.07509998977184296,1,,0,10.638200008543208,1,0,,0,gesture,0.0261999957729131,1,0.062099978094920516,1
1787922497.604613,3463,0.052205562591552734,19.1550469022588,1.9931793212890625,34.12129997741431,0.06739998934790492,1,,0,10.074599995277822,1,0,23.943299980601296,1,gesture,0.023100001271814108,1,0.05560001591220498,1
1787922497.6245592,3464,0.01994609832763672,50.1351183361224,14.960289001464844,8.558400004403666,0.006300018867477775,1,,0,8.51759998477064,1,0,,0,gesture,0.021599989850074053,1,,
1787922497.703841,3465,0.07928180694580078,12.613234215052987,0.9975433349609375,35.27880000183359,0.05440000677481294,1,5.718700005672872,1,8.510099985869601,1,0,20.97360001062043,1,gesture,0.019700004486367106,1,0.0447999918833375,1
1787922497.722077,3466,0.01823592185974121,54.83682194359826,11.968851089477539,8.6746999877505,0.006900023436173797,1,,0,8.637100021587685,1,0,,0,gesture,0.020299979951232672,1,,
1787922497.7728658,3467,0.05078887939453125,19.689349556857444,2.9914379119873047,34.01779997511767,0.006399990525096655,1,,0,8.591599995270371,1,0,25.39039999828674,1,gesture,0.018000020645558834,1,,
1787922497.7918165,3468,0.018950700759887695,52.7684972007297,13.963937759399414,8.937900012824684,0.006799993570894003,1,,0,8.897899999283254,1,0,,0,gesture,0.021000014385208488,1,,
1787922497.8702614,3469,0.0784449577331543,12.747791940964435,1.9938945770263672,34.344199986662716,0.05539998528547585,1,5.2915000123903155,1,8.564299991121516,1,0,20.409899996593595,1,gesture,0.02060001133941114,1,0.04539999645203352,1
1787922497.8897197,3470,0.019458293914794922,51.39196706447423,11.48223876953125,8.77710001077503,0.08200001320801675,1,,0,8.652099990285933,1,0,,0,gesture,0.029499991796910763,1,0.06719998782500625,1
1787922497.9365928,3471,0.04687309265136719,21.334201424211596,1.9953250885009766,31.5816999936942,0.05540001438930631,1,,0,10.962000000290573,1,0,20.533300004899502,1,gesture,0.019500002963468432,1,0.04539999645203352,1
1787922497.9565394,3472,0.019946575164794922,50.13391982022902,11.967897415161133,10.712699993746355,0.0675999908708036,1,,0,10.604700015392154,1,0,,0,gesture,0.026900001103058457,1,0.05590001819655299,1
1787922498.0387738,3473,0.08223438262939453,12.160363682751742,1.9865036010742188,35.959200002253056,0.05329999839887023,1,6.092600000556558,1,8.629300020402297,1,0,21.162799996091053,1,gesture,0.018499995348975062,1,0.04370001261122525,1
1787922498.057532,3474,0.018758296966552734,53.309743511528,12.964725494384766,9.097699978156015,0.06540000322274864,1,,0,8.992199989734218,1,0,,0,gesture,0.024600012693554163,1,0.053499999921768904,1
1787922498.0994387,3475,0.04190659523010254,23.862592379771176,0.9968280792236328,29.327800002647564,0.0557999883312732,1,,0,9.136200009379536,1,0,20.088800025405362,1,gesture,0.035500008380040526,1,0.04650000482797623,1
1787922498.119119,3476,0.019680261611938477,50.812332667030105,9.197473526000977,7.679000002099201,0.057199998991563916,1,,0,7.587100000819191,1,0,,0,gesture,0.021199986804276705,1,0.04509999416768551,1
1787922498.2030544,3477,0.08393549919128418,11.913910200510722,1.9931793212890625,32.03529998427257,0.0585000088904053,1,5.217600002652034,1,8.477399998810142,1,0,18.258399999467656,1,gesture,0.02069998299703002,1,0.048299989430233836,1
1787922498.2223892,3478,0.019334793090820312,51.7202328104962,12.352466583251953,9.0970000019297,0.05900001269765198,1,,0,9.003999992273748,1,0,,0,gesture,0.022099993657320738,1,0.048699992476031184,1
1787922498.266177,3479,0.04378771781921387,22.837454195002696,1.993417739868164,28.590999980224296,0.08019999950192869,1,,0,9.806899994146079,1,0,18.661199981579557,1,gesture,0.03090000245720148,1,0.06609997944906354,1
1787922498.285633,3480,0.019456148147583008,51.39763494883892,9.482622146606445,8.41839998611249,0.05569998756982386,1,,0,8.328399999300018,1,0,,0,gesture,0.02120001590810716,1,0.04600000102072954,1
1787922498.3716276,3481,0.08599448204040527,11.62865309811554,0.9989738464355469,35.18109998549335,0.005999987479299307,1,6.075799989048392,1,9.14149999152869,1,0,19.937000004574656,1,gesture,0.018900027498602867,1,,
1787922498.3908322,3482,0.01920461654663086,52.07081315952824,13.356924057006836,9.759800013853237,0.050499977078288794,1,,0,9.67790000140667,1,0,,0,gesture,0.021500018192455173,1,0.04149999585933983,1
1787922498.4357164,3483,0.04488420486450195,22.279552528976193,0.9987354278564453,31.22190001886338,0.008399976650252938,1,,0,9.261900006094947,1,0,21.915400022407994,1,gesture,0.024600012693554163,1,,
1787922498.4556866,3484,0.019970178604125977,50.07466482014303,10.994911193847656,9.069699997780845,0.005600013537332416,1,,0,9.032700007082894,1,0,,0,gesture,0.01829999382607639,1,,
1787922498.5167046,3485,0.06101799011230469,16.388609296364603,0.9987354278564453,37.59839999838732,0.053499999921768904,1,6.461500015575439,1,8.914300007745624,1,0,22.146099974634126,1,gesture,0.020899984519928694,1,0.04429998807609081,1
1787922498.5455253,3486,0.02882075309753418,34.69721962558838,0.8332729339599609,9.428400022443384,0.00589998671784997,1,,0,9.387000027345493,1,0,,0,gesture,0.0185999961104244,1,,
1787922498.5993786,3487,0.05385327339172363,18.56897337931706,2.000570297241211,29.73149999161251,0.008300004992634058,1,,0,7.778900006087497,1,0,21.907399990595877,1,gesture,0.025299988919869065,1,,
1787922498.6193228,3488,0.019944190979003906,50.13991297279205,8.975505828857422,9.847600013017654,0.006199989002197981,1,,0,9.811500000068918,1,0,,0,gesture,0.01810002140700817,1,,
1787922498.702392,3489,0.0830693244934082,12.038138098490894,2.7348995208740234,32.151399995200336,0.050000002374872565,1,4.6765000151935965,1,7.746499992208555,1,0,19.658799981698394,1,gesture,0.017600017599761486,1,0.04040001658722758,1
1787922498.720952,3490,0.018559932708740234,53.87950569072271,11.579036712646484,8.737999974982813,0.05539998528547585,1,,0,8.649299998069182,1,0,,0,gesture,0.021800020476803184,1,0.04549999721348286,1
1787922498.7635112,3491,0.042559146881103516,23.496711595128456,0.9980201721191406,27.95320001314394,0.006399990525096655,1,,0,8.958199992775917,1,0,18.959300010465086,1,gesture,0.019500002963468432,1,,
1787922498.7841153,3492,0.02060413360595703,48.533950474427215,7.978200912475586,8.690200018463656,0.006199989002197981,1,,0,8.655100013129413,1,0,,0,gesture,0.018499995348975062,1,,
1787922498.871986,3493,0.08787059783935547,11.380370961265045,0.9963512420654297,35.842299985233694,0.006499991286545992,1,4.987199994502589,1,8.303999988129362,1,0,22.52500000759028,1,gesture,0.01780001912266016,1,,
1787922498.8894477,3494,0.017461776733398438,57.26794101583834,14.469385147094727,8.439500001259148,0.006500020390376449,1,,0,8.40359998983331,1,0,,0,gesture,0.01889999839477241,1,,
1787922498.9313357,3495,0.04188799858093262,23.87318644665919,2.991914749145508,29.833099979441613,0.006699992809444666,1,,0,8.682499988935888,1,0,21.111699985340238,1,gesture,0.022000021999701858,1,,
1787922498.954843,3496,0.023507356643676758,42.53987443837033,10.03122329711914,11.862700019264594,0.006299989763647318,1,,0,11.822800006484613,1,0,,0,gesture,0.01960000372491777,1,,
1787922499.0530376,3497,0.09819459915161133,10.183859485550846,0.9975433349609375,50.78360001789406,0.006399990525096655,1,5.265799991320819,1,8.133199997246265,1,0,37.35690002213232,1,gesture,0.01930000144056976,1,,
1787922499.0729856,3498,0.01994800567626953,50.13032461634077,32.18555450439453,8.582000009482726,0.005600013537332416,1,,0,8.537599991541356,1,0,,0,gesture,0.021299987565726042,1,,
1787922499.1140835,3499,0.04109787940979004,24.332155682022545,14.959096908569336,31.901499984087422,0.006599992047995329,1,,0,9.633800014853477,1,0,22.232499992242083,1,gesture,0.018699996871873736,1,,
1787922499.1362839,3500,0.022200345993041992,45.04434301669978,23.622751235961914,10.42739997501485,0.00790000194683671,1,,0,10.382300009950995,1,0,,0,gesture,0.023200002033263445,1,,
1787922499.2227323,3501,0.08644843101501465,11.56758992914882,0.9965896606445312,55.56269999942742,0.005700014298781753,1,5.107900011353195,1,7.860799989430234,1,0,42.567399999825284,1,gesture,0.01920000067912042,1,,
1787922499.243487,3503,0.020754575729370117,48.182146098264234,0.9982585906982422,9.53549999394454,0.006999995093792677,1,,0,9.492899989709258,1,0,,0,gesture,0.021400017431005836,1,,
1787922499.2974334,3504,0.053946495056152344,18.536885463255963,1.5230178833007812,28.26449999702163,0.006299989763647318,1,,0,8.96229999489151,1,0,19.266399991465732,1,gesture,0.018999999156221747,1,,
1787922499.3447547,3505,0.047321319580078125,21.13212414349053,1.9979476928710938,9.692099993117154,0.006499991286545992,1,,0,9.64979999116622,1,0,,0,gesture,0.01920000067912042,1,,
1787922499.4082043,3506,0.06344962120056152,15.760535383482322,1.9936561584472656,39.288600004510954,0.005500012775883079,1,6.202099990332499,1,8.473599998978898,1,0,24.589700013166294,1,gesture,0.016000005416572094,1,,
1787922499.429152,3507,0.020947694778442383,47.73794971602873,20.961284637451172,10.153099981835112,0.00790000194683671,1,,0,10.109800001373515,1,0,,0,gesture,0.024100008886307478,1,,
1787922499.4725423,3508,0.04339027404785156,23.04663941272144,8.97526741027832,30.156299995724112,0.006500020390376449,1,,0,8.454299997538328,1,0,21.666399989044294,1,gesture,0.01819999306462705,1,,
1787922499.4918308,3509,0.01928853988647461,51.84425601344837,6.488323211669922,8.59340000897646,0.006799993570894003,1,,0,8.553899999242276,1,0,,0,gesture,0.020800012862309813,1,,
1787922499.5772808,3510,0.0854499340057373,11.702759184493434,1.9960403442382812,36.84030001750216,0.007099995855242014,1,5.806200002552941,1,8.321400004206225,1,0,22.677900007693097,1,hover,0.02609999501146376,1,,
1787922499.598225,3511,0.02094435691833496,47.74555761722085,21.9419002532959,9.307999978773296,0.006200018106028438,1,,0,9.264899999834597,1,0,,0,hover,0.024199980543926358,1,,
1787922499.644291,3512,0.0460658073425293,21.708074984214395,10.47515869140625,33.09209999861196,0.006599992047995329,1,,0,9.973000007448718,1,0,23.073899996234104,1,hover,0.02579999272711575,1,,
1787922499.6769075,3513,0.032616615295410156,30.65922049062893,0.9973049163818359,9.662500000558794,0.007200025720521808,1,,0,9.59189998684451,1,0,,0,hover,0.047999987145885825,1,,
1787922499.7440684,3514,0.06716084480285645,14.889628070275087,1.9943714141845703,39.86740001710132,0.00689999433234334,1,7.164299982832745,1,8.635600010165945,1,0,24.03170001343824,1,hover,0.02710000262595713,1,,
1787922499.7673054,3515,0.023236989974975586,43.03483373177514,22.239208221435547,11.604900006204844,0.006700021913275123,1,,0,11.564999993424863,1,0,,0,hover,0.022299995180219412,1,,
1787922499.816331,3516,0.049025535583496094,20.397533409846908,19.349336624145508,31.447299988940358,0.006499991286545992,1,,0,9.877600008621812,1,0,21.527000004425645,1,hover,0.024300010409206152,1,,
1787922499.846115,3517,0.029784202575683594,33.57484550606769,1.9943714141845703,8.383599983062595,0.005900015821680427,1,,0,8.342099987203255,1,0,,0,hover,0.022099993657320738,1,,
1787922499.9024627,3518,0.05634760856628418,17.746982089287,1.9927024841308594,36.2668999878224,0.006000016583129764,1,5.876699986401945,1,8.898700005374849,1,0,21.461900003487244,1,hover,0.021599989850074053,1,,
1787922499.9199245,3519,0.017461776733398438,57.26794101583834,11.968851089477539,8.512700005667284,0.006199989002197981,1,,0,8.471000008285046,1,0,,0,hover,0.024300010409206152,1,,
1787922499.9622192,3520,0.04229474067687988,23.643601639261092,0.9968280792236328,28.320399986114353,0.007200025720521808,1,,0,9.207900002365932,1,0,19.067399989580736,1,hover,0.02509998739697039,1,,
1787922500.009355,3521,0.04713582992553711,21.215283608663544,2.9909610748291016,8.543800009647384,0.005400012014433742,1,,0,8.501599979354069,1,0,,0,hover,0.022099993657320738,1,,
1787922500.0711405,3522,0.06178545951843262,16.18503783566856,1.9941329956054688,36.01360000902787,0.006999995093792677,1,5.735999991884455,1,9.14310000371188,1,0,21.099000005051494,1,hover,0.026299996534362435,1,,
1787922500.093081,3523,0.02194046974182129,45.57787557728878,17.461061477661133,11.05590001679957,0.007499998901039362,1,,0,11.008899979060516,1,0,,0,hover,0.026900001103058457,1,,
1787922500.1343336,3524,0.04125261306762695,24.240888652572444,4.986763000488281,29.999199992744252,0.006100017344579101,1,,0,9.195599996019155,1,0,20.76479999232106,1,hover,0.023100001271814108,1,,
1787922500.1750267,3525,0.040693044662475586,24.574224128334475,0.9973049163818359,8.628200012026355,0.008400005754083395,1,,0,8.570200006943196,1,0,,0,hover,0.03409999771974981,1,,
1787922500.2379088,3526,0.0628821849822998,15.902755292003322,1.9969940185546875,34.698300005402416,0.006699992809444666,1,5.739499989431351,1,9.007800021208823,1,0,19.919799990020692,1,hover,0.022499996703118086,1,,
1787922500.2568514,3527,0.018942594528198242,52.791078778114816,12.966394424438477,8.798900002148002,0.007100024959072471,1,,0,8.754399983445182,1,0,,0,hover,0.025999994250014424,1,,
1787922500.3032377,3528,0.0463862419128418,21.558116345768358,1.9946098327636719,34.04589998535812,0.006599992047995329,1,,0,10.439199977554381,1,0,23.56359999976121,1,hover,0.02600002335384488,1,,
1787922500.343477,3529,0.04023933410644531,24.85130587287292,0.9973049163818359,10.311599995475262,0.007700000423938036,1,,0,10.257499990984797,1,0,,0,hover,0.02780000795610249,1,,
1787922500.4332542,3530,0.08977723121643066,11.138681672965028,0.9992122650146484,63.73080000048503,0.007800001185387373,1,5.728099989937618,1,8.409000001847744,1,0,49.55850000260398,1,hover,0.025699991965666413,1,,
1787922500.4551933,3532,0.02193903923034668,45.58084743368217,9.971857070922852,11.399200011510402,0.007299997378140688,1,,0,11.344900005497038,1,0,,0,hover,0.028799986466765404,1,,
1787922500.5357723,3533,0.08057904243469238,12.410174777275108,3.098011016845703,53.07080000056885,0.008700008038431406,1,,0,9.826399997109547,1,0,43.19510000641458,1,hover,0.02989999484270811,1,,
1787922500.5597079,3534,0.023935556411743164,41.778849122946816,16.955137252807617,11.164600000483915,0.008700008038431406,1,,0,11.106299993116409,1,0,,0,hover,0.03170000854879618,1,,
1787922500.6359267,3535,0.07621884346008301,13.12011511331467,6.983280181884766,62.99060001038015,0.005900015821680427,1,6.634699995629489,1,9.05570000759326,1,0,47.2717999946326,1,hover,0.020899984519928694,1,,
1787922500.653955,3536,0.01802825927734375,55.46847228099873,46.69189453125,8.931400021538138,0.00589998671784997,1,,0,8.893399994121864,1,0,,0,hover,0.02190002123825252,1,,
1787922500.7171764,3537,0.06322145462036133,15.817415243051627,0.9973049163818359,50.521900004241616,0.005499983672052622,1,,0,7.661500014364719,1,0,42.82689999672584,1,hover,0.019700004486367106,1,,
1787922500.73682,3538,0.019643545150756836,50.90730783702104,25.499582290649414,9.870100009720773,0.007000024197623134,1,,0,9.826299996348098,1,0,,0,hover,0.02549999044276774,1,,
1787922500.8035598,3539,0.06673979759216309,14.983563571931253,14.961004257202148,55.838000000221655,0.005699985194951296,1,5.567600019276142,1,8.802399999694899,1,0,41.43919999478385,1,hover,0.021299987565726042,1,,
1787922500.8225076,3540,0.018947839736938477,52.776464962943386,46.79274559020996,9.04679999803193,0.006000016583129764,1,,0,8.994399977382272,1,0,,0,hover,0.02340000355616212,1,,
1787922500.8828335,3541,0.06032586097717285,16.57663867206798,0.9973049163818359,49.85449998639524,0.00680002267472446,1,,0,9.403000003658235,1,0,40.40800000075251,1,hover,0.024599983589723706,1,,
1787922500.904795,3542,0.021961450576782227,45.53433283032797,28.382539749145508,10.869699995964766,0.00969998654909432,1,,0,10.809499974129722,1,0,,0,hover,0.036900019040331244,1,,
1787922500.9730814,3543,0.06828641891479492,14.644200353334684,14.95981216430664,58.3764000039082,0.005799985956400633,1,6.373000011080876,1,7.20359999104403,1,0,44.770499982405454,1,hover,0.021500018192455173,1,,
1787922500.991035,3544,0.01795363426208496,55.699029255142555,51.723480224609375,9.112300002016127,0.007199996616691351,1,,0,9.068499988643453,1,0,,0,hover,0.02540001878514886,1,,
1787922501.0542157,3545,0.06318068504333496,15.827621991026382,4.506111145019531,52.622899995185435,0.00589998671784997,1,,0,7.887499989010394,1,0,44.69809998408891,1,hover,0.021400017431005836,1,,
1787922501.0772102,3547,0.022994518280029297,43.48862575949236,2.9916763305664062,9.209900017594919,0.007099995855242014,1,,0,9.158100001513958,1,0,,0,hover,0.03200001083314419,1,,
1787922501.1517355,3548,0.07452535629272461,13.418251850714373,2.031087875366211,50.130999996326864,0.005399982910603285,1,5.085100012365729,1,6.61979999858886,1,0,38.39869998046197,1,hover,0.02060001133941114,1,,
1787922501.1746767,3549,0.022941112518310547,43.58986510361456,0.9992122650146484,8.921400003600866,0.005699985194951296,1,,0,8.879700006218627,1,0,,0,hover,0.02239999594166875,1,,
1787922501.2514424,3550,0.07676577568054199,13.026638383248597,0.9970664978027344,50.77289999462664,0.0049000082071870565,1,,0,9.272199997212738,1,0,41.467699978966266,1,hover,0.018699996871873736,1,,
1787922501.2754862,3551,0.024043798446655273,41.59076621019961,34.25717353820801,10.684300010325387,0.006799993570894003,1,,0,10.637700004735962,1,0,,0,hover,0.026599998818710446,1,,
1787922501.3447516,3552,0.06926536560058594,14.437229794850612,19.04153823852539,58.598400006303564,0.006100017344579101,1,6.453299982240424,1,9.298400022089481,1,0,42.81800001626834,1,hover,0.02069998299703002,1,,
1787922501.3637013,3553,0.01894974708557129,52.77115285414124,19.94943618774414,9.982199990190566,0.007499998901039362,1,,0,9.936200018273667,1,0,,0,hover,0.027400004910305142,1,,
1787922501.4267907,3554,0.06308937072753906,15.850530580161442,8.975028991699219,50.86350001511164,0.006599992047995329,1,,0,8.548299985704944,1,0,42.275399988284335,1,hover,0.02400000812485814,1,,
1787922501.4450219,3556,0.01823115348815918,54.851164554644484,3.756284713745117,9.289100009482354,0.00680002267472446,1,,0,9.245399996871129,1,0,,0,hover,0.025599991204217076,1,,
1787922501.535482,3557,0.09046006202697754,11.054602192310835,1.9962787628173828,55.87870001909323,0.005499983672052622,1,5.365299992263317,1,8.74729998758994,1,0,41.736200015293434,1,hover,0.022500025806948543,1,,
1787922501.5560436,3558,0.020561695098876953,48.63412258528327,13.963937759399414,9.870700014289469,0.006199989002197981,1,,0,9.829400019953027,1,0,,0,hover,0.022299995180219412,1,,
1787922501.618048,3559,0.06200432777404785,16.127906484917233,0.0,51.88430001726374,0.008399976650252938,1,,0,9.36080000246875,1,0,42.47460002079606,1,hover,0.02850001328624785,1,,
1787922501.6417208,3560,0.023672819137573242,42.242539605805156,32.09638595581055,10.770099994260818,0.008800008799880743,1,,0,10.718500008806586,1,0,,0,hover,0.030800001695752144,1,,
1787922501.723524,3561,0.0818033218383789,12.224442449607704,0.9989738464355469,55.90390000725165,0.006299989763647318,1,6.516499997815117,1,7.531200011726469,1,0,41.82549999677576,1,hover,0.02269999822601676,1,,
1787922501.7421632,3562,0.018639087677001953,53.650694568804525,33.6000919342041,9.716800006572157,0.008399976650252938,1,,0,9.661800024332479,1,0,,0,hover,0.03480000304989517,1,,
1787922501.8119771,3563,0.06981396675109863,14.32378142278047,17.104387283325195,61.39809999149293,0.005400012014433742,1,,0,9.8230000003241,1,0,51.53639998752624,1,hover,0.022599997464567423,1,,
1787922501.833618,3564,0.021640777587890625,46.20906046183677,58.69483947753906,9.97120002284646,0.007499998901039362,1,,0,9.92370001040399,1,0,,0,hover,0.026299996534362435,1,,
1787922501.9054081,3565,0.07179021835327148,13.929474278502873,11.967658996582031,62.945299985585734,0.006600021151825786,1,5.7032999757211655,1,9.375000023283064,1,0,47.83490000409074,1,hover,0.023499975213781,1,,
1787922501.9248655,3567,0.019457340240478516,51.39448596985663,16.95394515991211,9.548300004098564,0.006399990525096655,1,,0,9.504999994533136,1,0,,0,hover,0.025699991965666413,1,,
1787922501.9802582,3568,0.05539274215698242,18.052906591372764,3.9899349212646484,44.04979999526404,0.006300018867477775,1,,0,8.226599980844185,1,0,35.78470001230016,1,hover,0.02300000051036477,1,,
1787922501.9997184,3569,0.019460201263427734,51.386929994364266,21.06952667236328,9.8881000012625,0.010100018698722124,1,,0,9.825200017075986,1,0,,0,hover,0.03989998367615044,1,,
1787922502.084237,3570,0.0845186710357666,11.831705204839533,2.823352813720703,51.729500002693385,0.005599984433501959,1,5.032699991716072,1,8.060599997406825,1,0,38.60749999876134,1,hover,0.021400017431005836,1,,
1787922502.1001956,3571,0.015958547592163086,62.66234406513782,25.44093132019043,8.050700009334832,0.005299982149153948,1,,0,8.014999999431893,1,0,,0,hover,0.020700012100860476,1,,
1787922502.162311,3572,0.06211543083190918,16.099059229036083,10.9710693359375,52.56780001218431,0.0053000112529844046,1,,0,8.283100003609434,1,0,44.24940000171773,1,hover,0.020899984519928694,1,,
1787922502.1812642,3573,0.01895308494567871,52.76185923642996,39.62540626525879,9.263200015993789,0.00589998671784997,1,,0,9.224300010828301,1,0,,0,hover,0.022899999748915434,1,,
1787922502.258017,3574,0.07675290107727051,13.028823483730683,1.9965171813964844,57.97840000013821,0.006399990525096655,1,5.181899992749095,1,8.482700010063127,1,0,44.28090000874363,1,hover,0.024500011932104826,1,,
1787922502.2779922,3576,0.01997518539428711,50.06211358048268,3.9899349212646484,9.293700015405193,0.00689999433234334,1,,0,9.247300011338666,1,0,,0,hover,0.026399997295811772,1,,
1787922502.3487508,3577,0.07075858116149902,14.132561501164151,0.9975433349609375,45.87810000521131,0.006799993570894003,1,,0,8.446299994830042,1,0,37.389000004623085,1,hover,0.026699999580159783,1,,
1787922502.3776731,3578,0.028922319412231445,34.57537363262413,0.9973049163818359,9.062500001164153,0.006600021151825786,1,,0,9.018100012326613,1,0,,0,hover,0.024399982066825032,1,,
1787922502.455484,3579,0.07781076431274414,12.851692292607595,1.9948482513427734,54.076300002634525,0.008600007276982069,1,5.23149999207817,1,8.131500013405457,1,0,40.6700000166893,1,hover,0.03259998629800975,1,,
1787922502.4760087,3580,0.02052474021911621,48.72168852439974,31.914472579956055,9.80810000328347,0.00580001506023109,1,,0,9.76830002036877,1,0,,0,hover,0.021299987565726042,1,,
1787922502.5421352,3581,0.06612658500671387,15.12251086153125,21.088361740112305,55.09179999353364,0.005700014298781753,1,,0,8.522899996023625,1,0,46.529000013833866,1,hover,0.024199980543926358,1,,
1787922502.5618281,3582,0.01969289779663086,50.77972832271968,40.89045524597168,10.041300003649667,0.007800001185387373,1,,0,9.987900004489347,1,0,,0,hover,0.031099974876269698,1,,
1787922502.636948,3583,0.0751199722290039,13.312039000114257,9.972572326660156,63.394199998583645,0.005999987479299307,1,6.075699988286942,1,8.88510001823306,1,0,48.403199994936585,1,hover,0.022499996703118086,1,,
1787922502.6584134,3585,0.021465301513671875,46.58681357739471,16.6780948638916,11.240300023928285,0.007199996616691351,1,,0,11.194299993803725,1,0,,0,hover,0.026399997295811772,1,,
1787922502.7450063,3586,0.0865929126739502,11.54828922045061,1.5149116516113281,46.98590000043623,0.00580001506023109,1,,0,8.988700021291152,1,0,37.95830000308342,1,hover,0.02039998071268201,1,,
1787922502.7649543,3587,0.01994800567626953,50.13032461634077,21.24619483947754,10.767300002044067,0.00689999433234334,1,,0,10.72230000863783,1,0,,0,hover,0.026399997295811772,1,,
1787922502.827873,3588,0.06291866302490234,15.893535430087153,9.019136428833008,52.999299980001524,0.006599992047995329,1,5.026500002713874,1,8.723500010091811,1,0,39.21769998851232,1,hover,0.022899999748915434,1,,
1787922502.846962,3589,0.0190889835357666,52.38623618310123,39.93654251098633,9.679000009782612,0.006999995093792677,1,,0,9.63640000554733,1,0,,0,hover,0.025599991204217076,1,,
1787922502.9219027,3590,0.07494068145751953,13.343887199195734,1.9958019256591797,53.670199995394796,0.005999987479299307,1,,0,9.573300019837916,1,0,44.05950001091696,1,hover,0.021599989850074053,1,,
1787922502.9428468,3591,0.02094411849975586,47.74610113152563,36.02790832519531,10.536300018429756,0.010599993402138352,1,,0,10.46889999997802,1,0,,0,hover,0.044599990360438824,1,,
1787922503.015546,3592,0.07269930839538574,13.755289040183916,18.456220626831055,60.9513999952469,0.005999987479299307,1,6.250999984331429,1,7.661000010557473,1,0,47.009000001708046,1,hover,0.022499996703118086,1,,
1787922503.0353408,3593,0.019794702529907227,50.51856669677808,59.5395565032959,9.512200020253658,0.005799985956400633,1,,0,9.466500021517277,1,0,,0,hover,0.026299996534362435,1,,
1787922503.0987682,3594,0.06342744827270508,15.766044941624003,15.290260314941406,54.003700002795085,0.006199989002197981,1,,0,9.214999998221174,1,0,44.75030000321567,1,hover,0.02160001895390451,1,,
1787922503.1202183,3596,0.021450042724609375,46.619953761337364,11.475324630737305,9.61109998752363,0.007599999662488699,1,,0,9.564299980411306,1,0,,0,hover,0.027600006433203816,1,,
1787922503.1886206,3597,0.06840229034423828,14.619393516904845,0.0,56.08780001057312,0.006999995093792677,1,5.868500011274591,1,9.38010000390932,1,0,40.803899988532066,1,hover,0.026299996534362435,1,,
1787922503.209555,3598,0.020934343338012695,47.768395877227945,2.9916763305664062,8.555199980037287,0.006300018867477775,1,,0,8.515699999406934,1,0,,0,hover,0.022499996703118086,1,,
1787922503.2853339,3599,0.07577896118164062,13.196274855273094,1.9943714141845703,49.056700023356825,0.005999987479299307,1,,0,8.178999996744096,1,0,40.838300017639995,1,hover,0.02370000584051013,1,,
1787922503.3052819,3600,0.01994800567626953,50.13032461634077,33.418893814086914,8.681500010425225,0.006199989002197981,1,,0,8.636000013211742,1,0,,0,hover,0.023300002794712782,1,,
1787922503.38681,3601,0.0815281867980957,12.26569655567708,22.660255432128906,66.14969999645837,0.00589998671784997,1,5.323700024746358,1,7.713499973760918,1,0,53.083599981619045,1,hover,0.02160001895390451,1,,
1787922503.411807,3603,0.02499699592590332,40.004807096189616,2.9916763305664062,9.294499992392957,0.007099995855242014,1,,0,9.250900009647012,1,0,,0,hover,0.024999986635521054,1,,
1787922503.4852273,3604,0.07342028617858887,13.620213867970786,2.9926300048828125,48.7268999859225,0.007800001185387373,1,,0,9.034099988639355,1,0,39.65329998754896,1,hover,0.02230002428404987,1,,
1787922503.5046873,3605,0.019459962844848633,51.387559574129206,27.54378318786621,9.441500005777925,0.008400005754083395,1,,0,9.39039999502711,1,0,,0,hover,0.031000003218650818,1,,
1787922503.5856748,3606,0.08098745346069336,12.34759159930053,6.98089599609375,65.33589999889955,0.007299997378140688,1,5.5250999866984785,1,9.669399994891137,1,0,50.10459999903105,1,hover,0.027600006433203816,1,,
1787922503.6086137,3607,0.022938966751098633,43.59394260650848,31.380653381347656,10.834199987584725,0.009700015652924776,1,,0,10.777699993923306,1,0,,0,hover,0.03229998401366174,1,,
1787922503.6833692,3608,0.07475543022155762,13.376954651136831,23.935317993164062,60.56919999537058,0.007199996616691351,1,,0,10.271599981933832,1,0,50.25329999625683,1,hover,0.025800021830946207,1,,
1787922503.7038248,3609,0.020455598831176758,48.886371318344466,62.787532806396484,8.831299986923113,0.006000016583129764,1,,0,8.789600018644705,1,0,,0,hover,0.023299973690882325,1,,
1787922503.7742078,3610,0.07038307189941406,14.20796184385247,17.098188400268555,57.87759998929687,0.007099995855242014,1,5.622800003038719,1,9.433600003831089,1,0,42.786599980900064,1,hover,0.025599991204217076,1,,
1787922503.797163,3612,0.02295517921447754,43.563153685566206,21.9571590423584,10.295399988535792,0.006300018867477775,1,,0,10.254499997245148,1,0,,0,hover,0.023300002794712782,1,,
1787922503.8613164,3613,0.06415343284606934,15.587630398507502,8.492231369018555,53.766800003359094,0.006799993570894003,1,,0,8.782299992162734,1,0,44.9357999896165,1,hover,0.03200001083314419,1,,
1787922503.8818932,3614,0.02057671546936035,48.598621169109556,5.98597526550293,9.143199975369498,0.00689999433234334,1,,0,9.100600000238046,1,0,,0,hover,0.024500011932104826,1,,
1787922503.9601808,3615,0.07828760147094727,12.773414706939292,1.995086669921875,57.67099998774938,0.0053000112529844046,1,5.451800010632724,1,8.79480000003241,1,0,43.395599990617484,1,hover,0.021599989850074053,1,,
1787922503.9821227,3617,0.0219419002532959,45.57490410839826,1.9953250885009766,12.063500005751848,0.007100024959072471,1,,0,12.011799990432337,1,0,,0,hover,0.028399983420968056,1,,
1787922504.0730083,3618,0.09088563919067383,11.002838390144857,2.991914749145508,34.37510001822375,0.005999987479299307,1,,0,9.096000023419037,1,0,25.241000024834648,1,hover,0.022299995180219412,1,,
1787922504.0920215,3619,0.019013166427612305,52.59513210528296,15.022993087768555,9.045799990417436,0.0053000112529844046,1,,0,9.009799978230149,1,0,,0,hover,0.02090001362375915,1,,
1787922504.1466248,3620,0.05460333824157715,18.313898604070335,1.9876956939697266,40.07239997736178,0.006100017344579101,1,5.993300001136959,1,9.44379999418743,1,0,24.604199978057295,1,hover,0.022799998987466097,1,,
1787922504.1647594,3621,0.018134593963623047,55.14322526360075,19.412517547607422,8.709299989277497,0.005600013537332416,1,,0,8.670499984873459,1,0,,0,hover,0.022099993657320738,1,,
1787922504.2521403,3622,0.08738088607788086,11.444150372985685,0.9965896606445312,50.822599994717166,0.0053000112529844046,1,,0,7.617099996423349,1,0,43.170299992198125,1,hover,0.021199986804276705,1,,
1787922504.27109,3623,0.01894974708557129,52.77115285414124,28.670549392700195,8.56809999095276,0.006199989002197981,1,,0,8.529199985787272,1,0,,0,hover,0.02340000355616212,1,,
1787922504.3392413,3624,0.06815123558044434,14.673248276175716,14.96124267578125,57.43580000125803,0.005599984433501959,1,6.296500010648742,1,7.894400012446567,1,0,43.21559998788871,1,hover,0.022099993657320738,1,,
1787922504.3616517,3625,0.02241039276123047,44.622154134218476,51.71632766723633,9.845099993981421,0.005999987479299307,1,,0,9.803100023418665,1,0,,0,hover,0.022099993657320738,1,,
1787922504.4056342,3626,0.043982505798339844,22.73631258266658,6.082296371459961,32.66749999602325,0.006200018106028438,1,,0,9.031399997184053,1,0,23.596800019731745,1,hover,0.022899999748915434,1,,
1787922504.4276626,3627,0.022028446197509766,45.39584821525207,17.951488494873047,10.2824000059627,0.006199989002197981,1,,0,10.238599992590025,1,0,,0,hover,0.023900007363408804,1,,
1787922504.4997227,3628,0.07206010818481445,13.877303617630906,5.98597526550293,58.99119999958202,0.005700014298781753,1,5.6087999837473035,1,8.211800013668835,1,0,45.14180001569912,1,hover,0.021599989850074053,1,,
1787922504.519791,3629,0.02006816864013672,49.830157296963364,45.61424255371094,9.366300015244633,0.006699992809444666,1,,0,9.319699980551377,1,0,,0,hover,0.024200009647756815,1,,
1787922504.566667,3630,0.04687619209289551,21.33279081240813,21.068572998046875,34.18790001887828,0.008000002708286047,1,,0,9.724100003950298,1,0,24.411300022620708,1,hover,0.032899988582357764,1,,
1787922504.5860662,3631,0.019399166107177734,51.54860752648526,8.923530578613281,8.798399998340756,0.006100017344579101,1,,0,8.755599992582574,1,0,,0,hover,0.023200002033263445,1,,
1787922504.6680064,3632,0.0819401741027832,12.204025814561135,0.9970664978027344,68.36599999223836,7.064600009471178,1,6.712299975333735,1,8.832200022879988,1,0,45.73010001331568,1,face,0.02409997978247702,1,,
1787922504.6861997,3633,0.01819324493408203,54.96545578445248,44.2807674407959,8.639000006951392,0.00589998671784997,1,,0,8.604800008470193,1,0,,0,face,0.018799997633323073,1,,
1787922504.7350447,3634,0.04884505271911621,20.47290246057275,1.9960403442382812,31.43939998699352,0.005700014298781753,1,,0,9.414900006959215,1,0,21.9885999977123,1,face,0.017099984688684344,1,,
1787922504.753997,3635,0.018952369689941406,52.76385045035978,12.96544075012207,9.009300003526732,0.0050000089686363935,1,,0,8.976000011898577,1,0,,0,face,0.01819999306462705,1,,
1787922504.8075154,3636,0.05351829528808594,18.685199044869737,0.9968280792236328,38.04899999522604,0.005400012014433742,1,6.685100001050159,1,8.492099994327873,1,0,22.845900006359443,1,face,0.0185999961104244,1,,
1787922504.8261557,3637,0.01864027976989746,53.647263471598684,19.130468368530273,8.890400000382215,0.007299997378140688,1,,0,8.849300007568672,1,0,,0,face,0.022599997464567423,1,,
1787922504.8976018,3638,0.07144618034362793,13.996549503281976,0.9968280792236328,28.106499987188727,0.006799993570894003,1,,0,9.235799981979653,1,0,18.831800000043586,1,face,0.02120001590810716,1,,
1787922504.9176693,3639,0.020067453384399414,49.831933372144135,8.100271224975586,8.498799987137318,0.006900023436173797,1,,0,8.460200013360009,1,0,,0,face,0.020499981474131346,1,,
1787922504.9692018,3640,0.05153250694274902,19.405227095025054,0.9977817535400391,36.13380002207123,0.007299997378140688,1,6.422300008125603,1,9.674600005382672,1,0,20.004899997729808,1,face,0.022799998987466097,1,,
1787922504.9909153,3641,0.0217134952545166,46.0543080825272,14.959573745727539,9.47920000180602,0.007199996616691351,1,,0,9.437500004423782,1,0,,0,face,0.022499996703118086,1,,
1787922505.0709915,3642,0.08007621765136719,12.488102327132411,1.9941329956054688,34.0862000011839,0.006199989002197981,1,,0,9.685700002592057,1,0,24.365799996303394,1,face,0.01819999306462705,1,,
1787922505.0897455,3643,0.018754005432128906,53.321942537503176,11.489391326904297,8.385599998291582,0.009099981980398297,1,,0,8.341999986441806,1,0,,0,face,0.024300010409206152,1,,
1787922505.1610265,3644,0.07128095626831055,14.028992487641066,0.9975433349609375,60.760000022128224,0.006099988240748644,1,6.680399994365871,1,10.086299997055903,1,0,43.96370000904426,1,face,0.021700019715353847,1,,
1787922505.1815698,3645,0.020543336868286133,48.67758370568096,39.36362266540527,9.353000001283363,0.007299997378140688,1,,0,9.308600012445822,1,0,,0,face,0.02300000051036477,1,,
1787922505.2554255,3646,0.07385563850402832,13.539927624421754,1.9948482513427734,33.92390001681633,0.00589998671784997,1,,0,9.513900004094467,1,0,24.374400003580377,1,face,0.018099992303177714,1,,
1787922505.2764754,3647,0.021049976348876953,47.50599161852985,33.55288505554199,9.610699984477833,0.007099995855242014,1,,0,9.567999979481101,1,0,,0,face,0.021700019715353847,1,,
1787922505.3298469,3648,0.053371429443359375,18.736616396254735,17.95196533203125,38.96580002037808,0.005699985194951296,1,6.486600002972409,1,9.016500000143424,1,0,23.4375,1,face,0.01780001912266016,1,,
1787922505.3507924,3649,0.02094554901123047,47.74284023129809,37.947893142700195,8.564699994167313,0.005600013537332416,1,,0,8.531800005584955,1,0,,0,face,0.017699989257380366,1,,
1787922505.409637,3650,0.058844566345214844,16.993922499716383,1.9936561584472656,30.505699978675693,0.006399990525096655,1,,0,9.328800020739436,1,0,21.13939999253489,1,face,0.019099999917671084,1,,
1787922505.428584,3651,0.018947124481201172,52.778457279476534,18.950462341308594,7.983400020748377,0.005399982910603285,1,,0,7.950200000777841,1,0,,0,face,0.017700018361210823,1,,
1787922505.476822,3652,0.04823780059814453,20.73063007848797,8.445262908935547,34.935600007884204,0.006999995093792677,1,6.847100012237206,1,9.149199991952628,1,0,18.90959998127073,1,face,0.020800012862309813,1,,
1787922505.4967687,3653,0.019946813583374023,50.133320583770605,18.952131271362305,8.09409999055788,0.005500012775883079,1,,0,8.059099985985085,1,0,,0,face,0.018499995348975062,1,,
1787922505.5495675,3654,0.05279874801635742,18.939843037380225,1.9941329956054688,28.902499994728714,0.006799993570894003,1,,0,8.763200021348894,1,0,20.100599998841062,1,face,0.020899984519928694,1,,
1787922505.5855336,3655,0.03596615791320801,27.80391506963733,1.5363693237304688,10.467999993124977,0.007700000423938036,1,,0,10.415299999294803,1,0,,0,face,0.02720000338740647,1,,
1787922505.6352828,3656,0.049749135971069336,20.100851612408526,1.9946098327636719,33.484900020994246,0.006199989002197981,1,5.624399986118078,1,9.047700004884973,1,0,18.787500011967495,1,face,0.017300015315413475,1,,
1787922505.65523,3657,0.019947290420532227,50.132122153827765,11.968851089477539,9.26880000042729,0.008299975888803601,1,,0,9.226299996953458,1,0,,0,face,0.022799998987466097,1,,
1787922505.7349653,3658,0.07973527908325195,12.541499967108608,0.0,32.41440001875162,0.01379998866468668,1,,0,8.289200020954013,1,0,24.078200018266216,1,face,0.021199986804276705,1,,
1787922505.7529235,3659,0.01795816421508789,55.68497915615624,9.975671768188477,7.352299988269806,0.005900015821680427,1,,0,7.315299997571856,1,0,,0,face,0.018799997633323073,1,,
1787922505.8025386,3660,0.04961514472961426,20.155136207899048,1.9943714141845703,33.5186000156682,0.00869997893460095,1,6.15170001401566,1,9.088599996175617,1,0,18.239199998788536,1,face,0.02780000795610249,1,,
1787922505.8219955,3661,0.019456863403320312,51.39574551514557,8.973360061645508,9.386500023538247,0.005399982910603285,1,,0,9.351500018965453,1,0,,0,face,0.019099999917671084,1,,
1787922505.9039514,3662,0.0819559097290039,12.201682627971653,1.995086669921875,32.60720000253059,0.006700021913275123,1,,0,10.183800011873245,1,0,22.383000003173947,1,hover,0.023299973690882325,1,,
1787922505.9248722,3663,0.020920753479003906,47.79942562793454,12.964487075805664,10.059299995191395,0.007200025720521808,1,,0,10.01130000804551,1,0,,0,hover,0.02759997732937336,1,,
1787922505.9712627,3664,0.046390533447265625,21.55612202943837,2.991914749145508,33.584299992071465,0.007299997378140688,1,6.303400004981086,1,9.016500000143424,1,0,18.228700006147847,1,hover,0.026399997295811772,1,,
1787922505.9927263,3665,0.021463632583618164,46.590435990002774,16.95418357849121,9.73419999354519,0.007000024197623134,1,,0,9.68819999252446,1,0,,0,hover,0.02519998815841973,1,,
1787922506.0690653,3666,0.0763390064239502,13.099463129589086,2.990245819091797,33.4337999811396,0.006599992047995329,1,,0,9.592999995220453,1,0,23.801000003004447,1,hover,0.022100022761151195,1,,
1787922506.089679,3667,0.020613670349121094,48.51149664584779,12.131214141845703,9.83349999296479,0.006499991286545992,1,,0,9.788800001842901,1,0,,0,hover,0.02449998282827437,1,,
1787922506.1380744,3668,0.048395395278930664,20.663122890854005,0.0,36.258600011933595,0.00589998671784997,1,5.7001999812200665,1,8.747999992920086,1,0,21.7809000168927,1,hover,0.021400017431005836,1,,
1787922506.1580215,3669,0.019947052001953125,50.132721361637024,14.960527420043945,8.856900007231161,0.007200025720521808,1,,0,8.809199993265793,1,0,,0,land,0.028099981136620045,1,,
1787922506.2350147,3670,0.07699322700500488,12.988155437815275,2.2966861724853516,31.329399993410334,0.006399990525096655,1,,0,8.644999994430691,1,0,22.64030001242645,1,land,0.027600006433203816,1,,
1787922506.25608,3671,0.021065235137939453,47.47158023405844,12.966156005859375,9.298699995269999,0.006499991286545992,1,,0,9.176099993055686,1,0,,0,land,0.10430000838823617,1,,
1787922506.3057508,3672,0.04967093467712402,20.13249814001488,2.991199493408203,35.09040002245456,0.006699992809444666,1,5.882199999177828,1,8.222600008593872,1,0,20.949199999449775,1,land,0.027900008717551827,1,,
1787922506.3242123,3673,0.01846146583557129,54.166879754110006,15.465736389160156,8.43469999381341,0.005700014298781753,1,,0,8.388400019612163,1,0,,0,land,0.029199989512562752,1,,
1787922506.398339,3674,0.0741267204284668,13.490412016339134,0.0,29.056800005491823,0.006699992809444666,1,,0,7.921900018118322,1,0,21.092999988468364,1,land,0.025699991965666413,1,,
1787922506.4192848,3675,0.02094578742980957,47.74229679123081,7.977485656738281,8.998899982543662,0.005900015821680427,1,,0,8.954299992183223,1,0,,0,land,0.026699999580159783,1,,
1787922506.4730566,3676,0.0537717342376709,18.597131265657215,0.9977817535400391,35.08539998438209,0.006799993570894003,1,5.629500024951994,1,8.161599980667233,1,0,21.25639998121187,1,land,0.02920001861639321,1,,
1787922506.493002,3677,0.019945383071899414,50.136916217411574,14.959096908569336,8.229600003687665,0.005799985956400633,1,,0,8.185300015611574,1,0,,0,land,0.027600006433203816,1,,
1787922506.5445597,3678,0.05155777931213379,19.395715124694217,1.9955635070800781,31.069899996509776,0.005700014298781753,1,,0,8.314099977724254,1,0,22.71580000524409,1,land,0.024600012693554163,1,,
1787922506.5851886,3679,0.040628910064697266,24.613015668094594,0.9984970092773438,11.003199993865564,0.009100011084228754,1,,0,10.94149998971261,1,0,,0,land,0.035200006095692515,1,,
1787922506.6437464,3680,0.058557748794555664,17.077159224621248,1.9943714141845703,42.69669999484904,0.00689999433234334,1,7.105500000761822,1,9.824700013268739,1,0,25.728899985551834,1,land,0.02819998189806938,1,,
1787922506.6636937,3681,0.019947290420532227,50.132122153827765,20.659208297729492,9.44080000044778,0.006099988240748644,1,,0,9.398700000019744,1,0,,0,land,0.025600020308047533,1,,
1787922506.733363,3682,0.06966924667358398,14.353535422669687,0.9977817535400391,32.30930000427179,0.010200019460171461,1,,0,8.911099983379245,1,0,23.33960001124069,1,land,0.03739999374374747,1,,
1787922506.7572982,3683,0.023935317993164062,41.779265280102,12.96544075012207,8.901900000637397,0.006799993570894003,1,,0,8.851999999023974,1,0,,0,land,0.028000009479001164,1,,
1787922506.8073967,3684,0.050098419189453125,19.960709662681793,3.9882659912109375,36.44639998674393,0.009600014891475439,1,7.335900008911267,1,9.932000015396625,1,0,19.130799977574497,1,land,0.03549997927621007,1,,
1787922506.8290422,3685,0.021645545959472656,46.19888090937128,18.948793411254883,9.69269999768585,0.006200018106028438,1,,0,9.64659999590367,1,0,,0,land,0.02680000034160912,1,,
1787922506.902805,3686,0.07376289367675781,13.556951878571613,1.9943714141845703,33.64869998767972,0.009300012607127428,1,,0,10.04970000940375,1,0,23.540099995443597,1,land,0.0363999861292541,1,,
1787922506.9247463,3687,0.021941184997558594,45.576389794410396,14.960289001464844,8.955099998274818,0.006499991286545992,1,,0,8.90879999496974,1,0,,0,land,0.0281000102404505,1,,
1787922506.9749532,3688,0.050206899642944336,19.91758119126425,2.9916763305664062,37.52929999609478,0.006199989002197981,1,6.569100019987673,1,9.0998999949079,1,0,21.826599986525252,1,land,0.025999994250014424,1,,
1787922506.995894,3689,0.020940780639648438,47.75371163129611,19.945383071899414,9.29260000702925,0.006100017344579101,1,,0,9.247000009054318,1,0,,0,land,0.02579999272711575,1,,
1787922507.0675626,3690,0.07166862487792969,13.953107119095144,1.9958019256591797,31.188900000415742,0.006699992809444666,1,,0,8.8363999966532,1,0,22.31010000105016,1,land,0.02509998739697039,1,,
1787922507.0875082,3691,0.019945621490478516,50.13631690932129,13.961315155029297,8.470600005239248,0.00689999433234334,1,,0,8.423300023423508,1,0,,0,land,0.028999987989664078,1,,
1787922507.1391356,3692,0.051627397537231445,19.369560498935538,0.9958744049072266,36.714800022309646,0.00589998671784997,1,5.742999986978248,1,8.466600003885105,1,0,22.472700016805902,1,land,0.025100016500800848,1,,
1787922507.1575136,3693,0.018378019332885742,54.41282773114695,15.386343002319336,8.771299995714799,0.005799985956400633,1,,0,8.727800013730302,1,0,,0,land,0.026699999580159783,1,,
1787922507.2324743,3694,0.07496070861816406,13.340322129207909,1.4693737030029297,31.963699992047623,0.00790000194683671,1,,0,10.1237999915611,1,0,21.78829998592846,1,land,0.03200001083314419,1,,
1787922507.2549236,3695,0.022449254989624023,44.544908081011904,11.967182159423828,9.717600012663752,0.007300026481971145,1,,0,9.665300021879375,1,0,,0,land,0.03129997639916837,1,,
1787922507.3098328,3696,0.05490922927856445,18.21187463635337,1.9946098327636719,39.56899998593144,0.007499998901039362,1,6.019599997671321,1,9.80230001732707,1,0,23.706999985734,1,land,0.03029999788850546,1,,
1787922507.322863,3697,0.013030290603637695,76.7442592355406,21.488189697265625,0.04509999416768551,0.005400012014433742,1,,0,,0,0,,0,land,0.02099998528137803,1,,
1787922507.389088,3698,0.06622481346130371,15.100080283114984,2.145528793334961,20.956200023647398,0.0045000051613897085,1,,0,,0,0,20.91880000079982,1,land,0.01759998849593103,1,,
1787922507.401057,3699,0.01196908950805664,83.54854388271383,0.9973049163818359,0.04609997267834842,0.005900015821680427,1,,0,,0,0,,0,land,0.020199979189783335,1,,
1787922507.4669104,3700,0.06585335731506348,15.185254644128179,11.970043182373047,21.218699985183775,0.006999995093792677,1,5.323499994119629,1,,0,0,15.851200005272403,1,land,0.024200009647756815,1,,
1787922507.4758892,3701,0.008978843688964844,111.37291556027616,8.978843688964844,0.02920001861639321,0.0039000005926936865,1,,0,,0,0,,0,land,0.012899981811642647,1,,
1787922507.5345178,3702,0.05862855911254883,17.056533797467324,2.9935836791992188,19.340300001204014,0.004999979864805937,1,,0,,0,0,19.29779999773018,1,land,0.01960000372491777,1,,
1787922507.5683217,3703,0.03380393981933594,29.58235061784122,0.9965896606445312,0.044899992644786835,0.005400012014433742,1,,0,,0,0,,0,land,0.020000006770715117,1,,
1787922507.6205149,3704,0.05219316482543945,19.15959691933819,0.9982585906982422,21.7216000019107,0.0049000082071870565,1,4.90710002486594,1,,0,0,16.780299978563562,1,land,0.018999999156221747,1,,
1787922507.6332703,3705,0.012755393981933594,78.39820560747664,1.516103744506836,0.04579999949783087,0.0052000104915350676,1,,0,,0,0,,0,land,0.02099998528137803,1,,
1787922507.721955,3706,0.0886847972869873,11.27588978710706,8.57686996459961,16.092400008346885,0.0044000043999403715,1,,0,,0,0,16.05340000241995,1,land,0.019099999917671084,1,,
1787922507.7359488,3707,0.01399374008178711,71.46052407401098,4.022359848022461,0.046200002543628216,0.0051000097300857306,1,,0,,0,0,,0,land,0.019799976143985987,1,,
1787922507.787947,3708,0.051998138427734375,19.231457706697967,3.0248165130615234,20.57500000228174,0.0050000089686363935,1,4.643099993700162,1,,0,0,15.898200013907626,1,land,0.0185999961104244,1,,
1787922507.8009949,3709,0.013047933578491211,76.64048824163575,0.5462169647216797,0.039000005926936865,0.0043000036384910345,1,,0,,0,0,,0,land,0.01689998316578567,1,,
1787922507.88413,3710,0.08313512802124023,12.028609611865992,0.9977817535400391,17.0057000068482,0.0046000059228390455,1,,0,,0,0,16.968399984762073,1,land,0.01789999078027904,1,,
1787922507.8992317,3711,0.01510167121887207,66.21783678817827,1.1107921600341797,0.0447999918833375,0.0050000089686363935,1,,0,,0,0,,0,land,0.020400009816512465,1,,
1787922507.9583802,3712,0.059148550033569336,16.906585189872906,3.988027572631836,21.986300009302795,0.0049000082071870565,1,4.976800002623349,1,,0,0,16.9750000059139,1,land,0.019799976143985987,1,,
1787922507.9689264,3713,0.010546207427978516,94.8208165664421,3.9825439453125,0.03969998215325177,0.0051000097300857306,1,,0,,0,0,,0,land,0.017799990018829703,1,,
1787922508.0514429,3714,0.08251643180847168,12.118798378498637,1.992940902709961,17.816799983847886,0.004499976057559252,1,,0,,0,0,17.776900000171736,1,land,0.019500002963468432,1,,
1787922508.0699186,3715,0.018475770950317383,54.12494031718994,2.0112991333007812,0.045599997974932194,0.0048999791033566,1,,0,,0,0,,0,land,0.02030000905506313,1,,
1787922508.1291635,3716,0.05924487113952637,16.87909823695828,3.453969955444336,23.73679997981526,0.0042000028770416975,1,5.314599984558299,1,,0,0,18.39119999203831,1,land,0.017700018361210823,1,,
1787922508.1391037,3717,0.009940147399902344,100.60212990501775,6.94584846496582,0.03580001066438854,0.0046000059228390455,1,,0,,0,0,,0,land,0.016299978597089648,1,,
1787922508.218805,3718,0.07970142364501953,12.546827324614409,1.9943714141845703,16.69299998320639,0.0046000059228390455,1,,0,,0,0,16.65350000257604,1,land,0.01889999839477241,1,,
1787922508.236417,3719,0.017611980438232422,56.7795316095844,2.0265579223632812,0.05740000051446259,0.005499983672052622,1,,0,,0,0,,0,land,0.03250001464039087,1,,
1787922508.2976065,3720,0.06118941307067871,16.342696388424567,9.044170379638672,22.153400001116097,0.0046000059228390455,1,4.588100011460483,1,,0,0,17.529200005810708,1,land,0.021199986804276705,1,,
1787922508.32264,3721,0.02503347396850586,39.94651326691937,24.00350570678711,0.04129999433644116,0.004799978341907263,1,,0,,0,0,,0,land,0.018200022168457508,1,,
1787922508.3826952,3722,0.06005525588989258,16.65133193060463,0.9970664978027344,16.834700014442205,0.0042000028770416975,1,,0,,0,0,16.799400007585064,1,land,0.016699981642886996,1,,
1787922508.405633,3723,0.022937774658203125,43.59620821553301,2.0258426666259766,0.039700011257082224,0.004599976819008589,1,,0,,0,0,,0,land,0.017900019884109497,1,,
1787922508.456795,3724,0.051162004470825195,19.545754908219898,2.2788047790527344,22.19869999680668,0.004999979864805937,1,5.041099997470155,1,,0,0,17.12299999780953,1,land,0.019099999917671084,1,,
1787922508.466115,3725,0.00932002067565918,107.29589931186207,1.0764598846435547,0.0391000066883862,0.005199981387704611,1,,0,,0,0,,0,land,0.01750001683831215,1,,
1787922508.532685,3726,0.06657004356384277,15.021771752950235,1.9931793212890625,18.297000002348796,0.0051000097300857306,1,,0,,0,0,18.25319998897612,1,land,0.02139998832717538,1,,
1787922508.5670528,3727,0.03436779975891113,29.097003794684667,1.0275840759277344,0.06329998723231256,0.00969998654909432,1,,0,,0,0,,0,land,0.028999987989664078,1,,
1787922508.6217897,3728,0.05473685264587402,18.269227251146646,0.0,21.84790000319481,0.0048000074457377195,1,5.002199992304668,1,,0,0,16.811300010886043,1,land,0.01960000372491777,1,,
1787922508.6307318,3729,0.008942127227783203,111.83021383245348,0.0,0.038300000596791506,0.0046000059228390455,1,,0,,0,0,,0,land,0.01719998545013368,1,,
1787922508.7164724,3730,0.08574056625366211,11.663090689668596,1.0335445404052734,16.63840000401251,0.0047000066842883825,1,,0,,0,0,16.599099995801225,1,land,0.018499995348975062,1,,
1787922508.7342231,3731,0.01775074005126953,56.335679363885454,2.0279884338378906,0.05460000829771161,0.006200018106028438,1,,0,,0,0,,0,land,0.024899985874071717,1,,
1787922508.7886007,3732,0.05437755584716797,18.389940195373473,1.0960102081298828,23.345299996435642,0.005400012014433742,1,5.172100005438551,1,,0,0,18.138999992515892,1,land,0.01889999839477241,1,,
1787922508.8035295,3733,0.014928817749023438,66.98454069247477,1.9946098327636719,0.061400001868605614,0.005799985956400633,1,,0,,0,0,,0,land,0.02060001133941114,1,,
1787922508.8839085,3734,0.08037900924682617,12.441059044771515,0.9973049163818359,16.83870001579635,0.0049000082071870565,1,,0,,0,0,16.78639999590814,1,land,0.03159997868351638,1,,
1787922508.90188,3735,0.017971515655517578,55.64360954124545,0.9975433349609375,0.054100004490464926,0.005900015821680427,1,,0,,0,0,,0,land,0.024699984351173043,1,,
1787922508.957767,3736,0.05588698387145996,17.893254041048262,2.034902572631836,21.732499997597188,0.0045000051613897085,1,5.150499986484647,1,,0,0,16.5493999957107,1,land,0.018399994587525725,1,,
1787922508.9673254,3737,0.009558439254760742,104.61959043176773,1.0340213775634766,0.03829997149296105,0.0048000074457377195,1,,0,,0,0,,0,land,0.01819999306462705,1,,
1787922509.0508878,3738,0.08356237411499023,11.967108529299315,0.0,18.144500005291775,0.0044000043999403715,1,,0,,0,0,18.108799995388836,1,land,0.01789999078027904,1,,
1787922509.0703423,3739,0.019454479217529297,51.40204416774921,2.9926300048828125,0.04149999585933983,0.0050000089686363935,1,,0,,0,0,,0,land,0.01999997766688466,1,,
1787922509.1247244,3740,0.0543820858001709,18.388408338630832,2.025604248046875,23.50279997335747,0.008600007276982069,1,5.192899989197031,1,,0,0,18.237899988889694,1,land,0.04980000085197389,1,,
1787922509.1352613,3741,0.010536909103393555,94.90449145830976,2.0246505737304688,0.035200006095692515,0.0042000028770416975,1,,0,,0,0,,0,land,0.017200014553964138,1,,
1787922509.235232,3742,0.09997081756591797,10.002919095271256,5.8498382568359375,32.56900000269525,0.0044000043999403715,1,,0,,0,0,32.53310002037324,1,land,0.0185999961104244,1,,
1787922509.2442102,3743,0.008978128433227539,111.38178824654115,13.471603393554688,0.0337999954354018,0.004599976819008589,1,,0,,0,0,,0,land,0.016600009985268116,1,,
1787922509.3011622,3744,0.05695199966430664,17.55864598072624,6.979942321777344,22.096899978350848,0.0049000082071870565,1,5.589100008364767,1,,0,0,16.47969998884946,1,land,0.0171000137925148,1,,
1787922509.3113396,3745,0.010177373886108398,98.25717431536533,10.960578918457031,0.04650000482797623,0.007000024197623134,1,,0,,0,0,,0,land,0.022299995180219412,1,,
1787922509.385974,3746,0.07463431358337402,13.398662786425973,2.1674633026123047,17.13759999256581,0.0048999791033566,1,,0,,0,0,17.099599994253367,1,land,0.019400002202019095,1,,
1787922509.403959,3747,0.017985105514526367,55.60156426062173,5.984306335449219,0.039000005926936865,0.004999979864805937,1,,0,,0,0,,0,land,0.018000020645558834,1,,
1787922509.4590836,3748,0.055124521255493164,18.140747116245475,3.0269622802734375,22.45650000986643,0.005499983672052622,1,5.08640002226457,1,,0,0,17.339799989713356,1,land,0.018000020645558834,1,,
1787922509.4693284,3749,0.01024484634399414,97.61005352571561,5.257606506347656,0.035500008380040526,0.0044000043999403715,1,,0,,0,0,,0,land,0.017099984688684344,1,,
1787922509.5346148,3750,0.06528639793395996,15.317126256705778,1.995086669921875,18.73459998751059,0.0048000074457377195,1,,0,,0,0,18.69470000383444,1,land,0.020100007532164454,1,,
1787922509.5647964,3751,0.0301816463470459,33.132718755677736,1.0020732879638672,0.0425000034738332,0.005600013537332416,1,,0,,0,0,,0,land,0.01990000600926578,1,,
1787922509.6207545,3752,0.05595803260803223,17.8705353528898,0.5390644073486328,21.483899996383116,0.005799985956400633,1,4.8294000152964145,1,,0,0,16.61639998201281,1,land,0.025200017262250185,1,,
1787922509.6337082,3753,0.012953758239746094,77.19767356254141,1.0318756103515625,0.03840000135824084,0.0048999791033566,1,,0,,0,0,,0,land,0.018999999156221747,1,,
1787922509.714148,3754,0.08043980598449707,12.431656040949765,1.0309219360351562,15.763599978527054,0.00689999433234334,1,,0,,0,0,15.725100005511194,1,land,0.018499995348975062,1,,
1787922509.73287,3755,0.018722057342529297,53.412933295978405,0.0,0.03610001294873655,0.0046000059228390455,1,,0,,0,0,,0,land,0.01719998545013368,1,,
1787922509.7863586,3756,0.05348849296569824,18.695609925695464,0.0,21.76500001223758,0.005199981387704611,1,4.943499981891364,1,,0,0,16.790300025604665,1,land,0.019500002963468432,1,,
1787922509.8012586,3757,0.014899969100952148,67.11423313865109,2.934694290161133,0.042100000428035855,0.0050000089686363935,1,,0,,0,0,,0,land,0.019800005247816443,1,,
1787922509.8851717,3758,0.08391308784484863,11.91709214477905,3.9267539978027344,16.74789999378845,0.005099980626255274,1,,0,,0,0,16.710500000044703,1,land,0.019099999917671084,1,,
1787922509.8987124,3759,0.01354074478149414,73.85118146283058,3.026723861694336,0.053800002206116915,0.006399990525096655,1,,0,,0,0,,0,land,0.026699999580159783,1,,
1787922509.9589248,3760,0.06021237373352051,16.60788203477345,2.7344226837158203,21.881499997107312,0.005900015821680427,1,5.3007999958936125,1,,0,0,16.5467000042554,1,land,0.02139998832717538,1,,
1787922509.970898,3761,0.011973142623901367,83.52026125570004,6.99162483215332,0.03730002208612859,0.005099980626255274,1,,0,,0,0,,0,land,0.016700010746717453,1,,
1787922510.051837,3762,0.08093905448913574,12.354975065025346,1.9955635070800781,18.018500006292015,0.0048999791033566,1,,0,,0,0,17.98199999029748,1,land,0.018999999156221747,1,,
1787922510.0703094,3763,0.01847243309020996,54.13472037584378,1.9924640655517578,0.04049998824484646,0.005600013537332416,1,,0,,0,0,,0,land,0.018799997633323073,1,,
1787922510.1246977,3764,0.05438828468322754,18.386312527123764,2.248048782348633,23.91160000115633,0.004799978341907263,1,5.328100000042468,1,,0,0,18.544499995186925,1,land,0.020400009816512465,1,,
1787922510.1356666,3765,0.010968923568725586,91.166648553481,0.9973049163818359,0.04119999357499182,0.004699977580457926,1,,0,,0,0,,0,land,0.020000006770715117,1,,
1787922510.2235484,3766,0.08788180351257324,11.378919867716757,10.898351669311523,17.495099978987128,0.0047000066842883825,1,,0,,0,0,17.456600005971268,1,land,0.02030000905506313,1,,
1787922510.2355528,3767,0.012004375457763672,83.30295928500496,1.0342597961425781,0.03980001201853156,0.005299982149153948,1,,0,,0,0,,0,land,0.018799997633323073,1,,
1787922510.2881868,3768,0.05263400077819824,18.999125759298433,3.339052200317383,20.68640000652522,0.0048000074457377195,1,4.7904999810270965,1,,0,0,15.865800000028685,1,land,0.01930000144056976,1,,
1787922510.2991588,3769,0.010972023010253906,91.14089526292916,0.9984970092773438,0.03880000440403819,0.0048000074457377195,1,,0,,0,0,,0,land,0.018499995348975062,1,,
1787922510.3839753,3770,0.08481645584106445,11.790164892929225,3.0252933502197266,16.452699986984953,0.0049000082071870565,1,,0,,0,0,16.416700003901497,1,land,0.017999991541728377,1,,
1787922510.3999324,3771,0.015957117080688477,62.66796157121726,1.993417739868164,0.04129999433644116,0.0051000097300857306,1,,0,,0,0,,0,land,0.018699996871873736,1,,
1787922510.458108,3772,0.05817556381225586,17.189347802922878,7.977724075317383,20.79570002388209,0.0047000066842883825,1,4.7045999963302165,1,,0,0,16.061700007412583,1,land,0.018699996871873736,1,,
1787922510.4839299,3774,0.025821924209594727,38.72678085037625,5.446672439575195,0.03860000288113952,0.0044000043999403715,1,,0,,0,0,,0,land,0.018799997633323073,1,,
1787922510.5847096,3775,0.10077977180480957,9.922626158916113,2.035856246948242,17.395200004102662,0.0043000036384910345,1,,0,,0,0,17.3600000271108,1,land,0.01759998849593103,1,,
1787922510.6090949,3776,0.02438521385192871,41.008457259065885,9.877443313598633,0.08110000635497272,0.039300008211284876,1,,0,,0,0,,0,land,0.022099993657320738,1,,
1787922510.6599576,3777,0.050862789154052734,19.660738560191998,11.008024215698242,20.32310000504367,0.005399982910603285,1,4.653499985579401,1,,0,0,15.63830001396127,1,land,0.01960000372491777,1,,
1787922510.6685596,3778,0.008601903915405273,116.25333296377394,3.094196319580078,0.034199998481199145,0.004699977580457926,1,,0,,0,0,,0,land,0.01610000617802143,1,,
1787922510.7528458,3779,0.08428621292114258,11.864336590084918,2.992868423461914,17.70070000202395,0.0047000066842883825,1,,0,,0,0,17.663700011326,1,land,0.01920000067912042,1,,
1787922510.7664914,3780,0.013645648956298828,73.28343292448544,0.0,0.039000005926936865,0.0048000074457377195,1,,0,,0,0,,0,land,0.018699996871873736,1,,
1787922510.8262713,3781,0.05977988243103027,16.7280355754083,0.9975433349609375,23.367499990854412,0.0048000074457377195,1,5.108400015160441,1,,0,0,18.22959998389706,1,land,0.01889999839477241,1,,
1787922510.834631,3782,0.008359670639038086,119.621937655078,2.991914749145508,0.03710002056322992,0.0051000097300857306,1,,0,,0,0,,0,land,0.01759998849593103,1,,
1787922510.919631,3783,0.08500003814697266,11.764700602497504,5.969524383544922,18.119400017894804,0.0050000089686363935,1,,0,,0,0,18.08169999276288,1,land,0.0185999961104244,1,,
1787922510.9395764,3784,0.019945383071899414,50.136916217411574,1.0313987731933594,0.041799998143687844,0.0051000097300857306,1,,0,,0,0,,0,land,0.019700004486367106,1,,
1787922510.9873939,3785,0.04781746864318848,20.912859429300813,1.0311603546142578,21.18239999981597,0.0048000074457377195,1,4.92790000862442,1,,0,0,16.2263999809511,1,land,0.01719998545013368,1,,
1787922511.0013242,3786,0.013930320739746094,71.78585609639214,1.959085464477539,0.03840000135824084,0.0046000059228390455,1,,0,,0,0,,0,land,0.0185999961104244,1,,
1787922511.0831926,3787,0.08186841011047363,12.214723586919487,2.0287036895751953,16.15229999879375,0.0046000059228390455,1,,0,,0,0,16.116200014948845,1,land,0.018699996871873736,1,,
1787922511.1029923,3788,0.01979970932006836,50.50579197071502,4.698038101196289,0.04129999433644116,0.0048000074457377195,1,,0,,0,0,,0,land,0.01969997538253665,1,,
1787922511.154859,3789,0.051866769790649414,19.280167321703555,2.0296573638916016,21.1944000038784,0.0043000036384910345,1,4.6907000069040805,1,,0,0,16.476599994348362,1,land,0.01719998545013368,1,,
1787922511.1673963,3790,0.012537240982055664,79.76236569363887,0.0,0.03960001049563289,0.0050000089686363935,1,,0,,0,0,,0,land,0.01960000372491777,1,,
1787922511.257332,3791,0.0899357795715332,11.119045220535606,7.560968399047852,16.532599984202534,0.0048000074457377195,1,,0,,0,0,16.498199984198436,1,land,0.017699989257380366,1,,
1787922511.2654989,3792,0.008166790008544922,122.44713026215916,0.9927749633789062,0.034900003811344504,0.0044000043999403715,1,,0,,0,0,,0,land,0.016799982404336333,1,,
1787922511.3273373,3793,0.061838388442993164,16.171184682826397,1.9943714141845703,22.846800013212487,0.004999979864805937,1,5.177699989872053,1,,0,0,17.636600008700043,1,land,0.02060001133941114,1,,
1787922511.337131,3794,0.009793758392333984,102.10584741224012,4.114389419555664,0.03610001294873655,0.0048999791033566,1,,0,,0,0,,0,land,0.0171000137925148,1,,
1787922511.4155867,3795,0.07845568656921387,12.746048677017143,2.713918685913086,16.083900001831353,0.0043000036384910345,1,,0,,0,0,16.050900012487546,1,land,0.017200014553964138,1,,
1787922511.4424794,3796,0.026892662048339844,37.18486471151459,9.972095489501953,0.045199994929134846,0.005600013537332416,1,,0,,0,0,,0,land,0.021799991372972727,1,,
1787922511.493683,3797,0.05120372772216797,19.529828090368962,7.95745849609375,20.338900008937344,0.0046000059228390455,1,4.633900010958314,1,,0,0,15.678099996875972,1,land,0.017099984688684344,1,,
1787922511.5036576,3798,0.009974479675292969,100.25585620040157,26.929616928100586,0.03659998765215278,0.0047000066842883825,1,,0,,0,0,,0,land,0.017300015315413475,1,,
1787922511.5854375,3799,0.08177995681762695,12.227935045625491,2.9926300048828125,17.726899997796863,0.0044000043999403715,1,,0,,0,0,17.6946000137832,1,land,0.01650000922381878,1,,
1787922511.6022334,3800,0.016795873641967773,59.53843314832427,1.9955635070800781,0.039399979868903756,0.0050000089686363935,1,,0,,0,0,,0,land,0.01829999382607639,1,,
1787922511.6605034,3801,0.05826997756958008,17.16149622343516,6.976604461669922,22.194999997736886,0.0046000059228390455,1,4.981199977919459,1,,0,0,17.18500000424683,1,land,0.018499995348975062,1,,
1787922511.6684828,3802,0.007979393005371094,125.32281582407076,2.991914749145508,0.05129998316988349,0.0050000089686363935,1,,0,,0,0,,0,land,0.0295999925583601,1,,
1787922511.7537024,3803,0.0852196216583252,11.734386759065234,5.742311477661133,16.760499973315746,0.0042000028770416975,1,,0,,0,0,16.727599984733388,1,land,0.016900012269616127,1,,
1787922511.7670462,3804,0.01334381103515625,74.94110920526015,2.0236968994140625,0.03950000973418355,0.004699977580457926,1,,0,,0,0,,0,land,0.018999999156221747,1,,
1787922511.821568,3805,0.054521799087524414,18.341287645235067,0.9975433349609375,21.614800003590062,0.005199981387704611,1,4.6691000170540065,1,,0,0,16.916099993977696,1,land,0.01930000144056976,1,,
1787922511.8337417,3806,0.012173652648925781,82.14461417939678,2.1195411682128906,0.04469999112188816,0.005099980626255274,1,,0,,0,0,,0,land,0.02239999594166875,1,,
1787922511.9236696,3807,0.08992791175842285,11.120018028288506,10.970830917358398,15.957900002831593,0.005400012014433742,1,,0,,0,0,15.918699995381758,1,land,0.020100007532164454,1,,
1787922511.933649,3808,0.009979486465454102,100.20555701555296,0.9982585906982422,0.03770002513192594,0.0052000104915350676,1,,0,,0,0,,0,land,0.017499987734481692,1,,
1787922511.991201,3809,0.05755186080932617,17.375632793404865,5.530834197998047,21.45380000001751,0.0045000051613897085,1,4.452699999092147,1,,0,0,16.972700017504394,1,land,0.01819999306462705,1,,
1787922512.000143,3810,0.008942127227783203,111.83021383245348,0.0,0.0371999922208488,0.0049000082071870565,1,,0,,0,0,,0,land,0.017400016076862812,1,,
1787922512.0841563,3811,0.08401322364807129,11.902888099961121,2.029895782470703,17.065899999579415,0.0045000051613897085,1,,0,,0,0,17.02490000752732,1,land,0.022099993657320738,1,,
1787922512.1000822,3812,0.015925884246826172,62.79086200185634,0.9992122650146484,0.03890000516548753,0.0049000082071870565,1,,0,,0,0,,0,land,0.01829999382607639,1,,
1787922512.1594174,3813,0.05933523178100586,16.85339333788725,5.983829498291016,20.202499988954514,0.005099980626255274,1,4.4473000161815435,1,,0,0,15.725299977930263,1,land,0.018799997633323073,1,,
1787922512.1703897,3814,0.010972261428833008,91.13891484322374,4.956245422363281,0.04309997893869877,0.0050000089686363935,1,,0,,0,0,,0,land,0.020400009816512465,1,,
1787922512.247944,3815,0.07755446434020996,12.894164230356578,1.6736984252929688,15.519300010055304,0.004399975296109915,1,,0,,0,0,15.487000026041642,1,land,0.016300007700920105,1,,
1787922512.2650633,3816,0.017119169235229492,58.41404955224712,0.9977817535400391,0.03850000211969018,0.005099980626255274,1,,0,,0,0,,0,land,0.018000020645558834,1,,
1787922512.3293357,3817,0.06427240371704102,15.558777051539813,12.06064224243164,20.026600017445162,0.0048000074457377195,1,4.520600021351129,1,,0,0,15.47839998966083,1,land,0.017499987734481692,1,,
1787922512.3401425,3818,0.010806798934936523,92.53433935623359,7.779121398925781,0.03509997623041272,0.0045000051613897085,1,,0,,0,0,,0,land,0.01680001150816679,1,,
1787922512.4158385,3819,0.07569599151611328,13.21073916823101,1.9927024841308594,15.631599992047995,0.004499976057559252,1,,0,,0,0,15.597099991282448,1,land,0.017600017599761486,1,,
1787922512.4336421,3820,0.017803668975830078,56.16819776629081,1.9981861114501953,0.038700003642588854,0.005599984433501959,1,,0,,0,0,,0,land,0.018399994587525725,1,,
1787922512.4906247,3821,0.05698251724243164,17.549242265755097,0.9980201721191406,22.04640000127256,0.005700014298781753,1,5.289499997161329,1,,0,0,16.72420001705177,1,land,0.020500010577961802,1,,
1787922512.4996018,3822,0.008977174758911133,111.39362069423419,23.01621437072754,0.03779999678954482,0.0048000074457377195,1,,0,,0,0,,0,land,0.01819999306462705,1,,
1787922512.5862226,3823,0.08662080764770508,11.544570261536853,0.9949207305908203,18.84179998887703,0.005600013537332416,1,,0,,0,0,18.80130000063218,1,land,0.020599982235580683,1,,
1787922512.6002173,3824,0.013994693756103516,71.45565436641793,1.0294914245605469,0.04119999357499182,0.005299982149153948,1,,0,,0,0,,0,land,0.01920000067912042,1,,
1787922512.6608524,3825,0.06063508987426758,16.492100565424934,3.0231475830078125,24.00659999693744,0.005099980626255274,1,5.262899998342618,1,,0,0,18.708999996306375,1,land,0.021800020476803184,1,,
1787922512.6708226,3826,0.00997018814086914,100.29900999569563,4.986286163330078,0.03739999374374747,0.0050000089686363935,1,,0,,0,0,,0,land,0.018099992303177714,1,,
1787922512.7532198,3827,0.0823972225189209,12.136331412995986,1.9955635070800781,18.159500003093854,0.004399975296109915,1,,0,,0,0,18.12449999852106,1,land,0.017400016076862812,1,,
1787922512.767015,3828,0.013795137405395508,72.4893105891706,0.9984970092773438,0.039799982914701104,0.0053000112529844046,1,,0,,0,0,,0,land,0.018799997633323073,1,,
1787922512.823774,3829,0.05675911903381348,17.618314325919393,1.99127197265625,20.90409997617826,0.005700014298781753,1,4.9906999920494854,1,,0,0,15.880199993262067,1,land,0.02069998299703002,1,,
1787922512.8378925,3830,0.014118432998657227,70.82939020889272,5.786895751953125,0.040399987483397126,0.0049000082071870565,1,,0,,0,0,,0,land,0.019800005247816443,1,,
1787922512.9206297,3831,0.08273720741271973,12.086460629637633,1.9960403442382812,17.24570000078529,0.0046000059228390455,1,,0,,0,0,17.20910001313314,1,land,0.018799997633323073,1,,
1787922512.9341345,3832,0.013504743576049805,74.0480553642992,0.9963512420654297,0.041000021155923605,0.0050000089686363935,1,,0,,0,0,,0,land,0.01930000144056976,1,,
1787922512.989739,3833,0.05560445785522461,17.98416958948984,0.9989738464355469,20.784199994523078,0.0047000066842883825,1,4.7571000177413225,1,,0,0,15.997699985746294,1,land,0.018499995348975062,1,,
1787922513.0096524,3834,0.019913434982299805,50.217353303880365,8.975744247436523,0.03929997910745442,0.0046000059228390455,1,,0,,0,0,,0,land,0.018699996871873736,1,,
1787922513.0876336,3835,0.07798123359680176,12.82359811298257,5.513429641723633,15.61760000186041,0.0044000043999403715,1,,0,,0,0,15.583700005663559,1,land,0.016999983927235007,1,,
1787922513.1055822,3836,0.017948627471923828,55.714566563056245,1.9953250885009766,0.0447999918833375,0.005599984433501959,1,,0,,0,0,,0,land,0.021899992134422064,1,,
1787922513.1579063,3837,0.05232405662536621,19.111668026045393,1.1513233184814453,23.149100015871227,0.0045000051613897085,1,5.39310000021942,1,,0,0,17.72720000008121,1,land,0.018799997633323073,1,,
1787922513.172869,3838,0.01496267318725586,66.83297746900793,3.023386001586914,0.09389998740516603,0.00790000194683671,1,,0,,0,0,,0,land,0.048200017772614956,1,,
1787922513.2573366,3839,0.08446764945983887,11.838851991204772,1.9946098327636719,18.197700002929196,0.004999979864805937,1,,0,,0,0,18.158899998525158,1,land,0.019700004486367106,1,,
1787922513.2702265,3840,0.012889862060546875,77.5803492157443,0.9205341339111328,0.04290000651963055,0.0052000104915350676,1,,0,,0,0,,0,land,0.020400009816512465,1,,
1787922513.327608,3841,0.057381629943847656,17.42718010935864,0.9965896606445312,25.01959999790415,0.0052000104915350676,1,5.767499998910353,1,,0,0,19.2181000020355,1,land,0.021499989088624716,1,,
1787922513.3381267,3842,0.010518550872802734,95.07013010562582,2.0284652709960938,0.050700007705017924,0.007099995855242014,1,,0,,0,0,,0,land,0.023800006601959467,1,,
1787922513.4302313,3843,0.09210467338562012,10.857212378499412,5.989551544189453,17.81930000288412,0.005799985956400633,1,,0,,0,0,17.77060001040809,1,land,0.02680000034160912,1,,
1787922513.439212,3844,0.008980751037597656,111.34926197302751,3.0260086059570312,0.035999983083456755,0.0049000082071870565,1,,0,,0,0,,0,land,0.017499987734481692,1,,
1787922513.4922998,3845,0.053087711334228516,18.83675100823655,1.9924640655517578,20.818899996811524,0.0049000082071870565,1,4.824399977223948,1,,0,0,15.963900019414723,1,land,0.01930000144056976,1,,
1787922513.5033267,3846,0.011026859283447266,90.68765405405405,26.250123977661133,0.03890000516548753,0.0047000066842883825,1,,0,,0,0,,0,land,0.018399994587525725,1,,
1787922513.5880122,3847,0.0846855640411377,11.808388021295224,1.9924640655517578,19.296000013127923,0.0052000104915350676,1,,0,,0,0,19.255199993494898,1,land,0.021099986042827368,1,,
1787922513.6009781,3848,0.012965917587280273,77.12527812000073,1.9614696502685547,0.039700011257082224,0.0047000066842883825,1,,0,,0,0,,0,land,0.018799997633323073,1,,
1787922513.6590412,3849,0.05806303024291992,17.22266295465931,1.5559196472167969,23.58690000255592,0.005600013537332416,1,5.326999991666526,1,,0,0,18.2255000108853,1,land,0.021199986804276705,1,,
1787922513.6699798,3850,0.010938644409179688,91.41900610287708,1.9626617431640625,0.043199979700148106,0.0053000112529844046,1,,0,,0,0,,0,land,0.020799983758479357,1,,
1787922513.753199,3851,0.08321928977966309,12.016444776777913,0.9977817535400391,17.206199991051108,0.005299982149153948,1,,0,,0,0,17.167899990454316,1,land,0.019500002963468432,1,,
1787922513.7682104,3852,0.015011310577392578,66.6164353101871,0.5447864532470703,0.04169999738223851,0.005400012014433742,1,,0,,0,0,,0,land,0.020099978428333998,1,,
1787922513.8380105,3853,0.06980013847351074,14.32661914244628,0.9992122650146484,37.9174999834504,0.0047000066842883825,1,4.591100005200133,1,,0,0,33.298099995590746,1,land,0.01829999382607639,1,,
1787922513.846396,3854,0.008385419845581055,119.25461317562765,14.612197875976562,0.03580001066438854,0.0047000066842883825,1,,0,,0,0,,0,land,0.016799982404336333,1,,
1787922513.9196253,3855,0.07322931289672852,13.655733755282505,1.9943714141845703,17.7912000217475,0.005900015821680427,1,,0,,0,0,17.751400009728968,1,land,0.01920000067912042,1,,
1787922513.9345868,3856,0.014961481094360352,66.83830255127245,0.9126663208007812,0.03429999924264848,0.0047000066842883825,1,,0,,0,0,,0,land,0.015900004655122757,1,,
1787922513.9912944,3857,0.05670762062072754,17.634314207753658,1.1861324310302734,21.617299993522465,0.004699977580457926,1,4.899799998383969,1,,0,0,16.687600000295788,1,land,0.019099999917671084,1,,
1787922514.002265,3858,0.010970592498779297,91.15277958882079,1.9910335540771484,0.034500000765547156,0.0046000059228390455,1,,0,,0,0,,0,land,0.01610000617802143,1,,
1787922514.092565,3859,0.09030008316040039,11.074186922106108,7.876157760620117,16.111999982967973,0.0050000089686363935,1,,0,,0,0,16.07399998465553,1,land,0.01990000600926578,1,,
1787922514.1025376,3860,0.009972572326660156,100.27503107965956,1.9938945770263672,0.034199998481199145,0.004499976057559252,1,,0,,0,0,,0,land,0.016400008462369442,1,,
1787922514.1579087,3861,0.05537104606628418,18.05998027927645,3.9386749267578125,20.791899994947016,0.0048000074457377195,1,5.082600022433326,1,,0,0,15.678099996875972,1,land,0.01990000600926578,1,,
1787922514.1678824,3862,0.009973764419555664,100.26304592068463,1.031637191772461,0.060999998822808266,0.006399990525096655,1,,0,,0,0,,0,land,0.027700007194653153,1,,
1787922514.2606137,3863,0.09273123741149902,10.78385264678886,11.544466018676758,15.96730001620017,0.0049000082071870565,1,,0,,0,0,15.930599998682737,1,land,0.018699996871873736,1,,
1787922514.2700305,3864,0.009416818618774414,106.1929766817733,2.710103988647461,0.03429999924264848,0.004699977580457926,1,,0,,0,0,,0,land,0.016000005416572094,1,,
1787922514.3287377,3865,0.058707237243652344,17.03367501096509,1.033782958984375,24.60670002619736,0.005400012014433742,1,5.1411000022199005,1,,0,0,19.431799999438226,1,land,0.021499989088624716,1,,
1787922514.35367,3866,0.024932146072387695,40.108861752077495,18.982887268066406,0.040399987483397126,0.0047000066842883825,1,,0,,0,0,,0,land,0.019099999917671084,1,,
1787922514.419377,3867,0.06570720672607422,15.219030755163356,2.0270347595214844,17.09639999899082,0.0048000074457377195,1,,0,,0,0,17.061599995940924,1,land,0.017399986973032355,1,,
1787922514.4353352,3868,0.015958070755004883,62.66421645526123,1.032114028930664,0.04159999662078917,0.0052000104915350676,1,,0,,0,0,,0,land,0.020299979951232672,1,,
1787922514.4978902,3869,0.06255507469177246,15.985913292043831,10.91456413269043,20.78099999926053,0.0047000066842883825,1,4.811799997696653,1,,0,0,15.940399985993281,1,land,0.01819999306462705,1,,
1787922514.5078661,3870,0.009975910186767578,100.2414798527795,29.958486557006836,0.034199998481199145,0.0048999791033566,1,,0,,0,0,,0,land,0.015900004655122757,1,,
1787922514.5875318,3871,0.0796656608581543,12.552459732688497,0.9949207305908203,21.474100009072572,0.0051000097300857306,1,,0,,0,0,21.433899994008243,1,land,0.020499981474131346,1,,
1787922514.5995338,3872,0.012001991271972656,83.31950735001986,1.0311603546142578,0.04119999357499182,0.0049000082071870565,1,,0,,0,0,,0,land,0.01930000144056976,1,,
1787922514.6548707,3873,0.055336952209472656,18.071107281344247,1.0318756103515625,20.003499987069517,0.004599976819008589,1,4.3806000030599535,1,,0,0,15.593099989928305,1,land,0.019099999917671084,1,,
1787922514.6778421,3874,0.022971391677856445,43.532408224268025,12.997865676879883,0.03749999450519681,0.0045000051613897085,1,,0,,0,0,,0,land,0.01789999078027904,1,,
1787922514.756277,3875,0.07843494415283203,12.749419417593774,5.563497543334961,16.562199976760894,0.0047000066842883825,1,,0,,0,0,16.525499988347292,1,land,0.0185999961104244,1,,
1787922514.768424,3876,0.012146949768066406,82.32519431577295,1.8839836120605469,0.08399999933317304,0.0049000082071870565,1,,0,,0,0,,0,land,0.06160000339150429,1,,
1787922514.8223934,3877,0.053969383239746094,18.52902404976056,4.23884391784668,21.591700002318248,0.0051000097300857306,1,5.036399990785867,1,,0,0,16.52299999841489,1,land,0.02039998071268201,1,,
1787922514.8353255,3878,0.012932062149047852,77.32718792057669,2.978086471557617,0.05840000812895596,0.007199996616691351,1,,0,,0,0,,0,land,0.028400012524798512,1,,
1787922514.9216197,3879,0.08629417419433594,11.588267798333444,2.501249313354492,18.929499987279996,0.0045000051613897085,1,,0,,0,0,18.89330000267364,1,land,0.018399994587525725,1,,
1787922514.9342835,3880,0.012663841247558594,78.96498230288425,1.1866092681884766,0.04400001489557326,0.0052000104915350676,1,,0,,0,0,,0,land,0.022899999748915434,1,,
1787922514.990696,3881,0.056412458419799805,17.726580759136304,2.0294189453125,24.01839999947697,0.004999979864805937,1,5.4701000044588,1,,0,0,18.51860000169836,1,land,0.01850002445280552,1,,
1787922515.0016654,3882,0.010969400405883789,91.16268556152058,2.0284652709960938,0.03789999755099416,0.0046000059228390455,1,,0,,0,0,,0,land,0.01889999839477241,1,,
1787922515.0848153,3883,0.08314990997314453,12.026471229168816,1.9946098327636719,17.7010000043083,0.0046000059228390455,1,,0,,0,0,17.663199978414923,1,land,0.020099978428333998,1,,
1787922515.1042235,3884,0.019408226013183594,51.52454424843988,1.6598701477050781,0.04710000939667225,0.005399982910603285,1,,0,,0,0,,0,land,0.022499996703118086,1,,
1787922515.1576488,3885,0.05342531204223633,18.71771940628877,0.9920597076416016,23.038099985569715,0.0050000089686363935,1,5.0617000088095665,1,,0,0,17.944199993507937,1,land,0.02060001133941114,1,,
1787922515.1663833,3886,0.008734464645385742,114.48898594240481,0.5381107330322266,0.03320001997053623,0.0043000036384910345,1,,0,,0,0,,0,land,0.01619997783564031,1,,
1787922515.2518682,3887,0.08548498153686523,11.697961232742992,2.4597644805908203,18.33930000429973,0.004699977580457926,1,,0,,0,0,18.302999989828095,1,land,0.018600025214254856,1,,
1787922515.2688603,3888,0.01699209213256836,58.85090500912025,2.028942108154297,0.048299989430233836,0.00589998671784997,1,,0,,0,0,,0,land,0.022599997464567423,1,,
1787922515.3222897,3889,0.053429365158081055,18.716299492634953,1.312255859375,21.419899974716827,0.005400012014433742,1,5.084700009319931,1,,0,0,16.302799980621785,1,land,0.020499981474131346,1,,
1787922515.3342576,3890,0.011967897415161133,83.55686594816423,1.993417739868164,0.041799998143687844,0.005399982910603285,1,,0,,0,0,,0,land,0.01990000600926578,1,,
1787922515.4206967,3891,0.08643913269042969,11.568834263774576,2.022266387939453,15.600499988067895,0.004699977580457926,1,,0,,0,0,15.565899986540899,1,land,0.01750001683831215,1,,
1787922515.4355257,3892,0.014828920364379883,67.4357927231217,3.0236244201660156,0.03749999450519681,0.0046000059228390455,1,,0,,0,0,,0,land,0.017699989257380366,1,,
1787922515.492178,3893,0.05665230751037598,17.651531666505342,2.026796340942383,25.131700007477775,0.0042000028770416975,1,4.658299993025139,1,,0,0,20.445000001927838,1,land,0.018699996871873736,1,,
1787922515.5001898,3894,0.008011817932128906,124.81561718842995,22.132396697998047,0.033499993151053786,0.0045000051613897085,1,,0,,0,0,,0,land,0.016000005416572094,1,,
1787922515.5842702,3895,0.08408045768737793,11.893370082714464,1.6047954559326172,16.745799977798015,0.0048000074457377195,1,,0,,0,0,16.70819998253137,1,land,0.019400002202019095,1,,
1787922515.6042511,3896,0.019980907440185547,50.04777700880605,4.024028778076172,0.04249997437000275,0.0052000104915350676,1,,0,,0,0,,0,land,0.020499981474131346,1,,
1787922515.656983,3897,0.05273175239562988,18.963906082568847,5.0067901611328125,21.35760002420284,0.0053000112529844046,1,5.084400007035583,1,,0,0,16.24130000709556,1,land,0.020599982235580683,1,,
1787922515.668955,3898,0.011972188949584961,83.52691426864483,2.0291805267333984,0.04029998672194779,0.004599976819008589,1,,0,,0,0,,0,land,0.019400002202019095,1,,
1787922515.7593591,3899,0.09040403366088867,11.061453339029807,13.76652717590332,15.31099999556318,0.0042000028770416975,1,,0,,0,0,15.277800004696473,1,land,0.017400016076862812,1,,
1787922515.7742054,3900,0.014846324920654297,67.35673679139232,8.786439895629883,0.04020001506432891,0.004999979864805937,1,,0,,0,0,,0,land,0.01930000144056976,1,,
1787922515.8234618,3901,0.049256324768066406,20.30196131580476,2.9888153076171875,23.01090001128614,0.004799978341907263,1,4.956500022672117,1,,0,0,18.009899999015033,1,land,0.032800016924738884,1,,
1787922515.8324714,3902,0.009009599685668945,110.99272275000662,0.9987354278564453,0.0475000124424696,0.0049000082071870565,1,,0,,0,0,,0,land,0.015700003132224083,1,,
1787922515.9141262,3903,0.08165478706359863,12.246679416616786,1.0254383087158203,16.489700006786734,0.0042000028770416975,1,,0,,0,0,16.455900011351332,1,land,0.0171000137925148,1,,
1787922515.9358912,3904,0.02176499366760254,45.945338430698115,1.9948482513427734,0.03899997682310641,0.0052000104915350676,1,,0,,0,0,,0,land,0.017999991541728377,1,,
1787922515.991299,3905,0.05540776252746582,18.04801266797764,0.9973049163818359,22.317800001474097,0.0043000036384910345,1,4.943000007187948,1,,0,0,17.34639998176135,1,land,0.017999991541728377,1,,
1787922516.0016584,3906,0.010359525680541992,96.5295160065361,2.0258426666259766,0.03549997927621007,0.0044000043999403715,1,,0,,0,0,,0,land,0.01729998621158302,1,,
1787922516.0842803,3907,0.08262181282043457,12.10334130737777,2.959012985229492,16.33929999661632,0.0045000051613897085,1,,0,,0,0,16.304099990520626,1,land,0.017799990018829703,1,,
1787922516.0992382,3908,0.014957904815673828,66.85428289075202,0.0,0.037999998312443495,0.0047000066842883825,1,,0,,0,0,,0,land,0.018399994587525725,1,,
1787922516.1546705,3909,0.05543231964111328,18.040017204301076,0.92315673828125,20.8062999881804,0.0049000082071870565,1,4.693299997597933,1,,0,0,16.083199996501207,1,land,0.01829999382607639,1,,
1787922516.1676726,3910,0.013002157211303711,76.91031447694141,1.033782958984375,0.0371999922208488,0.0046000059228390455,1,,0,,0,0,,0,land,0.017699989257380366,1,,
1787922516.2501848,3911,0.08251214027404785,12.11942868865959,1.9984245300292969,16.680900007486343,0.0047000066842883825,1,,0,,0,0,16.6456000006292,1,land,0.01819999306462705,1,,
1787922516.2708328,3912,0.02064800262451172,48.430834603482516,4.986047744750977,0.04129999433644116,0.006300018867477775,1,,0,,0,0,,0,land,0.019800005247816443,1,,
1787922516.3234358,3913,0.05260300636291504,19.01032030566597,2.022266387939453,22.746699978597462,0.0049000082071870565,1,4.888900002697483,1,,0,0,17.829199990956113,1,land,0.017799990018829703,1,,
1787922516.3472383,3914,0.023802518844604492,42.012360394651175,12.82954216003418,0.039000005926936865,0.004999979864805937,1,,0,,0,0,,0,land,0.018600025214254856,1,,
1787922516.418191,3915,0.0709526538848877,14.093905516520664,2.1407604217529297,18.887100013671443,0.005599984433501959,1,,0,,0,0,18.846999999368563,1,land,0.019800005247816443,1,,
1787922516.43418,3916,0.015989065170288086,62.54274339054322,1.0294914245605469,0.045900000259280205,0.0051000097300857306,1,,0,,0,0,,0,land,0.022499996703118086,1,,
1787922516.4921134,3917,0.05793333053588867,17.261220626363226,1.6794204711914062,24.40039999783039,0.0053000112529844046,1,5.908900027861819,1,,0,0,18.456899997545406,1,land,0.022199994418770075,1,,
1787922516.500094,3918,0.007980585098266602,125.30409583843695,23.17953109741211,0.03679998917505145,0.0048999791033566,1,,0,,0,0,,0,land,0.01750001683831215,1,,
1787922516.5904353,3919,0.09034132957458496,11.069130869658158,1.9755363464355469,23.687100008828565,0.0052000104915350676,1,,0,,0,0,23.64780000061728,1,land,0.019899976905435324,1,,
1787922516.600407,3920,0.00997161865234375,100.28462127008416,0.9961128234863281,0.03649998689070344,0.0046000059228390455,1,,0,,0,0,,0,land,0.017300015315413475,1,,
1787922516.6655133,3921,0.06510639190673828,15.359475017943723,11.966705322265625,23.32320000277832,0.005099980626255274,1,5.295599985402077,1,,0,0,17.9954000050202,1,land,0.02060001133941114,1,,
1787922516.6741514,3922,0.008638143539428711,115.76561508100798,8.638143539428711,0.033199990866705775,0.0046000059228390455,1,,0,,0,0,,0,land,0.015499972505494952,1,,
1787922516.7510078,3923,0.07685637474060059,13.011282452172887,2.9916763305664062,15.560900006676093,0.0045000051613897085,1,,0,,0,0,15.526900009717792,1,land,0.01750001683831215,1,,
1787922516.7704594,3924,0.019451618194580078,51.40960458902263,4.986047744750977,0.046200002543628216,0.004999979864805937,1,,0,,0,0,,0,land,0.022599997464567423,1,,
1787922516.8257952,3925,0.05533576011657715,18.071496585449925,2.722501754760742,21.38989997911267,0.0051000097300857306,1,4.681000020354986,1,,0,0,16.66209998074919,1,land,0.03429999924264848,1,,
1787922516.8447106,3926,0.018915414810180664,52.86693472150447,13.966560363769531,0.0577000027988106,0.007599999662488699,1,,0,,0,0,,0,land,0.027999980375170708,1,,
1787922516.9160972,3927,0.07138657569885254,14.00823600530364,1.9621849060058594,16.67410001391545,0.0043000036384910345,1,,0,,0,0,16.6398000146728,1,land,0.017499987734481692,1,,
1787922516.936297,3928,0.02019977569580078,49.50550021245456,2.166748046875,0.037299992982298136,0.004399975296109915,1,,0,,0,0,,0,land,0.017400016076862812,1,,
1787922516.9889092,3929,0.0526123046875,19.006960556844547,2.6221275329589844,21.69940000749193,0.004799978341907263,1,4.897100006928667,1,,0,0,16.771199996583164,1,land,0.01960000372491777,1,,
1787922516.9988806,3930,0.009971380233764648,100.28701910432059,0.0,0.0391000066883862,0.0048999791033566,1,,0,,0,0,,0,land,0.01960000372491777,1,,
1787922517.0846775,3931,0.08579683303833008,11.655441868737112,1.992940902709961,16.938600019784644,0.0043000036384910345,1,,0,,0,0,16.904400021303445,1,land,0.017099984688684344,1,,
1787922517.106541,3932,0.021863460540771484,45.738413556956225,8.401632308959961,0.037999998312443495,0.0048999791033566,1,,0,,0,0,,0,land,0.018000020645558834,1,,
1787922517.1588857,3933,0.05234479904174805,19.104094739239354,5.949974060058594,20.80460000433959,0.004799978341907263,1,4.623900022124872,1,,0,0,16.152099997270852,1,land,0.017900019884109497,1,,
1787922517.1674054,3934,0.008519649505615234,117.37572060222757,0.9987354278564453,0.05040000542066991,0.0047000066842883825,1,,0,,0,0,,0,land,0.031200004741549492,1,,
1787922517.2525504,3935,0.0851449966430664,11.744671318645624,1.9931793212890625,16.496900003403425,0.0045000051613897085,1,,0,,0,0,16.458600002806634,1,land,0.019500002963468432,1,,
1787922517.267477,3936,0.014926671981811523,66.99416998099254,1.9946098327636719,0.05299999611452222,0.007199996616691351,1,,0,,0,0,,0,land,0.025300018023699522,1,,
1787922517.3213348,3937,0.05385780334472656,18.56741155221872,0.9984970092773438,21.70260000275448,0.0048000074457377195,1,5.103599978610873,1,,0,0,16.569800005527213,1,land,0.01889999839477241,1,,
1787922517.3332715,3938,0.011936664581298828,83.77549634482483,1.9938945770263672,0.045599997974932194,0.0051000097300857306,1,,0,,0,0,,0,land,0.022199994418770075,1,,
1787922517.4178433,3939,0.08457183837890625,11.82426702751466,2.9892921447753906,16.619800007902086,0.0048000074457377195,1,,0,,0,0,16.584500001044944,1,land,0.01759998849593103,1,,
1787922517.4315186,3940,0.013675212860107422,73.1250043585899,1.9674301147460938,0.05840000812895596,0.005099980626255274,1,,0,,0,0,,0,land,0.03480000304989517,1,,
1787922517.491318,3941,0.0597994327545166,16.722566652180674,1.9922256469726562,22.61499999440275,0.005500012775883079,1,5.259099998511374,1,,0,0,17.319000005954877,1,land,0.024899985874071717,1,,
1787922517.4998922,3942,0.008574247360229492,116.628312432222,22.915124893188477,0.03510000533424318,0.004599976819008589,1,,0,,0,0,,0,land,0.01680001150816679,1,,
1787922517.5835953,3943,0.08370304107666016,11.946997231368707,0.9973049163818359,18.94509998965077,0.0050000089686363935,1,,0,,0,0,18.90249998541549,1,land,0.021899992134422064,1,,
1787922517.600584,3944,0.016988754272460938,58.86246772201639,1.0311603546142578,0.04859999171458185,0.006500020390376449,1,,0,,0,0,,0,land,0.02370000584051013,1,,
1787922517.6542943,3945,0.053710222244262695,18.618429755367835,1.9946098327636719,21.031699987361208,0.0049000082071870565,1,4.53669999842532,1,,0,0,16.46489999257028,1,land,0.01930000144056976,1,,
1787922517.6632345,3946,0.00894021987915039,111.85407221718492,0.9977817535400391,0.034900003811344504,0.004799978341907263,1,,0,,0,0,,0,land,0.01680001150816679,1,,
1787922517.7480304,3947,0.08479595184326172,11.793015801608277,0.9961128234863281,16.41020001261495,0.0043000036384910345,1,,0,,0,0,16.375300008803606,1,land,0.01759998849593103,1,,
1787922517.7660725,3948,0.01804208755493164,55.425958717657316,1.0333061218261719,0.04049998824484646,0.004999979864805937,1,,0,,0,0,,0,land,0.018999999156221747,1,,
1787922517.8259509,3949,0.05987834930419922,16.700527179193145,6.983518600463867,20.843500009505078,0.0046000059228390455,1,4.737899987958372,1,,0,0,16.080300003523007,1,land,0.015600002370774746,1,,
1787922517.8359416,3950,0.009990692138671875,100.09316533027874,2.0303726196289062,0.03779999678954482,0.004599976819008589,1,,0,,0,0,,0,land,0.018200022168457508,1,,
1787922517.9185863,3951,0.08264470100402832,12.099989326009629,2.991914749145508,18.010900006629527,0.0053000112529844046,1,,0,,0,0,17.972300003748387,1,land,0.01920000067912042,1,,
1787922517.93291,3952,0.014323711395263672,69.81430806618063,1.6088485717773438,0.07310000364668667,0.0047000066842883825,1,,0,,0,0,,0,land,0.01930000144056976,1,,
1787922517.9964252,3953,0.06351518630981445,15.744266184187806,9.94110107421875,21.284999995259568,0.005400012014433742,1,4.840899986447766,1,,0,0,16.4101000118535,1,land,0.0219999928958714,1,,
1787922518.0045598,3954,0.008134603500366211,122.93162167707143,8.134603500366211,0.031899980967864394,0.0047000066842883825,1,,0,,0,0,,0,land,0.014899997040629387,1,,
1787922518.0836942,3955,0.07913446426391602,12.636719150141301,2.9861927032470703,15.863199980231002,0.0042000028770416975,1,,0,,0,0,15.829699987079948,1,land,0.017200014553964138,1,,
1787922518.1008208,3956,0.01712656021118164,58.388840938831194,1.9941329956054688,0.045199994929134846,0.006299989763647318,1,,0,,0,0,,0,land,0.02030000905506313,1,,
1787922518.1517634,3957,0.05094265937805176,19.629913557886262,1.470804214477539,20.82820000941865,0.0052000104915350676,1,4.873600002611056,1,,0,0,15.924000006634742,1,land,0.018799997633323073,1,,
1787922518.1687155,3958,0.016952037811279297,58.98995808838007,2.024412155151367,0.040799990529194474,0.004999979864805937,1,,0,,0,0,,0,land,0.019400002202019095,1,,
1787922518.251834,3959,0.08311843872070312,12.031024829042178,3.9908885955810547,15.56870000786148,0.0039000005926936865,1,,0,,0,0,15.536599996266887,1,land,0.01650000922381878,1,,
1787922518.266202,3960,0.014368057250976562,69.59883180671712,0.9987354278564453,0.04949999856762588,0.006200018106028438,1,,0,,0,0,,0,land,0.023599975975230336,1,,
1787922518.3230495,3961,0.056847572326660156,17.590900702913988,1.0304450988769531,23.23460002662614,0.0048000074457377195,1,5.485300003783777,1,,0,0,17.71830001962371,1,land,0.01990000600926578,1,,
1787922518.332521,3962,0.009471416473388672,105.58082867643357,0.5559921264648438,0.037200021324679255,0.0048000074457377195,1,,0,,0,0,,0,land,0.01789999078027904,1,,
1787922518.423026,3963,0.09050512313842773,11.04909827558047,10.16545295715332,15.927100001135841,0.0048000074457377195,1,,0,,0,0,15.889999980572611,1,land,0.018999999156221747,1,,
1787922518.436977,3964,0.013950824737548828,71.68035000170899,4.98652458190918,0.03749999450519681,0.0045000051613897085,1,,0,,0,0,,0,land,0.01729998621158302,1,,
1787922518.4904463,3965,0.05346941947937012,18.702278979965843,5.985736846923828,21.018500003265217,0.0050000089686363935,1,5.025699996622279,1,,0,0,15.96279998193495,1,land,0.018799997633323073,1,,
1787922518.5148754,3966,0.0244290828704834,40.93481549437358,38.3906364440918,0.08699999307282269,0.0047000066842883825,1,,0,,0,0,,0,land,0.052300019888207316,1,,
1787922518.5828693,3967,0.0679938793182373,14.707206148947883,1.031637191772461,18.2504000258632,0.0045000051613897085,1,,0,,0,0,18.211200018413365,1,land,0.020000006770715117,1,,
1787922518.6018186,3968,0.018949270248413086,52.77248078108683,1.9915103912353516,0.04810001701116562,0.005399982910603285,1,,0,,0,0,,0,land,0.02340000355616212,1,,
1787922518.657657,3969,0.05583834648132324,17.908839767210498,1.9633769989013672,24.18739997665398,0.005400012014433742,1,5.283900012727827,1,,0,0,18.86829998693429,1,land,0.022199994418770075,1,,
1787922518.6665995,3970,0.008942604064941406,111.82425082649034,0.0,0.037999998312443495,0.0052000104915350676,1,,0,,0,0,,0,land,0.01819999306462705,1,,
1787922518.7485383,3971,0.0819387435913086,12.204238876150793,0.9980201721191406,15.662299992982298,0.0045000051613897085,1,,0,,0,0,15.625400003045797,1,land,0.018999999156221747,1,,
1787922518.7661858,3972,0.017647504806518555,56.665234601926535,1.9936561584472656,0.043199979700148106,0.005900015821680427,1,,0,,0,0,,0,land,0.021199986804276705,1,,
1787922518.8320184,3973,0.06583261489868164,15.19003918557739,11.966943740844727,21.43120000255294,0.00689999433234334,1,5.09670001338236,1,,0,0,16.295699984766543,1,land,0.024100008886307478,1,,
1787922518.8410258,3974,0.009007453918457031,111.01916357861302,8.0108642578125,0.03730002208612859,0.005600013537332416,1,,0,,0,0,,0,land,0.017099984688684344,1,,
1787922518.91769,3975,0.07666420936584473,13.04389634057216,3.025054931640625,17.18950000940822,0.005400012014433742,1,,0,,0,0,17.137300019385293,1,land,0.023200002033263445,1,,
1787922518.9340162,3976,0.016326189041137695,61.251281452166424,1.1055469512939453,0.1728000061120838,0.010399991879239678,1,,0,,0,0,,0,land,0.1441999920643866,1,,
1787922518.9868662,3977,0.05285000801086426,18.921473007051052,0.0,22.334700013743713,0.0048000074457377195,1,4.8408000147901475,1,,0,0,17.46380000258796,1,land,0.01930000144056976,1,,
1787922519.011398,3978,0.024531841278076172,40.76334868894202,13.560771942138672,0.04849999095313251,0.007199996616691351,1,,0,,0,0,,0,land,0.023200002033263445,1,,
1787922519.0587256,3979,0.047327518463134766,21.129356291497487,11.58452033996582,15.79380000475794,0.0050000089686363935,1,,0,,0,0,15.758900000946596,1,land,0.017799990018829703,1,,
1787922519.1052299,3980,0.04650425910949707,21.503406766366066,7.010936737060547,0.03989998367615044,0.0048000074457377195,1,,0,,0,0,,0,land,0.017799990018829703,1,,
1787922519.1571279,3981,0.05189800262451172,19.26856428820816,1.0287761688232422,22.5473000027705,0.005099980626255274,1,5.033299996284768,1,,0,0,17.483300005551428,1,land,0.019400002202019095,1,,
1787922519.168073,3982,0.01094508171081543,91.36523841679919,0.9973049163818359,0.036299985367804766,0.0044000043999403715,1,,0,,0,0,,0,land,0.017300015315413475,1,,
1787922519.2241206,3983,0.056047677993774414,17.841952348339507,2.9926300048828125,18.157999991672114,0.004799978341907263,1,,0,,0,0,18.119199987268075,1,land,0.01990000600926578,1,,
1787922519.2745001,3984,0.05037951469421387,19.849337693498086,9.26828384399414,0.041799998143687844,0.005299982149153948,1,,0,,0,0,,0,land,0.01920000067912042,1,,
1787922519.3275714,3985,0.05307126045227051,18.842589972012203,5.988121032714844,21.425999992061406,0.0047000066842883825,1,4.722999990917742,1,,0,0,16.6742000146769,1,land,0.018399994587525725,1,,
1787922519.3365858,3986,0.009014368057250977,110.93401042079928,4.991769790649414,0.03730002208612859,0.005299982149153948,1,,0,,0,0,,0,land,0.018000020645558834,1,,
1787922519.3860874,3987,0.049501657485961914,20.201343768813967,1.0347366333007812,17.1081000007689,0.0044000043999403715,1,,0,,0,0,17.07400000304915,1,land,0.017400016076862812,1,,
1787922519.4350803,3988,0.04899287223815918,20.411132361027978,1.9955635070800781,0.03950000973418355,0.0047000066842883825,1,,0,,0,0,,0,land,0.01930000144056976,1,,
1787922519.497391,3989,0.06231069564819336,16.048609144824947,9.972810745239258,20.850200002314523,0.0049000082071870565,1,4.907299997285008,1,,0,0,15.913199982605875,1,land,0.018499995348975062,1,,
1787922519.5230694,3990,0.025678396224975586,38.94324206382366,46.0507869720459,0.05269999383017421,0.006500020390376449,1,,0,,0,0,,0,land,0.025899993488565087,1,,
1787922519.548981,3991,0.025911569595336914,38.592799109319934,1.0302066802978516,17.559599975356832,0.006299989763647318,1,,0,,0,0,17.51079998211935,1,land,0.024600012693554163,1,,
1787922519.6145816,3992,0.06560063362121582,15.243755201727064,14.954090118408203,0.04119999357499182,0.0048000074457377195,1,,0,,0,0,,0,land,0.019700004486367106,1,,
1787922519.6557984,3993,0.04121685028076172,24.26192183993151,1.9941329956054688,22.331399988615885,0.01990000600926578,1,4.739299998618662,1,,0,0,17.523799993796274,1,land,0.041399995097890496,1,,
1787922519.6657724,3994,0.009974002838134766,100.26064923268154,0.0,0.03840000135824084,0.0053000112529844046,1,,0,,0,0,,0,land,0.0185999961104244,1,,
1787922519.7249086,3995,0.059136152267456055,16.910129618803797,0.9982585906982422,23.395600001094863,0.02880001557059586,1,,0,,0,0,23.321700020460412,1,land,0.027000001864507794,1,,
1787922519.7682528,3996,0.04334425926208496,23.071106001683177,2.305746078491211,0.04270000499673188,0.005299982149153948,1,,0,,0,0,,0,land,0.020500010577961802,1,,
1787922519.8251102,3997,0.05685734748840332,17.587876398981873,0.9989738464355469,24.136100022587925,0.005699985194951296,1,5.352299980586395,1,,0,0,18.75110002583824,1,land,0.02030000905506313,1,,
1787922519.836118,3998,0.01100778579711914,90.84479098982023,6.018877029418945,0.04189999890513718,0.005600013537332416,1,,0,,0,0,,0,land,0.01960000372491777,1,,
1787922519.890086,3999,0.053967952728271484,18.52951519274777,2.9566287994384766,18.975899991346523,0.006300018867477775,1,,0,,0,0,18.926999997347593,1,land,0.02379997749812901,1,,
1787922519.9353342,4000,0.04524827003479004,22.10029243617778,0.9968280792236328,0.04189999890513718,0.004999979864805937,1,,0,,0,0,,0,land,0.02060001133941114,1,,
1787922519.9950504,4001,0.059716224670410156,16.74586773559896,7.269620895385742,21.214700012933463,0.0050000089686363935,1,4.978799988748506,1,,0,0,16.206500004045665,1,land,0.01829999382607639,1,,
1787922520.005024,4002,0.009973526000976562,100.26544272327405,5.988597869873047,0.03779999678954482,0.0052000104915350676,1,,0,,0,0,,0,land,0.01759998849593103,1,,
1787922520.052907,4003,0.047883033752441406,20.88422394391444,4.52733039855957,16.727799986256287,0.0049000082071870565,1,,0,,0,0,16.687600000295788,1,land,0.02169999061152339,1,,
1787922520.1125672,4004,0.05966019630432129,16.761594194210996,12.003183364868164,0.04439998883754015,0.0052000104915350676,1,,0,,0,0,,0,land,0.021100015146657825,1,,
1787922520.1594071,4005,0.04683995246887207,21.349295788986108,2.0236968994140625,23.267399985343218,0.005700014298781753,1,5.520900012925267,1,,0,0,17.709899984765798,1,land,0.02300000051036477,1,,
1787922520.1737132,4006,0.014306068420410156,69.90040663955736,8.287191390991211,0.07149999146349728,0.025299988919869065,1,,0,,0,0,,0,land,0.0315000070258975,1,,
1787922520.2166145,4007,0.04290127754211426,23.309329169005395,0.9939670562744141,16.65330000105314,0.0041000021155923605,1,,0,,0,0,16.616999986581504,1,land,0.019500002963468432,1,,
1787922520.2754006,4008,0.05878615379333496,17.010808421240473,1.9578933715820312,0.04740001168102026,0.005799985956400633,1,,0,,0,0,,0,land,0.024200009647756815,1,,
1787922520.3351967,4009,0.05979609489440918,16.723500117622198,12.191057205200195,21.347899979446083,0.0051000097300857306,1,5.471799988299608,1,,0,0,15.84269999875687,1,land,0.02139998832717538,1,,
1787922520.3441749,4010,0.008978128433227539,111.38178824654115,11.998891830444336,0.036500015994533896,0.0045000051613897085,1,,0,,0,0,,0,land,0.017799990018829703,1,,
1787922520.3908155,4011,0.046640634536743164,21.44053162939297,7.9631805419921875,16.34070000727661,0.0044000043999403715,1,,0,,0,0,16.30820002174005,1,land,0.016600009985268116,1,,
1787922520.4367013,4012,0.04588580131530762,21.7932338835804,3.0279159545898438,0.04049998824484646,0.0049000082071870565,1,,0,,0,0,,0,land,0.01990000600926578,1,,
1787922520.4905596,4013,0.053858280181884766,18.567247164649533,1.989603042602539,22.71320001455024,0.005299982149153948,1,5.337999988114461,1,,0,0,17.342800012556836,1,land,0.020700012100860476,1,,
1787922520.5005162,4014,0.009956598281860352,100.43590910179354,23.936033248901367,0.0405999890062958,0.005399982910603285,1,,0,,0,0,,0,land,0.01930000144056976,1,,
1787922520.553174,4015,0.0526578426361084,18.990523537215378,1.9962787628173828,18.793199997162446,0.0044000043999403715,1,,0,,0,0,18.756299978122115,1,land,0.01889999839477241,1,,
1787922520.6035154,4016,0.05034136772155762,19.86437884507002,1.9943714141845703,0.056200020480901,0.007499998901039362,1,,0,,0,0,,0,land,0.027900008717551827,1,,
1787922520.6570861,4017,0.05357074737548828,18.66690402862585,3.9882659912109375,21.29479998257011,0.0040000013541430235,1,5.216399993514642,1,,0,0,16.052299994044006,1,land,0.016600009985268116,1,,
1787922520.6711898,4018,0.01410365104675293,70.90362606711183,0.9925365447998047,0.038300000596791506,0.0047000066842883825,1,,0,,0,0,,0,land,0.01819999306462705,1,,
1787922520.718358,4019,0.04716825485229492,21.200699562268117,0.9973049163818359,16.49919999181293,0.004499976057559252,1,,0,,0,0,16.46359998267144,1,land,0.018300022929906845,1,,
1787922520.7747133,4020,0.05635523796081543,17.74457949579263,9.711027145385742,0.04309997893869877,0.0052000104915350676,1,,0,,0,0,,0,land,0.019700004486367106,1,,
1787922520.8275666,4021,0.05285334587097168,18.92027805469973,6.972789764404297,22.531900001922622,0.005099980626255274,1,4.8470000037923455,1,,0,0,17.65470000100322,1,land,0.018999999156221747,1,,
1787922520.8371103,4022,0.009543657302856445,104.78163331584601,2.225160598754883,0.03960001049563289,0.005099980626255274,1,,0,,0,0,,0,land,0.018300022929906845,1,,
1787922520.8896482,4023,0.05253791809082031,19.033871846070067,1.9936561584472656,18.16169999074191,0.0049000082071870565,1,,0,,0,0,18.123899993952364,1,land,0.018699996871873736,1,,
1787922520.937644,4024,0.047995805740356445,20.835153917609247,1.9919872283935547,0.04539999645203352,0.0051000097300857306,1,,0,,0,0,,0,land,0.021799991372972727,1,,
1787922520.9901724,4025,0.05252838134765625,19.037327523602034,2.112150192260742,20.82410000730306,0.004799978341907263,1,4.638700018404052,1,,0,0,16.155899997102097,1,land,0.01889999839477241,1,,
1787922521.007104,4026,0.016931533813476562,59.061394615297964,4.98652458190918,0.06079999729990959,0.008100003469735384,1,,0,,0,0,,0,land,0.030499999411404133,1,,
1787922521.0542924,4027,0.047188520431518555,21.191594711074508,3.9892196655273438,16.585899982601404,0.0046000059228390455,1,,0,,0,0,16.550400003325194,1,land,0.017699989257380366,1,,
1787922521.1026237,4028,0.048331260681152344,20.69054243374968,1.0008811950683594,0.039000005926936865,0.0052000104915350676,1,,0,,0,0,,0,land,0.0185999961104244,1,,
1787922521.1664548,4029,0.06383109092712402,15.666346688977951,11.177539825439453,21.053300006315112,0.004999979864805937,1,5.19450000138022,1,,0,0,15.828200004762039,1,land,0.019700004486367106,1,,
1787922521.1749682,4030,0.008513450622558594,117.46118516858967,8.513450622558594,0.02829998265951872,0.0039000005926936865,1,,0,,0,0,,0,land,0.013500015484169126,1,,
1787922521.2236009,4031,0.04863262176513672,20.5623296401608,1.0306835174560547,18.482100014807656,0.005199981387704611,1,,0,,0,0,18.439700012095273,1,land,0.02120001590810716,1,,
1787922521.269141,4032,0.04554009437561035,21.95867210445581,1.027822494506836,0.045599997974932194,0.005399982910603285,1,,0,,0,0,,0,land,0.02139998832717538,1,,
1787922521.3383222,4033,0.06918120384216309,14.45479327421795,14.992713928222656,21.34099998511374,0.0050000089686363935,1,5.497100006323308,1,,0,0,15.81469998927787,1,land,0.018099992303177714,1,,
1787922521.3483002,4034,0.009978055953979492,100.21992306038088,12.818336486816406,0.1348000077996403,0.04120002267882228,1,,0,,0,0,,0,land,0.017099984688684344,1,,
1787922521.3861299,4035,0.03782963752746582,26.43430033591943,1.0294914245605469,16.287899983581156,0.0045000051613897085,1,,0,,0,0,16.250699991360307,1,land,0.018999999156221747,1,,
1787922521.434645,4036,0.04851508140563965,20.612147213335497,1.9946098327636719,0.03789999755099416,0.0047000066842883825,1,,0,,0,0,,0,land,0.01819999306462705,1,,
1787922521.4935114,4037,0.05886650085449219,16.98759031850436,1.9602775573730469,22.71600000676699,0.0051000097300857306,1,4.923700005747378,1,,0,0,17.762700008461252,1,land,0.0185999961104244,1,,
1787922521.5041835,4038,0.01067209243774414,93.70233680353871,27.726411819458008,0.030000024707987905,0.0040000013541430235,1,,0,,0,0,,0,land,0.013699987903237343,1,,
1787922521.5604753,4039,0.056291818618774414,17.764570847716058,1.9948482513427734,22.887400002218783,0.005600013537332416,1,,0,,0,0,22.845999978017062,1,land,0.020899984519928694,1,,
1787922521.613179,4040,0.0527036190032959,18.974029087783585,11.334419250488281,0.03670001751743257,0.0044000043999403715,1,,0,,0,0,,0,land,0.017699989257380366,1,,
1787922521.6647873,4041,0.05160832405090332,19.37671913185285,10.932445526123047,20.31709998846054,0.0044000043999403715,1,4.733400011900812,1,,0,0,15.555499994661659,1,land,0.018099992303177714,1,,
1787922521.6747625,4042,0.009975194931030273,100.24866751117378,8.975505828857422,0.03029999788850546,0.0043000036384910345,1,,0,,0,0,,0,land,0.013999990187585354,1,,
1787922521.723694,4043,0.04893159866333008,20.436691776216417,6.984710693359375,17.26819999748841,0.0049000082071870565,1,,0,,0,0,17.231400008313358,1,land,0.018699996871873736,1,,
1787922521.7675798,4044,0.04388570785522461,22.786461672189926,1.9946098327636719,0.055100012104958296,0.007100024959072471,1,,0,,0,0,,0,land,0.02609999501146376,1,,
1787922521.8592145,4045,0.09163475036621094,10.912890535561893,11.821508407592773,46.158599987393245,0.005499983672052622,1,4.688800021540374,1,7.809300004737452,1,0,33.62779997405596,1,land,0.02519998815841973,1,,
1787922521.8770506,4047,0.01783609390258789,56.06608742146772,0.5035400390625,8.618900028523058,0.006199989002197981,1,,0,8.574700012104586,1,0,,0,land,0.02649999805726111,1,,
1787922521.96768,4048,0.09062933921813965,11.033954441541905,0.5052089691162109,32.477400003699586,0.0109999964479357,1,,0,8.764400001382455,1,0,23.65230000577867,1,land,0.03840000135824084,1,,
1787922521.9861798,4049,0.01849985122680664,54.05448874913009,8.81195068359375,9.072199987713248,0.006300018867477775,1,,0,9.025500010466203,1,0,,0,land,0.029199989512562752,1,,
1787922522.0381246,4050,0.051944732666015625,19.251230080047,0.9987354278564453,36.60930000478402,0.006300018867477775,1,6.475500005763024,1,9.062700002687052,1,0,21.03709999937564,1,land,0.025899993488565087,1,,
1787922522.055242,4051,0.01711750030517578,58.4197448325812,14.29605484008789,7.806399982655421,0.00580001506023109,1,,0,7.76510001742281,1,0,,0,land,0.02479998511262238,1,,
1787922522.1313505,4052,0.07610845565795898,13.139144545175458,0.9970664978027344,29.80819999356754,0.006099988240748644,1,,0,10.466800013091415,1,0,19.29949998157099,1,land,0.02549999044276774,1,,
1787922522.1501222,4053,0.018771648406982422,53.27182665684457,4.809856414794922,9.661699994467199,0.007299997378140688,1,,0,9.611000015866011,1,0,,0,land,0.03090000245720148,1,,
1787922522.2043824,4054,0.05426025390625,18.429696287964006,1.9941329956054688,35.403699992457405,0.007399998139590025,1,5.774599994765595,1,10.411800001747906,1,0,19.17789998697117,1,land,0.02989999484270811,1,,
1787922522.223328,4055,0.018945693969726562,52.78244236383771,12.569665908813477,9.07339999685064,0.007299997378140688,1,,0,9.01549999252893,1,0,,0,land,0.029700022423639894,1,,
1787922522.3227665,4056,0.09943842887878418,10.056474255229874,2.4666786193847656,51.871800009394065,0.005799985956400633,1,,0,8.220400020945817,1,0,43.6080000072252,1,land,0.02680000034160912,1,,
1787922522.3413517,4057,0.018585205078125,53.80623973727422,31.91518783569336,9.600199991837144,0.005700014298781753,1,,0,9.55769998836331,1,0,,0,land,0.026699999580159783,1,,
1787922522.3834794,4058,0.04212760925292969,23.737402091728168,13.473749160766602,32.63390000211075,0.006600021151825786,1,6.272099999478087,1,8.270999998785555,1,0,18.056000000797212,1,land,0.026599998818710446,1,,
1787922522.4019423,4059,0.0184628963470459,54.16268288588437,26.94416046142578,8.223699987865984,0.008400005754083395,1,,0,8.166200015693903,1,0,,0,land,0.036699988413602114,1,,
1787922522.4715855,4060,0.06964325904846191,14.358891494496842,1.9974708557128906,38.29230001429096,0.006099988240748644,1,,0,9.407600009581074,1,0,28.825100016547367,1,land,0.026900001103058457,1,,
1787922522.4895368,4062,0.017951250076293945,55.70642689227418,4.986047744750977,7.786800008034334,0.005900015821680427,1,,0,7.744500006083399,1,0,,0,land,0.025299988919869065,1,,
1787922522.578064,4063,0.08852720260620117,11.295962942016105,3.988981246948242,37.701799999922514,0.023300002794712782,1,5.72939999983646,1,10.036099993158132,1,0,21.877899998798966,1,land,0.0329999893438071,1,,
1787922522.6106715,4064,0.0326075553894043,30.667739057953,1.9948482513427734,10.286500008078292,0.008000002708286047,1,,0,10.22610001382418,1,0,,0,land,0.03470000228844583,1,,
1787922522.6604178,4065,0.04974627494812012,20.10200765872198,2.9914379119873047,26.512599986745045,0.005500012775883079,1,,0,7.58430000860244,1,0,18.888199992943555,1,land,0.024599983589723706,1,,
1787922522.6799147,4066,0.019496917724609375,51.29015848170612,7.525205612182617,8.965600020019338,0.006399990525096655,1,,0,8.91770000453107,1,0,,0,land,0.030099996365606785,1,,
1787922522.7373805,4067,0.05746579170227051,17.401657062013285,0.9977817535400391,34.694100002525374,0.006299989763647318,1,7.855600008042529,1,7.856799988076091,1,0,18.94819998415187,1,land,0.02540001878514886,1,,
1787922522.7766387,4068,0.03925824165344238,25.47235836051038,1.992940902709961,10.221899981843308,0.006499991286545992,1,,0,10.16969999182038,1,0,,0,land,0.029300019377842546,1,,
1787922522.8326738,4069,0.05603504180908203,17.84597579862825,2.9914379119873047,30.419699993217364,0.007299997378140688,1,,0,9.871099988231435,1,0,20.504199987044558,1,land,0.02680000034160912,1,,
1787922522.8526201,4070,0.01994633674621582,50.134519071012775,11.96742057800293,9.366199985379353,0.007400027243420482,1,,0,9.315199975389987,1,0,,0,land,0.030800001695752144,1,,
1787922522.9056227,4071,0.05300259590148926,18.86700043632961,2.9892921447753906,35.024300013901666,0.005999987479299307,1,6.162900011986494,1,8.665800007293,1,0,20.161399996140972,1,land,0.026599998818710446,1,,
1787922522.936566,4072,0.03094339370727539,32.31707580170434,2.506256103515625,0.06560000474564731,0.007099995855242014,1,,0,,0,0,,0,land,0.028999987989664078,1,,
1787922522.9887228,4073,0.052156686782836914,19.172997015007244,1.9938945770263672,20.320600015111268,0.004799978341907263,1,,0,,0,0,20.279700023820624,1,land,0.01930000144056976,1,,
1787922522.9996934,4074,0.010970592498779297,91.15277958882079,1.9919872283935547,0.045900000259280205,0.005599984433501959,1,,0,,0,0,,0,land,0.02060001133941114,1,,
1787922523.0599346,4075,0.0602412223815918,16.59992876083429,1.9946098327636719,25.03459999570623,0.005799985956400633,1,6.158399977721274,1,,0,0,18.836400005966425,1,land,0.022199994418770075,1,,
1787922523.0992146,4076,0.039279937744140625,25.458288821986987,0.9992122650146484,0.04019998596049845,0.0050000089686363935,1,,0,,0,0,,0,land,0.01729998621158302,1,,
1787922523.150534,4077,0.05131936073303223,19.48582339523064,1.9960403442382812,17.384000006131828,0.0040000013541430235,1,,0,,0,0,17.348599998513237,1,land,0.016699981642886996,1,,
1787922523.1656144,4078,0.015080451965332031,66.3110099285398,0.9968280792236328,0.03960001049563289,0.0045000051613897085,1,,0,,0,0,,0,land,0.017799990018829703,1,,
1787922523.2228253,4079,0.05721092224121094,17.479179863310552,2.0303726196289062,21.08900001621805,0.0050000089686363935,1,5.011899978853762,1,,0,0,16.043600015109405,1,land,0.017799990018829703,1,,
1787922523.2681653,4080,0.04534006118774414,22.05555029710259,1.9946098327636719,0.041099992813542485,0.004599976819008589,1,,0,,0,0,,0,land,0.018400023691356182,1,,
1787922523.3213346,4081,0.05316925048828125,18.807863395035156,1.9917488098144531,20.372500002849847,0.0043000036384910345,1,,0,,0,0,20.338699978310615,1,land,0.016400008462369442,1,,
1787922523.3346949,4082,0.013360261917114258,74.84883202169995,2.028226852416992,0.04029998672194779,0.004999979864805937,1,,0,,0,0,,0,land,0.01750001683831215,1,,
1787922523.390693,4083,0.05599808692932129,17.857752913276535,1.956939697265625,21.861400018678978,0.005099980626255274,1,5.004699982237071,1,,0,0,16.824800026370212,1,land,0.017900019884109497,1,,
1787922523.4331832,4084,0.042490243911743164,23.53481429942149,0.9975433349609375,0.055899989092722535,0.0047000066842883825,1,,0,,0,0,,0,land,0.018699996871873736,1,,
1787922523.4890957,4085,0.05591249465942383,17.885090015947874,9.968757629394531,16.497400007210672,0.0042000028770416975,1,,0,,0,0,16.459900012705475,1,land,0.017600017599761486,1,,
1787922523.4982862,4086,0.009190559387207031,108.80730517795995,21.07715606689453,0.036999990697950125,0.0046000059228390455,1,,0,,0,0,,0,land,0.017200014553964138,1,,
1787922523.5666053,4087,0.06831908226013184,14.637198962837331,0.9977817535400391,34.83099999721162,0.00790000194683671,1,5.817999975988641,1,9.167600015643984,1,0,19.80290000210516,1,land,0.03259998629800975,1,,
1787922523.6089664,4088,0.04236102104187012,23.606607570001408,1.9941329956054688,8.754399983445182,0.005500012775883079,1,,0,8.705100015504286,1,0,,0,land,0.02829998265951872,1,,
1787922523.6648977,4089,0.05593132972717285,17.87906715034123,0.9970664978027344,31.038699991768226,0.007300026481971145,1,,0,8.663999993586913,1,0,22.32769998954609,1,land,0.02889998722821474,1,,
1787922523.685454,4090,0.020556211471557617,48.647096347672786,9.972333908081055,10.176000010687858,0.008200004231184721,1,,0,10.095799982082099,1,0,,0,land,0.057199998991563916,1,,
1787922523.737539,4091,0.052085161209106445,19.199326195522314,1.996755599975586,33.98319997359067,0.008600007276982069,1,5.415699997683987,1,9.918299998389557,1,0,18.601799994939938,1,land,0.036699988413602114,1,,
1787922523.7765539,4092,0.03901481628417969,25.631288193595697,1.9941329956054688,10.016000014729798,0.008200004231184721,1,,0,9.959599992725998,1,0,,0,land,0.034199998481199145,1,,
1787922523.8421137,4093,0.06555986404418945,15.253234804238884,3.34930419921875,36.23850000440143,0.005599984433501959,1,,0,8.09849999495782,1,0,28.09700000216253,1,land,0.027900008717551827,1,,
1787922523.8623636,4094,0.02024984359741211,49.38309746391315,22.197961807250977,10.044499998912215,0.008399976650252938,1,,0,9.988500009058043,1,0,,0,land,0.03500000457279384,1,,
1787922523.9122102,4095,0.049846649169921875,20.061529042626464,7.979154586791992,38.403699989430606,0.007299997378140688,1,6.937300000572577,1,9.580799989635125,1,0,21.84470000793226,1,land,0.03170000854879618,1,,
1787922523.9426477,4096,0.030437469482421875,32.85424238626394,1.9991397857666016,9.807700000237674,0.006699992809444666,1,,0,9.755600010976195,1,0,,0,land,0.030800001695752144,1,,
1787922524.0025933,4097,0.05994558334350586,16.681796126158375,1.9948482513427734,34.79530001641251,0.007299997378140688,1,,0,10.492300003534183,1,0,24.254800024209544,1,land,0.02989999484270811,1,,
1787922524.0230935,4098,0.02050018310546875,48.78005210271679,14.890909194946289,9.372000000439584,0.006399990525096655,1,,0,9.325799997895956,1,0,,0,land,0.027300004148855805,1,,
1787922524.0672505,4099,0.04415702819824219,22.646451557168156,1.9962787628173828,34.496799984481186,0.00589998671784997,1,5.82709998707287,1,8.84660001611337,1,0,19.78999999118969,1,land,0.02549999044276774,1,,
1787922524.1078777,4100,0.040627241134643555,24.614026748355368,2.9900074005126953,8.70010000653565,0.006099988240748644,1,,0,8.652699994854629,1,0,,0,land,0.02750000567175448,1,,
1787922524.1686149,4101,0.06073713302612305,16.464392541707557,0.9968280792236328,33.22500002104789,0.00790000194683671,1,,0,10.233000008156523,1,0,22.943000018130988,1,land,0.0295999925583601,1,,
1787922524.1904106,4102,0.02179574966430664,45.88050493338292,15.303850173950195,10.833200009074062,0.006999995093792677,1,,0,10.782800003653392,1,0,,0,land,0.03029999788850546,1,,
1787922524.2358015,4103,0.04539084434509277,22.030874605400694,3.9877891540527344,32.98639997956343,0.005700014298781753,1,6.0468000010587275,1,7.92659999569878,1,0,18.98079999955371,1,land,0.024999986635521054,1,,
1787922524.276298,4104,0.0404965877532959,24.69343852109152,1.9955635070800781,8.850399986840785,0.005700014298781753,1,,0,8.803100005025044,1,0,,0,land,0.026299996534362435,1,,
1787922524.3326588,4105,0.056360721588134766,17.742853033494928,1.9948482513427734,31.108800001675263,0.00999998883344233,1,,0,8.963200001744553,1,0,22.081499977502972,1,land,0.04320000880397856,1,,
1787922524.3538043,4106,0.02114558219909668,47.291202038538295,9.968996047973633,9.118699992541224,0.012800010154023767,1,,0,9.038599993800744,1,0,,0,land,0.03860000288113952,1,,
1787922524.3991292,4107,0.04532480239868164,22.062975392675664,0.9968280792236328,36.208100005751476,0.007199996616691351,1,6.288900010986254,1,8.694199990713969,1,0,21.184899989748374,1,land,0.03090000245720148,1,,
1787922524.441529,4108,0.04239988327026367,23.584970591212226,0.0,9.010400011902675,0.007599999662488699,1,,0,8.959900005720556,1,0,,0,land,0.02829998265951872,1,,
1787922524.4948635,4109,0.05333447456359863,18.74959879481987,1.9948482513427734,28.367699997033924,0.005900015821680427,1,,0,7.90579998283647,1,0,20.41970001300797,1,land,0.02720000338740647,1,,
1787922524.5128162,4110,0.017952680587768555,55.70198807421081,27.561187744140625,8.159999997587875,0.006099988240748644,1,,0,8.11609998345375,1,0,,0,land,0.0281000102404505,1,,
1787922524.5774984,4111,0.0646822452545166,15.46019307253674,1.9938945770263672,43.52340000332333,0.006199989002197981,1,5.827299988595769,1,9.73270001122728,1,0,27.92680001584813,1,land,0.028699985705316067,1,,
1787922524.5994396,4112,0.021941184997558594,45.576389794410396,1.9948482513427734,0.056199991377070546,0.005499983672052622,1,,0,,0,0,,0,land,0.024100008886307478,1,,
1787922524.6507704,4113,0.0513308048248291,19.481479073094377,0.9973049163818359,17.512100021122023,0.019800005247816443,1,,0,,0,0,17.458200018154457,1,land,0.0185999961104244,1,,
1787922524.6657305,4114,0.014960050582885742,66.84469377022009,1.9931793212890625,0.04490002174861729,0.0053000112529844046,1,,0,,0,0,,0,land,0.020499981474131346,1,,
1787922524.7232556,4115,0.0575251579284668,17.38369847230166,2.995014190673828,22.734600002877414,0.005500012775883079,1,5.133200000273064,1,,0,0,17.564699985086918,1,land,0.02039998071268201,1,,
1787922524.772361,4116,0.04910540580749512,20.364356704845044,8.880376815795898,0.046999979531392455,0.005500012775883079,1,,0,,0,0,,0,land,0.02139998832717538,1,,
1787922524.8225093,4117,0.05014824867248535,19.940875832592457,5.984067916870117,19.14059999398887,0.0040000013541430235,1,,0,,0,0,19.106299994746223,1,land,0.01610000617802143,1,,
1787922524.8304906,4118,0.007981300354003906,125.29286653124626,0.9973049163818359,0.03270001616328955,0.0040000013541430235,1,,0,,0,0,,0,land,0.013999990187585354,1,,
1787922524.8866162,4119,0.056125640869140625,17.817168490450623,0.9977817535400391,21.433599991723895,0.0045000051613897085,1,4.380099999252707,1,,0,0,17.021400009980425,1,land,0.01829999382607639,1,,
1787922524.9430912,4120,0.056474924087524414,17.706973779198137,12.959003448486328,0.046699977247044444,0.0051000097300857306,1,,0,,0,0,,0,land,0.021099986042827368,1,,
1787922524.9889603,4121,0.04586911201477051,21.801163268170217,1.9943714141845703,17.742600000929087,0.0047000066842883825,1,,0,,0,0,17.704700003378093,1,land,0.01789999078027904,1,,
1787922524.9969378,4122,0.007977485656738281,125.35277943813509,0.9984970092773438,0.03440000000409782,0.0045000051613897085,1,,0,,0,0,,0,land,0.015199999324977398,1,,
1787922525.058583,4123,0.0616452693939209,16.221844917407633,3.0231475830078125,22.712600009981543,0.0047000066842883825,1,5.120000016177073,1,,0,0,17.56290000048466,1,land,0.016799982404336333,1,,
1787922525.0980232,4124,0.039440155029296875,25.354869910049327,1.9938945770263672,0.04069998976774514,0.0045000051613897085,1,,0,,0,0,,0,land,0.018399994587525725,1,,
1787922525.1497042,4125,0.0516810417175293,19.349455172859212,2.1834373474121094,15.966300008585677,0.0044000043999403715,1,,0,,0,0,15.929899993352592,1,land,0.01659998088143766,1,,
1787922525.1765974,4126,0.026893138885498047,37.18420539371265,11.935949325561523,0.07460001506842673,0.008500006515532732,1,,0,,0,0,,0,land,0.030700000934302807,1,,
1787922525.2211163,4127,0.04451894760131836,22.46234589719696,1.0528564453125,21.185100020375103,0.0046000059228390455,1,5.077300011180341,1,,0,0,16.07230000081472,1,land,0.02039998071268201,1,,
1787922525.2684834,4128,0.047367095947265625,21.11170169928324,6.84356689453125,0.042800005758181214,0.0045000051613897085,1,,0,,0,0,,0,land,0.019400002202019095,1,,
1787922525.3192804,4129,0.0507969856262207,19.68620751156962,1.9943714141845703,17.71240000380203,0.0042000028770416975,1,,0,,0,0,17.677399999229237,1,land,0.016400008462369442,1,,
1787922525.334909,4130,0.015628576278686523,63.98535491449406,1.9907951354980469,0.044100015657022595,0.004999979864805937,1,,0,,0,0,,0,land,0.019500002963468432,1,,
1787922525.40089,4131,0.06598114967346191,15.155843827350088,9.973526000976562,24.49710000655614,0.0044000043999403715,1,4.510800004936755,1,,0,0,19.95580000220798,1,land,0.01719998545013368,1,,
1787922525.4378717,4132,0.03698158264160156,27.040486874000724,7.482051849365234,0.03899997682310641,0.0044000043999403715,1,,0,,0,0,,0,land,0.018099992303177714,1,,
1787922525.487632,4133,0.04976034164428711,20.09632504431987,0.9982585906982422,16.49489998817444,0.0042000028770416975,1,,0,,0,0,16.461699997307733,1,land,0.015500001609325409,1,,
1787922525.4999564,4134,0.012324333190917969,81.14029250174109,23.29421043395996,0.040000013541430235,0.0045000051613897085,1,,0,,0,0,,0,land,0.018099992303177714,1,,
1787922525.5565336,4135,0.056577205657958984,17.674962705750477,0.0,23.217799986014143,0.0047000066842883825,1,5.131399986566976,1,,0,0,18.04910000646487,1,land,0.02069998299703002,1,,
1787922525.600831,4136,0.04429745674133301,22.57465944014166,0.9975433349609375,0.04939999780617654,0.0052000104915350676,1,,0,,0,0,,0,land,0.020599982235580683,1,,
1787922525.652235,4137,0.05140399932861328,19.453739262722397,1.9631385803222656,17.73629998206161,0.0045000051613897085,1,,0,,0,0,17.695699993055314,1,land,0.019500002963468432,1,,
1787922525.6708813,4138,0.018646240234375,53.63011456628478,7.052898406982422,0.03950000973418355,0.004599976819008589,1,,0,,0,0,,0,land,0.017700018361210823,1,,
1787922525.7223222,4139,0.05144095420837402,19.43976381054788,0.0,21.59309998387471,0.0049000082071870565,1,4.823900002520531,1,,0,0,16.736499994294718,1,land,0.017999991541728377,1,,
1787922525.7670019,4140,0.04467964172363281,22.381558164354324,1.9962787628173828,0.042400002712383866,0.0048999791033566,1,,0,,0,0,,0,land,0.018400023691356182,1,,
1787922525.8274007,4141,0.06039881706237793,16.55661565303891,10.96963882446289,16.340200003469363,0.0046000059228390455,1,,0,,0,0,16.302800009725615,1,land,0.01610000617802143,1,,
1787922525.8409717,4142,0.013571023941040039,73.68640747702956,8.584022521972656,0.04650000482797623,0.005600013537332416,1,,0,,0,0,,0,land,0.02030000905506313,1,,
1787922525.8946419,4143,0.05367016792297363,18.63232478488199,3.017902374267578,22.514899988891557,0.0046000059228390455,1,4.65519999852404,1,,0,0,17.827400006353855,1,land,0.01810002140700817,1,,
1787922525.935727,4144,0.041085004806518555,24.33978052842627,1.995086669921875,0.0475000124424696,0.0051000097300857306,1,,0,,0,0,,0,land,0.021799991372972727,1,,
1787922525.9859347,4145,0.05020785331726074,19.917202866273797,1.1050701141357422,17.706400016322732,0.0048000074457377195,1,,0,,0,0,17.66670000506565,1,land,0.018699996871873736,1,,
1787922526.010392,4146,0.024457216262817383,40.887727746853706,12.919425964355469,0.047600013203918934,0.005600013537332416,1,,0,,0,0,,0,land,0.020799983758479357,1,,
1787922526.054874,4147,0.04448199272155762,22.48100723049134,0.5166530609130859,22.195300000021234,0.005900015821680427,1,5.706299998564646,1,,0,0,16.449800023110583,1,land,0.021099986042827368,1,,
1787922526.103293,4148,0.04841899871826172,20.65304996947076,2.2635459899902344,0.0475000124424696,0.005399982910603285,1,,0,,0,0,,0,land,0.021100015146657825,1,,
1787922526.153313,4149,0.05001997947692871,19.992011401388947,2.9964447021484375,17.646899999817833,0.0046000059228390455,1,,0,,0,0,17.606399982469156,1,land,0.01920000067912042,1,,
1787922526.1683,4150,0.014986991882324219,66.72453070314985,2.0210742950439453,0.06059999577701092,0.006999995093792677,1,,0,,0,0,,0,land,0.026200024876743555,1,,
1787922526.2337377,4151,0.06543779373168945,15.281688806628143,0.0,31.670299998950213,0.005399982910603285,1,5.554100003791973,1,7.471200020518154,1,0,18.61179998377338,1,land,0.025999994250014424,1,,
1787922526.2796578,4152,0.04592013359069824,21.776940130735245,1.0204315185546875,9.444499999517575,0.007199996616691351,1,,0,9.392899984959513,1,0,,0,land,0.03010002546943724,1,,
1787922526.3296008,4153,0.049942970275878906,20.022837938475053,0.9970664978027344,28.210699994815513,0.006200018106028438,1,,0,8.669300004839897,1,0,19.498400011798367,1,land,0.026399997295811772,1,,
1787922526.3479772,4154,0.01837635040283203,54.41776947428512,4.9877166748046875,8.33559999591671,0.006499991286545992,1,,0,8.290800004033372,1,0,,0,land,0.027400004910305142,1,,
1787922526.4068375,4155,0.05886030197143555,16.989379369567153,1.9931793212890625,37.463199987541884,0.007099995855242014,1,5.932600004598498,1,8.856000000378117,1,0,22.635500004980713,1,land,0.030199997127056122,1,,
1787922526.4441836,4156,0.03734612464904785,26.776539986338186,0.9970664978027344,9.23640001565218,0.006699992809444666,1,,0,9.186499984934926,1,0,,0,land,0.028900016332045197,1,,
1787922526.5019634,4157,0.057779788970947266,17.307089863253363,2.9904842376708984,30.81440000096336,0.00680002267472446,1,,0,9.061400021892041,1,0,21.707800013246015,1,land,0.027399975806474686,1,,
1787922526.5213602,4158,0.01939678192138672,51.55494370421358,34.290313720703125,9.832099982304499,0.006999995093792677,1,,0,9.784699999727309,1,0,,0,land,0.02920001861639321,1,,
1787922526.575577,4159,0.054216861724853516,18.444446398888314,2.9916763305664062,37.93510000105016,0.008000002708286047,1,6.548100005602464,1,9.92369998130016,1,0,21.421500016003847,1,land,0.03130000550299883,1,,
1787922526.6118755,4160,0.036298513412475586,27.549337589574836,1.9941329956054688,10.438500001328066,0.008199975127354264,1,,0,10.376400023233145,1,0,,0,land,0.038300000596791506,1,,
1787922526.6663847,4161,0.05450916290283203,18.345539478978953,1.9931793212890625,32.81319999950938,0.006299989763647318,1,,0,9.061200020369142,1,0,23.709399974904954,1,land,0.02609999501146376,1,,
1787922526.6845236,4162,0.018138885498046875,55.13017875920084,10.159015655517578,8.350499992957339,0.005799985956400633,1,,0,8.307000010972843,1,0,,0,land,0.025899993488565087,1,,
1787922526.7347236,4163,0.05019998550415039,19.92032447733123,1.9941329956054688,33.224100014194846,0.0051000097300857306,1,7.328900013817474,1,8.405600005062297,1,0,17.458199989050627,1,land,0.02479998511262238,1,,
1787922526.7790534,4164,0.04432988166809082,22.558147289615075,1.9946098327636719,8.552599989343435,0.006299989763647318,1,,0,8.503299992298707,1,0,,0,land,0.02850001328624785,1,,
1787922526.8311734,4165,0.05211997032165527,19.186503634375843,2.0220279693603516,30.154800013406202,0.006999995093792677,1,,0,9.050299995578825,1,0,21.057300007669255,1,land,0.0295999925583601,1,,
1787922526.8511198,4166,0.01994633674621582,50.134519071012775,8.97669792175293,9.56809998024255,0.007399998139590025,1,,0,9.516899997834116,1,0,,0,land,0.032400013878941536,1,,
1787922526.9009356,4167,0.04981589317321777,20.073914895449956,1.9943714141845703,32.84319999511354,0.006200018106028438,1,5.572099995333701,1,7.832500006770715,1,0,19.405500002903864,1,land,0.02519998815841973,1,,
1787922526.9473195,4168,0.04638385772705078,21.5592244587454,1.9936561584472656,9.585599997080863,0.006999995093792677,1,,0,9.528599999612197,1,0,,0,land,0.030700000934302807,1,,
1787922527.0021977,4169,0.05487823486328125,18.22216043375504,0.9987354278564453,31.991900003049523,0.005999987479299307,1,,0,9.247499983757734,1,0,22.70239999052137,1,land,0.025600020308047533,1,,
1787922527.020151,4170,0.017953157424926758,55.70050862538346,9.971857070922852,8.634099998744205,0.006499991286545992,1,,0,8.588500000769272,1,0,,0,land,0.02820001100189984,1,,
1787922527.0956273,4171,0.07547640800476074,13.249173171263319,1.9941329956054688,59.030800010077655,0.007199996616691351,1,5.908300023293123,1,8.844699972542003,1,0,44.238400005269796,1,land,0.03020002623088658,1,,
1787922527.1145763,4172,0.018949031829833984,52.77314476962178,4.987001419067383,9.292000002460554,0.007199996616691351,1,,0,9.242500003892928,1,0,,0,land,0.030499999411404133,1,,
1787922527.1695485,4173,0.054972171783447266,18.191022249208483,1.9936561584472656,32.18010001000948,0.006099988240748644,1,,0,9.074200002942234,1,0,23.06550001958385,1,land,0.02479998511262238,1,,
1787922527.1875758,4174,0.018027305603027344,55.471406655028304,10.046958923339844,8.794099994702265,0.005699985194951296,1,,0,8.750000008149073,1,0,,0,land,0.02820001100189984,1,,
1787922527.3419015,4175,0.1543257236480713,6.479801139830895,0.9970664978027344,36.50119999656454,0.006500020390376449,1,5.57090001530014,1,9.700499998871237,1,0,21.193900000071153,1,land,0.02759997732937336,1,,
1787922527.3608522,4178,0.018950700759887695,52.7684972007297,14.95981216430664,9.21709998510778,0.006700021913275123,1,,0,9.17120001395233,1,0,,0,land,0.028699985705316067,1,,
1787922527.3996575,4179,0.038805246353149414,25.76971141735428,0.9963512420654297,28.733300016028807,0.008000002708286047,1,,0,7.966099976329133,1,0,20.71730000898242,1,land,0.031200004741549492,1,,
1787922527.4534407,4180,0.05378317832946777,18.59317413102938,2.9878616333007812,10.844500007806346,0.006399990525096655,1,,0,10.79629999003373,1,0,,0,land,0.027000001864507794,1,,
1787922527.6132407,4181,0.15980005264282227,6.257820216337188,2.994537353515625,43.81430000648834,0.007700000423938036,1,7.768200011923909,1,11.029399989638478,1,0,24.973099993076175,1,land,0.03369999467395246,1,,
1787922527.635829,4184,0.022588253021240234,44.27079858985455,47.870635986328125,10.026799980551004,0.006999995093792677,1,,0,9.975900000426918,1,0,,0,land,0.02989999484270811,1,,
1787922527.7453787,4185,0.10954976081848145,9.128271869593132,0.9961128234863281,30.794399994192645,0.007299997378140688,1,,0,9.942300006514415,1,0,20.793700008653104,1,land,0.03060000017285347,1,,
1787922527.765326,4188,0.019947290420532227,50.132122153827765,19.948959350585938,9.43490001372993,0.006999995093792677,1,,0,9.386799996718764,1,0,,0,land,0.029499991796910763,1,,
1787922527.9234872,4189,0.15816116333007812,6.322664672825065,0.9965896606445312,55.35569999483414,0.006300018867477775,1,5.613700021058321,1,9.114599990425631,1,0,40.58989998884499,1,land,0.029399991035461426,1,,
1787922527.941779,4191,0.018291711807250977,54.66956895765175,60.81676483154297,8.924900001147762,0.005700014298781753,1,,0,8.882800000719726,1,0,,0,land,0.026299996534362435,1,,
1787922528.013936,4192,0.07215714454650879,13.858641528635482,2.5682449340820312,32.673000008799136,0.00589998671784997,1,,0,8.706699998583645,1,0,23.925899993628263,1,land,0.02540001878514886,1,,
1787922528.0314004,4194,0.017464399337768555,57.25934116940383,20.472288131713867,8.456900017336011,0.00589998671784997,1,,0,8.416700002271682,1,0,,0,land,0.0247000134550035,1,,
1787922528.0793378,4195,0.04793739318847656,20.86054191700155,7.979154586791992,37.92930001509376,0.006499991286545992,1,5.9290999779477715,1,8.899700012989342,1,0,23.06440001120791,1,land,0.027900008717551827,1,,
1787922528.1473722,4196,0.06803441047668457,14.698444404728113,2.9981136322021484,9.087499987799674,0.0052000104915350676,1,,0,9.036500006914139,1,0,,0,land,0.026699999580159783,1,,
1787922528.1913228,4197,0.043950557708740234,22.75283983031539,18.94235610961914,33.87000001384877,0.005799985956400633,1,,0,8.042899979045615,1,0,25.786400015931576,1,land,0.02540001878514886,1,,
1787922528.2892168,4198,0.09789395332336426,10.21513552217868,0.9973049163818359,8.734400005778298,0.005600013537332416,1,,0,8.690399990882725,1,0,,0,land,0.02609999501146376,1,,
1787922528.3406587,4200,0.05144190788269043,19.439403419492685,14.959573745727539,42.52020001877099,0.007199996616691351,1,6.059500010451302,1,9.592899994459003,1,0,26.825600012671202,1,land,0.033199990866705775,1,,
1787922528.3596077,4202,0.018949031829833984,52.77314476962178,15.957832336425781,8.726400003070012,0.006499991286545992,1,,0,8.678499987581745,1,0,,0,land,0.029000017093494534,1,,
1787922528.3990417,4203,0.039433956146240234,25.35885560889491,3.988504409790039,29.239800001960248,0.005299982149153948,1,,0,7.971199986059219,1,0,21.22970001073554,1,land,0.024300010409206152,1,,
1787922528.5010386,4204,0.10199689865112305,9.804219669663352,1.9941329956054688,10.240700008580461,0.006699992809444666,1,,0,10.188599990215153,1,0,,0,land,0.03130000550299883,1,,
1787922528.5507064,4206,0.0496678352355957,20.133754476243507,17.462968826293945,39.51769997365773,0.008400005754083395,1,6.6356000024825335,1,10.3223999904003,1,0,22.51009998144582,1,land,0.03880000440403819,1,,
1787922528.6448722,4207,0.09416580200195312,10.619566538383634,1.9943714141845703,10.098200000356883,0.008100003469735384,1,,0,10.033800004748628,1,0,,0,land,0.03480000304989517,1,,
1787922528.6913738,4209,0.04650163650512695,21.504619517847438,15.956401824951172,35.399299988057464,0.007399998139590025,1,,0,10.817499976838008,1,0,24.53070000046864,1,land,0.033800024539232254,1,,
1787922528.7113206,4210,0.019946813583374023,50.133320583770605,37.52565383911133,9.853299998212606,0.007299997378140688,1,,0,9.802500018849969,1,0,,0,land,0.031100003980100155,1,,
1787922528.8320582,4211,0.12073755264282227,8.282427282241661,2.9909610748291016,34.488000004785135,0.00689999433234334,1,5.181100015761331,1,8.126200002152473,1,0,21.141899982467294,1,land,0.029999995604157448,1,,
1787922528.8500113,4213,0.017953157424926758,55.70050862538346,41.69034957885742,8.260700007667765,0.006600021151825786,1,,0,8.212299988372251,1,0,,0,land,0.029699993319809437,1,,
1787922528.9717278,4214,0.12171649932861328,8.215813020551755,1.9938945770263672,29.136400000425056,0.005999987479299307,1,,0,7.9882999998517334,1,0,21.10859999083914,1,land,0.024900014977902174,1,,
1787922528.9886832,4217,0.01695537567138672,58.97834523876484,14.95981216430664,8.266399992862716,0.006699992809444666,1,,0,8.21550001273863,1,0,,0,land,0.032499985536560416,1,,
1787922529.1397276,4218,0.15104436874389648,6.620571215703854,3.0024051666259766,33.66230000392534,0.00580001506023109,1,5.471000011311844,1,7.761899993056431,1,0,20.396900014020503,1,land,0.025399989681318402,1,,
1787922529.158022,4220,0.018294334411621094,54.66173174164625,40.2369499206543,9.662900003604591,0.008299975888803601,1,,0,9.602999984053895,1,0,,0,land,0.040300015825778246,1,,
1787922529.2791603,4221,0.12113833427429199,8.255025182496837,2.2614002227783203,29.87070000381209,0.006599992047995329,1,,0,8.19029999547638,1,0,21.631899988278747,1,land,0.03160000778734684,1,,
1787922529.2985692,4224,0.0194089412689209,51.522645472748046,33.36930274963379,9.094799985177815,0.006399990525096655,1,,0,9.045699989655986,1,0,,0,land,0.028400012524798512,1,,
1787922529.4504983,4225,0.15192914009094238,6.582015796320678,3.989696502685547,34.77649998967536,0.006000016583129764,1,5.374200001824647,1,8.522699994500726,1,0,20.840699988184497,1,land,0.03090000245720148,1,,
1787922529.466457,4228,0.015958547592163086,62.66234406513782,37.73760795593262,7.130300014978275,0.005999987479299307,1,,0,7.087900012265891,1,0,,0,land,0.026299996534362435,1,,
1787922529.5931444,4229,0.12668752670288086,7.893436915421762,0.9977817535400391,34.95970001677051,0.007800001185387373,1,,0,10.081399988848716,1,0,24.82449999661185,1,land,0.035500008380040526,1,,
1787922529.6126013,4232,0.019456863403320312,51.39574551514557,35.829782485961914,9.142200025962666,0.007800001185387373,1,,0,9.088499995414168,1,0,,0,land,0.03440000000409782,1,,
1787922529.7545252,4233,0.1419239044189453,7.04602937816662,2.991914749145508,34.47980000055395,0.0053000112529844046,1,4.618500010110438,1,8.687199995620176,1,0,21.141500008525327,1,land,0.025699991965666413,1,,
1787922529.7724771,4236,0.01795196533203125,55.70420739481513,32.35626220703125,9.07790000201203,0.006200018106028438,1,,0,9.033200010890141,1,0,,0,land,0.028699985705316067,1,,
1787922529.890934,4237,0.11845684051513672,8.44189323006819,1.0294914245605469,29.179900011513382,0.00589998671784997,1,,0,7.9360999807249755,1,0,21.199100010562688,1,land,0.02920001861639321,1,,
1787922529.9093804,4239,0.01844644546508789,54.21098617035027,33.90693664550781,8.762399986153468,0.006200018106028438,1,,0,8.712899987585843,1,0,,0,land,0.030199997127056122,1,,
1787922529.9616566,4240,0.0522761344909668,19.129187912178125,18.14436912536621,42.01860001194291,0.007499998901039362,1,6.223300006240606,1,9.574900002917275,1,0,26.171500008786097,1,land,0.039099977584555745,1,,
1787922530.0367844,4241,0.07512784004211426,13.310644887959404,1.9977092742919922,10.66609998815693,0.007599999662488699,1,,0,10.60820001293905,1,0,,0,land,0.03509997623041272,1,,
1787922530.07967,4243,0.042885541915893555,23.317881862404448,14.960050582885742,32.0697000133805,0.006099988240748644,1,,0,9.39350001863204,1,0,22.62990002054721,1,land,0.029199989512562752,1,,
1787922530.1783323,4244,0.0986623764038086,10.13557585423614,0.9984970092773438,8.819099981337786,0.006599992047995329,1,,0,8.769999985815957,1,0,,0,land,0.02950002090074122,1,,
1787922530.2327998,4246,0.05446743965148926,18.35959256389717,13.097286224365234,44.74939999636263,0.010499992640689015,1,6.734299997333437,1,8.088900009170175,1,0,29.87219998613,1,land,0.041099992813542485,1,,
1787922530.2517502,4247,0.018950462341308594,52.76916108902421,42.39177703857422,9.33400000212714,0.006799993570894003,1,,0,9.279899997636676,1,0,,0,land,0.034199998481199145,1,,
1787922530.3637166,4248,0.11196637153625488,8.931253074287564,1.9943714141845703,29.707300011068583,0.006299989763647318,1,,0,9.109900012845173,1,0,20.54999998654239,1,land,0.03090000245720148,1,,
1787922530.3826663,4250,0.01894974708557129,52.77115285414124,35.799264907836914,8.356700011063367,0.006199989002197981,1,,0,8.31039997865446,1,0,,0,land,0.02880001557059586,1,,
1787922530.5114639,4251,0.1287975311279297,7.764123980037614,2.994060516357422,33.82900002179667,0.005999987479299307,1,5.3109999862499535,1,8.00210001762025,1,0,20.481300016399473,1,land,0.026900001103058457,1,,
1787922530.5294168,4254,0.017952919006347656,55.70124833997344,38.44738006591797,8.724500017706305,0.006999995093792677,1,,0,8.673000003909692,1,0,,0,land,0.03429999924264848,1,,
1787922530.6717348,4255,0.1423180103302002,7.026517569208862,0.9975433349609375,30.81719999318011,0.005499983672052622,1,,0,8.43469999381341,1,0,22.33819998218678,1,land,0.02920001861639321,1,,
1787922530.6896894,4258,0.017954587936401367,55.69607075039505,16.95394515991211,8.618700027000159,0.006099988240748644,1,,0,8.576000022003427,1,0,,0,land,0.02710000262595713,1,,
1787922530.8350787,4259,0.14538931846618652,6.878084377516165,0.0,36.20750000118278,0.008100003469735384,1,5.364299984648824,1,9.59050000528805,1,0,21.199500013608485,1,land,0.04290000651963055,1,,
1787922530.8560264,4261,0.020947694778442383,47.73794971602873,43.97130012512207,10.119699989445508,0.008000002708286047,1,,0,10.061800014227629,1,0,,0,land,0.037299992982298136,1,,
1787922530.9133883,4262,0.05736184120178223,17.433192154385207,2.9921531677246094,31.65580000495538,0.005700014298781753,1,,0,8.142500009853393,1,0,23.470999993151054,1,land,0.027799978852272034,1,,
1787922530.9398263,4264,0.026437997817993164,37.82434686939192,32.42158889770508,9.420999995199963,0.00689999433234334,1,,0,9.369500010507181,1,0,,0,land,0.03239998477511108,1,,
1787922531.0093877,4265,0.06956148147583008,14.375772033369664,1.9924640655517578,43.230999988736585,0.005500012775883079,1,7.16059998376295,1,8.782000018982217,1,0,27.252300002146512,1,land,0.028799986466765404,1,,
1787922531.0325742,4266,0.023186445236206055,43.12864649206692,20.453691482543945,13.623000006191432,0.007100024959072471,1,,0,13.511500001186505,1,0,,0,land,0.092999980552122,1,,
1787922531.076899,4267,0.04432487487792969,22.560695382761736,10.416269302368164,35.68749999976717,0.005600013537332416,1,,0,8.851299993693829,1,0,26.791500014951453,1,land,0.028799986466765404,1,,
1787922531.0947905,4268,0.017891407012939453,55.89275339143413,20.943403244018555,8.469500025967136,0.005400012014433742,1,,0,8.428400004049763,1,0,,0,land,0.02509998739697039,1,,
1787922531.1777651,4269,0.08297467231750488,12.051870433106048,2.992868423461914,41.502100008074194,0.005799985956400633,1,5.949000013060868,1,9.830599999986589,1,0,25.68779999273829,1,land,0.02710000262595713,1,,
1787922531.195326,4270,0.017560958862304688,56.944498750950366,21.309852600097656,8.394999982556328,0.005900015821680427,1,,0,8.351600001333281,1,0,,0,land,0.02789997961372137,1,,
1787922531.2446792,4271,0.04935312271118164,20.262142394759472,5.984783172607422,38.52339999866672,0.006999995093792677,1,,0,10.363100009271875,1,0,28.110200015362352,1,land,0.030800001695752144,1,,
1787922531.263767,4272,0.019087791442871094,52.389507869098175,24.418115615844727,9.12229999084957,0.007399998139590025,1,,0,9.069200023077428,1,0,,0,land,0.03460000152699649,1,,
1787922531.3422246,4273,0.07845759391784668,12.745738813340424,1.9960403442382812,38.19419999490492,0.006100017344579101,1,6.262499984586611,1,9.0290000080131,1,0,22.866100014653057,1,land,0.02829998265951872,1,,
1787922531.3591793,4274,0.016954660415649414,58.980833321614895,19.217967987060547,7.953899999847636,0.006000016583129764,1,,0,7.9061000142246485,1,0,,0,land,0.032199983252212405,1,,
1787922531.3982515,4275,0.039072275161743164,25.593595352725455,2.9921531677246094,29.462600010447204,0.006099988240748644,1,,0,8.27759999083355,1,0,21.14250001613982,1,land,0.027400004910305142,1,,
1787922531.4162025,4276,0.017951011657714844,55.70716676406524,5.9833526611328125,8.351399999810383,0.006100017344579101,1,,0,8.30730001325719,1,0,,0,land,0.028499984182417393,1,,
1787922531.5082366,4277,0.09203410148620605,10.865537706693194,1.9943714141845703,36.91120000439696,0.009299983503296971,1,5.279799981508404,1,8.023100002901629,1,0,23.55330000864342,1,land,0.043100008042529225,1,,
1787922531.5271862,4278,0.018949508666992188,52.771816809260194,40.583133697509766,8.943399996496737,0.006200018106028438,1,,0,8.898100000806153,1,0,,0,land,0.02929999027401209,1,,
1787922531.5767329,4279,0.04954671859741211,20.182971310883772,3.9899349212646484,36.73210000852123,0.007100024959072471,1,,0,9.215400001266971,1,0,27.46589999878779,1,land,0.03279998782090843,1,,
1787922531.5956826,4280,0.01894974708557129,52.77115285414124,21.81220054626465,8.519599999999627,0.006200018106028438,1,,0,8.455000002868474,1,0,,0,land,0.03159997868351638,1,,
1787922531.6731288,4281,0.07744622230529785,12.912185646162797,1.997232437133789,37.11239999393001,0.006400019628927112,1,5.318700015777722,1,8.718199998838827,1,0,23.039199993945658,1,land,0.028099981136620045,1,,
1787922531.6910796,4282,0.017950773239135742,55.70790665550995,15.957117080688477,8.88809998286888,0.006400019628927112,1,,0,8.839799993438646,1,0,,0,land,0.03060000017285347,1,,
1787922531.733432,4283,0.04235243797302246,23.611391642601006,0.9980201721191406,32.610700000077486,0.006999995093792677,1,,0,9.17989999288693,1,0,23.38260001852177,1,land,0.030700000934302807,1,,
1787922531.753379,4284,0.019947052001953125,50.132721361637024,11.966228485107422,9.152199985692278,0.009200011845678091,1,,0,9.100199997192249,1,0,,0,land,0.030399998649954796,1,,
1787922531.8456943,4285,0.0923151969909668,10.832452646966152,1.9938945770263672,42.49859999981709,0.007700000423938036,1,5.879200005438179,1,11.012600007234141,1,0,25.560999987646937,1,land,0.03610001294873655,1,,
1787922531.8676965,4286,0.022002220153808594,45.44995882276451,22.958993911743164,9.320500015746802,0.005799985956400633,1,,0,9.27619999856688,1,0,,0,land,0.02850001328624785,1,,
1787922531.9141665,4287,0.046469926834106445,21.519293619073515,10.632991790771484,37.36789998947643,0.005500012775883079,1,,0,9.743800008436665,1,0,27.57850001216866,1,land,0.027499976567924023,1,,
1787922531.9326248,4288,0.01845836639404297,54.175975200206665,22.569656372070312,9.512399992672727,0.00689999433234334,1,,0,9.459599998081103,1,0,,0,land,0.03409999771974981,1,,
1787922532.011463,4289,0.07883810997009277,12.684220872105506,3.0930042266845703,41.27280000830069,0.006399990525096655,1,5.928400001721457,1,9.749899996677414,1,0,25.55630001006648,1,land,0.02989999484270811,1,,
1787922532.029923,4290,0.01846003532409668,54.17107727278598,20.282745361328125,8.817199995974079,0.00890000956133008,1,,0,8.760899974731728,1,0,,0,land,0.036200013710185885,1,,
1787922532.070816,4291,0.0408930778503418,24.454016488065392,6.981134414672852,29.30590001051314,0.005600013537332416,1,,0,7.870600005844608,1,0,21.39460001490079,1,land,0.025999994250014424,1,,
1787922532.0897615,4292,0.01894545555114746,52.78310660307313,11.968135833740234,9.933100023772568,0.007399998139590025,1,,0,9.877500007860363,1,0,,0,land,0.036999990697950125,1,,
1787922532.1775348,4293,0.08777332305908203,11.392983256733705,2.9916763305664062,38.595100020756945,0.006099988240748644,1,6.164499995065853,1,7.921499985968694,1,0,24.472000019159168,1,land,0.02920001861639321,1,,
1787922532.1954877,4294,0.017952919006347656,55.70124833997344,20.942211151123047,8.194099995307624,0.006200018106028438,1,,0,8.149400004185736,1,0,,0,land,0.028399983420968056,1,,
1787922532.2432437,4295,0.04775595664978027,20.939796208743754,1.9936561584472656,37.99680000520311,0.007599999662488699,1,,0,10.505000012926757,1,0,27.438799996161833,1,land,0.032899988582357764,1,,
1787922532.262193,4296,0.018949270248413086,52.77248078108683,18.459558486938477,8.372699987376109,0.006799993570894003,1,,0,8.32950000767596,1,0,,0,land,0.02500001573935151,1,,
1787922532.342742,4297,0.08054900169372559,12.414803150538557,0.9951591491699219,39.194999990286306,0.00689999433234334,1,5.968399986159056,1,9.296000003814697,1,0,23.889700009021908,1,land,0.031800009310245514,1,,
1787922532.361692,4298,0.01894998550415039,52.770488915729345,16.95394515991211,8.290400000987574,0.00589998671784997,1,,0,8.242899988545105,1,0,,0,land,0.03020002623088658,1,,
1787922532.4088624,4299,0.047170400619506836,21.199735148877668,3.9882659912109375,37.77830000035465,0.006799993570894003,1,,0,11.046500003430992,1,0,26.668399979826063,1,land,0.045199994929134846,1,,
1787922532.4287286,4300,0.019866228103637695,50.33668166816682,16.873598098754883,8.943399996496737,0.00680002267472446,1,,0,8.894800004782155,1,0,,0,land,0.03209998249076307,1,,
1787922532.518034,4301,0.08930540084838867,11.197531061953045,1.5628337860107422,46.1801000055857,0.006599992047995329,1,6.141000019852072,1,8.82879999699071,1,0,31.17129998281598,1,land,0.030199997127056122,1,,
1787922532.537986,4302,0.019952058792114258,50.12014100495907,50.766706466674805,9.887199994409457,0.008399976650252938,1,,0,9.829799993894994,1,0,,0,land,0.03770002513192594,1,,
1787922532.5876293,4303,0.04964327812194824,20.14371407028177,14.959573745727539,36.3880000077188,0.008100003469735384,1,,0,10.8749000064563,1,0,25.457899988396093,1,land,0.03459997242316604,1,,
1787922532.6105676,4304,0.022938251495361328,43.5953019436649,33.50067138671875,10.437699995236471,0.007700000423938036,1,,0,10.383599990746006,1,0,,0,land,0.03429999924264848,1,,
1787922532.7005243,4305,0.08995676040649414,11.116451898459076,3.137350082397461,61.71650000032969,0.00899998121894896,1,5.466100003104657,1,8.002900023711845,1,0,48.18579999846406,1,land,0.04939999780617654,1,,
1787922532.7209787,4307,0.02045440673828125,48.88922044013428,9.485244750976562,9.308199980296195,0.005600013537332416,1,,0,9.264099993743002,1,0,,0,land,0.026599998818710446,1,,
1787922532.7680311,4308,0.04705238342285156,21.25290850865459,1.9984245300292969,32.809399999678135,0.007199996616691351,1,,0,9.771899989573285,1,0,22.98839998547919,1,land,0.03090000245720148,1,,
1787922532.812462,4309,0.04443097114562988,22.506822925889555,1.9893646240234375,8.62750000669621,0.006499991286545992,1,,0,8.579199988162145,1,0,,0,land,0.028600014047697186,1,,
1787922532.897178,4310,0.0847158432006836,11.804167464060969,2.9878616333007812,58.56450001010671,0.006299989763647318,1,5.716699990443885,1,8.766299986746162,1,0,44.04490001616068,1,land,0.02880001557059586,1,,
1787922532.9151297,4312,0.01795172691345215,55.70494720764991,4.98652458190918,7.776400016155094,0.005799985956400633,1,,0,7.733200007351115,1,0,,0,land,0.02680000034160912,1,,
1787922533.0034678,4313,0.08833813667297363,11.32013915690778,0.9973049163818359,29.912400001194328,0.006199989002197981,1,,0,9.584700019331649,1,0,20.282099983887747,1,land,0.02929999027401209,1,,
1787922533.020369,4314,0.016901254653930664,59.1672050670767,8.976459503173828,8.297699998365715,0.006099988240748644,1,,0,8.254600019427016,1,0,,0,land,0.0261999957729131,1,,
1787922533.0756865,4315,0.05531740188598633,18.07749398753545,0.9975433349609375,37.7784000011161,0.006299989763647318,1,6.042900000466034,1,9.823900007177144,1,0,21.87719999346882,1,land,0.026399997295811772,1,,
1787922533.0935423,4316,0.01785588264465332,56.00395230528888,16.014814376831055,9.17400000616908,0.007299997378140688,1,,0,9.122799994656816,1,0,,0,land,0.03370002377778292,1,,
1787922533.175505,4317,0.08196258544921875,12.200688820627386,2.9914379119873047,37.46039999532513,0.008200004231184721,1,,0,11.374900001101196,1,0,26.031300018075854,1,land,0.034500000765547156,1,,
1787922533.1974452,4318,0.021940231323242188,45.57837085977571,20.94244956970215,8.587799995439127,0.006399990525096655,1,,0,8.540899987565354,1,0,,0,land,0.02850001328624785,1,,
1787922533.24902,4319,0.0515749454498291,19.389259480124444,5.983114242553711,41.64250000030734,0.005500012775883079,1,7.285600004252046,1,11.52979998732917,1,0,22.793800017097965,1,land,0.02609999501146376,1,,
1787922533.2652707,4320,0.0162506103515625,61.53615023474178,22.94635772705078,8.094399992842227,0.005999987479299307,1,,0,8.049700001720339,1,0,,0,land,0.028999987989664078,1,,
1787922533.3359432,4321,0.07067251205444336,14.14977295882222,2.9931068420410156,31.668200012063608,0.011600001016631722,1,,0,8.172300003934652,1,0,23.424699989845976,1,land,0.047600013203918934,1,,
1787922533.3558903,4322,0.019947052001953125,50.132721361637024,10.969400405883789,9.80390000040643,0.007499998901039362,1,,0,9.754099999554455,1,0,,0,land,0.029799994081258774,1,,
1787922533.407595,4323,0.05170464515686035,19.3406220459733,1.995086669921875,38.3958000165876,0.007199996616691351,1,6.328699993900955,1,9.6839000179898,1,0,22.34419999876991,1,land,0.02989999484270811,1,,
1787922533.425546,4324,0.017951011657714844,55.70716676406524,17.802953720092773,7.632900000317022,0.006099988240748644,1,,0,7.587900006910786,1,0,,0,land,0.02780000795610249,1,,
1787922533.501468,4325,0.07592201232910156,13.171410626805677,2.678394317626953,31.720800005132332,0.006000016583129764,1,,0,8.669500006362796,1,0,23.009900003671646,1,land,0.02549999044276774,1,,
1787922533.519418,4326,0.017950057983398438,55.71012644777388,34.37662124633789,8.736600022530183,0.005799985956400633,1,,0,8.693399984622374,1,0,,0,land,0.025600020308047533,1,,
1787922533.5886662,4327,0.06924819946289062,14.44080868176059,3.9892196655273438,47.15629998827353,0.007399998139590025,1,13.35670001571998,1,8.732699992833659,1,0,25.02439997624606,1,land,0.03339999238960445,1,,
1787922533.6076152,4328,0.018949031829833984,52.77314476962178,33.90932083129883,9.040999982971698,0.006200018106028438,1,,0,8.99490001029335,1,0,,0,land,0.028799986466765404,1,,
1787922533.6625652,4329,0.05494999885559082,18.198362526412613,1.9938945770263672,29.71530001377687,0.007700000423938036,1,,0,9.9163000122644,1,0,19.748699996853247,1,land,0.03179998020641506,1,,
1787922533.684551,4330,0.021985769271850586,45.48396681667842,8.975982666015625,9.884999977657571,0.006300018867477775,1,,0,9.83780002570711,1,0,,0,land,0.027099973522126675,1,,
1787922533.7339528,4331,0.04940176010131836,20.242193758867987,0.9975433349609375,33.250899985432625,0.006400019628927112,1,5.862499994691461,1,8.053400000790134,1,0,19.298200000775978,1,land,0.028499984182417393,1,,
1787922533.7529018,4332,0.018949031829833984,52.77314476962178,8.975505828857422,9.406900004250929,0.006299989763647318,1,,0,9.357500006444752,1,0,,0,land,0.029799994081258774,1,,
1787922533.8358097,4333,0.08290791511535645,12.061574562677395,1.9927024841308594,33.10219998820685,0.007800001185387373,1,,0,10.451399983139709,1,0,22.60039999964647,1,land,0.03160000778734684,1,,
1787922533.855813,4334,0.020003318786621094,49.99170441001192,12.382984161376953,9.02729999506846,0.005900015821680427,1,,0,8.981099992524832,1,0,,0,land,0.02859998494386673,1,,
1787922533.9086702,4335,0.052857160568237305,18.91891257966883,1.9936561584472656,40.80329998396337,0.00899998121894896,1,6.399800011422485,1,7.531500014010817,1,0,26.818199985427782,1,land,0.04199999966658652,1,,
1787922533.9266222,4336,0.01795196533203125,55.70420739481513,17.951488494873047,8.847200020682067,0.006399990525096655,1,,0,8.798900002148002,1,0,,0,land,0.029600021662190557,1,,
1787922533.996677,4337,0.07005476951599121,14.274545572114583,0.9992122650146484,27.905700000701472,0.00680002267472446,1,,0,9.16960000176914,1,0,18.690800003241748,1,land,0.028099981136620045,1,,
1787922534.0154068,4338,0.01872992515563965,53.390496314871626,4.986047744750977,8.695399999851361,0.005699985194951296,1,,0,8.653400000184774,1,0,,0,land,0.026100024115294218,1,,
1787922534.0762458,4339,0.060838937759399414,16.436841878382456,2.889871597290039,38.2738999905996,0.006299989763647318,1,6.429100001696497,1,9.130999998888,1,0,22.677799977827817,1,land,0.027700007194653153,1,,
1787922534.095701,4340,0.0194551944732666,51.40015440987243,15.956401824951172,10.372499993536621,0.007399998139590025,1,,0,10.31779998447746,1,0,,0,land,0.03330002073198557,1,,
1787922534.169056,4341,0.07335495948791504,13.632343429550204,2.903461456298828,32.24820000468753,0.006200018106028438,1,,0,9.255899989511818,1,0,22.94880000408739,1,land,0.026599998818710446,1,,
1787922534.1910012,4342,0.02194523811340332,45.56797218751697,12.964963912963867,10.305900010280311,0.007599999662488699,1,,0,10.249899991322309,1,0,,0,land,0.034199998481199145,1,,
1787922534.236756,4343,0.04575490951538086,21.855578135584388,0.0,34.42510002059862,0.006599992047995329,1,5.358399997930974,1,8.646100002806634,1,0,20.384800009196624,1,land,0.027300004148855805,1,,
1787922534.2577002,4344,0.02094411849975586,47.74610113152563,10.968685150146484,11.157800006913021,0.007599999662488699,1,,0,11.102699994808063,1,0,,0,land,0.03500000457279384,1,,
1787922534.3340735,4345,0.07637333869934082,13.09357449903694,1.9946098327636719,29.388700000708923,0.009600014891475439,1,,0,9.604799997759983,1,0,19.71700001740828,1,land,0.042800005758181214,1,,
1787922534.3530245,4346,0.018950939178466797,52.76783332913972,9.974241256713867,7.919499999843538,0.006799993570894003,1,,0,7.87030000356026,1,0,,0,land,0.029799994081258774,1,,
1787922534.4074676,4347,0.0544431209564209,18.36779344079947,1.9938945770263672,35.95560000394471,0.006100017344579101,1,6.362999993143603,1,9.152899991022423,1,0,20.405000017490238,1,land,0.026699999580159783,1,,
1787922534.426471,4348,0.01900339126586914,52.622186535518026,16.502857208251953,9.336900024209172,0.007299997378140688,1,,0,9.286200016504154,1,0,,0,land,0.03279998782090843,1,,
1787922534.5020156,4349,0.07554459571838379,13.23721426384773,1.5034675598144531,31.3062000204809,0.006199989002197981,1,,0,8.97249998524785,1,0,22.288300009677187,1,land,0.028300011763349175,1,,
1787922534.5200543,4350,0.01803874969482422,55.43621464446207,34.99031066894531,8.408699999563396,0.006499991286545992,1,,0,8.361599990166724,1,0,,0,land,0.029600021662190557,1,,
1787922534.58353,4351,0.0634756088256836,15.754082843792725,2.992868423461914,41.98270000051707,0.007499998901039362,1,6.413099996279925,1,10.733100003562868,1,0,24.7932999918703,1,land,0.03329999162815511,1,,
1787922534.6034756,4352,0.019945621490478516,50.13631690932129,29.565811157226562,9.219100000336766,0.006900023436173797,1,,0,9.168599994154647,1,0,,0,land,0.031499977922067046,1,,
1787922534.6595464,4353,0.056070804595947266,17.834593371828998,1.9989013671875,27.218799979891628,0.006100017344579101,1,,0,8.695900003658608,1,0,18.481899984180927,1,land,0.024399982066825032,1,,
1787922534.678411,4354,0.01886463165283203,53.00925130175421,1.996755599975586,9.438400011276826,0.005999987479299307,1,,0,9.393599990289658,1,0,,0,land,0.026900001103058457,1,,
1787922534.7349467,4355,0.05653572082519531,17.68793225599676,1.6779899597167969,34.6131999976933,0.008000002708286047,1,6.1372999916784465,1,8.924499998101965,1,0,19.510000012815,1,land,0.031400006264448166,1,,
1787922534.7557662,4356,0.020819425582885742,48.03206486263642,11.967658996582031,8.955700002843514,0.007299997378140688,1,,0,8.898100000806153,1,0,,0,land,0.03860000288113952,1,,
1787922534.8332508,4357,0.0774846076965332,12.905789029951322,0.9970664978027344,31.551499996567145,0.008200004231184721,1,,0,9.754400001838803,1,0,21.745100006228313,1,land,0.03300001844763756,1,,
1787922534.8537002,4358,0.020449399948120117,48.90119037903254,10.968685150146484,9.88389999838546,0.007499998901039362,1,,0,9.827800007769838,1,0,,0,land,0.034500000765547156,1,,
1787922534.9028497,4359,0.049149513244628906,20.34608145604129,1.9938945770263672,35.80110002076253,0.006199989002197981,1,5.462500004796311,1,8.926000009523705,1,0,21.378400007961318,1,land,0.02609999501146376,1,,
1787922534.9234989,4360,0.020649194717407227,48.42803865649066,14.155387878417969,8.79030002397485,0.006199989002197981,1,,0,8.740899997064844,1,0,,0,land,0.02850001328624785,1,,
1787922535.0008264,4361,0.07732748985290527,12.93201165461637,2.990245819091797,31.81899999617599,0.006400019628927112,1,,0,10.662199987564236,1,0,21.11269999295473,1,land,0.02680000034160912,1,,
1787922535.0179503,4362,0.017123937606811523,58.39778343984518,12.126684188842773,8.128199988277629,0.005500012775883079,1,,0,8.085999987088144,1,0,,0,land,0.026900001103058457,1,,
1787922535.073316,4363,0.055365800857543945,18.061691233781612,1.9948482513427734,36.38249999494292,0.006600021151825786,1,6.6835000179708,1,10.324400005629286,1,0,19.33769998140633,1,land,0.028099981136620045,1,,
1787922535.0922668,4364,0.018950700759887695,52.7684972007297,15.961885452270508,9.122999996179715,0.005700014298781753,1,,0,9.07770000048913,1,0,,0,land,0.028699985705316067,1,,
1787922535.171069,4365,0.07880210876464844,12.690015732784703,0.9970664978027344,34.68479998991825,0.007299997378140688,1,,0,10.06020000204444,1,0,24.57679997314699,1,land,0.02889998722821474,1,,
1787922535.1905258,4366,0.019456863403320312,51.39574551514557,12.488126754760742,9.942199976649135,0.007800001185387373,1,,0,9.890500019537285,1,0,,0,land,0.03279998782090843,1,,
1787922535.2358508,4367,0.04532504081726074,22.062859337110154,0.9980201721191406,32.862599997315556,0.006600021151825786,1,5.5099000164773315,1,9.266399982152507,1,0,18.05199999944307,1,land,0.025999994250014424,1,,
1787922535.2538016,4368,0.017950773239135742,55.70790665550995,8.974790573120117,9.329300024546683,0.006599992047995329,1,,0,9.281999984523281,1,0,,0,land,0.028700014809146523,1,,
1787922535.3321688,4369,0.07836723327636719,12.760435174142673,1.9946098327636719,30.74309998191893,0.009400013368576765,1,,0,8.673800010001287,1,0,22.00929998070933,1,land,0.04029998672194779,1,,
1787922535.3516264,4370,0.019457578659057617,51.39385622036245,9.973287582397461,8.831599989207461,0.006500020390376449,1,,0,8.783900004345924,1,0,,0,land,0.02929999027401209,1,,
1787922535.4052489,4371,0.05362248420715332,18.648893552503456,2.991914749145508,36.476500012213364,0.006099988240748644,1,6.172599998535588,1,8.573700004490092,1,0,21.6935999924317,1,land,0.028700014809146523,1,,
1787922535.4222019,4372,0.016952991485595703,58.9866396647259,14.960527420043945,8.21840000571683,0.006699992809444666,1,,0,8.171499997843057,1,0,,0,land,0.029999995604157448,1,,
1787922535.5097003,4373,0.08749842643737793,11.428776958814153,1.9936561584472656,39.90429997793399,0.006199989002197981,1,,0,10.293700004694983,1,0,29.561499977717176,1,land,0.031100003980100155,1,,
1787922535.5286508,4374,0.018950462341308594,52.76916108902421,43.88236999511719,8.040899992920458,0.006099988240748644,1,,0,7.9932000080589205,1,0,,0,land,0.030499999411404133,1,,
1787922535.5800018,4375,0.051351070404052734,19.473790753173432,9.973287582397461,37.96720001264475,0.006699992809444666,1,6.84060002095066,1,9.625200007576495,1,0,21.4638999896124,1,land,0.02889998722821474,1,,
1787922535.6125531,4376,0.03255128860473633,30.720750018310994,37.53662109375,9.607800020603463,0.007599999662488699,1,,0,9.536800003843382,1,0,,0,land,0.05040000542066991,1,,
1787922535.6679852,4377,0.05543208122253418,18.04009479610665,2.990245819091797,32.594699994660914,0.006799993570894003,1,,0,9.190999990096316,1,0,23.358099977485836,1,land,0.029499991796910763,1,,
1787922535.688251,4378,0.020265817642211914,49.34417242150092,13.962745666503906,10.075900005176663,0.005999987479299307,1,,0,10.030200006440282,1,0,,0,land,0.0295999925583601,1,,
1787922535.7421067,4379,0.05385565757751465,18.56815133230332,2.9914379119873047,37.796499993419275,0.010199990356341004,1,6.642899999860674,1,8.99339999887161,1,0,22.102199989603832,1,land,0.042800005758181214,1,,
1787922535.7628741,4380,0.0207674503326416,48.15227598874921,19.768953323364258,11.05570001527667,0.008400005754083395,1,,0,10.99640000029467,1,0,,0,land,0.03819999983534217,1,,
1787922535.837462,4381,0.07458782196044922,13.40701435859406,0.9975433349609375,36.67910001240671,0.006600021151825786,1,,0,10.402799991425127,1,0,26.22460000566207,1,land,0.03259998629800975,1,,
1787922535.8608098,4382,0.023347854614257812,42.830487705252835,15.424489974975586,12.535399990156293,0.009899988071992993,1,,0,12.46609998634085,1,0,,0,land,0.04390001413412392,1,,
1787922535.917237,4383,0.0564272403717041,17.721937018586825,8.39686393737793,42.80900000594556,0.006000016583129764,1,6.699100020341575,1,9.309899993240833,1,0,26.762800000142306,1,land,0.02929999027401209,1,,
1787922535.9363005,4384,0.019063472747802734,52.456339578278595,26.02553367614746,10.014400002546608,0.008200004231184721,1,,0,9.954100009053946,1,0,,0,land,0.03850000211969018,1,,
1787922536.0009243,4385,0.06462383270263672,15.47416731844812,1.9946098327636719,32.20090002287179,0.006499991286545992,1,,0,8.890299999620765,1,0,23.26410001842305,1,land,0.028400012524798512,1,,
1787922536.0194821,4386,0.01855778694152832,53.885735575625986,11.72184944152832,8.986200002254918,0.007599999662488699,1,,0,8.92649998422712,1,0,,0,land,0.039300008211284876,1,,
1787922536.0728462,4387,0.05336403846740723,18.73921143750698,0.9074211120605469,39.472199976444244,0.007499998901039362,1,6.403000006685033,1,10.741400008555502,1,0,22.283999976934865,1,land,0.03429999924264848,1,,
1787922536.0944197,4388,0.021573543548583984,46.353071193333776,20.953655242919922,10.339400003431365,0.007200025720521808,1,,0,10.2852999989409,1,0,,0,land,0.0329999893438071,1,,
1787922536.1397579,4389,0.04533815383911133,22.05647816072612,4.986763000488281,34.42320000613108,0.006399990525096655,1,,0,10.749899985967204,1,0,23.6270000168588,1,land,0.02750000567175448,1,,
1787922536.178318,4390,0.03856015205383301,25.933507694780904,1.650094985961914,10.257399990223348,0.006100017344579101,1,,0,10.207200015429407,1,0,,0,land,0.02859998494386673,1,,
1787922536.2407978,4391,0.06247973442077637,16.00518967102828,1.9938945770263672,38.07139999116771,0.007399998139590025,1,5.810600006952882,1,9.93860000744462,1,0,22.280899982433766,1,land,0.03199998172931373,1,,
1787922536.2599723,4392,0.019174575805664062,52.15239232070029,17.397403717041016,9.35629999730736,0.006199989002197981,1,,0,9.308000007877126,1,0,,0,land,0.031000003218650818,1,,
1787922536.297845,4393,0.0378725528717041,26.404346265950682,3.988981246948242,27.11210001143627,0.006099988240748644,1,,0,8.755899994866922,1,0,18.309400009457022,1,land,0.02929999027401209,1,,
1787922536.3478882,4394,0.050043344497680664,19.98267721787353,2.9921531677246094,9.028100001160055,0.006100017344579101,1,,0,8.967300003860146,1,0,,0,land,0.03139997716061771,1,,
1787922536.406486,4395,0.05859780311584473,17.06548619276824,1.9946098327636719,36.46090000984259,0.006400019628927112,1,6.462699995609,1,9.39329998800531,1,0,20.566600025631487,1,land,0.029999995604157448,1,,
1787922536.4259188,4396,0.019432783126831055,51.4594329321408,16.712427139282227,8.916000020690262,0.006999995093792677,1,,0,8.865499985404313,1,0,,0,land,0.03170000854879618,1,,
1787922536.4632077,4397,0.03728890419006348,26.817629043292563,5.37419319152832,26.614900009008124,0.006499991286545992,1,,0,8.718099998077378,1,0,17.852899996796623,1,land,0.027600006433203816,1,,
1787922536.487503,4398,0.024295330047607422,41.16017350002944,0.9970664978027344,11.040499986847863,0.006900023436173797,1,,0,10.984799999278039,1,0,,0,land,0.0337999954354018,1,,
1787922536.5758421,4399,0.08833909034729004,11.320016949106797,1.9931793212890625,35.69900000002235,0.007199996616691351,1,6.418999982997775,1,9.33280002209358,1,0,19.904999993741512,1,land,0.0329999893438071,1,,
1787922536.5977836,4400,0.021941423416137695,45.57589455497723,21.838903427124023,10.561700008111075,0.007800001185387373,1,,0,10.508499981369823,1,0,,0,land,0.03260001540184021,1,,
1787922536.6425157,4401,0.044732093811035156,22.355313932416585,8.975982666015625,34.39689998049289,0.007099995855242014,1,,0,10.389500006567687,1,0,23.95589998923242,1,land,0.03260001540184021,1,,
1787922536.678131,4402,0.03561544418334961,28.077706818759957,2.9914379119873047,10.095100005855784,0.056899996707215905,1,,0,9.989700018195435,1,0,,0,land,0.030800001695752144,1,,
1787922536.742467,4403,0.06433582305908203,15.543439913431465,1.9946098327636719,43.20899999584071,0.006000016583129764,1,8.127200009766966,1,8.533300017006695,1,0,26.512799988267943,1,land,0.02789997961372137,1,,
1787922536.7604184,4404,0.017951488494873047,55.705687040136,18.260955810546875,8.380099985515699,0.006399990525096655,1,,0,8.334299986017868,1,0,,0,land,0.028300011763349175,1,,
1787922536.802758,4405,0.04233956336975098,23.618571388349242,7.976531982421875,31.13719998509623,0.005700014298781753,1,,0,9.03929999913089,1,0,22.056399990106,1,land,0.02519998815841973,1,,
1787922536.842514,4406,0.039756059646606445,25.15339822127869,0.9973049163818359,7.594399998197332,0.005700014298781753,1,,0,7.547599991085008,1,0,,0,land,0.027300004148855805,1,,
1787922536.9037175,4407,0.0612034797668457,16.338940266296852,1.9955635070800781,36.00150000420399,0.00589998671784997,1,6.113899988122284,1,8.943199994973838,1,0,20.91290001408197,1,land,0.023800006601959467,1,,
1787922536.9226675,4408,0.01894998550415039,52.770488915729345,15.956401824951172,9.030799992615357,0.005999987479299307,1,,0,8.98439998854883,1,0,,0,land,0.029700022423639894,1,,
1787922536.969846,4409,0.04717850685119629,21.19609260110875,1.9948482513427734,31.09720000065863,0.007499998901039362,1,,0,9.743300004629418,1,0,21.303199988324195,1,land,0.03229998401366174,1,,
1787922537.008813,4410,0.03896689414978027,25.66280997803462,0.9942054748535156,8.604499977082014,0.006699992809444666,1,,0,8.554200001526624,1,0,,0,land,0.02910001785494387,1,,
1787922537.071126,4411,0.062313079833984375,16.047995102540558,0.9968280792236328,38.29050000058487,0.007599999662488699,1,5.905900005018339,1,9.302099992055446,1,0,23.020299995550886,1,land,0.05269999383017421,1,,
1787922537.0900748,4412,0.018948793411254883,52.773808774865685,15.957117080688477,8.92079999903217,0.006399990525096655,1,,0,8.87339998735115,1,0,,0,land,0.02920001861639321,1,,
1787922537.1328015,4413,0.042726755142211914,23.40453883454514,0.9968280792236328,32.64220000710338,0.008599978173151612,1,,0,9.83039999846369,1,0,22.75619999272749,1,land,0.034900003811344504,1,,
1787922537.1746917,4414,0.04189014434814453,23.871963574274332,0.9963512420654297,7.676500012166798,0.005799985956400633,1,,0,7.629800005815923,1,0,,0,land,0.0281000102404505,1,,
1787922537.2411351,4415,0.06644344329833984,15.050393994631913,0.9942054748535156,39.86540000187233,0.006600021151825786,1,6.668199988780543,1,9.009800007333979,1,0,24.149000004399568,1,land,0.029799994081258774,1,,
1787922537.2601826,4416,0.01904749870300293,52.5003317019439,20.325899124145508,9.066700004041195,0.006399990525096655,1,,0,9.02009999845177,1,0,,0,land,0.02889998722821474,1,,
1787922537.2981966,4417,0.03801393508911133,26.30614267257059,5.333900451660156,27.240399998845533,0.006199989002197981,1,,0,8.353699988219887,1,0,18.841999990399927,1,land,0.028300011763349175,1,,
1787922537.349941,4418,0.05174446105957031,19.325739983043974,4.989385604858398,10.579299996607006,0.010099989594891667,1,,0,10.503600002266467,1,0,,0,land,0.0475000124424696,1,,
1787922537.4072967,4419,0.057355642318725586,17.43507629891049,1.9960403442382812,35.76699999393895,0.006400019628927112,1,7.416700012981892,1,8.629399992059916,1,0,19.684200000483543,1,land,0.028499984182417393,1,,
1787922537.4256086,4420,0.01831197738647461,54.60906699997396,17.961740493774414,9.013200004119426,0.006799993570894003,1,,0,8.962499996414408,1,0,,0,land,0.03190001007169485,1,,
1787922537.4665155,4421,0.04090690612792969,24.44574998834336,3.9892196655273438,29.214999987743795,0.006199989002197981,1,,0,8.964299981016666,1,0,20.20309999352321,1,land,0.028300011763349175,1,,
1787922537.488231,4422,0.021715402603149414,46.050262952756334,1.363515853881836,8.830999984638765,0.006000016583129764,1,,0,8.77989997388795,1,0,,0,land,0.027600006433203816,1,,
1787922537.5715532,4423,0.08332228660583496,12.001590939655888,1.9946098327636719,37.146100017707795,0.008300004992634058,1,5.453199992189184,1,10.233200009679422,1,0,21.414200018625706,1,land,0.03489997470751405,1,,
1787922537.5944223,4424,0.022869110107421875,43.727105921601336,17.766714096069336,11.024199979146942,0.010399991879239678,1,,0,10.949999996228144,1,0,,0,land,0.050000002374872565,1,,
1787922537.6398067,4425,0.04538440704345703,22.033999453655255,9.973526000976562,32.519100001081824,0.005699985194951296,1,,0,8.99619999108836,1,0,23.478599992813542,1,land,0.028000009479001164,1,,
1787922537.6757863,4426,0.035979509353637695,27.793597466022568,1.5017986297607422,8.478200004901737,0.008500006515532732,1,,0,8.412199997110292,1,0,,0,land,0.04260000423528254,1,,
1787922537.7404573,4427,0.06467103958129883,15.462871889400922,2.2649765014648438,38.04869999294169,0.010199990356341004,1,6.530500017106533,1,9.847899986198172,1,0,21.62079999106936,1,land,0.03710002056322992,1,,
1787922537.7584083,4428,0.017951011657714844,55.70716676406524,18.94378662109375,8.475699985865504,0.006100017344579101,1,,0,8.430700021563098,1,0,,0,land,0.02729997504502535,1,,
1787922537.796307,4429,0.03789877891540527,26.386074396542504,4.987001419067383,27.774999995017424,0.006799993570894003,1,,0,9.981399984098971,1,0,17.74489998933859,1,land,0.0315000070258975,1,,
1787922537.8481836,4430,0.05187654495239258,19.276534335848815,2.99072265625,10.555300017585978,0.006699992809444666,1,,0,10.500900010811165,1,0,,0,land,0.029099988751113415,1,,
1787922537.9087117,4431,0.06052803993225098,16.521268508269884,3.0851364135742188,39.09539998858236,0.007499998901039362,1,6.695099989883602,1,9.60680001298897,1,0,22.746300004655495,1,land,0.037299992982298136,1,,
1787922537.9301302,4432,0.02141857147216797,46.688454517120086,19.519567489624023,10.333699989132583,0.006599992047995329,1,,0,10.281399998348206,1,0,,0,land,0.033400021493434906,1,,
1787922537.9710197,4433,0.04088950157165527,24.456155285913365,7.978200912475586,30.68699999130331,0.007599999662488699,1,,0,8.42450000345707,1,0,22.20489998580888,1,land,0.03929997910745442,1,,
1787922538.0113285,4434,0.04030871391296387,24.808531528920486,1.8584728240966797,9.49269998818636,0.006599992047995329,1,,0,9.441200003493577,1,0,,0,land,0.030199997127056122,1,,
1787922538.0758214,4435,0.06449294090270996,15.50557295113178,0.0,41.918400005670264,0.006699992809444666,1,7.531600014772266,1,9.467699972447008,1,0,24.881399993319064,1,land,0.02910001785494387,1,,
1787922538.0947704,4436,0.018949031829833984,52.77314476962178,18.94855499267578,8.935799996834248,0.006999995093792677,1,,0,8.88380000833422,1,0,,0,land,0.033199990866705775,1,,
1787922538.13517,4437,0.04039955139160156,24.75275010622728,5.984067916870117,28.68109999690205,0.006600021151825786,1,,0,9.320299985120073,1,0,19.313900003908202,1,land,0.03029999788850546,1,,
1787922538.1770592,4438,0.041889190673828125,23.872507057645024,0.9977817535400391,8.896400016965345,0.006399990525096655,1,,0,8.844900003168732,1,0,,0,land,0.030700000934302807,1,,
1787922538.2414255,4439,0.06436634063720703,15.536070407301498,0.9968280792236328,40.28970000217669,0.006499991286545992,1,6.389299989677966,1,9.641200012993068,1,0,24.220699997385964,1,land,0.029999995604157448,1,,
1787922538.2623706,4440,0.020945072174072266,47.743927148548664,17.95172691345215,10.64819999737665,0.007299997378140688,1,,0,10.591799975372851,1,0,,0,land,0.03530000685714185,1,,
1787922538.3005588,4441,0.03818821907043457,26.186086294194403,7.051706314086914,27.401100000133738,0.01719998545013368,1,,0,7.96660000924021,1,0,19.380299985641614,1,land,0.026399997295811772,1,,
1787922538.34529,4442,0.04473114013671875,22.355790550912502,1.9938945770263672,8.521499985363334,0.006200018106028438,1,,0,8.47040000371635,1,0,,0,land,0.02829998265951872,1,,
1787922538.4005077,4443,0.055217742919921875,18.110120898100174,0.9970664978027344,33.7878999998793,0.010099989594891667,1,6.279400025960058,1,8.441799989668652,1,0,19.01199997519143,1,land,0.04189999890513718,1,,
1787922538.421163,4444,0.020655393600463867,48.41350493449529,9.682178497314453,9.46739999926649,0.005999987479299307,1,,0,9.417599998414516,1,0,,0,land,0.03220001235604286,1,,
1787922538.4675455,4445,0.04638242721557617,21.55988938121331,0.9975433349609375,31.141300016315654,0.006499991286545992,1,,0,8.968999987700954,1,0,22.12650000001304,1,land,0.028300011763349175,1,,
1787922538.487736,4446,0.02019047737121582,49.5282989903761,1.9869804382324219,10.345399990910664,0.007299997378140688,1,,0,10.297700006049126,1,0,,0,land,0.028600014047697186,1,,
1787922538.5851111,4447,0.09737515449523926,10.269560086283516,2.99072265625,42.573000013362616,0.00589998671784997,1,6.920699990587309,1,8.451700006844476,1,0,27.167300024302676,1,land,0.025899993488565087,1,,
1787922538.6143613,4449,0.029250144958496094,34.187864758240686,5.985736846923828,8.831100014504045,0.006900023436173797,1,,0,8.774999994784594,1,0,,0,land,0.036699988413602114,1,,
1787922538.6996467,4450,0.08528542518615723,11.725332878592615,1.996755599975586,30.26489997864701,0.00689999433234334,1,,0,9.429400000954047,1,0,20.786199980648234,1,land,0.031800009310245514,1,,
1787922538.7193284,4451,0.019681692123413086,50.808639507698274,7.7114105224609375,10.64679998671636,0.006400019628927112,1,,0,10.60239999787882,1,0,,0,land,0.027000001864507794,1,,
1787922538.7784417,4452,0.059113264083862305,16.91667708589613,0.9980201721191406,45.845999993616715,0.007100024959072471,1,7.583500002510846,1,10.037100000772625,1,0,28.186599985929206,1,land,0.029799994081258774,1,,
1787922538.797392,4453,0.018950223922729492,52.76982499402388,21.21758460998535,9.21699998434633,0.006199989002197981,1,,0,9.1709999833256,1,0,,0,land,0.02910001785494387,1,,
1787922538.8603172,4454,0.06292533874511719,15.891849292231214,0.9970664978027344,25.682800012873486,0.005600013537332416,1,,0,7.675700006075203,1,0,17.96570001170039,1,land,0.02609999501146376,1,,
1787922538.879293,4455,0.01897573471069336,52.69888176906647,3.9300918579101562,8.871300000464544,0.00589998671784997,1,,0,8.825400000205263,1,0,,0,land,0.027900008717551827,1,,
1787922538.9434087,4456,0.06411576271057129,15.596788647967246,2.2826194763183594,39.78679998544976,0.0109999964479357,1,7.161899993661791,1,10.124899999937043,1,0,22.432700003264472,1,land,0.05370000144466758,1,,
1787922538.9638288,4457,0.020420074462890625,48.97141789650663,18.456220626831055,10.259300004690886,0.007200025720521808,1,,0,10.203299985732883,1,0,,0,land,0.0329999893438071,1,,
1787922539.0412695,4458,0.07744073867797852,12.913099966134048,2.9859542846679688,35.153200005879626,0.00689999433234334,1,,0,10.238800023216754,1,0,24.86580002005212,1,land,0.030399998649954796,1,,
1787922539.061234,4459,0.01996445655822754,50.089016802608164,17.985820770263672,9.115499997278675,0.006399990525096655,1,,0,9.064200014108792,1,0,,0,land,0.030199997127056122,1,,
1787922539.1123827,4460,0.05114865303039551,19.550856977714385,4.502296447753906,40.340500010643154,0.006900023436173797,1,6.41390000237152,1,9.182200010400265,1,0,24.703200004296377,1,land,0.032499985536560416,1,,
1787922539.1333268,4461,0.02094411849975586,47.74610113152563,21.125316619873047,9.83639998594299,0.007700000423938036,1,,0,9.782100009033456,1,0,,0,land,0.034900003811344504,1,,
1787922539.1984353,4462,0.0651085376739502,15.358968819232107,2.4449825286865234,29.04850000049919,0.008100003469735384,1,,0,8.039599983021617,1,0,20.94970000325702,1,land,0.03300001844763756,1,,
1787922539.2190244,4463,0.020589113235473633,48.569357434834465,7.981300354003906,9.467700001550838,0.005999987479299307,1,,0,9.419499983778223,1,0,,0,land,0.02850001328624785,1,,
1787922539.2777333,4464,0.058708906173706055,17.03319079121031,0.99945068359375,38.12439998728223,0.006400019628927112,1,5.9603000117931515,1,9.861999977147207,1,0,22.26699999300763,1,land,0.02680000034160912,1,,
1787922539.2937758,4465,0.016042470932006836,62.33453713198686,16.465187072753906,7.340399984968826,0.010799994925037026,1,,0,7.281800004420802,1,0,,0,land,0.03710002056322992,1,,
1787922539.3731823,4466,0.0794064998626709,12.593427511972497,0.9970664978027344,31.96249998291023,0.006000016583129764,1,,0,9.469100012211129,1,0,22.449999989476055,1,land,0.02759997732937336,1,,
1787922539.3901377,4467,0.01695537567138672,58.97834523876484,10.970115661621094,8.143500017467886,0.005499983672052622,1,,0,8.100500010186806,1,0,,0,land,0.027300004148855805,1,,
1787922539.4430373,4468,0.05289959907531738,18.903734952248318,0.9980201721191406,37.59250001166947,0.006599992047995329,1,6.771999993361533,1,10.113800002727658,1,0,20.66840001498349,1,land,0.029999995604157448,1,,
1787922539.4619863,4469,0.018949031829833984,52.77314476962178,15.236377716064453,9.004799998365343,0.006499991286545992,1,,0,8.95339998533018,1,0,,0,land,0.03250001464039087,1,,
1787922539.509859,4470,0.04787278175354004,20.888696319094787,0.0,32.436099980259314,0.006299989763647318,1,,0,9.160200017504394,1,0,23.23019999312237,1,land,0.0281000102404505,1,,
1787922539.5490682,4471,0.03920912742614746,25.50426560457268,2.991199493408203,9.400199982337654,0.006299989763647318,1,,0,9.346300008473918,1,0,,0,land,0.03160000778734684,1,,
1787922539.613905,4472,0.06483674049377441,15.423353987019434,0.9970664978027344,41.964400006690994,0.008099974365904927,1,6.974199990509078,1,10.351400007493794,1,0,24.577300006058067,1,land,0.05120001151226461,1,,
1787922539.637181,4473,0.023276090621948242,42.96254110031037,22.93872833251953,10.849899990716949,0.04490002174861729,1,,0,10.584000003291294,1,0,,0,land,0.20489998860284686,1,,
1787922539.7053874,4474,0.0682063102722168,14.661400037751942,3.1538009643554688,31.82480001123622,0.00589998671784997,1,,0,9.372400003485382,1,0,22.40779998828657,1,land,0.027000001864507794,1,,
1787922539.723339,4475,0.01795172691345215,55.70494720764991,9.972095489501953,8.290199999464676,0.006199989002197981,1,,0,8.242000010795891,1,0,,0,land,0.028999987989664078,1,,
1787922539.7748766,4476,0.051537513732910156,19.40334190707056,2.9921531677246094,37.09609998622909,0.007499998901039362,1,6.7269999999552965,1,10.18010001280345,1,0,20.15129997744225,1,land,0.02820001100189984,1,,
1787922539.793809,4477,0.018932342529296875,52.819665524884144,14.959573745727539,8.83919998886995,0.006100017344579101,1,,0,8.795499976258725,1,0,,0,land,0.02720000338740647,1,,
1787922539.8731034,4478,0.07929444313049316,12.61122419832524,2.9921531677246094,28.923200006829575,0.006199989002197981,1,,0,8.23340000351891,1,0,20.64790000440553,1,land,0.025899993488565087,1,,
1787922539.893273,4479,0.020169734954833984,49.579233551620604,15.182018280029297,10.163300001295283,0.006699992809444666,1,,0,10.114399978192523,1,0,,0,land,0.030300026992335916,1,,
1787922539.9513977,4480,0.058124542236328125,17.20443656887839,1.9936561584472656,44.65020002680831,0.006099988240748644,1,7.064500008709729,1,9.373599983518943,1,0,28.174800012493506,1,land,0.029400020139291883,1,,
1787922539.9708095,4481,0.019411802291870117,51.51505176924305,25.443077087402344,9.386799996718764,0.006399990525096655,1,,0,9.341999975731596,1,0,,0,land,0.028300011763349175,1,,
1787922540.0562172,4482,0.08540773391723633,11.708541535231948,0.5092620849609375,51.471799990395084,0.005400012014433742,1,,0,9.140800015302375,1,0,42.27469998295419,1,land,0.041399995097890496,1,,
1787922540.0760934,4483,0.01987624168395996,50.31132222582077,28.943300247192383,8.923200017306954,0.00689999433234334,1,,0,8.869499986758456,1,0,,0,land,0.034500000765547156,1,,
1787922540.133728,4484,0.057634592056274414,17.350691040262763,16.46566390991211,48.07560000335798,0.0051000097300857306,1,5.174299993086606,1,,0,0,42.77950001414865,1,land,0.019700004486367106,1,,
1787922540.143598,4485,0.009870052337646484,101.31658534228707,39.79015350341797,0.03739999374374747,0.004999979864805937,1,,0,,0,0,,0,land,0.016600009985268116,1,,
1787922540.2170768,4486,0.07347869873046875,13.609386356556952,14.097452163696289,33.092300000134856,0.004699977580457926,1,,0,,0,0,33.05430000182241,1,land,0.017600017599761486,1,,
1787922540.227349,4487,0.01027226448059082,97.34951839387257,23.241519927978516,0.03029999788850546,0.0039000005926936865,1,,0,,0,0,,0,land,0.013299984857439995,1,,
1787922540.2608628,4488,0.033513784408569336,29.838468488336524,5.022287368774414,20.704199996544048,0.0049000082071870565,1,4.670900001656264,1,,0,0,16.002000018488616,1,land,0.016900012269616127,1,,
1787922540.277331,4489,0.016468286514282227,60.72277156052292,11.003732681274414,0.043400010326877236,0.005399982910603285,1,,0,,0,0,,0,land,0.018400023691356182,1,,
1787922540.3572164,4490,0.07988524436950684,12.517956324631488,2.5663375854492188,17.295599973294884,0.0044000043999403715,1,,0,,0,0,17.25909998640418,1,land,0.016900012269616127,1,,
1787922540.3681936,4491,0.01097726821899414,91.09734590156813,1.0361671447753906,0.045199994929134846,0.0050000089686363935,1,,0,,0,0,,0,land,0.019799976143985987,1,,
1787922540.4223366,4492,0.05414295196533203,18.469624645518117,1.0309219360351562,20.594700006768107,0.0043000036384910345,1,4.709300003014505,1,,0,0,15.856300015002489,1,land,0.016300007700920105,1,,
1787922540.4353015,4493,0.012964963912963867,77.13095128634215,1.0294914245605469,0.03929997910745442,0.0046000059228390455,1,,0,,0,0,,0,land,0.0171000137925148,1,,
1787922540.4964962,4494,0.061194658279418945,16.341295598611442,3.9916038513183594,16.35979997809045,0.0044000043999403715,1,,0,,0,0,16.323799995006993,1,land,0.01680001150816679,1,,
1787922540.53669,4495,0.040193796157836914,24.879461399294126,2.033710479736328,0.06669998401775956,0.007599999662488699,1,,0,,0,0,,0,land,0.029400020139291883,1,,
1787922540.5924873,4496,0.05579733848571777,17.922001786088167,2.986907958984375,24.47770000435412,0.007700000423938036,1,5.368200014345348,1,,0,0,19.06220000819303,1,land,0.02549999044276774,1,,
1787922540.6034594,4497,0.010972023010253906,91.14089526292916,5.98597526550293,0.04449998959898949,0.0052000104915350676,1,,0,,0,0,,0,land,0.020400009816512465,1,,
1787922540.6987119,4498,0.09525251388549805,10.498410584754629,1.528024673461914,31.591400009347126,0.0053000112529844046,1,,0,,0,0,31.55100002186373,1,land,0.0185999961104244,1,,
1787922540.7070293,4499,0.00831747055053711,120.22885971449865,6.303071975708008,0.03649998689070344,0.0048000074457377195,1,,0,,0,0,,0,land,0.01610000617802143,1,,
1787922540.757552,4500,0.050522565841674805,19.793135668005306,1.0325908660888672,23.25960001326166,0.0053000112529844046,1,5.208899994613603,1,,0,0,18.015200010268018,1,land,0.01999997766688466,1,,
1787922540.7715466,4501,0.013994693756103516,71.45565436641793,6.017208099365234,0.03519997699186206,0.0049000082071870565,1,,0,,0,0,,0,land,0.015500001609325409,1,,
1787922540.8550196,4502,0.08347296714782715,11.979926366209574,3.048419952392578,18.807799991918728,0.004699977580457926,1,,0,,0,0,18.77019999665208,1,land,0.018000020645558834,1,,
1787922540.870471,4503,0.015451431274414062,64.71892358968029,2.5177001953125,0.038799975300207734,0.0050000089686363935,1,,0,,0,0,,0,land,0.01719998545013368,1,,
1787922540.925681,4504,0.055210113525390625,18.112623505838457,0.9980201721191406,23.764499987009913,0.005299982149153948,1,5.012500012526289,1,,0,0,18.71389997540973,1,land,0.022899999748915434,1,,
1787922540.9345057,4505,0.008824586868286133,113.31975251938508,2.0303726196289062,0.03399999695830047,0.004099973011761904,1,,0,,0,0,,0,land,0.015200028428807855,1,,
1787922541.0201626,4506,0.08565688133239746,11.674485277130634,1.9989013671875,19.945999985793605,0.0044000043999403715,1,,0,,0,0,19.90959999966435,1,land,0.017400016076862812,1,,
1787922541.03345,4507,0.01328730583190918,75.25980154671548,1.995086669921875,0.03890000516548753,0.0045000051613897085,1,,0,,0,0,,0,land,0.01789999078027904,1,,
1787922541.0932882,4508,0.059838294982910156,16.7117061120408,4.00853157043457,23.687100008828565,0.005599984433501959,1,5.070200015325099,1,,0,0,18.57949999975972,1,land,0.020700012100860476,1,,
1787922541.1028357,4509,0.00954747200012207,104.73976776126857,4.022836685180664,0.04149999585933983,0.004799978341907263,1,,0,,0,0,,0,land,0.01810002140700817,1,,
1787922541.189457,4510,0.08662128448486328,11.544506710411873,1.9941329956054688,20.80309999291785,0.0050000089686363935,1,,0,,0,0,20.757599995704368,1,land,0.022199994418770075,1,,
