t,event,latency_ms
1789943150.5088286,llm_explanation,4293.992100050673
1789943151.654817,llm_explanation,1153.043499973137
1789943153.2516508,llm_explanation,1615.535099990666
1789943154.3877757,llm_explanation,1127.2905999794602
1789943156.2427046,llm_explanation,1857.7647000201978
1789943168.2413645,llm_explanation,1434.9189000204206
1789943170.4823825,llm_explanation,2200.948400015477
1789943172.528453,llm_explanation,2084.698099992238
1789943176.5629766,llm_explanation,4016.525899991393
1789943178.4678895,llm_explanation,1886.937199975364
1789943179.6996937,llm_explanation,1263.3670000359416
1789943181.6815453,llm_explanation,1977.7818999718875
1789943183.0238993,rc_send_suppressed,
1789943183.1276863,rc_send_suppressed,
1789943183.2290063,rc_send_suppressed,
1789943183.3611143,rc_send_suppressed,
1789943183.407814,llm_explanation,1709.0571000007913
1789943183.4611914,rc_send_suppressed,
1789943183.584268,rc_send_suppressed,
1789943183.6911454,rc_send_suppressed,
1789943183.7999942,rc_send_suppressed,
1789943183.9225988,rc_send_suppressed,
1789943184.0373466,rc_send_suppressed,
1789943184.141061,rc_send_suppressed,
1789943184.2606063,rc_send_suppressed,
1789943184.367447,rc_send_suppressed,
1789943184.4697826,rc_send_suppressed,
1789943184.6103861,rc_send_suppressed,
1789943184.7132657,rc_send_suppressed,
1789943184.813456,rc_send_suppressed,
1789943184.9338062,llm_explanation,1493.6501000192948
1789943184.943812,rc_send_suppressed,
1789943185.0453527,rc_send_suppressed,
1789943185.1473618,rc_send_suppressed,
1789943185.251798,rc_send_suppressed,
1789943185.3741057,rc_send_suppressed,
1789943185.4795685,rc_send_suppressed,
1789943185.630666,rc_send_suppressed,
1789943185.749617,rc_send_suppressed,
1789943185.877679,rc_send_suppressed,
1789943186.0222197,rc_send_suppressed,
1789943186.1231005,rc_send_suppressed,
1789943186.2379577,rc_send_suppressed,
1789943186.3398757,rc_send_suppressed,
1789943186.4405696,rc_send_suppressed,
1789943186.5469623,rc_send_suppressed,
1789943186.6472116,rc_send_suppressed,
1789943186.7513607,rc_send_suppressed,
1789943186.8792956,rc_send_suppressed,
1789943186.937582,llm_explanation,2010.5713999946602
1789943186.9799774,rc_send_suppressed,
1789943187.1369221,rc_send_suppressed,
1789943187.2679713,rc_send_suppressed,
1789943187.3695552,rc_send_suppressed,
1789943187.4731588,rc_send_suppressed,
1789943187.6097386,rc_send_suppressed,
1789943187.7153437,rc_send_suppressed,
1789943187.8175738,rc_send_suppressed,
1789943187.9208024,rc_send_suppressed,
1789943188.0285647,rc_send_suppressed,
1789943188.154465,rc_send_suppressed,
1789943188.2573104,rc_send_suppressed,
1789943188.3764307,rc_send_suppressed,
1789943188.4875917,rc_send_suppressed,
1789943188.5898209,rc_send_suppressed,
1789943188.690794,rc_send_suppressed,
1789943188.852227,rc_send_suppressed,
1789943188.9560285,rc_send_suppressed,
1789943189.0590413,rc_send_suppressed,
1789943189.192819,rc_send_suppressed,
1789943189.2930505,rc_send_suppressed,
1789943189.4201367,rc_send_suppressed,
1789943189.5244823,rc_send_suppressed,
1789943189.6472046,rc_send_suppressed,
1789943189.7591689,rc_send_suppressed,
1789943189.9334195,rc_send_suppressed,
1789943190.0584812,rc_send_suppressed,
1789943190.1617835,rc_send_suppressed,
1789943190.2635672,rc_send_suppressed,
1789943190.3882651,rc_send_suppressed,
1789943190.559601,rc_send_suppressed,
1789943190.698774,rc_send_suppressed,
1789943190.816954,rc_send_suppressed,
1789943190.9078765,llm_explanation,4010.4765000287443
1789943190.9267938,rc_send_suppressed,
1789943191.0305266,rc_send_suppressed,
1789943191.158418,rc_send_suppressed,
1789943191.261143,rc_send_suppressed,
1789943191.3896453,rc_send_suppressed,
1789943191.4887044,rc_send_suppressed,
1789943191.6110706,rc_send_suppressed,
1789943191.7222853,rc_send_suppressed,
1789943191.893636,rc_send_suppressed,
1789943192.0378,rc_send_suppressed,
1789943192.1385646,rc_send_suppressed,
1789943192.2662537,rc_send_suppressed,
1789943192.372252,rc_send_suppressed,
1789943192.4777033,rc_send_suppressed,
1789943192.5870507,rc_send_suppressed,
1789943192.6925964,rc_send_suppressed,
1789943192.780717,llm_explanation,1859.8021999932826
1789943192.7952273,rc_send_suppressed,
1789943192.8953621,rc_send_suppressed,
1789943193.0016778,rc_send_suppressed,
1789943193.1213903,rc_send_suppressed,
1789943193.2282455,rc_send_suppressed,
1789943193.3410532,rc_send_suppressed,
1789943193.488374,rc_send_suppressed,
1789943193.6024337,rc_send_suppressed,
1789943193.7479644,rc_send_suppressed,
1789943193.853846,rc_send_suppressed,
1789943194.0030675,rc_send_suppressed,
1789943194.1270003,rc_send_suppressed,
1789943194.2371325,rc_send_suppressed,
1789943194.3793824,rc_send_suppressed,
1789943194.4565287,llm_explanation,1699.5915999868885
1789943194.49554,rc_send_suppressed,
1789943194.6341987,rc_send_suppressed,
1789943194.7402103,rc_send_suppressed,
1789943194.8850605,rc_send_suppressed,
1789943194.9960053,rc_send_suppressed,
1789943195.126298,rc_send_suppressed,
1789943195.275858,rc_send_suppressed,
1789943195.378147,rc_send_suppressed,
1789943195.4821494,rc_send_suppressed,
1789943195.6210785,rc_send_suppressed,
1789943195.736655,rc_send_suppressed,
1789943195.878373,rc_send_suppressed,
1789943195.9895308,rc_send_suppressed,
1789943196.1341283,rc_send_suppressed,
1789943196.2396464,rc_send_suppressed,
1789943196.3899248,rc_send_suppressed,
1789943196.5075178,rc_send_suppressed,
1789943196.6617455,rc_send_suppressed,
1789943196.7833366,rc_send_suppressed,
1789943196.9045436,rc_send_suppressed,
1789943197.0276082,rc_send_suppressed,
1789943197.1593285,rc_send_suppressed,
1789943197.2803743,rc_send_suppressed,
1789943197.4304357,rc_send_suppressed,
1789943197.5800881,rc_send_suppressed,
1789943197.7212217,rc_send_suppressed,
1789943197.753009,llm_explanation,3272.0705999527127
1789943197.854809,rc_send_suppressed,
1789943197.9966233,rc_send_suppressed,
1789943198.1188111,rc_send_suppressed,
1789943198.2642424,rc_send_suppressed,
1789943198.3919015,rc_send_suppressed,
1789943198.51094,rc_send_suppressed,
1789943198.6155381,rc_send_suppressed,
1789943198.7381601,rc_send_suppressed,
1789943198.8404381,rc_send_suppressed,
1789943198.9585695,rc_send_suppressed,
1789943199.071526,rc_send_suppressed,
1789943199.1850803,rc_send_suppressed,
1789943199.2890947,rc_send_suppressed,
1789943199.4056373,rc_send_suppressed,
1789943199.4886312,llm_explanation,1748.5686999862082
1789943199.532953,rc_send_suppressed,
1789943199.6342149,rc_send_suppressed,
1789943199.7598026,rc_send_suppressed,
1789943199.8700452,rc_send_suppressed,
1789943199.9744334,rc_send_suppressed,
1789943200.1294563,rc_send_suppressed,
1789943200.2391129,rc_send_suppressed,
1789943200.345802,rc_send_suppressed,
1789943200.4916186,rc_send_suppressed,
1789943200.5941987,rc_send_suppressed,
1789943200.7504733,rc_send_suppressed,
1789943200.8683314,rc_send_suppressed,
1789943201.0138996,rc_send_suppressed,
1789943201.125495,rc_send_suppressed,
1789943201.2742014,rc_send_suppressed,
1789943201.38766,rc_send_suppressed,
1789943201.4289994,llm_explanation,1911.9982999982312
1789943201.5257583,rc_send_suppressed,
1789943201.6316361,rc_send_suppressed,
1789943201.7734632,rc_send_suppressed,
1789943201.8980951,rc_send_suppressed,
1789943201.9994066,rc_send_suppressed,
1789943202.1092093,rc_send_suppressed,
1789943202.21172,rc_send_suppressed,
1789943202.3531797,rc_send_suppressed,
1789943202.4825218,rc_send_suppressed,
1789943202.6279447,rc_send_suppressed,
1789943202.7522166,rc_send_suppressed,
1789943202.8600273,rc_send_suppressed,
1789943202.9613936,rc_send_suppressed,
1789943203.0621243,rc_send_suppressed,
1789943203.1653578,rc_send_suppressed,
1789943203.291759,rc_send_suppressed,
1789943203.4588518,rc_send_suppressed,
1789943203.587434,rc_send_suppressed,
1789943203.6871567,llm_explanation,2262.3550999560393
1789943203.706106,rc_send_suppressed,
1789943203.8287785,rc_send_suppressed,
1789943203.9423094,rc_send_suppressed,
1789943204.0591693,rc_send_suppressed,
1789943204.1634202,rc_send_suppressed,
1789943204.275022,rc_send_suppressed,
1789943204.4226694,rc_send_suppressed,
1789943204.5221522,rc_send_suppressed,
1789943204.634818,rc_send_suppressed,
1789943204.7820437,rc_send_suppressed,
1789943204.8995297,rc_send_suppressed,
1789943205.0000298,rc_send_suppressed,
1789943205.1125784,rc_send_suppressed,
1789943205.215261,rc_send_suppressed,
1789943205.3398693,rc_send_suppressed,
1789943205.4959738,rc_send_suppressed,
1789943205.6007943,rc_send_suppressed,
1789943205.723093,rc_send_suppressed,
1789943205.8425632,rc_send_suppressed,
1789943205.963185,rc_send_suppressed,
1789943206.119408,rc_send_suppressed,
1789943206.2739944,rc_send_suppressed,
1789943206.3935897,rc_send_suppressed,
1789943206.5066676,rc_send_suppressed,
1789943206.6109986,rc_send_suppressed,
1789943206.7315252,rc_send_suppressed,
1789943206.8367,rc_send_suppressed,
1789943206.9611368,rc_send_suppressed,
1789943207.0895343,rc_send_suppressed,
1789943207.2084157,rc_send_suppressed,
1789943207.337292,rc_send_suppressed,
1789943207.4615285,rc_send_suppressed,
1789943207.6044688,rc_send_suppressed,
1789943207.7178843,llm_explanation,4010.718100005761
1789943207.7358356,rc_send_suppressed,
1789943207.8402228,rc_send_suppressed,
1789943207.9492621,rc_send_suppressed,
1789943208.071035,rc_send_suppressed,
1789943208.1749265,rc_send_suppressed,
1789943208.3242636,rc_send_suppressed,
1789943208.4359515,rc_send_suppressed,
1789943208.5791152,rc_send_suppressed,
1789943208.6821127,rc_send_suppressed,
1789943208.7863455,rc_send_suppressed,
1789943208.9168072,rc_send_suppressed,
1789943209.0178254,rc_send_suppressed,
1789943209.1206203,rc_send_suppressed,
1789943209.2212481,rc_send_suppressed,
1789943209.3251889,rc_send_suppressed,
1789943209.432341,rc_send_suppressed,
1789943209.5342288,rc_send_suppressed,
1789943209.6665168,rc_send_suppressed,
1789943209.769301,rc_send_suppressed,
1789943209.869877,rc_send_suppressed,
1789943210.000671,rc_send_suppressed,
1789943210.1053486,rc_send_suppressed,
1789943210.20892,rc_send_suppressed,
1789943213.2404866,llm_explanation,1562.7472999622114
1789943215.4799712,llm_explanation,2214.8383000167087
1789943218.1826565,llm_explanation,2716.355199983809
1789943219.1851647,llm_explanation,1006.5659999963827
1789943220.5672922,rc_send_suppressed,
1789943220.6994338,rc_send_suppressed,
1789943220.8146658,rc_send_suppressed,
1789943220.915446,rc_send_suppressed,
1789943221.015796,rc_send_suppressed,
1789943221.1176093,rc_send_suppressed,
1789943221.227531,rc_send_suppressed,
1789943221.337006,rc_send_suppressed,
1789943221.4384975,rc_send_suppressed,
1789943221.5776083,rc_send_suppressed,
1789943221.6845875,rc_send_suppressed,
1789943221.7980072,rc_send_suppressed,
1789943221.9008563,rc_send_suppressed,
1789943222.038839,rc_send_suppressed,
1789943222.1395469,rc_send_suppressed,
1789943222.241143,rc_send_suppressed,
1789943222.3484056,rc_send_suppressed,
1789943222.4544177,rc_send_suppressed,
1789943222.554463,rc_send_suppressed,
1789943222.662337,rc_send_suppressed,
1789943222.8275414,rc_send_suppressed,
1789943222.9387214,rc_send_suppressed,
1789943223.051438,rc_send_suppressed,
1789943223.1609578,rc_send_suppressed,
1789943223.1810524,llm_explanation,4004.068600013852
1789943223.2859287,rc_send_suppressed,
1789943223.3995278,rc_send_suppressed,
1789943223.5241983,rc_send_suppressed,
1789943223.6554844,rc_send_suppressed,
1789943223.7625332,rc_send_suppressed,
1789943223.887254,rc_send_suppressed,
1789943223.98981,rc_send_suppressed,
1789943224.1148005,rc_send_suppressed,
1789943224.2171981,rc_send_suppressed,
1789943224.3423762,rc_send_suppressed,
1789943224.5015976,rc_send_suppressed,
1789943224.6223483,rc_send_suppressed,
1789943224.7241852,rc_send_suppressed,
1789943224.8432088,rc_send_suppressed,
1789943225.0060875,rc_send_suppressed,
1789943225.127274,rc_send_suppressed,
1789943225.2274253,rc_send_suppressed,
1789943225.379437,rc_send_suppressed,
1789943225.4942636,rc_send_suppressed,
1789943225.6345527,rc_send_suppressed,
1789943225.7415574,rc_send_suppressed,
1789943225.8748875,rc_send_suppressed,
1789943226.0048294,rc_send_suppressed,
1789943226.1160762,rc_send_suppressed,
1789943226.2497218,rc_send_suppressed,
1789943226.3738842,rc_send_suppressed,
1789943226.4745257,rc_send_suppressed,
1789943226.5822182,rc_send_suppressed,
1789943226.6965363,rc_send_suppressed,
1789943226.7994096,rc_send_suppressed,
1789943226.9270575,rc_send_suppressed,
1789943227.035718,rc_send_suppressed,
1789943227.1410751,rc_send_suppressed,
1789943227.2357643,llm_explanation,4005.1360000506975
1789943227.2497263,rc_send_suppressed,
1789943227.367435,rc_send_suppressed,
1789943227.4715161,rc_send_suppressed,
1789943227.6343853,rc_send_suppressed,
1789943227.736988,rc_send_suppressed,
1789943227.8748243,rc_send_suppressed,
1789943228.0026677,rc_send_suppressed,
1789943228.1243958,rc_send_suppressed,
1789943228.2309265,rc_send_suppressed,
1789943228.3742661,rc_send_suppressed,
1789943228.4898713,rc_send_suppressed,
1789943228.605081,rc_send_suppressed,
1789943228.718098,rc_send_suppressed,
1789943228.8679163,rc_send_suppressed,
1789943228.9850748,rc_send_suppressed,
1789943229.0982375,rc_send_suppressed,
1789943229.2007413,rc_send_suppressed,
1789943229.310875,rc_send_suppressed,
1789943229.4358468,rc_send_suppressed,
1789943229.538833,rc_send_suppressed,
1789943229.6503155,rc_send_suppressed,
1789943229.793532,rc_send_suppressed,
1789943229.8971357,rc_send_suppressed,
1789943230.0566747,rc_send_suppressed,
1789943230.158874,rc_send_suppressed,
1789943230.286844,rc_send_suppressed,
1789943230.400914,rc_send_suppressed,
1789943230.540769,rc_send_suppressed,
1789943230.6735275,rc_send_suppressed,
1789943230.7788007,rc_send_suppressed,
1789943230.88881,rc_send_suppressed,
1789943230.994787,rc_send_suppressed,
1789943231.096416,rc_send_suppressed,
1789943231.2099946,llm_explanation,4012.878699984867
1789943231.232161,rc_send_suppressed,
1789943231.341766,rc_send_suppressed,
1789943231.465937,rc_send_suppressed,
1789943231.6358852,rc_send_suppressed,
1789943231.7532237,rc_send_suppressed,
1789943231.8908896,rc_send_suppressed,
1789943231.9934695,rc_send_suppressed,
1789943232.0958836,rc_send_suppressed,
1789943232.2100778,rc_send_suppressed,
1789943232.367174,rc_send_suppressed,
1789943232.492176,rc_send_suppressed,
1789943232.5938709,rc_send_suppressed,
1789943232.7232926,rc_send_suppressed,
1789943232.8813357,rc_send_suppressed,
1789943233.0123765,rc_send_suppressed,
1789943233.1423128,rc_send_suppressed,
1789943233.303606,rc_send_suppressed,
1789943233.417037,rc_send_suppressed,
1789943233.5230653,rc_send_suppressed,
1789943233.625633,rc_send_suppressed,
1789943233.7534842,rc_send_suppressed,
1789943233.8622925,rc_send_suppressed,
1789943233.9790075,rc_send_suppressed,
1789943234.1112635,rc_send_suppressed,
1789943234.2278595,rc_send_suppressed,
1789943234.3329322,rc_send_suppressed,
1789943234.4415734,rc_send_suppressed,
1789943234.5511086,rc_send_suppressed,
1789943234.6655877,rc_send_suppressed,
1789943234.7665484,rc_send_suppressed,
1789943234.8796003,rc_send_suppressed,
1789943234.981327,rc_send_suppressed,
1789943235.0957549,rc_send_suppressed,
1789943235.197718,rc_send_suppressed,
1789943235.3253672,rc_send_suppressed,
1789943235.4376867,rc_send_suppressed,
1789943235.549886,rc_send_suppressed,
1789943235.7229345,rc_send_suppressed,
1789943235.823866,rc_send_suppressed,
1789943235.9352617,rc_send_suppressed,
1789943236.051202,rc_send_suppressed,
1789943236.162082,rc_send_suppressed,
1789943236.2671742,rc_send_suppressed,
1789943236.398246,rc_send_suppressed,
1789943236.5275378,rc_send_suppressed,
1789943236.6367662,rc_send_suppressed,
1789943236.7644978,rc_send_suppressed,
1789943236.8735354,rc_send_suppressed,
1789943236.9781637,rc_send_suppressed,
1789943237.1169217,rc_send_suppressed,
1789943237.2304559,rc_send_suppressed,
1789943237.347304,rc_send_suppressed,
1789943237.5152586,rc_send_suppressed,
1789943237.6164265,rc_send_suppressed,
1789943237.7288592,rc_send_suppressed,
1789943237.871875,rc_send_suppressed,
1789943237.9967825,rc_send_suppressed,
1789943238.1009114,rc_send_suppressed,
1789943238.2104018,rc_send_suppressed,
1789943238.3096607,rc_send_suppressed,
1789943238.4464798,rc_send_suppressed,
1789943238.5476446,rc_send_suppressed,
1789943238.6553295,rc_send_suppressed,
1789943238.7683659,rc_send_suppressed,
1789943238.8849032,rc_send_suppressed,
1789943239.0082417,rc_send_suppressed,
1789943239.135849,rc_send_suppressed,
1789943239.2674747,rc_send_suppressed,
1789943239.391756,rc_send_suppressed,
1789943239.5049658,rc_send_suppressed,
1789943239.6312206,rc_send_suppressed,
1789943239.7608676,rc_send_suppressed,
1789943239.872074,rc_send_suppressed,
1789943239.9881947,rc_send_suppressed,
1789943240.09806,rc_send_suppressed,
1789943240.2213154,rc_send_suppressed,
1789943240.330797,rc_send_suppressed,
1789943240.4397285,rc_send_suppressed,
1789943240.560077,rc_send_suppressed,
1789943240.6790004,rc_send_suppressed,
1789943240.7877986,rc_send_suppressed,
1789943240.9456832,rc_send_suppressed,
1789943241.0670428,rc_send_suppressed,
1789943241.168959,rc_send_suppressed,
1789943241.2759852,rc_send_suppressed,
1789943241.4178705,rc_send_suppressed,
1789943241.525651,rc_send_suppressed,
1789943241.6291802,rc_send_suppressed,
1789943241.7513566,rc_send_suppressed,
1789943241.8591976,rc_send_suppressed,
1789943241.9702463,rc_send_suppressed,
1789943242.0733185,rc_send_suppressed,
1789943242.223744,rc_send_suppressed,
1789943242.3404887,rc_send_suppressed,
1789943242.446233,rc_send_suppressed,
1789943242.5740187,rc_send_suppressed,
1789943242.7246847,rc_send_suppressed,
1789943242.853162,rc_send_suppressed,
1789943242.9704692,rc_send_suppressed,
1789943243.0978417,rc_send_suppressed,
1789943243.2067785,rc_send_suppressed,
1789943243.3405292,rc_send_suppressed,
1789943243.4513059,rc_send_suppressed,
1789943243.5924706,rc_send_suppressed,
1789943243.7147024,rc_send_suppressed,
1789943243.8388596,rc_send_suppressed,
1789943243.971968,rc_send_suppressed,
1789943244.1310196,rc_send_suppressed,
1789943244.243888,rc_send_suppressed,
1789943244.3451145,rc_send_suppressed,
1789943244.4634168,rc_send_suppressed,
1789943244.5672066,rc_send_suppressed,
1789943244.7289646,rc_send_suppressed,
1789943244.8467867,rc_send_suppressed,
1789943244.9995432,rc_send_suppressed,
1789943245.1206744,rc_send_suppressed,
1789943245.2768166,rc_send_suppressed,
1789943245.3886993,rc_send_suppressed,
1789943245.4918807,rc_send_suppressed,
1789943245.5946944,rc_send_suppressed,
1789943245.7074804,rc_send_suppressed,
1789943245.808026,rc_send_suppressed,
1789943245.9313626,rc_send_suppressed,
1789943246.0323083,rc_send_suppressed,
1789943246.1443224,rc_send_suppressed,
1789943246.25631,rc_send_suppressed,
1789943246.3685398,rc_send_suppressed,
1789943246.469596,rc_send_suppressed,
1789943246.5961998,rc_send_suppressed,
1789943246.729946,rc_send_suppressed,
1789943246.838423,rc_send_suppressed,
1789943246.955474,rc_send_suppressed,
1789943247.0742395,rc_send_suppressed,
1789943247.186887,rc_send_suppressed,
1789943247.3136733,rc_send_suppressed,
1789943247.4243484,rc_send_suppressed,
1789943247.5380619,rc_send_suppressed,
1789943247.711622,rc_send_suppressed,
1789943247.8264813,rc_send_suppressed,
1789943247.946541,rc_send_suppressed,
1789943248.0504823,rc_send_suppressed,
1789943248.207623,rc_send_suppressed,
1789943248.3284385,rc_send_suppressed,
1789943248.440114,rc_send_suppressed,
1789943248.5933652,rc_send_suppressed,
1789943248.7225542,rc_send_suppressed,
1789943248.8759246,rc_send_suppressed,
1789943248.9934978,rc_send_suppressed,
1789943249.1106718,rc_send_suppressed,
1789943249.2135148,rc_send_suppressed,
1789943249.3164546,rc_send_suppressed,
1789943249.4427795,rc_send_suppressed,
1789943249.6012318,rc_send_suppressed,
1789943249.7076237,rc_send_suppressed,
1789943249.7911377,llm_explanation,2515.503699949477
1789943249.8111045,rc_send_suppressed,
1789943249.93434,rc_send_suppressed,
1789943250.0694692,rc_send_suppressed,
1789943250.198587,rc_send_suppressed,
1789943250.2996578,rc_send_suppressed,
1789943250.4281104,rc_send_suppressed,
1789943250.5443316,rc_send_suppressed,
1789943250.6493285,rc_send_suppressed,
1789943250.7542045,rc_send_suppressed,
1789943250.8628929,rc_send_suppressed,
1789943250.9660258,rc_send_suppressed,
1789943251.0949752,rc_send_suppressed,
1789943251.218798,rc_send_suppressed,
1789943251.335312,rc_send_suppressed,
1789943251.440525,rc_send_suppressed,
1789943251.5917642,rc_send_suppressed,
1789943251.7200375,rc_send_suppressed,
1789943251.8727396,rc_send_suppressed,
1789943252.0025065,rc_send_suppressed,
1789943252.1279833,rc_send_suppressed,
1789943252.2399676,rc_send_suppressed,
1789943252.3462486,rc_send_suppressed,
1789943252.446774,rc_send_suppressed,
1789943252.5044734,llm_explanation,2734.163200017065
1789943252.5581264,rc_send_suppressed,
1789943252.661364,rc_send_suppressed,
1789943252.7782338,rc_send_suppressed,
1789943252.880306,rc_send_suppressed,
1789943252.9980586,rc_send_suppressed,
1789943253.1045246,rc_send_suppressed,
1789943253.2267365,rc_send_suppressed,
1789943253.3373024,rc_send_suppressed,
1789943253.4488463,rc_send_suppressed,
1789943253.557068,rc_send_suppressed,
1789943253.6860178,rc_send_suppressed,
1789943253.8022997,rc_send_suppressed,
1789943253.920356,rc_send_suppressed,
1789943254.023446,rc_send_suppressed,
1789943254.128583,rc_send_suppressed,
1789943254.2398555,rc_send_suppressed,
1789943254.3512652,rc_send_suppressed,
1789943254.4840646,rc_send_suppressed,
1789943254.6035535,rc_send_suppressed,
1789943254.7088006,rc_send_suppressed,
1789943254.8246644,rc_send_suppressed,
1789943254.929421,rc_send_suppressed,
1789943255.0440736,rc_send_suppressed,
1789943255.0997188,llm_explanation,2597.9491000180133
1789943255.161906,rc_send_suppressed,
1789943255.2786665,rc_send_suppressed,
1789943255.390228,rc_send_suppressed,
1789943255.5023525,rc_send_suppressed,
1789943255.6587505,rc_send_suppressed,
1789943255.77997,rc_send_suppressed,
1789943255.8803816,rc_send_suppressed,
1789943256.03276,rc_send_suppressed,
1789943256.1511168,rc_send_suppressed,
1789943256.2545955,rc_send_suppressed,
1789943256.3570728,rc_send_suppressed,
1789943256.4780796,rc_send_suppressed,
1789943256.5786858,rc_send_suppressed,
1789943256.7330427,rc_send_suppressed,
1789943256.853047,rc_send_suppressed,
1789943256.9805934,rc_send_suppressed,
1789943257.0820055,rc_send_suppressed,
1789943257.2342627,rc_send_suppressed,
1789943257.351579,rc_send_suppressed,
1789943257.4586182,rc_send_suppressed,
1789943257.5614715,rc_send_suppressed,
1789943257.6727986,rc_send_suppressed,
1789943257.7769182,rc_send_suppressed,
1789943257.8906922,rc_send_suppressed,
1789943257.993667,rc_send_suppressed,
1789943258.1270263,rc_send_suppressed,
1789943258.2344258,rc_send_suppressed,
1789943258.354112,rc_send_suppressed,
1789943258.4860597,rc_send_suppressed,
1789943258.6010137,rc_send_suppressed,
1789943258.7018468,rc_send_suppressed,
1789943258.8258905,rc_send_suppressed,
1789943258.9987054,rc_send_suppressed,
1789943259.1006324,llm_explanation,4006.5629000309855
1789943259.1239903,rc_send_suppressed,
1789943259.2551053,rc_send_suppressed,
1789943259.3687098,rc_send_suppressed,
1789943259.4742725,rc_send_suppressed,
1789943259.6040716,rc_send_suppressed,
1789943259.7479322,rc_send_suppressed,
1789943259.8792746,rc_send_suppressed,
1789943259.9793265,rc_send_suppressed,
1789943260.1335745,rc_send_suppressed,
1789943260.254365,rc_send_suppressed,
1789943260.3749824,rc_send_suppressed,
1789943260.477812,rc_send_suppressed,
1789943260.5799153,rc_send_suppressed,
1789943260.7369351,rc_send_suppressed,
1789943260.8444667,rc_send_suppressed,
1789943260.9688783,rc_send_suppressed,
1789943261.078802,rc_send_suppressed,
1789943261.1855166,rc_send_suppressed,
1789943261.297961,rc_send_suppressed,
1789943261.4013243,rc_send_suppressed,
1789943261.5107908,rc_send_suppressed,
1789943261.632469,rc_send_suppressed,
1789943261.7509391,rc_send_suppressed,
1789943261.8617449,rc_send_suppressed,
1789943262.0193286,rc_send_suppressed,
1789943262.0377772,llm_explanation,2902.0187000278383
1789943262.1596875,rc_send_suppressed,
1789943262.2712884,rc_send_suppressed,
1789943262.4096162,rc_send_suppressed,
1789943262.5145783,rc_send_suppressed,
1789943262.615673,rc_send_suppressed,
1789943262.716997,rc_send_suppressed,
1789943262.8170564,rc_send_suppressed,
1789943262.9668088,rc_send_suppressed,
1789943263.0690846,rc_send_suppressed,
1789943263.1716826,rc_send_suppressed,
1789943263.3103588,rc_send_suppressed,
1789943263.412711,rc_send_suppressed,
1789943263.5141003,rc_send_suppressed,
1789943263.616559,rc_send_suppressed,
1789943263.7487667,rc_send_suppressed,
1789943263.8598514,rc_send_suppressed,
1789943264.00104,rc_send_suppressed,
1789943264.1082144,rc_send_suppressed,
1789943264.2321682,rc_send_suppressed,
1789943264.3536274,rc_send_suppressed,
1789943264.5006618,rc_send_suppressed,
1789943264.608335,rc_send_suppressed,
1789943264.739689,rc_send_suppressed,
1789943264.8418372,rc_send_suppressed,
1789943264.943288,rc_send_suppressed,
1789943265.0722995,rc_send_suppressed,
1789943265.174842,rc_send_suppressed,
1789943265.27708,rc_send_suppressed,
1789943265.4126718,rc_send_suppressed,
1789943265.5173836,rc_send_suppressed,
1789943265.6299603,rc_send_suppressed,
1789943265.730538,rc_send_suppressed,
1789943265.832701,rc_send_suppressed,
1789943265.94071,rc_send_suppressed,
1789943266.0051365,llm_explanation,4002.5279999827035
1789943266.082693,rc_send_suppressed,
1789943266.1984158,rc_send_suppressed,
1789943266.3467748,rc_send_suppressed,
1789943266.4547079,rc_send_suppressed,
1789943266.584523,rc_send_suppressed,
1789943266.694673,rc_send_suppressed,
1789943266.8030117,rc_send_suppressed,
1789943266.9089453,rc_send_suppressed,
1789943267.0320861,rc_send_suppressed,
1789943267.1574311,rc_send_suppressed,
1789943267.3001668,rc_send_suppressed,
1789943267.4029775,rc_send_suppressed,
1789943267.5404954,rc_send_suppressed,
1789943267.665551,rc_send_suppressed,
1789943267.7716737,rc_send_suppressed,
1789943267.9190757,rc_send_suppressed,
1789943268.0286381,rc_send_suppressed,
1789943268.170417,llm_explanation,2145.570900000166
1789943268.1863291,rc_send_suppressed,
1789943268.2912035,rc_send_suppressed,
1789943268.4489229,rc_send_suppressed,
1789943268.562182,rc_send_suppressed,
1789943268.707608,rc_send_suppressed,
1789943268.8291786,rc_send_suppressed,
1789943268.9289503,rc_send_suppressed,
1789943269.0719543,rc_send_suppressed,
1789943269.1895447,rc_send_suppressed,
1789943269.332427,rc_send_suppressed,
1789943269.4371777,rc_send_suppressed,
1789943269.5407453,rc_send_suppressed,
1789943269.6694667,rc_send_suppressed,
1789943269.7728114,rc_send_suppressed,
1789943269.8924243,rc_send_suppressed,
1789943270.0263755,rc_send_suppressed,
1789943270.0933726,llm_explanation,1916.3342000101693
1789943270.1400054,rc_send_suppressed,
1789943270.2754235,rc_send_suppressed,
1789943270.3934977,rc_send_suppressed,
1789943270.533963,rc_send_suppressed,
1789943270.6426494,rc_send_suppressed,
1789943270.7851107,rc_send_suppressed,
1789943270.904992,rc_send_suppressed,
1789943271.0435755,rc_send_suppressed,
1789943271.1491303,rc_send_suppressed,
1789943271.2791386,rc_send_suppressed,
1789943271.3946946,rc_send_suppressed,
1789943271.5297954,rc_send_suppressed,
1789943271.6417115,rc_send_suppressed,
1789943271.7701426,llm_explanation,1679.6972999582067
1789943271.7867515,rc_send_suppressed,
1789943271.8910086,rc_send_suppressed,
1789943272.0280862,rc_send_suppressed,
1789943272.1557286,rc_send_suppressed,
1789943272.2985237,rc_send_suppressed,
1789943272.4083467,rc_send_suppressed,
1789943272.5108986,rc_send_suppressed,
1789943272.6144242,rc_send_suppressed,
1789943272.7246668,rc_send_suppressed,
1789943272.8753715,rc_send_suppressed,
1789943272.9766078,rc_send_suppressed,
1789943273.1044831,rc_send_suppressed,
1789943273.2108102,rc_send_suppressed,
1789943273.3204608,rc_send_suppressed,
1789943273.450236,rc_send_suppressed,
1789943273.5691118,rc_send_suppressed,
1789943273.7110238,rc_send_suppressed,
1789943273.8144572,rc_send_suppressed,
1789943273.9592159,rc_send_suppressed,
1789943274.0622487,rc_send_suppressed,
1789943274.2135508,rc_send_suppressed,
1789943274.3135781,rc_send_suppressed,
1789943274.3584006,llm_explanation,2606.2659000162967
1789943274.448677,rc_send_suppressed,
1789943274.5628386,rc_send_suppressed,
1789943274.7009273,rc_send_suppressed,
1789943274.8089955,rc_send_suppressed,
1789943274.940539,rc_send_suppressed,
1789943275.0475566,rc_send_suppressed,
1789943275.1721501,rc_send_suppressed,
1789943275.272656,rc_send_suppressed,
1789943275.4010696,rc_send_suppressed,
1789943275.520044,rc_send_suppressed,
1789943275.6560018,rc_send_suppressed,
1789943275.7698393,rc_send_suppressed,
1789943275.8849566,rc_send_suppressed,
1789943276.0280826,rc_send_suppressed,
1789943276.139617,rc_send_suppressed,
1789943276.2777438,rc_send_suppressed,
1789943276.3892388,rc_send_suppressed,
1789943276.5350018,rc_send_suppressed,
1789943276.6492782,rc_send_suppressed,
1789943276.7782798,rc_send_suppressed,
1789943276.882755,rc_send_suppressed,
1789943277.0053468,rc_send_suppressed,
1789943277.0622308,llm_explanation,2685.5633000377566
1789943277.111227,rc_send_suppressed,
1789943277.2482374,rc_send_suppressed,
1789943277.352025,rc_send_suppressed,
1789943277.4839685,rc_send_suppressed,
1789943277.5912595,rc_send_suppressed,
1789943277.7214596,rc_send_suppressed,
1789943277.8423898,rc_send_suppressed,
1789943277.9802525,rc_send_suppressed,
1789943278.0883882,rc_send_suppressed,
1789943278.1941457,rc_send_suppressed,
1789943278.2948427,rc_send_suppressed,
1789943278.3999624,rc_send_suppressed,
1789943278.5408213,rc_send_suppressed,
1789943278.6504362,rc_send_suppressed,
1789943278.7880461,rc_send_suppressed,
1789943278.8993657,rc_send_suppressed,
1789943279.0334554,rc_send_suppressed,
1789943279.1435764,rc_send_suppressed,
1789943279.2889245,rc_send_suppressed,
1789943279.407632,rc_send_suppressed,
1789943279.5537634,rc_send_suppressed,
1789943279.6796856,rc_send_suppressed,
1789943279.8223748,rc_send_suppressed,
1789943279.9289303,rc_send_suppressed,
1789943280.0690088,rc_send_suppressed,
1789943280.1690562,rc_send_suppressed,
1789943280.310194,rc_send_suppressed,
1789943280.425133,rc_send_suppressed,
1789943280.5767627,rc_send_suppressed,
1789943280.7327564,rc_send_suppressed,
1789943280.8405404,rc_send_suppressed,
1789943280.9831328,rc_send_suppressed,
1789943281.0588882,llm_explanation,4015.179000038188
1789943281.098769,rc_send_suppressed,
1789943281.2450552,rc_send_suppressed,
1789943281.35349,rc_send_suppressed,
1789943281.4829726,rc_send_suppressed,
1789943281.5998316,rc_send_suppressed,
1789943281.7408006,rc_send_suppressed,
1789943281.8422425,rc_send_suppressed,
1789943281.9687066,rc_send_suppressed,
1789943282.08352,rc_send_suppressed,
1789943282.1954155,rc_send_suppressed,
1789943282.299374,rc_send_suppressed,
1789943282.437221,rc_send_suppressed,
1789943282.550131,rc_send_suppressed,
1789943282.6973414,rc_send_suppressed,
1789943282.7985065,rc_send_suppressed,
1789943282.9465969,rc_send_suppressed,
1789943283.0634708,rc_send_suppressed,
1789943283.2107239,rc_send_suppressed,
1789943283.332912,rc_send_suppressed,
1789943283.4706943,rc_send_suppressed,
1789943283.588847,rc_send_suppressed,
1789943283.7297397,rc_send_suppressed,
1789943283.8435416,rc_send_suppressed,
1789943283.9436429,rc_send_suppressed,
1789943284.0694425,rc_send_suppressed,
1789943284.194574,rc_send_suppressed,
1789943284.334192,rc_send_suppressed,
1789943284.4508817,rc_send_suppressed,
1789943284.5510135,rc_send_suppressed,
1789943284.653482,rc_send_suppressed,
1789943284.7700675,rc_send_suppressed,
1789943284.897951,rc_send_suppressed,
1789943284.9995632,rc_send_suppressed,
1789943285.1463156,rc_send_suppressed,
1789943285.2622395,rc_send_suppressed,
1789943285.3830776,rc_send_suppressed,
1789943285.4943058,rc_send_suppressed,
1789943285.5947313,rc_send_suppressed,
1789943285.7350707,rc_send_suppressed,
1789943285.8750284,rc_send_suppressed,
1789943285.9861977,rc_send_suppressed,
1789943286.0879664,rc_send_suppressed,
1789943286.1882453,rc_send_suppressed,
1789943286.3009367,rc_send_suppressed,
1789943286.4009514,rc_send_suppressed,
1789943286.5165033,rc_send_suppressed,
1789943286.630919,rc_send_suppressed,
1789943286.7600787,rc_send_suppressed,
1789943286.8609197,rc_send_suppressed,
1789943286.9623184,rc_send_suppressed,
1789943287.0734038,rc_send_suppressed,
1789943287.1739318,rc_send_suppressed,
1789943287.2377348,llm_explanation,2124.5256999973208
1789943287.277145,rc_send_suppressed,
1789943287.3850665,rc_send_suppressed,
1789943287.4876585,rc_send_suppressed,
1789943287.5887592,rc_send_suppressed,
1789943287.6925533,rc_send_suppressed,
1789943287.7943306,rc_send_suppressed,
1789943287.8971422,rc_send_suppressed,
1789943287.9982061,rc_send_suppressed,
1789943288.1402743,rc_send_suppressed,
1789943288.2610343,rc_send_suppressed,
1789943288.3955603,rc_send_suppressed,
1789943288.4984791,rc_send_suppressed,
1789943288.6432803,rc_send_suppressed,
1789943288.743941,rc_send_suppressed,
1789943288.8464477,rc_send_suppressed,
1789943288.9504328,rc_send_suppressed,
1789943289.0514116,rc_send_suppressed,
1789943289.2041674,rc_send_suppressed,
1789943289.3212745,rc_send_suppressed,
1789943289.4254684,rc_send_suppressed,
1789943289.5476851,rc_send_suppressed,
1789943289.6840882,rc_send_suppressed,
1789943289.7879126,rc_send_suppressed,
1789943289.9259012,rc_send_suppressed,
1789943290.0288148,rc_send_suppressed,
1789943290.1376576,rc_send_suppressed,
1789943290.2571769,rc_send_suppressed,
1789943290.3691695,rc_send_suppressed,
1789943290.5068543,rc_send_suppressed,
1789943290.6258397,rc_send_suppressed,
1789943290.733773,rc_send_suppressed,
1789943290.8488362,rc_send_suppressed,
1789943290.9527717,rc_send_suppressed,
1789943291.0698373,rc_send_suppressed,
1789943291.1700275,rc_send_suppressed,
1789943291.247192,llm_explanation,4033.0933000077493
1789943291.2726147,rc_send_suppressed,
1789943291.3961847,rc_send_suppressed,
1789943291.5150256,rc_send_suppressed,
1789943291.6163213,rc_send_suppressed,
1789943291.7347832,rc_send_suppressed,
1789943291.8708472,rc_send_suppressed,
1789943291.991401,rc_send_suppressed,
1789943292.1255455,rc_send_suppressed,
1789943292.2311637,rc_send_suppressed,
1789943292.331987,rc_send_suppressed,
1789943292.455786,rc_send_suppressed,
1789943292.5570254,rc_send_suppressed,
1789943292.6624289,rc_send_suppressed,
1789943292.7835817,rc_send_suppressed,
1789943292.9161394,rc_send_suppressed,
1789943293.028438,rc_send_suppressed,
1789943293.1455553,rc_send_suppressed,
1789943293.2460117,rc_send_suppressed,
1789943293.35499,rc_send_suppressed,
1789943293.5255654,rc_send_suppressed,
1789943293.659665,rc_send_suppressed,
1789943293.7205179,llm_explanation,2432.2415000060573
1789943293.7743742,rc_send_suppressed,
1789943293.8832822,rc_send_suppressed,
1789943294.0112226,rc_send_suppressed,
1789943294.1113691,rc_send_suppressed,
1789943294.2580276,rc_send_suppressed,
1789943294.3718548,rc_send_suppressed,
1789943294.5098667,rc_send_suppressed,
1789943294.621618,rc_send_suppressed,
1789943294.7471635,rc_send_suppressed,
1789943294.873275,rc_send_suppressed,
1789943295.0024366,rc_send_suppressed,
1789943295.108985,rc_send_suppressed,
1789943295.2352295,rc_send_suppressed,
1789943295.3432026,rc_send_suppressed,
1789943295.455114,rc_send_suppressed,
1789943295.5598128,rc_send_suppressed,
1789943295.6637726,rc_send_suppressed,
1789943295.8431475,rc_send_suppressed,
1789943295.9511945,rc_send_suppressed,
1789943296.061696,rc_send_suppressed,
1789943296.1721082,rc_send_suppressed,
1789943296.3144662,rc_send_suppressed,
1789943296.471629,rc_send_suppressed,
1789943296.582642,rc_send_suppressed,
1789943296.69109,rc_send_suppressed,
1789943296.8299026,rc_send_suppressed,
1789943296.9505475,rc_send_suppressed,
1789943297.0594852,rc_send_suppressed,
1789943297.1877475,rc_send_suppressed,
1789943297.2922056,rc_send_suppressed,
1789943297.4204738,rc_send_suppressed,
1789943297.5230107,rc_send_suppressed,
1789943297.6450694,rc_send_suppressed,
1789943297.7131352,llm_explanation,4007.9703999799676
1789943297.7727346,rc_send_suppressed,
1789943297.8789597,rc_send_suppressed,
1789943297.9934483,rc_send_suppressed,
1789943298.1519132,rc_send_suppressed,
1789943298.280047,rc_send_suppressed,
1789943298.3816156,rc_send_suppressed,
1789943298.4828641,rc_send_suppressed,
1789943298.622292,rc_send_suppressed,
1789943298.7554119,rc_send_suppressed,
1789943298.8630087,rc_send_suppressed,
1789943298.9880598,rc_send_suppressed,
1789943299.0994332,rc_send_suppressed,
1789943299.2012897,rc_send_suppressed,
1789943299.3423476,rc_send_suppressed,
1789943299.4430778,rc_send_suppressed,
1789943299.5827086,rc_send_suppressed,
1789943299.7028441,rc_send_suppressed,
1789943299.8308086,rc_send_suppressed,
1789943299.940159,rc_send_suppressed,
1789943300.050752,rc_send_suppressed,
1789943300.2149096,rc_send_suppressed,
1789943300.3429067,rc_send_suppressed,
1789943300.453067,rc_send_suppressed,
1789943300.5534105,rc_send_suppressed,
1789943300.6676004,rc_send_suppressed,
1789943300.7691894,rc_send_suppressed,
1789943300.8788214,rc_send_suppressed,
1789943300.98177,rc_send_suppressed,
1789943301.0881965,rc_send_suppressed,
1789943301.1910136,rc_send_suppressed,
1789943301.2975738,rc_send_suppressed,
1789943301.407931,rc_send_suppressed,
1789943301.518966,rc_send_suppressed,
1789943301.6194148,rc_send_suppressed,
1789943301.7373533,rc_send_suppressed,
1789943301.8393774,rc_send_suppressed,
1789943301.963639,rc_send_suppressed,
1789943302.0903246,rc_send_suppressed,
1789943302.2019515,rc_send_suppressed,
1789943302.318597,rc_send_suppressed,
1789943302.422409,rc_send_suppressed,
1789943302.523361,rc_send_suppressed,
1789943302.6526983,rc_send_suppressed,
1789943302.7578056,rc_send_suppressed,
1789943302.8726346,rc_send_suppressed,
1789943302.9849951,rc_send_suppressed,
1789943303.1011412,rc_send_suppressed,
1789943303.2125306,rc_send_suppressed,
1789943303.3231175,rc_send_suppressed,
1789943303.4244685,rc_send_suppressed,
1789943303.5375054,rc_send_suppressed,
1789943303.6506882,rc_send_suppressed,
1789943303.7581396,rc_send_suppressed,
1789943303.8662047,rc_send_suppressed,
1789943303.9781008,llm_explanation,2214.2162999953143
1789943303.9952505,rc_send_suppressed,
1789943304.1294193,rc_send_suppressed,
1789943304.2432344,rc_send_suppressed,
1789943304.3493433,rc_send_suppressed,
1789943304.462035,rc_send_suppressed,
1789943304.5641131,rc_send_suppressed,
1789943304.6953669,rc_send_suppressed,
1789943304.8145578,rc_send_suppressed,
1789943304.9257238,rc_send_suppressed,
1789943305.061408,rc_send_suppressed,
1789943305.200001,rc_send_suppressed,
1789943305.3189323,rc_send_suppressed,
1789943305.440552,rc_send_suppressed,
1789943305.5477598,rc_send_suppressed,
1789943305.6733012,rc_send_suppressed,
1789943305.824445,rc_send_suppressed,
1789943305.9599593,rc_send_suppressed,
1789943306.0716906,rc_send_suppressed,
1789943306.1968462,rc_send_suppressed,
1789943306.327786,rc_send_suppressed,
1789943306.4683166,rc_send_suppressed,
1789943306.5829825,rc_send_suppressed,
1789943306.6977623,rc_send_suppressed,
1789943306.8257408,rc_send_suppressed,
1789943306.945395,rc_send_suppressed,
1789943307.0531044,rc_send_suppressed,
1789943307.1662922,rc_send_suppressed,
1789943307.2684948,rc_send_suppressed,
1789943307.3784182,rc_send_suppressed,
1789943307.4968383,rc_send_suppressed,
1789943307.6036096,rc_send_suppressed,
1789943307.7079756,rc_send_suppressed,
1789943307.8247495,rc_send_suppressed,
1789943307.841482,llm_explanation,3939.965499972459
1789943307.9567955,rc_send_suppressed,
1789943308.0651236,rc_send_suppressed,
1789943308.190638,rc_send_suppressed,
1789943308.2925663,rc_send_suppressed,
1789943308.3947775,rc_send_suppressed,
1789943308.52427,rc_send_suppressed,
1789943308.6925578,rc_send_suppressed,
1789943308.815323,rc_send_suppressed,
1789943308.9245617,rc_send_suppressed,
1789943309.0272555,rc_send_suppressed,
1789943309.1452985,rc_send_suppressed,
1789943309.245962,rc_send_suppressed,
1789943309.3531463,rc_send_suppressed,
1789943309.496869,rc_send_suppressed,
1789943309.6090193,rc_send_suppressed,
1789943309.7111895,rc_send_suppressed,
1789943309.813285,rc_send_suppressed,
1789943309.9579315,rc_send_suppressed,
1789943310.058494,rc_send_suppressed,
1789943310.202424,rc_send_suppressed,
1789943310.3261971,rc_send_suppressed,
1789943310.465646,rc_send_suppressed,
1789943310.573322,rc_send_suppressed,
1789943310.7086904,rc_send_suppressed,
1789943310.818773,rc_send_suppressed,
1789943310.9582329,rc_send_suppressed,
1789943311.060807,rc_send_suppressed,
1789943311.2022226,rc_send_suppressed,
1789943311.3207464,rc_send_suppressed,
1789943311.390282,llm_explanation,3566.002400009893
1789943311.4232643,rc_send_suppressed,
1789943311.5694976,rc_send_suppressed,
1789943311.687318,rc_send_suppressed,
1789943311.8092108,rc_send_suppressed,
1789943311.9365046,rc_send_suppressed,
1789943312.053494,rc_send_suppressed,
1789943312.1923559,rc_send_suppressed,
1789943312.3046854,rc_send_suppressed,
1789943312.4392152,rc_send_suppressed,
1789943312.5525959,rc_send_suppressed,
1789943312.6942859,rc_send_suppressed,
1789943312.8059282,rc_send_suppressed,
1789943312.968342,rc_send_suppressed,
1789943313.0866778,rc_send_suppressed,
1789943313.1994069,rc_send_suppressed,
1789943313.3413131,rc_send_suppressed,
1789943313.442948,rc_send_suppressed,
1789943313.5746272,rc_send_suppressed,
1789943313.6762967,rc_send_suppressed,
1789943313.778233,rc_send_suppressed,
1789943313.9007204,rc_send_suppressed,
1789943314.0252867,rc_send_suppressed,
1789943314.1387577,rc_send_suppressed,
1789943314.2754211,rc_send_suppressed,
1789943314.3913524,rc_send_suppressed,
1789943314.5335824,rc_send_suppressed,
1789943314.6337595,rc_send_suppressed,
1789943314.773773,rc_send_suppressed,
1789943314.891767,rc_send_suppressed,
1789943315.0332987,rc_send_suppressed,
1789943315.1372793,rc_send_suppressed,
1789943315.2383792,rc_send_suppressed,
1789943315.349933,rc_send_suppressed,
1789943315.4178839,llm_explanation,4014.5007999963127
1789943315.4969752,rc_send_suppressed,
1789943315.613356,rc_send_suppressed,
1789943315.7159245,rc_send_suppressed,
1789943315.8601608,rc_send_suppressed,
1789943315.9718044,rc_send_suppressed,
1789943316.1107142,rc_send_suppressed,
1789943316.2317061,rc_send_suppressed,
1789943316.3828614,rc_send_suppressed,
1789943316.501518,rc_send_suppressed,
1789943316.6016262,rc_send_suppressed,
1789943316.7040217,rc_send_suppressed,
1789943316.808103,rc_send_suppressed,
1789943316.9473152,rc_send_suppressed,
1789943317.0589097,rc_send_suppressed,
1789943317.2019196,rc_send_suppressed,
1789943317.3107452,rc_send_suppressed,
1789943317.4450438,rc_send_suppressed,
1789943317.5614545,rc_send_suppressed,
1789943317.7059658,rc_send_suppressed,
1789943317.809327,rc_send_suppressed,
1789943317.941134,rc_send_suppressed,
1789943318.0569274,rc_send_suppressed,
1789943318.2001493,rc_send_suppressed,
1789943318.3065648,rc_send_suppressed,
1789943318.439914,rc_send_suppressed,
1789943318.5555537,rc_send_suppressed,
1789943318.7001832,rc_send_suppressed,
1789943318.8042753,rc_send_suppressed,
1789943318.9295044,rc_send_suppressed,
1789943319.0295522,rc_send_suppressed,
1789943319.0400126,llm_explanation,3627.266999974381
1789943319.1441743,rc_send_suppressed,
1789943319.2756927,rc_send_suppressed,
1789943319.4036098,rc_send_suppressed,
1789943319.5386972,rc_send_suppressed,
1789943319.6475084,rc_send_suppressed,
1789943319.7774389,rc_send_suppressed,
1789943319.896993,rc_send_suppressed,
1789943320.043066,rc_send_suppressed,
1789943320.1532726,rc_send_suppressed,
1789943320.2814474,rc_send_suppressed,
1789943320.388896,rc_send_suppressed,
1789943320.536914,rc_send_suppressed,
1789943320.6380925,rc_send_suppressed,
1789943320.7817342,rc_send_suppressed,
1789943320.894738,rc_send_suppressed,
1789943321.0398858,rc_send_suppressed,
1789943321.1409464,rc_send_suppressed,
1789943321.2768445,rc_send_suppressed,
1789943321.3800774,rc_send_suppressed,
1789943321.4811735,rc_send_suppressed,
1789943321.6046257,rc_send_suppressed,
1789943321.729988,rc_send_suppressed,
1789943321.8393748,rc_send_suppressed,
1789943321.9748156,rc_send_suppressed,
1789943322.1035688,rc_send_suppressed,
1789943322.2364833,rc_send_suppressed,
1789943322.3382394,rc_send_suppressed,
1789943322.471642,rc_send_suppressed,
1789943322.5883927,rc_send_suppressed,
1789943322.73077,rc_send_suppressed,
1789943322.8408,rc_send_suppressed,
1789943322.9423656,rc_send_suppressed,
1789943323.0530019,rc_send_suppressed,
1789943323.0959082,llm_explanation,4008.516800007783
1789943323.1935456,rc_send_suppressed,
1789943323.3005211,rc_send_suppressed,
1789943323.4460974,rc_send_suppressed,
1789943323.5505416,rc_send_suppressed,
1789943323.6948116,rc_send_suppressed,
1789943323.7989695,rc_send_suppressed,
1789943323.9406433,rc_send_suppressed,
1789943324.0515537,rc_send_suppressed,
1789943324.2021918,rc_send_suppressed,
1789943324.3021939,rc_send_suppressed,
1789943324.4456933,rc_send_suppressed,
1789943324.5562057,rc_send_suppressed,
1789943324.692244,rc_send_suppressed,
1789943324.7968671,rc_send_suppressed,
1789943324.9339912,rc_send_suppressed,
1789943325.0572333,rc_send_suppressed,
1789943325.195466,rc_send_suppressed,
1789943325.2995756,rc_send_suppressed,
1789943325.4351866,rc_send_suppressed,
1789943325.5508795,rc_send_suppressed,
1789943325.653898,rc_send_suppressed,
1789943325.7872932,rc_send_suppressed,
1789943325.891409,rc_send_suppressed,
1789943326.0355566,rc_send_suppressed,
1789943326.1375515,rc_send_suppressed,
1789943326.2766397,rc_send_suppressed,
1789943326.388963,rc_send_suppressed,
1789943326.524902,rc_send_suppressed,
1789943326.6328144,rc_send_suppressed,
1789943326.7742512,rc_send_suppressed,
1789943326.8876772,rc_send_suppressed,
1789943327.0208778,rc_send_suppressed,
1789943327.128567,rc_send_suppressed,
1789943327.2819834,rc_send_suppressed,
1789943327.406785,rc_send_suppressed,
1789943327.5073688,rc_send_suppressed,
1789943327.6607115,rc_send_suppressed,
1789943327.7642157,rc_send_suppressed,
1789943327.8848867,rc_send_suppressed,
1789943328.008851,rc_send_suppressed,
1789943328.1513228,rc_send_suppressed,
1789943328.270193,rc_send_suppressed,
1789943328.4018273,rc_send_suppressed,
1789943328.502151,rc_send_suppressed,
1789943328.6395578,rc_send_suppressed,
1789943328.7420483,rc_send_suppressed,
1789943328.8438566,rc_send_suppressed,
1789943328.9760575,rc_send_suppressed,
1789943329.0777142,rc_send_suppressed,
1789943329.1798725,rc_send_suppressed,
1789943329.299968,rc_send_suppressed,
1789943329.4363816,rc_send_suppressed,
1789943329.5367813,rc_send_suppressed,
1789943329.681826,rc_send_suppressed,
1789943329.8044748,rc_send_suppressed,
1789943329.934117,rc_send_suppressed,
1789943330.0405986,rc_send_suppressed,
1789943330.169661,rc_send_suppressed,
1789943330.2882001,rc_send_suppressed,
1789943330.441809,rc_send_suppressed,
1789943330.5428772,rc_send_suppressed,
1789943330.6739528,rc_send_suppressed,
1789943330.7775426,rc_send_suppressed,
1789943330.9078999,rc_send_suppressed,
1789943331.0331955,rc_send_suppressed,
1789943331.1926408,rc_send_suppressed,
1789943331.2972386,rc_send_suppressed,
1789943331.4267993,rc_send_suppressed,
1789943331.5448046,rc_send_suppressed,
1789943331.6871116,rc_send_suppressed,
1789943331.7872994,rc_send_suppressed,
1789943331.927406,rc_send_suppressed,
1789943332.0468078,rc_send_suppressed,
1789943332.1761365,rc_send_suppressed,
1789943332.282954,rc_send_suppressed,
1789943332.439374,rc_send_suppressed,
1789943332.5637481,rc_send_suppressed,
1789943332.7188694,rc_send_suppressed,
1789943332.8207092,rc_send_suppressed,
1789943332.9289758,rc_send_suppressed,
1789943333.0666215,rc_send_suppressed,
1789943333.169137,rc_send_suppressed,
1789943333.23971,llm_explanation,2157.1460000122897
1789943333.3076067,rc_send_suppressed,
1789943333.4331453,rc_send_suppressed,
1789943333.5697732,rc_send_suppressed,
1789943333.7386336,rc_send_suppressed,
1789943333.8395474,rc_send_suppressed,
1789943333.9629457,rc_send_suppressed,
1789943334.0776145,rc_send_suppressed,
1789943334.1804683,rc_send_suppressed,
1789943334.3141046,rc_send_suppressed,
1789943334.421387,rc_send_suppressed,
1789943334.570222,rc_send_suppressed,
1789943334.6887877,rc_send_suppressed,
1789943334.7936895,rc_send_suppressed,
1789943334.9369042,rc_send_suppressed,
1789943335.0539324,rc_send_suppressed,
1789943335.1591418,rc_send_suppressed,
1789943335.2730336,rc_send_suppressed,
1789943335.3986583,rc_send_suppressed,
1789943335.499277,rc_send_suppressed,
1789943335.6563725,rc_send_suppressed,
1789943335.7742267,rc_send_suppressed,
1789943335.8775122,rc_send_suppressed,
1789943336.0105715,rc_send_suppressed,
1789943336.1313908,rc_send_suppressed,
1789943336.268985,rc_send_suppressed,
1789943336.3705542,rc_send_suppressed,
1789943336.5146801,rc_send_suppressed,
1789943336.6270692,rc_send_suppressed,
1789943336.7701924,rc_send_suppressed,
1789943336.8585331,llm_explanation,3611.5106999641284
1789943336.871551,rc_send_suppressed,
1789943337.0108979,rc_send_suppressed,
1789943337.122278,rc_send_suppressed,
1789943337.2746267,rc_send_suppressed,
1789943337.3758354,rc_send_suppressed,
1789943337.506391,rc_send_suppressed,
1789943337.624556,rc_send_suppressed,
1789943337.7661605,rc_send_suppressed,
1789943337.8677075,rc_send_suppressed,
1789943337.9695628,rc_send_suppressed,
1789943338.1119812,rc_send_suppressed,
1789943338.214183,rc_send_suppressed,
1789943338.3253727,rc_send_suppressed,
1789943338.4415424,rc_send_suppressed,
1789943338.564657,rc_send_suppressed,
1789943338.7148044,rc_send_suppressed,
1789943338.8322308,rc_send_suppressed,
1789943338.9823709,rc_send_suppressed,
1789943339.1087618,rc_send_suppressed,
1789943339.1831732,llm_explanation,2312.961000017822
1789943339.2106292,rc_send_suppressed,
1789943339.3304381,rc_send_suppressed,
1789943339.4741738,rc_send_suppressed,
1789943339.5774384,rc_send_suppressed,
1789943339.7130744,rc_send_suppressed,
1789943339.8327053,rc_send_suppressed,
1789943339.9643528,rc_send_suppressed,
1789943340.0802162,rc_send_suppressed,
1789943340.2083428,rc_send_suppressed,
1789943340.3167448,rc_send_suppressed,
1789943340.433,rc_send_suppressed,
1789943340.5378566,rc_send_suppressed,
1789943340.676762,rc_send_suppressed,
1789943340.7782362,rc_send_suppressed,
1789943340.8792515,rc_send_suppressed,
1789943341.004715,rc_send_suppressed,
1789943341.1148887,rc_send_suppressed,
1789943341.242404,rc_send_suppressed,
1789943341.4034967,rc_send_suppressed,
1789943341.5468857,rc_send_suppressed,
1789943341.6579354,rc_send_suppressed,
1789943341.793011,rc_send_suppressed,
1789943341.899027,rc_send_suppressed,
1789943342.0305636,rc_send_suppressed,
1789943342.1561122,rc_send_suppressed,
1789943342.2974873,rc_send_suppressed,
1789943342.3581114,llm_explanation,3211.675699974876
1789943342.407943,rc_send_suppressed,
1789943342.5422006,rc_send_suppressed,
1789943342.6494238,rc_send_suppressed,
1789943342.7966328,rc_send_suppressed,
1789943342.9067667,rc_send_suppressed,
1789943343.0398264,rc_send_suppressed,
1789943343.149316,rc_send_suppressed,
1789943343.297681,rc_send_suppressed,
1789943343.406802,rc_send_suppressed,
1789943343.5474906,rc_send_suppressed,
1789943343.65727,rc_send_suppressed,
1789943343.7988968,rc_send_suppressed,
1789943343.9084785,rc_send_suppressed,
1789943344.0462685,rc_send_suppressed,
1789943344.1554985,rc_send_suppressed,
1789943344.296824,rc_send_suppressed,
1789943344.4044595,rc_send_suppressed,
1789943344.5370655,rc_send_suppressed,
1789943344.614311,llm_explanation,2259.647600003518
1789943344.6595113,rc_send_suppressed,
1789943344.800965,rc_send_suppressed,
1789943344.9102662,rc_send_suppressed,
1789943345.0442972,rc_send_suppressed,
1789943345.1582823,rc_send_suppressed,
1789943345.2962904,rc_send_suppressed,
1789943345.4092155,rc_send_suppressed,
1789943345.5554125,rc_send_suppressed,
1789943345.6627083,rc_send_suppressed,
1789943345.768864,rc_send_suppressed,
1789943345.9047728,rc_send_suppressed,
1789943346.0262327,rc_send_suppressed,
1789943346.1603959,rc_send_suppressed,
1789943346.2853117,rc_send_suppressed,
1789943346.4118664,rc_send_suppressed,
1789943346.5005634,llm_explanation,1883.5314000025392
1789943346.5148036,rc_send_suppressed,
1789943346.6634614,rc_send_suppressed,
1789943346.7935274,rc_send_suppressed,
1789943346.8961413,rc_send_suppressed,
1789943347.034475,rc_send_suppressed,
1789943347.1351566,rc_send_suppressed,
1789943347.2379994,rc_send_suppressed,
1789943347.3844676,rc_send_suppressed,
1789943347.49116,rc_send_suppressed,
1789943347.64132,rc_send_suppressed,
1789943347.7426963,rc_send_suppressed,
1789943347.857615,rc_send_suppressed,
1789943348.0008373,rc_send_suppressed,
1789943348.103079,rc_send_suppressed,
1789943348.240932,rc_send_suppressed,
1789943348.3637638,rc_send_suppressed,
1789943348.498424,rc_send_suppressed,
1789943348.6099043,rc_send_suppressed,
1789943348.711827,rc_send_suppressed,
1789943348.813152,rc_send_suppressed,
1789943348.9598792,rc_send_suppressed,
1789943349.06156,rc_send_suppressed,
1789943349.2058058,rc_send_suppressed,
1789943349.319249,rc_send_suppressed,
1789943349.4649858,rc_send_suppressed,
1789943349.5835717,rc_send_suppressed,
1789943349.7283509,rc_send_suppressed,
1789943349.8350582,rc_send_suppressed,
1789943349.9508424,rc_send_suppressed,
1789943350.0905526,rc_send_suppressed,
1789943350.1941752,rc_send_suppressed,
1789943350.331018,rc_send_suppressed,
1789943350.4436696,rc_send_suppressed,
1789943350.5070925,llm_explanation,4007.680899987463
1789943350.5787377,rc_send_suppressed,
1789943350.6930578,rc_send_suppressed,
1789943350.80104,rc_send_suppressed,
1789943350.9035473,rc_send_suppressed,
1789943351.046088,rc_send_suppressed,
1789943351.154525,rc_send_suppressed,
1789943351.309437,rc_send_suppressed,
1789943351.4113705,rc_send_suppressed,
1789943351.5235412,rc_send_suppressed,
1789943351.6675253,rc_send_suppressed,
1789943351.7913415,rc_send_suppressed,
1789943351.8985205,rc_send_suppressed,
1789943352.0365832,rc_send_suppressed,
1789943352.1417987,rc_send_suppressed,
1789943352.2424052,rc_send_suppressed,
1789943352.3649776,rc_send_suppressed,
1789943352.48845,rc_send_suppressed,
1789943352.6228404,rc_send_suppressed,
1789943352.724501,rc_send_suppressed,
1789943352.8654451,rc_send_suppressed,
1789943352.971425,rc_send_suppressed,
1789943353.0738394,rc_send_suppressed,
1789943353.207582,rc_send_suppressed,
1789943353.3175664,rc_send_suppressed,
1789943353.464177,rc_send_suppressed,
1789943353.5671349,rc_send_suppressed,
1789943353.7024717,rc_send_suppressed,
1789943353.8032465,rc_send_suppressed,
1789943353.9049008,rc_send_suppressed,
1789943354.0521746,rc_send_suppressed,
1789943354.1621113,rc_send_suppressed,
1789943354.2652938,rc_send_suppressed,
1789943354.408812,rc_send_suppressed,
1789943354.5249426,rc_send_suppressed,
1789943354.6724784,rc_send_suppressed,
1789943354.7738228,rc_send_suppressed,
1789943354.885227,rc_send_suppressed,
1789943355.033517,rc_send_suppressed,
1789943355.1481237,rc_send_suppressed,
1789943355.2802508,rc_send_suppressed,
1789943355.4362934,rc_send_suppressed,
1789943355.5540059,rc_send_suppressed,
1789943355.6962187,rc_send_suppressed,
1789943355.802292,rc_send_suppressed,
1789943355.9404159,rc_send_suppressed,
1789943356.0136142,llm_explanation,1477.687300008256
1789943356.0541563,rc_send_suppressed,
1789943356.1959257,rc_send_suppressed,
1789943356.301646,rc_send_suppressed,
1789943356.4442756,rc_send_suppressed,
1789943356.564679,rc_send_suppressed,
1789943356.7131789,rc_send_suppressed,
1789943356.8462284,rc_send_suppressed,
1789943356.9478576,rc_send_suppressed,
1789943357.0680578,rc_send_suppressed,
1789943357.2193186,rc_send_suppressed,
1789943357.3332837,rc_send_suppressed,
1789943357.452548,rc_send_suppressed,
1789943357.603626,rc_send_suppressed,
1789943357.70367,rc_send_suppressed,
1789943357.8273695,rc_send_suppressed,
1789943357.9298582,rc_send_suppressed,
1789943358.0384843,rc_send_suppressed,
1789943358.1899588,rc_send_suppressed,
1789943358.313982,rc_send_suppressed,
1789943358.4291396,rc_send_suppressed,
1789943358.5626519,rc_send_suppressed,
1789943358.6684878,rc_send_suppressed,
1789943358.7703738,rc_send_suppressed,
1789943358.9009652,rc_send_suppressed,
1789943359.0033765,rc_send_suppressed,
1789943359.1075666,rc_send_suppressed,
1789943359.2153025,rc_send_suppressed,
1789943359.3320458,rc_send_suppressed,
1789943359.4347222,rc_send_suppressed,
1789943359.5574265,rc_send_suppressed,
1789943359.7306924,rc_send_suppressed,
1789943359.8459601,rc_send_suppressed,
1789943359.9603379,rc_send_suppressed,
1789943360.0528162,llm_explanation,4008.525399956852
1789943360.0752633,rc_send_suppressed,
1789943360.1990051,rc_send_suppressed,
1789943360.3082478,rc_send_suppressed,
1789943360.4139764,rc_send_suppressed,
1789943360.5338266,rc_send_suppressed,
1789943360.6741629,rc_send_suppressed,
1789943360.7941,rc_send_suppressed,
1789943360.9360414,rc_send_suppressed,
1789943361.0519366,rc_send_suppressed,
1789943361.201733,rc_send_suppressed,
1789943361.3214338,rc_send_suppressed,
1789943361.4519877,rc_send_suppressed,
1789943361.5625358,rc_send_suppressed,
1789943361.7158017,rc_send_suppressed,
1789943361.8308568,rc_send_suppressed,
1789943361.9577165,rc_send_suppressed,
1789943362.062337,rc_send_suppressed,
1789943362.1933339,rc_send_suppressed,
1789943362.3303397,rc_send_suppressed,
1789943362.4191487,llm_explanation,2401.810800016392
1789943362.439435,rc_send_suppressed,
1789943362.554159,rc_send_suppressed,
1789943362.6755543,rc_send_suppressed,
1789943362.7950287,rc_send_suppressed,
1789943362.9202917,rc_send_suppressed,
1789943363.047658,rc_send_suppressed,
1789943363.15919,rc_send_suppressed,
1789943363.2622273,rc_send_suppressed,
1789943363.3759296,rc_send_suppressed,
1789943363.4788258,rc_send_suppressed,
1789943363.607838,rc_send_suppressed,
1789943363.7175167,rc_send_suppressed,
1789943363.8277218,rc_send_suppressed,
1789943363.9301836,rc_send_suppressed,
1789943364.0551262,rc_send_suppressed,
1789943364.1846967,rc_send_suppressed,
1789943364.2956562,rc_send_suppressed,
1789943364.420801,rc_send_suppressed,
1789943364.5387855,rc_send_suppressed,
1789943364.641059,rc_send_suppressed,
1789943364.766203,rc_send_suppressed,
1789943364.90149,rc_send_suppressed,
1789943365.0220852,rc_send_suppressed,
1789943365.1250856,rc_send_suppressed,
1789943365.253433,rc_send_suppressed,
1789943365.385159,rc_send_suppressed,
1789943365.4944036,rc_send_suppressed,
1789943365.6011848,rc_send_suppressed,
1789943365.734866,rc_send_suppressed,
1789943365.847361,rc_send_suppressed,
1789943365.9769313,rc_send_suppressed,
1789943366.0859141,rc_send_suppressed,
1789943366.224039,rc_send_suppressed,
1789943366.3290122,rc_send_suppressed,
1789943366.4297402,llm_explanation,4014.6628000074998
1789943366.4504433,rc_send_suppressed,
1789943366.5637226,rc_send_suppressed,
1789943366.6781678,rc_send_suppressed,
1789943366.810687,rc_send_suppressed,
1789943366.917088,rc_send_suppressed,
1789943367.022023,rc_send_suppressed,
1789943367.1261485,rc_send_suppressed,
1789943367.2472358,rc_send_suppressed,
1789943367.3532526,rc_send_suppressed,
1789943367.4543743,rc_send_suppressed,
1789943367.5575771,rc_send_suppressed,
1789943367.6978514,rc_send_suppressed,
1789943367.8264425,rc_send_suppressed,
1789943367.9329963,rc_send_suppressed,
1789943368.0479896,rc_send_suppressed,
1789943368.1484194,rc_send_suppressed,
1789943368.264481,rc_send_suppressed,
1789943368.3795507,rc_send_suppressed,
1789943368.5020404,rc_send_suppressed,
1789943368.616585,rc_send_suppressed,
1789943368.7313366,rc_send_suppressed,
1789943368.9047332,rc_send_suppressed,
1789943369.0069928,rc_send_suppressed,
1789943369.118217,rc_send_suppressed,
1789943369.2217724,rc_send_suppressed,
1789943369.3296459,rc_send_suppressed,
1789943369.4315207,rc_send_suppressed,
1789943369.5600853,rc_send_suppressed,
1789943369.663325,rc_send_suppressed,
1789943369.787904,rc_send_suppressed,
1789943369.893479,rc_send_suppressed,
1789943370.0052216,rc_send_suppressed,
1789943370.1063247,rc_send_suppressed,
1789943370.220591,rc_send_suppressed,
1789943370.3307958,rc_send_suppressed,
1789943370.4482355,rc_send_suppressed,
1789943370.5686066,rc_send_suppressed,
1789943370.6873314,rc_send_suppressed,
1789943370.7925544,rc_send_suppressed,
1789943370.900892,rc_send_suppressed,
1789943371.005547,rc_send_suppressed,
1789943371.1167588,rc_send_suppressed,
1789943371.2503822,rc_send_suppressed,
1789943371.3729928,rc_send_suppressed,
1789943371.4740798,rc_send_suppressed,
1789943371.5994418,rc_send_suppressed,
1789943371.7334697,rc_send_suppressed,
1789943371.8649752,rc_send_suppressed,
1789943371.9829679,rc_send_suppressed,
1789943372.1078403,rc_send_suppressed,
1789943372.2269607,rc_send_suppressed,
1789943372.3399472,rc_send_suppressed,
1789943372.4571793,rc_send_suppressed,
1789943372.602167,rc_send_suppressed,
1789943372.7143703,rc_send_suppressed,
1789943372.8217323,rc_send_suppressed,
1789943372.9541962,rc_send_suppressed,
1789943373.0604022,rc_send_suppressed,
1789943373.160735,rc_send_suppressed,
1789943373.2915225,rc_send_suppressed,
1789943373.3946307,rc_send_suppressed,
1789943373.456761,llm_explanation,2956.07650000602
1789943373.5103073,rc_send_suppressed,
1789943373.6202924,rc_send_suppressed,
1789943373.7394145,rc_send_suppressed,
1789943373.8400936,rc_send_suppressed,
1789943373.949895,rc_send_suppressed,
1789943374.1228244,rc_send_suppressed,
1789943374.2474566,rc_send_suppressed,
1789943374.3520637,rc_send_suppressed,
1789943374.480989,rc_send_suppressed,
1789943374.5877693,rc_send_suppressed,
1789943374.7033718,rc_send_suppressed,
1789943374.8261578,rc_send_suppressed,
1789943374.9380887,rc_send_suppressed,
1789943375.0404415,rc_send_suppressed,
1789943375.1641135,rc_send_suppressed,
1789943375.3072681,rc_send_suppressed,
1789943375.4143426,rc_send_suppressed,
1789943375.5624397,rc_send_suppressed,
1789943375.6694312,rc_send_suppressed,
1789943375.7903783,rc_send_suppressed,
1789943375.9184227,rc_send_suppressed,
1789943376.0285325,rc_send_suppressed,
1789943376.1562018,rc_send_suppressed,
1789943376.2586138,rc_send_suppressed,
1789943376.3706286,rc_send_suppressed,
1789943376.4835474,rc_send_suppressed,
1789943376.562607,llm_explanation,3140.6909999786876
1789943376.593035,rc_send_suppressed,
1789943376.7232466,rc_send_suppressed,
1789943376.8300955,rc_send_suppressed,
1789943376.9533012,rc_send_suppressed,
1789943377.0600162,rc_send_suppressed,
1789943377.1609972,rc_send_suppressed,
1789943377.2778163,rc_send_suppressed,
1789943377.3815174,rc_send_suppressed,
1789943377.4835184,rc_send_suppressed,
1789943377.60762,rc_send_suppressed,
1789943377.70907,rc_send_suppressed,
1789943377.8130686,rc_send_suppressed,
1789943377.9412658,rc_send_suppressed,
1789943378.042322,rc_send_suppressed,
1789943378.1963382,rc_send_suppressed,
1789943378.312531,rc_send_suppressed,
1789943378.4196568,rc_send_suppressed,
1789943378.5207336,rc_send_suppressed,
1789943378.6252017,rc_send_suppressed,
1789943378.7412505,rc_send_suppressed,
1789943378.8457067,rc_send_suppressed,
1789943378.9534986,rc_send_suppressed,
1789943379.0654852,rc_send_suppressed,
1789943379.1679108,rc_send_suppressed,
1789943379.2892609,rc_send_suppressed,
1789943379.3966029,rc_send_suppressed,
1789943379.5080788,rc_send_suppressed,
1789943379.6153007,rc_send_suppressed,
1789943379.7286134,rc_send_suppressed,
1789943379.852005,rc_send_suppressed,
1789943379.9592788,rc_send_suppressed,
1789943380.0637922,rc_send_suppressed,
1789943380.171682,rc_send_suppressed,
1789943380.2833624,rc_send_suppressed,
1789943380.393444,rc_send_suppressed,
1789943380.4957883,rc_send_suppressed,
1789943380.61694,llm_explanation,4013.2833999814466
1789943380.6383932,rc_send_suppressed,
1789943380.7538564,rc_send_suppressed,
1789943380.8686168,rc_send_suppressed,
1789943380.9775221,rc_send_suppressed,
1789943381.124618,rc_send_suppressed,
1789943381.2574112,rc_send_suppressed,
1789943381.3767269,rc_send_suppressed,
1789943381.5496583,rc_send_suppressed,
1789943381.6555753,rc_send_suppressed,
1789943381.7839477,rc_send_suppressed,
1789943381.8937175,rc_send_suppressed,
1789943382.0074127,rc_send_suppressed,
1789943382.1090932,rc_send_suppressed,
1789943382.2299235,rc_send_suppressed,
1789943382.336007,rc_send_suppressed,
1789943382.456057,rc_send_suppressed,
1789943382.592542,rc_send_suppressed,
1789943382.730752,rc_send_suppressed,
1789943382.8523295,rc_send_suppressed,
1789943382.9655154,rc_send_suppressed,
1789943383.0911705,rc_send_suppressed,
1789943383.2215204,rc_send_suppressed,
1789943383.329526,rc_send_suppressed,
1789943383.4655044,rc_send_suppressed,
1789943383.4848368,llm_explanation,2920.936200011056
1789943383.578912,rc_send_suppressed,
1789943383.7090812,rc_send_suppressed,
1789943383.8182964,rc_send_suppressed,
1789943383.9614758,rc_send_suppressed,
1789943384.0631418,rc_send_suppressed,
1789943384.1730454,rc_send_suppressed,
1789943384.296358,rc_send_suppressed,
1789943384.403441,rc_send_suppressed,
1789943384.5050573,rc_send_suppressed,
1789943384.6357515,rc_send_suppressed,
1789943384.759179,rc_send_suppressed,
1789943384.8974187,rc_send_suppressed,
1789943385.0124266,rc_send_suppressed,
1789943385.1423612,rc_send_suppressed,
1789943385.2617369,rc_send_suppressed,
1789943385.3680663,rc_send_suppressed,
1789943385.5019052,rc_send_suppressed,
1789943385.6047502,rc_send_suppressed,
1789943385.7168608,rc_send_suppressed,
1789943385.8278594,rc_send_suppressed,
1789943385.941258,rc_send_suppressed,
1789943386.085639,rc_send_suppressed,
1789943386.1869342,rc_send_suppressed,
1789943386.3068638,rc_send_suppressed,
1789943386.4142108,rc_send_suppressed,
1789943386.5215306,rc_send_suppressed,
1789943386.6543076,rc_send_suppressed,
1789943386.772989,rc_send_suppressed,
1789943386.8757615,rc_send_suppressed,
1789943386.9954913,rc_send_suppressed,
1789943387.0982292,rc_send_suppressed,
1789943387.2059293,rc_send_suppressed,
1789943387.312115,rc_send_suppressed,
1789943387.4267232,rc_send_suppressed,
1789943387.518193,llm_explanation,4016.8356000212952
1789943387.5396457,rc_send_suppressed,
1789943387.6718974,rc_send_suppressed,
1789943387.7958755,rc_send_suppressed,
1789943387.91635,rc_send_suppressed,
1789943388.0331478,rc_send_suppressed,
1789943388.1665423,rc_send_suppressed,
1789943388.2698946,rc_send_suppressed,
1789943388.3972337,rc_send_suppressed,
1789943388.5217218,rc_send_suppressed,
1789943388.63157,rc_send_suppressed,
1789943388.733527,rc_send_suppressed,
1789943388.8684433,rc_send_suppressed,
1789943388.9747849,rc_send_suppressed,
1789943389.0763538,rc_send_suppressed,
1789943389.1879878,rc_send_suppressed,
1789943389.2963722,rc_send_suppressed,
1789943389.3998647,rc_send_suppressed,
1789943389.5241482,rc_send_suppressed,
1789943389.6310844,rc_send_suppressed,
1789943389.735533,rc_send_suppressed,
1789943389.8405197,rc_send_suppressed,
1789943389.9475086,rc_send_suppressed,
1789943390.054917,rc_send_suppressed,
1789943390.1589632,rc_send_suppressed,
1789943390.3004024,rc_send_suppressed,
1789943390.4106176,rc_send_suppressed,
1789943390.589643,rc_send_suppressed,
1789943390.693405,rc_send_suppressed,
1789943390.8264372,rc_send_suppressed,
1789943390.959831,rc_send_suppressed,
1789943391.1013808,rc_send_suppressed,
1789943391.2360346,rc_send_suppressed,
1789943391.3369007,rc_send_suppressed,
1789943391.4463909,rc_send_suppressed,
1789943391.5618849,rc_send_suppressed,
1789943391.6770885,rc_send_suppressed,
1789943391.829398,rc_send_suppressed,
1789943391.9543633,rc_send_suppressed,
1789943392.0751383,rc_send_suppressed,
1789943392.1794624,rc_send_suppressed,
1789943392.3175244,rc_send_suppressed,
1789943392.4182825,rc_send_suppressed,
1789943392.5325294,rc_send_suppressed,
1789943392.645933,rc_send_suppressed,
1789943392.7557614,rc_send_suppressed,
1789943392.8606899,rc_send_suppressed,
1789943392.9916828,rc_send_suppressed,
1789943393.1290033,rc_send_suppressed,
1789943393.2381508,rc_send_suppressed,
1789943393.3426154,rc_send_suppressed,
1789943393.4537961,rc_send_suppressed,
1789943393.5566564,rc_send_suppressed,
1789943393.6592803,rc_send_suppressed,
1789943393.8318624,rc_send_suppressed,
1789943393.8532665,llm_explanation,2357.4733000132255
1789943393.9663007,rc_send_suppressed,
1789943394.094472,rc_send_suppressed,
1789943394.21852,rc_send_suppressed,
1789943394.3421006,rc_send_suppressed,
1789943394.4964707,rc_send_suppressed,
1789943394.6107593,rc_send_suppressed,
1789943394.7422884,rc_send_suppressed,
1789943394.8573518,rc_send_suppressed,
1789943395.0051816,rc_send_suppressed,
1789943395.1172695,rc_send_suppressed,
1789943395.2464707,rc_send_suppressed,
1789943395.3743014,rc_send_suppressed,
1789943395.4984667,rc_send_suppressed,
1789943395.5991502,rc_send_suppressed,
1789943395.7121444,rc_send_suppressed,
1789943395.8231626,rc_send_suppressed,
1789943395.9247487,llm_explanation,2015.4126000124961
1789943395.9456913,rc_send_suppressed,
1789943396.0615914,rc_send_suppressed,
1789943396.1764128,rc_send_suppressed,
1789943396.281836,rc_send_suppressed,
1789943396.4010925,rc_send_suppressed,
1789943396.5356212,rc_send_suppressed,
1789943396.6369398,rc_send_suppressed,
1789943396.7513828,rc_send_suppressed,
1789943396.870772,rc_send_suppressed,
1789943396.9719512,rc_send_suppressed,
1789943397.0797246,rc_send_suppressed,
1789943397.184212,rc_send_suppressed,
1789943397.3080792,rc_send_suppressed,
1789943397.464305,rc_send_suppressed,
1789943397.6279726,rc_send_suppressed,
1789943397.7317636,rc_send_suppressed,
1789943397.8318148,rc_send_suppressed,
1789943397.9343958,rc_send_suppressed,
1789943398.0909617,rc_send_suppressed,
1789943398.2329817,rc_send_suppressed,
1789943398.3330474,rc_send_suppressed,
1789943398.436984,rc_send_suppressed,
1789943398.574724,rc_send_suppressed,
1789943398.6928122,rc_send_suppressed,
1789943398.8086882,rc_send_suppressed,
1789943398.869563,llm_explanation,2990.89970003115
1789943398.9341908,rc_send_suppressed,
1789943399.0354886,rc_send_suppressed,
1789943399.138336,rc_send_suppressed,
1789943399.2719357,rc_send_suppressed,
1789943399.3934445,rc_send_suppressed,
1789943399.5284407,rc_send_suppressed,
1789943399.6327367,rc_send_suppressed,
1789943399.7704995,rc_send_suppressed,
1789943399.8872125,rc_send_suppressed,
1789943400.0338728,rc_send_suppressed,
1789943400.1369812,rc_send_suppressed,
1789943400.264427,rc_send_suppressed,
1789943400.3853526,rc_send_suppressed,
1789943400.531804,rc_send_suppressed,
1789943400.639812,rc_send_suppressed,
1789943400.7651217,rc_send_suppressed,
1789943400.8826501,rc_send_suppressed,
1789943401.0304003,rc_send_suppressed,
1789943401.1371639,rc_send_suppressed,
1789943401.2772226,rc_send_suppressed,
1789943401.3913574,rc_send_suppressed,
1789943401.5302112,rc_send_suppressed,
1789943401.6358645,rc_send_suppressed,
1789943401.738144,rc_send_suppressed,
1789943401.843994,rc_send_suppressed,
1789943401.9929507,rc_send_suppressed,
1789943402.093877,rc_send_suppressed,
1789943402.2439158,rc_send_suppressed,
1789943402.3511572,rc_send_suppressed,
1789943402.4929316,rc_send_suppressed,
1789943402.5919871,rc_send_suppressed,
1789943402.693148,rc_send_suppressed,
1789943402.8043594,rc_send_suppressed,
1789943402.8685608,llm_explanation,4002.9867000412196
1789943402.9407392,rc_send_suppressed,
1789943403.0557823,rc_send_suppressed,
1789943403.1908941,rc_send_suppressed,
1789943403.3036554,rc_send_suppressed,
1789943403.4379456,rc_send_suppressed,
1789943403.5472748,rc_send_suppressed,
1789943403.6902483,rc_send_suppressed,
1789943403.8023133,rc_send_suppressed,
1789943403.9359965,rc_send_suppressed,
1789943404.0485244,rc_send_suppressed,
1789943404.1897933,rc_send_suppressed,
1789943404.306889,rc_send_suppressed,
1789943404.4350963,rc_send_suppressed,
1789943404.5508657,rc_send_suppressed,
1789943404.692486,rc_send_suppressed,
1789943404.8115673,rc_send_suppressed,
1789943404.9558861,rc_send_suppressed,
1789943405.0655146,rc_send_suppressed,
1789943405.2039244,rc_send_suppressed,
1789943405.3195813,rc_send_suppressed,
1789943405.4684432,rc_send_suppressed,
1789943405.617264,rc_send_suppressed,
1789943405.7194023,rc_send_suppressed,
1789943405.8574429,rc_send_suppressed,
1789943405.9708326,rc_send_suppressed,
1789943406.117751,rc_send_suppressed,
1789943406.2215412,rc_send_suppressed,
1789943406.3596385,rc_send_suppressed,
1789943406.370848,llm_explanation,3513.4850000031292
1789943406.4633102,rc_send_suppressed,
1789943406.613135,rc_send_suppressed,
1789943406.7238557,rc_send_suppressed,
1789943406.8627203,rc_send_suppressed,
1789943406.9702013,rc_send_suppressed,
1789943407.0708804,rc_send_suppressed,
1789943407.1763697,rc_send_suppressed,
1789943407.2778618,rc_send_suppressed,
1789943407.3912148,rc_send_suppressed,
1789943407.5306745,rc_send_suppressed,
1789943407.6322446,rc_send_suppressed,
1789943407.7773318,rc_send_suppressed,
1789943407.8910942,rc_send_suppressed,
1789943408.0259497,llm_explanation,1635.2936999755912
1789943408.0408328,rc_send_suppressed,
1789943408.1445758,rc_send_suppressed,
1789943408.2809823,rc_send_suppressed,
1789943408.3946664,rc_send_suppressed,
1789943408.5355544,rc_send_suppressed,
1789943408.6369436,rc_send_suppressed,
1789943408.770585,rc_send_suppressed,
1789943408.8708127,rc_send_suppressed,
1789943408.9732454,rc_send_suppressed,
1789943409.0978715,rc_send_suppressed,
1789943409.1993222,rc_send_suppressed,
1789943409.3019445,rc_send_suppressed,
1789943409.4405773,rc_send_suppressed,
1789943409.5660632,rc_send_suppressed,
1789943409.6972928,rc_send_suppressed,
1789943409.8029609,rc_send_suppressed,
1789943409.9477046,rc_send_suppressed,
1789943410.0640972,rc_send_suppressed,
1789943410.2031202,rc_send_suppressed,
1789943410.3065224,rc_send_suppressed,
1789943410.4389477,rc_send_suppressed,
1789943410.5605912,rc_send_suppressed,
1789943410.7005446,rc_send_suppressed,
1789943410.80847,rc_send_suppressed,
1789943410.9349422,rc_send_suppressed,
1789943411.0574057,rc_send_suppressed,
1789943411.1988401,rc_send_suppressed,
1789943411.3098016,rc_send_suppressed,
1789943411.4100804,rc_send_suppressed,
1789943411.569289,rc_send_suppressed,
1789943411.5816658,llm_explanation,3572.916500037536
1789943411.6813939,rc_send_suppressed,
1789943411.783168,rc_send_suppressed,
1789943411.8963218,rc_send_suppressed,
1789943412.025645,rc_send_suppressed,
1789943412.1276765,rc_send_suppressed,
1789943412.2757597,rc_send_suppressed,
1789943412.3839211,rc_send_suppressed,
1789943412.5240645,rc_send_suppressed,
1789943412.6346593,rc_send_suppressed,
1789943412.7767086,rc_send_suppressed,
1789943412.8850513,rc_send_suppressed,
1789943413.0276525,rc_send_suppressed,
1789943413.133946,rc_send_suppressed,
1789943413.2814794,rc_send_suppressed,
1789943413.3869402,rc_send_suppressed,
1789943413.5293527,rc_send_suppressed,
1789943413.6347177,rc_send_suppressed,
1789943413.7698162,rc_send_suppressed,
1789943413.8722925,rc_send_suppressed,
1789943413.974095,rc_send_suppressed,
1789943414.116864,rc_send_suppressed,
1789943414.2291842,rc_send_suppressed,
1789943414.333055,rc_send_suppressed,
1789943414.482509,rc_send_suppressed,
1789943414.5893233,rc_send_suppressed,
1789943414.6901622,rc_send_suppressed,
1789943414.8371708,rc_send_suppressed,
1789943414.9548235,rc_send_suppressed,
1789943415.0887225,rc_send_suppressed,
1789943415.2032351,rc_send_suppressed,
1789943415.34817,rc_send_suppressed,
1789943415.4483125,rc_send_suppressed,
1789943415.600218,rc_send_suppressed,
1789943415.6122532,llm_explanation,4006.3533000065945
1789943415.715191,rc_send_suppressed,
1789943415.8579028,rc_send_suppressed,
1789943415.9613776,rc_send_suppressed,
1789943416.1014435,rc_send_suppressed,
1789943416.2129197,rc_send_suppressed,
1789943416.3589041,rc_send_suppressed,
1789943416.47322,rc_send_suppressed,
1789943416.5907419,rc_send_suppressed,
1789943416.7223022,rc_send_suppressed,
1789943416.822295,rc_send_suppressed,
1789943416.9251788,rc_send_suppressed,
1789943417.0706382,rc_send_suppressed,
1789943417.1709566,rc_send_suppressed,
1789943417.3176725,rc_send_suppressed,
1789943417.4214704,rc_send_suppressed,
1789943417.5554316,llm_explanation,1943.883600004483
1789943417.5741348,rc_send_suppressed,
1789943417.6852367,rc_send_suppressed,
1789943417.792826,rc_send_suppressed,
1789943417.9340596,rc_send_suppressed,
1789943418.036145,rc_send_suppressed,
1789943418.1705058,rc_send_suppressed,
1789943418.2825828,rc_send_suppressed,
1789943418.4268467,rc_send_suppressed,
1789943418.5416875,rc_send_suppressed,
1789943418.6694298,rc_send_suppressed,
1789943418.789163,rc_send_suppressed,
1789943418.9296687,rc_send_suppressed,
1789943419.039271,rc_send_suppressed,
1789943419.1736124,rc_send_suppressed,
1789943419.2938871,rc_send_suppressed,
1789943419.429164,rc_send_suppressed,
1789943419.5373368,rc_send_suppressed,
1789943419.6576376,rc_send_suppressed,
1789943419.7590518,rc_send_suppressed,
1789943419.8687735,rc_send_suppressed,
1789943420.000471,rc_send_suppressed,
1789943420.1209056,rc_send_suppressed,
1789943420.2665894,rc_send_suppressed,
1789943420.2772813,llm_explanation,2732.4874999467283
1789943420.368287,rc_send_suppressed,
1789943420.5025363,rc_send_suppressed,
1789943420.613,rc_send_suppressed,
1789943420.7367356,rc_send_suppressed,
1789943420.8384168,rc_send_suppressed,
1789943420.9794955,rc_send_suppressed,
1789943421.106848,rc_send_suppressed,
1789943421.208184,rc_send_suppressed,
1789943421.356882,rc_send_suppressed,
1789943421.4575782,rc_send_suppressed,
1789943421.5920222,rc_send_suppressed,
1789943421.6959841,rc_send_suppressed,
1789943421.8387566,rc_send_suppressed,
1789943421.958718,rc_send_suppressed,
1789943422.0908036,rc_send_suppressed,
1789943422.2042148,rc_send_suppressed,
1789943422.341355,rc_send_suppressed,
1789943422.4497116,rc_send_suppressed,
1789943422.5921772,rc_send_suppressed,
1789943422.70763,rc_send_suppressed,
1789943422.8346677,rc_send_suppressed,
1789943422.954026,rc_send_suppressed,
1789943423.092409,rc_send_suppressed,
1789943423.198091,rc_send_suppressed,
1789943423.3411753,rc_send_suppressed,
1789943423.4479644,rc_send_suppressed,
1789943423.5922954,rc_send_suppressed,
1789943423.7052062,rc_send_suppressed,
1789943423.8402352,rc_send_suppressed,
1789943423.9526498,rc_send_suppressed,
1789943424.0962856,rc_send_suppressed,
1789943424.2061672,rc_send_suppressed,
1789943424.3392406,llm_explanation,4014.732700015884
1789943424.3567011,rc_send_suppressed,
1789943424.465748,rc_send_suppressed,
1789943424.5947874,rc_send_suppressed,
1789943424.6984816,rc_send_suppressed,
1789943424.8252728,rc_send_suppressed,
1789943424.948794,rc_send_suppressed,
1789943425.0894878,rc_send_suppressed,
1789943425.1911027,rc_send_suppressed,
1789943425.3376567,rc_send_suppressed,
1789943425.4445202,rc_send_suppressed,
1789943425.5924025,rc_send_suppressed,
1789943425.7371533,rc_send_suppressed,
1789943425.844935,rc_send_suppressed,
1789943425.9519227,rc_send_suppressed,
1789943426.0912802,rc_send_suppressed,
1789943426.199873,rc_send_suppressed,
1789943426.3439498,rc_send_suppressed,
1789943426.4575057,rc_send_suppressed,
1789943426.594571,rc_send_suppressed,
1789943426.6973858,rc_send_suppressed,
1789943426.839359,rc_send_suppressed,
1789943426.9540384,rc_send_suppressed,
1789943427.0995898,rc_send_suppressed,
1789943427.208971,rc_send_suppressed,
1789943427.341458,rc_send_suppressed,
1789943427.4131324,llm_explanation,3082.273999985773
1789943427.453025,rc_send_suppressed,
1789943427.6006029,rc_send_suppressed,
1789943427.7129562,rc_send_suppressed,
1789943427.8547857,rc_send_suppressed,
1789943428.0061183,rc_send_suppressed,
1789943428.1195154,rc_send_suppressed,
1789943428.2598948,rc_send_suppressed,
1789943428.3697264,rc_send_suppressed,
1789943428.506933,rc_send_suppressed,
1789943428.622128,rc_send_suppressed,
1789943428.7557228,rc_send_suppressed,
1789943428.8584008,rc_send_suppressed,
1789943429.0070527,rc_send_suppressed,
1789943429.1163034,rc_send_suppressed,
1789943429.2660215,rc_send_suppressed,
1789943429.3657885,rc_send_suppressed,
1789943429.504918,rc_send_suppressed,
1789943429.6133397,rc_send_suppressed,
1789943429.7253594,rc_send_suppressed,
1789943429.8735204,rc_send_suppressed,
1789943429.9863164,rc_send_suppressed,
1789943430.128275,rc_send_suppressed,
1789943430.2409832,rc_send_suppressed,
1789943430.3647606,rc_send_suppressed,
1789943430.4648883,rc_send_suppressed,
1789943430.5753121,rc_send_suppressed,
1789943430.7059884,rc_send_suppressed,
1789943430.8338966,rc_send_suppressed,
1789943430.975946,rc_send_suppressed,
1789943431.0774488,rc_send_suppressed,
1789943431.1878893,rc_send_suppressed,
1789943431.3332512,rc_send_suppressed,
1789943431.3975477,llm_explanation,4012.4910000013188
1789943431.438206,rc_send_suppressed,
1789943431.5689306,rc_send_suppressed,
1789943431.6819787,rc_send_suppressed,
1789943431.7903183,rc_send_suppressed,
1789943431.8942916,rc_send_suppressed,
1789943432.0465112,rc_send_suppressed,
1789943432.1578698,rc_send_suppressed,
1789943432.2995493,rc_send_suppressed,
1789943432.401419,rc_send_suppressed,
1789943432.53408,rc_send_suppressed,
1789943432.65301,rc_send_suppressed,
1789943432.7629519,rc_send_suppressed,
1789943432.9061058,rc_send_suppressed,
1789943433.014324,rc_send_suppressed,
1789943433.1578934,rc_send_suppressed,
1789943433.2694654,rc_send_suppressed,
1789943433.397463,rc_send_suppressed,
1789943433.5193841,rc_send_suppressed,
1789943433.6615925,rc_send_suppressed,
1789943433.7839422,rc_send_suppressed,
1789943433.8847656,rc_send_suppressed,
1789943434.0374284,rc_send_suppressed,
1789943434.1583307,rc_send_suppressed,
1789943434.2904804,rc_send_suppressed,
1789943434.3987725,rc_send_suppressed,
1789943434.5378,rc_send_suppressed,
1789943434.6502779,rc_send_suppressed,
1789943434.7623494,rc_send_suppressed,
1789943434.904323,rc_send_suppressed,
1789943435.011268,rc_send_suppressed,
1789943435.153661,rc_send_suppressed,
1789943435.2711344,rc_send_suppressed,
1789943435.4051118,rc_send_suppressed,
1789943435.5211813,rc_send_suppressed,
1789943435.6603277,rc_send_suppressed,
1789943435.7870421,rc_send_suppressed,
1789943435.889205,rc_send_suppressed,
1789943436.0339093,rc_send_suppressed,
1789943436.15286,rc_send_suppressed,
1789943436.2997382,rc_send_suppressed,
1789943436.4001727,rc_send_suppressed,
1789943436.5321321,rc_send_suppressed,
1789943436.6533294,rc_send_suppressed,
1789943436.767719,rc_send_suppressed,
1789943436.8919778,rc_send_suppressed,
1789943436.9962916,rc_send_suppressed,
1789943437.0986474,rc_send_suppressed,
1789943437.2354548,rc_send_suppressed,
1789943437.3581138,rc_send_suppressed,
1789943437.493738,rc_send_suppressed,
1789943437.5987496,rc_send_suppressed,
1789943437.698962,rc_send_suppressed,
1789943437.8195498,rc_send_suppressed,
1789943437.9689453,rc_send_suppressed,
1789943438.0812476,rc_send_suppressed,
1789943438.2237334,rc_send_suppressed,
1789943438.32561,rc_send_suppressed,
1789943438.4288535,rc_send_suppressed,
1789943438.5691378,rc_send_suppressed,
1789943438.683306,rc_send_suppressed,
1789943438.790485,rc_send_suppressed,
1789943438.8912225,rc_send_suppressed,
1789943439.032733,rc_send_suppressed,
1789943439.135094,rc_send_suppressed,
1789943439.2378333,rc_send_suppressed,
1789943439.3777404,rc_send_suppressed,
1789943439.50349,rc_send_suppressed,
1789943439.6059752,rc_send_suppressed,
1789943439.7079608,rc_send_suppressed,
1789943439.8081439,rc_send_suppressed,
1789943439.9481292,rc_send_suppressed,
1789943440.0589852,rc_send_suppressed,
1789943440.1922941,rc_send_suppressed,
1789943440.298597,rc_send_suppressed,
1789943440.4238343,rc_send_suppressed,
1789943440.5308242,rc_send_suppressed,
1789943440.6334429,rc_send_suppressed,
1789943440.7739875,rc_send_suppressed,
1789943440.8846874,rc_send_suppressed,
1789943441.0147243,llm_explanation,1576.504600001499
1789943441.0273435,rc_send_suppressed,
1789943441.1318371,rc_send_suppressed,
1789943441.2698681,rc_send_suppressed,
1789943441.3826723,rc_send_suppressed,
1789943441.5383599,rc_send_suppressed,
1789943441.641333,rc_send_suppressed,
1789943441.7680845,rc_send_suppressed,
1789943441.8898826,rc_send_suppressed,
1789943442.0331137,rc_send_suppressed,
1789943442.1349134,rc_send_suppressed,
1789943442.282204,rc_send_suppressed,
1789943442.3862374,rc_send_suppressed,
1789943442.5283551,rc_send_suppressed,
1789943442.6393673,rc_send_suppressed,
1789943442.7752879,rc_send_suppressed,
1789943442.8857846,rc_send_suppressed,
1789943443.0304694,rc_send_suppressed,
1789943443.1319027,rc_send_suppressed,
1789943443.2328796,rc_send_suppressed,
1789943443.3589604,rc_send_suppressed,
1789943443.4668534,rc_send_suppressed,
1789943443.6024258,rc_send_suppressed,
1789943443.705487,rc_send_suppressed,
1789943443.8139467,rc_send_suppressed,
1789943443.9413502,rc_send_suppressed,
1789943444.0571668,rc_send_suppressed,
1789943444.192588,rc_send_suppressed,
1789943444.2996767,rc_send_suppressed,
1789943444.443178,rc_send_suppressed,
1789943444.5541103,rc_send_suppressed,
1789943444.6950102,rc_send_suppressed,
1789943444.7977078,rc_send_suppressed,
1789943444.935728,rc_send_suppressed,
1789943445.0201302,llm_explanation,4010.9856000053696
1789943445.0581222,rc_send_suppressed,
1789943445.2013025,rc_send_suppressed,
1789943445.3042307,rc_send_suppressed,
1789943445.4274538,rc_send_suppressed,
1789943445.533925,rc_send_suppressed,
1789943445.6346714,rc_send_suppressed,
1789943445.7708256,rc_send_suppressed,
1789943445.8963726,rc_send_suppressed,
1789943446.051168,rc_send_suppressed,
1789943446.1692545,rc_send_suppressed,
1789943446.299207,rc_send_suppressed,
1789943446.454923,rc_send_suppressed,
1789943446.5728576,rc_send_suppressed,
1789943446.6997185,rc_send_suppressed,
1789943446.809963,rc_send_suppressed,
1789943446.9102418,rc_send_suppressed,
1789943447.0136633,rc_send_suppressed,
1789943447.1446803,rc_send_suppressed,
1789943447.3151808,rc_send_suppressed,
1789943447.4163697,rc_send_suppressed,
1789943447.5229318,rc_send_suppressed,
1789943447.6253052,rc_send_suppressed,
1789943447.7350025,rc_send_suppressed,
1789943447.8422787,rc_send_suppressed,
1789943447.9524076,rc_send_suppressed,
1789943448.055791,rc_send_suppressed,
1789943448.1621196,rc_send_suppressed,
1789943448.2932832,rc_send_suppressed,
1789943448.4223228,rc_send_suppressed,
1789943448.5966187,rc_send_suppressed,
1789943448.7124276,rc_send_suppressed,
1789943448.8249469,rc_send_suppressed,
1789943448.9414043,rc_send_suppressed,
1789943449.0930927,rc_send_suppressed,
1789943449.2188766,rc_send_suppressed,
1789943449.3400567,rc_send_suppressed,
1789943449.4501686,rc_send_suppressed,
1789943449.5736735,rc_send_suppressed,
1789943449.6890557,rc_send_suppressed,
1789943449.806107,rc_send_suppressed,
1789943449.924472,rc_send_suppressed,
1789943450.056714,rc_send_suppressed,
1789943450.18894,rc_send_suppressed,
1789943450.3128712,rc_send_suppressed,
1789943450.4290013,rc_send_suppressed,
1789943450.5516012,rc_send_suppressed,
1789943450.7288141,rc_send_suppressed,
1789943450.8317742,rc_send_suppressed,
1789943450.977368,rc_send_suppressed,
1789943451.097895,rc_send_suppressed,
1789943451.219928,rc_send_suppressed,
1789943451.3285813,rc_send_suppressed,
1789943451.4357243,rc_send_suppressed,
1789943451.452804,llm_explanation,2445.771800004877
1789943451.543471,rc_send_suppressed,
1789943451.6776276,rc_send_suppressed,
1789943451.8040378,rc_send_suppressed,
1789943451.9279692,rc_send_suppressed,
1789943452.0313005,rc_send_suppressed,
1789943452.1352408,rc_send_suppressed,
1789943452.2552345,rc_send_suppressed,
1789943452.365331,rc_send_suppressed,
1789943452.4660194,rc_send_suppressed,
1789943452.5751967,rc_send_suppressed,
1789943452.7026145,rc_send_suppressed,
1789943452.8295107,rc_send_suppressed,
1789943452.9659362,rc_send_suppressed,
1789943453.0831468,rc_send_suppressed,
1789943453.1936126,rc_send_suppressed,
1789943453.3044522,rc_send_suppressed,
1789943453.4126961,rc_send_suppressed,
1789943453.5197096,rc_send_suppressed,
1789943453.6302269,rc_send_suppressed,
1789943453.7655149,rc_send_suppressed,
1789943453.8725572,rc_send_suppressed,
1789943453.989863,rc_send_suppressed,
1789943454.1023605,rc_send_suppressed,
1789943454.2163863,rc_send_suppressed,
1789943454.3251798,rc_send_suppressed,
1789943454.3903017,llm_explanation,2908.9136999682523
1789943454.4503436,rc_send_suppressed,
1789943454.5849833,rc_send_suppressed,
1789943454.6950407,rc_send_suppressed,
1789943454.8150463,rc_send_suppressed,
1789943454.9327567,rc_send_suppressed,
1789943455.0449612,rc_send_suppressed,
1789943455.1512177,rc_send_suppressed,
1789943455.2546446,rc_send_suppressed,
1789943455.372588,rc_send_suppressed,
1789943455.4798923,rc_send_suppressed,
1789943455.5914404,rc_send_suppressed,
1789943455.6997502,rc_send_suppressed,
1789943455.8175356,rc_send_suppressed,
1789943455.9205093,rc_send_suppressed,
1789943456.0328379,rc_send_suppressed,
1789943456.13559,rc_send_suppressed,
1789943456.2686439,rc_send_suppressed,
1789943456.385461,rc_send_suppressed,
1789943456.4927552,rc_send_suppressed,
1789943456.6147113,rc_send_suppressed,
1789943456.72991,rc_send_suppressed,
1789943456.8362765,rc_send_suppressed,
1789943456.977344,rc_send_suppressed,
1789943457.0939617,rc_send_suppressed,
1789943457.2166398,rc_send_suppressed,
1789943457.3310788,rc_send_suppressed,
1789943457.465486,rc_send_suppressed,
1789943457.5702264,rc_send_suppressed,
1789943457.6858509,rc_send_suppressed,
1789943457.7877748,rc_send_suppressed,
1789943457.9034803,rc_send_suppressed,
1789943458.0111914,rc_send_suppressed,
1789943458.1209924,rc_send_suppressed,
1789943458.290351,rc_send_suppressed,
1789943458.4003165,llm_explanation,4008.968600013759
1789943458.43125,rc_send_suppressed,
1789943458.54233,rc_send_suppressed,
1789943458.647758,rc_send_suppressed,
1789943458.7641902,rc_send_suppressed,
1789943458.8668945,rc_send_suppressed,
1789943458.9795074,rc_send_suppressed,
1789943459.111744,rc_send_suppressed,
1789943459.216563,rc_send_suppressed,
1789943459.321278,rc_send_suppressed,
1789943459.450295,rc_send_suppressed,
1789943459.6243334,rc_send_suppressed,
1789943459.75811,rc_send_suppressed,
1789943459.859086,rc_send_suppressed,
1789943459.9756393,rc_send_suppressed,
1789943460.0783644,rc_send_suppressed,
1789943460.1994364,rc_send_suppressed,
1789943460.3295598,rc_send_suppressed,
1789943460.4491587,rc_send_suppressed,
1789943460.6043942,rc_send_suppressed,
1789943460.722056,rc_send_suppressed,
1789943460.841297,rc_send_suppressed,
1789943460.9535663,rc_send_suppressed,
1789943461.100511,rc_send_suppressed,
1789943461.200914,llm_explanation,2751.3330000219867
1789943461.222015,rc_send_suppressed,
1789943461.34822,rc_send_suppressed,
1789943461.4592152,rc_send_suppressed,
1789943461.6032157,rc_send_suppressed,
1789943461.7092023,rc_send_suppressed,
1789943461.819324,rc_send_suppressed,
1789943461.9262848,rc_send_suppressed,
1789943462.0489194,rc_send_suppressed,
1789943462.1696906,rc_send_suppressed,
1789943462.2920995,rc_send_suppressed,
1789943462.4138415,rc_send_suppressed,
1789943462.5204918,rc_send_suppressed,
1789943462.6219819,rc_send_suppressed,
1789943462.7295501,rc_send_suppressed,
1789943462.8607419,rc_send_suppressed,
1789943462.9651892,rc_send_suppressed,
1789943463.133537,rc_send_suppressed,
1789943463.236366,rc_send_suppressed,
1789943463.3395991,rc_send_suppressed,
1789943463.4716997,rc_send_suppressed,
1789943463.5732996,rc_send_suppressed,
1789943463.678489,rc_send_suppressed,
1789943463.7993755,rc_send_suppressed,
1789943463.903299,rc_send_suppressed,
1789943464.0213878,rc_send_suppressed,
1789943464.1933546,rc_send_suppressed,
1789943464.295794,rc_send_suppressed,
1789943464.4211502,rc_send_suppressed,
1789943464.526815,rc_send_suppressed,
1789943464.6379921,rc_send_suppressed,
1789943464.7430582,rc_send_suppressed,
1789943464.8313513,llm_explanation,3677.2821999620646
1789943464.8522792,rc_send_suppressed,
1789943464.9602146,rc_send_suppressed,
1789943465.0881793,rc_send_suppressed,
1789943465.195896,rc_send_suppressed,
1789943465.3164167,rc_send_suppressed,
1789943465.4466324,rc_send_suppressed,
1789943465.5566943,rc_send_suppressed,
1789943465.6624124,rc_send_suppressed,
1789943465.778272,rc_send_suppressed,
1789943465.8805053,rc_send_suppressed,
1789943465.9958901,rc_send_suppressed,
1789943466.1140294,rc_send_suppressed,
1789943466.2362854,rc_send_suppressed,
1789943466.3665974,rc_send_suppressed,
1789943466.4779997,rc_send_suppressed,
1789943466.5179484,llm_explanation,1696.0244999499992
1789943466.6249812,rc_send_suppressed,
1789943466.7292187,rc_send_suppressed,
1789943466.8621016,rc_send_suppressed,
1789943466.979419,rc_send_suppressed,
1789943467.1209173,rc_send_suppressed,
1789943467.2293286,rc_send_suppressed,
1789943467.3595572,rc_send_suppressed,
1789943467.4818742,rc_send_suppressed,
1789943467.6199622,rc_send_suppressed,
1789943467.7210279,rc_send_suppressed,
1789943467.8573978,rc_send_suppressed,
1789943467.980096,rc_send_suppressed,
1789943468.1172962,rc_send_suppressed,
1789943468.2318766,rc_send_suppressed,
1789943468.3572528,rc_send_suppressed,
1789943468.461685,rc_send_suppressed,
1789943468.5661051,rc_send_suppressed,
1789943468.695509,rc_send_suppressed,
1789943468.8227448,rc_send_suppressed,
1789943468.957017,rc_send_suppressed,
1789943469.071158,rc_send_suppressed,
1789943469.198889,rc_send_suppressed,
1789943469.314434,rc_send_suppressed,
1789943469.4598744,rc_send_suppressed,
1789943469.5612135,rc_send_suppressed,
1789943469.7051961,rc_send_suppressed,
1789943469.8149571,rc_send_suppressed,
1789943469.9548712,rc_send_suppressed,
1789943470.067572,rc_send_suppressed,
1789943470.2036014,rc_send_suppressed,
1789943470.3351767,rc_send_suppressed,
1789943470.4609506,rc_send_suppressed,
1789943470.5172327,llm_explanation,4014.5544999977574
1789943470.589917,rc_send_suppressed,
1789943470.7159102,rc_send_suppressed,
1789943470.8317547,rc_send_suppressed,
1789943470.9431207,rc_send_suppressed,
1789943471.0539804,rc_send_suppressed,
1789943471.1848192,rc_send_suppressed,
1789943471.29253,rc_send_suppressed,
1789943471.432994,rc_send_suppressed,
1789943471.5568442,rc_send_suppressed,
1789943471.704312,rc_send_suppressed,
1789943471.831527,rc_send_suppressed,
1789943471.9662902,rc_send_suppressed,
1789943472.0858421,rc_send_suppressed,
1789943472.2278068,rc_send_suppressed,
1789943472.3513653,rc_send_suppressed,
1789943472.4708664,rc_send_suppressed,
1789943472.5895019,rc_send_suppressed,
1789943472.7098205,rc_send_suppressed,
1789943472.8233654,rc_send_suppressed,
1789943472.972439,rc_send_suppressed,
1789943473.080994,rc_send_suppressed,
1789943473.2059488,rc_send_suppressed,
1789943473.3222432,rc_send_suppressed,
1789943473.4672287,rc_send_suppressed,
1789943473.5914426,rc_send_suppressed,
1789943473.7206945,rc_send_suppressed,
1789943473.839603,rc_send_suppressed,
1789943473.9665985,rc_send_suppressed,
1789943474.072336,rc_send_suppressed,
1789943474.090522,llm_explanation,3579.5492000179365
1789943474.2026856,rc_send_suppressed,
1789943474.3224473,rc_send_suppressed,
1789943474.4471045,rc_send_suppressed,
1789943474.5651503,rc_send_suppressed,
1789943474.6841078,rc_send_suppressed,
1789943474.8174772,rc_send_suppressed,
1789943474.9659362,rc_send_suppressed,
1789943475.0672479,rc_send_suppressed,
1789943475.191918,rc_send_suppressed,
1789943475.3165483,rc_send_suppressed,
1789943475.437258,rc_send_suppressed,
1789943475.5446153,rc_send_suppressed,
1789943475.6674013,rc_send_suppressed,
1789943475.8124266,rc_send_suppressed,
1789943475.9290204,rc_send_suppressed,
1789943476.0436635,rc_send_suppressed,
1789943476.1717741,rc_send_suppressed,
1789943476.291667,rc_send_suppressed,
1789943476.4167843,rc_send_suppressed,
1789943476.534691,rc_send_suppressed,
1789943476.654155,rc_send_suppressed,
1789943476.8090284,rc_send_suppressed,
1789943476.9655097,rc_send_suppressed,
1789943477.0921066,rc_send_suppressed,
1789943477.2136676,rc_send_suppressed,
1789943477.3244882,rc_send_suppressed,
1789943477.4442925,rc_send_suppressed,
1789943477.5583045,rc_send_suppressed,
1789943477.705054,rc_send_suppressed,
1789943477.8217065,rc_send_suppressed,
1789943477.9484208,rc_send_suppressed,
1789943478.118198,rc_send_suppressed,
1789943478.1511602,llm_explanation,4014.656000013929
1789943478.2617695,rc_send_suppressed,
1789943478.3745818,rc_send_suppressed,
1789943478.5276556,rc_send_suppressed,
1789943478.638936,rc_send_suppressed,
1789943478.7416284,rc_send_suppressed,
1789943478.8688028,rc_send_suppressed,
1789943478.989125,rc_send_suppressed,
1789943479.0920405,rc_send_suppressed,
1789943479.197795,rc_send_suppressed,
1789943479.3125048,rc_send_suppressed,
1789943479.427131,rc_send_suppressed,
1789943479.5516834,rc_send_suppressed,
1789943479.6555827,rc_send_suppressed,
1789943479.804518,rc_send_suppressed,
1789943479.9316142,rc_send_suppressed,
1789943480.0606375,rc_send_suppressed,
1789943480.1816752,rc_send_suppressed,
1789943480.3481991,rc_send_suppressed,
1789943480.489964,rc_send_suppressed,
1789943480.598688,rc_send_suppressed,
1789943480.7010083,rc_send_suppressed,
1789943480.814982,rc_send_suppressed,
1789943480.9179502,rc_send_suppressed,
1789943481.040548,rc_send_suppressed,
1789943481.143462,rc_send_suppressed,
1789943481.2579234,rc_send_suppressed,
1789943481.4014523,rc_send_suppressed,
1789943481.5243251,rc_send_suppressed,
1789943481.64265,rc_send_suppressed,
1789943481.753907,rc_send_suppressed,
1789943481.8867886,rc_send_suppressed,
1789943481.9914663,rc_send_suppressed,
1789943482.1086555,rc_send_suppressed,
1789943482.2578702,rc_send_suppressed,
1789943482.382188,rc_send_suppressed,
1789943482.5421069,rc_send_suppressed,
1789943482.6818223,rc_send_suppressed,
1789943482.8083072,rc_send_suppressed,
1789943482.921606,rc_send_suppressed,
1789943483.0527537,rc_send_suppressed,
1789943483.1878643,rc_send_suppressed,
1789943483.3087132,rc_send_suppressed,
1789943483.4380538,rc_send_suppressed,
1789943483.5480375,rc_send_suppressed,
1789943483.6595325,rc_send_suppressed,
1789943483.7765021,rc_send_suppressed,
1789943483.898003,rc_send_suppressed,
1789943484.0167327,rc_send_suppressed,
1789943484.1200054,rc_send_suppressed,
1789943484.2232015,rc_send_suppressed,
1789943484.3223395,rc_send_suppressed,
1789943484.4419405,rc_send_suppressed,
1789943484.54634,rc_send_suppressed,
1789943484.6526237,rc_send_suppressed,
1789943484.7536037,rc_send_suppressed,
1789943484.8949113,rc_send_suppressed,
1789943485.0059092,rc_send_suppressed,
1789943485.1285987,rc_send_suppressed,
1789943485.2910237,rc_send_suppressed,
1789943485.3987813,rc_send_suppressed,
1789943485.5579207,rc_send_suppressed,
1789943485.6834908,rc_send_suppressed,
1789943485.8008616,rc_send_suppressed,
1789943485.9171667,rc_send_suppressed,
1789943486.044276,rc_send_suppressed,
1789943486.1972904,rc_send_suppressed,
1789943486.3319306,rc_send_suppressed,
1789943486.4584074,rc_send_suppressed,
1789943486.5660806,rc_send_suppressed,
1789943486.6701384,rc_send_suppressed,
1789943486.7789404,rc_send_suppressed,
1789943486.9072874,rc_send_suppressed,
1789943487.0261467,rc_send_suppressed,
1789943487.1394029,rc_send_suppressed,
1789943487.2579913,rc_send_suppressed,
1789943487.386921,rc_send_suppressed,
1789943487.5575864,rc_send_suppressed,
1789943487.6780026,rc_send_suppressed,
1789943487.8061025,rc_send_suppressed,
1789943487.9648154,rc_send_suppressed,
1789943488.0799046,rc_send_suppressed,
1789943488.2122695,rc_send_suppressed,
1789943488.3680725,rc_send_suppressed,
1789943488.4972708,rc_send_suppressed,
1789943488.5995786,rc_send_suppressed,
1789943488.7346761,rc_send_suppressed,
1789943488.9035902,rc_send_suppressed,
1789943489.0173197,rc_send_suppressed,
1789943489.1278331,rc_send_suppressed,
1789943489.2622302,rc_send_suppressed,
1789943489.3843067,rc_send_suppressed,
1789943489.5537028,rc_send_suppressed,
1789943489.6792748,rc_send_suppressed,
1789943489.7854917,rc_send_suppressed,
1789943489.9156241,rc_send_suppressed,
1789943490.0261056,rc_send_suppressed,
1789943490.1266727,rc_send_suppressed,
1789943490.2484384,rc_send_suppressed,
1789943490.3514397,rc_send_suppressed,
1789943490.4832006,rc_send_suppressed,
1789943490.6021347,rc_send_suppressed,
1789943490.7240953,rc_send_suppressed,
1789943490.892114,rc_send_suppressed,
1789943491.0078275,rc_send_suppressed,
1789943491.117081,rc_send_suppressed,
1789943491.2238133,rc_send_suppressed,
1789943491.3422518,rc_send_suppressed,
1789943491.4436975,rc_send_suppressed,
1789943491.5489047,rc_send_suppressed,
1789943491.6845238,rc_send_suppressed,
1789943491.788702,rc_send_suppressed,
1789943491.9213142,rc_send_suppressed,
1789943492.0361845,rc_send_suppressed,
1789943492.1477854,rc_send_suppressed,
1789943492.2555966,rc_send_suppressed,
1789943492.4202487,rc_send_suppressed,
1789943492.5362139,rc_send_suppressed,
1789943492.6471994,rc_send_suppressed,
1789943492.7687488,rc_send_suppressed,
1789943492.8841898,rc_send_suppressed,
1789943492.9865372,rc_send_suppressed,
1789943493.1029866,rc_send_suppressed,
1789943493.2172778,rc_send_suppressed,
1789943493.3453202,rc_send_suppressed,
1789943493.4547875,rc_send_suppressed,
1789943493.5764117,rc_send_suppressed,
1789943493.7277093,rc_send_suppressed,
1789943493.8678358,rc_send_suppressed,
1789943494.0013306,rc_send_suppressed,
1789943494.1367314,rc_send_suppressed,
1789943494.2638583,rc_send_suppressed,
1789943494.4025016,rc_send_suppressed,
1789943494.5109622,rc_send_suppressed,
1789943494.619214,rc_send_suppressed,
1789943494.7279735,rc_send_suppressed,
1789943494.8370419,rc_send_suppressed,
1789943494.9412317,rc_send_suppressed,
1789943495.068012,rc_send_suppressed,
1789943495.1948144,rc_send_suppressed,
1789943495.3076894,rc_send_suppressed,
1789943495.4230177,rc_send_suppressed,
1789943495.5368922,rc_send_suppressed,
1789943495.6407712,rc_send_suppressed,
1789943495.751027,rc_send_suppressed,
1789943495.9201508,rc_send_suppressed,
1789943496.0478792,rc_send_suppressed,
1789943496.159366,rc_send_suppressed,
1789943496.295764,rc_send_suppressed,
1789943496.4223523,rc_send_suppressed,
1789943496.5940516,rc_send_suppressed,
1789943496.7084343,rc_send_suppressed,
1789943496.8125775,rc_send_suppressed,
1789943496.9417922,rc_send_suppressed,
1789943497.0650072,rc_send_suppressed,
1789943497.1795385,rc_send_suppressed,
1789943497.2945728,rc_send_suppressed,
1789943497.427324,rc_send_suppressed,
1789943497.5433338,rc_send_suppressed,
1789943497.5924802,llm_explanation,3407.84200001508
1789943497.6453626,rc_send_suppressed,
1789943497.7570956,rc_send_suppressed,
1789943497.8598099,rc_send_suppressed,
1789943497.9662447,rc_send_suppressed,
1789943498.077889,rc_send_suppressed,
1789943498.185616,rc_send_suppressed,
1789943498.2953207,rc_send_suppressed,
1789943498.4233792,rc_send_suppressed,
1789943498.5318718,rc_send_suppressed,
1789943498.6542633,rc_send_suppressed,
1789943498.8289847,rc_send_suppressed,
1789943498.929376,rc_send_suppressed,
1789943499.0516195,rc_send_suppressed,
1789943499.1557803,rc_send_suppressed,
1789943499.2574055,rc_send_suppressed,
1789943499.3916643,rc_send_suppressed,
1789943499.4999113,rc_send_suppressed,
1789943499.6130214,rc_send_suppressed,
1789943499.7205105,rc_send_suppressed,
1789943499.8253343,rc_send_suppressed,
1789943499.9495351,rc_send_suppressed,
1789943500.0670893,rc_send_suppressed,
1789943500.1757681,rc_send_suppressed,
1789943500.3443952,rc_send_suppressed,
1789943500.4566247,rc_send_suppressed,
1789943500.58465,rc_send_suppressed,
1789943500.6978617,rc_send_suppressed,
1789943500.8157196,rc_send_suppressed,
1789943500.9177442,rc_send_suppressed,
1789943501.0366993,rc_send_suppressed,
1789943501.1388586,rc_send_suppressed,
1789943501.251071,rc_send_suppressed,
1789943501.3548455,rc_send_suppressed,
1789943501.4590151,rc_send_suppressed,
1789943501.5724308,rc_send_suppressed,
1789943501.5910358,llm_explanation,4015.928899985738
1789943501.6942549,rc_send_suppressed,
1789943501.8028429,rc_send_suppressed,
1789943501.9281058,rc_send_suppressed,
1789943502.0538743,rc_send_suppressed,
1789943502.1787848,rc_send_suppressed,
1789943502.283335,rc_send_suppressed,
1789943502.4386785,rc_send_suppressed,
1789943502.5496678,rc_send_suppressed,
1789943502.661268,rc_send_suppressed,
1789943502.7711604,rc_send_suppressed,
1789943502.8862095,rc_send_suppressed,
1789943503.0000114,rc_send_suppressed,
1789943503.1102097,rc_send_suppressed,
1789943503.2350297,rc_send_suppressed,
1789943503.3372552,rc_send_suppressed,
1789943503.438774,rc_send_suppressed,
1789943503.58086,rc_send_suppressed,
1789943503.6820347,rc_send_suppressed,
1789943503.8035996,rc_send_suppressed,
1789943503.9187586,rc_send_suppressed,
1789943504.0373914,rc_send_suppressed,
1789943504.1449833,rc_send_suppressed,
1789943504.2685032,rc_send_suppressed,
1789943504.3931801,rc_send_suppressed,
1789943504.5112863,rc_send_suppressed,
1789943504.61666,rc_send_suppressed,
1789943504.7408788,rc_send_suppressed,
1789943504.856298,rc_send_suppressed,
1789943504.9917078,rc_send_suppressed,
1789943505.1132119,rc_send_suppressed,
1789943505.252158,rc_send_suppressed,
1789943505.3842196,rc_send_suppressed,
1789943505.4887137,rc_send_suppressed,
1789943505.625524,rc_send_suppressed,
1789943505.7491632,rc_send_suppressed,
1789943505.8660727,rc_send_suppressed,
1789943505.9869823,rc_send_suppressed,
1789943506.111919,rc_send_suppressed,
1789943506.231911,rc_send_suppressed,
1789943506.343393,rc_send_suppressed,
1789943506.4624202,rc_send_suppressed,
1789943506.5692883,rc_send_suppressed,
1789943506.6805682,rc_send_suppressed,
1789943506.8476293,rc_send_suppressed,
1789943506.9477043,rc_send_suppressed,
1789943507.0911484,rc_send_suppressed,
1789943507.229339,rc_send_suppressed,
1789943507.342719,rc_send_suppressed,
1789943507.4491835,rc_send_suppressed,
1789943507.5584035,rc_send_suppressed,
1789943507.659585,rc_send_suppressed,
1789943507.7716353,rc_send_suppressed,
1789943507.8720653,rc_send_suppressed,
1789943507.9878008,rc_send_suppressed,
1789943508.1102448,rc_send_suppressed,
1789943508.2143688,rc_send_suppressed,
1789943508.3785,rc_send_suppressed,
1789943508.5119052,rc_send_suppressed,
1789943508.616637,rc_send_suppressed,
1789943508.7168736,rc_send_suppressed,
1789943508.827883,rc_send_suppressed,
1789943508.9397035,rc_send_suppressed,
1789943509.0613806,rc_send_suppressed,
1789943509.1648889,rc_send_suppressed,
1789943509.2848535,rc_send_suppressed,
1789943509.3909278,rc_send_suppressed,
1789943509.5143013,rc_send_suppressed,
1789943509.633263,rc_send_suppressed,
1789943509.7527652,rc_send_suppressed,
1789943509.8553903,rc_send_suppressed,
1789943509.9648914,rc_send_suppressed,
1789943510.0833633,rc_send_suppressed,
1789943510.1917179,rc_send_suppressed,
1789943510.3204217,rc_send_suppressed,
1789943510.4309688,rc_send_suppressed,
1789943510.5420444,rc_send_suppressed,
1789943510.669958,rc_send_suppressed,
1789943510.7718823,rc_send_suppressed,
1789943510.9162402,rc_send_suppressed,
1789943511.0211186,rc_send_suppressed,
1789943511.155486,rc_send_suppressed,
1789943511.2614913,rc_send_suppressed,
1789943511.361936,rc_send_suppressed,
1789943511.4948215,rc_send_suppressed,
1789943511.6141195,rc_send_suppressed,
1789943511.7331045,rc_send_suppressed,
1789943511.8414161,rc_send_suppressed,
1789943511.9492526,rc_send_suppressed,
1789943512.0955977,rc_send_suppressed,
1789943512.1965578,rc_send_suppressed,
1789943512.330165,rc_send_suppressed,
1789943512.4495325,rc_send_suppressed,
1789943512.5957956,rc_send_suppressed,
1789943512.7414181,rc_send_suppressed,
1789943512.8452184,rc_send_suppressed,
1789943512.9442546,rc_send_suppressed,
1789943513.0989993,rc_send_suppressed,
1789943513.2001925,rc_send_suppressed,
1789943513.310225,llm_explanation,3719.1477000014856
1789943513.3231087,rc_send_suppressed,
1789943513.4255443,rc_send_suppressed,
1789943513.5283625,rc_send_suppressed,
1789943513.6662529,rc_send_suppressed,
1789943513.7738209,rc_send_suppressed,
1789943513.8749897,rc_send_suppressed,
1789943514.0082548,rc_send_suppressed,
1789943514.125432,rc_send_suppressed,
1789943514.265664,rc_send_suppressed,
1789943514.367852,rc_send_suppressed,
1789943514.505576,rc_send_suppressed,
1789943514.6171205,rc_send_suppressed,
1789943514.7413652,rc_send_suppressed,
1789943514.8428178,rc_send_suppressed,
1789943514.9522786,rc_send_suppressed,
1789943515.092832,rc_send_suppressed,
1789943515.197757,rc_send_suppressed,
1789943515.3018284,rc_send_suppressed,
1789943515.3673477,llm_explanation,2046.3366000331007
1789943515.4390006,rc_send_suppressed,
1789943515.5422637,rc_send_suppressed,
1789943515.661992,rc_send_suppressed,
1789943515.8049014,rc_send_suppressed,
1789943515.9203897,rc_send_suppressed,
1789943516.0284579,rc_send_suppressed,
1789943516.1630454,rc_send_suppressed,
1789943516.2649791,rc_send_suppressed,
1789943516.4093719,rc_send_suppressed,
1789943516.514428,rc_send_suppressed,
1789943516.660954,rc_send_suppressed,
1789943516.7871878,rc_send_suppressed,
1789943516.8989089,rc_send_suppressed,
1789943517.0005057,rc_send_suppressed,
1789943517.145085,rc_send_suppressed,
1789943517.211255,llm_explanation,1818.9371000044048
1789943517.2640073,rc_send_suppressed,
1789943517.4005394,rc_send_suppressed,
1789943517.5072079,rc_send_suppressed,
1789943517.608019,rc_send_suppressed,
1789943517.708733,rc_send_suppressed,
1789943517.81171,rc_send_suppressed,
1789943517.9605875,rc_send_suppressed,
1789943518.0621095,rc_send_suppressed,
1789943518.2047796,rc_send_suppressed,
1789943518.3156989,rc_send_suppressed,
1789943518.4340594,rc_send_suppressed,
1789943518.5750082,rc_send_suppressed,
1789943518.668777,llm_explanation,1482.426900009159
1789943518.68494,rc_send_suppressed,
1789943518.8055606,rc_send_suppressed,
1789943518.9066746,rc_send_suppressed,
1789943519.040173,rc_send_suppressed,
1789943519.1495261,rc_send_suppressed,
1789943519.3068464,rc_send_suppressed,
1789943519.4075344,rc_send_suppressed,
1789943519.528978,rc_send_suppressed,
1789943519.64405,rc_send_suppressed,
1789943519.7796183,rc_send_suppressed,
1789943519.8861153,rc_send_suppressed,
1789943520.0399694,rc_send_suppressed,
1789943520.1463192,rc_send_suppressed,
1789943520.2993715,rc_send_suppressed,
1789943520.4228637,rc_send_suppressed,
1789943520.5588276,rc_send_suppressed,
1789943520.6695213,rc_send_suppressed,
1789943520.7703938,rc_send_suppressed,
1789943520.9021788,rc_send_suppressed,
1789943521.0212867,rc_send_suppressed,
1789943521.1514547,rc_send_suppressed,
1789943521.2683053,rc_send_suppressed,
1789943521.4077415,rc_send_suppressed,
1789943521.5178447,rc_send_suppressed,
1789943521.6515565,rc_send_suppressed,
1789943521.790404,rc_send_suppressed,
1789943521.8917983,rc_send_suppressed,
1789943521.9937892,rc_send_suppressed,
1789943522.1096754,llm_explanation,3458.260199986398
1789943522.1340616,rc_send_suppressed,
1789943522.237014,rc_send_suppressed,
1789943522.3621864,rc_send_suppressed,
1789943522.5048876,rc_send_suppressed,
1789943522.619633,rc_send_suppressed,
1789943522.721995,rc_send_suppressed,
1789943522.8761249,rc_send_suppressed,
1789943522.9830801,rc_send_suppressed,
1789943523.1245344,rc_send_suppressed,
1789943523.229067,rc_send_suppressed,
1789943523.3726048,rc_send_suppressed,
1789943523.4846873,rc_send_suppressed,
1789943523.6253626,rc_send_suppressed,
1789943523.72826,rc_send_suppressed,
1789943523.8427296,rc_send_suppressed,
1789943523.9867983,rc_send_suppressed,
1789943524.0993202,rc_send_suppressed,
1789943524.2236178,rc_send_suppressed,
1789943524.3521771,rc_send_suppressed,
1789943524.4906178,rc_send_suppressed,
1789943524.6063101,rc_send_suppressed,
1789943524.7591953,rc_send_suppressed,
1789943524.88231,rc_send_suppressed,
1789943525.0302057,rc_send_suppressed,
1789943525.138654,rc_send_suppressed,
1789943525.2647495,rc_send_suppressed,
1789943525.3780503,rc_send_suppressed,
1789943525.519108,rc_send_suppressed,
1789943525.6321414,rc_send_suppressed,
1789943525.769392,rc_send_suppressed,
1789943525.8900213,rc_send_suppressed,
1789943526.0264652,rc_send_suppressed,
1789943526.1305006,rc_send_suppressed,
1789943526.1778405,llm_explanation,4013.5699000093155
1789943526.293374,rc_send_suppressed,
1789943526.4151685,rc_send_suppressed,
1789943526.5726016,rc_send_suppressed,
1789943526.6948087,rc_send_suppressed,
1789943526.8001277,rc_send_suppressed,
1789943526.949902,rc_send_suppressed,
1789943527.0680392,rc_send_suppressed,
1789943527.1720464,rc_send_suppressed,
1789943527.274061,rc_send_suppressed,
1789943527.4002297,rc_send_suppressed,
1789943527.5173929,rc_send_suppressed,
1789943527.6545606,rc_send_suppressed,
1789943527.7559342,rc_send_suppressed,
1789943527.8986986,rc_send_suppressed,
1789943528.0167909,rc_send_suppressed,
1789943528.1605835,rc_send_suppressed,
1789943528.267413,rc_send_suppressed,
1789943528.4036946,rc_send_suppressed,
1789943528.5160332,rc_send_suppressed,
1789943528.6606307,rc_send_suppressed,
1789943528.7621849,rc_send_suppressed,
1789943528.8795462,rc_send_suppressed,
1789943529.0206797,rc_send_suppressed,
1789943529.1336513,rc_send_suppressed,
1789943529.1743512,llm_explanation,3023.864200047683
1789943529.2646494,rc_send_suppressed,
1789943529.3846161,rc_send_suppressed,
1789943529.526327,rc_send_suppressed,
1789943529.630261,rc_send_suppressed,
1789943529.769396,rc_send_suppressed,
1789943529.8852046,rc_send_suppressed,
1789943530.0338278,rc_send_suppressed,
1789943530.1483727,rc_send_suppressed,
1789943530.2810574,rc_send_suppressed,
1789943530.3848372,rc_send_suppressed,
1789943530.5175695,rc_send_suppressed,
1789943530.6339228,rc_send_suppressed,
1789943530.7733278,rc_send_suppressed,
1789943530.8917806,rc_send_suppressed,
1789943531.0287492,rc_send_suppressed,
1789943531.1291802,rc_send_suppressed,
1789943531.2757707,rc_send_suppressed,
1789943531.3905187,rc_send_suppressed,
1789943531.534521,rc_send_suppressed,
1789943531.6509156,rc_send_suppressed,
1789943531.7520142,rc_send_suppressed,
1789943531.8967896,rc_send_suppressed,
1789943532.0017855,rc_send_suppressed,
1789943532.0663648,llm_explanation,2921.4875999605283
1789943532.106265,rc_send_suppressed,
1789943532.2472043,rc_send_suppressed,
1789943532.3514569,rc_send_suppressed,
1789943532.4923701,rc_send_suppressed,
1789943532.5956595,rc_send_suppressed,
1789943532.6962047,rc_send_suppressed,
1789943532.7962701,rc_send_suppressed,
1789943532.9404454,rc_send_suppressed,
1789943533.056507,rc_send_suppressed,
1789943533.20853,rc_send_suppressed,
1789943533.3371234,rc_send_suppressed,
1789943533.4748032,rc_send_suppressed,
1789943533.6060944,rc_send_suppressed,
1789943533.719277,rc_send_suppressed,
1789943533.854619,rc_send_suppressed,
1789943533.9562926,rc_send_suppressed,
1789943534.1073987,rc_send_suppressed,
1789943534.2203267,rc_send_suppressed,
1789943534.3691225,rc_send_suppressed,
1789943534.4929934,rc_send_suppressed,
1789943534.6451428,rc_send_suppressed,
1789943534.7639928,rc_send_suppressed,
1789943534.9182122,rc_send_suppressed,
1789943535.0454328,rc_send_suppressed,
1789943535.173278,rc_send_suppressed,
1789943535.2220824,llm_explanation,3100.9370000101626
1789943535.3243172,rc_send_suppressed,
1789943535.443878,rc_send_suppressed,
1789943535.5619543,rc_send_suppressed,
1789943535.7185347,rc_send_suppressed,
1789943535.8411605,rc_send_suppressed,
1789943536.0128124,rc_send_suppressed,
1789943536.1169467,rc_send_suppressed,
1789943536.2320561,rc_send_suppressed,
1789943536.3470423,rc_send_suppressed,
1789943536.464655,rc_send_suppressed,
1789943536.5714781,rc_send_suppressed,
1789943536.6883044,rc_send_suppressed,
1789943536.7930748,rc_send_suppressed,
1789943536.9057894,rc_send_suppressed,
1789943537.0533793,rc_send_suppressed,
1789943537.1605692,rc_send_suppressed,
1789943537.297987,rc_send_suppressed,
1789943537.4016352,rc_send_suppressed,
1789943537.5185385,rc_send_suppressed,
1789943537.6420336,rc_send_suppressed,
1789943537.761989,rc_send_suppressed,
1789943537.895771,rc_send_suppressed,
1789943538.0263379,rc_send_suppressed,
1789943538.1486826,rc_send_suppressed,
1789943538.2672906,rc_send_suppressed,
1789943538.3888218,rc_send_suppressed,
1789943538.4980063,rc_send_suppressed,
1789943538.6098802,rc_send_suppressed,
1789943538.7133777,rc_send_suppressed,
1789943538.8176563,rc_send_suppressed,
1789943538.9224038,rc_send_suppressed,
1789943539.0630777,rc_send_suppressed,
1789943539.141572,llm_explanation,3972.0977999968454
1789943539.1936483,rc_send_suppressed,
1789943539.298962,rc_send_suppressed,
1789943539.41569,rc_send_suppressed,
1789943539.5292127,rc_send_suppressed,
1789943539.6329482,rc_send_suppressed,
1789943539.7366834,rc_send_suppressed,
1789943539.8522346,rc_send_suppressed,
1789943539.9708123,rc_send_suppressed,
1789943540.085619,rc_send_suppressed,
1789943540.211339,rc_send_suppressed,
1789943540.311875,rc_send_suppressed,
1789943540.4139926,rc_send_suppressed,
1789943540.5423434,rc_send_suppressed,
1789943540.6446583,rc_send_suppressed,
1789943540.7460148,rc_send_suppressed,
1789943540.8903923,rc_send_suppressed,
1789943541.0189593,rc_send_suppressed,
1789943541.149554,rc_send_suppressed,
1789943541.2582915,rc_send_suppressed,
1789943541.3938718,rc_send_suppressed,
1789943541.484132,llm_explanation,2290.313600038644
1789943541.5040786,rc_send_suppressed,
1789943541.6192842,rc_send_suppressed,
1789943541.7273839,rc_send_suppressed,
1789943541.8378081,rc_send_suppressed,
1789943541.9426198,rc_send_suppressed,
1789943542.0750563,rc_send_suppressed,
1789943542.1995943,rc_send_suppressed,
1789943542.3046913,rc_send_suppressed,
1789943542.4682276,rc_send_suppressed,
1789943542.568714,rc_send_suppressed,
1789943542.6764383,rc_send_suppressed,
1789943542.8062787,rc_send_suppressed,
1789943542.9327488,rc_send_suppressed,
1789943543.0360484,rc_send_suppressed,
1789943543.1440692,rc_send_suppressed,
1789943543.260216,rc_send_suppressed,
1789943543.3661933,rc_send_suppressed,
1789943543.4093335,llm_explanation,1930.9352000127546
1789943543.5190446,rc_send_suppressed,
1789943543.6436985,rc_send_suppressed,
1789943543.7479193,rc_send_suppressed,
1789943543.9028893,rc_send_suppressed,
1789943544.0130796,rc_send_suppressed,
1789943544.132622,rc_send_suppressed,
1789943544.23366,rc_send_suppressed,
1789943544.3406978,rc_send_suppressed,
1789943544.4652104,rc_send_suppressed,
1789943544.577341,rc_send_suppressed,
1789943544.755085,rc_send_suppressed,
1789943544.859879,rc_send_suppressed,
1789943544.9811342,rc_send_suppressed,
1789943545.097592,rc_send_suppressed,
1789943545.2201424,rc_send_suppressed,
1789943545.3201792,rc_send_suppressed,
1789943545.4396682,rc_send_suppressed,
1789943545.5502577,rc_send_suppressed,
1789943545.6800287,rc_send_suppressed,
1789943545.7821631,rc_send_suppressed,
1789943545.9206448,rc_send_suppressed,
1789943546.033157,rc_send_suppressed,
1789943546.1368477,rc_send_suppressed,
1789943546.2411542,rc_send_suppressed,
1789943546.3706455,rc_send_suppressed,
1789943546.4777458,rc_send_suppressed,
1789943546.5995853,rc_send_suppressed,
1789943546.710359,rc_send_suppressed,
1789943546.8174205,rc_send_suppressed,
1789943546.9184005,rc_send_suppressed,
1789943547.03217,rc_send_suppressed,
1789943547.1629195,rc_send_suppressed,
1789943547.2752185,rc_send_suppressed,
1789943547.3763323,rc_send_suppressed,
1789943547.4399104,llm_explanation,4008.371200005058
1789943547.4950266,rc_send_suppressed,
1789943547.6130686,rc_send_suppressed,
1789943547.7436259,rc_send_suppressed,
1789943547.9182546,rc_send_suppressed,
1789943548.0262835,rc_send_suppressed,
1789943548.1360652,rc_send_suppressed,
1789943548.2429888,rc_send_suppressed,
1789943548.3459194,rc_send_suppressed,
1789943548.4625146,rc_send_suppressed,
1789943548.5916543,rc_send_suppressed,
1789943548.7099335,rc_send_suppressed,
1789943548.8321252,rc_send_suppressed,
1789943548.9504228,rc_send_suppressed,
1789943549.095842,rc_send_suppressed,
1789943549.2107317,rc_send_suppressed,
1789943549.327487,rc_send_suppressed,
1789943549.4379492,rc_send_suppressed,
1789943549.5557208,rc_send_suppressed,
1789943549.6936092,rc_send_suppressed,
1789943549.8222992,rc_send_suppressed,
1789943549.9576063,rc_send_suppressed,
1789943550.0825722,rc_send_suppressed,
1789943550.2534678,rc_send_suppressed,
1789943550.380421,rc_send_suppressed,
1789943550.492029,rc_send_suppressed,
1789943550.5984843,rc_send_suppressed,
1789943550.720901,rc_send_suppressed,
1789943550.8392942,rc_send_suppressed,
1789943550.947566,rc_send_suppressed,
1789943551.0591552,rc_send_suppressed,
1789943551.1653876,rc_send_suppressed,
1789943551.287872,rc_send_suppressed,
1789943551.4113777,rc_send_suppressed,
1789943551.5193357,rc_send_suppressed,
1789943551.6275504,rc_send_suppressed,
1789943551.7333133,rc_send_suppressed,
1789943551.8412795,rc_send_suppressed,
1789943551.9444416,rc_send_suppressed,
1789943552.0605962,rc_send_suppressed,
1789943552.1963973,rc_send_suppressed,
1789943552.3165193,rc_send_suppressed,
1789943552.4868922,rc_send_suppressed,
1789943552.6073055,rc_send_suppressed,
1789943552.7183213,rc_send_suppressed,
1789943552.8225055,rc_send_suppressed,
1789943552.9640005,rc_send_suppressed,
1789943553.0901477,rc_send_suppressed,
1789943553.2182395,rc_send_suppressed,
1789943553.3434489,rc_send_suppressed,
1789943553.4708002,rc_send_suppressed,
1789943553.6299927,rc_send_suppressed,
1789943553.748121,rc_send_suppressed,
1789943553.8639789,rc_send_suppressed,
1789943553.991563,rc_send_suppressed,
1789943554.1073813,rc_send_suppressed,
1789943554.2164521,rc_send_suppressed,
1789943554.348735,rc_send_suppressed,
1789943554.4782999,rc_send_suppressed,
1789943554.6164424,rc_send_suppressed,
1789943554.7165923,rc_send_suppressed,
1789943554.8463237,rc_send_suppressed,
1789943554.954995,rc_send_suppressed,
1789943555.0594978,rc_send_suppressed,
1789943555.1862075,rc_send_suppressed,
1789943555.2913158,rc_send_suppressed,
1789943555.3979805,rc_send_suppressed,
1789943555.5422816,rc_send_suppressed,
1789943555.6446137,rc_send_suppressed,
1789943555.7853887,rc_send_suppressed,
1789943555.894839,rc_send_suppressed,
1789943556.030768,rc_send_suppressed,
1789943556.149164,rc_send_suppressed,
1789943556.2913768,rc_send_suppressed,
1789943556.393909,rc_send_suppressed,
1789943556.5297353,rc_send_suppressed,
1789943556.6298213,rc_send_suppressed,
1789943556.732449,rc_send_suppressed,
1789943556.8514044,llm_explanation,1458.3369999891147
1789943556.8632398,rc_send_suppressed,
1789943556.983201,rc_send_suppressed,
1789943557.1268752,rc_send_suppressed,
1789943557.2316537,rc_send_suppressed,
1789943557.365618,rc_send_suppressed,
1789943557.4885674,rc_send_suppressed,
1789943557.6233442,rc_send_suppressed,
1789943557.724223,rc_send_suppressed,
1789943557.8718421,rc_send_suppressed,
1789943557.9828532,rc_send_suppressed,
1789943558.1213195,rc_send_suppressed,
1789943558.2300186,rc_send_suppressed,
1789943558.3654635,rc_send_suppressed,
1789943558.4820423,rc_send_suppressed,
1789943558.6215286,rc_send_suppressed,
1789943558.721873,rc_send_suppressed,
1789943558.8621314,rc_send_suppressed,
1789943558.9679608,rc_send_suppressed,
1789943559.0697737,rc_send_suppressed,
1789943559.186919,rc_send_suppressed,
1789943559.3098354,rc_send_suppressed,
1789943559.4135401,rc_send_suppressed,
1789943559.551854,rc_send_suppressed,
1789943559.6698663,rc_send_suppressed,
1789943559.833749,rc_send_suppressed,
1789943559.846757,llm_explanation,2978.097799990792
1789943559.9632082,rc_send_suppressed,
1789943560.0641654,rc_send_suppressed,
1789943560.2215202,rc_send_suppressed,
1789943560.3217628,rc_send_suppressed,
1789943560.458115,rc_send_suppressed,
1789943560.5729587,rc_send_suppressed,
1789943560.7059796,rc_send_suppressed,
1789943560.8165627,rc_send_suppressed,
1789943560.9376807,rc_send_suppressed,
1789943561.03912,rc_send_suppressed,
1789943561.1513503,rc_send_suppressed,
1789943561.2969844,rc_send_suppressed,
1789943561.4067895,rc_send_suppressed,
1789943561.544447,rc_send_suppressed,
1789943561.6548104,rc_send_suppressed,
1789943561.792641,rc_send_suppressed,
1789943561.9006042,rc_send_suppressed,
1789943562.0458937,rc_send_suppressed,
1789943562.1706357,rc_send_suppressed,
1789943562.2708583,rc_send_suppressed,
1789943562.4047964,rc_send_suppressed,
1789943562.5213087,rc_send_suppressed,
1789943562.666413,rc_send_suppressed,
1789943562.7977164,rc_send_suppressed,
1789943562.9123497,rc_send_suppressed,
1789943563.055869,rc_send_suppressed,
1789943563.1579862,rc_send_suppressed,
1789943563.2868102,rc_send_suppressed,
1789943563.3899212,rc_send_suppressed,
1789943563.5365696,rc_send_suppressed,
1789943563.6611247,rc_send_suppressed,
1789943563.748708,llm_explanation,3888.6775000137277
1789943563.7641726,rc_send_suppressed,
1789943563.8991597,rc_send_suppressed,
1789943564.0261056,rc_send_suppressed,
1789943564.1515522,rc_send_suppressed,
1789943564.2522292,rc_send_suppressed,
1789943564.3582027,rc_send_suppressed,
1789943564.4913323,rc_send_suppressed,
1789943564.6114004,rc_send_suppressed,
1789943564.712298,rc_send_suppressed,
1789943564.8126872,rc_send_suppressed,
1789943564.9647746,rc_send_suppressed,
1789943565.0660293,rc_send_suppressed,
1789943565.2025616,rc_send_suppressed,
1789943565.3214862,rc_send_suppressed,
1789943565.462076,rc_send_suppressed,
1789943565.5629697,rc_send_suppressed,
1789943565.6662126,rc_send_suppressed,
1789943565.7959986,rc_send_suppressed,
1789943565.9165359,rc_send_suppressed,
1789943566.0627835,rc_send_suppressed,
1789943566.1692362,rc_send_suppressed,
1789943566.2942748,rc_send_suppressed,
1789943566.4028492,rc_send_suppressed,
1789943566.5314746,rc_send_suppressed,
1789943566.6522572,rc_send_suppressed,
1789943566.7663965,rc_send_suppressed,
1789943566.9063346,rc_send_suppressed,
1789943567.0085375,rc_send_suppressed,
1789943567.1213605,rc_send_suppressed,
1789943567.236123,rc_send_suppressed,
1789943567.3662856,rc_send_suppressed,
1789943567.4673526,rc_send_suppressed,
1789943567.60578,rc_send_suppressed,
1789943567.7099996,rc_send_suppressed,
1789943567.7475357,llm_explanation,4006.5155999618582
1789943567.8123858,rc_send_suppressed,
1789943567.9448426,rc_send_suppressed,
1789943568.0478787,rc_send_suppressed,
1789943568.1484036,rc_send_suppressed,
1789943568.2506893,rc_send_suppressed,
1789943568.3523898,rc_send_suppressed,
1789943568.4869974,rc_send_suppressed,
1789943568.5886867,rc_send_suppressed,
1789943568.6897483,rc_send_suppressed,
1789943568.793855,rc_send_suppressed,
1789943568.9350703,rc_send_suppressed,
1789943569.0577285,rc_send_suppressed,
1789943569.1814322,rc_send_suppressed,
1789943569.2816715,rc_send_suppressed,
1789943569.4113107,rc_send_suppressed,
1789943569.521621,rc_send_suppressed,
1789943569.6632078,rc_send_suppressed,
1789943569.765399,rc_send_suppressed,
1789943569.875323,rc_send_suppressed,
1789943570.0208974,rc_send_suppressed,
1789943570.1175542,llm_explanation,2364.188199979253
1789943570.1295133,rc_send_suppressed,
1789943570.2547045,rc_send_suppressed,
1789943570.3731093,rc_send_suppressed,
1789943570.523545,rc_send_suppressed,
1789943570.6412845,rc_send_suppressed,
1789943570.7819958,rc_send_suppressed,
1789943570.8865697,rc_send_suppressed,
1789943571.0399737,rc_send_suppressed,
1789943571.157253,rc_send_suppressed,
1789943571.2621133,rc_send_suppressed,
1789943571.4062257,rc_send_suppressed,
1789943571.5116568,rc_send_suppressed,
1789943571.6562955,rc_send_suppressed,
1789943571.7572021,rc_send_suppressed,
1789943571.8950713,rc_send_suppressed,
1789943571.9987938,rc_send_suppressed,
1789943572.1002169,rc_send_suppressed,
1789943572.2318687,rc_send_suppressed,
1789943572.3488233,rc_send_suppressed,
1789943572.4513438,rc_send_suppressed,
1789943572.5932329,rc_send_suppressed,
1789943572.724839,rc_send_suppressed,
1789943572.8452618,rc_send_suppressed,
1789943572.9456332,rc_send_suppressed,
1789943573.098976,rc_send_suppressed,
1789943573.2049577,rc_send_suppressed,
1789943573.3493779,rc_send_suppressed,
1789943573.4772527,rc_send_suppressed,
1789943573.5922308,rc_send_suppressed,
1789943573.693958,rc_send_suppressed,
1789943573.8067195,rc_send_suppressed,
1789943573.9126716,rc_send_suppressed,
1789943574.0281894,rc_send_suppressed,
1789943574.110491,llm_explanation,4016.6241000406444
1789943574.139929,rc_send_suppressed,
1789943574.2675297,rc_send_suppressed,
1789943574.3700533,rc_send_suppressed,
1789943574.5163708,rc_send_suppressed,
1789943574.6515992,rc_send_suppressed,
1789943574.7542384,rc_send_suppressed,
1789943574.9153438,rc_send_suppressed,
1789943575.0414875,rc_send_suppressed,
1789943575.1947308,rc_send_suppressed,
1789943575.3229778,rc_send_suppressed,
1789943575.426839,rc_send_suppressed,
1789943575.5327766,rc_send_suppressed,
1789943575.6439097,rc_send_suppressed,
1789943575.7470887,rc_send_suppressed,
1789943575.8622653,rc_send_suppressed,
1789943575.980396,rc_send_suppressed,
1789943576.083533,rc_send_suppressed,
1789943576.1853817,rc_send_suppressed,
1789943576.2871752,rc_send_suppressed,
1789943576.4134188,rc_send_suppressed,
1789943576.5200815,rc_send_suppressed,
1789943576.6496851,rc_send_suppressed,
1789943576.7536328,rc_send_suppressed,
1789943576.8112464,llm_explanation,2641.428500006441
1789943576.8700862,rc_send_suppressed,
1789943576.9790566,rc_send_suppressed,
1789943577.1087997,rc_send_suppressed,
1789943577.2130752,rc_send_suppressed,
1789943577.3267107,rc_send_suppressed,
1789943577.4310138,rc_send_suppressed,
1789943577.5405545,rc_send_suppressed,
1789943577.6511214,rc_send_suppressed,
1789943577.7621927,rc_send_suppressed,
1789943577.863986,rc_send_suppressed,
1789943577.9945734,rc_send_suppressed,
1789943578.1053298,rc_send_suppressed,
1789943578.2168016,rc_send_suppressed,
1789943578.3245854,rc_send_suppressed,
1789943578.4409623,rc_send_suppressed,
1789943578.5441074,rc_send_suppressed,
1789943578.6718044,rc_send_suppressed,
1789943578.7842948,rc_send_suppressed,
1789943578.901748,rc_send_suppressed,
1789943579.0217462,rc_send_suppressed,
1789943579.1377108,rc_send_suppressed,
1789943579.249184,rc_send_suppressed,
1789943579.4003346,rc_send_suppressed,
1789943579.5145411,rc_send_suppressed,
1789943579.6315887,rc_send_suppressed,
1789943579.7454882,rc_send_suppressed,
1789943579.85857,rc_send_suppressed,
1789943579.9728198,rc_send_suppressed,
1789943580.1078804,rc_send_suppressed,
1789943580.2098663,rc_send_suppressed,
1789943580.2962072,llm_explanation,3507.938600028865
1789943580.3151538,rc_send_suppressed,
1789943580.418411,rc_send_suppressed,
1789943580.5462253,rc_send_suppressed,
1789943580.646406,rc_send_suppressed,
1789943580.770434,rc_send_suppressed,
1789943580.8903258,rc_send_suppressed,
1789943581.0040553,rc_send_suppressed,
1789943581.1072226,rc_send_suppressed,
1789943581.21281,rc_send_suppressed,
1789943581.328692,rc_send_suppressed,
1789943581.444955,rc_send_suppressed,
1789943581.545713,rc_send_suppressed,
1789943581.6788967,rc_send_suppressed,
1789943581.7986836,rc_send_suppressed,
1789943581.9245007,rc_send_suppressed,
1789943582.0467994,rc_send_suppressed,
1789943582.177663,rc_send_suppressed,
1789943582.2886012,rc_send_suppressed,
1789943582.404476,rc_send_suppressed,
1789943582.5569568,rc_send_suppressed,
1789943582.6920755,rc_send_suppressed,
1789943582.8118033,rc_send_suppressed,
1789943582.929023,rc_send_suppressed,
1789943583.0573332,rc_send_suppressed,
1789943583.1598375,rc_send_suppressed,
1789943583.2889202,rc_send_suppressed,
1789943583.4131374,rc_send_suppressed,
1789943583.5170624,rc_send_suppressed,
1789943583.628692,rc_send_suppressed,
1789943583.752516,rc_send_suppressed,
1789943583.8690612,rc_send_suppressed,
1789943583.9760916,rc_send_suppressed,
1789943584.0994506,rc_send_suppressed,
1789943584.271954,rc_send_suppressed,
1789943584.2888007,llm_explanation,4008.686800021678
1789943584.378449,rc_send_suppressed,
1789943584.5063715,rc_send_suppressed,
1789943584.6101189,rc_send_suppressed,
1789943584.7223856,rc_send_suppressed,
1789943584.8242927,rc_send_suppressed,
1789943584.9312222,rc_send_suppressed,
1789943585.0431538,rc_send_suppressed,
1789943585.1535373,rc_send_suppressed,
1789943585.2545521,rc_send_suppressed,
1789943585.3568327,rc_send_suppressed,
1789943585.4674296,rc_send_suppressed,
1789943585.582761,rc_send_suppressed,
1789943585.682984,rc_send_suppressed,
1789943585.812291,rc_send_suppressed,
1789943585.918931,rc_send_suppressed,
1789943586.0480654,rc_send_suppressed,
1789943586.1750836,rc_send_suppressed,
1789943586.291574,rc_send_suppressed,
1789943586.408687,rc_send_suppressed,
1789943586.5191867,rc_send_suppressed,
1789943586.6559727,rc_send_suppressed,
1789943586.7746274,rc_send_suppressed,
1789943586.9001725,rc_send_suppressed,
1789943587.0080361,llm_explanation,2735.7148000155576
1789943587.0329382,rc_send_suppressed,
1789943587.1507242,rc_send_suppressed,
1789943587.2639318,rc_send_suppressed,
1789943587.4374082,rc_send_suppressed,
1789943587.5445359,rc_send_suppressed,
1789943587.6561868,rc_send_suppressed,
1789943587.7771747,rc_send_suppressed,
1789943587.9152324,rc_send_suppressed,
1789943588.0296671,rc_send_suppressed,
1789943588.1430414,rc_send_suppressed,
1789943588.2765837,rc_send_suppressed,
1789943588.3839047,rc_send_suppressed,
1789943588.4842253,rc_send_suppressed,
1789943588.621771,rc_send_suppressed,
1789943588.7298508,rc_send_suppressed,
1789943588.8371327,rc_send_suppressed,
1789943588.9474313,rc_send_suppressed,
1789943589.0765722,rc_send_suppressed,
1789943589.1804154,rc_send_suppressed,
1789943589.2867262,rc_send_suppressed,
1789943589.4024255,rc_send_suppressed,
1789943589.523537,rc_send_suppressed,
1789943589.63466,rc_send_suppressed,
1789943589.7512665,rc_send_suppressed,
1789943589.8553286,rc_send_suppressed,
1789943589.9652658,rc_send_suppressed,
1789943590.0766132,rc_send_suppressed,
1789943590.1848636,rc_send_suppressed,
1789943590.2911134,rc_send_suppressed,
1789943590.3950315,rc_send_suppressed,
1789943590.4982553,rc_send_suppressed,
1789943590.6125114,rc_send_suppressed,
1789943590.7144258,rc_send_suppressed,
1789943590.8304856,rc_send_suppressed,
1789943590.9388602,rc_send_suppressed,
1789943591.0551865,llm_explanation,4007.1216000360437
1789943591.0771277,rc_send_suppressed,
1789943591.1882195,rc_send_suppressed,
1789943591.311901,rc_send_suppressed,
1789943591.4428306,rc_send_suppressed,
1789943591.546975,rc_send_suppressed,
1789943591.7255716,rc_send_suppressed,
1789943591.8514268,rc_send_suppressed,
1789943591.9651456,rc_send_suppressed,
1789943592.0739448,rc_send_suppressed,
1789943592.176731,rc_send_suppressed,
1789943592.3482294,rc_send_suppressed,
1789943592.4791255,rc_send_suppressed,
1789943592.5850484,rc_send_suppressed,
1789943592.7176456,rc_send_suppressed,
1789943592.8613305,rc_send_suppressed,
1789943592.9905531,rc_send_suppressed,
1789943593.1382263,rc_send_suppressed,
1789943593.27971,rc_send_suppressed,
1789943593.3935027,rc_send_suppressed,
1789943593.5065832,rc_send_suppressed,
1789943593.6187396,rc_send_suppressed,
1789943593.7202837,rc_send_suppressed,
1789943593.8642578,rc_send_suppressed,
1789943593.945347,llm_explanation,2928.1382999615744
1789943593.9869661,rc_send_suppressed,
1789943594.124584,rc_send_suppressed,
1789943594.2315927,rc_send_suppressed,
1789943594.3727806,rc_send_suppressed,
1789943594.4822938,rc_send_suppressed,
1789943594.6251407,rc_send_suppressed,
1789943594.726869,rc_send_suppressed,
1789943594.8776653,rc_send_suppressed,
1789943594.9819138,rc_send_suppressed,
1789943595.1281023,rc_send_suppressed,
1789943595.2282066,rc_send_suppressed,
1789943595.3551993,rc_send_suppressed,
1789943595.4824588,rc_send_suppressed,
1789943595.6191404,rc_send_suppressed,
1789943595.7216136,rc_send_suppressed,
1789943595.8582916,rc_send_suppressed,
1789943595.9621067,rc_send_suppressed,
1789943596.0647957,rc_send_suppressed,
1789943596.202658,rc_send_suppressed,
1789943596.3215816,rc_send_suppressed,
1789943596.4532645,rc_send_suppressed,
1789943596.5659988,rc_send_suppressed,
1789943596.6881254,rc_send_suppressed,
1789943596.8090122,rc_send_suppressed,
1789943596.9615824,rc_send_suppressed,
1789943597.064415,rc_send_suppressed,
1789943597.1967084,rc_send_suppressed,
1789943597.2967384,rc_send_suppressed,
1789943597.3982508,rc_send_suppressed,
1789943597.52915,rc_send_suppressed,
1789943597.649567,rc_send_suppressed,
1789943597.7993639,rc_send_suppressed,
1789943597.810225,llm_explanation,3854.6196999959648
1789943597.9029393,rc_send_suppressed,
1789943598.042411,rc_send_suppressed,
1789943598.1427019,rc_send_suppressed,
1789943598.2953033,rc_send_suppressed,
1789943598.3967621,rc_send_suppressed,
1789943598.5299354,rc_send_suppressed,
1789943598.6498268,rc_send_suppressed,
1789943598.7904587,rc_send_suppressed,
1789943598.8959413,rc_send_suppressed,
1789943599.0293,rc_send_suppressed,
1789943599.1429534,rc_send_suppressed,
1789943599.276451,llm_explanation,1477.1022000350058
1789943599.2885175,rc_send_suppressed,
1789943599.3994262,rc_send_suppressed,
1789943599.536468,rc_send_suppressed,
1789943599.6498022,rc_send_suppressed,
1789943599.7924464,rc_send_suppressed,
1789943599.8942416,rc_send_suppressed,
1789943600.0341983,rc_send_suppressed,
1789943600.143403,rc_send_suppressed,
1789943600.2892835,rc_send_suppressed,
1789943600.393582,rc_send_suppressed,
1789943600.5257096,rc_send_suppressed,
1789943600.6473253,rc_send_suppressed,
1789943600.7876225,rc_send_suppressed,
1789943600.8972206,rc_send_suppressed,
1789943601.0270262,rc_send_suppressed,
1789943601.1437263,rc_send_suppressed,
1789943601.2977054,rc_send_suppressed,
1789943601.400197,rc_send_suppressed,
1789943601.519053,rc_send_suppressed,
1789943601.6403196,rc_send_suppressed,
1789943601.7903068,rc_send_suppressed,
1789943601.8922782,rc_send_suppressed,
1789943602.035177,rc_send_suppressed,
1789943602.1482375,rc_send_suppressed,
1789943602.2887614,rc_send_suppressed,
1789943602.3900137,rc_send_suppressed,
1789943602.5251534,rc_send_suppressed,
1789943602.626495,rc_send_suppressed,
1789943602.726657,rc_send_suppressed,
1789943602.8353472,rc_send_suppressed,
1789943602.9907486,rc_send_suppressed,
1789943603.0948713,rc_send_suppressed,
1789943603.231153,rc_send_suppressed,
1789943603.3320372,llm_explanation,4015.9532999969088
1789943603.345999,rc_send_suppressed,
1789943603.4465938,rc_send_suppressed,
1789943603.5466807,rc_send_suppressed,
1789943603.6503184,rc_send_suppressed,
1789943603.7610679,rc_send_suppressed,
1789943603.9190078,rc_send_suppressed,
1789943604.0308247,rc_send_suppressed,
1789943604.153422,rc_send_suppressed,
1789943604.291297,rc_send_suppressed,
1789943604.3946626,rc_send_suppressed,
1789943604.536202,rc_send_suppressed,
1789943604.6434188,rc_send_suppressed,
1789943604.789035,rc_send_suppressed,
1789943604.8910878,rc_send_suppressed,
1789943605.0350516,rc_send_suppressed,
1789943605.1457257,rc_send_suppressed,
1789943605.2938817,rc_send_suppressed,
1789943605.3065107,llm_explanation,2000.7809999515302
1789943605.4007394,rc_send_suppressed,
1789943605.5368745,rc_send_suppressed,
1789943605.6520097,rc_send_suppressed,
1789943605.766374,rc_send_suppressed,
1789943605.9004867,rc_send_suppressed,
1789943606.0239196,rc_send_suppressed,
1789943606.1626706,rc_send_suppressed,
1789943606.2769892,rc_send_suppressed,
1789943606.376437,rc_send_suppressed,
1789943606.4924226,rc_send_suppressed,
1789943606.5969307,rc_send_suppressed,
1789943606.699436,rc_send_suppressed,
1789943606.807928,rc_send_suppressed,
1789943606.9571593,rc_send_suppressed,
1789943607.0607564,rc_send_suppressed,
1789943607.1887214,rc_send_suppressed,
1789943607.290362,rc_send_suppressed,
1789943607.393022,rc_send_suppressed,
1789943607.519834,rc_send_suppressed,
1789943607.6216273,rc_send_suppressed,
1789943607.723646,rc_send_suppressed,
1789943607.8277516,rc_send_suppressed,
1789943607.9297853,rc_send_suppressed,
1789943608.0788093,rc_send_suppressed,
1789943608.1799455,rc_send_suppressed,
1789943608.319461,rc_send_suppressed,
1789943608.426414,rc_send_suppressed,
1789943608.566017,rc_send_suppressed,
1789943608.6664922,rc_send_suppressed,
1789943608.7858534,rc_send_suppressed,
1789943608.9109151,rc_send_suppressed,
1789943609.053667,rc_send_suppressed,
1789943609.1625197,rc_send_suppressed,
1789943609.266918,rc_send_suppressed,
1789943609.3064861,llm_explanation,4008.903799986001
1789943609.419313,rc_send_suppressed,
1789943609.5262656,rc_send_suppressed,
1789943609.6527767,rc_send_suppressed,
1789943609.7648137,rc_send_suppressed,
1789943609.9209466,rc_send_suppressed,
1789943610.0241463,rc_send_suppressed,
1789943610.1545558,rc_send_suppressed,
1789943610.25683,rc_send_suppressed,
1789943610.3947217,rc_send_suppressed,
1789943610.5093281,rc_send_suppressed,
1789943610.6551237,rc_send_suppressed,
1789943610.7552147,rc_send_suppressed,
1789943610.8717983,rc_send_suppressed,
1789943610.9137726,llm_explanation,1619.8613999877125
1789943611.0252814,rc_send_suppressed,
1789943611.1270065,rc_send_suppressed,
1789943611.279519,rc_send_suppressed,
1789943611.4311624,rc_send_suppressed,
1789943611.548945,rc_send_suppressed,
1789943611.6819944,rc_send_suppressed,
1789943611.7911413,rc_send_suppressed,
1789943611.9260554,rc_send_suppressed,
1789943612.050265,rc_send_suppressed,
1789943612.1816845,rc_send_suppressed,
1789943612.3029773,rc_send_suppressed,
1789943612.448063,rc_send_suppressed,
1789943612.5954862,rc_send_suppressed,
1789943612.7143948,rc_send_suppressed,
1789943612.8513677,rc_send_suppressed,
1789943612.9646502,rc_send_suppressed,
1789943613.0962074,rc_send_suppressed,
1789943613.2078502,rc_send_suppressed,
1789943613.3544676,rc_send_suppressed,
1789943613.4718692,rc_send_suppressed,
1789943613.5998878,rc_send_suppressed,
1789943613.7177622,rc_send_suppressed,
1789943613.8537502,rc_send_suppressed,
1789943613.9642208,rc_send_suppressed,
1789943614.088403,llm_explanation,3153.9600000251085
1789943614.1022062,rc_send_suppressed,
1789943614.2124236,rc_send_suppressed,
1789943614.3485982,rc_send_suppressed,
1789943614.4606957,rc_send_suppressed,
1789943614.601884,rc_send_suppressed,
1789943614.723201,rc_send_suppressed,
1789943614.875061,rc_send_suppressed,
1789943615.0083678,rc_send_suppressed,
1789943615.1339319,rc_send_suppressed,
1789943615.2692266,rc_send_suppressed,
1789943615.3718283,rc_send_suppressed,
1789943615.4945846,rc_send_suppressed,
1789943615.6075065,rc_send_suppressed,
1789943615.7570505,rc_send_suppressed,
1789943615.8790267,rc_send_suppressed,
1789943616.0206697,rc_send_suppressed,
1789943616.135069,rc_send_suppressed,
1789943616.272335,rc_send_suppressed,
1789943616.3877776,rc_send_suppressed,
1789943616.5242,rc_send_suppressed,
1789943616.6319,rc_send_suppressed,
1789943616.7652824,rc_send_suppressed,
1789943616.8800387,rc_send_suppressed,
1789943617.0194414,rc_send_suppressed,
1789943617.1277308,rc_send_suppressed,
1789943617.2651322,rc_send_suppressed,
1789943617.3699381,rc_send_suppressed,
1789943617.5218666,rc_send_suppressed,
1789943617.6310682,rc_send_suppressed,
1789943617.759589,rc_send_suppressed,
1789943617.8816705,rc_send_suppressed,
1789943618.0479088,rc_send_suppressed,
1789943618.1606045,llm_explanation,4011.078599956818
1789943618.1750684,rc_send_suppressed,
1789943618.2954328,rc_send_suppressed,
1789943618.4436307,rc_send_suppressed,
1789943618.5508072,rc_send_suppressed,
1789943618.690235,rc_send_suppressed,
1789943618.7964282,rc_send_suppressed,
1789943618.9428558,rc_send_suppressed,
1789943619.0445588,rc_send_suppressed,
1789943619.1925726,rc_send_suppressed,
1789943619.2941551,rc_send_suppressed,
1789943619.4289532,rc_send_suppressed,
1789943619.5418785,rc_send_suppressed,
1789943619.642484,rc_send_suppressed,
1789943619.775264,rc_send_suppressed,
1789943619.8857875,rc_send_suppressed,
1789943620.0372236,rc_send_suppressed,
1789943620.1383896,rc_send_suppressed,
1789943620.2451787,rc_send_suppressed,
1789943620.385571,rc_send_suppressed,
1789943620.4921787,rc_send_suppressed,
1789943620.6301844,rc_send_suppressed,
1789943620.647106,llm_explanation,2551.767500001006
1789943620.7457898,rc_send_suppressed,
1789943620.893693,rc_send_suppressed,
1789943620.9971373,rc_send_suppressed,
1789943621.131904,rc_send_suppressed,
1789943621.248457,rc_send_suppressed,
1789943621.3948328,rc_send_suppressed,
1789943621.4971778,rc_send_suppressed,
1789943621.6002693,rc_send_suppressed,
1789943621.7023048,rc_send_suppressed,
1789943621.8033662,rc_send_suppressed,
1789943621.9314027,rc_send_suppressed,
1789943622.051954,rc_send_suppressed,
1789943622.1985323,rc_send_suppressed,
1789943622.3071256,rc_send_suppressed,
1789943622.4109833,rc_send_suppressed,
1789943622.5477731,rc_send_suppressed,
1789943622.6648629,rc_send_suppressed,
1789943622.795437,rc_send_suppressed,
1789943622.9055378,rc_send_suppressed,
1789943623.0528424,rc_send_suppressed,
1789943623.1614058,rc_send_suppressed,
1789943623.299898,rc_send_suppressed,
1789943623.3709621,llm_explanation,2703.631700016558
1789943623.410855,rc_send_suppressed,
1789943623.5454986,rc_send_suppressed,
1789943623.6674168,rc_send_suppressed,
1789943623.816155,rc_send_suppressed,
1789943623.9174767,rc_send_suppressed,
1789943624.0525985,rc_send_suppressed,
1789943624.1684914,rc_send_suppressed,
1789943624.2900717,rc_send_suppressed,
1789943624.4032805,rc_send_suppressed,
1789943624.5512621,rc_send_suppressed,
1789943624.6708148,rc_send_suppressed,
1789943624.8013954,rc_send_suppressed,
1789943624.9220088,rc_send_suppressed,
1789943625.0258636,rc_send_suppressed,
1789943625.128581,rc_send_suppressed,
1789943625.279867,rc_send_suppressed,
1789943625.405905,rc_send_suppressed,
1789943625.5565476,rc_send_suppressed,
1789943625.6651318,rc_send_suppressed,
1789943625.8048275,rc_send_suppressed,
1789943625.9286063,rc_send_suppressed,
1789943626.0580418,rc_send_suppressed,
1789943626.1998217,rc_send_suppressed,
1789943626.305451,rc_send_suppressed,
1789943626.4134655,rc_send_suppressed,
1789943626.5535076,rc_send_suppressed,
1789943626.6564853,rc_send_suppressed,
1789943626.7910976,rc_send_suppressed,
1789943626.908523,rc_send_suppressed,
1789943627.0110762,rc_send_suppressed,
1789943627.1367674,rc_send_suppressed,
1789943627.251894,rc_send_suppressed,
1789943627.3710737,llm_explanation,4015.3328999876976
1789943627.3853467,rc_send_suppressed,
1789943627.4955583,rc_send_suppressed,
1789943627.634388,rc_send_suppressed,
1789943627.735488,rc_send_suppressed,
1789943627.8368716,rc_send_suppressed,
1789943627.9650621,rc_send_suppressed,
1789943628.0743768,rc_send_suppressed,
1789943628.223077,rc_send_suppressed,
1789943628.3233654,rc_send_suppressed,
1789943628.479765,rc_send_suppressed,
1789943628.5806115,rc_send_suppressed,
1789943628.6833014,rc_send_suppressed,
1789943628.7840447,rc_send_suppressed,
1789943628.917713,rc_send_suppressed,
1789943629.0256095,rc_send_suppressed,
1789943629.1534102,rc_send_suppressed,
1789943629.2708886,rc_send_suppressed,
1789943629.3713067,rc_send_suppressed,
1789943629.5000095,rc_send_suppressed,
1789943629.6028764,rc_send_suppressed,
1789943629.747974,rc_send_suppressed,
1789943629.8113546,llm_explanation,2445.995500020217
1789943629.861337,rc_send_suppressed,
1789943629.9968305,rc_send_suppressed,
1789943630.1107912,rc_send_suppressed,
1789943630.2528622,rc_send_suppressed,
1789943630.3612108,rc_send_suppressed,
1789943630.4979546,rc_send_suppressed,
1789943630.6131282,rc_send_suppressed,
1789943630.7439477,rc_send_suppressed,
1789943630.874175,rc_send_suppressed,
1789943630.974189,rc_send_suppressed,
1789943631.0926416,rc_send_suppressed,
1789943631.2311409,rc_send_suppressed,
1789943631.3312616,rc_send_suppressed,
1789943631.4699862,rc_send_suppressed,
1789943631.5814567,rc_send_suppressed,
1789943631.7101693,rc_send_suppressed,
1789943631.8159282,rc_send_suppressed,
1789943631.922741,rc_send_suppressed,
1789943632.0778663,rc_send_suppressed,
1789943632.2108986,rc_send_suppressed,
1789943632.3206866,rc_send_suppressed,
1789943632.442745,rc_send_suppressed,
1789943632.5547132,rc_send_suppressed,
1789943632.6601524,rc_send_suppressed,
1789943632.775229,rc_send_suppressed,
1789943632.8819695,rc_send_suppressed,
1789943633.005457,rc_send_suppressed,
1789943633.1125698,rc_send_suppressed,
1789943633.221526,rc_send_suppressed,
1789943633.3280308,rc_send_suppressed,
1789943633.447446,rc_send_suppressed,
1789943633.553056,rc_send_suppressed,
1789943633.6610556,rc_send_suppressed,
1789943633.7628164,rc_send_suppressed,
1789943633.8208425,llm_explanation,4002.313699980732
1789943633.8840752,rc_send_suppressed,
1789943633.994852,rc_send_suppressed,
1789943634.1187408,rc_send_suppressed,
1789943634.285991,rc_send_suppressed,
1789943634.400855,rc_send_suppressed,
1789943634.5091996,rc_send_suppressed,
1789943634.6106663,rc_send_suppressed,
1789943634.7227404,rc_send_suppressed,
1789943634.8595798,rc_send_suppressed,
1789943634.9872825,rc_send_suppressed,
1789943635.120872,rc_send_suppressed,
1789943635.233835,rc_send_suppressed,
1789943635.3369586,rc_send_suppressed,
1789943635.4489536,rc_send_suppressed,
1789943635.6233816,rc_send_suppressed,
1789943635.7296824,rc_send_suppressed,
1789943635.838608,rc_send_suppressed,
1789943635.9475236,rc_send_suppressed,
1789943636.0604024,rc_send_suppressed,
1789943636.1632829,rc_send_suppressed,
1789943636.2918043,rc_send_suppressed,
1789943636.3970866,rc_send_suppressed,
1789943636.506493,rc_send_suppressed,
1789943636.6390178,rc_send_suppressed,
1789943636.753522,rc_send_suppressed,
1789943636.8627272,rc_send_suppressed,
1789943636.9749854,rc_send_suppressed,
1789943637.1195998,rc_send_suppressed,
1789943637.2337685,rc_send_suppressed,
1789943637.3461974,rc_send_suppressed,
1789943637.47308,rc_send_suppressed,
1789943637.6102057,rc_send_suppressed,
1789943637.736135,rc_send_suppressed,
1789943637.8355823,rc_send_suppressed,
1789943637.975133,rc_send_suppressed,
1789943638.1062052,rc_send_suppressed,
1789943638.2104273,rc_send_suppressed,
1789943638.3239286,rc_send_suppressed,
1789943638.432776,rc_send_suppressed,
1789943638.5463274,rc_send_suppressed,
1789943638.6467047,rc_send_suppressed,
1789943638.76602,rc_send_suppressed,
1789943638.870454,rc_send_suppressed,
1789943638.9961765,rc_send_suppressed,
1789943639.0970926,rc_send_suppressed,
1789943639.2166073,rc_send_suppressed,
1789943639.3184965,rc_send_suppressed,
1789943639.425466,rc_send_suppressed,
1789943639.5319118,rc_send_suppressed,
1789943639.6478546,rc_send_suppressed,
1789943639.8241427,rc_send_suppressed,
1789943639.940442,rc_send_suppressed,
1789943640.0635407,rc_send_suppressed,
1789943640.180468,rc_send_suppressed,
1789943640.2875571,rc_send_suppressed,
1789943640.3898304,rc_send_suppressed,
1789943640.5102038,rc_send_suppressed,
1789943640.6121545,rc_send_suppressed,
1789943640.723779,rc_send_suppressed,
1789943640.8221872,llm_explanation,2995.476999960374
1789943640.8405719,rc_send_suppressed,
1789943640.956236,rc_send_suppressed,
1789943641.0650954,rc_send_suppressed,
1789943641.1748028,rc_send_suppressed,
1789943641.2905364,rc_send_suppressed,
1789943641.3930216,rc_send_suppressed,
1789943641.5119088,rc_send_suppressed,
1789943641.6444695,rc_send_suppressed,
1789943641.7476869,rc_send_suppressed,
1789943641.8594327,rc_send_suppressed,
1789943641.9698505,rc_send_suppressed,
1789943642.071628,rc_send_suppressed,
1789943642.2401524,rc_send_suppressed,
1789943642.3601115,rc_send_suppressed,
1789943642.4663234,rc_send_suppressed,
1789943642.5731022,rc_send_suppressed,
1789943642.6736042,rc_send_suppressed,
1789943642.833907,rc_send_suppressed,
1789943642.9674025,rc_send_suppressed,
1789943643.0674744,rc_send_suppressed,
1789943643.1114867,llm_explanation,2249.567999970168
1789943643.2407749,rc_send_suppressed,
1789943643.3729303,rc_send_suppressed,
1789943643.4819956,rc_send_suppressed,
1789943643.6553361,rc_send_suppressed,
1789943643.7554016,rc_send_suppressed,
1789943643.8667688,rc_send_suppressed,
1789943643.9692438,rc_send_suppressed,
1789943644.10954,rc_send_suppressed,
1789943644.232148,rc_send_suppressed,
1789943644.3505719,rc_send_suppressed,
1789943644.4507205,rc_send_suppressed,
1789943644.5630372,rc_send_suppressed,
1789943644.6702135,rc_send_suppressed,
1789943644.7847962,rc_send_suppressed,
1789943644.9025724,rc_send_suppressed,
1789943645.029462,rc_send_suppressed,
1789943645.1391466,rc_send_suppressed,
1789943645.2505653,rc_send_suppressed,
1789943645.3538089,rc_send_suppressed,
1789943645.460033,rc_send_suppressed,
1789943645.5728095,rc_send_suppressed,
1789943645.6822464,rc_send_suppressed,
1789943645.800083,rc_send_suppressed,
1789943645.9095533,rc_send_suppressed,
1789943646.0146897,rc_send_suppressed,
1789943646.1448367,rc_send_suppressed,
1789943646.2809541,rc_send_suppressed,
1789943646.3436832,llm_explanation,3282.8062000335194
1789943646.400334,rc_send_suppressed,
1789943646.5095756,rc_send_suppressed,
1789943646.6287427,rc_send_suppressed,
1789943646.7313917,rc_send_suppressed,
1789943646.8512297,rc_send_suppressed,
1789943646.958971,rc_send_suppressed,
1789943647.072651,rc_send_suppressed,
1789943647.191012,rc_send_suppressed,
1789943647.3033957,rc_send_suppressed,
1789943647.4082408,rc_send_suppressed,
1789943647.517813,rc_send_suppressed,
1789943647.6221645,rc_send_suppressed,
1789943647.7428737,rc_send_suppressed,
1789943647.8551333,rc_send_suppressed,
1789943647.9992323,rc_send_suppressed,
1789943648.1274583,rc_send_suppressed,
1789943648.2611117,rc_send_suppressed,
1789943648.3859706,rc_send_suppressed,
1789943648.4951649,rc_send_suppressed,
1789943648.6215208,rc_send_suppressed,
1789943648.7514355,rc_send_suppressed,
1789943648.8721306,rc_send_suppressed,
1789943648.998276,rc_send_suppressed,
1789943649.1097617,rc_send_suppressed,
1789943649.2235894,rc_send_suppressed,
1789943649.3328817,rc_send_suppressed,
1789943649.443017,rc_send_suppressed,
1789943649.559504,rc_send_suppressed,
1789943649.675419,rc_send_suppressed,
1789943649.8112547,rc_send_suppressed,
1789943649.9314985,rc_send_suppressed,
1789943650.050896,rc_send_suppressed,
1789943650.1620057,rc_send_suppressed,
1789943650.2657874,rc_send_suppressed,
1789943650.3609476,llm_explanation,4002.4278999771923
1789943650.3800306,rc_send_suppressed,
1789943650.4842594,rc_send_suppressed,
1789943650.6054711,rc_send_suppressed,
1789943650.7121508,rc_send_suppressed,
1789943650.853531,rc_send_suppressed,
1789943650.9698865,rc_send_suppressed,
1789943651.0837889,rc_send_suppressed,
1789943651.21521,rc_send_suppressed,
1789943651.319233,rc_send_suppressed,
1789943651.4236746,rc_send_suppressed,
1789943651.532116,rc_send_suppressed,
1789943651.6481018,rc_send_suppressed,
1789943651.81535,rc_send_suppressed,
1789943651.9338853,rc_send_suppressed,
1789943652.050639,rc_send_suppressed,
1789943652.1814415,rc_send_suppressed,
1789943652.3145964,rc_send_suppressed,
1789943652.422832,rc_send_suppressed,
1789943652.5503862,rc_send_suppressed,
1789943652.6322713,llm_explanation,2259.282000013627
1789943652.6787868,rc_send_suppressed,
1789943652.7884598,rc_send_suppressed,
1789943652.9268491,rc_send_suppressed,
1789943653.0401988,rc_send_suppressed,
1789943653.1815171,rc_send_suppressed,
1789943653.2893393,rc_send_suppressed,
1789943653.4274788,rc_send_suppressed,
1789943653.5401864,rc_send_suppressed,
1789943653.6913579,rc_send_suppressed,
1789943653.7933545,rc_send_suppressed,
1789943653.9395552,rc_send_suppressed,
1789943654.043623,rc_send_suppressed,
1789943654.1791947,rc_send_suppressed,
1789943654.2943823,rc_send_suppressed,
1789943654.4266672,rc_send_suppressed,
1789943654.5406685,rc_send_suppressed,
1789943654.6778996,llm_explanation,2070.8181000081822
1789943654.6946802,rc_send_suppressed,
1789943654.7982473,rc_send_suppressed,
1789943654.9405088,rc_send_suppressed,
1789943655.0474982,rc_send_suppressed,
1789943655.1819773,rc_send_suppressed,
1789943655.2916665,rc_send_suppressed,
1789943655.4237294,rc_send_suppressed,
1789943655.5434976,rc_send_suppressed,
1789943655.6449864,rc_send_suppressed,
1789943655.7453732,rc_send_suppressed,
1789943655.9000173,rc_send_suppressed,
1789943656.0190008,rc_send_suppressed,
1789943656.163863,rc_send_suppressed,
1789943656.2667065,rc_send_suppressed,
1789943656.4028304,rc_send_suppressed,
1789943656.5167456,rc_send_suppressed,
1789943656.654691,rc_send_suppressed,
1789943656.664541,llm_explanation,1980.12550000567
1789943656.7549014,rc_send_suppressed,
1789943656.8552556,rc_send_suppressed,
1789943656.9608898,rc_send_suppressed,
1789943657.1002352,rc_send_suppressed,
1789943657.2102563,rc_send_suppressed,
1789943657.3544092,rc_send_suppressed,
1789943657.4600549,rc_send_suppressed,
1789943657.5929203,rc_send_suppressed,
1789943657.7179425,rc_send_suppressed,
1789943657.856647,rc_send_suppressed,
1789943657.9611623,rc_send_suppressed,
1789943658.096989,rc_send_suppressed,
1789943658.2196052,rc_send_suppressed,
1789943658.3607137,rc_send_suppressed,
1789943658.4725037,rc_send_suppressed,
1789943658.5841827,rc_send_suppressed,
1789943658.6927218,rc_send_suppressed,
1789943658.8027136,rc_send_suppressed,
1789943658.9142878,rc_send_suppressed,
1789943659.060755,rc_send_suppressed,
1789943659.1831563,rc_send_suppressed,
1789943659.3031762,rc_send_suppressed,
1789943659.4135396,rc_send_suppressed,
1789943659.546087,rc_send_suppressed,
1789943659.675418,rc_send_suppressed,
1789943659.802763,rc_send_suppressed,
1789943659.9187882,rc_send_suppressed,
1789943660.0469716,rc_send_suppressed,
1789943660.1869028,rc_send_suppressed,
1789943660.2989335,rc_send_suppressed,
1789943660.4037533,rc_send_suppressed,
1789943660.5209937,rc_send_suppressed,
1789943660.624709,rc_send_suppressed,
1789943660.7289648,llm_explanation,4008.8927000178955
1789943660.7509253,rc_send_suppressed,
1789943660.8797088,rc_send_suppressed,
1789943661.0225847,rc_send_suppressed,
1789943661.1389565,rc_send_suppressed,
1789943661.2602658,rc_send_suppressed,
1789943661.3696725,rc_send_suppressed,
1789943661.4794545,rc_send_suppressed,
1789943661.5895097,rc_send_suppressed,
1789943661.7238648,rc_send_suppressed,
1789943661.825138,rc_send_suppressed,
1789943661.9302437,rc_send_suppressed,
1789943662.0498686,rc_send_suppressed,
1789943662.159707,rc_send_suppressed,
1789943662.286477,rc_send_suppressed,
1789943662.4082236,rc_send_suppressed,
1789943662.5761132,rc_send_suppressed,
1789943662.7018015,rc_send_suppressed,
1789943662.815331,rc_send_suppressed,
1789943662.925185,rc_send_suppressed,
1789943663.0603263,rc_send_suppressed,
1789943663.1991446,rc_send_suppressed,
1789943663.304862,rc_send_suppressed,
1789943663.4759326,rc_send_suppressed,
1789943663.6057723,rc_send_suppressed,
1789943663.7112415,rc_send_suppressed,
1789943663.8144042,rc_send_suppressed,
1789943663.9239452,rc_send_suppressed,
1789943664.0322149,llm_explanation,3366.9752000132576
1789943664.0570865,rc_send_suppressed,
1789943664.1860194,rc_send_suppressed,
1789943664.2998455,rc_send_suppressed,
1789943664.4239504,rc_send_suppressed,
1789943664.535438,rc_send_suppressed,
1789943664.6406884,rc_send_suppressed,
1789943664.750011,rc_send_suppressed,
1789943664.884897,rc_send_suppressed,
1789943665.0040162,rc_send_suppressed,
1789943665.137288,rc_send_suppressed,
1789943665.2387328,rc_send_suppressed,
1789943665.376718,rc_send_suppressed,
1789943665.480566,rc_send_suppressed,
1789943665.5991344,rc_send_suppressed,
1789943665.7066326,rc_send_suppressed,
1789943665.811253,rc_send_suppressed,
1789943665.9309056,rc_send_suppressed,
1789943666.072826,rc_send_suppressed,
1789943666.2176967,rc_send_suppressed,
1789943666.3478525,rc_send_suppressed,
1789943666.4518917,rc_send_suppressed,
1789943666.559257,rc_send_suppressed,
1789943666.6607928,rc_send_suppressed,
1789943666.7777193,rc_send_suppressed,
1789943666.8810208,rc_send_suppressed,
1789943666.9957898,rc_send_suppressed,
1789943667.0988941,rc_send_suppressed,
1789943667.20588,rc_send_suppressed,
1789943667.3081532,rc_send_suppressed,
1789943667.4143324,rc_send_suppressed,
1789943667.533877,rc_send_suppressed,
1789943667.6394806,rc_send_suppressed,
1789943667.7494876,rc_send_suppressed,
1789943667.8797107,rc_send_suppressed,
1789943667.9868045,rc_send_suppressed,
1789943668.0942435,llm_explanation,4004.0033999830484
1789943668.114268,rc_send_suppressed,
1789943668.228095,rc_send_suppressed,
1789943668.3615716,rc_send_suppressed,
1789943668.4664433,rc_send_suppressed,
1789943668.577018,rc_send_suppressed,
1789943668.705459,rc_send_suppressed,
1789943668.8152168,rc_send_suppressed,
1789943668.9435973,rc_send_suppressed,
1789943669.0507858,rc_send_suppressed,
1789943669.1809394,rc_send_suppressed,
1789943669.2872953,rc_send_suppressed,
1789943669.4052298,rc_send_suppressed,
1789943669.5121891,rc_send_suppressed,
1789943669.6132958,rc_send_suppressed,
1789943669.715629,rc_send_suppressed,
1789943669.8501222,rc_send_suppressed,
1789943669.9703112,rc_send_suppressed,
1789943670.102772,rc_send_suppressed,
1789943670.2391088,rc_send_suppressed,
1789943670.3470392,rc_send_suppressed,
1789943670.4654741,rc_send_suppressed,
1789943670.5785978,rc_send_suppressed,
1789943670.6992671,rc_send_suppressed,
1789943670.8163288,rc_send_suppressed,
1789943670.928259,rc_send_suppressed,
1789943671.0593545,rc_send_suppressed,
1789943671.1738794,rc_send_suppressed,
1789943671.2837336,rc_send_suppressed,
1789943671.4260526,rc_send_suppressed,
1789943671.563238,rc_send_suppressed,
1789943671.6851158,rc_send_suppressed,
1789943671.7949092,rc_send_suppressed,
1789943671.9140067,rc_send_suppressed,
1789943672.0216036,rc_send_suppressed,
1789943672.1491966,rc_send_suppressed,
1789943672.2768738,rc_send_suppressed,
1789943672.3846562,rc_send_suppressed,
1789943672.485667,rc_send_suppressed,
1789943672.6043825,rc_send_suppressed,
1789943672.7096062,rc_send_suppressed,
1789943672.8127189,rc_send_suppressed,
1789943672.9428973,rc_send_suppressed,
1789943673.05342,rc_send_suppressed,
1789943673.1768954,rc_send_suppressed,
1789943673.2808843,rc_send_suppressed,
1789943673.38632,rc_send_suppressed,
1789943673.499669,rc_send_suppressed,
1789943673.6020637,rc_send_suppressed,
1789943673.7129076,rc_send_suppressed,
1789943673.8156893,rc_send_suppressed,
1789943673.9408665,rc_send_suppressed,
1789943674.1171014,rc_send_suppressed,
1789943674.2350042,rc_send_suppressed,
1789943674.3419178,rc_send_suppressed,
1789943674.4451623,rc_send_suppressed,
1789943674.573621,rc_send_suppressed,
1789943674.6771095,rc_send_suppressed,
1789943674.7848828,rc_send_suppressed,
1789943674.9131286,rc_send_suppressed,
1789943675.0416725,rc_send_suppressed,
1789943675.163433,rc_send_suppressed,
1789943675.279877,rc_send_suppressed,
1789943675.411424,rc_send_suppressed,
1789943675.5251315,rc_send_suppressed,
1789943675.6561508,rc_send_suppressed,
1789943675.762275,rc_send_suppressed,
1789943675.864822,rc_send_suppressed,
1789943676.0046592,rc_send_suppressed,
1789943676.1394746,rc_send_suppressed,
1789943676.2771032,rc_send_suppressed,
1789943676.4020414,rc_send_suppressed,
1789943676.5223296,rc_send_suppressed,
1789943676.6296053,rc_send_suppressed,
1789943676.7361872,rc_send_suppressed,
1789943676.83949,rc_send_suppressed,
1789943676.9515567,rc_send_suppressed,
1789943677.058276,rc_send_suppressed,
1789943677.1607664,rc_send_suppressed,
1789943677.2696722,rc_send_suppressed,
1789943677.377769,rc_send_suppressed,
1789943677.4794266,rc_send_suppressed,
1789943677.612767,rc_send_suppressed,
1789943677.7820652,rc_send_suppressed,
1789943677.9054322,rc_send_suppressed,
1789943678.0178938,rc_send_suppressed,
1789943678.1221635,rc_send_suppressed,
1789943678.2475224,rc_send_suppressed,
1789943678.3527963,rc_send_suppressed,
1789943678.4716322,rc_send_suppressed,
1789943678.6056468,rc_send_suppressed,
1789943678.7120569,rc_send_suppressed,
1789943678.848751,rc_send_suppressed,
1789943678.9719832,rc_send_suppressed,
1789943679.1142101,rc_send_suppressed,
1789943679.217558,rc_send_suppressed,
1789943679.3485434,rc_send_suppressed,
1789943679.4660673,rc_send_suppressed,
1789943679.5665655,rc_send_suppressed,
1789943679.697373,rc_send_suppressed,
1789943679.8017411,rc_send_suppressed,
1789943679.9432418,rc_send_suppressed,
1789943680.0578945,rc_send_suppressed,
1789943680.1956277,rc_send_suppressed,
1789943680.3041055,rc_send_suppressed,
1789943680.446687,rc_send_suppressed,
1789943680.5580342,rc_send_suppressed,
1789943680.6843302,rc_send_suppressed,
1789943680.8079014,rc_send_suppressed,
1789943680.9451072,rc_send_suppressed,
1789943681.05941,rc_send_suppressed,
1789943681.210722,rc_send_suppressed,
1789943681.321429,rc_send_suppressed,
1789943681.454827,rc_send_suppressed,
1789943681.5637507,rc_send_suppressed,
1789943681.7080975,rc_send_suppressed,
1789943681.8106706,rc_send_suppressed,
1789943681.9459634,rc_send_suppressed,
1789943682.056973,rc_send_suppressed,
1789943682.1867917,rc_send_suppressed,
1789943682.3050945,rc_send_suppressed,
1789943682.4474106,rc_send_suppressed,
1789943682.564069,rc_send_suppressed,
1789943682.7063909,rc_send_suppressed,
1789943682.820203,rc_send_suppressed,
1789943682.9514704,rc_send_suppressed,
1789943683.0652993,rc_send_suppressed,
1789943683.1885912,rc_send_suppressed,
1789943683.303939,rc_send_suppressed,
1789943683.4419792,rc_send_suppressed,
1789943683.5604365,rc_send_suppressed,
1789943683.6834059,rc_send_suppressed,
1789943683.8075943,rc_send_suppressed,
1789943683.9461482,rc_send_suppressed,
1789943684.0571277,rc_send_suppressed,
1789943684.1943626,rc_send_suppressed,
1789943684.3031638,rc_send_suppressed,
1789943684.4464364,rc_send_suppressed,
1789943684.557607,rc_send_suppressed,
1789943684.6909697,rc_send_suppressed,
1789943684.8075347,rc_send_suppressed,
1789943684.9547293,rc_send_suppressed,
1789943685.0924695,rc_send_suppressed,
1789943685.1944115,rc_send_suppressed,
1789943685.331956,rc_send_suppressed,
1789943685.4475696,rc_send_suppressed,
1789943685.5866864,rc_send_suppressed,
1789943685.7330112,rc_send_suppressed,
1789943685.839713,rc_send_suppressed,
1789943685.9528117,rc_send_suppressed,
1789943686.0876758,rc_send_suppressed,
1789943686.187945,rc_send_suppressed,
1789943686.2937958,rc_send_suppressed,
1789943686.3958988,rc_send_suppressed,
1789943686.5311146,rc_send_suppressed,
1789943686.6433587,rc_send_suppressed,
1789943686.788489,rc_send_suppressed,
1789943686.8913026,rc_send_suppressed,
1789943687.0248709,rc_send_suppressed,
1789943687.1480842,rc_send_suppressed,
1789943687.2832077,rc_send_suppressed,
1789943687.3843114,rc_send_suppressed,
1789943687.5235686,rc_send_suppressed,
1789943687.642481,rc_send_suppressed,
1789943687.7579923,rc_send_suppressed,
1789943687.900751,rc_send_suppressed,
1789943688.008398,rc_send_suppressed,
1789943688.1649857,rc_send_suppressed,
1789943688.2761421,rc_send_suppressed,
1789943688.3965077,rc_send_suppressed,
1789943688.5162842,rc_send_suppressed,
1789943688.6487825,rc_send_suppressed,
1789943688.775389,rc_send_suppressed,
1789943688.88203,rc_send_suppressed,
1789943689.0252566,rc_send_suppressed,
1789943689.1428633,rc_send_suppressed,
1789943689.2802365,rc_send_suppressed,
1789943689.384126,rc_send_suppressed,
1789943689.5253935,rc_send_suppressed,
1789943689.6411273,rc_send_suppressed,
1789943689.7571454,rc_send_suppressed,
1789943689.887416,rc_send_suppressed,
1789943690.0102947,rc_send_suppressed,
1789943690.1544378,rc_send_suppressed,
1789943690.2555118,rc_send_suppressed,
1789943690.384773,rc_send_suppressed,
1789943690.5047896,rc_send_suppressed,
1789943690.6490574,rc_send_suppressed,
1789943690.783038,rc_send_suppressed,
1789943690.8881135,rc_send_suppressed,
1789943690.9888804,rc_send_suppressed,
1789943691.0892289,rc_send_suppressed,
1789943691.2271857,rc_send_suppressed,
1789943691.3542213,rc_send_suppressed,
1789943691.4970217,rc_send_suppressed,
1789943691.5992975,rc_send_suppressed,
1789943691.6997452,rc_send_suppressed,
1789943691.8007376,rc_send_suppressed,
1789943691.90192,rc_send_suppressed,
1789943691.9424267,llm_explanation,3849.2444999865256
1789943692.0387676,rc_send_suppressed,
1789943692.1873953,rc_send_suppressed,
1789943692.293422,rc_send_suppressed,
1789943692.3943837,rc_send_suppressed,
1789943692.5201337,rc_send_suppressed,
1789943692.6283479,rc_send_suppressed,
1789943692.729273,rc_send_suppressed,
1789943692.848827,rc_send_suppressed,
1789943692.9696448,rc_send_suppressed,
1789943693.1127908,rc_send_suppressed,
1789943693.21527,rc_send_suppressed,
1789943693.3425603,rc_send_suppressed,
1789943693.4584153,rc_send_suppressed,
1789943693.5589724,rc_send_suppressed,
1789943693.694468,rc_send_suppressed,
1789943693.7967753,rc_send_suppressed,
1789943693.8682404,llm_explanation,1926.448700018227
1789943693.8987815,rc_send_suppressed,
1789943694.0283456,rc_send_suppressed,
1789943694.1306272,rc_send_suppressed,
1789943694.2324586,rc_send_suppressed,
1789943694.352604,rc_send_suppressed,
1789943694.46945,rc_send_suppressed,
1789943694.6149213,rc_send_suppressed,
1789943694.7202566,rc_send_suppressed,
1789943694.8488402,rc_send_suppressed,
1789943694.9705915,rc_send_suppressed,
1789943695.1175063,rc_send_suppressed,
1789943695.2193074,rc_send_suppressed,
1789943695.353209,rc_send_suppressed,
1789943695.454839,rc_send_suppressed,
1789943695.5863285,rc_send_suppressed,
1789943695.6871588,rc_send_suppressed,
1789943695.7892776,rc_send_suppressed,
1789943695.926713,rc_send_suppressed,
1789943696.045886,rc_send_suppressed,
1789943696.1888857,rc_send_suppressed,
1789943696.2947152,rc_send_suppressed,
1789943696.4111404,rc_send_suppressed,
1789943696.5218291,rc_send_suppressed,
1789943696.623149,rc_send_suppressed,
1789943696.7484365,rc_send_suppressed,
1789943696.8610497,rc_send_suppressed,
1789943696.963809,rc_send_suppressed,
1789943697.0974133,rc_send_suppressed,
1789943697.2038202,rc_send_suppressed,
1789943697.3482163,rc_send_suppressed,
1789943697.457661,rc_send_suppressed,
1789943697.5840447,rc_send_suppressed,
1789943697.686989,rc_send_suppressed,
1789943697.7936566,rc_send_suppressed,
1789943697.8660583,llm_explanation,4009.548600006383
1789943697.9236324,rc_send_suppressed,
1789943698.0458636,rc_send_suppressed,
1789943698.165072,rc_send_suppressed,
1789943698.309608,rc_send_suppressed,
1789943698.411101,rc_send_suppressed,
1789943698.540031,rc_send_suppressed,
1789943698.6409316,rc_send_suppressed,
1789943698.7418926,rc_send_suppressed,
1789943698.8684413,rc_send_suppressed,
1789943698.9750001,rc_send_suppressed,
1789943699.0817566,rc_send_suppressed,
1789943701.677141,llm_explanation,3805.0463999970816
1789943703.2919822,llm_explanation,1538.4331999812275
1789943704.5190265,llm_explanation,1272.0152999972925
