t,event,latency_ms
1789944626.677386,llm_explanation,3910.6658000382595
1789944627.8275046,llm_explanation,1127.5117000332102
1789944629.2717135,llm_explanation,1433.5274000186473
1789944633.2743561,llm_explanation,4009.084199962672
1789944634.5221028,llm_explanation,1280.8287999941967
1789944637.512643,llm_explanation,2983.912000025157
1789944639.665568,llm_explanation,2106.0448000207543
1789944641.079531,llm_explanation,1415.4521999880672
1789944643.0149305,llm_explanation,1945.621500024572
1789944651.3945572,rc_send_suppressed,
1789944651.3945572,llm_explanation,1380.104499985464
1789944651.496654,rc_send_suppressed,
1789944651.6293874,rc_send_suppressed,
1789944651.7486856,rc_send_suppressed,
1789944651.9061732,rc_send_suppressed,
1789944652.0075457,rc_send_suppressed,
1789944652.1208544,rc_send_suppressed,
1789944652.2360618,rc_send_suppressed,
1789944652.3594263,rc_send_suppressed,
1789944652.5275578,rc_send_suppressed,
1789944652.6417215,rc_send_suppressed,
1789944652.7466903,rc_send_suppressed,
1789944652.8713565,rc_send_suppressed,
1789944653.0157638,rc_send_suppressed,
1789944653.1367946,rc_send_suppressed,
1789944653.2633545,rc_send_suppressed,
1789944653.4191139,rc_send_suppressed,
1789944653.5292737,rc_send_suppressed,
1789944653.6891048,rc_send_suppressed,
1789944653.7976675,rc_send_suppressed,
1789944653.9433637,rc_send_suppressed,
1789944654.044018,rc_send_suppressed,
1789944654.1574972,rc_send_suppressed,
1789944654.267268,rc_send_suppressed,
1789944654.367339,rc_send_suppressed,
1789944654.5155914,rc_send_suppressed,
1789944654.6325595,rc_send_suppressed,
1789944654.7352245,rc_send_suppressed,
1789944654.860527,rc_send_suppressed,
1789944654.9781365,rc_send_suppressed,
1789944655.0969524,rc_send_suppressed,
1789944655.2047744,rc_send_suppressed,
1789944655.320506,rc_send_suppressed,
1789944655.4232478,rc_send_suppressed,
1789944655.4421315,llm_explanation,4019.713599991519
1789944655.5494587,rc_send_suppressed,
1789944655.675885,rc_send_suppressed,
1789944655.837623,rc_send_suppressed,
1789944655.938573,rc_send_suppressed,
1789944656.0397274,rc_send_suppressed,
1789944656.1397917,rc_send_suppressed,
1789944656.2508466,rc_send_suppressed,
1789944656.3520896,rc_send_suppressed,
1789944656.473545,rc_send_suppressed,
1789944656.5787282,rc_send_suppressed,
1789944656.6867187,rc_send_suppressed,
1789944656.805294,rc_send_suppressed,
1789944656.915212,rc_send_suppressed,
1789944657.0157027,rc_send_suppressed,
1789944657.1372812,rc_send_suppressed,
1789944657.2428648,rc_send_suppressed,
1789944657.3534517,rc_send_suppressed,
1789944657.501589,rc_send_suppressed,
1789944657.6237476,rc_send_suppressed,
1789944657.8000617,rc_send_suppressed,
1789944657.9142044,rc_send_suppressed,
1789944658.0409467,rc_send_suppressed,
1789944658.147315,rc_send_suppressed,
1789944658.2589083,rc_send_suppressed,
1789944658.364843,rc_send_suppressed,
1789944658.4970644,rc_send_suppressed,
1789944658.6565354,llm_explanation,3227.144700009376
1789944658.669985,rc_send_suppressed,
1789944658.7923868,rc_send_suppressed,
1789944658.8962967,rc_send_suppressed,
1789944659.0576453,rc_send_suppressed,
1789944659.195762,rc_send_suppressed,
1789944659.3483694,rc_send_suppressed,
1789944659.4516892,rc_send_suppressed,
1789944659.5811534,rc_send_suppressed,
1789944659.687114,rc_send_suppressed,
1789944659.8173294,rc_send_suppressed,
1789944659.9234567,rc_send_suppressed,
1789944660.0356996,rc_send_suppressed,
1789944660.143634,rc_send_suppressed,
1789944660.300714,rc_send_suppressed,
1789944660.4043386,rc_send_suppressed,
1789944660.512713,rc_send_suppressed,
1789944660.6220224,rc_send_suppressed,
1789944660.7226577,rc_send_suppressed,
1789944660.765797,llm_explanation,2097.5786999915726
1789944660.851868,rc_send_suppressed,
1789944660.9551053,rc_send_suppressed,
1789944661.0571818,rc_send_suppressed,
1789944661.1829286,rc_send_suppressed,
1789944661.2872126,rc_send_suppressed,
1789944661.3884988,rc_send_suppressed,
1789944661.5205774,rc_send_suppressed,
1789944661.6241846,rc_send_suppressed,
1789944661.724997,rc_send_suppressed,
1789944661.8465357,rc_send_suppressed,
1789944665.1692522,llm_explanation,1162.4885000055656
1789944667.6244826,llm_explanation,2443.9602000056766
1789944670.3739667,llm_explanation,2748.206600022968
1789944679.4806626,llm_explanation,980.6005000136793
1789944681.6848226,llm_explanation,2196.295400033705
1789944684.5305471,llm_explanation,2844.239599944558
1789944685.8720279,llm_explanation,1342.600499978289
1789944687.530654,llm_explanation,1666.6038000257686
1789944689.2094457,llm_explanation,1614.0910999965854
1789944690.5367477,llm_explanation,1336.045500007458
1789944691.8314185,llm_explanation,1314.417699992191
1789944693.6620092,llm_explanation,1845.7157999509946
1789944696.0657194,llm_explanation,2415.2185000129975
1789944697.0925899,rc_send_suppressed,
1789944697.1938455,rc_send_suppressed,
1789944697.3043928,rc_send_suppressed,
1789944697.4367886,rc_send_suppressed,
1789944697.5390754,rc_send_suppressed,
1789944697.640018,rc_send_suppressed,
1789944697.777747,rc_send_suppressed,
1789944697.889231,rc_send_suppressed,
1789944698.0136418,rc_send_suppressed,
1789944698.122705,rc_send_suppressed,
1789944698.2249923,rc_send_suppressed,
1789944698.3273308,rc_send_suppressed,
1789944698.3852513,llm_explanation,2322.49910000246
1789944698.4538383,rc_send_suppressed,
1789944698.5579748,rc_send_suppressed,
1789944698.6653469,rc_send_suppressed,
1789944698.7792048,rc_send_suppressed,
1789944698.8932123,rc_send_suppressed,
1789944698.998158,rc_send_suppressed,
1789944699.1199784,rc_send_suppressed,
1789944699.2330308,rc_send_suppressed,
1789944699.349805,rc_send_suppressed,
1789944699.4520986,rc_send_suppressed,
1789944699.611444,rc_send_suppressed,
1789944699.7497344,rc_send_suppressed,
1789944699.865557,rc_send_suppressed,
1789944699.9824896,rc_send_suppressed,
1789944700.0840504,rc_send_suppressed,
1789944700.1922302,rc_send_suppressed,
1789944700.3115819,rc_send_suppressed,
1789944700.417425,rc_send_suppressed,
1789944700.520501,rc_send_suppressed,
1789944700.627407,rc_send_suppressed,
1789944700.7961855,rc_send_suppressed,
1789944700.8940337,llm_explanation,2457.139600010123
1789944700.9079962,rc_send_suppressed,
1789944701.0092592,rc_send_suppressed,
1789944701.1319299,rc_send_suppressed,
1789944701.2505927,rc_send_suppressed,
1789944701.3539205,rc_send_suppressed,
1789944701.4886672,rc_send_suppressed,
1789944701.5930688,rc_send_suppressed,
1789944701.7049947,rc_send_suppressed,
1789944701.8474877,rc_send_suppressed,
1789944701.9693854,rc_send_suppressed,
1789944702.0735228,rc_send_suppressed,
1789944702.2441626,rc_send_suppressed,
1789944702.3654587,rc_send_suppressed,
1789944702.468545,rc_send_suppressed,
1789944702.587509,rc_send_suppressed,
1789944702.6891077,rc_send_suppressed,
1789944702.7549112,llm_explanation,1862.490399973467
1789944702.7947476,rc_send_suppressed,
1789944702.9027789,rc_send_suppressed,
1789944703.0041666,rc_send_suppressed,
1789944703.1051683,rc_send_suppressed,
1789944703.206926,rc_send_suppressed,
1789944703.344754,rc_send_suppressed,
1789944703.4702356,rc_send_suppressed,
1789944703.63651,rc_send_suppressed,
1789944703.786309,rc_send_suppressed,
1789944703.8904293,rc_send_suppressed,
1789944704.0197039,rc_send_suppressed,
1789944704.1273859,rc_send_suppressed,
1789944704.229383,rc_send_suppressed,
1789944704.290731,llm_explanation,1562.2793000075035
1789944704.3352327,rc_send_suppressed,
1789944704.440144,rc_send_suppressed,
1789944704.601675,rc_send_suppressed,
1789944704.7089357,rc_send_suppressed,
1789944704.8273034,rc_send_suppressed,
1789944704.9809752,rc_send_suppressed,
1789944705.1070464,rc_send_suppressed,
1789944705.2080576,rc_send_suppressed,
1789944705.3123755,rc_send_suppressed,
1789944705.4829898,rc_send_suppressed,
1789944705.6065943,rc_send_suppressed,
1789944705.708879,rc_send_suppressed,
1789944705.8241057,rc_send_suppressed,
1789944705.9272914,rc_send_suppressed,
1789944706.0371382,rc_send_suppressed,
1789944706.121812,llm_explanation,1860.6464000185952
1789944706.1375158,rc_send_suppressed,
1789944706.241627,rc_send_suppressed,
1789944706.3483388,rc_send_suppressed,
1789944706.46141,rc_send_suppressed,
1789944706.571716,rc_send_suppressed,
1789944706.6905787,rc_send_suppressed,
1789944706.8133929,rc_send_suppressed,
1789944706.9563751,rc_send_suppressed,
1789944707.0926309,rc_send_suppressed,
1789944707.211822,rc_send_suppressed,
1789944707.3446987,rc_send_suppressed,
1789944707.4629922,rc_send_suppressed,
1789944707.5781193,rc_send_suppressed,
1789944707.7053592,rc_send_suppressed,
1789944707.8276975,rc_send_suppressed,
1789944707.9814138,rc_send_suppressed,
1789944708.1141918,rc_send_suppressed,
1789944708.2311764,rc_send_suppressed,
1789944708.3653553,rc_send_suppressed,
1789944708.4917195,rc_send_suppressed,
1789944708.6127045,rc_send_suppressed,
1789944708.750828,rc_send_suppressed,
1789944708.8533971,rc_send_suppressed,
1789944708.98686,rc_send_suppressed,
1789944709.0983794,rc_send_suppressed,
1789944709.2012558,rc_send_suppressed,
1789944709.3339748,rc_send_suppressed,
1789944709.4351914,rc_send_suppressed,
1789944709.5374944,rc_send_suppressed,
1789944709.6613264,rc_send_suppressed,
1789944709.7700105,rc_send_suppressed,
1789944709.8705373,rc_send_suppressed,
1789944709.9842017,rc_send_suppressed,
1789944710.0935352,rc_send_suppressed,
1789944710.1412501,llm_explanation,4006.848599994555
1789944710.1949313,rc_send_suppressed,
1789944710.331612,rc_send_suppressed,
1789944710.4363346,rc_send_suppressed,
1789944710.5784311,rc_send_suppressed,
1789944710.6984172,rc_send_suppressed,
1789944710.8465207,rc_send_suppressed,
1789944710.951522,rc_send_suppressed,
1789944711.0761986,rc_send_suppressed,
1789944711.211684,rc_send_suppressed,
1789944711.32272,rc_send_suppressed,
1789944711.4621017,rc_send_suppressed,
1789944711.5780294,rc_send_suppressed,
1789944711.7395933,rc_send_suppressed,
1789944711.8563712,rc_send_suppressed,
1789944712.0104578,rc_send_suppressed,
1789944712.0228033,llm_explanation,1884.2001000302844
1789944712.1301882,rc_send_suppressed,
1789944712.2395864,rc_send_suppressed,
1789944712.3406725,rc_send_suppressed,
1789944712.4443452,rc_send_suppressed,
1789944712.5467248,rc_send_suppressed,
1789944712.6507735,rc_send_suppressed,
1789944712.7732532,rc_send_suppressed,
1789944712.9218745,rc_send_suppressed,
1789944713.0337753,rc_send_suppressed,
1789944713.160717,rc_send_suppressed,
1789944713.3131654,rc_send_suppressed,
1789944713.4386947,rc_send_suppressed,
1789944713.5406024,rc_send_suppressed,
1789944713.6428294,rc_send_suppressed,
1789944713.7663627,rc_send_suppressed,
1789944713.8105125,llm_explanation,1795.207199989818
1789944713.9206092,rc_send_suppressed,
1789944714.049787,rc_send_suppressed,
1789944714.177855,rc_send_suppressed,
1789944714.348438,rc_send_suppressed,
1789944714.4818597,rc_send_suppressed,
1789944714.5857017,rc_send_suppressed,
1789944714.691047,rc_send_suppressed,
1789944714.8114417,rc_send_suppressed,
1789944714.9172184,rc_send_suppressed,
1789944715.055077,rc_send_suppressed,
1789944715.1556597,rc_send_suppressed,
1789944715.2573745,rc_send_suppressed,
1789944715.358446,rc_send_suppressed,
1789944715.4740915,rc_send_suppressed,
1789944715.6069813,rc_send_suppressed,
1789944715.7127824,rc_send_suppressed,
1789944715.8472688,rc_send_suppressed,
1789944715.9624276,rc_send_suppressed,
1789944716.0654092,rc_send_suppressed,
1789944716.180262,rc_send_suppressed,
1789944716.2890062,rc_send_suppressed,
1789944716.400139,rc_send_suppressed,
1789944716.5018914,rc_send_suppressed,
1789944716.60849,rc_send_suppressed,
1789944716.7200124,rc_send_suppressed,
1789944716.8329988,rc_send_suppressed,
1789944716.9487658,rc_send_suppressed,
1789944717.0617192,rc_send_suppressed,
1789944717.1731665,rc_send_suppressed,
1789944717.3164728,rc_send_suppressed,
1789944717.4498146,rc_send_suppressed,
1789944717.559188,rc_send_suppressed,
1789944717.6844265,rc_send_suppressed,
1789944717.8242402,rc_send_suppressed,
1789944717.885983,llm_explanation,4009.0377999586053
1789944717.9546382,rc_send_suppressed,
1789944718.0751243,rc_send_suppressed,
1789944718.191424,rc_send_suppressed,
1789944718.3069143,rc_send_suppressed,
1789944718.44061,rc_send_suppressed,
1789944718.5571892,rc_send_suppressed,
1789944718.6886683,rc_send_suppressed,
1789944718.8062127,rc_send_suppressed,
1789944718.9064634,rc_send_suppressed,
1789944719.0221672,rc_send_suppressed,
1789944719.1334286,rc_send_suppressed,
1789944719.2393286,rc_send_suppressed,
1789944719.3430722,rc_send_suppressed,
1789944719.453132,rc_send_suppressed,
1789944719.5607278,rc_send_suppressed,
1789944719.671809,rc_send_suppressed,
1789944719.7751205,rc_send_suppressed,
1789944719.893398,rc_send_suppressed,
1789944720.0264485,rc_send_suppressed,
1789944720.1534677,rc_send_suppressed,
1789944720.2572005,rc_send_suppressed,
1789944720.3657165,rc_send_suppressed,
1789944720.495055,rc_send_suppressed,
1789944720.5995028,rc_send_suppressed,
1789944720.7120943,rc_send_suppressed,
1789944720.8795936,rc_send_suppressed,
1789944721.0158515,rc_send_suppressed,
1789944721.123891,rc_send_suppressed,
1789944721.2545044,rc_send_suppressed,
1789944721.3652267,rc_send_suppressed,
1789944721.4839551,rc_send_suppressed,
1789944721.6175375,rc_send_suppressed,
1789944721.725035,rc_send_suppressed,
1789944721.8273091,rc_send_suppressed,
1789944721.9547086,rc_send_suppressed,
1789944722.0589411,rc_send_suppressed,
1789944722.1627512,rc_send_suppressed,
1789944722.2664397,rc_send_suppressed,
1789944722.3728175,rc_send_suppressed,
1789944722.5357666,rc_send_suppressed,
1789944722.6691315,rc_send_suppressed,
1789944722.7850902,rc_send_suppressed,
1789944722.8992314,rc_send_suppressed,
1789944723.017189,rc_send_suppressed,
1789944723.1211643,rc_send_suppressed,
1789944723.2331197,rc_send_suppressed,
1789944723.3360739,rc_send_suppressed,
1789944723.4570575,rc_send_suppressed,
1789944723.5593672,rc_send_suppressed,
1789944723.6815863,rc_send_suppressed,
1789944723.8085647,rc_send_suppressed,
1789944723.9316201,rc_send_suppressed,
1789944724.031622,rc_send_suppressed,
1789944724.1374197,rc_send_suppressed,
1789944724.2629097,rc_send_suppressed,
1789944724.3809793,rc_send_suppressed,
1789944724.5537398,rc_send_suppressed,
1789944724.6731431,rc_send_suppressed,
1789944724.7854626,rc_send_suppressed,
1789944724.8884296,rc_send_suppressed,
1789944725.0117536,rc_send_suppressed,
1789944725.1373935,rc_send_suppressed,
1789944725.2413867,rc_send_suppressed,
1789944725.3629053,rc_send_suppressed,
1789944725.4693751,rc_send_suppressed,
1789944725.5739596,rc_send_suppressed,
1789944725.685181,rc_send_suppressed,
1789944725.811712,rc_send_suppressed,
1789944725.9277737,rc_send_suppressed,
1789944726.0464447,rc_send_suppressed,
1789944726.1624134,rc_send_suppressed,
1789944726.2639313,rc_send_suppressed,
1789944726.388335,rc_send_suppressed,
1789944726.5560124,rc_send_suppressed,
1789944726.6663766,rc_send_suppressed,
1789944726.786725,rc_send_suppressed,
1789944726.9054844,rc_send_suppressed,
1789944727.0200202,rc_send_suppressed,
1789944727.151506,rc_send_suppressed,
1789944727.2540407,rc_send_suppressed,
1789944727.3707857,rc_send_suppressed,
1789944727.4753048,rc_send_suppressed,
1789944727.638052,rc_send_suppressed,
1789944727.7729368,rc_send_suppressed,
1789944727.8890147,rc_send_suppressed,
1789944728.0472817,rc_send_suppressed,
1789944728.1692543,rc_send_suppressed,
1789944728.2691112,rc_send_suppressed,
1789944728.3955479,rc_send_suppressed,
1789944728.5037491,rc_send_suppressed,
1789944728.666394,rc_send_suppressed,
1789944728.7740936,rc_send_suppressed,
1789944728.9102902,rc_send_suppressed,
1789944729.0463173,rc_send_suppressed,
1789944729.162922,rc_send_suppressed,
1789944729.2691522,rc_send_suppressed,
1789944729.3882356,rc_send_suppressed,
1789944729.5021555,rc_send_suppressed,
1789944729.6165502,rc_send_suppressed,
1789944729.7319052,rc_send_suppressed,
1789944729.8553314,rc_send_suppressed,
1789944729.974966,rc_send_suppressed,
1789944730.0904021,rc_send_suppressed,
1789944730.209456,rc_send_suppressed,
1789944730.3164663,rc_send_suppressed,
1789944730.4442966,rc_send_suppressed,
1789944730.576986,rc_send_suppressed,
1789944730.7496705,rc_send_suppressed,
1789944730.8632386,rc_send_suppressed,
1789944730.9649725,rc_send_suppressed,
1789944731.0969503,rc_send_suppressed,
1789944731.2008297,rc_send_suppressed,
1789944731.303015,rc_send_suppressed,
1789944731.4216568,rc_send_suppressed,
1789944731.532359,rc_send_suppressed,
1789944731.634582,rc_send_suppressed,
1789944731.7818234,rc_send_suppressed,
1789944731.9187558,rc_send_suppressed,
1789944732.0334406,rc_send_suppressed,
1789944732.1345189,rc_send_suppressed,
1789944732.297252,rc_send_suppressed,
1789944732.397552,rc_send_suppressed,
1789944732.509231,rc_send_suppressed,
1789944732.5897958,llm_explanation,2720.551499980502
1789944732.64881,rc_send_suppressed,
1789944732.7585354,rc_send_suppressed,
1789944732.929741,rc_send_suppressed,
1789944733.0327446,rc_send_suppressed,
1789944733.1612387,rc_send_suppressed,
1789944733.3238175,rc_send_suppressed,
1789944733.433319,rc_send_suppressed,
1789944733.5459678,rc_send_suppressed,
1789944733.6462924,rc_send_suppressed,
1789944733.7778213,rc_send_suppressed,
1789944733.909703,rc_send_suppressed,
1789944734.0141628,rc_send_suppressed,
1789944734.1206336,rc_send_suppressed,
1789944734.2323868,rc_send_suppressed,
1789944734.3341792,rc_send_suppressed,
1789944734.437394,rc_send_suppressed,
1789944734.5503988,rc_send_suppressed,
1789944734.6883383,rc_send_suppressed,
1789944734.8144848,rc_send_suppressed,
1789944734.983002,rc_send_suppressed,
1789944735.0998838,rc_send_suppressed,
1789944735.205988,rc_send_suppressed,
1789944735.337674,rc_send_suppressed,
1789944735.4411986,rc_send_suppressed,
1789944735.5703394,rc_send_suppressed,
1789944735.6782408,rc_send_suppressed,
1789944735.7803228,rc_send_suppressed,
1789944735.880438,rc_send_suppressed,
1789944735.9631085,llm_explanation,3360.9480999875814
1789944735.9876044,rc_send_suppressed,
1789944736.116769,rc_send_suppressed,
1789944736.2274642,rc_send_suppressed,
1789944736.3502629,rc_send_suppressed,
1789944736.4760988,rc_send_suppressed,
1789944736.5857036,rc_send_suppressed,
1789944736.6904218,rc_send_suppressed,
1789944736.8116546,rc_send_suppressed,
1789944736.9166107,rc_send_suppressed,
1789944737.0248864,rc_send_suppressed,
1789944737.1562629,rc_send_suppressed,
1789944737.2756684,rc_send_suppressed,
1789944737.440161,rc_send_suppressed,
1789944737.5667942,rc_send_suppressed,
1789944737.670936,rc_send_suppressed,
1789944737.8005335,rc_send_suppressed,
1789944737.902027,rc_send_suppressed,
1789944738.068091,rc_send_suppressed,
1789944738.2005618,rc_send_suppressed,
1789944738.3239517,rc_send_suppressed,
1789944738.4404335,rc_send_suppressed,
1789944738.549138,rc_send_suppressed,
1789944738.6491704,rc_send_suppressed,
1789944738.750579,rc_send_suppressed,
1789944738.8505907,rc_send_suppressed,
1789944738.9735699,rc_send_suppressed,
1789944739.0813248,rc_send_suppressed,
1789944739.1967611,rc_send_suppressed,
1789944739.300734,rc_send_suppressed,
1789944739.4195597,rc_send_suppressed,
1789944739.5294187,rc_send_suppressed,
1789944739.6342964,rc_send_suppressed,
1789944739.7773788,rc_send_suppressed,
1789944739.9064822,rc_send_suppressed,
1789944739.9680972,llm_explanation,4008.0311999772675
1789944740.039705,rc_send_suppressed,
1789944740.1750891,rc_send_suppressed,
1789944740.2868116,rc_send_suppressed,
1789944740.421495,rc_send_suppressed,
1789944740.5384276,rc_send_suppressed,
1789944740.6498559,rc_send_suppressed,
1789944740.7601697,rc_send_suppressed,
1789944740.880235,rc_send_suppressed,
1789944740.9900813,rc_send_suppressed,
1789944741.0963466,rc_send_suppressed,
1789944741.2900236,rc_send_suppressed,
1789944741.403443,rc_send_suppressed,
1789944741.5109043,rc_send_suppressed,
1789944741.6402378,rc_send_suppressed,
1789944741.7432847,rc_send_suppressed,
1789944741.8759353,rc_send_suppressed,
1789944741.990969,rc_send_suppressed,
1789944742.1702263,rc_send_suppressed,
1789944742.2749686,rc_send_suppressed,
1789944742.4090018,rc_send_suppressed,
1789944742.4858053,llm_explanation,2524.6736999833956
1789944742.540946,rc_send_suppressed,
1789944742.6502461,rc_send_suppressed,
1789944742.7775085,rc_send_suppressed,
1789944742.8903778,rc_send_suppressed,
1789944743.055372,rc_send_suppressed,
1789944743.1874278,rc_send_suppressed,
1789944743.2914445,rc_send_suppressed,
1789944743.3924909,rc_send_suppressed,
1789944743.5144067,rc_send_suppressed,
1789944743.6204176,rc_send_suppressed,
1789944743.7412016,rc_send_suppressed,
1789944743.8432364,rc_send_suppressed,
1789944743.9553099,rc_send_suppressed,
1789944744.1299179,rc_send_suppressed,
1789944744.2333632,rc_send_suppressed,
1789944744.347426,rc_send_suppressed,
1789944744.4816658,rc_send_suppressed,
1789944744.6163945,rc_send_suppressed,
1789944744.7239988,rc_send_suppressed,
1789944744.8330412,rc_send_suppressed,
1789944744.9509916,rc_send_suppressed,
1789944745.0648696,rc_send_suppressed,
1789944745.180647,rc_send_suppressed,
1789944745.2997985,rc_send_suppressed,
1789944745.4057598,rc_send_suppressed,
1789944745.5130277,rc_send_suppressed,
1789944745.6395648,rc_send_suppressed,
1789944745.7475164,rc_send_suppressed,
1789944745.8647933,rc_send_suppressed,
1789944745.97919,rc_send_suppressed,
1789944746.0801818,rc_send_suppressed,
1789944746.1854355,rc_send_suppressed,
1789944746.313729,rc_send_suppressed,
1789944746.4288359,rc_send_suppressed,
1789944746.5160108,llm_explanation,4007.130199985113
1789944746.5394988,rc_send_suppressed,
1789944746.6576004,rc_send_suppressed,
1789944746.7642975,rc_send_suppressed,
1789944746.8821056,rc_send_suppressed,
1789944746.9853995,rc_send_suppressed,
1789944747.096839,rc_send_suppressed,
1789944747.200671,rc_send_suppressed,
1789944747.3097818,rc_send_suppressed,
1789944747.4777865,rc_send_suppressed,
1789944747.6010218,rc_send_suppressed,
1789944747.7062752,rc_send_suppressed,
1789944747.8417418,rc_send_suppressed,
1789944747.9582229,rc_send_suppressed,
1789944748.0614505,rc_send_suppressed,
1789944748.169933,rc_send_suppressed,
1789944748.337859,rc_send_suppressed,
1789944748.4448645,rc_send_suppressed,
1789944748.5522776,rc_send_suppressed,
1789944748.6795871,rc_send_suppressed,
1789944748.8094578,rc_send_suppressed,
1789944748.9096975,rc_send_suppressed,
1789944749.011488,rc_send_suppressed,
1789944749.1785073,rc_send_suppressed,
1789944749.3077412,rc_send_suppressed,
1789944749.4198766,rc_send_suppressed,
1789944749.5200286,rc_send_suppressed,
1789944749.6453874,rc_send_suppressed,
1789944749.7472339,rc_send_suppressed,
1789944749.8529124,rc_send_suppressed,
1789944749.9607015,rc_send_suppressed,
1789944750.0721486,rc_send_suppressed,
1789944750.18368,rc_send_suppressed,
1789944750.3211956,rc_send_suppressed,
1789944750.4404957,rc_send_suppressed,
1789944750.5567763,rc_send_suppressed,
1789944750.6569924,rc_send_suppressed,
1789944750.7716858,rc_send_suppressed,
1789944750.8757777,rc_send_suppressed,
1789944751.012082,rc_send_suppressed,
1789944751.1197352,rc_send_suppressed,
1789944751.2425275,rc_send_suppressed,
1789944751.3619394,rc_send_suppressed,
1789944751.4934177,rc_send_suppressed,
1789944751.5968792,rc_send_suppressed,
1789944751.7117567,rc_send_suppressed,
1789944751.812591,rc_send_suppressed,
1789944751.9328666,rc_send_suppressed,
1789944752.035079,rc_send_suppressed,
1789944752.146444,rc_send_suppressed,
1789944752.3191605,rc_send_suppressed,
1789944752.4353378,rc_send_suppressed,
1789944752.5363834,rc_send_suppressed,
1789944752.6789904,rc_send_suppressed,
1789944752.783933,rc_send_suppressed,
1789944752.8898659,rc_send_suppressed,
1789944753.0247662,rc_send_suppressed,
1789944753.131553,rc_send_suppressed,
1789944753.2326505,rc_send_suppressed,
1789944753.3485677,rc_send_suppressed,
1789944753.4518394,rc_send_suppressed,
1789944753.5534303,rc_send_suppressed,
1789944753.704559,rc_send_suppressed,
1789944753.8578372,rc_send_suppressed,
1789944753.9726262,rc_send_suppressed,
1789944754.1112485,rc_send_suppressed,
1789944754.2136936,rc_send_suppressed,
1789944754.3532975,rc_send_suppressed,
1789944754.4636595,rc_send_suppressed,
1789944754.566077,rc_send_suppressed,
1789944754.708413,rc_send_suppressed,
1789944754.8098826,rc_send_suppressed,
1789944754.9490714,rc_send_suppressed,
1789944755.049936,rc_send_suppressed,
1789944755.1909924,rc_send_suppressed,
1789944755.3066018,rc_send_suppressed,
1789944755.4449825,rc_send_suppressed,
1789944755.546945,rc_send_suppressed,
1789944755.6897504,rc_send_suppressed,
1789944755.805193,rc_send_suppressed,
1789944755.9476373,rc_send_suppressed,
1789944756.0489476,rc_send_suppressed,
1789944756.2028747,rc_send_suppressed,
1789944756.2149706,llm_explanation,1685.5800000485033
1789944756.3105564,rc_send_suppressed,
1789944756.4480023,rc_send_suppressed,
1789944756.5480316,rc_send_suppressed,
1789944756.7048311,rc_send_suppressed,
1789944756.8108513,rc_send_suppressed,
1789944756.9488094,rc_send_suppressed,
1789944757.0485058,rc_send_suppressed,
1789944757.1637032,rc_send_suppressed,
1789944757.2645814,rc_send_suppressed,
1789944757.390018,rc_send_suppressed,
1789944757.5136542,rc_send_suppressed,
1789944757.6448593,rc_send_suppressed,
1789944757.7640567,rc_send_suppressed,
1789944757.8937395,rc_send_suppressed,
1789944758.009707,rc_send_suppressed,
1789944758.1133854,rc_send_suppressed,
1789944758.2149632,rc_send_suppressed,
1789944758.3163393,rc_send_suppressed,
1789944758.463132,rc_send_suppressed,
1789944758.626941,rc_send_suppressed,
1789944758.753967,rc_send_suppressed,
1789944758.8576877,rc_send_suppressed,
1789944758.9729276,rc_send_suppressed,
1789944759.073203,rc_send_suppressed,
1789944759.2374372,rc_send_suppressed,
1789944759.3815737,rc_send_suppressed,
1789944759.494635,rc_send_suppressed,
1789944759.6259165,rc_send_suppressed,
1789944759.7432735,rc_send_suppressed,
1789944759.8516572,rc_send_suppressed,
1789944760.0353918,rc_send_suppressed,
1789944760.1675274,rc_send_suppressed,
1789944760.300383,llm_explanation,4010.917100007646
1789944760.3203278,rc_send_suppressed,
1789944760.4700649,rc_send_suppressed,
1789944760.5969048,rc_send_suppressed,
1789944760.7593274,rc_send_suppressed,
1789944760.91133,rc_send_suppressed,
1789944761.013058,rc_send_suppressed,
1789944761.116885,rc_send_suppressed,
1789944761.2274537,rc_send_suppressed,
1789944761.3829176,rc_send_suppressed,
1789944761.5401738,rc_send_suppressed,
1789944761.6904664,rc_send_suppressed,
1789944761.8401542,rc_send_suppressed,
1789944762.0082383,rc_send_suppressed,
1789944762.1734614,rc_send_suppressed,
1789944762.2750711,rc_send_suppressed,
1789944762.3955882,rc_send_suppressed,
1789944762.5183008,rc_send_suppressed,
1789944762.6317928,rc_send_suppressed,
1789944762.738374,rc_send_suppressed,
1789944762.8565853,rc_send_suppressed,
1789944762.9602594,rc_send_suppressed,
1789944763.0698864,rc_send_suppressed,
1789944763.2014956,rc_send_suppressed,
1789944763.3272796,rc_send_suppressed,
1789944763.4320621,rc_send_suppressed,
1789944763.5621665,rc_send_suppressed,
1789944763.7300644,rc_send_suppressed,
1789944763.8667314,rc_send_suppressed,
1789944763.9721391,rc_send_suppressed,
1789944764.0761123,rc_send_suppressed,
1789944764.183104,rc_send_suppressed,
1789944764.2917244,rc_send_suppressed,
1789944764.3979712,rc_send_suppressed,
1789944764.507711,rc_send_suppressed,
1789944764.6119196,rc_send_suppressed,
1789944764.715848,rc_send_suppressed,
1789944764.8404474,rc_send_suppressed,
1789944764.945363,rc_send_suppressed,
1789944765.0501807,rc_send_suppressed,
1789944765.1814387,rc_send_suppressed,
1789944765.2888947,rc_send_suppressed,
1789944765.3894532,rc_send_suppressed,
1789944765.5092738,rc_send_suppressed,
1789944765.6177797,rc_send_suppressed,
1789944765.7243986,rc_send_suppressed,
1789944765.8308163,rc_send_suppressed,
1789944765.9345574,rc_send_suppressed,
1789944766.0397787,rc_send_suppressed,
1789944766.1828282,rc_send_suppressed,
1789944766.2909424,rc_send_suppressed,
1789944766.3984985,rc_send_suppressed,
1789944766.5107236,rc_send_suppressed,
1789944766.623035,rc_send_suppressed,
1789944766.7320325,rc_send_suppressed,
1789944766.8522556,rc_send_suppressed,
1789944766.9570289,rc_send_suppressed,
1789944767.0738683,rc_send_suppressed,
1789944767.1813438,rc_send_suppressed,
1789944767.3002803,rc_send_suppressed,
1789944767.403067,rc_send_suppressed,
1789944767.514622,rc_send_suppressed,
1789944767.6406493,rc_send_suppressed,
1789944767.7444468,rc_send_suppressed,
1789944767.8728883,rc_send_suppressed,
1789944767.9794097,rc_send_suppressed,
1789944768.0800915,rc_send_suppressed,
1789944768.2120583,rc_send_suppressed,
1789944768.3143516,rc_send_suppressed,
1789944768.4185975,rc_send_suppressed,
1789944768.5385957,rc_send_suppressed,
1789944768.6421783,rc_send_suppressed,
1789944768.7455785,rc_send_suppressed,
1789944768.876722,rc_send_suppressed,
1789944769.0405433,rc_send_suppressed,
1789944769.163602,rc_send_suppressed,
1789944769.2725985,rc_send_suppressed,
1789944769.399283,rc_send_suppressed,
1789944769.4994075,rc_send_suppressed,
1789944769.6012921,rc_send_suppressed,
1789944769.7194588,rc_send_suppressed,
1789944769.9060392,rc_send_suppressed,
1789944770.0435796,rc_send_suppressed,
1789944770.190181,rc_send_suppressed,
1789944770.2998025,rc_send_suppressed,
1789944770.4151952,rc_send_suppressed,
1789944770.525955,rc_send_suppressed,
1789944770.6513221,rc_send_suppressed,
1789944770.751382,rc_send_suppressed,
1789944770.8679438,rc_send_suppressed,
1789944770.9908676,rc_send_suppressed,
1789944771.1173851,rc_send_suppressed,
1789944771.2209907,rc_send_suppressed,
1789944771.3382108,rc_send_suppressed,
1789944771.4680254,rc_send_suppressed,
1789944771.5757394,rc_send_suppressed,
1789944771.745524,rc_send_suppressed,
1789944771.8713775,rc_send_suppressed,
1789944771.9819794,rc_send_suppressed,
1789944772.1023722,rc_send_suppressed,
1789944772.2068286,rc_send_suppressed,
1789944772.3161933,rc_send_suppressed,
1789944772.4209385,rc_send_suppressed,
1789944772.5416334,rc_send_suppressed,
1789944772.6799417,rc_send_suppressed,
1789944772.7822342,rc_send_suppressed,
1789944772.9145977,rc_send_suppressed,
1789944773.0417109,rc_send_suppressed,
1789944773.1747334,rc_send_suppressed,
1789944773.287576,rc_send_suppressed,
1789944773.4002862,rc_send_suppressed,
1789944773.5145156,rc_send_suppressed,
1789944773.6451786,rc_send_suppressed,
1789944773.7693756,rc_send_suppressed,
1789944773.9090297,rc_send_suppressed,
1789944774.0470476,rc_send_suppressed,
1789944774.1757798,rc_send_suppressed,
1789944774.287654,rc_send_suppressed,
1789944774.4023304,rc_send_suppressed,
1789944774.541743,rc_send_suppressed,
1789944774.6604712,rc_send_suppressed,
1789944774.7612875,rc_send_suppressed,
1789944774.890406,rc_send_suppressed,
1789944775.0211463,rc_send_suppressed,
1789944775.1345491,rc_send_suppressed,
1789944775.2482927,rc_send_suppressed,
1789944775.360516,rc_send_suppressed,
1789944775.4631643,rc_send_suppressed,
1789944775.5751867,rc_send_suppressed,
1789944775.676763,rc_send_suppressed,
1789944775.7879372,rc_send_suppressed,
1789944775.9089901,rc_send_suppressed,
1789944776.00989,rc_send_suppressed,
1789944776.1378403,rc_send_suppressed,
1789944776.260877,rc_send_suppressed,
1789944776.377827,rc_send_suppressed,
1789944776.484561,rc_send_suppressed,
1789944776.6484036,rc_send_suppressed,
1789944776.7571683,rc_send_suppressed,
1789944776.8954377,rc_send_suppressed,
1789944777.0046601,rc_send_suppressed,
1789944777.1140497,rc_send_suppressed,
1789944777.2414,rc_send_suppressed,
1789944777.3506842,rc_send_suppressed,
1789944777.4535022,rc_send_suppressed,
1789944777.5702443,rc_send_suppressed,
1789944777.6733913,rc_send_suppressed,
1789944777.783646,rc_send_suppressed,
1789944777.9059196,rc_send_suppressed,
1789944778.0077474,rc_send_suppressed,
1789944778.1403623,rc_send_suppressed,
1789944778.249956,rc_send_suppressed,
1789944778.356282,rc_send_suppressed,
1789944778.4537492,llm_explanation,2189.6430000197142
1789944778.4717507,rc_send_suppressed,
1789944778.631342,rc_send_suppressed,
1789944778.7330909,rc_send_suppressed,
1789944778.835129,rc_send_suppressed,
1789944778.9506176,rc_send_suppressed,
1789944779.0590043,rc_send_suppressed,
1789944779.16178,rc_send_suppressed,
1789944779.2988603,rc_send_suppressed,
1789944779.4155698,rc_send_suppressed,
1789944779.5521548,rc_send_suppressed,
1789944779.6709669,rc_send_suppressed,
1789944779.8127604,rc_send_suppressed,
1789944779.9247186,rc_send_suppressed,
1789944780.027468,rc_send_suppressed,
1789944780.1285934,rc_send_suppressed,
1789944780.276993,rc_send_suppressed,
1789944780.3880777,rc_send_suppressed,
1789944780.4890723,rc_send_suppressed,
1789944780.6330893,rc_send_suppressed,
1789944780.7348278,rc_send_suppressed,
1789944780.834152,rc_send_suppressed,
1789944780.9341733,rc_send_suppressed,
1789944781.0368984,rc_send_suppressed,
1789944781.1542072,rc_send_suppressed,
1789944781.3134785,rc_send_suppressed,
1789944781.426832,rc_send_suppressed,
1789944781.5716686,rc_send_suppressed,
1789944781.6980598,rc_send_suppressed,
1789944781.850531,rc_send_suppressed,
1789944781.9657142,rc_send_suppressed,
1789944782.068351,rc_send_suppressed,
1789944782.1713057,rc_send_suppressed,
1789944782.2780027,rc_send_suppressed,
1789944782.447649,rc_send_suppressed,
1789944782.46652,llm_explanation,4014.1989000258036
1789944782.5827427,rc_send_suppressed,
1789944782.7075248,rc_send_suppressed,
1789944782.8439498,rc_send_suppressed,
1789944782.9531183,rc_send_suppressed,
1789944783.1137252,rc_send_suppressed,
1789944783.2241788,rc_send_suppressed,
1789944783.3275363,rc_send_suppressed,
1789944783.439634,rc_send_suppressed,
1789944783.5887384,rc_send_suppressed,
1789944783.6941898,rc_send_suppressed,
1789944783.7967942,rc_send_suppressed,
1789944783.9051542,rc_send_suppressed,
1789944784.0291603,rc_send_suppressed,
1789944784.15691,rc_send_suppressed,
1789944784.2875981,rc_send_suppressed,
1789944784.4271758,rc_send_suppressed,
1789944784.5511682,rc_send_suppressed,
1789944784.6667986,rc_send_suppressed,
1789944784.7824833,rc_send_suppressed,
1789944784.90923,rc_send_suppressed,
1789944785.0365236,rc_send_suppressed,
1789944785.1414862,rc_send_suppressed,
1789944785.2433047,rc_send_suppressed,
1789944785.3736014,rc_send_suppressed,
1789944785.4798417,rc_send_suppressed,
1789944785.6053748,rc_send_suppressed,
1789944785.706468,rc_send_suppressed,
1789944785.8067946,rc_send_suppressed,
1789944785.917981,rc_send_suppressed,
1789944786.021738,rc_send_suppressed,
1789944786.1601565,rc_send_suppressed,
1789944786.281831,rc_send_suppressed,
1789944786.4222806,rc_send_suppressed,
1789944786.540189,rc_send_suppressed,
1789944786.6593583,rc_send_suppressed,
1789944786.782849,rc_send_suppressed,
1789944786.9251132,rc_send_suppressed,
1789944787.0520651,rc_send_suppressed,
1789944787.1654983,rc_send_suppressed,
1789944787.2725558,rc_send_suppressed,
1789944787.4100912,rc_send_suppressed,
1789944787.5327446,rc_send_suppressed,
1789944787.640117,rc_send_suppressed,
1789944787.769717,rc_send_suppressed,
1789944787.8750768,rc_send_suppressed,
1789944788.0480077,rc_send_suppressed,
1789944788.1737354,rc_send_suppressed,
1789944788.2773323,rc_send_suppressed,
1789944788.406415,rc_send_suppressed,
1789944788.511785,rc_send_suppressed,
1789944788.630351,rc_send_suppressed,
1789944788.738011,rc_send_suppressed,
1789944788.8381782,rc_send_suppressed,
1789944788.9393837,rc_send_suppressed,
1789944789.0406373,rc_send_suppressed,
1789944789.1557753,rc_send_suppressed,
1789944789.2680097,rc_send_suppressed,
1789944789.3876176,rc_send_suppressed,
1789944789.4931407,rc_send_suppressed,
1789944789.6053584,rc_send_suppressed,
1789944789.735426,rc_send_suppressed,
1789944789.8428829,rc_send_suppressed,
1789944789.973011,rc_send_suppressed,
1789944790.0898385,rc_send_suppressed,
1789944790.1380284,llm_explanation,3656.280600000173
1789944790.201303,rc_send_suppressed,
1789944790.3264778,rc_send_suppressed,
1789944790.4344664,rc_send_suppressed,
1789944790.590005,rc_send_suppressed,
1789944790.68925,rc_send_suppressed,
1789944790.8112907,rc_send_suppressed,
1789944790.9117103,rc_send_suppressed,
1789944791.0122104,rc_send_suppressed,
1789944791.1580422,rc_send_suppressed,
1789944791.271446,rc_send_suppressed,
1789944791.4031663,rc_send_suppressed,
1789944791.5036967,rc_send_suppressed,
1789944791.619191,rc_send_suppressed,
1789944791.771789,rc_send_suppressed,
1789944791.8961558,rc_send_suppressed,
1789944792.044917,rc_send_suppressed,
1789944792.1529613,rc_send_suppressed,
1789944792.2553062,rc_send_suppressed,
1789944792.3582351,rc_send_suppressed,
1789944792.4804955,rc_send_suppressed,
1789944792.6514175,rc_send_suppressed,
1789944792.7672179,rc_send_suppressed,
1789944792.885067,rc_send_suppressed,
1789944793.022209,rc_send_suppressed,
1789944793.1256306,rc_send_suppressed,
1789944793.2348409,rc_send_suppressed,
1789944793.3391745,rc_send_suppressed,
1789944793.4470384,rc_send_suppressed,
1789944793.563692,rc_send_suppressed,
1789944793.6756978,rc_send_suppressed,
1789944793.7851007,rc_send_suppressed,
1789944793.9151087,rc_send_suppressed,
1789944794.0195084,rc_send_suppressed,
1789944794.1235595,rc_send_suppressed,
1789944794.1838865,llm_explanation,4003.4901999752037
1789944794.2418442,rc_send_suppressed,
1789944794.3462665,rc_send_suppressed,
1789944794.4476771,rc_send_suppressed,
1789944794.5748744,rc_send_suppressed,
1789944794.6799977,rc_send_suppressed,
1789944794.8058202,rc_send_suppressed,
1789944794.9090254,rc_send_suppressed,
1789944795.013745,rc_send_suppressed,
1789944795.1472332,rc_send_suppressed,
1789944795.2674966,rc_send_suppressed,
1789944795.385519,rc_send_suppressed,
1789944795.4890506,rc_send_suppressed,
1789944795.610377,rc_send_suppressed,
1789944795.7161102,rc_send_suppressed,
1789944795.831921,rc_send_suppressed,
1789944795.9406025,rc_send_suppressed,
1789944796.0536356,rc_send_suppressed,
1789944796.1830812,rc_send_suppressed,
1789944796.2949586,rc_send_suppressed,
1789944796.4013338,rc_send_suppressed,
1789944796.5100617,rc_send_suppressed,
1789944796.6336846,rc_send_suppressed,
1789944796.7443888,rc_send_suppressed,
1789944796.8590817,rc_send_suppressed,
1789944796.9807827,rc_send_suppressed,
1789944797.136861,rc_send_suppressed,
1789944797.26351,rc_send_suppressed,
1789944797.3675928,rc_send_suppressed,
1789944797.4779932,rc_send_suppressed,
1789944797.6038024,rc_send_suppressed,
1789944797.7117486,rc_send_suppressed,
1789944797.8334484,rc_send_suppressed,
1789944797.9451048,rc_send_suppressed,
1789944798.0470917,rc_send_suppressed,
1789944798.1529715,rc_send_suppressed,
1789944798.263861,rc_send_suppressed,
1789944798.3811364,rc_send_suppressed,
1789944798.4850955,rc_send_suppressed,
1789944798.5873444,rc_send_suppressed,
1789944798.6912827,rc_send_suppressed,
1789944798.804711,rc_send_suppressed,
1789944798.910417,rc_send_suppressed,
1789944799.0151336,rc_send_suppressed,
1789944799.1601303,rc_send_suppressed,
1789944799.2667422,rc_send_suppressed,
1789944799.393613,rc_send_suppressed,
1789944799.5161917,llm_explanation,1356.2365000252612
1789944799.5276608,rc_send_suppressed,
1789944799.6380324,rc_send_suppressed,
1789944799.7829323,rc_send_suppressed,
1789944799.8831158,rc_send_suppressed,
1789944800.0252454,rc_send_suppressed,
1789944800.1573288,rc_send_suppressed,
1789944800.2643795,rc_send_suppressed,
1789944800.4023757,rc_send_suppressed,
1789944800.513628,rc_send_suppressed,
1789944800.647989,rc_send_suppressed,
1789944800.7533593,rc_send_suppressed,
1789944800.8813148,rc_send_suppressed,
1789944800.9847806,rc_send_suppressed,
1789944801.107178,rc_send_suppressed,
1789944801.2119455,rc_send_suppressed,
1789944801.312552,rc_send_suppressed,
1789944801.443869,rc_send_suppressed,
1789944801.54462,rc_send_suppressed,
1789944801.6870627,rc_send_suppressed,
1789944801.8012445,rc_send_suppressed,
1789944801.942869,rc_send_suppressed,
1789944802.0420372,rc_send_suppressed,
1789944802.1979642,rc_send_suppressed,
1789944802.2988136,rc_send_suppressed,
1789944802.4452713,rc_send_suppressed,
1789944802.5453796,rc_send_suppressed,
1789944802.6515782,rc_send_suppressed,
1789944802.779954,rc_send_suppressed,
1789944802.880897,rc_send_suppressed,
1789944803.0178843,rc_send_suppressed,
1789944803.1316109,rc_send_suppressed,
1789944803.2317226,rc_send_suppressed,
1789944803.3631775,rc_send_suppressed,
1789944803.4718866,rc_send_suppressed,
1789944803.512605,llm_explanation,4016.1012000171468
1789944803.6120982,rc_send_suppressed,
1789944803.717661,rc_send_suppressed,
1789944803.8618026,rc_send_suppressed,
1789944803.9637353,rc_send_suppressed,
1789944804.065874,rc_send_suppressed,
1789944804.1795726,rc_send_suppressed,
1789944804.2837315,rc_send_suppressed,
1789944804.3846643,rc_send_suppressed,
1789944804.521806,rc_send_suppressed,
1789944804.600222,llm_explanation,1086.3696999731474
1789944804.6355124,rc_send_suppressed,
1789944804.7372575,rc_send_suppressed,
1789944804.8531466,rc_send_suppressed,
1789944804.9788637,rc_send_suppressed,
1789944805.0800536,rc_send_suppressed,
1789944805.217814,rc_send_suppressed,
1789944805.3378873,rc_send_suppressed,
1789944805.4757252,rc_send_suppressed,
1789944805.5765226,rc_send_suppressed,
1789944805.712678,rc_send_suppressed,
1789944805.8238175,rc_send_suppressed,
1789944805.9280455,rc_send_suppressed,
1789944806.0305514,rc_send_suppressed,
1789944806.134027,rc_send_suppressed,
1789944806.2721615,rc_send_suppressed,
1789944806.3760166,rc_send_suppressed,
1789944806.5163457,rc_send_suppressed,
1789944806.6290274,rc_send_suppressed,
1789944806.781058,rc_send_suppressed,
1789944806.921163,rc_send_suppressed,
1789944807.0408907,rc_send_suppressed,
1789944807.1762984,rc_send_suppressed,
1789944807.294097,rc_send_suppressed,
1789944807.4258013,rc_send_suppressed,
1789944807.5380082,rc_send_suppressed,
1789944807.6733475,rc_send_suppressed,
1789944807.7869139,rc_send_suppressed,
1789944807.9183016,rc_send_suppressed,
1789944808.0352585,rc_send_suppressed,
1789944808.1807833,rc_send_suppressed,
1789944808.2909737,rc_send_suppressed,
1789944808.4276218,rc_send_suppressed,
1789944808.5375748,rc_send_suppressed,
1789944808.6147738,llm_explanation,4015.1585999992676
1789944808.684214,rc_send_suppressed,
1789944808.7850158,rc_send_suppressed,
1789944808.9229593,rc_send_suppressed,
1789944809.0343637,rc_send_suppressed,
1789944809.1346598,rc_send_suppressed,
1789944809.2690465,rc_send_suppressed,
1789944809.4118485,rc_send_suppressed,
1789944809.5161092,rc_send_suppressed,
1789944809.6255238,rc_send_suppressed,
1789944809.74927,rc_send_suppressed,
1789944809.851142,rc_send_suppressed,
1789944809.9629412,rc_send_suppressed,
1789944810.0888717,rc_send_suppressed,
1789944810.1988974,rc_send_suppressed,
1789944810.3391457,rc_send_suppressed,
1789944810.4572277,rc_send_suppressed,
1789944810.5833688,rc_send_suppressed,
1789944810.7056754,rc_send_suppressed,
1789944810.8580723,rc_send_suppressed,
1789944810.95774,rc_send_suppressed,
1789944811.0861137,rc_send_suppressed,
1789944811.1731129,llm_explanation,2514.838700008113
1789944811.188073,rc_send_suppressed,
1789944811.299235,rc_send_suppressed,
1789944811.4324427,rc_send_suppressed,
1789944811.5325286,rc_send_suppressed,
1789944811.6346169,rc_send_suppressed,
1789944811.7522883,rc_send_suppressed,
1789944811.8528898,rc_send_suppressed,
1789944811.9593687,rc_send_suppressed,
1789944812.0881352,rc_send_suppressed,
1789944812.210781,rc_send_suppressed,
1789944812.3461423,rc_send_suppressed,
1789944812.456635,rc_send_suppressed,
1789944812.586556,rc_send_suppressed,
1789944812.70737,rc_send_suppressed,
1789944812.8064058,rc_send_suppressed,
1789944812.9366171,rc_send_suppressed,
1789944813.035708,rc_send_suppressed,
1789944813.1675646,llm_explanation,2021.9068999867886
1789944813.182116,rc_send_suppressed,
1789944813.294836,rc_send_suppressed,
1789944813.413101,rc_send_suppressed,
1789944813.5216675,rc_send_suppressed,
1789944813.6228304,rc_send_suppressed,
1789944813.7574627,rc_send_suppressed,
1789944813.879118,rc_send_suppressed,
1789944814.0083897,rc_send_suppressed,
1789944814.11013,rc_send_suppressed,
1789944814.2231848,rc_send_suppressed,
1789944814.3470962,rc_send_suppressed,
1789944814.4497602,rc_send_suppressed,
1789944814.5910778,rc_send_suppressed,
1789944814.6986046,rc_send_suppressed,
1789944814.8015623,rc_send_suppressed,
1789944814.9302485,rc_send_suppressed,
1789944815.0367937,rc_send_suppressed,
1789944815.1861928,rc_send_suppressed,
1789944815.2874124,rc_send_suppressed,
1789944815.4218729,rc_send_suppressed,
1789944815.5402203,rc_send_suppressed,
1789944815.6822922,rc_send_suppressed,
1789944815.7835643,rc_send_suppressed,
1789944815.9210987,llm_explanation,2777.3010000237264
1789944815.9341295,rc_send_suppressed,
1789944816.0371273,rc_send_suppressed,
1789944816.1780849,rc_send_suppressed,
1789944816.2894638,rc_send_suppressed,
1789944816.433213,rc_send_suppressed,
1789944816.5395277,rc_send_suppressed,
1789944816.6793277,rc_send_suppressed,
1789944816.787489,rc_send_suppressed,
1789944816.9251137,rc_send_suppressed,
1789944817.0410404,rc_send_suppressed,
1789944817.1857078,rc_send_suppressed,
1789944817.3063722,rc_send_suppressed,
1789944817.4389234,rc_send_suppressed,
1789944817.5465605,rc_send_suppressed,
1789944817.6809304,rc_send_suppressed,
1789944817.7853634,rc_send_suppressed,
1789944817.9280741,rc_send_suppressed,
1789944818.0325232,rc_send_suppressed,
1789944818.1341393,rc_send_suppressed,
1789944818.193911,llm_explanation,2255.5582000059076
1789944818.267551,rc_send_suppressed,
1789944818.3723063,rc_send_suppressed,
1789944818.5171807,rc_send_suppressed,
1789944818.6234112,rc_send_suppressed,
1789944818.7568958,rc_send_suppressed,
1789944818.8757114,rc_send_suppressed,
1789944819.01642,rc_send_suppressed,
1789944819.116832,rc_send_suppressed,
1789944819.2565978,rc_send_suppressed,
1789944819.3780699,rc_send_suppressed,
1789944819.5134768,rc_send_suppressed,
1789944819.625356,rc_send_suppressed,
1789944819.7588751,rc_send_suppressed,
1789944819.8696525,rc_send_suppressed,
1789944820.0155756,rc_send_suppressed,
1789944820.1170537,rc_send_suppressed,
1789944820.2724414,rc_send_suppressed,
1789944820.3781772,rc_send_suppressed,
1789944820.5420132,rc_send_suppressed,
1789944820.661772,rc_send_suppressed,
1789944820.78362,rc_send_suppressed,
1789944820.884865,rc_send_suppressed,
1789944820.9911625,rc_send_suppressed,
1789944821.1145594,rc_send_suppressed,
1789944821.203101,llm_explanation,3009.129799960647
1789944821.2188747,rc_send_suppressed,
1789944821.3334255,rc_send_suppressed,
1789944821.460944,rc_send_suppressed,
1789944821.5812182,rc_send_suppressed,
1789944821.7186964,rc_send_suppressed,
1789944821.83299,rc_send_suppressed,
1789944821.967161,rc_send_suppressed,
1789944822.1254728,rc_send_suppressed,
1789944822.2375653,rc_send_suppressed,
1789944822.3787143,rc_send_suppressed,
1789944822.485683,rc_send_suppressed,
1789944822.5903594,rc_send_suppressed,
1789944822.7204077,rc_send_suppressed,
1789944822.829788,rc_send_suppressed,
1789944822.9723873,rc_send_suppressed,
1789944823.0864115,rc_send_suppressed,
1789944823.216778,rc_send_suppressed,
1789944823.3190985,rc_send_suppressed,
1789944823.4527934,rc_send_suppressed,
1789944823.5766196,rc_send_suppressed,
1789944823.716328,rc_send_suppressed,
1789944823.8182638,rc_send_suppressed,
1789944823.8946307,llm_explanation,2692.8410000400618
1789944823.9638653,rc_send_suppressed,
1789944824.066344,rc_send_suppressed,
1789944824.166954,rc_send_suppressed,
1789944824.298808,rc_send_suppressed,
1789944824.405117,rc_send_suppressed,
1789944824.5511978,rc_send_suppressed,
1789944824.6543546,rc_send_suppressed,
1789944824.783873,rc_send_suppressed,
1789944824.8871171,rc_send_suppressed,
1789944825.0316594,rc_send_suppressed,
1789944825.1339493,rc_send_suppressed,
1789944825.2367382,rc_send_suppressed,
1789944825.375608,rc_send_suppressed,
1789944825.4789288,rc_send_suppressed,
1789944825.6245766,rc_send_suppressed,
1789944825.7328544,rc_send_suppressed,
1789944825.8798664,rc_send_suppressed,
1789944825.890394,llm_explanation,2007.735599996522
1789944825.9853258,rc_send_suppressed,
1789944826.1309538,rc_send_suppressed,
1789944826.240112,rc_send_suppressed,
1789944826.3890653,rc_send_suppressed,
1789944826.490208,rc_send_suppressed,
1789944826.6223297,rc_send_suppressed,
1789944826.7401652,rc_send_suppressed,
1789944826.880442,rc_send_suppressed,
1789944826.9844015,rc_send_suppressed,
1789944827.1175056,rc_send_suppressed,
1789944827.2308261,rc_send_suppressed,
1789944827.330083,rc_send_suppressed,
1789944827.454656,rc_send_suppressed,
1789944827.574366,rc_send_suppressed,
1789944827.7134938,rc_send_suppressed,
1789944827.818173,rc_send_suppressed,
1789944827.962375,rc_send_suppressed,
1789944828.0647693,rc_send_suppressed,
1789944828.1043932,llm_explanation,2175.775799958501
1789944828.1657386,rc_send_suppressed,
1789944828.307839,rc_send_suppressed,
1789944828.410549,rc_send_suppressed,
1789944828.5546172,rc_send_suppressed,
1789944828.6713288,rc_send_suppressed,
1789944828.808452,rc_send_suppressed,
1789944828.9117413,rc_send_suppressed,
1789944829.0316403,rc_send_suppressed,
1789944829.140049,rc_send_suppressed,
1789944829.2961514,rc_send_suppressed,
1789944829.4155319,rc_send_suppressed,
1789944829.5188146,rc_send_suppressed,
1789944829.6707141,rc_send_suppressed,
1789944829.7830696,rc_send_suppressed,
1789944829.9223132,rc_send_suppressed,
1789944830.029234,rc_send_suppressed,
1789944830.1553712,rc_send_suppressed,
1789944830.2674646,rc_send_suppressed,
1789944830.4171314,rc_send_suppressed,
1789944830.5227168,rc_send_suppressed,
1789944830.6420557,rc_send_suppressed,
1789944830.782828,rc_send_suppressed,
1789944830.9035761,rc_send_suppressed,
1789944831.0449653,rc_send_suppressed,
1789944831.14815,rc_send_suppressed,
1789944831.2844093,rc_send_suppressed,
1789944831.379949,llm_explanation,3299.1274999803863
1789944831.394543,rc_send_suppressed,
1789944831.4960396,rc_send_suppressed,
1789944831.6021757,rc_send_suppressed,
1789944831.757335,rc_send_suppressed,
1789944831.8586445,rc_send_suppressed,
1789944831.9986753,rc_send_suppressed,
1789944832.1018822,rc_send_suppressed,
1789944832.2495325,rc_send_suppressed,
1789944832.355568,rc_send_suppressed,
1789944832.49337,rc_send_suppressed,
1789944832.621396,rc_send_suppressed,
1789944832.7589533,rc_send_suppressed,
1789944832.8613234,rc_send_suppressed,
1789944832.9916115,rc_send_suppressed,
1789944833.096812,rc_send_suppressed,
1789944833.198889,rc_send_suppressed,
1789944833.3370655,rc_send_suppressed,
1789944833.458673,rc_send_suppressed,
1789944833.5850809,rc_send_suppressed,
1789944833.687692,rc_send_suppressed,
1789944833.8222787,rc_send_suppressed,
1789944833.9248583,rc_send_suppressed,
1789944834.0700774,rc_send_suppressed,
1789944834.1693046,rc_send_suppressed,
1789944834.2784915,rc_send_suppressed,
1789944834.4211717,rc_send_suppressed,
1789944834.5221841,rc_send_suppressed,
1789944834.6451473,rc_send_suppressed,
1789944834.7538161,rc_send_suppressed,
1789944834.855586,rc_send_suppressed,
1789944834.9869597,rc_send_suppressed,
1789944835.0976388,rc_send_suppressed,
1789944835.2497795,rc_send_suppressed,
1789944835.3499427,rc_send_suppressed,
1789944835.4066157,llm_explanation,4014.0731999999844
1789944835.491408,rc_send_suppressed,
1789944835.6078098,rc_send_suppressed,
1789944835.7516072,rc_send_suppressed,
1789944835.8556292,rc_send_suppressed,
1789944835.9882958,rc_send_suppressed,
1789944836.090229,rc_send_suppressed,
1789944836.1905193,rc_send_suppressed,
1789944836.3326762,rc_send_suppressed,
1789944836.4458194,rc_send_suppressed,
1789944836.5816722,rc_send_suppressed,
1789944836.6817515,rc_send_suppressed,
1789944836.8211663,rc_send_suppressed,
1789944836.9382708,rc_send_suppressed,
1789944837.0500247,llm_explanation,1666.2795000011101
1789944837.0682852,rc_send_suppressed,
1789944837.171036,rc_send_suppressed,
1789944837.277507,rc_send_suppressed,
1789944837.4157586,rc_send_suppressed,
1789944837.516032,rc_send_suppressed,
1789944837.656127,rc_send_suppressed,
1789944837.780885,rc_send_suppressed,
1789944837.9220343,rc_send_suppressed,
1789944838.0628347,rc_send_suppressed,
1789944838.1653178,rc_send_suppressed,
1789944838.2761056,rc_send_suppressed,
1789944838.4228144,rc_send_suppressed,
1789944838.5248356,rc_send_suppressed,
1789944838.6674798,rc_send_suppressed,
1789944838.7821698,rc_send_suppressed,
1789944838.9281423,rc_send_suppressed,
1789944839.0407836,rc_send_suppressed,
1789944839.1522036,rc_send_suppressed,
1789944839.2963061,rc_send_suppressed,
1789944839.3965368,rc_send_suppressed,
1789944839.5040069,llm_explanation,2457.5558000360616
1789944839.5206597,rc_send_suppressed,
1789944839.6694446,rc_send_suppressed,
1789944839.7756443,rc_send_suppressed,
1789944839.89148,rc_send_suppressed,
1789944840.0356903,rc_send_suppressed,
1789944840.1418414,rc_send_suppressed,
1789944840.2598224,rc_send_suppressed,
1789944840.3878877,rc_send_suppressed,
1789944840.4978333,rc_send_suppressed,
1789944840.5984056,rc_send_suppressed,
1789944840.7397597,rc_send_suppressed,
1789944840.8445926,rc_send_suppressed,
1789944840.9870152,rc_send_suppressed,
1789944841.102617,llm_explanation,1600.619100034237
1789944841.1147387,rc_send_suppressed,
1789944841.215107,rc_send_suppressed,
1789944841.3536582,rc_send_suppressed,
1789944841.4739075,rc_send_suppressed,
1789944841.616897,rc_send_suppressed,
1789944841.7173474,rc_send_suppressed,
1789944841.8753312,rc_send_suppressed,
1789944841.9917161,rc_send_suppressed,
1789944842.0942667,rc_send_suppressed,
1789944842.2269993,rc_send_suppressed,
1789944842.345236,rc_send_suppressed,
1789944842.485874,rc_send_suppressed,
1789944842.5899348,rc_send_suppressed,
1789944842.7214675,rc_send_suppressed,
1789944842.8403177,rc_send_suppressed,
1789944842.9875813,rc_send_suppressed,
1789944843.1092563,rc_send_suppressed,
1789944843.2098758,rc_send_suppressed,
1789944843.3540084,rc_send_suppressed,
1789944843.467871,rc_send_suppressed,
1789944843.6123717,rc_send_suppressed,
1789944843.7152343,rc_send_suppressed,
1789944843.855186,rc_send_suppressed,
1789944843.9634826,rc_send_suppressed,
1789944844.0302763,llm_explanation,2931.960000016261
1789944844.1092043,rc_send_suppressed,
1789944844.2144308,rc_send_suppressed,
1789944844.3148074,rc_send_suppressed,
1789944844.4535306,rc_send_suppressed,
1789944844.5579822,rc_send_suppressed,
1789944844.7018847,rc_send_suppressed,
1789944844.8071182,rc_send_suppressed,
1789944844.956552,rc_send_suppressed,
1789944845.0593207,rc_send_suppressed,
1789944845.1798267,rc_send_suppressed,
1789944845.2802362,rc_send_suppressed,
1789944845.411149,rc_send_suppressed,
1789944845.473714,llm_explanation,1424.850500014145
1789944845.5186298,rc_send_suppressed,
1789944845.6452405,rc_send_suppressed,
1789944845.7555308,rc_send_suppressed,
1789944845.8890233,rc_send_suppressed,
1789944846.0078905,rc_send_suppressed,
1789944846.1131754,rc_send_suppressed,
1789944846.2160814,rc_send_suppressed,
1789944846.358058,rc_send_suppressed,
1789944846.4690466,rc_send_suppressed,
1789944846.6149716,rc_send_suppressed,
1789944846.7295985,rc_send_suppressed,
1789944846.8497016,rc_send_suppressed,
1789944846.9737642,rc_send_suppressed,
1789944847.0737956,rc_send_suppressed,
1789944847.1897087,rc_send_suppressed,
1789944847.3099911,rc_send_suppressed,
1789944847.4548645,rc_send_suppressed,
1789944847.5577204,rc_send_suppressed,
1789944847.688465,rc_send_suppressed,
1789944847.7903564,rc_send_suppressed,
1789944847.9304233,rc_send_suppressed,
1789944848.0371053,rc_send_suppressed,
1789944848.1778512,rc_send_suppressed,
1789944848.2843747,rc_send_suppressed,
1789944848.4190104,rc_send_suppressed,
1789944848.54075,rc_send_suppressed,
1789944848.684725,rc_send_suppressed,
1789944848.791618,rc_send_suppressed,
1789944848.921054,rc_send_suppressed,
1789944849.0336092,rc_send_suppressed,
1789944849.132794,rc_send_suppressed,
1789944849.1661348,llm_explanation,3663.3115999866277
1789944849.261895,rc_send_suppressed,
1789944849.3732796,rc_send_suppressed,
1789944849.5107338,rc_send_suppressed,
1789944849.6333895,rc_send_suppressed,
1789944849.7627575,rc_send_suppressed,
1789944849.8743086,rc_send_suppressed,
1789944850.0140584,rc_send_suppressed,
1789944850.1215262,rc_send_suppressed,
1789944850.2752457,rc_send_suppressed,
1789944850.3881896,rc_send_suppressed,
1789944850.5334892,rc_send_suppressed,
1789944850.6700437,rc_send_suppressed,
1789944850.7941804,rc_send_suppressed,
1789944850.9327724,rc_send_suppressed,
1789944851.0511177,rc_send_suppressed,
1789944851.1825702,rc_send_suppressed,
1789944851.2979715,rc_send_suppressed,
1789944851.4425857,rc_send_suppressed,
1789944851.55216,rc_send_suppressed,
1789944851.6834097,rc_send_suppressed,
1789944851.8038838,rc_send_suppressed,
1789944851.9506762,rc_send_suppressed,
1789944852.0706193,rc_send_suppressed,
1789944852.1780608,rc_send_suppressed,
1789944852.3260012,rc_send_suppressed,
1789944852.4368289,rc_send_suppressed,
1789944852.5600023,rc_send_suppressed,
1789944852.6757865,rc_send_suppressed,
1789944852.777707,rc_send_suppressed,
1789944852.915406,rc_send_suppressed,
1789944853.0169327,rc_send_suppressed,
1789944853.0726838,llm_explanation,3933.414199971594
1789944853.1236346,rc_send_suppressed,
1789944853.2554598,rc_send_suppressed,
1789944853.37941,rc_send_suppressed,
1789944853.5162318,rc_send_suppressed,
1789944853.6226335,rc_send_suppressed,
1789944853.7619622,rc_send_suppressed,
1789944853.869802,rc_send_suppressed,
1789944854.0136025,rc_send_suppressed,
1789944854.1259694,rc_send_suppressed,
1789944854.2615132,rc_send_suppressed,
1789944854.3683753,rc_send_suppressed,
1789944854.5122948,rc_send_suppressed,
1789944854.6213787,rc_send_suppressed,
1789944854.7647884,rc_send_suppressed,
1789944854.8742285,rc_send_suppressed,
1789944854.9402208,llm_explanation,1874.7875000117347
1789944855.0088172,rc_send_suppressed,
1789944855.1167843,rc_send_suppressed,
1789944855.2739034,rc_send_suppressed,
1789944855.3773568,rc_send_suppressed,
1789944855.5173407,rc_send_suppressed,
1789944855.626797,rc_send_suppressed,
1789944855.7548296,rc_send_suppressed,
1789944855.8726685,rc_send_suppressed,
1789944856.0067327,rc_send_suppressed,
1789944856.1243563,rc_send_suppressed,
1789944856.255422,rc_send_suppressed,
1789944856.3637173,rc_send_suppressed,
1789944856.4675577,rc_send_suppressed,
1789944856.586308,rc_send_suppressed,
1789944856.7016916,rc_send_suppressed,
1789944856.8437476,rc_send_suppressed,
1789944856.950951,rc_send_suppressed,
1789944857.083242,rc_send_suppressed,
1789944857.2051282,rc_send_suppressed,
1789944857.3445663,rc_send_suppressed,
1789944857.4474938,rc_send_suppressed,
1789944857.5867283,rc_send_suppressed,
1789944857.6941319,rc_send_suppressed,
1789944857.797153,rc_send_suppressed,
1789944857.9205494,rc_send_suppressed,
1789944858.0308614,rc_send_suppressed,
1789944858.1313915,rc_send_suppressed,
1789944858.2503996,rc_send_suppressed,
1789944858.3704777,rc_send_suppressed,
1789944858.5131028,rc_send_suppressed,
1789944858.6208239,rc_send_suppressed,
1789944858.761397,rc_send_suppressed,
1789944858.8676603,rc_send_suppressed,
1789944859.001299,llm_explanation,4012.6634999760427
1789944859.0162585,rc_send_suppressed,
1789944859.1167252,rc_send_suppressed,
1789944859.2589898,rc_send_suppressed,
1789944859.3630538,rc_send_suppressed,
1789944859.4642725,rc_send_suppressed,
1789944859.5913706,rc_send_suppressed,
1789944859.7054791,rc_send_suppressed,
1789944859.8469348,rc_send_suppressed,
1789944859.9483154,rc_send_suppressed,
1789944860.084555,rc_send_suppressed,
1789944860.2087371,rc_send_suppressed,
1789944860.3407366,rc_send_suppressed,
1789944860.4420493,rc_send_suppressed,
1789944860.4925902,llm_explanation,1494.5507000084035
1789944860.5818598,rc_send_suppressed,
1789944860.7054324,rc_send_suppressed,
1789944860.8406372,rc_send_suppressed,
1789944860.9412673,rc_send_suppressed,
1789944861.0899665,rc_send_suppressed,
1789944861.2071233,rc_send_suppressed,
1789944861.3551607,rc_send_suppressed,
1789944861.4705915,rc_send_suppressed,
1789944861.6051066,rc_send_suppressed,
1789944861.7145844,rc_send_suppressed,
1789944861.851562,rc_send_suppressed,
1789944861.9658322,rc_send_suppressed,
1789944862.084459,rc_send_suppressed,
1789944862.2021706,rc_send_suppressed,
1789944862.3024156,rc_send_suppressed,
1789944862.431493,rc_send_suppressed,
1789944862.5372727,rc_send_suppressed,
1789944862.640941,rc_send_suppressed,
1789944862.7639346,rc_send_suppressed,
1789944862.8694592,rc_send_suppressed,
1789944862.9695106,rc_send_suppressed,
1789944863.0965784,rc_send_suppressed,
1789944863.2065523,rc_send_suppressed,
1789944863.350962,rc_send_suppressed,
1789944863.4532719,rc_send_suppressed,
1789944863.5838525,rc_send_suppressed,
1789944863.7011247,rc_send_suppressed,
1789944863.8499205,rc_send_suppressed,
1789944863.9509487,rc_send_suppressed,
1789944864.0874772,rc_send_suppressed,
1789944864.2027118,rc_send_suppressed,
1789944864.3435757,rc_send_suppressed,
1789944864.445405,rc_send_suppressed,
1789944864.4985673,llm_explanation,4006.7354000057094
1789944864.585662,rc_send_suppressed,
1789944864.7014296,rc_send_suppressed,
1789944864.8310492,rc_send_suppressed,
1789944864.9390779,rc_send_suppressed,
1789944865.1016786,rc_send_suppressed,
1789944865.2048955,rc_send_suppressed,
1789944865.3064885,rc_send_suppressed,
1789944865.457728,rc_send_suppressed,
1789944865.5659244,rc_send_suppressed,
1789944865.7116835,rc_send_suppressed,
1789944865.8158894,rc_send_suppressed,
1789944865.9512663,rc_send_suppressed,
1789944866.056036,rc_send_suppressed,
1789944866.1560545,rc_send_suppressed,
1789944866.2001624,llm_explanation,1746.3451999938115
1789944866.3010697,rc_send_suppressed,
1789944866.4089906,rc_send_suppressed,
1789944866.5453703,rc_send_suppressed,
1789944866.6488347,rc_send_suppressed,
1789944866.7920237,rc_send_suppressed,
1789944866.9032328,rc_send_suppressed,
1789944867.0249903,rc_send_suppressed,
1789944867.1483603,rc_send_suppressed,
1789944867.289183,rc_send_suppressed,
1789944867.3997366,rc_send_suppressed,
1789944867.539499,rc_send_suppressed,
1789944867.6449292,rc_send_suppressed,
1789944867.7861297,rc_send_suppressed,
1789944867.8993857,rc_send_suppressed,
1789944868.0243838,rc_send_suppressed,
1789944868.1424365,rc_send_suppressed,
1789944868.29129,rc_send_suppressed,
1789944868.3640406,llm_explanation,2173.515199974645
1789944868.4075005,rc_send_suppressed,
1789944868.5498095,rc_send_suppressed,
1789944868.651598,rc_send_suppressed,
1789944868.795542,rc_send_suppressed,
1789944868.9051251,rc_send_suppressed,
1789944869.0314286,rc_send_suppressed,
1789944869.1411197,rc_send_suppressed,
1789944869.2879503,rc_send_suppressed,
1789944869.4018102,rc_send_suppressed,
1789944869.547947,rc_send_suppressed,
1789944869.6528554,rc_send_suppressed,
1789944869.7846076,rc_send_suppressed,
1789944869.902798,rc_send_suppressed,
1789944870.035444,rc_send_suppressed,
1789944870.1400824,rc_send_suppressed,
1789944870.2430363,rc_send_suppressed,
1789944870.3760886,rc_send_suppressed,
1789944870.4812522,rc_send_suppressed,
1789944870.6208928,rc_send_suppressed,
1789944870.7328525,rc_send_suppressed,
1789944870.8793702,rc_send_suppressed,
1789944871.0335941,rc_send_suppressed,
1789944871.1471696,rc_send_suppressed,
1789944871.298561,rc_send_suppressed,
1789944871.406322,rc_send_suppressed,
1789944871.5508947,rc_send_suppressed,
1789944871.6636913,rc_send_suppressed,
1789944871.7897837,rc_send_suppressed,
1789944871.9050639,rc_send_suppressed,
1789944872.0240412,rc_send_suppressed,
1789944872.1464863,rc_send_suppressed,
1789944872.2993963,rc_send_suppressed,
1789944872.370463,llm_explanation,4005.9214000357315
1789944872.4181578,rc_send_suppressed,
1789944872.5577989,rc_send_suppressed,
1789944872.6768057,rc_send_suppressed,
1789944872.802713,rc_send_suppressed,
1789944872.9125404,rc_send_suppressed,
1789944873.04116,rc_send_suppressed,
1789944873.1433356,rc_send_suppressed,
1789944873.2926996,rc_send_suppressed,
1789944873.3947556,rc_send_suppressed,
1789944873.5123146,rc_send_suppressed,
1789944873.6127937,rc_send_suppressed,
1789944873.7229202,rc_send_suppressed,
1789944873.8577478,rc_send_suppressed,
1789944873.9794219,rc_send_suppressed,
1789944874.1180172,rc_send_suppressed,
1789944874.2217395,rc_send_suppressed,
1789944874.3579602,rc_send_suppressed,
1789944874.4730952,rc_send_suppressed,
1789944874.6125844,rc_send_suppressed,
1789944874.7304766,rc_send_suppressed,
1789944874.8547835,rc_send_suppressed,
1789944874.9765747,rc_send_suppressed,
1789944875.1126366,rc_send_suppressed,
1789944875.2192242,rc_send_suppressed,
1789944875.3542018,rc_send_suppressed,
1789944875.477641,rc_send_suppressed,
1789944875.6193445,rc_send_suppressed,
1789944875.67386,llm_explanation,3305.8375000255182
1789944875.7261853,rc_send_suppressed,
1789944875.8627186,rc_send_suppressed,
1789944875.9787922,rc_send_suppressed,
1789944876.1144085,rc_send_suppressed,
1789944876.2286322,rc_send_suppressed,
1789944876.366844,rc_send_suppressed,
1789944876.4833202,rc_send_suppressed,
1789944876.618191,rc_send_suppressed,
1789944876.7268255,rc_send_suppressed,
1789944876.8522475,rc_send_suppressed,
1789944876.9702241,rc_send_suppressed,
1789944877.1171525,rc_send_suppressed,
1789944877.2274163,rc_send_suppressed,
1789944877.370206,rc_send_suppressed,
1789944877.480682,rc_send_suppressed,
1789944877.6257868,rc_send_suppressed,
1789944877.7276678,rc_send_suppressed,
1789944877.8603747,rc_send_suppressed,
1789944877.9807215,rc_send_suppressed,
1789944878.1251562,rc_send_suppressed,
1789944878.2292836,rc_send_suppressed,
1789944878.3556075,rc_send_suppressed,
1789944878.474674,rc_send_suppressed,
1789944878.6156218,rc_send_suppressed,
1789944878.7095983,llm_explanation,3032.29319996899
1789944878.7280412,rc_send_suppressed,
1789944878.869692,rc_send_suppressed,
1789944878.976657,rc_send_suppressed,
1789944879.1200147,rc_send_suppressed,
1789944879.227364,rc_send_suppressed,
1789944879.3575728,rc_send_suppressed,
1789944879.4793773,rc_send_suppressed,
1789944879.6106794,rc_send_suppressed,
1789944879.727172,rc_send_suppressed,
1789944879.8736541,rc_send_suppressed,
1789944879.979819,rc_send_suppressed,
1789944880.114285,rc_send_suppressed,
1789944880.2287245,rc_send_suppressed,
1789944880.359662,rc_send_suppressed,
1789944880.4863782,rc_send_suppressed,
1789944880.622815,rc_send_suppressed,
1789944880.7359014,rc_send_suppressed,
1789944880.8380508,rc_send_suppressed,
1789944880.9405847,rc_send_suppressed,
1789944881.0609434,rc_send_suppressed,
1789944881.1826477,rc_send_suppressed,
1789944881.3452723,rc_send_suppressed,
1789944881.4512343,rc_send_suppressed,
1789944881.5825138,rc_send_suppressed,
1789944881.6840494,rc_send_suppressed,
1789944881.8402684,rc_send_suppressed,
1789944881.9469402,rc_send_suppressed,
1789944882.0495145,rc_send_suppressed,
1789944882.1513042,rc_send_suppressed,
1789944882.2588744,rc_send_suppressed,
1789944882.386199,rc_send_suppressed,
1789944882.4883826,rc_send_suppressed,
1789944882.6028855,rc_send_suppressed,
1789944882.72021,llm_explanation,4017.071300011594
1789944882.734773,rc_send_suppressed,
1789944882.8349931,rc_send_suppressed,
1789944882.98004,rc_send_suppressed,
1789944883.1142836,rc_send_suppressed,
1789944883.2207603,rc_send_suppressed,
1789944883.3276286,rc_send_suppressed,
1789944883.4321384,rc_send_suppressed,
1789944883.5347867,rc_send_suppressed,
1789944883.6510203,rc_send_suppressed,
1789944883.7518394,rc_send_suppressed,
1789944883.9056563,rc_send_suppressed,
1789944884.0175498,rc_send_suppressed,
1789944884.131242,rc_send_suppressed,
1789944884.233125,rc_send_suppressed,
1789944884.251077,llm_explanation,1524.048599996604
1789944884.3376203,rc_send_suppressed,
1789944884.4642985,rc_send_suppressed,
1789944884.5681713,rc_send_suppressed,
1789944884.6906455,rc_send_suppressed,
1789944884.8391712,rc_send_suppressed,
1789944884.9471285,rc_send_suppressed,
1789944885.0486958,rc_send_suppressed,
1789944885.170212,rc_send_suppressed,
1789944885.299749,rc_send_suppressed,
1789944885.402448,rc_send_suppressed,
1789944885.5155473,rc_send_suppressed,
1789944885.6763852,rc_send_suppressed,
1789944885.8006387,rc_send_suppressed,
1789944885.9344394,rc_send_suppressed,
1789944886.0453284,rc_send_suppressed,
1789944886.1693883,rc_send_suppressed,
1789944886.2329228,llm_explanation,1954.4281999696977
1789944886.295251,rc_send_suppressed,
1789944886.4109836,rc_send_suppressed,
1789944886.529683,rc_send_suppressed,
1789944886.642554,rc_send_suppressed,
1789944886.7581193,rc_send_suppressed,
1789944886.8694856,rc_send_suppressed,
1789944886.983615,rc_send_suppressed,
1789944887.0975034,rc_send_suppressed,
1789944887.2035356,rc_send_suppressed,
1789944887.3078785,rc_send_suppressed,
1789944887.4206443,rc_send_suppressed,
1789944887.546658,rc_send_suppressed,
1789944887.6555555,rc_send_suppressed,
1789944887.8103015,rc_send_suppressed,
1789944887.9783275,rc_send_suppressed,
1789944888.1234431,rc_send_suppressed,
1789944888.2310867,rc_send_suppressed,
1789944888.3433592,rc_send_suppressed,
1789944888.4851863,rc_send_suppressed,
1789944888.5965085,rc_send_suppressed,
1789944888.7240903,rc_send_suppressed,
1789944888.8432577,rc_send_suppressed,
1789944888.9736145,rc_send_suppressed,
1789944889.1228347,rc_send_suppressed,
1789944889.232344,rc_send_suppressed,
1789944889.3341708,rc_send_suppressed,
1789944889.4745111,rc_send_suppressed,
1789944889.580352,rc_send_suppressed,
1789944889.693737,rc_send_suppressed,
1789944889.8313024,rc_send_suppressed,
1789944889.9586432,rc_send_suppressed,
1789944890.0675995,rc_send_suppressed,
1789944890.1874259,rc_send_suppressed,
1789944890.2419026,llm_explanation,4003.9164000190794
1789944890.305756,rc_send_suppressed,
1789944890.4334214,rc_send_suppressed,
1789944890.5581772,rc_send_suppressed,
1789944890.6669686,rc_send_suppressed,
1789944890.822791,rc_send_suppressed,
1789944890.9314842,rc_send_suppressed,
1789944891.0440028,rc_send_suppressed,
1789944891.1618686,rc_send_suppressed,
1789944891.269714,rc_send_suppressed,
1789944891.374616,rc_send_suppressed,
1789944891.5057585,rc_send_suppressed,
1789944891.6299937,rc_send_suppressed,
1789944891.7363713,rc_send_suppressed,
1789944891.8505971,rc_send_suppressed,
1789944891.956059,rc_send_suppressed,
1789944892.0975277,rc_send_suppressed,
1789944892.217661,rc_send_suppressed,
1789944892.3636022,rc_send_suppressed,
1789944892.4932714,rc_send_suppressed,
1789944892.617534,rc_send_suppressed,
1789944892.7267377,rc_send_suppressed,
1789944892.8303585,rc_send_suppressed,
1789944892.9480944,rc_send_suppressed,
1789944893.1160793,rc_send_suppressed,
1789944893.2484913,rc_send_suppressed,
1789944893.3764708,rc_send_suppressed,
1789944893.5467618,rc_send_suppressed,
1789944893.671673,rc_send_suppressed,
1789944893.781365,rc_send_suppressed,
1789944893.8841166,rc_send_suppressed,
1789944894.0003717,rc_send_suppressed,
1789944894.1028016,rc_send_suppressed,
1789944894.2098832,rc_send_suppressed,
1789944894.341577,rc_send_suppressed,
1789944894.4908628,rc_send_suppressed,
1789944894.632287,rc_send_suppressed,
1789944894.7746468,rc_send_suppressed,
1789944894.8896139,rc_send_suppressed,
1789944895.0144355,rc_send_suppressed,
1789944895.1261346,rc_send_suppressed,
1789944895.2490308,rc_send_suppressed,
1789944895.357255,rc_send_suppressed,
1789944895.4776125,rc_send_suppressed,
1789944895.5900419,rc_send_suppressed,
1789944895.6990676,rc_send_suppressed,
1789944895.8299236,rc_send_suppressed,
1789944895.9436092,rc_send_suppressed,
1789944896.0440128,rc_send_suppressed,
1789944896.1769853,rc_send_suppressed,
1789944896.2797105,rc_send_suppressed,
1789944896.400735,rc_send_suppressed,
1789944896.532012,rc_send_suppressed,
1789944896.6472142,rc_send_suppressed,
1789944896.7528055,rc_send_suppressed,
1789944896.8666084,rc_send_suppressed,
1789944897.0220456,rc_send_suppressed,
1789944897.1262624,rc_send_suppressed,
1789944897.2569382,rc_send_suppressed,
1789944897.383822,rc_send_suppressed,
1789944897.5531652,rc_send_suppressed,
1789944897.6698496,rc_send_suppressed,
1789944897.7710078,rc_send_suppressed,
1789944897.8848956,rc_send_suppressed,
1789944898.0171435,rc_send_suppressed,
1789944898.1308193,rc_send_suppressed,
1789944898.2460713,rc_send_suppressed,
1789944898.3508737,rc_send_suppressed,
1789944898.4586992,rc_send_suppressed,
1789944898.5667937,rc_send_suppressed,
1789944898.6787403,rc_send_suppressed,
1789944898.8021703,rc_send_suppressed,
1789944898.9149456,rc_send_suppressed,
1789944899.019388,rc_send_suppressed,
1789944899.1306775,rc_send_suppressed,
1789944899.2969868,rc_send_suppressed,
1789944899.4007893,rc_send_suppressed,
1789944899.5449092,rc_send_suppressed,
1789944899.6506069,rc_send_suppressed,
1789944899.7678885,rc_send_suppressed,
1789944899.885401,rc_send_suppressed,
1789944899.990497,rc_send_suppressed,
1789944900.102723,rc_send_suppressed,
1789944900.2088563,rc_send_suppressed,
1789944900.338204,rc_send_suppressed,
1789944900.4487982,rc_send_suppressed,
1789944900.5605443,rc_send_suppressed,
1789944900.6648912,rc_send_suppressed,
1789944900.768916,rc_send_suppressed,
1789944900.884912,rc_send_suppressed,
1789944901.0149066,rc_send_suppressed,
1789944901.136091,rc_send_suppressed,
1789944901.2481723,rc_send_suppressed,
1789944901.3756862,rc_send_suppressed,
1789944901.48042,rc_send_suppressed,
1789944901.5900464,rc_send_suppressed,
1789944901.7614365,rc_send_suppressed,
1789944901.870016,rc_send_suppressed,
1789944901.9758987,rc_send_suppressed,
1789944902.094349,rc_send_suppressed,
1789944902.2038033,rc_send_suppressed,
1789944902.3188155,rc_send_suppressed,
1789944902.4225934,rc_send_suppressed,
1789944902.5380366,rc_send_suppressed,
1789944902.645833,rc_send_suppressed,
1789944902.7697735,rc_send_suppressed,
1789944902.8886802,rc_send_suppressed,
1789944903.011468,rc_send_suppressed,
1789944903.134357,rc_send_suppressed,
1789944903.24086,rc_send_suppressed,
1789944903.3692117,rc_send_suppressed,
1789944903.4874136,rc_send_suppressed,
1789944903.6078372,rc_send_suppressed,
1789944903.716561,rc_send_suppressed,
1789944903.8231194,rc_send_suppressed,
1789944903.9408066,rc_send_suppressed,
1789944904.0648186,rc_send_suppressed,
1789944904.2132454,rc_send_suppressed,
1789944904.3221214,rc_send_suppressed,
1789944904.447099,rc_send_suppressed,
1789944904.552783,rc_send_suppressed,
1789944904.6571674,rc_send_suppressed,
1789944904.782308,rc_send_suppressed,
1789944904.8883843,rc_send_suppressed,
1789944904.9898229,rc_send_suppressed,
1789944905.1057138,rc_send_suppressed,
1789944905.2106395,rc_send_suppressed,
1789944905.3186026,rc_send_suppressed,
1789944905.46013,rc_send_suppressed,
1789944905.5816438,rc_send_suppressed,
1789944905.7167099,rc_send_suppressed,
1789944905.8286006,rc_send_suppressed,
1789944905.9721036,rc_send_suppressed,
1789944906.0860338,rc_send_suppressed,
1789944906.2025084,rc_send_suppressed,
1789944906.3387375,rc_send_suppressed,
1789944906.4526818,rc_send_suppressed,
1789944906.5842614,rc_send_suppressed,
1789944906.7013166,rc_send_suppressed,
1789944906.842276,rc_send_suppressed,
1789944906.94264,rc_send_suppressed,
1789944907.0873666,rc_send_suppressed,
1789944907.205663,rc_send_suppressed,
1789944907.3458881,rc_send_suppressed,
1789944907.4893048,rc_send_suppressed,
1789944907.6104789,rc_send_suppressed,
1789944907.7495253,rc_send_suppressed,
1789944907.8614376,rc_send_suppressed,
1789944907.997556,rc_send_suppressed,
1789944908.1124783,rc_send_suppressed,
1789944908.260049,rc_send_suppressed,
1789944908.3753345,rc_send_suppressed,
1789944908.485519,rc_send_suppressed,
1789944908.622744,rc_send_suppressed,
1789944908.7437985,rc_send_suppressed,
1789944908.7944922,llm_explanation,2524.756700033322
1789944908.8927548,rc_send_suppressed,
1789944909.010276,rc_send_suppressed,
1789944909.1635442,rc_send_suppressed,
1789944909.26361,rc_send_suppressed,
1789944909.3932662,rc_send_suppressed,
1789944909.5029721,rc_send_suppressed,
1789944909.6546874,rc_send_suppressed,
1789944909.7758167,rc_send_suppressed,
1789944909.9031827,rc_send_suppressed,
1789944910.0060258,rc_send_suppressed,
1789944910.1183717,rc_send_suppressed,
1789944910.2422922,rc_send_suppressed,
1789944910.3559196,rc_send_suppressed,
1789944910.4887133,rc_send_suppressed,
1789944910.6067984,rc_send_suppressed,
1789944910.7540092,rc_send_suppressed,
1789944910.8651512,rc_send_suppressed,
1789944910.9879591,rc_send_suppressed,
1789944911.0892913,rc_send_suppressed,
1789944911.200484,rc_send_suppressed,
1789944911.3496704,rc_send_suppressed,
1789944911.5081396,rc_send_suppressed,
1789944911.6118493,rc_send_suppressed,
1789944911.739659,rc_send_suppressed,
1789944911.8611994,rc_send_suppressed,
1789944911.9867275,rc_send_suppressed,
1789944912.1030793,rc_send_suppressed,
1789944912.242237,rc_send_suppressed,
1789944912.3579023,rc_send_suppressed,
1789944912.482882,rc_send_suppressed,
1789944912.607771,rc_send_suppressed,
1789944912.7410002,rc_send_suppressed,
1789944912.817599,llm_explanation,4016.117699968163
1789944912.8574631,rc_send_suppressed,
1789944912.9834955,rc_send_suppressed,
1789944913.0971978,rc_send_suppressed,
1789944913.249136,rc_send_suppressed,
1789944913.358413,rc_send_suppressed,
1789944913.4780362,rc_send_suppressed,
1789944913.5976827,rc_send_suppressed,
1789944913.6979756,rc_send_suppressed,
1789944913.8251195,rc_send_suppressed,
1789944913.9282649,rc_send_suppressed,
1789944914.0284178,rc_send_suppressed,
1789944914.1523468,rc_send_suppressed,
1789944914.2691674,rc_send_suppressed,
1789944914.4074733,rc_send_suppressed,
1789944914.515152,rc_send_suppressed,
1789944914.655421,rc_send_suppressed,
1789944914.75977,rc_send_suppressed,
1789944914.8600519,rc_send_suppressed,
1789944914.9827902,rc_send_suppressed,
1789944915.0926883,rc_send_suppressed,
1789944915.1929352,rc_send_suppressed,
1789944915.3222249,rc_send_suppressed,
1789944915.4290335,rc_send_suppressed,
1789944915.5722353,rc_send_suppressed,
1789944915.6849246,rc_send_suppressed,
1789944915.8404813,rc_send_suppressed,
1789944915.9430423,rc_send_suppressed,
1789944916.0452507,rc_send_suppressed,
1789944916.1461818,rc_send_suppressed,
1789944916.280623,rc_send_suppressed,
1789944916.3952885,rc_send_suppressed,
1789944916.5213506,rc_send_suppressed,
1789944916.6540155,rc_send_suppressed,
1789944916.7893622,rc_send_suppressed,
1789944916.9136205,rc_send_suppressed,
1789944917.036985,rc_send_suppressed,
1789944917.1591964,rc_send_suppressed,
1789944917.280939,rc_send_suppressed,
1789944917.391541,rc_send_suppressed,
1789944917.5103662,rc_send_suppressed,
1789944917.631045,rc_send_suppressed,
1789944917.7566333,rc_send_suppressed,
1789944917.8684537,rc_send_suppressed,
1789944917.9738014,rc_send_suppressed,
1789944918.0800261,rc_send_suppressed,
1789944918.1814477,rc_send_suppressed,
1789944918.3031173,rc_send_suppressed,
1789944918.4447682,rc_send_suppressed,
1789944918.573331,rc_send_suppressed,
1789944918.6929376,rc_send_suppressed,
1789944918.805273,rc_send_suppressed,
1789944918.9245975,rc_send_suppressed,
1789944919.0939522,rc_send_suppressed,
1789944919.1983776,rc_send_suppressed,
1789944919.3023155,rc_send_suppressed,
1789944919.4291253,rc_send_suppressed,
1789944919.54416,rc_send_suppressed,
1789944919.6744068,rc_send_suppressed,
1789944919.7765813,rc_send_suppressed,
1789944919.8835516,rc_send_suppressed,
1789944919.984555,rc_send_suppressed,
1789944920.0848255,rc_send_suppressed,
1789944920.1753736,llm_explanation,3319.054600025993
1789944920.1933253,rc_send_suppressed,
1789944920.2945647,rc_send_suppressed,
1789944920.4046466,rc_send_suppressed,
1789944920.5041678,rc_send_suppressed,
1789944920.6169233,rc_send_suppressed,
1789944920.7194738,rc_send_suppressed,
1789944920.8255863,rc_send_suppressed,
1789944920.9496803,rc_send_suppressed,
1789944921.103502,rc_send_suppressed,
1789944921.2076027,rc_send_suppressed,
1789944921.326751,rc_send_suppressed,
1789944921.4292078,rc_send_suppressed,
1789944921.5455122,rc_send_suppressed,
1789944921.6574535,rc_send_suppressed,
1789944921.7830021,rc_send_suppressed,
1789944921.8996875,rc_send_suppressed,
1789944922.0038047,rc_send_suppressed,
1789944922.1376116,rc_send_suppressed,
1789944922.2433426,rc_send_suppressed,
1789944922.3451595,rc_send_suppressed,
1789944922.4750974,rc_send_suppressed,
1789944922.6439984,rc_send_suppressed,
1789944922.7684677,rc_send_suppressed,
1789944922.8865817,rc_send_suppressed,
1789944922.9886894,rc_send_suppressed,
1789944923.0987804,rc_send_suppressed,
1789944923.1862142,llm_explanation,3075.591099972371
1789944923.2081351,rc_send_suppressed,
1789944923.3229527,rc_send_suppressed,
1789944923.435628,rc_send_suppressed,
1789944923.5506713,rc_send_suppressed,
1789944923.6941347,rc_send_suppressed,
1789944923.809043,rc_send_suppressed,
1789944923.9151583,rc_send_suppressed,
1789944924.021358,rc_send_suppressed,
1789944924.1926591,rc_send_suppressed,
1789944924.3072085,rc_send_suppressed,
1789944924.4487307,rc_send_suppressed,
1789944924.5547655,rc_send_suppressed,
1789944924.6616123,rc_send_suppressed,
1789944924.796686,rc_send_suppressed,
1789944924.913412,rc_send_suppressed,
1789944925.0435846,rc_send_suppressed,
1789944925.1645868,rc_send_suppressed,
1789944925.2809424,rc_send_suppressed,
1789944925.3875406,rc_send_suppressed,
1789944925.5009127,rc_send_suppressed,
1789944925.6028154,rc_send_suppressed,
1789944925.6470165,llm_explanation,2458.1085999961942
1789944925.7039697,rc_send_suppressed,
1789944925.8096871,rc_send_suppressed,
1789944925.9148836,rc_send_suppressed,
1789944926.0179205,rc_send_suppressed,
1789944926.1294677,rc_send_suppressed,
1789944926.2393367,rc_send_suppressed,
1789944926.349182,rc_send_suppressed,
1789944926.4830325,rc_send_suppressed,
1789944926.614291,rc_send_suppressed,
1789944926.7374928,rc_send_suppressed,
1789944926.8391032,rc_send_suppressed,
1789944926.9696958,rc_send_suppressed,
1789944927.0716429,rc_send_suppressed,
1789944927.1786356,rc_send_suppressed,
1789944927.2967682,rc_send_suppressed,
1789944927.4046462,rc_send_suppressed,
1789944927.5236554,rc_send_suppressed,
1789944927.6764865,rc_send_suppressed,
1789944927.8156655,rc_send_suppressed,
1789944927.9493527,rc_send_suppressed,
1789944928.065246,rc_send_suppressed,
1789944928.1908116,rc_send_suppressed,
1789944928.30328,rc_send_suppressed,
1789944928.42605,rc_send_suppressed,
1789944928.538543,rc_send_suppressed,
1789944928.6760542,rc_send_suppressed,
1789944928.7976344,rc_send_suppressed,
1789944928.929157,rc_send_suppressed,
1789944929.0326927,rc_send_suppressed,
1789944929.1425352,rc_send_suppressed,
1789944929.277425,rc_send_suppressed,
1789944929.385518,rc_send_suppressed,
1789944929.507877,rc_send_suppressed,
1789944929.6182187,rc_send_suppressed,
1789944929.6701648,llm_explanation,4015.307700028643
1789944929.7282898,rc_send_suppressed,
1789944929.8464758,rc_send_suppressed,
1789944929.9497354,rc_send_suppressed,
1789944930.0538008,rc_send_suppressed,
1789944930.153844,rc_send_suppressed,
1789944930.3071392,rc_send_suppressed,
1789944930.430344,rc_send_suppressed,
1789944930.584476,rc_send_suppressed,
1789944930.6978722,rc_send_suppressed,
1789944930.8254611,rc_send_suppressed,
1789944930.9321797,rc_send_suppressed,
1789944931.0354657,rc_send_suppressed,
1789944931.1605725,rc_send_suppressed,
1789944931.2768197,rc_send_suppressed,
1789944931.4048967,rc_send_suppressed,
1789944931.5118947,rc_send_suppressed,
1789944931.6738467,rc_send_suppressed,
1789944931.796656,rc_send_suppressed,
1789944931.9025445,rc_send_suppressed,
1789944932.025121,rc_send_suppressed,
1789944932.1350465,rc_send_suppressed,
1789944932.2681978,rc_send_suppressed,
1789944932.375028,rc_send_suppressed,
1789944932.504492,rc_send_suppressed,
1789944932.6453474,rc_send_suppressed,
1789944932.7583466,rc_send_suppressed,
1789944932.8838289,rc_send_suppressed,
1789944932.9946222,rc_send_suppressed,
1789944933.1006675,rc_send_suppressed,
1789944933.2284334,rc_send_suppressed,
1789944933.3231118,llm_explanation,3583.9153999695554
1789944933.3450513,rc_send_suppressed,
1789944933.4467967,rc_send_suppressed,
1789944933.5598056,rc_send_suppressed,
1789944933.6705484,rc_send_suppressed,
1789944933.7899504,rc_send_suppressed,
1789944933.8977792,rc_send_suppressed,
1789944934.0059202,rc_send_suppressed,
1789944934.136471,rc_send_suppressed,
1789944934.248811,rc_send_suppressed,
1789944934.3786438,rc_send_suppressed,
1789944934.4954636,rc_send_suppressed,
1789944934.5991583,rc_send_suppressed,
1789944934.7171512,rc_send_suppressed,
1789944934.8308072,rc_send_suppressed,
1789944934.9501686,rc_send_suppressed,
1789944935.1186867,rc_send_suppressed,
1789944935.246713,rc_send_suppressed,
1789944935.3742907,rc_send_suppressed,
1789944935.4809988,rc_send_suppressed,
1789944935.588337,rc_send_suppressed,
1789944935.7180784,rc_send_suppressed,
1789944935.821686,rc_send_suppressed,
1789944935.9262977,rc_send_suppressed,
1789944936.0279956,rc_send_suppressed,
1789944936.1300385,rc_send_suppressed,
1789944936.263806,rc_send_suppressed,
1789944936.2746701,llm_explanation,3010.6136000249535
1789944936.372842,rc_send_suppressed,
1789944936.5125303,rc_send_suppressed,
1789944936.612641,rc_send_suppressed,
1789944936.7237992,rc_send_suppressed,
1789944936.8269331,rc_send_suppressed,
1789944936.9365213,rc_send_suppressed,
1789944937.067154,rc_send_suppressed,
1789944937.1701102,rc_send_suppressed,
1789944937.271412,rc_send_suppressed,
1789944937.3802893,rc_send_suppressed,
1789944937.5025334,rc_send_suppressed,
1789944937.6181202,rc_send_suppressed,
1789944937.7278297,rc_send_suppressed,
1789944937.851327,rc_send_suppressed,
1789944937.9551396,rc_send_suppressed,
1789944938.0621834,rc_send_suppressed,
1789944938.1969938,rc_send_suppressed,
1789944938.2982864,rc_send_suppressed,
1789944938.4601874,rc_send_suppressed,
1789944938.5621862,rc_send_suppressed,
1789944938.7030325,rc_send_suppressed,
1789944938.8503795,rc_send_suppressed,
1789944938.9799798,rc_send_suppressed,
1789944939.109593,rc_send_suppressed,
1789944939.2321403,rc_send_suppressed,
1789944939.3448908,rc_send_suppressed,
1789944939.463504,rc_send_suppressed,
1789944939.5791178,rc_send_suppressed,
1789944939.7035213,rc_send_suppressed,
1789944939.8245018,rc_send_suppressed,
1789944939.9397578,rc_send_suppressed,
1789944940.0414612,rc_send_suppressed,
1789944940.1835158,rc_send_suppressed,
1789944940.2598746,llm_explanation,4009.1587000060827
1789944940.3172321,rc_send_suppressed,
1789944940.4345148,rc_send_suppressed,
1789944940.5503461,rc_send_suppressed,
1789944940.6662843,rc_send_suppressed,
1789944940.7755916,rc_send_suppressed,
1789944940.8972337,rc_send_suppressed,
1789944941.0037103,rc_send_suppressed,
1789944941.1177495,rc_send_suppressed,
1789944941.2231479,rc_send_suppressed,
1789944941.342841,rc_send_suppressed,
1789944941.4452012,rc_send_suppressed,
1789944941.5460916,rc_send_suppressed,
1789944941.7145233,rc_send_suppressed,
1789944941.8504174,rc_send_suppressed,
1789944941.9871345,rc_send_suppressed,
1789944942.092039,rc_send_suppressed,
1789944942.2081437,rc_send_suppressed,
1789944942.3157356,rc_send_suppressed,
1789944942.4320219,rc_send_suppressed,
1789944942.5379994,rc_send_suppressed,
1789944942.65371,rc_send_suppressed,
1789944942.7559772,rc_send_suppressed,
1789944942.8688705,rc_send_suppressed,
1789944942.9691362,rc_send_suppressed,
1789944943.077415,rc_send_suppressed,
1789944943.243684,rc_send_suppressed,
1789944943.3617952,rc_send_suppressed,
1789944943.468931,rc_send_suppressed,
1789944943.5707724,rc_send_suppressed,
1789944943.704285,rc_send_suppressed,
1789944943.8138258,rc_send_suppressed,
1789944943.9409933,rc_send_suppressed,
1789944944.052265,rc_send_suppressed,
1789944944.160471,rc_send_suppressed,
1789944944.2612636,rc_send_suppressed,
1789944944.403,rc_send_suppressed,
1789944944.5352476,rc_send_suppressed,
1789944944.6530201,rc_send_suppressed,
1789944944.7850957,rc_send_suppressed,
1789944944.914163,rc_send_suppressed,
1789944945.0250242,rc_send_suppressed,
1789944945.1349518,rc_send_suppressed,
1789944945.3010206,rc_send_suppressed,
1789944945.4293265,rc_send_suppressed,
1789944945.5390518,rc_send_suppressed,
1789944945.6668215,rc_send_suppressed,
1789944945.7759075,rc_send_suppressed,
1789944945.8988373,rc_send_suppressed,
1789944946.0023618,rc_send_suppressed,
1789944946.117699,rc_send_suppressed,
1789944946.2376456,rc_send_suppressed,
1789944946.3461716,rc_send_suppressed,
1789944946.451767,rc_send_suppressed,
1789944946.5585015,rc_send_suppressed,
1789944946.6634045,rc_send_suppressed,
1789944946.766757,rc_send_suppressed,
1789944946.9052997,rc_send_suppressed,
1789944947.0105412,rc_send_suppressed,
1789944947.112522,rc_send_suppressed,
1789944947.2183955,rc_send_suppressed,
1789944947.340066,rc_send_suppressed,
1789944947.4774895,rc_send_suppressed,
1789944947.5944884,rc_send_suppressed,
1789944947.7071595,rc_send_suppressed,
1789944947.8363268,rc_send_suppressed,
1789944947.8891053,llm_explanation,3604.2153000016697
1789944947.9469981,rc_send_suppressed,
1789944948.0474448,rc_send_suppressed,
1789944948.1516616,rc_send_suppressed,
1789944948.2723827,rc_send_suppressed,
1789944948.3781404,rc_send_suppressed,
1789944948.4885135,rc_send_suppressed,
1789944948.5907345,rc_send_suppressed,
1789944948.7062778,rc_send_suppressed,
1789944948.8429475,rc_send_suppressed,
1789944948.9482555,rc_send_suppressed,
1789944949.0701053,rc_send_suppressed,
1789944949.1806064,rc_send_suppressed,
1789944949.281359,rc_send_suppressed,
1789944949.407673,rc_send_suppressed,
1789944949.5108418,rc_send_suppressed,
1789944949.6253147,rc_send_suppressed,
1789944949.7581365,rc_send_suppressed,
1789944949.8902905,rc_send_suppressed,
1789944950.0034945,rc_send_suppressed,
1789944950.1200824,rc_send_suppressed,
1789944950.2393253,rc_send_suppressed,
1789944950.3426445,llm_explanation,2441.6020000353456
1789944950.3648572,rc_send_suppressed,
1789944950.4760988,rc_send_suppressed,
1789944950.5799477,rc_send_suppressed,
1789944950.692118,rc_send_suppressed,
1789944950.8102536,rc_send_suppressed,
1789944950.9487395,rc_send_suppressed,
1789944951.0833893,rc_send_suppressed,
1789944951.202307,rc_send_suppressed,
1789944951.3351371,rc_send_suppressed,
1789944951.450814,rc_send_suppressed,
1789944951.5693321,rc_send_suppressed,
1789944951.6794791,rc_send_suppressed,
1789944951.7967825,rc_send_suppressed,
1789944951.925276,rc_send_suppressed,
1789944952.0431771,rc_send_suppressed,
1789944952.144657,rc_send_suppressed,
1789944952.2544906,rc_send_suppressed,
1789944952.3875556,rc_send_suppressed,
1789944952.502484,rc_send_suppressed,
1789944952.6026788,rc_send_suppressed,
1789944952.7080197,rc_send_suppressed,
1789944952.80875,rc_send_suppressed,
1789944952.9143863,rc_send_suppressed,
1789944953.016903,rc_send_suppressed,
1789944953.1256607,rc_send_suppressed,
1789944953.2298694,rc_send_suppressed,
1789944953.3427818,rc_send_suppressed,
1789944953.4743028,rc_send_suppressed,
1789944953.6091602,rc_send_suppressed,
1789944953.710913,rc_send_suppressed,
1789944953.8149586,rc_send_suppressed,
1789944953.9317706,rc_send_suppressed,
1789944954.042591,rc_send_suppressed,
1789944954.1447914,rc_send_suppressed,
1789944954.2811291,rc_send_suppressed,
1789944954.3279116,llm_explanation,4004.033499979414
1789944954.3867378,rc_send_suppressed,
1789944954.50494,rc_send_suppressed,
1789944954.6177466,rc_send_suppressed,
1789944954.7480183,rc_send_suppressed,
1789944954.8694797,rc_send_suppressed,
1789944954.987375,rc_send_suppressed,
1789944955.0908341,rc_send_suppressed,
1789944955.2053673,rc_send_suppressed,
1789944955.3087692,rc_send_suppressed,
1789944955.4335945,rc_send_suppressed,
1789944955.6008534,rc_send_suppressed,
1789944955.726458,rc_send_suppressed,
1789944955.8313086,rc_send_suppressed,
1789944955.9632003,rc_send_suppressed,
1789944956.073335,rc_send_suppressed,
1789944956.173513,rc_send_suppressed,
1789944956.2844174,rc_send_suppressed,
1789944956.39364,rc_send_suppressed,
1789944956.494919,rc_send_suppressed,
1789944956.6007214,rc_send_suppressed,
1789944956.7019057,rc_send_suppressed,
1789944956.8261104,rc_send_suppressed,
1789944956.9301143,rc_send_suppressed,
1789944957.0705206,rc_send_suppressed,
1789944957.1847515,rc_send_suppressed,
1789944957.3109744,rc_send_suppressed,
1789944957.4287076,rc_send_suppressed,
1789944957.5306957,rc_send_suppressed,
1789944957.6479642,rc_send_suppressed,
1789944957.7637842,rc_send_suppressed,
1789944957.913991,rc_send_suppressed,
1789944958.0175004,rc_send_suppressed,
1789944958.1469698,rc_send_suppressed,
1789944958.2642481,rc_send_suppressed,
1789944958.3795512,rc_send_suppressed,
1789944958.491181,rc_send_suppressed,
1789944958.6186304,rc_send_suppressed,
1789944958.7193863,rc_send_suppressed,
1789944958.8436394,rc_send_suppressed,
1789944958.9664574,rc_send_suppressed,
1789944959.1119332,rc_send_suppressed,
1789944959.2240524,rc_send_suppressed,
1789944959.3579638,rc_send_suppressed,
1789944959.4646802,rc_send_suppressed,
1789944959.565419,rc_send_suppressed,
1789944959.6884642,rc_send_suppressed,
1789944959.8066478,rc_send_suppressed,
1789944959.9487352,rc_send_suppressed,
1789944960.0593896,rc_send_suppressed,
1789944960.1958103,rc_send_suppressed,
1789944960.2990632,rc_send_suppressed,
1789944960.4447923,rc_send_suppressed,
1789944960.5578125,rc_send_suppressed,
1789944960.7244325,rc_send_suppressed,
1789944960.8283029,rc_send_suppressed,
1789944960.940074,rc_send_suppressed,
1789944961.0686285,rc_send_suppressed,
1789944961.178678,rc_send_suppressed,
1789944961.2949102,rc_send_suppressed,
1789944961.3959525,rc_send_suppressed,
1789944961.511163,rc_send_suppressed,
1789944961.619782,rc_send_suppressed,
1789944961.7297692,rc_send_suppressed,
1789944961.8556755,rc_send_suppressed,
1789944961.9715438,rc_send_suppressed,
1789944962.1119733,rc_send_suppressed,
1789944962.2269342,rc_send_suppressed,
1789944962.3637686,rc_send_suppressed,
1789944962.487248,rc_send_suppressed,
1789944962.6103652,rc_send_suppressed,
1789944962.7193403,rc_send_suppressed,
1789944962.8638422,rc_send_suppressed,
1789944962.9688668,rc_send_suppressed,
1789944963.1100283,rc_send_suppressed,
1789944963.2170422,rc_send_suppressed,
1789944963.381866,rc_send_suppressed,
1789944963.482904,rc_send_suppressed,
1789944963.5994349,rc_send_suppressed,
1789944963.7480395,rc_send_suppressed,
1789944963.8671079,rc_send_suppressed,
1789944964.0253267,rc_send_suppressed,
1789944964.1451406,rc_send_suppressed,
1789944964.2867997,rc_send_suppressed,
1789944964.4117298,rc_send_suppressed,
1789944964.529372,rc_send_suppressed,
1789944964.6844869,rc_send_suppressed,
1789944964.790144,rc_send_suppressed,
1789944964.9048898,rc_send_suppressed,
1789944965.0606492,rc_send_suppressed,
1789944965.1602404,rc_send_suppressed,
1789944965.282865,rc_send_suppressed,
1789944965.437287,rc_send_suppressed,
1789944965.5585973,rc_send_suppressed,
1789944965.7229226,rc_send_suppressed,
1789944965.842104,rc_send_suppressed,
1789944965.965905,rc_send_suppressed,
1789944966.1221936,rc_send_suppressed,
1789944966.2295794,rc_send_suppressed,
1789944966.3504674,rc_send_suppressed,
1789944966.4618204,rc_send_suppressed,
1789944966.6050496,rc_send_suppressed,
1789944966.706777,rc_send_suppressed,
1789944966.8113892,rc_send_suppressed,
1789944966.925938,rc_send_suppressed,
1789944967.031679,rc_send_suppressed,
1789944967.1604738,rc_send_suppressed,
1789944967.2732742,rc_send_suppressed,
1789944967.3739264,rc_send_suppressed,
1789944967.502167,rc_send_suppressed,
1789944967.691785,rc_send_suppressed,
1789944967.8074813,rc_send_suppressed,
1789944967.9273908,rc_send_suppressed,
1789944968.0616937,rc_send_suppressed,
1789944968.1713903,rc_send_suppressed,
1789944968.2714186,rc_send_suppressed,
1789944968.38802,rc_send_suppressed,
1789944968.489658,rc_send_suppressed,
1789944968.5936034,rc_send_suppressed,
1789944968.6951683,rc_send_suppressed,
1789944968.7993422,rc_send_suppressed,
1789944968.9124365,rc_send_suppressed,
1789944969.0183256,rc_send_suppressed,
1789944969.130764,rc_send_suppressed,
1789944969.242521,rc_send_suppressed,
1789944969.3460088,rc_send_suppressed,
1789944969.485135,rc_send_suppressed,
1789944969.5900545,rc_send_suppressed,
1789944969.7000265,rc_send_suppressed,
1789944969.829988,rc_send_suppressed,
1789944969.935936,rc_send_suppressed,
1789944970.0369356,rc_send_suppressed,
1789944970.1672187,rc_send_suppressed,
1789944970.2145452,llm_explanation,3849.822000018321
1789944970.2701874,rc_send_suppressed,
1789944970.378917,rc_send_suppressed,
1789944970.4964304,rc_send_suppressed,
1789944970.607286,rc_send_suppressed,
1789944970.7111194,rc_send_suppressed,
1789944970.813566,rc_send_suppressed,
1789944970.9150867,rc_send_suppressed,
1789944971.0379457,rc_send_suppressed,
1789944971.1486592,rc_send_suppressed,
1789944971.2780998,rc_send_suppressed,
1789944971.3901408,rc_send_suppressed,
1789944971.5042446,rc_send_suppressed,
1789944971.63539,rc_send_suppressed,
1789944971.7689943,rc_send_suppressed,
1789944971.9047074,rc_send_suppressed,
1789944972.0315197,rc_send_suppressed,
1789944972.1521611,rc_send_suppressed,
1789944972.2920237,rc_send_suppressed,
1789944972.4067283,rc_send_suppressed,
1789944972.5262902,rc_send_suppressed,
1789944972.6406372,rc_send_suppressed,
1789944972.7408857,llm_explanation,2497.6089999545366
1789944972.7658184,rc_send_suppressed,
1789944972.8680344,rc_send_suppressed,
1789944972.9747949,rc_send_suppressed,
1789944973.074983,rc_send_suppressed,
1789944973.1787522,rc_send_suppressed,
1789944973.2901282,rc_send_suppressed,
1789944973.3935308,rc_send_suppressed,
1789944973.506704,rc_send_suppressed,
1789944973.6443248,rc_send_suppressed,
1789944973.7841623,rc_send_suppressed,
1789944973.9042783,rc_send_suppressed,
1789944974.0166736,rc_send_suppressed,
1789944974.1396778,rc_send_suppressed,
1789944974.2455869,rc_send_suppressed,
1789944974.3668754,rc_send_suppressed,
1789944974.483534,rc_send_suppressed,
1789944974.647017,rc_send_suppressed,
1789944974.7532446,rc_send_suppressed,
1789944974.8859909,rc_send_suppressed,
1789944975.0155141,rc_send_suppressed,
1789944975.1376011,rc_send_suppressed,
1789944975.2442698,rc_send_suppressed,
1789944975.3312166,llm_explanation,2604.8136000172235
1789944975.347712,rc_send_suppressed,
1789944975.4646642,rc_send_suppressed,
1789944975.5664732,rc_send_suppressed,
1789944975.697723,rc_send_suppressed,
1789944975.8016374,rc_send_suppressed,
1789944975.9031436,rc_send_suppressed,
1789944976.038009,rc_send_suppressed,
1789944976.2167668,rc_send_suppressed,
1789944976.337615,rc_send_suppressed,
1789944976.4494576,rc_send_suppressed,
1789944976.581377,rc_send_suppressed,
1789944976.7046838,rc_send_suppressed,
1789944976.8132172,rc_send_suppressed,
1789944976.9529734,rc_send_suppressed,
1789944977.0640533,rc_send_suppressed,
1789944977.1800315,rc_send_suppressed,
1789944977.3131893,rc_send_suppressed,
1789944977.4198847,rc_send_suppressed,
1789944977.5238683,rc_send_suppressed,
1789944977.6288168,rc_send_suppressed,
1789944977.736923,rc_send_suppressed,
1789944977.8509045,rc_send_suppressed,
1789944977.9661384,rc_send_suppressed,
1789944978.0743692,rc_send_suppressed,
1789944978.1744032,rc_send_suppressed,
1789944978.264975,llm_explanation,2890.4412999982014
1789944978.2864265,rc_send_suppressed,
1789944978.3867562,rc_send_suppressed,
1789944978.4953163,rc_send_suppressed,
1789944978.5957747,rc_send_suppressed,
1789944978.723559,rc_send_suppressed,
1789944978.8510342,rc_send_suppressed,
1789944978.9512918,rc_send_suppressed,
1789944979.1009,rc_send_suppressed,
1789944979.223599,rc_send_suppressed,
1789944979.323721,rc_send_suppressed,
1789944979.426975,rc_send_suppressed,
1789944979.5504003,rc_send_suppressed,
1789944979.706534,rc_send_suppressed,
1789944979.8155174,rc_send_suppressed,
1789944979.9381993,rc_send_suppressed,
1789944979.9758348,llm_explanation,1753.2976999646053
1789944980.093079,rc_send_suppressed,
1789944980.2105453,rc_send_suppressed,
1789944980.3524892,rc_send_suppressed,
1789944980.477373,rc_send_suppressed,
1789944980.5810475,rc_send_suppressed,
1789944980.7026846,rc_send_suppressed,
1789944980.8719342,rc_send_suppressed,
1789944980.9996223,rc_send_suppressed,
1789944981.1173337,rc_send_suppressed,
1789944981.2234242,rc_send_suppressed,
1789944981.3543017,rc_send_suppressed,
1789944981.4615476,rc_send_suppressed,
1789944981.570526,rc_send_suppressed,
1789944981.6755352,rc_send_suppressed,
1789944981.7780755,rc_send_suppressed,
1789944981.8855932,rc_send_suppressed,
1789944982.008367,rc_send_suppressed,
1789944982.1379387,rc_send_suppressed,
1789944982.2416124,rc_send_suppressed,
1789944982.361025,rc_send_suppressed,
1789944982.4647474,rc_send_suppressed,
1789944982.565404,rc_send_suppressed,
1789944982.6661317,rc_send_suppressed,
1789944982.7851765,rc_send_suppressed,
1789944982.9238982,rc_send_suppressed,
1789944983.0319693,rc_send_suppressed,
1789944983.1800106,rc_send_suppressed,
1789944983.286822,rc_send_suppressed,
1789944983.4314852,rc_send_suppressed,
1789944983.5598245,rc_send_suppressed,
1789944983.6851509,rc_send_suppressed,
1789944983.8050227,rc_send_suppressed,
1789944983.9289474,rc_send_suppressed,
1789944984.0076296,llm_explanation,4011.341099976562
1789944984.0417373,rc_send_suppressed,
1789944984.1750345,rc_send_suppressed,
1789944984.277242,rc_send_suppressed,
1789944984.4305294,rc_send_suppressed,
1789944984.582717,rc_send_suppressed,
1789944984.7012568,rc_send_suppressed,
1789944984.848962,rc_send_suppressed,
1789944984.951156,rc_send_suppressed,
1789944985.0928814,rc_send_suppressed,
1789944985.1982024,rc_send_suppressed,
1789944985.3381748,rc_send_suppressed,
1789944985.4394455,rc_send_suppressed,
1789944985.5504205,rc_send_suppressed,
1789944985.7012596,rc_send_suppressed,
1789944985.8271499,rc_send_suppressed,
1789944985.9291766,rc_send_suppressed,
1789944986.0599134,rc_send_suppressed,
1789944986.1689572,rc_send_suppressed,
1789944986.2699308,rc_send_suppressed,
1789944986.372292,rc_send_suppressed,
1789944986.5075383,rc_send_suppressed,
1789944986.6150284,rc_send_suppressed,
1789944986.7314665,rc_send_suppressed,
1789944986.8685749,rc_send_suppressed,
1789944986.95915,llm_explanation,2997.297999972943
1789944986.9786673,rc_send_suppressed,
1789944987.1321504,rc_send_suppressed,
1789944987.238692,rc_send_suppressed,
1789944987.363377,rc_send_suppressed,
1789944987.5058057,rc_send_suppressed,
1789944987.6422966,rc_send_suppressed,
1789944987.7621503,rc_send_suppressed,
1789944987.8885925,rc_send_suppressed,
1789944988.0174723,rc_send_suppressed,
1789944988.1469712,rc_send_suppressed,
1789944988.2595286,rc_send_suppressed,
1789944988.3670988,rc_send_suppressed,
1789944988.4688745,rc_send_suppressed,
1789944988.5974762,rc_send_suppressed,
1789944988.702487,rc_send_suppressed,
1789944988.835492,rc_send_suppressed,
1789944988.9445827,rc_send_suppressed,
1789944989.0583012,rc_send_suppressed,
1789944989.1609907,rc_send_suppressed,
1789944989.3285906,rc_send_suppressed,
1789944989.42946,rc_send_suppressed,
1789944989.5368397,rc_send_suppressed,
1789944989.6714783,rc_send_suppressed,
1789944989.7758884,rc_send_suppressed,
1789944989.913986,rc_send_suppressed,
1789944990.0152776,rc_send_suppressed,
1789944990.0748274,llm_explanation,3120.329800003674
1789944990.1346145,rc_send_suppressed,
1789944990.247823,rc_send_suppressed,
1789944990.3580415,rc_send_suppressed,
1789944990.4602537,rc_send_suppressed,
1789944990.5646327,rc_send_suppressed,
1789944990.6773694,rc_send_suppressed,
1789944990.7834854,rc_send_suppressed,
1789944990.9186587,rc_send_suppressed,
1789944991.03963,rc_send_suppressed,
1789944991.1665847,rc_send_suppressed,
1789944991.28833,rc_send_suppressed,
1789944991.3893683,rc_send_suppressed,
1789944991.4984674,rc_send_suppressed,
1789944991.6204352,rc_send_suppressed,
1789944991.7342665,rc_send_suppressed,
1789944991.8827894,rc_send_suppressed,
1789944992.0021636,rc_send_suppressed,
1789944992.129816,rc_send_suppressed,
1789944992.2723026,rc_send_suppressed,
1789944992.3990767,rc_send_suppressed,
1789944992.5355833,rc_send_suppressed,
1789944992.646854,rc_send_suppressed,
1789944992.749112,rc_send_suppressed,
1789944992.8670428,rc_send_suppressed,
1789944992.9765406,rc_send_suppressed,
1789944993.1060038,rc_send_suppressed,
1789944993.227103,rc_send_suppressed,
1789944993.3377852,rc_send_suppressed,
1789944993.441849,rc_send_suppressed,
1789944993.5681982,rc_send_suppressed,
1789944993.6747494,rc_send_suppressed,
1789944993.7877119,rc_send_suppressed,
1789944993.917145,rc_send_suppressed,
1789944994.0492098,rc_send_suppressed,
1789944994.1438222,llm_explanation,4013.4153999970295
1789944994.1692648,rc_send_suppressed,
1789944994.2962365,rc_send_suppressed,
1789944994.4328287,rc_send_suppressed,
1789944994.576276,rc_send_suppressed,
1789944994.6997154,rc_send_suppressed,
1789944994.8293426,rc_send_suppressed,
1789944994.990258,rc_send_suppressed,
1789944995.1085877,rc_send_suppressed,
1789944995.213815,rc_send_suppressed,
1789944995.3143022,rc_send_suppressed,
1789944995.4159372,rc_send_suppressed,
1789944995.5621858,rc_send_suppressed,
1789944995.6643121,rc_send_suppressed,
1789944995.767733,rc_send_suppressed,
1789944995.888411,rc_send_suppressed,
1789944995.9934206,rc_send_suppressed,
1789944996.1160085,rc_send_suppressed,
1789944996.2702143,rc_send_suppressed,
1789944996.3953643,rc_send_suppressed,
1789944996.4992616,rc_send_suppressed,
1789944996.6117153,rc_send_suppressed,
1789944996.7316444,rc_send_suppressed,
1789944996.8825872,rc_send_suppressed,
1789944996.9911606,rc_send_suppressed,
1789944997.1176126,rc_send_suppressed,
1789944997.2654035,rc_send_suppressed,
1789944997.405356,rc_send_suppressed,
1789944997.5286653,rc_send_suppressed,
1789944997.6353116,rc_send_suppressed,
1789944997.7730486,rc_send_suppressed,
1789944997.9032362,rc_send_suppressed,
1789944998.0070336,rc_send_suppressed,
1789944998.1204727,rc_send_suppressed,
1789944998.233681,rc_send_suppressed,
1789944998.3512933,rc_send_suppressed,
1789944998.480097,rc_send_suppressed,
1789944998.6052334,rc_send_suppressed,
1789944998.7634344,rc_send_suppressed,
1789944998.888944,rc_send_suppressed,
1789944999.0139651,rc_send_suppressed,
1789944999.117221,rc_send_suppressed,
1789944999.2674944,rc_send_suppressed,
1789944999.3924205,rc_send_suppressed,
1789944999.5120013,rc_send_suppressed,
1789944999.661846,rc_send_suppressed,
1789944999.7873647,rc_send_suppressed,
1789944999.894462,rc_send_suppressed,
1789945000.018662,rc_send_suppressed,
1789945000.1774526,rc_send_suppressed,
1789945000.2874997,rc_send_suppressed,
1789945000.415506,rc_send_suppressed,
1789945000.5629,rc_send_suppressed,
1789945000.6664643,rc_send_suppressed,
1789945000.7781687,rc_send_suppressed,
1789945000.8983858,rc_send_suppressed,
1789945001.0309453,rc_send_suppressed,
1789945001.1348858,rc_send_suppressed,
1789945001.251087,rc_send_suppressed,
1789945001.3636687,rc_send_suppressed,
1789945001.4829333,rc_send_suppressed,
1789945001.6039844,rc_send_suppressed,
1789945001.7113423,rc_send_suppressed,
1789945001.8385348,rc_send_suppressed,
1789945001.9720838,rc_send_suppressed,
1789945002.1443937,rc_send_suppressed,
1789945002.2676878,rc_send_suppressed,
1789945002.379631,rc_send_suppressed,
1789945002.480645,rc_send_suppressed,
1789945002.6039834,rc_send_suppressed,
1789945002.7372203,rc_send_suppressed,
1789945002.8397894,rc_send_suppressed,
1789945002.958876,rc_send_suppressed,
1789945003.0751386,rc_send_suppressed,
1789945003.1782155,rc_send_suppressed,
1789945003.305925,rc_send_suppressed,
1789945003.4759154,rc_send_suppressed,
1789945003.596384,rc_send_suppressed,
1789945003.7022424,rc_send_suppressed,
1789945003.8341188,rc_send_suppressed,
1789945003.9380102,rc_send_suppressed,
1789945004.0636244,rc_send_suppressed,
1789945004.1652691,rc_send_suppressed,
1789945004.2952294,rc_send_suppressed,
1789945004.40066,rc_send_suppressed,
1789945004.5068753,rc_send_suppressed,
1789945004.614426,rc_send_suppressed,
1789945004.7269406,rc_send_suppressed,
1789945004.8464227,rc_send_suppressed,
1789945004.998789,rc_send_suppressed,
1789945005.1412046,rc_send_suppressed,
1789945005.273277,rc_send_suppressed,
1789945005.4163363,rc_send_suppressed,
1789945005.5469623,rc_send_suppressed,
1789945005.6938443,rc_send_suppressed,
1789945005.7972782,rc_send_suppressed,
1789945005.9136517,rc_send_suppressed,
1789945006.0532315,rc_send_suppressed,
1789945006.162708,rc_send_suppressed,
1789945006.2742045,rc_send_suppressed,
1789945006.424556,rc_send_suppressed,
1789945006.527415,rc_send_suppressed,
1789945006.6446257,rc_send_suppressed,
1789945006.7664287,rc_send_suppressed,
1789945006.9114594,rc_send_suppressed,
1789945007.0664947,rc_send_suppressed,
1789945007.1667814,rc_send_suppressed,
1789945007.2698007,rc_send_suppressed,
1789945007.4167964,rc_send_suppressed,
1789945007.4961057,llm_explanation,1370.003700023517
1789945007.5226986,rc_send_suppressed,
1789945007.6654575,rc_send_suppressed,
1789945007.7655482,rc_send_suppressed,
1789945007.915236,rc_send_suppressed,
1789945008.0177243,rc_send_suppressed,
1789945008.140361,rc_send_suppressed,
1789945008.249288,rc_send_suppressed,
1789945008.351797,rc_send_suppressed,
1789945008.4776576,rc_send_suppressed,
1789945008.6015086,rc_send_suppressed,
1789945008.7446995,rc_send_suppressed,
1789945008.847921,rc_send_suppressed,
1789945008.9796069,rc_send_suppressed,
1789945009.0818057,rc_send_suppressed,
1789945009.1833768,rc_send_suppressed,
1789945009.3094058,rc_send_suppressed,
1789945009.4142845,rc_send_suppressed,
1789945009.515823,rc_send_suppressed,
1789945009.646644,rc_send_suppressed,
1789945009.7638497,rc_send_suppressed,
1789945009.8902943,rc_send_suppressed,
1789945010.003849,rc_send_suppressed,
1789945010.1105216,rc_send_suppressed,
1789945010.2134519,rc_send_suppressed,
1789945010.3534012,rc_send_suppressed,
1789945010.4540665,rc_send_suppressed,
1789945010.554139,rc_send_suppressed,
1789945010.6791098,rc_send_suppressed,
1789945010.7993026,rc_send_suppressed,
1789945010.9553993,rc_send_suppressed,
1789945011.0561595,rc_send_suppressed,
1789945011.17831,rc_send_suppressed,
1789945011.316395,rc_send_suppressed,
1789945011.41724,rc_send_suppressed,
1789945011.5285175,llm_explanation,4006.8039000034332
1789945011.5425682,rc_send_suppressed,
1789945011.6672626,rc_send_suppressed,
1789945011.807276,rc_send_suppressed,
1789945011.918368,rc_send_suppressed,
1789945012.021553,rc_send_suppressed,
1789945012.126767,rc_send_suppressed,
1789945012.2686167,rc_send_suppressed,
1789945012.3744097,rc_send_suppressed,
1789945012.5171778,rc_send_suppressed,
1789945012.6329231,rc_send_suppressed,
1789945012.7707646,rc_send_suppressed,
1789945012.8724573,rc_send_suppressed,
1789945012.9978335,llm_explanation,1468.4079000144266
1789945013.00937,rc_send_suppressed,
1789945013.12659,rc_send_suppressed,
1789945013.2678986,rc_send_suppressed,
1789945013.3732085,rc_send_suppressed,
1789945013.5164866,rc_send_suppressed,
1789945013.6275072,rc_send_suppressed,
1789945013.7728057,rc_send_suppressed,
1789945013.8756745,rc_send_suppressed,
1789945014.017223,rc_send_suppressed,
1789945014.1369698,rc_send_suppressed,
1789945014.2510786,rc_send_suppressed,
1789945014.391268,rc_send_suppressed,
1789945014.4994454,rc_send_suppressed,
1789945014.6392448,rc_send_suppressed,
1789945014.7521126,rc_send_suppressed,
1789945014.882281,rc_send_suppressed,
1789945014.9903722,rc_send_suppressed,
1789945015.1100414,rc_send_suppressed,
1789945015.2100663,rc_send_suppressed,
1789945015.3489425,rc_send_suppressed,
1789945015.4663918,rc_send_suppressed,
1789945015.6097438,rc_send_suppressed,
1789945015.7109911,rc_send_suppressed,
1789945015.8531845,rc_send_suppressed,
1789945015.956136,rc_send_suppressed,
1789945016.055853,rc_send_suppressed,
1789945016.1765819,rc_send_suppressed,
1789945016.322787,rc_send_suppressed,
1789945016.4312234,rc_send_suppressed,
1789945016.5631094,rc_send_suppressed,
1789945016.677265,rc_send_suppressed,
1789945016.8247867,rc_send_suppressed,
1789945016.940483,rc_send_suppressed,
1789945017.0060189,llm_explanation,4013.503000023775
1789945017.0484524,rc_send_suppressed,
1789945017.1812036,rc_send_suppressed,
1789945017.2973068,rc_send_suppressed,
1789945017.4391565,rc_send_suppressed,
1789945017.539603,rc_send_suppressed,
1789945017.694834,rc_send_suppressed,
1789945017.80102,rc_send_suppressed,
1789945017.9388878,rc_send_suppressed,
1789945018.0403905,rc_send_suppressed,
1789945018.184174,rc_send_suppressed,
1789945018.296267,rc_send_suppressed,
1789945018.4233131,rc_send_suppressed,
1789945018.5405586,rc_send_suppressed,
1789945018.6816237,rc_send_suppressed,
1789945018.7855392,rc_send_suppressed,
1789945018.921382,rc_send_suppressed,
1789945019.0355024,rc_send_suppressed,
1789945019.183189,rc_send_suppressed,
1789945019.2837365,rc_send_suppressed,
1789945019.4126654,rc_send_suppressed,
1789945019.5135653,rc_send_suppressed,
1789945019.623147,rc_send_suppressed,
1789945019.7482252,rc_send_suppressed,
1789945019.8499053,rc_send_suppressed,
1789945019.9510658,rc_send_suppressed,
1789945020.0875392,rc_send_suppressed,
1789945020.2037866,rc_send_suppressed,
1789945020.3493392,rc_send_suppressed,
1789945020.4511871,rc_send_suppressed,
1789945020.5897093,rc_send_suppressed,
1789945020.7060974,rc_send_suppressed,
1789945020.8593469,rc_send_suppressed,
1789945020.9758682,rc_send_suppressed,
1789945021.0930445,rc_send_suppressed,
1789945021.200263,rc_send_suppressed,
1789945021.3485172,rc_send_suppressed,
1789945021.4502294,rc_send_suppressed,
1789945021.5827959,rc_send_suppressed,
1789945021.7017212,rc_send_suppressed,
1789945021.8417597,rc_send_suppressed,
1789945021.952854,rc_send_suppressed,
1789945022.082458,rc_send_suppressed,
1789945022.1831644,rc_send_suppressed,
1789945022.28346,rc_send_suppressed,
1789945022.412502,rc_send_suppressed,
1789945022.533918,rc_send_suppressed,
1789945022.6657999,rc_send_suppressed,
1789945022.7813148,rc_send_suppressed,
1789945022.916042,rc_send_suppressed,
1789945023.0246038,rc_send_suppressed,
1789945023.1693792,rc_send_suppressed,
1789945023.2859743,rc_send_suppressed,
1789945023.4123468,rc_send_suppressed,
1789945023.5292814,rc_send_suppressed,
1789945023.6754093,rc_send_suppressed,
1789945023.7817676,rc_send_suppressed,
1789945023.9144197,rc_send_suppressed,
1789945023.9382396,llm_explanation,2905.5226999917068
1789945024.030294,rc_send_suppressed,
1789945024.1750252,rc_send_suppressed,
1789945024.2820888,rc_send_suppressed,
1789945024.4059849,rc_send_suppressed,
1789945024.5239837,rc_send_suppressed,
1789945024.6254923,rc_send_suppressed,
1789945024.7487848,rc_send_suppressed,
1789945024.8693488,rc_send_suppressed,
1789945025.0022118,rc_send_suppressed,
1789945025.1153455,rc_send_suppressed,
1789945025.2463942,rc_send_suppressed,
1789945025.3674133,rc_send_suppressed,
1789945025.505124,rc_send_suppressed,
1789945025.6202862,rc_send_suppressed,
1789945025.7539496,rc_send_suppressed,
1789945025.8633535,rc_send_suppressed,
1789945025.9090853,llm_explanation,1958.023899991531
1789945026.0104578,rc_send_suppressed,
1789945026.120975,rc_send_suppressed,
1789945026.2462466,rc_send_suppressed,
1789945026.3672645,rc_send_suppressed,
1789945026.5058064,rc_send_suppressed,
1789945026.623414,rc_send_suppressed,
1789945026.750496,rc_send_suppressed,
1789945026.864534,rc_send_suppressed,
1789945027.0176635,rc_send_suppressed,
1789945027.123098,rc_send_suppressed,
1789945027.260192,rc_send_suppressed,
1789945027.3818696,rc_send_suppressed,
1789945027.5203114,rc_send_suppressed,
1789945027.6231492,rc_send_suppressed,
1789945027.761338,rc_send_suppressed,
1789945027.8662493,rc_send_suppressed,
1789945027.9969037,llm_explanation,2099.9651000020094
1789945028.0118632,rc_send_suppressed,
1789945028.1133618,rc_send_suppressed,
1789945028.246788,rc_send_suppressed,
1789945028.364704,rc_send_suppressed,
1789945028.5126202,rc_send_suppressed,
1789945028.6214418,rc_send_suppressed,
1789945028.7506008,rc_send_suppressed,
1789945028.8518288,rc_send_suppressed,
1789945028.959386,rc_send_suppressed,
1789945029.073978,rc_send_suppressed,
1789945029.175656,rc_send_suppressed,
1789945029.276515,rc_send_suppressed,
1789945029.4143941,rc_send_suppressed,
1789945029.5246959,rc_send_suppressed,
1789945029.6270828,rc_send_suppressed,
1789945029.750627,rc_send_suppressed,
1789945029.863467,rc_send_suppressed,
1789945030.0176497,rc_send_suppressed,
1789945030.1204417,rc_send_suppressed,
1789945030.244795,rc_send_suppressed,
1789945030.3629816,rc_send_suppressed,
1789945030.506722,rc_send_suppressed,
1789945030.6159801,rc_send_suppressed,
1789945030.7572777,rc_send_suppressed,
1789945030.8724852,rc_send_suppressed,
1789945031.0010629,rc_send_suppressed,
1789945031.1021183,rc_send_suppressed,
1789945031.2475078,rc_send_suppressed,
1789945031.3613913,rc_send_suppressed,
1789945031.501181,rc_send_suppressed,
1789945031.603572,rc_send_suppressed,
1789945031.705903,rc_send_suppressed,
1789945031.8415856,rc_send_suppressed,
1789945031.941784,rc_send_suppressed,
1789945031.9962485,llm_explanation,4014.286699995864
1789945032.096127,rc_send_suppressed,
1789945032.2038052,rc_send_suppressed,
1789945032.336547,rc_send_suppressed,
1789945032.438111,rc_send_suppressed,
1789945032.5839627,rc_send_suppressed,
1789945032.7000918,rc_send_suppressed,
1789945032.8369114,rc_send_suppressed,
1789945032.9412475,rc_send_suppressed,
1789945033.0770907,rc_send_suppressed,
1789945033.1941483,rc_send_suppressed,
1789945033.3440185,rc_send_suppressed,
1789945033.446545,rc_send_suppressed,
1789945033.5815942,rc_send_suppressed,
1789945033.700996,rc_send_suppressed,
1789945033.8443985,rc_send_suppressed,
1789945033.9518738,rc_send_suppressed,
1789945034.0862687,rc_send_suppressed,
1789945034.189814,rc_send_suppressed,
1789945034.2911198,rc_send_suppressed,
1789945034.4187167,rc_send_suppressed,
1789945034.5331857,rc_send_suppressed,
1789945034.6762636,rc_send_suppressed,
1789945034.781707,rc_send_suppressed,
1789945034.9245486,rc_send_suppressed,
1789945035.0262668,rc_send_suppressed,
1789945035.1695127,rc_send_suppressed,
1789945035.2702754,rc_send_suppressed,
1789945035.4089625,rc_send_suppressed,
1789945035.5131302,rc_send_suppressed,
1789945035.6451285,rc_send_suppressed,
1789945035.7668917,rc_send_suppressed,
1789945035.903618,rc_send_suppressed,
1789945036.0053146,rc_send_suppressed,
1789945036.1475525,rc_send_suppressed,
1789945036.2704978,rc_send_suppressed,
1789945036.4077778,rc_send_suppressed,
1789945036.517691,rc_send_suppressed,
1789945036.6495757,rc_send_suppressed,
1789945036.75072,rc_send_suppressed,
1789945036.852371,rc_send_suppressed,
1789945036.9808085,rc_send_suppressed,
1789945037.091834,rc_send_suppressed,
1789945037.20698,rc_send_suppressed,
1789945037.3169637,rc_send_suppressed,
1789945037.4448023,rc_send_suppressed,
1789945037.5671742,rc_send_suppressed,
1789945037.7055032,rc_send_suppressed,
1789945037.8062806,rc_send_suppressed,
1789945037.9443717,rc_send_suppressed,
1789945038.0562246,rc_send_suppressed,
1789945038.1565166,rc_send_suppressed,
1789945038.2988331,rc_send_suppressed,
1789945038.407637,rc_send_suppressed,
1789945038.5302641,llm_explanation,2514.857399975881
1789945038.546221,rc_send_suppressed,
1789945038.6594465,rc_send_suppressed,
1789945038.788144,rc_send_suppressed,
1789945038.9007099,rc_send_suppressed,
1789945039.0239909,rc_send_suppressed,
1789945039.143357,rc_send_suppressed,
1789945039.2895553,rc_send_suppressed,
1789945039.4049764,rc_send_suppressed,
1789945039.5571756,rc_send_suppressed,
1789945039.6695087,rc_send_suppressed,
1789945039.796596,rc_send_suppressed,
1789945039.90343,rc_send_suppressed,
1789945040.0305471,rc_send_suppressed,
1789945040.1374743,rc_send_suppressed,
1789945040.2841816,rc_send_suppressed,
1789945040.4069595,rc_send_suppressed,
1789945040.5474823,rc_send_suppressed,
1789945040.6561456,rc_send_suppressed,
1789945040.7963903,rc_send_suppressed,
1789945040.9040911,rc_send_suppressed,
1789945041.0398514,rc_send_suppressed,
1789945041.1416378,rc_send_suppressed,
1789945041.2928822,rc_send_suppressed,
1789945041.4068305,rc_send_suppressed,
1789945041.5425258,rc_send_suppressed,
1789945041.6465766,rc_send_suppressed,
1789945041.8104022,rc_send_suppressed,
1789945041.9575067,rc_send_suppressed,
1789945042.0614145,rc_send_suppressed,
1789945042.2022235,rc_send_suppressed,
1789945042.30945,rc_send_suppressed,
1789945042.4502761,rc_send_suppressed,
1789945042.5287313,llm_explanation,4005.0084000104107
1789945042.566899,rc_send_suppressed,
1789945042.7076752,rc_send_suppressed,
1789945042.8105776,rc_send_suppressed,
1789945042.9521382,rc_send_suppressed,
1789945043.0549572,rc_send_suppressed,
1789945043.1586258,rc_send_suppressed,
1789945043.283054,rc_send_suppressed,
1789945043.4073417,rc_send_suppressed,
1789945043.5399692,rc_send_suppressed,
1789945043.6539898,rc_send_suppressed,
1789945043.7874,rc_send_suppressed,
1789945043.899887,rc_send_suppressed,
1789945044.0049596,rc_send_suppressed,
1789945044.1428425,rc_send_suppressed,
1789945044.2428663,rc_send_suppressed,
1789945044.3433876,rc_send_suppressed,
1789945044.481103,rc_send_suppressed,
1789945044.589135,rc_send_suppressed,
1789945044.6907804,rc_send_suppressed,
1789945044.8183668,rc_send_suppressed,
1789945044.9201295,rc_send_suppressed,
1789945045.047506,rc_send_suppressed,
1789945045.1668649,rc_send_suppressed,
1789945045.315946,rc_send_suppressed,
1789945045.4277718,rc_send_suppressed,
1789945045.57492,rc_send_suppressed,
1789945045.6802127,rc_send_suppressed,
1789945045.8127878,rc_send_suppressed,
1789945045.9399762,rc_send_suppressed,
1789945046.0576637,rc_send_suppressed,
1789945046.167746,rc_send_suppressed,
1789945046.2704673,rc_send_suppressed,
1789945046.383649,rc_send_suppressed,
1789945046.5134678,rc_send_suppressed,
1789945046.6331165,rc_send_suppressed,
1789945046.7650712,rc_send_suppressed,
1789945046.883488,rc_send_suppressed,
1789945047.0212247,rc_send_suppressed,
1789945047.1305366,rc_send_suppressed,
1789945047.2691646,rc_send_suppressed,
1789945047.3817792,rc_send_suppressed,
1789945047.513801,rc_send_suppressed,
1789945047.6288404,rc_send_suppressed,
1789945047.7750049,rc_send_suppressed,
1789945047.8835416,rc_send_suppressed,
1789945048.0247521,rc_send_suppressed,
1789945048.13434,rc_send_suppressed,
1789945048.269507,rc_send_suppressed,
1789945048.3715541,rc_send_suppressed,
1789945048.516605,rc_send_suppressed,
1789945048.6251466,rc_send_suppressed,
1789945048.7261152,rc_send_suppressed,
1789945048.846008,rc_send_suppressed,
1789945048.9647713,rc_send_suppressed,
1789945049.1138716,rc_send_suppressed,
1789945049.125107,llm_explanation,2603.888100013137
1789945049.2309048,rc_send_suppressed,
1789945049.3704708,rc_send_suppressed,
1789945049.4788928,rc_send_suppressed,
1789945049.6150308,rc_send_suppressed,
1789945049.7319229,rc_send_suppressed,
1789945049.870221,rc_send_suppressed,
1789945050.023088,rc_send_suppressed,
1789945050.1439543,rc_send_suppressed,
1789945050.2831483,rc_send_suppressed,
1789945050.389028,rc_send_suppressed,
1789945050.5195334,rc_send_suppressed,
1789945050.6310475,rc_send_suppressed,
1789945050.7025754,llm_explanation,1574.3592999642715
1789945050.7714403,rc_send_suppressed,
1789945050.8841083,rc_send_suppressed,
1789945051.0268583,rc_send_suppressed,
1789945051.136954,rc_send_suppressed,
1789945051.2765718,rc_send_suppressed,
1789945051.3813374,rc_send_suppressed,
1789945051.5214598,rc_send_suppressed,
1789945051.6345246,rc_send_suppressed,
1789945051.7776155,rc_send_suppressed,
1789945051.886217,rc_send_suppressed,
1789945052.0195029,rc_send_suppressed,
1789945052.13328,rc_send_suppressed,
1789945052.2780302,rc_send_suppressed,
1789945052.3824422,rc_send_suppressed,
1789945052.5242524,rc_send_suppressed,
1789945052.599101,llm_explanation,1863.4351000073366
1789945052.6479964,rc_send_suppressed,
1789945052.79477,rc_send_suppressed,
1789945052.89815,rc_send_suppressed,
1789945053.0026095,rc_send_suppressed,
1789945053.1331522,rc_send_suppressed,
1789945053.2531161,rc_send_suppressed,
1789945053.3951223,rc_send_suppressed,
1789945053.5082526,rc_send_suppressed,
1789945053.649183,rc_send_suppressed,
1789945053.7358587,llm_explanation,1177.8559999656864
1789945053.7527363,rc_send_suppressed,
1789945053.8858297,rc_send_suppressed,
1789945054.0037453,rc_send_suppressed,
1789945054.106876,rc_send_suppressed,
1789945054.2137287,rc_send_suppressed,
1789945054.352777,rc_send_suppressed,
1789945054.4719412,rc_send_suppressed,
1789945054.6253173,rc_send_suppressed,
1789945054.751441,rc_send_suppressed,
1789945054.8775632,rc_send_suppressed,
1789945054.9993048,rc_send_suppressed,
1789945055.105358,rc_send_suppressed,
1789945055.2061164,rc_send_suppressed,
1789945055.3501568,rc_send_suppressed,
1789945055.466542,rc_send_suppressed,
1789945055.6157188,rc_send_suppressed,
1789945055.7164834,rc_send_suppressed,
1789945055.8433256,rc_send_suppressed,
1789945055.96734,rc_send_suppressed,
1789945056.1184106,rc_send_suppressed,
1789945056.2213833,rc_send_suppressed,
1789945056.3529,rc_send_suppressed,
1789945056.4669468,rc_send_suppressed,
1789945056.6168225,rc_send_suppressed,
1789945056.7198381,rc_send_suppressed,
1789945056.8470802,rc_send_suppressed,
1789945056.9487033,rc_send_suppressed,
1789945057.0488787,rc_send_suppressed,
1789945057.1680412,rc_send_suppressed,
1789945057.314365,rc_send_suppressed,
1789945057.4171062,rc_send_suppressed,
1789945057.5526948,rc_send_suppressed,
1789945057.6720724,rc_send_suppressed,
1789945057.7377207,llm_explanation,4007.532400020864
1789945057.8138003,rc_send_suppressed,
1789945057.9226182,rc_send_suppressed,
1789945058.024516,rc_send_suppressed,
1789945058.126364,rc_send_suppressed,
1789945058.2261057,rc_send_suppressed,
1789945058.3481994,rc_send_suppressed,
1789945058.4606,rc_send_suppressed,
1789945058.6045985,rc_send_suppressed,
1789945058.7145014,rc_send_suppressed,
1789945058.843806,rc_send_suppressed,
1789945058.962627,rc_send_suppressed,
1789945059.102966,rc_send_suppressed,
1789945059.2049558,rc_send_suppressed,
1789945059.338254,rc_send_suppressed,
1789945059.4409444,rc_send_suppressed,
1789945059.5417624,rc_send_suppressed,
1789945059.6874828,rc_send_suppressed,
1789945059.80203,rc_send_suppressed,
1789945059.9496553,rc_send_suppressed,
1789945060.050143,rc_send_suppressed,
1789945060.1783588,rc_send_suppressed,
1789945060.3046486,rc_send_suppressed,
1789945060.4117546,rc_send_suppressed,
1789945060.5499241,rc_send_suppressed,
1789945060.6657128,rc_send_suppressed,
1789945060.803759,rc_send_suppressed,
1789945060.915114,rc_send_suppressed,
1789945061.01546,rc_send_suppressed,
1789945061.117036,rc_send_suppressed,
1789945061.2482703,rc_send_suppressed,
1789945061.3675153,rc_send_suppressed,
1789945061.502559,rc_send_suppressed,
1789945061.616268,rc_send_suppressed,
1789945061.7583675,rc_send_suppressed,
1789945061.8756251,rc_send_suppressed,
1789945062.0145838,rc_send_suppressed,
1789945062.120194,rc_send_suppressed,
1789945062.2550628,rc_send_suppressed,
1789945062.3683429,rc_send_suppressed,
1789945062.498378,rc_send_suppressed,
1789945062.6172242,rc_send_suppressed,
1789945062.7589328,rc_send_suppressed,
1789945062.874704,rc_send_suppressed,
1789945063.0027707,rc_send_suppressed,
1789945063.1165242,rc_send_suppressed,
1789945063.2565835,rc_send_suppressed,
1789945063.3706362,rc_send_suppressed,
1789945063.5047593,rc_send_suppressed,
1789945063.6131163,rc_send_suppressed,
1789945063.742196,rc_send_suppressed,
1789945063.860358,rc_send_suppressed,
1789945064.008047,rc_send_suppressed,
1789945064.1168957,rc_send_suppressed,
1789945064.238529,rc_send_suppressed,
1789945064.3408315,rc_send_suppressed,
1789945064.4501536,rc_send_suppressed,
1789945064.5773492,rc_send_suppressed,
1789945064.6794722,rc_send_suppressed,
1789945064.7807274,rc_send_suppressed,
1789945064.9211502,rc_send_suppressed,
1789945065.0331829,rc_send_suppressed,
1789945065.172686,rc_send_suppressed,
1789945065.2817626,rc_send_suppressed,
1789945065.4254024,rc_send_suppressed,
1789945065.439977,llm_explanation,3657.1462000138126
1789945065.532173,rc_send_suppressed,
1789945065.6793087,rc_send_suppressed,
1789945065.7815435,rc_send_suppressed,
1789945065.9180636,rc_send_suppressed,
1789945066.0319145,rc_send_suppressed,
1789945066.1733952,rc_send_suppressed,
1789945066.2958484,rc_send_suppressed,
1789945066.4410427,rc_send_suppressed,
1789945066.5444617,rc_send_suppressed,
1789945066.675135,rc_send_suppressed,
1789945066.7910793,rc_send_suppressed,
1789945066.9219773,rc_send_suppressed,
1789945067.0351837,rc_send_suppressed,
1789945067.171734,rc_send_suppressed,
1789945067.2894173,rc_send_suppressed,
1789945067.407238,rc_send_suppressed,
1789945067.5118113,rc_send_suppressed,
1789945067.6172705,rc_send_suppressed,
1789945067.753067,rc_send_suppressed,
1789945067.8669777,rc_send_suppressed,
1789945068.0053818,rc_send_suppressed,
1789945068.113225,rc_send_suppressed,
1789945068.2569523,rc_send_suppressed,
1789945068.3693054,rc_send_suppressed,
1789945068.5023873,rc_send_suppressed,
1789945068.6224039,rc_send_suppressed,
1789945068.7530756,rc_send_suppressed,
1789945068.8744082,rc_send_suppressed,
1789945069.012065,rc_send_suppressed,
1789945069.117617,rc_send_suppressed,
1789945069.2510965,rc_send_suppressed,
1789945069.3711698,rc_send_suppressed,
1789945069.4392037,llm_explanation,4005.984299990814
1789945069.5089748,rc_send_suppressed,
1789945069.621868,rc_send_suppressed,
1789945069.7511098,rc_send_suppressed,
1789945069.865059,rc_send_suppressed,
1789945070.0085785,rc_send_suppressed,
1789945070.1101453,rc_send_suppressed,
1789945070.2436528,rc_send_suppressed,
1789945070.3556402,rc_send_suppressed,
1789945070.4565902,rc_send_suppressed,
1789945070.5816271,rc_send_suppressed,
1789945070.693522,rc_send_suppressed,
1789945070.8361218,rc_send_suppressed,
1789945070.9514077,rc_send_suppressed,
1789945071.0828662,rc_send_suppressed,
1789945071.09352,llm_explanation,1669.4607000099495
1789945071.2167766,rc_send_suppressed,
1789945071.368073,rc_send_suppressed,
1789945071.4864101,rc_send_suppressed,
1789945071.635038,rc_send_suppressed,
1789945071.742187,rc_send_suppressed,
1789945071.8797007,rc_send_suppressed,
1789945071.995578,rc_send_suppressed,
1789945072.1139827,rc_send_suppressed,
1789945072.223817,rc_send_suppressed,
1789945072.3262262,rc_send_suppressed,
1789945072.4589155,rc_send_suppressed,
1789945072.566217,rc_send_suppressed,
1789945072.7131255,rc_send_suppressed,
1789945072.833068,rc_send_suppressed,
1789945072.978769,rc_send_suppressed,
1789945073.1012802,rc_send_suppressed,
1789945073.2099538,rc_send_suppressed,
1789945073.3341608,llm_explanation,2195.911699964199
1789945073.3496277,rc_send_suppressed,
1789945073.44933,rc_send_suppressed,
1789945073.5866675,rc_send_suppressed,
1789945073.7140353,rc_send_suppressed,
1789945073.8465805,rc_send_suppressed,
1789945073.9473636,rc_send_suppressed,
1789945074.0838904,rc_send_suppressed,
1789945074.2038536,rc_send_suppressed,
1789945074.3512506,rc_send_suppressed,
1789945074.4518547,rc_send_suppressed,
1789945074.5864356,rc_send_suppressed,
1789945074.7039905,rc_send_suppressed,
1789945074.8395803,rc_send_suppressed,
1789945074.943198,rc_send_suppressed,
1789945075.084219,rc_send_suppressed,
1789945075.2113166,rc_send_suppressed,
1789945075.3442469,rc_send_suppressed,
1789945075.4457507,rc_send_suppressed,
1789945075.5852964,rc_send_suppressed,
1789945075.7082248,rc_send_suppressed,
1789945075.8444722,rc_send_suppressed,
1789945075.9444814,rc_send_suppressed,
1789945076.0444853,rc_send_suppressed,
1789945076.1812103,rc_send_suppressed,
1789945076.2983878,rc_send_suppressed,
1789945076.4477148,rc_send_suppressed,
1789945076.5685227,rc_send_suppressed,
1789945076.7075837,rc_send_suppressed,
1789945076.8171704,rc_send_suppressed,
1789945076.9432595,rc_send_suppressed,
1789945077.0655236,rc_send_suppressed,
1789945077.2046463,rc_send_suppressed,
1789945077.3011475,llm_explanation,4005.6449000258
1789945077.329033,rc_send_suppressed,
1789945077.474773,rc_send_suppressed,
1789945077.5763845,rc_send_suppressed,
1789945077.6975994,rc_send_suppressed,
1789945077.8412452,rc_send_suppressed,
1789945077.9440637,rc_send_suppressed,
1789945078.0832841,rc_send_suppressed,
1789945078.184811,rc_send_suppressed,
1789945078.3072414,rc_send_suppressed,
1789945078.4284463,rc_send_suppressed,
1789945078.5714905,rc_send_suppressed,
1789945078.6894872,rc_send_suppressed,
1789945078.7283142,llm_explanation,1427.0427000010386
1789945078.8156552,rc_send_suppressed,
1789945078.9170234,rc_send_suppressed,
1789945079.0233738,rc_send_suppressed,
1789945079.1577497,rc_send_suppressed,
1789945079.2769072,rc_send_suppressed,
1789945079.4373944,rc_send_suppressed,
1789945079.5488982,rc_send_suppressed,
1789945079.655932,rc_send_suppressed,
1789945079.7832117,rc_send_suppressed,
1789945079.8959804,rc_send_suppressed,
1789945080.023172,rc_send_suppressed,
1789945080.1313722,rc_send_suppressed,
1789945080.2354147,rc_send_suppressed,
1789945080.3683977,rc_send_suppressed,
1789945080.4759657,rc_send_suppressed,
1789945080.6265712,rc_send_suppressed,
1789945080.7342198,rc_send_suppressed,
1789945080.8753607,rc_send_suppressed,
1789945081.0137484,rc_send_suppressed,
1789945081.0982995,llm_explanation,2331.1322000226937
1789945081.1142561,rc_send_suppressed,
1789945081.232149,rc_send_suppressed,
1789945081.3783524,rc_send_suppressed,
1789945081.4832017,rc_send_suppressed,
1789945081.623037,rc_send_suppressed,
1789945081.7320743,rc_send_suppressed,
1789945081.873319,rc_send_suppressed,
1789945081.9809942,rc_send_suppressed,
1789945082.0810065,rc_send_suppressed,
1789945082.1950364,rc_send_suppressed,
1789945082.339893,rc_send_suppressed,
1789945082.4521573,rc_send_suppressed,
1789945082.6050124,rc_send_suppressed,
1789945082.7192972,rc_send_suppressed,
1789945082.7302654,llm_explanation,1678.9583999780007
1789945082.822769,rc_send_suppressed,
1789945082.9303946,rc_send_suppressed,
1789945083.0835674,rc_send_suppressed,
1789945083.1999273,rc_send_suppressed,
1789945083.3335698,rc_send_suppressed,
1789945083.4387345,rc_send_suppressed,
1789945083.575401,rc_send_suppressed,
1789945083.6828432,rc_send_suppressed,
1789945083.831862,rc_send_suppressed,
1789945083.9544215,rc_send_suppressed,
1789945084.083605,rc_send_suppressed,
1789945084.1938121,rc_send_suppressed,
1789945084.3293304,rc_send_suppressed,
1789945084.4443717,rc_send_suppressed,
1789945084.5961084,rc_send_suppressed,
1789945084.699052,rc_send_suppressed,
1789945084.825568,rc_send_suppressed,
1789945084.9496334,rc_send_suppressed,
1789945085.058075,rc_send_suppressed,
1789945085.1606975,rc_send_suppressed,
1789945085.2613733,rc_send_suppressed,
1789945085.4150283,rc_send_suppressed,
1789945085.526239,rc_send_suppressed,
1789945085.6298323,rc_send_suppressed,
1789945085.7321384,rc_send_suppressed,
1789945085.8538747,rc_send_suppressed,
1789945085.955001,rc_send_suppressed,
1789945086.0841174,rc_send_suppressed,
1789945086.1912613,rc_send_suppressed,
1789945086.2338006,llm_explanation,3506.0717000160366
1789945086.331719,rc_send_suppressed,
1789945086.433463,rc_send_suppressed,
1789945086.5466173,rc_send_suppressed,
1789945086.653384,rc_send_suppressed,
1789945086.7543113,rc_send_suppressed,
1789945086.8593018,rc_send_suppressed,
1789945086.9850261,rc_send_suppressed,
1789945087.0872054,rc_send_suppressed,
1789945087.1896992,rc_send_suppressed,
1789945087.3369656,rc_send_suppressed,
1789945087.4414413,rc_send_suppressed,
1789945087.5800395,rc_send_suppressed,
1789945087.6872742,rc_send_suppressed,
1789945087.8149657,rc_send_suppressed,
1789945087.9389482,rc_send_suppressed,
1789945088.0650811,rc_send_suppressed,
1789945088.18544,rc_send_suppressed,
1789945088.3185976,rc_send_suppressed,
1789945088.4288955,rc_send_suppressed,
1789945088.5744476,rc_send_suppressed,
1789945088.6801262,rc_send_suppressed,
1789945088.8303041,rc_send_suppressed,
1789945088.9321003,rc_send_suppressed,
1789945089.060972,rc_send_suppressed,
1789945089.1751883,rc_send_suppressed,
1789945089.3250723,rc_send_suppressed,
1789945089.4303524,rc_send_suppressed,
1789945089.5691745,rc_send_suppressed,
1789945089.6706812,rc_send_suppressed,
1789945089.8196733,rc_send_suppressed,
1789945089.9218647,rc_send_suppressed,
1789945090.0458605,rc_send_suppressed,
1789945090.147479,rc_send_suppressed,
1789945090.2489986,rc_send_suppressed,
1789945090.259429,llm_explanation,4013.761500013061
1789945090.3609872,rc_send_suppressed,
1789945090.4907556,rc_send_suppressed,
1789945090.5977004,rc_send_suppressed,
1789945090.7370152,rc_send_suppressed,
1789945090.8416154,rc_send_suppressed,
1789945090.9777575,rc_send_suppressed,
1789945091.0850494,rc_send_suppressed,
1789945091.1866596,rc_send_suppressed,
1789945091.3258443,rc_send_suppressed,
1789945091.427656,rc_send_suppressed,
1789945091.5705445,rc_send_suppressed,
1789945091.679363,rc_send_suppressed,
1789945091.8198621,rc_send_suppressed,
1789945091.9265747,rc_send_suppressed,
1789945092.0541248,rc_send_suppressed,
1789945092.1635876,rc_send_suppressed,
1789945092.3267162,rc_send_suppressed,
1789945092.435886,rc_send_suppressed,
1789945092.5717766,rc_send_suppressed,
1789945092.6759336,rc_send_suppressed,
1789945092.8098505,rc_send_suppressed,
1789945092.9273233,rc_send_suppressed,
1789945092.990194,llm_explanation,2721.6954000177793
1789945093.0526044,rc_send_suppressed,
1789945093.1710305,rc_send_suppressed,
1789945093.2791314,rc_send_suppressed,
1789945093.3905191,rc_send_suppressed,
1789945093.5194237,rc_send_suppressed,
1789945093.636047,rc_send_suppressed,
1789945093.7719808,rc_send_suppressed,
1789945093.8835647,rc_send_suppressed,
1789945094.0209713,rc_send_suppressed,
1789945094.1412961,rc_send_suppressed,
1789945094.2700236,rc_send_suppressed,
1789945094.3824322,rc_send_suppressed,
1789945094.5208747,rc_send_suppressed,
1789945094.6244247,rc_send_suppressed,
1789945094.7246523,rc_send_suppressed,
1789945094.8589568,rc_send_suppressed,
1789945094.9673352,rc_send_suppressed,
1789945095.1082013,rc_send_suppressed,
1789945095.2175791,rc_send_suppressed,
1789945095.3524778,rc_send_suppressed,
1789945095.4650772,rc_send_suppressed,
1789945095.5750809,rc_send_suppressed,
1789945095.709866,rc_send_suppressed,
1789945095.812341,rc_send_suppressed,
1789945095.9379706,rc_send_suppressed,
1789945096.0385773,rc_send_suppressed,
1789945096.1474311,rc_send_suppressed,
1789945096.2495883,rc_send_suppressed,
1789945096.394167,rc_send_suppressed,
1789945096.4995341,rc_send_suppressed,
1789945096.6012855,rc_send_suppressed,
1789945096.7290623,rc_send_suppressed,
1789945096.7394834,llm_explanation,3768.291699991096
1789945096.8476582,rc_send_suppressed,
1789945096.9789324,rc_send_suppressed,
1789945097.100555,rc_send_suppressed,
1789945097.2121713,rc_send_suppressed,
1789945097.3154037,rc_send_suppressed,
1789945097.4212916,rc_send_suppressed,
1789945097.5568988,rc_send_suppressed,
1789945097.676547,rc_send_suppressed,
1789945097.8067389,rc_send_suppressed,
1789945097.9207509,rc_send_suppressed,
1789945098.0204864,rc_send_suppressed,
1789945098.1412902,rc_send_suppressed,
1789945098.284595,rc_send_suppressed,
1789945098.4021719,rc_send_suppressed,
1789945098.5074487,rc_send_suppressed,
1789945098.606826,rc_send_suppressed,
1789945098.7089407,rc_send_suppressed,
1789945098.812592,rc_send_suppressed,
1789945098.9262443,rc_send_suppressed,
1789945099.0299113,rc_send_suppressed,
1789945099.1527896,rc_send_suppressed,
1789945099.2296033,llm_explanation,2491.4564000209793
1789945099.3156877,rc_send_suppressed,
1789945099.444575,rc_send_suppressed,
1789945099.544817,rc_send_suppressed,
1789945099.6579673,rc_send_suppressed,
1789945099.7571752,rc_send_suppressed,
1789945099.9189014,rc_send_suppressed,
1789945100.0421066,rc_send_suppressed,
1789945100.1723278,rc_send_suppressed,
1789945100.274923,rc_send_suppressed,
1789945100.385166,rc_send_suppressed,
1789945100.4995382,rc_send_suppressed,
1789945100.6285613,rc_send_suppressed,
1789945100.7364693,rc_send_suppressed,
1789945100.8470004,rc_send_suppressed,
1789945100.9596617,rc_send_suppressed,
1789945101.0732956,rc_send_suppressed,
1789945101.249835,rc_send_suppressed,
1789945101.362448,rc_send_suppressed,
1789945101.4764726,rc_send_suppressed,
1789945101.588127,rc_send_suppressed,
1789945101.7141254,rc_send_suppressed,
1789945101.8275764,rc_send_suppressed,
1789945101.969744,rc_send_suppressed,
1789945102.1352274,rc_send_suppressed,
1789945102.2872028,rc_send_suppressed,
1789945102.396002,rc_send_suppressed,
1789945102.5127976,rc_send_suppressed,
1789945102.630543,rc_send_suppressed,
1789945102.7422762,rc_send_suppressed,
1789945102.8515327,rc_send_suppressed,
1789945102.9494994,llm_explanation,3702.288599975873
1789945102.9781287,rc_send_suppressed,
1789945103.1309316,rc_send_suppressed,
1789945103.244259,rc_send_suppressed,
1789945103.3448153,rc_send_suppressed,
1789945103.4721897,rc_send_suppressed,
1789945103.6047728,rc_send_suppressed,
1789945103.7221975,rc_send_suppressed,
1789945103.90762,rc_send_suppressed,
1789945104.0103877,rc_send_suppressed,
1789945104.1267648,rc_send_suppressed,
1789945104.232204,rc_send_suppressed,
1789945104.3674202,rc_send_suppressed,
1789945104.5341356,rc_send_suppressed,
1789945104.6830313,rc_send_suppressed,
1789945104.792472,rc_send_suppressed,
1789945104.9255471,rc_send_suppressed,
1789945105.027451,rc_send_suppressed,
1789945105.175264,rc_send_suppressed,
1789945105.2641144,llm_explanation,2300.3646999713965
1789945105.2860374,rc_send_suppressed,
1789945105.411391,rc_send_suppressed,
1789945105.5240211,rc_send_suppressed,
1789945105.6707728,rc_send_suppressed,
1789945105.7745483,rc_send_suppressed,
1789945105.9074483,rc_send_suppressed,
1789945106.009174,rc_send_suppressed,
1789945106.1128995,rc_send_suppressed,
1789945106.246639,rc_send_suppressed,
1789945106.3475041,rc_send_suppressed,
1789945106.4642067,rc_send_suppressed,
1789945106.5973911,rc_send_suppressed,
1789945106.7090104,rc_send_suppressed,
1789945106.8340545,rc_send_suppressed,
1789945106.9520507,rc_send_suppressed,
1789945107.0609906,rc_send_suppressed,
1789945107.1696556,rc_send_suppressed,
1789945107.2743824,rc_send_suppressed,
1789945107.3757463,rc_send_suppressed,
1789945107.5093458,rc_send_suppressed,
1789945107.622675,rc_send_suppressed,
1789945107.7331285,rc_send_suppressed,
1789945107.8702989,rc_send_suppressed,
1789945107.975353,rc_send_suppressed,
1789945108.0776172,rc_send_suppressed,
1789945108.2015128,rc_send_suppressed,
1789945108.4046404,rc_send_suppressed,
1789945108.522869,rc_send_suppressed,
1789945108.626501,rc_send_suppressed,
1789945108.7865725,rc_send_suppressed,
1789945108.8904085,rc_send_suppressed,
1789945109.0023217,rc_send_suppressed,
1789945109.1306062,rc_send_suppressed,
1789945109.2316506,rc_send_suppressed,
1789945109.315073,llm_explanation,4016.682499961462
1789945109.337034,rc_send_suppressed,
1789945109.4747999,rc_send_suppressed,
1789945109.5855453,rc_send_suppressed,
1789945109.7144005,rc_send_suppressed,
1789945109.8163037,rc_send_suppressed,
1789945109.9419022,rc_send_suppressed,
1789945110.0848668,rc_send_suppressed,
1789945110.1842444,rc_send_suppressed,
1789945110.3085501,rc_send_suppressed,
1789945110.4082158,rc_send_suppressed,
1789945110.5130274,rc_send_suppressed,
1789945110.658207,rc_send_suppressed,
1789945110.7830353,rc_send_suppressed,
1789945110.884377,rc_send_suppressed,
1789945111.0249047,rc_send_suppressed,
1789945111.1501355,rc_send_suppressed,
1789945111.2747269,rc_send_suppressed,
1789945111.432719,rc_send_suppressed,
1789945111.554067,rc_send_suppressed,
1789945111.662907,rc_send_suppressed,
1789945111.79423,rc_send_suppressed,
1789945111.8983738,rc_send_suppressed,
1789945112.0294044,rc_send_suppressed,
1789945112.1442873,rc_send_suppressed,
1789945112.2462833,rc_send_suppressed,
1789945112.3689034,rc_send_suppressed,
1789945112.4705884,rc_send_suppressed,
1789945112.5746212,rc_send_suppressed,
1789945112.746755,rc_send_suppressed,
1789945112.8735762,rc_send_suppressed,
1789945112.9939332,rc_send_suppressed,
1789945113.0953321,rc_send_suppressed,
1789945113.2149613,rc_send_suppressed,
1789945113.3221118,rc_send_suppressed,
1789945113.440526,rc_send_suppressed,
1789945113.550023,rc_send_suppressed,
1789945113.6812875,rc_send_suppressed,
1789945113.7828622,rc_send_suppressed,
1789945113.8864048,rc_send_suppressed,
1789945114.0452788,rc_send_suppressed,
1789945114.1646907,rc_send_suppressed,
1789945114.2659907,rc_send_suppressed,
1789945114.373151,rc_send_suppressed,
1789945114.522123,rc_send_suppressed,
1789945114.6236565,rc_send_suppressed,
1789945114.7510202,rc_send_suppressed,
1789945114.8938816,rc_send_suppressed,
1789945115.0171015,rc_send_suppressed,
1789945115.0833755,llm_explanation,1817.0369999716058
1789945115.1301963,rc_send_suppressed,
1789945115.2817543,rc_send_suppressed,
1789945115.413826,rc_send_suppressed,
1789945115.5344374,rc_send_suppressed,
1789945115.6616385,rc_send_suppressed,
1789945115.7823315,rc_send_suppressed,
1789945115.9117055,rc_send_suppressed,
1789945116.0324357,rc_send_suppressed,
1789945116.1490152,rc_send_suppressed,
1789945116.2749538,rc_send_suppressed,
1789945116.4096773,rc_send_suppressed,
1789945116.5253828,rc_send_suppressed,
1789945116.63878,rc_send_suppressed,
1789945116.746573,rc_send_suppressed,
1789945116.8733757,rc_send_suppressed,
1789945117.0063071,rc_send_suppressed,
1789945117.1199346,rc_send_suppressed,
1789945117.2527966,rc_send_suppressed,
1789945117.3627007,rc_send_suppressed,
1789945117.5398955,rc_send_suppressed,
1789945117.6622758,rc_send_suppressed,
1789945117.7797925,rc_send_suppressed,
1789945117.893004,rc_send_suppressed,
1789945118.035936,rc_send_suppressed,
1789945118.1481638,rc_send_suppressed,
1789945118.2582836,rc_send_suppressed,
1789945118.363365,rc_send_suppressed,
1789945118.4797523,rc_send_suppressed,
1789945118.5830665,rc_send_suppressed,
1789945118.6974063,rc_send_suppressed,
1789945118.7994893,rc_send_suppressed,
1789945118.9065728,rc_send_suppressed,
1789945119.0376935,rc_send_suppressed,
1789945119.136205,llm_explanation,4017.5287000020035
1789945119.1511645,rc_send_suppressed,
1789945119.286422,rc_send_suppressed,
1789945119.402134,rc_send_suppressed,
1789945119.544668,rc_send_suppressed,
1789945119.6466115,rc_send_suppressed,
1789945119.7726429,rc_send_suppressed,
1789945119.8745265,rc_send_suppressed,
1789945119.9774804,rc_send_suppressed,
1789945120.1016312,rc_send_suppressed,
1789945120.202778,rc_send_suppressed,
1789945120.316225,rc_send_suppressed,
1789945120.4537234,rc_send_suppressed,
1789945120.5723033,rc_send_suppressed,
1789945120.7002792,rc_send_suppressed,
1789945120.8030853,rc_send_suppressed,
1789945120.9041524,rc_send_suppressed,
1789945121.028141,rc_send_suppressed,
1789945121.1352568,rc_send_suppressed,
1789945121.242332,rc_send_suppressed,
1789945121.3755505,rc_send_suppressed,
1789945121.475576,rc_send_suppressed,
1789945121.614145,rc_send_suppressed,
1789945121.7266748,rc_send_suppressed,
1789945121.8720217,rc_send_suppressed,
1789945121.9737518,rc_send_suppressed,
1789945122.1066303,rc_send_suppressed,
1789945122.2131894,rc_send_suppressed,
1789945122.3148704,rc_send_suppressed,
1789945122.3618896,llm_explanation,3258.641400025226
1789945122.4526348,rc_send_suppressed,
1789945122.5663977,rc_send_suppressed,
1789945122.7102695,rc_send_suppressed,
1789945122.8126173,rc_send_suppressed,
1789945122.952768,rc_send_suppressed,
1789945123.0530226,rc_send_suppressed,
1789945123.1535153,rc_send_suppressed,
1789945123.2842968,rc_send_suppressed,
1789945123.3920069,rc_send_suppressed,
1789945123.5368133,rc_send_suppressed,
1789945123.6379812,rc_send_suppressed,
1789945123.77811,rc_send_suppressed,
1789945123.9009662,rc_send_suppressed,
1789945124.0296,rc_send_suppressed,
1789945124.1315913,rc_send_suppressed,
1789945124.2363698,rc_send_suppressed,
1789945124.3775685,rc_send_suppressed,
1789945124.4844437,rc_send_suppressed,
1789945124.6250148,rc_send_suppressed,
1789945124.7396286,rc_send_suppressed,
1789945124.88281,rc_send_suppressed,
1789945124.9860609,rc_send_suppressed,
1789945125.1142466,rc_send_suppressed,
1789945125.2166755,rc_send_suppressed,
1789945125.3204682,rc_send_suppressed,
1789945125.4511876,rc_send_suppressed,
1789945125.5695343,rc_send_suppressed,
1789945125.7103162,rc_send_suppressed,
1789945125.769798,llm_explanation,3387.7470000297762
1789945125.8122878,rc_send_suppressed,
1789945125.951997,rc_send_suppressed,
1789945126.0547822,rc_send_suppressed,
1789945126.15595,rc_send_suppressed,
1789945126.2866013,rc_send_suppressed,
1789945126.414894,rc_send_suppressed,
1789945126.556849,rc_send_suppressed,
1789945126.6585329,rc_send_suppressed,
1789945126.7770143,rc_send_suppressed,
1789945126.9206815,rc_send_suppressed,
1789945127.0229983,rc_send_suppressed,
1789945127.1388083,rc_send_suppressed,
1789945127.2390735,rc_send_suppressed,
1789945127.38062,rc_send_suppressed,
1789945127.488352,rc_send_suppressed,
1789945127.6120698,rc_send_suppressed,
1789945127.7333195,rc_send_suppressed,
1789945127.877831,rc_send_suppressed,
1789945127.981683,rc_send_suppressed,
1789945128.1103003,rc_send_suppressed,
1789945128.225973,rc_send_suppressed,
1789945128.37052,rc_send_suppressed,
1789945128.4752307,rc_send_suppressed,
1789945128.651488,rc_send_suppressed,
1789945128.7514377,rc_send_suppressed,
1789945128.8794065,rc_send_suppressed,
1789945129.026166,rc_send_suppressed,
1789945129.1355267,rc_send_suppressed,
1789945129.2901022,rc_send_suppressed,
1789945129.406755,rc_send_suppressed,
1789945129.5088406,rc_send_suppressed,
1789945129.6608295,rc_send_suppressed,
1789945129.7650201,rc_send_suppressed,
1789945129.7746954,llm_explanation,4013.4296999895014
1789945129.8828893,rc_send_suppressed,
1789945130.0004747,rc_send_suppressed,
1789945130.1239288,rc_send_suppressed,
1789945130.2740767,rc_send_suppressed,
1789945130.3772929,rc_send_suppressed,
1789945130.5030575,rc_send_suppressed,
1789945130.6220667,rc_send_suppressed,
1789945130.7255049,rc_send_suppressed,
1789945130.8652022,rc_send_suppressed,
1789945130.9763904,rc_send_suppressed,
1789945131.113362,rc_send_suppressed,
1789945131.2179008,rc_send_suppressed,
1789945131.3568547,rc_send_suppressed,
1789945131.4681933,rc_send_suppressed,
1789945131.606349,rc_send_suppressed,
1789945131.723794,rc_send_suppressed,
1789945131.8617725,rc_send_suppressed,
1789945132.0078142,rc_send_suppressed,
1789945132.1248562,rc_send_suppressed,
1789945132.2701383,rc_send_suppressed,
1789945132.3807292,rc_send_suppressed,
1789945132.5042946,rc_send_suppressed,
1789945132.625749,rc_send_suppressed,
1789945132.7370384,rc_send_suppressed,
1789945132.856974,rc_send_suppressed,
1789945132.9582748,rc_send_suppressed,
1789945133.1018295,rc_send_suppressed,
1789945133.2130363,rc_send_suppressed,
1789945133.3576016,rc_send_suppressed,
1789945133.4601884,rc_send_suppressed,
1789945133.5992107,rc_send_suppressed,
1789945133.69925,rc_send_suppressed,
1789945133.7999465,rc_send_suppressed,
1789945133.9463794,rc_send_suppressed,
1789945134.0490322,rc_send_suppressed,
1789945134.180037,rc_send_suppressed,
1789945134.2932415,rc_send_suppressed,
1789945134.4336338,rc_send_suppressed,
1789945134.5443585,rc_send_suppressed,
1789945134.6774364,rc_send_suppressed,
1789945134.7980115,rc_send_suppressed,
1789945134.933502,rc_send_suppressed,
1789945135.0420609,rc_send_suppressed,
1789945135.184286,rc_send_suppressed,
1789945135.2947829,rc_send_suppressed,
1789945135.4396136,rc_send_suppressed,
1789945135.5066175,llm_explanation,1738.2410999853164
1789945135.5494418,rc_send_suppressed,
1789945135.6901784,rc_send_suppressed,
1789945135.797979,rc_send_suppressed,
1789945135.9328828,rc_send_suppressed,
1789945136.035165,rc_send_suppressed,
1789945136.1748226,rc_send_suppressed,
1789945136.2760007,rc_send_suppressed,
1789945136.381549,rc_send_suppressed,
1789945136.5089,rc_send_suppressed,
1789945136.6270225,rc_send_suppressed,
1789945136.764029,rc_send_suppressed,
1789945136.88525,rc_send_suppressed,
1789945137.0113645,rc_send_suppressed,
1789945137.126375,rc_send_suppressed,
1789945137.2623794,rc_send_suppressed,
1789945137.387395,rc_send_suppressed,
1789945137.5344195,rc_send_suppressed,
1789945137.6352081,rc_send_suppressed,
1789945137.7757661,rc_send_suppressed,
1789945137.880339,rc_send_suppressed,
1789945138.019494,rc_send_suppressed,
1789945138.1483097,rc_send_suppressed,
1789945138.2600534,rc_send_suppressed,
1789945138.3964577,rc_send_suppressed,
1789945138.5420969,rc_send_suppressed,
1789945138.6647859,rc_send_suppressed,
1789945138.8053377,rc_send_suppressed,
1789945138.9182005,rc_send_suppressed,
1789945139.0209258,rc_send_suppressed,
1789945139.1281614,rc_send_suppressed,
1789945139.28949,rc_send_suppressed,
1789945139.392124,rc_send_suppressed,
1789945139.4990656,rc_send_suppressed,
1789945139.530697,llm_explanation,4005.163799971342
1789945139.6561358,rc_send_suppressed,
1789945139.7723365,rc_send_suppressed,
1789945139.872881,rc_send_suppressed,
1789945140.0098913,rc_send_suppressed,
1789945140.1268067,rc_send_suppressed,
1789945140.2715788,rc_send_suppressed,
1789945140.379666,rc_send_suppressed,
1789945140.5147467,rc_send_suppressed,
1789945140.6312842,rc_send_suppressed,
1789945140.7913244,rc_send_suppressed,
1789945140.8915849,rc_send_suppressed,
1789945141.0127995,rc_send_suppressed,
1789945141.1338775,rc_send_suppressed,
1789945141.2492301,rc_send_suppressed,
1789945141.3808904,rc_send_suppressed,
1789945141.4852874,rc_send_suppressed,
1789945141.594431,rc_send_suppressed,
1789945141.6959922,rc_send_suppressed,
1789945141.839782,rc_send_suppressed,
1789945141.944326,rc_send_suppressed,
1789945142.0464966,rc_send_suppressed,
1789945142.146841,rc_send_suppressed,
1789945142.248184,rc_send_suppressed,
1789945142.369531,rc_send_suppressed,
1789945142.4821005,rc_send_suppressed,
1789945142.5840647,rc_send_suppressed,
1789945142.7125325,rc_send_suppressed,
1789945142.8361664,rc_send_suppressed,
1789945142.9745278,rc_send_suppressed,
1789945143.095711,rc_send_suppressed,
1789945143.202842,rc_send_suppressed,
1789945143.345244,rc_send_suppressed,
1789945143.4519167,rc_send_suppressed,
1789945143.5551748,rc_send_suppressed,
1789945143.6946776,rc_send_suppressed,
1789945143.8409386,rc_send_suppressed,
1789945143.9550867,rc_send_suppressed,
1789945144.1028068,rc_send_suppressed,
1789945144.2053514,rc_send_suppressed,
1789945144.339567,rc_send_suppressed,
1789945144.4452567,rc_send_suppressed,
1789945144.5576746,rc_send_suppressed,
1789945144.694871,rc_send_suppressed,
1789945144.799892,rc_send_suppressed,
1789945144.934449,rc_send_suppressed,
1789945145.045487,rc_send_suppressed,
1789945145.1933413,rc_send_suppressed,
1789945145.2951758,rc_send_suppressed,
1789945145.443591,rc_send_suppressed,
1789945145.545961,rc_send_suppressed,
1789945145.6789887,rc_send_suppressed,
1789945145.7902813,rc_send_suppressed,
1789945145.9338496,rc_send_suppressed,
1789945146.0358722,rc_send_suppressed,
1789945146.1784625,rc_send_suppressed,
1789945146.3023968,rc_send_suppressed,
1789945146.4198322,rc_send_suppressed,
1789945146.536205,rc_send_suppressed,
1789945146.6775072,rc_send_suppressed,
1789945146.7765377,rc_send_suppressed,
1789945146.9129612,rc_send_suppressed,
1789945147.0296884,rc_send_suppressed,
1789945147.177495,rc_send_suppressed,
1789945147.2804554,rc_send_suppressed,
1789945147.4128516,rc_send_suppressed,
1789945147.5184517,llm_explanation,3979.075300041586
1789945147.534073,rc_send_suppressed,
1789945147.6747563,rc_send_suppressed,
1789945147.7791336,rc_send_suppressed,
1789945147.9202821,rc_send_suppressed,
1789945148.0353532,rc_send_suppressed,
1789945148.178404,rc_send_suppressed,
1789945148.2829947,rc_send_suppressed,
1789945148.4154415,rc_send_suppressed,
1789945148.5282636,rc_send_suppressed,
1789945148.6442533,rc_send_suppressed,
1789945148.7493753,rc_send_suppressed,
1789945148.8807247,rc_send_suppressed,
1789945148.9922853,rc_send_suppressed,
1789945149.118508,rc_send_suppressed,
1789945149.2586122,rc_send_suppressed,
1789945149.3613074,rc_send_suppressed,
1789945149.4989686,rc_send_suppressed,
1789945149.616343,rc_send_suppressed,
1789945149.750923,rc_send_suppressed,
1789945149.859633,rc_send_suppressed,
1789945149.964424,rc_send_suppressed,
1789945150.0667355,rc_send_suppressed,
1789945150.1739461,rc_send_suppressed,
1789945150.3175948,rc_send_suppressed,
1789945150.419571,rc_send_suppressed,
1789945150.5311813,rc_send_suppressed,
1789945150.6796422,rc_send_suppressed,
1789945150.7826734,rc_send_suppressed,
1789945150.9272091,rc_send_suppressed,
1789945151.031312,rc_send_suppressed,
1789945151.1734214,rc_send_suppressed,
1789945151.2685766,llm_explanation,3763.70459998725
1789945151.283312,rc_send_suppressed,
1789945151.4230533,rc_send_suppressed,
1789945151.5358524,rc_send_suppressed,
1789945151.6743076,rc_send_suppressed,
1789945151.7756948,rc_send_suppressed,
1789945151.9172416,rc_send_suppressed,
1789945152.0246098,rc_send_suppressed,
1789945152.1798766,rc_send_suppressed,
1789945152.2805738,rc_send_suppressed,
1789945152.4120777,rc_send_suppressed,
1789945152.5287023,rc_send_suppressed,
1789945152.6831474,rc_send_suppressed,
1789945152.7832868,rc_send_suppressed,
1789945152.8243852,llm_explanation,1556.8596000084653
1789945152.9122243,rc_send_suppressed,
1789945153.0308948,rc_send_suppressed,
1789945153.1798167,rc_send_suppressed,
1789945153.2809517,rc_send_suppressed,
1789945153.4218593,rc_send_suppressed,
1789945153.5357285,rc_send_suppressed,
1789945153.6895485,rc_send_suppressed,
1789945153.79968,rc_send_suppressed,
1789945153.9010565,rc_send_suppressed,
1789945154.0013459,rc_send_suppressed,
1789945154.1151803,rc_send_suppressed,
1789945154.2503505,rc_send_suppressed,
1789945154.3641813,rc_send_suppressed,
1789945154.5047593,rc_send_suppressed,
1789945154.6200736,rc_send_suppressed,
1789945154.6520007,llm_explanation,1809.719100012444
1789945154.7499478,rc_send_suppressed,
1789945154.87296,rc_send_suppressed,
1789945155.0103986,rc_send_suppressed,
1789945155.1196187,rc_send_suppressed,
1789945155.2480934,rc_send_suppressed,
1789945155.3569598,rc_send_suppressed,
1789945155.5047164,rc_send_suppressed,
1789945155.6048725,rc_send_suppressed,
1789945155.7458355,rc_send_suppressed,
1789945155.861836,rc_send_suppressed,
1789945156.002315,rc_send_suppressed,
1789945156.1036515,rc_send_suppressed,
1789945156.2512646,rc_send_suppressed,
1789945156.363939,rc_send_suppressed,
1789945156.5018525,rc_send_suppressed,
1789945156.6126184,rc_send_suppressed,
1789945156.7504492,rc_send_suppressed,
1789945156.858667,rc_send_suppressed,
1789945157.0028281,rc_send_suppressed,
1789945157.1040525,rc_send_suppressed,
1789945157.2544215,rc_send_suppressed,
1789945157.3708596,rc_send_suppressed,
1789945157.5055275,rc_send_suppressed,
1789945157.627356,rc_send_suppressed,
1789945157.7510984,llm_explanation,3120.434499986004
1789945157.7658207,rc_send_suppressed,
1789945157.8677528,rc_send_suppressed,
1789945158.0107846,rc_send_suppressed,
1789945158.1117568,rc_send_suppressed,
1789945158.2525237,rc_send_suppressed,
1789945158.3660865,rc_send_suppressed,
1789945158.5026777,rc_send_suppressed,
1789945158.6083245,rc_send_suppressed,
1789945158.7571955,rc_send_suppressed,
1789945158.8723617,rc_send_suppressed,
1789945159.0070367,rc_send_suppressed,
1789945159.1078327,rc_send_suppressed,
1789945159.248925,rc_send_suppressed,
1789945159.361966,rc_send_suppressed,
1789945159.5132604,rc_send_suppressed,
1789945159.6407301,rc_send_suppressed,
1789945159.7902808,rc_send_suppressed,
1789945159.9032693,rc_send_suppressed,
1789945160.0048926,rc_send_suppressed,
1789945160.1079955,rc_send_suppressed,
1789945160.2149527,rc_send_suppressed,
1789945160.3158965,rc_send_suppressed,
1789945160.4296353,rc_send_suppressed,
1789945160.5305915,rc_send_suppressed,
1789945160.6782546,rc_send_suppressed,
1789945160.8075705,rc_send_suppressed,
1789945160.9456449,rc_send_suppressed,
1789945161.0597835,rc_send_suppressed,
1789945161.2043908,rc_send_suppressed,
1789945161.3265994,rc_send_suppressed,
1789945161.462605,rc_send_suppressed,
1789945161.571677,rc_send_suppressed,
1789945161.7329328,rc_send_suppressed,
1789945161.8323255,llm_explanation,4005.211399984546
1789945161.8487892,rc_send_suppressed,
1789945161.9509366,rc_send_suppressed,
1789945162.0760384,rc_send_suppressed,
1789945162.1785526,rc_send_suppressed,
1789945162.2801156,rc_send_suppressed,
1789945162.4072182,rc_send_suppressed,
1789945162.5248454,rc_send_suppressed,
1789945162.6777396,rc_send_suppressed,
1789945162.7773528,rc_send_suppressed,
1789945162.9184897,rc_send_suppressed,
1789945163.0351543,rc_send_suppressed,
1789945163.1716723,rc_send_suppressed,
1789945163.273894,rc_send_suppressed,
1789945163.4203315,rc_send_suppressed,
1789945163.5215054,rc_send_suppressed,
1789945163.6443598,rc_send_suppressed,
1789945163.7637773,rc_send_suppressed,
1789945163.8294842,llm_explanation,2073.0968000134453
1789945163.9060476,rc_send_suppressed,
1789945164.0191932,rc_send_suppressed,
1789945164.1652632,rc_send_suppressed,
1789945164.2694833,rc_send_suppressed,
1789945164.3967154,rc_send_suppressed,
1789945164.5104654,rc_send_suppressed,
1789945164.6137817,rc_send_suppressed,
1789945164.7668912,rc_send_suppressed,
1789945164.892982,rc_send_suppressed,
1789945165.0035918,rc_send_suppressed,
1789945165.1141772,rc_send_suppressed,
1789945165.2226157,rc_send_suppressed,
1789945165.344766,rc_send_suppressed,
1789945165.4706693,rc_send_suppressed,
1789945165.5951807,rc_send_suppressed,
1789945165.6699214,llm_explanation,1820.7781999954022
1789945165.7376971,rc_send_suppressed,
1789945165.8467503,rc_send_suppressed,
1789945165.987301,rc_send_suppressed,
1789945166.089379,rc_send_suppressed,
1789945166.2379882,rc_send_suppressed,
1789945166.3474653,rc_send_suppressed,
1789945166.479119,rc_send_suppressed,
1789945166.5973375,rc_send_suppressed,
1789945166.7351213,rc_send_suppressed,
1789945166.858678,rc_send_suppressed,
1789945166.978843,rc_send_suppressed,
1789945167.093754,rc_send_suppressed,
1789945167.2475605,rc_send_suppressed,
1789945167.3586204,rc_send_suppressed,
1789945167.491018,rc_send_suppressed,
1789945167.5585835,llm_explanation,1887.8781999810599
1789945167.6019146,rc_send_suppressed,
1789945167.7478402,rc_send_suppressed,
1789945167.8631034,rc_send_suppressed,
1789945168.0202854,rc_send_suppressed,
1789945168.1401818,rc_send_suppressed,
1789945168.2411635,rc_send_suppressed,
1789945168.3883104,rc_send_suppressed,
1789945168.5190818,rc_send_suppressed,
1789945168.6217518,rc_send_suppressed,
1789945168.7391057,rc_send_suppressed,
1789945168.8964784,rc_send_suppressed,
1789945169.0112429,rc_send_suppressed,
1789945169.1587439,rc_send_suppressed,
1789945169.268958,rc_send_suppressed,
1789945169.4139025,rc_send_suppressed,
1789945169.5384567,rc_send_suppressed,
1789945169.6452212,rc_send_suppressed,
1789945169.7633867,rc_send_suppressed,
1789945169.866568,rc_send_suppressed,
1789945169.9701614,rc_send_suppressed,
1789945170.149614,rc_send_suppressed,
1789945170.2808473,rc_send_suppressed,
1789945170.381541,rc_send_suppressed,
1789945170.4881902,rc_send_suppressed,
1789945170.597794,rc_send_suppressed,
1789945170.7051332,rc_send_suppressed,
1789945170.8057632,rc_send_suppressed,
1789945170.9190738,rc_send_suppressed,
1789945171.0274954,rc_send_suppressed,
1789945171.1274498,rc_send_suppressed,
1789945171.2306933,rc_send_suppressed,
1789945171.3315547,rc_send_suppressed,
1789945171.4331264,rc_send_suppressed,
1789945171.550542,rc_send_suppressed,
1789945171.5699604,llm_explanation,4014.4435000256635
1789945171.656803,rc_send_suppressed,
1789945171.7774765,rc_send_suppressed,
1789945171.8780787,rc_send_suppressed,
1789945171.990446,rc_send_suppressed,
1789945172.0957694,rc_send_suppressed,
1789945178.0539737,video_reopen,
