t,seq,dt_s,fps_inst,frame_age_ms,camera_to_command_ms,command_exec_ms,command_exec_ms_ran,face_detect_ms,face_detect_ms_ran,face_id_ms,face_id_ms_ran,flying,hand_detect_ms,hand_detect_ms_ran,mode,mode_manager_ms,mode_manager_ms_ran,svm_infer_ms,svm_infer_ms_ran
1789938559.8281293,7,,,3.990650177001953,0.07940002251416445,0.007399998139590025,1,,0,,0,0,,0,hover,0.028399983420968056,1,,
1789938559.905919,16,0.0777897834777832,12.855158547723692,15.957117080688477,36.76889999769628,0.0048999791033566,1,,0,,0,0,36.73069999786094,1,hover,0.02010003663599491,1,,
1789938559.9218767,33,0.01595759391784668,62.666088957284366,1.9941329956054688,0.04249997437000275,0.005999987479299307,1,,0,,0,0,,0,hover,0.019199971575289965,1,,
1789938559.9882069,38,0.0663301944732666,15.076090277453282,3.9892196655273438,35.41030001360923,0.004700035788118839,1,9.222000022418797,1,,0,0,26.16229996783659,1,hover,0.014999997802078724,1,,
1789938560.003167,55,0.014960050582885742,66.84469377022009,0.9968280792236328,0.03819999983534217,0.006199989002197981,1,,0,,0,0,,0,hover,0.01650000922381878,1,,
1789938560.044617,59,0.04145002365112305,24.125438586400083,1.9919872283935547,28.018199955113232,0.004299974534660578,1,,0,,0,0,27.987099951133132,1,hover,0.015500001609325409,1,,
1789938560.0592158,74,0.014598846435546875,68.49856284295792,1.9943714141845703,0.036299985367804766,0.005399982910603285,1,,0,,0,0,,0,hover,0.015700003132224083,1,,
1789938560.109602,79,0.05038619041442871,19.846707833534435,1.995086669921875,36.80850000819191,0.00500003807246685,1,5.989599972963333,1,,0,0,30.790999997407198,1,hover,0.015899946447461843,1,,
1789938560.119605,100,0.010003089904785156,99.96911049671084,0.9973049163818359,0.03659998765215278,0.005099980626255274,1,,0,,0,0,,0,hover,0.016400008462369442,1,,
1789938560.1576393,105,0.03803420066833496,26.292126097776553,1.9965171813964844,26.625200000125915,0.006499991286545992,1,,0,,0,0,26.579400000628084,1,hover,0.02400000812485814,1,,
1789938560.170293,121,0.012653827667236328,79.02747107811734,2.5625228881835938,0.05959998816251755,0.010500021744519472,1,,0,,0,0,,0,hover,0.02859998494386673,1,,
1789938560.2049642,126,0.03467106819152832,28.8424917996713,1.9922256469726562,23.309700016397983,0.004300032742321491,1,4.732900008093566,1,,0,0,18.55099998647347,1,hover,0.014999997802078724,1,,
1789938560.2229152,127,0.017951011657714844,55.70716676406524,36.90004348754883,0.03739999374374747,0.004999979864805937,1,,0,,0,0,,0,hover,0.01850002445280552,1,,
1789938560.2508729,128,0.027957677841186523,35.76834977784979,1.0304450988769531,18.077999993693084,0.004099973011761904,1,,0,,0,0,18.04739999352023,1,hover,0.014999997802078724,1,,
1789938560.3006272,129,0.04975438117980957,20.098732539473367,15.988826751708984,0.03980001201853156,0.005199981387704611,1,,0,,0,0,,0,hover,0.017600017599761486,1,,
1789938560.3530157,130,0.05238842964172363,19.08818429639608,8.008956909179688,22.87459996296093,0.004700035788118839,1,4.911800031550229,1,,0,0,17.935599957127124,1,hover,0.01610000617802143,1,,
1789938560.3620245,131,0.00900888442993164,111.00153496003811,5.021095275878906,0.03239995567128062,0.005500041879713535,1,,0,,0,0,,0,hover,0.014199991710484028,1,,
1789938560.4117506,132,0.049726009368896484,20.110200128496494,0.9958744049072266,22.2638999694027,0.004200031980872154,1,,0,,0,0,22.232000017538667,1,hover,0.015900004655122757,1,,
1789938560.4390607,133,0.02731013298034668,36.61644565113011,9.008407592773438,0.03090000245720148,0.004599976819008589,1,,0,,0,0,,0,hover,0.012899981811642647,1,,
1789938560.524402,134,0.08534121513366699,11.717667699408013,9.008407592773438,23.94889999413863,0.004400033503770828,1,5.020699987653643,1,,0,0,18.903199990745634,1,hover,0.015099998563528061,1,,
1789938560.544548,135,0.02014613151550293,49.63732115172961,25.134563446044922,0.03760005347430706,0.004500034265220165,1,,0,,0,0,,0,hover,0.01479999627918005,1,,
1789938560.5744336,136,0.029885530471801758,33.461008863253795,0.9970664978027344,20.418300002347678,0.004100031219422817,1,,0,,0,0,20.38710005581379,1,hover,0.015500001609325409,1,,
1789938560.6233385,137,0.0489048957824707,20.44785054747906,3.028392791748047,0.036299985367804766,0.005299982149153948,1,,0,,0,0,,0,hover,0.01610000617802143,1,,
1789938560.6862953,138,0.0629568099975586,15.883905173066728,2.9926300048828125,27.899699984118342,0.005499983672052622,1,6.254599953535944,1,,0,0,21.61370002431795,1,hover,0.017700018361210823,1,,
1789938560.694308,139,0.008012771606445312,124.80076172339919,8.012771606445312,0.02819998189806938,0.004299974534660578,1,,0,,0,0,,0,hover,0.012400036212056875,1,,
1789938560.7412312,140,0.046923160552978516,21.311437426960012,2.5167465209960938,19.60880000842735,0.004799978341907263,1,,0,,0,0,19.574600039049983,1,hover,0.01650000922381878,1,,
1789938560.8060777,141,0.06484651565551758,15.421029023552682,3.024578094482422,0.035100034438073635,0.004700035788118839,1,,0,,0,0,,0,hover,0.015600002370774746,1,,
1789938560.846481,142,0.04040336608886719,24.750413067082093,0.5743503570556641,25.36809997400269,0.004699977580457926,1,4.823600000236183,1,,0,0,20.516899996437132,1,hover,0.01610000617802143,1,,
1789938560.8694158,143,0.022934675216674805,43.60209990124227,2.99072265625,0.05630002124235034,0.004399975296109915,1,,0,,0,0,,0,hover,0.03670004662126303,1,,
1789938560.9153268,144,0.04591107368469238,21.781237504219355,4.986047744750977,22.105099982582033,0.004599976819008589,1,,0,,0,0,22.072599967941642,1,hover,0.01580000389367342,1,,
1789938560.9553514,145,0.040024518966674805,24.984685033507073,0.5199909210205078,0.06410002242773771,0.007099995855242014,1,,0,,0,0,,0,hover,0.036299985367804766,1,,
1789938561.0250647,146,0.06971335411071777,14.344453982400761,2.991914749145508,26.457800006028265,0.005099980626255274,1,5.196000041905791,1,,0,0,21.23289997689426,1,hover,0.016700010746717453,1,,
1789938561.0330448,147,0.007980108261108398,125.31158316154283,13.962268829345703,0.03160000778734684,0.004999979864805937,1,,0,,0,0,,0,hover,0.013599987141788006,1,,
1789938561.0889633,148,0.05591845512390137,17.883183606990734,1.9958019256591797,29.26169999409467,0.0048999791033566,1,,0,,0,0,29.223899997305125,1,hover,0.020099978428333998,1,,
1789938561.1215131,149,0.03254985809326172,30.7221001435645,0.5524158477783203,0.04959997022524476,0.006500049494206905,1,,0,,0,0,,0,hover,0.0219999928958714,1,,
1789938561.1871617,150,0.06564855575561523,15.232627564917378,0.0,27.530700026545674,0.005099980626255274,1,5.575200018938631,1,,0,0,21.923299995251,1,hover,0.01910002902150154,1,,
1789938561.1961377,151,0.008975982666015625,111.40841478963026,2.991914749145508,0.03659998765215278,0.005299982149153948,1,,0,,0,0,,0,hover,0.016400008462369442,1,,
1789938561.2459157,152,0.049777984619140625,20.089202237719366,1.9948482513427734,19.846400013193488,0.006400048732757568,1,,0,,0,0,19.79580003535375,1,hover,0.02340000355616212,1,,
1789938561.2897978,153,0.043882131576538086,22.788318709081526,0.9968280792236328,0.0377000542357564,0.005300040356814861,1,,0,,0,0,,0,hover,0.016499951016157866,1,,
1789938561.3556068,154,0.06580901145935059,15.195487332577358,1.9938945770263672,26.353699970059097,0.00589998671784997,1,5.885799997486174,1,,0,0,20.43699997011572,1,hover,0.01780001912266016,1,,
1789938561.3635857,155,0.00797891616821289,125.33030538456941,10.970830917358398,0.03200001083314419,0.005199981387704611,1,,0,,0,0,,0,hover,0.014599994756281376,1,,
1789938561.4068856,156,0.04329991340637207,23.09473440777918,1.6181468963623047,18.206799984909594,0.003999972250312567,1,,0,,0,0,18.17799999844283,1,hover,0.014299992471933365,1,,
1789938561.438031,157,0.031145334243774414,32.10753791155374,1.9943714141845703,0.03619998460635543,0.004699977580457926,1,,0,,0,0,,0,hover,0.01680001150816679,1,,
1789938561.5135887,158,0.07555770874023438,13.234916948553542,0.9989738464355469,23.888800002168864,0.004900037311017513,1,5.3183999843895435,1,,0,0,18.54069996625185,1,hover,0.017899961676448584,1,,
1789938561.5225646,159,0.008975982666015625,111.40841478963026,2.992391586303711,0.03219995414838195,0.00500003807246685,1,,0,,0,0,,0,hover,0.01409999094903469,1,,
1789938561.5735362,160,0.05097150802612305,19.618803498760467,1.0302066802978516,17.892099975142628,0.004100031219422817,1,,0,,0,0,17.86070002708584,1,hover,0.015400000847876072,1,,
1789938561.5943131,161,0.020776987075805664,48.130173848184064,6.990671157836914,0.03279995871707797,0.004300032742321491,1,,0,,0,0,,0,hover,0.01409999094903469,1,,
1789938561.6812568,162,0.0869436264038086,11.501705661039631,4.624128341674805,24.019000004045665,0.004700035788118839,1,4.781499970704317,1,,0,0,19.210800004657358,1,hover,0.01610000617802143,1,,
1789938561.704396,163,0.023139238357543945,43.21663421017382,14.197587966918945,0.03709999145939946,0.0048999791033566,1,,0,,0,0,,0,hover,0.018200022168457508,1,,
1789938561.7400675,164,0.03567147254943848,28.033605806826763,0.9965896606445312,18.096699961461127,0.003999972250312567,1,,0,,0,0,18.066999968141317,1,hover,0.014399993233382702,1,,
1789938561.7570226,165,0.016955137252807617,58.979174576390356,0.9965896606445312,0.035999983083456755,0.005499983672052622,1,,0,,0,0,,0,hover,0.015700003132224083,1,,
1789938561.851176,166,0.09415340423583984,10.620964882960083,4.403829574584961,23.965500004123896,0.006099988240748644,1,5.745299975387752,1,,0,0,18.186000001151115,1,hover,0.02010003663599491,1,,
1789938561.8611526,167,0.009976625442504883,100.23429322499702,11.004209518432617,0.0371999922208488,0.005199981387704611,1,,0,,0,0,,0,hover,0.016700010746717453,1,,
1789938561.92212,168,0.060967445373535156,16.40219618639428,10.969400405883789,18.64279998699203,0.004499976057559252,1,,0,,0,0,18.610699975397438,1,hover,0.016000005416572094,1,,
1789938561.9320931,169,0.00997304916381836,100.2702366722448,11.969327926635742,0.0274000340141356,0.00400003045797348,1,,0,,0,0,,0,hover,0.012299977242946625,1,,
1789938562.0195024,170,0.08740925788879395,11.440435763363256,11.660337448120117,22.446800023317337,0.005800044164061546,1,4.778000002261251,1,,0,0,17.639199970290065,1,hover,0.016899954061955214,1,,
1789938562.028513,171,0.009010553359985352,110.98097531288863,7.978200912475586,0.0274000340141356,0.004299974534660578,1,,0,,0,0,,0,hover,0.012200034689158201,1,,
1789938562.071711,172,0.0431981086730957,23.149161635004912,1.9907951354980469,18.212600029073656,0.004299974534660578,1,,0,,0,0,18.18070001900196,1,hover,0.015600002370774746,1,,
1789938562.0886388,173,0.016927719116210938,59.074704225352114,0.9653568267822266,0.0344999716617167,0.004599976819008589,1,,0,,0,0,,0,hover,0.015099998563528061,1,,
1789938562.177078,174,0.0884392261505127,11.307199797272343,1.0294914245605469,23.381800041534007,0.00500003807246685,1,4.8028999590314925,1,,0,0,18.549500033259392,1,hover,0.017199956346303225,1,,
1789938562.1980429,175,0.020964860916137695,47.698861633288985,5.039453506469727,0.0363999861292541,0.004900037311017513,1,,0,,0,0,,0,hover,0.015300000086426735,1,,
1789938562.2448301,176,0.046787261962890625,21.373338768854463,5.889892578125,17.805100011173636,0.004100031219422817,1,,0,,0,0,17.774100007954985,1,hover,0.015399942640215158,1,,
1789938562.2587914,177,0.013961315155029297,71.62648997575054,6.981372833251953,0.06959994789212942,0.004200031980872154,1,,0,,0,0,,0,hover,0.030499999411404133,1,,
1789938562.3586245,178,0.09983301162719727,10.016726769039716,11.758565902709961,22.905200021341443,0.004699977580457926,1,4.805200034752488,1,,0,0,18.071900005452335,1,hover,0.016400008462369442,1,,
1789938562.3815672,179,0.022942781448364258,43.58669423978218,30.92169761657715,0.0323000131174922,0.004199973773211241,1,,0,,0,0,,0,hover,0.014499993994832039,1,,
1789938562.4094546,180,0.027887344360351562,35.8585596060461,6.087541580200195,17.839400039520115,0.004100031219422817,1,,0,,0,0,17.808300035540015,1,hover,0.015199999324977398,1,,
1789938562.429402,181,0.019947528839111328,50.131522960342316,32.47952461242676,0.03559998003765941,0.0048999791033566,1,,0,,0,0,,0,hover,0.015199999324977398,1,,
1789938562.5193334,182,0.08993124961853027,11.119605301180544,3.0226707458496094,28.922000026796013,0.004999979864805937,1,6.115900003351271,1,,0,0,22.775800025556237,1,hover,0.017600017599761486,1,,
1789938562.531303,183,0.011969566345214844,83.54521552067564,7.013797760009766,0.03270001616328955,0.0048999791033566,1,,0,,0,0,,0,hover,0.01610000617802143,1,,
1789938562.583792,184,0.05248904228210449,19.05159546683019,3.018617630004883,22.143499983940274,0.005400041118264198,1,,0,,0,0,22.105899988673627,1,hover,0.018599967006593943,1,,
1789938562.6062722,185,0.022480249404907227,44.48349224193702,1.9941329956054688,0.04329998046159744,0.005999987479299307,1,,0,,0,0,,0,hover,0.019099970813840628,1,,
1789938562.6864798,186,0.08020758628845215,12.467648588796576,0.9944438934326172,29.15050002047792,0.005499983672052622,1,5.93980000121519,1,,0,0,23.177600000053644,1,hover,0.02039998071268201,1,,
1789938562.6993759,187,0.012896060943603516,77.54305786651877,6.453275680541992,0.03309996100142598,0.005399982910603285,1,,0,,0,0,,0,hover,0.015099998563528061,1,,
1789938562.7551565,188,0.055780649185180664,17.927363962369796,1.9953250885009766,24.04629997909069,0.004399975296109915,1,,0,,0,0,24.013099959120154,1,hover,0.01680001150816679,1,,
1789938562.766256,189,0.011099576950073242,90.0935237890667,2.7196407318115234,0.03330002073198557,0.005299982149153948,1,,0,,0,0,,0,hover,0.014999997802078724,1,,
1789938562.8567686,190,0.09051251411437988,11.048196039901274,3.989696502685547,28.527999995276332,0.006199989002197981,1,6.396799988579005,1,,0,0,22.095600026659667,1,hover,0.021600048057734966,1,,
1789938562.8694327,191,0.012664079666137695,78.96349567934936,10.669231414794922,0.04460004856809974,0.006299989763647318,1,,0,,0,0,,0,hover,0.021000043489038944,1,,
1789938562.9158168,192,0.04638409614562988,21.55911364232147,0.9970664978027344,21.723100042436272,0.004600035026669502,1,,0,,0,0,21.690200024750084,1,hover,0.015799945686012506,1,,
1789938562.927815,193,0.011998176574707031,83.34599793339162,1.6710758209228516,0.039300008211284876,0.005799985956400633,1,,0,,0,0,,0,hover,0.01750001683831215,1,,
1789938563.0234413,194,0.0956263542175293,10.457368245214242,1.6360282897949219,28.728000004775822,0.00500003807246685,1,5.9692999930121005,1,,0,0,22.729599964804947,1,hover,0.01769996015354991,1,,
1789938563.0354455,195,0.01200413703918457,83.30461379570598,6.988286972045898,0.047200010158121586,0.007299997378140688,1,,0,,0,0,,0,hover,0.023200002033263445,1,,
1789938563.087847,196,0.05240154266357422,19.083407647369285,1.9822120666503906,25.114000018220395,0.004699977580457926,1,,0,,0,0,25.081100000534207,1,hover,0.01610000617802143,1,,
1789938563.09785,197,0.010003089904785156,99.96911049671084,4.98652458190918,0.03489997470751405,0.005299982149153948,1,,0,,0,0,,0,hover,0.015900004655122757,1,,
1789938563.194453,198,0.0966029167175293,10.351654318306341,1.9962787628173828,28.673199994955212,0.007199996616691351,1,5.930499988608062,1,,0,0,22.70150004187599,1,hover,0.024800014216452837,1,,
1789938563.2050052,199,0.010552167892456055,94.767256377234,8.527755737304688,0.03549997927621007,0.005500041879713535,1,,0,,0,0,,0,hover,0.015900004655122757,1,,
1789938563.2507348,200,0.045729637145996094,21.867656566077873,2.0356178283691406,21.826599957421422,0.004300032742321491,1,,0,,0,0,21.7928999918513,1,hover,0.016700010746717453,1,,
1789938563.2617385,201,0.011003732681274414,90.87825276796741,4.021883010864258,0.03779999678954482,0.00589998671784997,1,,0,,0,0,,0,hover,0.016700010746717453,1,,
1789938563.373992,202,0.11225342750549316,8.908413954229278,1.0039806365966797,47.94419999234378,0.005399982910603285,1,6.203699973411858,1,,0,0,41.711100027896464,1,hover,0.016600009985268116,1,,
1789938563.383982,203,0.00998997688293457,100.10033173432615,20.04408836364746,0.04280003486201167,0.006299989763647318,1,,0,,0,0,,0,hover,0.017600017599761486,1,,
1789938563.4168768,204,0.03289484977722168,30.399895630241137,5.984067916870117,20.356299995910376,0.004400033503770828,1,,0,,0,0,20.322500029578805,1,hover,0.01610000617802143,1,,
1789938563.4278774,205,0.011000633239746094,90.90385782401387,2.0246505737304688,0.04040001658722758,0.006099988240748644,1,,0,,0,0,,0,hover,0.017400016076862812,1,,
1789938563.4961312,206,0.06825375556945801,14.651208444967637,0.9977817535400391,25.502600008621812,0.011699972674250603,1,6.251099985092878,1,,0,0,19.184899982064962,1,hover,0.03940000897273421,1,,
1789938563.5238242,207,0.02769303321838379,36.11016504093738,1.4255046844482422,0.037299992982298136,0.005200039595365524,1,,0,,0,0,,0,hover,0.016200006939470768,1,,
1789938563.5987766,208,0.07495236396789551,13.341807343505963,2.0263195037841797,39.88889994798228,0.004300032742321491,1,,0,,0,0,39.85789994476363,1,hover,0.014999997802078724,1,,
1789938563.60869,209,0.009913444519042969,100.87311207311207,14.853954315185547,0.03400002606213093,0.007199996616691351,1,,0,,0,0,,0,hover,0.014199991710484028,1,,
1789938563.6876898,210,0.07899975776672363,12.658266661435526,2.994060516357422,25.58890002546832,0.005299982149153948,1,6.0186999617144465,1,,0,0,19.541400019079447,1,hover,0.017300015315413475,1,,
1789938563.6968138,211,0.009124040603637695,109.60056442551412,3.0269622802734375,0.034400029107928276,0.005399982910603285,1,,0,,0,0,,0,hover,0.015199999324977398,1,,
1789938563.752657,212,0.05584311485290527,17.907310554471593,2.9921531677246094,24.030499975197017,0.005200039595365524,1,,0,,0,0,23.993899987544864,1,hover,0.0173999578692019,1,,
1789938563.7624948,213,0.009837865829467773,101.64806242881032,1.9955635070800781,0.03879994619637728,0.005800044164061546,1,,0,,0,0,,0,hover,0.0173999578692019,1,,
1789938563.8626614,214,0.10016655921936035,9.983371773907537,4.023551940917969,32.856800011359155,0.006999995093792677,1,8.083400025498122,1,,0,0,24.732899968512356,1,hover,0.024800014216452837,1,,
1789938563.87593,215,0.013268709182739258,75.36528129660576,16.4186954498291,0.05590001819655299,0.008200004231184721,1,,0,,0,0,,0,hover,0.0247000134550035,1,,
1789938563.9284854,216,0.05255532264709473,19.027568467516208,4.977941513061523,27.97740005189553,0.005499983672052622,1,,0,,0,0,27.9370000353083,1,hover,0.02050003968179226,1,,
1789938563.9407587,217,0.012273311614990234,81.47760208244298,15.234231948852539,0.03890000516548753,0.006199989002197981,1,,0,,0,0,,0,hover,0.017700018361210823,1,,
1789938564.0332978,218,0.09253907203674316,10.806246248103118,2.026796340942383,36.1212000134401,0.006299989763647318,1,7.09389999974519,1,,0,0,28.991099970880896,1,hover,0.021600048057734966,1,,
1789938564.0450623,219,0.0117645263671875,85.00129701686122,22.73392677307129,0.05029997555539012,0.006200047209858894,1,,0,,0,0,,0,search_360,0.02729997504502535,1,,
1789938564.0853267,220,0.04026436805725098,24.835854832692842,7.487773895263672,23.190499981865287,0.005800044164061546,1,,0,,0,0,23.15590000944212,1,search_360,0.01580000389367342,1,,
1789938564.0969086,221,0.011581897735595703,86.34163613158219,6.994962692260742,0.039000005926936865,0.006599992047995329,1,,0,,0,0,,0,search_360,0.017400016076862812,1,,
1789938564.1894016,222,0.09249305725097656,10.811622296001485,0.9977817535400391,29.88230000482872,0.005999987479299307,1,6.15460000699386,1,,0,0,23.697700002230704,1,search_360,0.016000005416572094,1,,
1789938564.2013984,223,0.011996746063232422,83.35593624547876,7.977008819580078,0.0350000336766243,0.005999987479299307,1,,0,,0,0,,0,search_360,0.013999990187585354,1,,
1789938564.2531524,224,0.051753997802734375,19.3221788162453,2.0291805267333984,24.405800038948655,0.005299982149153948,1,,0,,0,0,24.37270001973957,1,search_360,0.014899997040629387,1,,
1789938564.2641244,225,0.010972023010253906,91.14089526292916,4.987955093383789,0.03679998917505145,0.006299989763647318,1,,0,,0,0,,0,search_360,0.014899997040629387,1,,
1789938564.3668423,226,0.10271787643432617,9.735403755541629,3.023862838745117,32.2850999655202,0.006399990525096655,1,7.487700029741973,1,,0,0,24.762699962593615,1,search_360,0.01999997766688466,1,,
1789938564.3757899,227,0.008947610855102539,111.76167763596152,15.469074249267578,0.029199989512562752,0.005199981387704611,1,,0,,0,0,,0,search_360,0.01160003012046218,1,,
1789938564.421399,228,0.045609235763549805,21.925383823229605,3.0252933502197266,25.229800026863813,0.005299982149153948,1,,0,,0,0,25.195800000801682,1,search_360,0.015600002370774746,1,,
1789938564.4323397,229,0.0109405517578125,91.40306834030683,31.894207000732422,0.035699980799108744,0.005999987479299307,1,,0,,0,0,,0,search_360,0.014399993233382702,1,,
1789938564.5289528,230,0.09661316871643066,10.350555864026159,1.0249614715576172,32.40180003922433,0.006699992809444666,1,7.451799989212304,1,,0,0,24.917000031564385,1,search_360,0.017400016076862812,1,,
1789938564.5389273,231,0.009974479675292969,100.25585620040157,11.967658996582031,0.03170000854879618,0.005200039595365524,1,,0,,0,0,,0,search_360,0.01309998333454132,1,,
1789938564.584924,232,0.045996665954589844,21.740706184818894,1.9927024841308594,24.002899997867644,0.00500003807246685,1,,0,,0,0,23.970200039912015,1,search_360,0.014999997802078724,1,,
1789938564.596923,233,0.011999130249023438,83.33937370847242,4.020214080810547,0.03920000744983554,0.006799993570894003,1,,0,,0,0,,0,search_360,0.014599994756281376,1,,
1789938564.696737,234,0.09981393814086914,10.018640869461365,2.002716064453125,33.07419997872785,0.006599992047995329,1,7.54580000648275,1,,0,0,25.49699996598065,1,search_360,0.016700010746717453,1,,
1789938564.7091956,235,0.012458562850952148,80.26607980097599,15.563011169433594,0.04109996370971203,0.006299989763647318,1,,0,,0,0,,0,search_360,0.01769996015354991,1,,
1789938564.7545717,236,0.04537606239318848,22.03805150246163,0.9973049163818359,28.04659999674186,0.005200039595365524,1,,0,,0,0,28.013900038786232,1,search_360,0.014299992471933365,1,,
1789938564.766539,237,0.01196742057800293,83.56019523856958,6.949186325073242,0.041000021155923605,0.006599992047995329,1,,0,,0,0,,0,search_360,0.014899997040629387,1,,
1789938564.8602893,238,0.0937502384185791,10.666639539999542,2.0160675048828125,32.664099999237806,0.005699985194951296,1,7.4275999795645475,1,,0,0,25.20649996586144,1,search_360,0.01680001150816679,1,,
1789938564.8707087,239,0.010419368743896484,95.97510411422819,12.380599975585938,0.03630004357546568,0.006199989002197981,1,,0,,0,0,,0,search_360,0.014499993994832039,1,,
1789938564.9256806,240,0.054971933364868164,18.191101145427183,1.9958019256591797,24.380600021686405,0.00500003807246685,1,,0,,0,0,24.34860001085326,1,search_360,0.014399993233382702,1,,
1789938564.9376204,241,0.011939764022827148,83.7537490764592,7.978916168212891,0.03439997090026736,0.005799985956400633,1,,0,,0,0,,0,search_360,0.013999990187585354,1,,
1789938565.0264907,242,0.08887028694152832,11.252354801756677,1.9938945770263672,32.68429997842759,0.007099995855242014,1,7.3009999468922615,1,,0,0,25.245500029996037,1,search_360,0.019000028260052204,1,,
1789938565.037449,243,0.010958194732666016,91.25590705365302,13.949155807495117,0.26190001517534256,0.005399982910603285,1,,0,,0,0,,0,search_360,0.012200034689158201,1,,
1789938565.0823004,244,0.04485154151916504,22.295777717532864,2.9993057250976562,23.790600011125207,0.004699977580457926,1,,0,,0,0,23.66430003894493,1,search_360,0.01479999627918005,1,,
1789938565.0936143,245,0.011313915252685547,88.38673241454883,4.330158233642578,0.14140002895146608,0.007499998901039362,1,,0,,0,0,,0,search_360,0.016300007700920105,1,,
1789938565.194869,246,0.10125470161437988,9.876084606998466,1.0266304016113281,32.68470003968105,0.005499983672052622,1,6.580099987331778,1,,0,0,25.9887000429444,1,search_360,0.014599994756281376,1,,
1789938565.2038498,247,0.008980751037597656,111.34926197302751,11.007070541381836,0.12929999502375722,0.004999979864805937,1,,0,,0,0,,0,search_360,0.012999982573091984,1,,
1789938565.2477322,248,0.04388236999511719,22.788194897205198,0.0,22.158099978696555,0.004600035026669502,1,,0,,0,0,22.028399980627,1,search_360,0.016400008462369442,1,,
1789938565.257673,249,0.009940862655639648,100.59489147379782,0.9968280792236328,0.13939995551481843,0.006499991286545992,1,,0,,0,0,,0,search_360,0.01810002140700817,1,,
1789938565.3544893,250,0.0968163013458252,10.32883911179407,0.9982585906982422,28.733400045894086,0.00589998671784997,1,6.396700046025217,1,,0,0,22.221399995032698,1,search_360,0.016000005416572094,1,,
1789938565.3644166,251,0.00992727279663086,100.73260002881983,7.811307907104492,0.09849999332800508,0.005599984433501959,1,,0,,0,0,,0,search_360,0.012899981811642647,1,,
1789938565.416509,252,0.05209231376647949,19.196690023845377,1.9941329956054688,21.945899992715567,0.00500003807246685,1,,0,,0,0,21.820100024342537,1,search_360,0.017199956346303225,1,,
1789938565.427542,253,0.011033058166503906,90.63670152995073,4.096746444702148,0.1078000059351325,0.005500041879713535,1,,0,,0,0,,0,search_360,0.01309998333454132,1,,
1789938565.4964516,254,0.0689096450805664,14.51175664641488,3.027677536010742,28.19469996029511,0.005900044925510883,1,6.698099954519421,1,,0,0,21.39720000559464,1,search_360,0.015099998563528061,1,,
1789938565.5336566,255,0.03720498085021973,26.878121615646368,2.023935317993164,0.16500003403052688,0.006599992047995329,1,,0,,0,0,,0,search_360,0.017600017599761486,1,,
1789938565.580706,256,0.04704928398132324,21.254308575598337,1.9648075103759766,22.008200001437217,0.004599976819008589,1,,0,,0,0,21.914999990258366,1,search_360,0.012999982573091984,1,,
1789938565.5916772,257,0.010971307754516602,91.14683703848577,2.9921531677246094,0.09190000128000975,0.005100038833916187,1,,0,,0,0,,0,search_360,0.01309998333454132,1,,
1789938565.6914947,258,0.09981751441955566,10.018281919912102,1.1277198791503906,29.934899997897446,0.006199989002197981,1,7.057799957692623,1,,0,0,22.77079998748377,1,search_360,0.018000020645558834,1,,
1789938565.701495,259,0.010000228881835938,99.99771123402633,11.965274810791016,0.089599983766675,0.005199981387704611,1,,0,,0,0,,0,search_360,0.013999990187585354,1,,
1789938565.7486095,260,0.04711461067199707,21.224838446863313,1.7578601837158203,23.371200019028038,0.004700035788118839,1,,0,,0,0,23.27439998043701,1,search_360,0.015500001609325409,1,,
1789938565.7585855,261,0.009975910186767578,100.2414798527795,3.985166549682617,0.10599999222904444,0.00700005330145359,1,,0,,0,0,,0,search_360,0.015500001609325409,1,,
1789938565.8696263,262,0.11104083061218262,9.005696323477313,2.9935836791992188,33.89169997535646,0.007199996616691351,1,6.605300004594028,1,,0,0,27.171799971256405,1,search_360,0.01839996548369527,1,,
1789938565.8816254,263,0.011999130249023438,83.33937370847242,23.966550827026367,0.09849999332800508,0.006099988240748644,1,,0,,0,0,,0,search_360,0.014899997040629387,1,,
1789938565.9179869,264,0.0363614559173584,27.50164906137918,5.9661865234375,23.04320002440363,0.005099980626255274,1,,0,,0,0,22.95030001550913,1,search_360,0.013800046872347593,1,,
1789938565.9299562,265,0.011969327926635742,83.5468796685457,4.984855651855469,0.09550002869218588,0.005199981387704611,1,,0,,0,0,,0,search_360,0.013400043826550245,1,,
1789938566.0225477,266,0.09259152412414551,10.800124627597803,2.025604248046875,27.87910000188276,0.006999995093792677,1,5.93980000121519,1,,0,0,21.808399993460625,1,search_360,0.018700025975704193,1,,
1789938566.0324905,267,0.009942770004272461,100.57559408196053,8.945465087890625,0.11879997327923775,0.006800051778554916,1,,0,,0,0,,0,search_360,0.016199948731809855,1,,
1789938566.0824673,268,0.04997682571411133,20.009274012727914,2.397298812866211,22.559199947863817,0.005100038833916187,1,,0,,0,0,22.466299997176975,1,search_360,0.013699987903237343,1,,
1789938566.0924091,269,0.009941816329956055,100.5852418523226,0.9648799896240234,0.10949996067211032,0.006299989763647318,1,,0,,0,0,,0,search_360,0.015900004655122757,1,,
1789938566.1889522,270,0.0965430736541748,10.35807088121186,2.991914749145508,29.14909995160997,0.004900037311017513,1,6.918400002177805,1,,0,0,22.137499996460974,1,search_360,0.014699995517730713,1,,
1789938566.2001836,271,0.011231422424316406,89.03591746624777,6.712198257446289,0.22609997540712357,0.005699985194951296,1,,0,,0,0,,0,search_360,0.013599987141788006,1,,
1789938566.251283,272,0.051099300384521484,19.569739555630207,4.003286361694336,23.771999985910952,0.005599984433501959,1,,0,,0,0,23.654799966607243,1,search_360,0.017400016076862812,1,,
1789938566.2632825,273,0.01199960708618164,83.33606199086032,8.010149002075195,0.10420003673061728,0.005699985194951296,1,,0,,0,0,,0,search_360,0.01479999627918005,1,,
1789938566.3559198,274,0.09263730049133301,10.794787787383315,2.9942989349365234,28.90740003203973,0.006199989002197981,1,6.806900026276708,1,,0,0,21.999999997206032,1,search_360,0.017600017599761486,1,,
1789938566.3657572,275,0.00983738899230957,101.65298950582874,7.078886032104492,0.12159999459981918,0.005999987479299307,1,,0,,0,0,,0,search_360,0.01479999627918005,1,,
1789938566.4151995,276,0.049442291259765625,20.225599876552735,1.0285377502441406,22.91920001152903,0.0048999791033566,1,,0,,0,0,22.820000012870878,1,search_360,0.014299992471933365,1,,
1789938566.4258966,277,0.010697126388549805,93.48304990304678,25.658607482910156,0.0858000130392611,0.005599984433501959,1,,0,,0,0,,0,search_360,0.01290004001930356,1,,
1789938566.5397017,278,0.11380505561828613,8.78695585681275,3.0052661895751953,44.90720003377646,0.005399982910603285,1,6.2411000253632665,1,,0,0,38.5608000215143,1,search_360,0.017900019884109497,1,,
1789938566.549675,279,0.009973287582397461,100.26783964045804,24.932146072387695,0.10110001312568784,0.005999987479299307,1,,0,,0,0,,0,search_360,0.014199991710484028,1,,
1789938566.5826793,280,0.0330042839050293,30.299097016542657,2.962350845336914,22.122499998658895,0.004599976819008589,1,,0,,0,0,22.029199986718595,1,search_360,0.013100041542202234,1,,
1789938566.5924063,281,0.009727001190185547,102.80660816706701,3.0188560485839844,0.10740000288933516,0.005900044925510883,1,,0,,0,0,,0,search_360,0.015300000086426735,1,,
1789938566.689514,282,0.0971076488494873,10.297849982445328,2.4280548095703125,28.699900023639202,0.006499991286545992,1,5.977399996481836,1,,0,0,22.597000002861023,1,search_360,0.018400023691356182,1,,
1789938566.7004895,283,0.01097559928894043,91.11119800152058,9.979486465454102,0.0999000039882958,0.006200047209858894,1,,0,,0,0,,0,search_360,0.014299992471933365,1,,
1789938566.774086,284,0.07359647750854492,13.587606823762659,2.991199493408203,43.63739996915683,0.00809994526207447,1,,0,,0,0,43.52179996203631,1,search_360,0.01580000389367342,1,,
1789938566.7830641,285,0.008978128433227539,111.38178824654115,11.001348495483398,0.11850002920255065,0.007199996616691351,1,,0,,0,0,,0,search_360,0.017499958630651236,1,,
1789938566.8564084,286,0.07334423065185547,13.6343375765535,2.9947757720947266,28.259499988052994,0.006299989763647318,1,6.5766999614425,1,,0,0,21.546000032685697,1,search_360,0.01810002140700817,1,,
1789938566.867383,287,0.010974645614624023,91.11911537876648,9.974002838134766,0.0990999978967011,0.005500041879713535,1,,0,,0,0,,0,search_360,0.012699980288743973,1,,
1789938566.925858,288,0.05847501754760742,17.101320220825077,2.991199493408203,29.548000020440668,0.005799985956400633,1,,0,,0,0,29.42170004826039,1,search_360,0.016600009985268116,1,,
1789938566.9378595,289,0.012001514434814453,83.32281775199651,17.98558235168457,0.12199999764561653,0.006699992809444666,1,,0,,0,0,,0,search_360,0.01680001150816679,1,,
1789938567.0310802,290,0.09322071075439453,10.727229946086405,2.679109573364258,32.87240001372993,0.005799985956400633,1,6.553300016093999,1,,0,0,26.210899988655,1,search_360,0.01580000389367342,1,,
1789938567.0410557,291,0.009975433349609375,100.24627151051625,17.98558235168457,0.11000002268701792,0.00589998671784997,1,,0,,0,0,,0,search_360,0.016300007700920105,1,,
1789938567.0889957,292,0.04794001579284668,20.859400721123958,1.9922256469726562,28.749999997671694,0.005900044925510883,1,,0,,0,0,28.6261000437662,1,search_360,0.01769996015354991,1,,
1789938567.1023233,293,0.013327598571777344,75.03227191413238,10.000944137573242,0.1088999561034143,0.006499991286545992,1,,0,,0,0,,0,search_360,0.01680001150816679,1,,
1789938567.1990712,294,0.09674787521362305,10.336144311096874,2.028942108154297,37.168200011365116,0.006399990525096655,1,7.144999981392175,1,,0,0,29.914000013377517,1,search_360,0.01810002140700817,1,,
1789938567.21107,295,0.011998891830444336,83.34102966598446,21.272897720336914,0.11399999493733048,0.005399982910603285,1,,0,,0,0,,0,search_360,0.013699987903237343,1,,
1789938567.2595088,296,0.04843878746032715,20.644612560110648,2.9883384704589844,28.600600024219602,0.005799985956400633,1,,0,,0,0,28.49110000533983,1,search_360,0.014699995517730713,1,,
1789938567.2724779,297,0.012969017028808594,77.10684609162439,14.383316040039062,0.11720001930370927,0.006299989763647318,1,,0,,0,0,,0,search_360,0.01479999627918005,1,,
1789938567.3767374,298,0.10425949096679688,9.591452928908565,2.992391586303711,32.357500051148236,0.005999987479299307,1,6.313499994575977,1,,0,0,25.940400024410337,1,search_360,0.016400008462369442,1,,
1789938567.3906722,299,0.013934850692749023,71.7625198898147,34.47866439819336,0.1414999715052545,0.006599992047995329,1,,0,,0,0,,0,search_360,0.01850002445280552,1,,
1789938567.4325576,301,0.0418853759765625,23.874681238615665,7.771492004394531,26.96069999365136,0.005099980626255274,1,,0,,0,0,26.85540000675246,1,search_360,0.014899997040629387,1,,
1789938567.4947126,302,0.06215500831604004,16.088808079878174,2.99072265625,0.12039998546242714,0.007099995855242014,1,,0,,0,0,,0,search_360,0.0171000137925148,1,,
1789938567.5580246,303,0.06331205368041992,15.794780643946526,1.0302066802978516,30.523299996275455,0.019599974621087313,1,7.133000006433576,1,,0,0,23.27740000328049,1,search_360,0.015199999324977398,1,,
1789938567.5699935,304,0.011968851089477539,83.550208163184,14.961481094360352,0.09929999941959977,0.005600042641162872,1,,0,,0,0,,0,search_360,0.01379998866468668,1,,
1789938567.617391,305,0.047397613525390625,21.09810865191147,2.031564712524414,25.113500014413148,0.004599976819008589,1,,0,,0,0,25.009300035890192,1,search_360,0.015600002370774746,1,,
1789938567.665785,306,0.048393964767456055,20.663733686736066,0.9977817535400391,0.15699997311457992,0.009000010322779417,1,,0,,0,0,,0,search_360,0.021899992134422064,1,,
1789938567.724709,307,0.058923959732055664,16.971025106718727,2.99072265625,27.823800046462566,0.00500003807246685,1,6.390399998053908,1,,0,0,21.346700028516352,1,search_360,0.012199976481497288,1,,
1789938567.7425997,308,0.01789069175720215,55.89498793960474,2.994537353515625,0.17120002303272486,0.008999952115118504,1,,0,,0,0,,0,search_360,0.024100008886307478,1,,
1789938567.8149793,309,0.07237958908081055,13.816049699916332,2.9859542846679688,22.497199999634176,0.004500034265220165,1,,0,,0,0,22.3824999993667,1,search_360,0.014399993233382702,1,,
1789938567.8269532,310,0.011973857879638672,83.51527219146988,2.9973983764648438,0.10920001659542322,0.005999987479299307,1,,0,,0,0,,0,search_360,0.015700003132224083,1,,
1789938567.8917732,311,0.0648200511932373,15.427325057471265,1.992940902709961,28.45260000322014,0.005599984433501959,1,6.118300021626055,1,,0,0,22.22539996728301,1,search_360,0.013999990187585354,1,,
1789938567.9026423,312,0.010869026184082031,92.00456260419409,12.232780456542969,0.11259998427703977,0.00589998671784997,1,,0,,0,0,,0,search_360,0.015600002370774746,1,,
1789938567.9503272,313,0.04768490791320801,20.97099572510687,2.995014190673828,22.237700002733618,0.004900037311017513,1,,0,,0,0,22.106699994765222,1,search_360,0.014399993233382702,1,,
1789938568.0223775,314,0.07205033302307129,13.879186369336965,1.9938945770263672,0.12240000069141388,0.007199996616691351,1,,0,,0,0,,0,search_360,0.015900004655122757,1,,
1789938568.0663486,315,0.04397106170654297,22.742230030147265,11.977195739746094,29.659299994818866,0.004500034265220165,1,8.12509999377653,1,,0,0,21.415500028524548,1,search_360,0.013699987903237343,1,,
1789938568.0858717,316,0.019523143768310547,51.22125882324207,2.0291805267333984,0.2340999781154096,0.009700015652924776,1,,0,,0,0,,0,search_360,0.023100001271814108,1,,
1789938568.12443,317,0.038558244705200195,25.93479053949606,11.969327926635742,24.498799990396947,0.004999979864805937,1,,0,,0,0,24.377800000365824,1,search_360,0.013500044587999582,1,,
1789938568.160851,318,0.03642106056213379,27.45664142025779,1.0271072387695312,0.1202999847009778,0.006200047209858894,1,,0,,0,0,,0,search_360,0.01580000389367342,1,,
1789938568.2225435,319,0.06169247627258301,16.209432015365767,1.9748210906982422,26.93240001099184,0.0048999791033566,1,5.852399975992739,1,,0,0,20.977700012736022,1,search_360,0.014499993994832039,1,,
1789938568.234506,320,0.011962413787841797,83.59516881253239,5.980730056762695,0.10990002192556858,0.006199989002197981,1,,0,,0,0,,0,search_360,0.015199999324977398,1,,
1789938568.2855473,321,0.051041364669799805,19.591952653877236,3.9894580841064453,22.91749999858439,0.005099980626255274,1,,0,,0,0,22.802399995271116,1,search_360,0.01650000922381878,1,,
1789938568.328041,322,0.04249382019042969,23.53283361012613,1.0294914245605469,0.112100038677454,0.005699985194951296,1,,0,,0,0,,0,search_360,0.014899997040629387,1,,
1789938568.3871825,323,0.05914139747619629,16.908629871360212,2.9916763305664062,27.407299960032105,0.004599976819008589,1,5.615900037810206,1,,0,0,21.689999965019524,1,search_360,0.014299992471933365,1,,
1789938568.4003608,324,0.013178348541259766,75.882042189818,7.22503662109375,0.12670003343373537,0.006299989763647318,1,,0,,0,0,,0,search_360,0.01650000922381878,1,,
1789938568.4338984,325,0.03353762626647949,29.817256357212425,8.50224494934082,23.351899988483638,0.005499983672052622,1,,0,,0,0,23.240200011059642,1,search_360,0.016000005416572094,1,,
1789938568.5162952,326,0.0823967456817627,12.136401647005037,2.988100051879883,0.146100006531924,0.006599992047995329,1,,0,,0,0,,0,search_360,0.018400023691356182,1,,
1789938568.554516,327,0.038220882415771484,26.163707816106292,0.9975433349609375,27.16070000315085,0.005199981387704611,1,5.859199969563633,1,,0,0,21.208100020885468,1,search_360,0.013999990187585354,1,,
1789938568.5817344,328,0.027218341827392578,36.73993097528074,2.0210742950439453,0.11710001854225993,0.006099988240748644,1,,0,,0,0,,0,search_360,0.017700018361210823,1,,
1789938568.6191845,329,0.03745007514953613,26.702216110569974,7.981300354003906,21.667999972123653,0.005099980626255274,1,,0,,0,0,21.543299953918904,1,search_360,0.016600009985268116,1,,
1789938568.6620364,330,0.042851924896240234,23.336174569085426,2.994060516357422,0.17990003107115626,0.008200004231184721,1,,0,,0,0,,0,search_360,0.021599989850074053,1,,
1789938568.7357013,331,0.07366490364074707,13.574985516533808,2.9916763305664062,27.577899978496134,0.004800036549568176,1,6.55459996778518,1,,0,0,20.934400032274425,1,search_360,0.011399970389902592,1,,
1789938568.7458842,332,0.010182857513427734,98.20426129712011,15.468835830688477,0.12069998774677515,0.006199989002197981,1,,0,,0,0,,0,search_360,0.017700018361210823,1,,
1789938568.7903693,333,0.04448509216308594,22.479440895253614,0.9672641754150391,26.873700029682368,0.005099980626255274,1,,0,,0,0,26.771800010465086,1,search_360,0.014500052202492952,1,,
1789938568.8406744,334,0.05030512809753418,19.878689068461338,2.7379989624023438,0.12820004485547543,0.006999995093792677,1,,0,,0,0,,0,search_360,0.017300015315413475,1,,
1789938568.8883846,335,0.04771018028259277,20.959887262569275,0.9970664978027344,27.490900014527142,0.005599984433501959,1,6.021099979989231,1,,0,0,21.37100003892556,1,search_360,0.014599994756281376,1,,
1789938568.8980925,336,0.009707927703857422,103.0085957070583,0.6010532379150391,0.1039999770000577,0.005500041879713535,1,,0,,0,0,,0,search_360,0.013299984857439995,1,,
1789938568.9476695,337,0.04957699775695801,20.17064455783131,1.9948482513427734,21.887999959290028,0.004400033503770828,1,,0,,0,0,21.785799995996058,1,search_360,0.012999982573091984,1,,
1789938568.9928372,338,0.04516768455505371,22.139722455356907,0.9920597076416016,0.11639995500445366,0.00600004568696022,1,,0,,0,0,,0,search_360,0.014599994756281376,1,,
1789938569.052283,339,0.059445858001708984,16.822029887620623,0.9458065032958984,26.74460003618151,0.005199981387704611,1,5.670299986377358,1,,0,0,20.97200002754107,1,search_360,0.016200006939470768,1,,
1789938569.062258,340,0.009974956512451172,100.25106362636838,5.9871673583984375,0.09440002031624317,0.00500003807246685,1,,0,,0,0,,0,search_360,0.01309998333454132,1,,
1789938569.1164687,341,0.054210662841796875,18.44655548518753,2.986907958984375,21.441199991386384,0.004699977580457926,1,,0,,0,0,21.33519999915734,1,search_360,0.014499993994832039,1,,
1789938569.1617994,342,0.04533076286315918,22.06007436977663,2.0253658294677734,0.12069998774677515,0.005699985194951296,1,,0,,0,0,,0,search_360,0.016300007700920105,1,,
1789938569.229537,343,0.06773757934570312,14.762854085712677,3.0241012573242188,30.687500024214387,0.005299982149153948,1,6.218100024852902,1,,0,0,24.365600023884326,1,search_360,0.018700025975704193,1,,
1789938569.2385137,344,0.00897669792175293,111.39953786088019,14.987707138061523,0.09950000094249845,0.005099980626255274,1,,0,,0,0,,0,search_360,0.013300043065100908,1,,
1789938569.2817304,345,0.043216705322265625,23.13920028246094,2.5086402893066406,22.156400023959577,0.005399982910603285,1,,0,,0,0,22.041000018361956,1,search_360,0.016400008462369442,1,,
1789938569.3438582,346,0.06212782859802246,16.095846620846334,2.9942989349365234,0.11790002463385463,0.006099988240748644,1,,0,,0,0,,0,search_360,0.014999997802078724,1,,
1789938569.3907948,347,0.0469365119934082,21.305375229851776,3.022909164428711,30.359100026544183,0.005600042641162872,1,6.2827999936416745,1,,0,0,23.965800006408244,1,search_360,0.015599944163113832,1,,
1789938569.402486,348,0.01169133186340332,85.53345433040357,1.026153564453125,0.10699999984353781,0.005699985194951296,1,,0,,0,0,,0,search_360,0.014000048395246267,1,,
1789938569.4468417,349,0.04435563087463379,22.545051897162452,1.9946098327636719,21.535800013225526,0.004600035026669502,1,,0,,0,0,21.435500006191432,1,search_360,0.012399978004395962,1,,
1789938569.4707208,350,0.023879051208496094,41.87771077119693,1.9948482513427734,0.11089997133240104,0.005200039595365524,1,,0,,0,0,,0,search_360,0.015700003132224083,1,,
1789938569.5642712,351,0.09355044364929199,10.689420177940205,2.991914749145508,29.000499984249473,0.005099980626255274,1,6.210700026713312,1,,0,0,22.677099972497672,1,search_360,0.014199991710484028,1,,
1789938569.573249,352,0.008977890014648438,111.38474612279583,17.988204956054688,0.3068000078201294,0.005399982910603285,1,,0,,0,0,,0,search_360,0.22719998378306627,1,,
1789938569.620057,353,0.04680800437927246,21.363867425264992,1.5370845794677734,22.568700020201504,0.005499983672052622,1,,0,,0,0,22.460600011982024,1,search_360,0.015199999324977398,1,,
1789938569.6636422,354,0.04358506202697754,22.943640630384717,4.278659820556641,0.16280001727864146,0.010100018698722124,1,,0,,0,0,,0,search_360,0.024699955247342587,1,,
1789938569.7164278,355,0.052785634994506836,18.94454807835627,0.9713172912597656,28.917199990246445,0.00589998671784997,1,6.205699988640845,1,,0,0,22.601299977395684,1,search_360,0.016000005416572094,1,,
1789938569.726998,356,0.010570287704467773,94.60480433066427,5.332708358764648,0.10830000974237919,0.005099980626255274,1,,0,,0,0,,0,search_360,0.012299977242946625,1,,
1789938569.779716,357,0.05271792411804199,18.96888044682631,1.9962787628173828,21.85189997544512,0.0048999791033566,1,,0,,0,0,21.747299993876368,1,search_360,0.014499993994832039,1,,
1789938569.8293788,358,0.04966282844543457,20.13578427371928,3.0219554901123047,0.13670005137100816,0.007499998901039362,1,,0,,0,0,,0,search_360,0.019300030544400215,1,,
1789938569.890256,359,0.060877084732055664,16.42654217759275,0.9951591491699219,29.94310000212863,0.006599992047995329,1,7.509200018830597,1,,0,0,22.300699958577752,1,search_360,0.020700041204690933,1,,
1789938569.9007032,360,0.010447263717651367,95.71884342408545,8.447647094726562,0.10639999527484179,0.005399982910603285,1,,0,,0,0,,0,search_360,0.012699980288743973,1,,
1789938569.9485419,361,0.047838687896728516,20.903583354099176,2.027273178100586,22.29660004377365,0.00589998671784997,1,,0,,0,0,22.16910000424832,1,search_360,0.019000028260052204,1,,
1789938569.996929,362,0.04838705062866211,20.66668637595467,3.0231475830078125,0.12929999502375722,0.007099995855242014,1,,0,,0,0,,0,search_360,0.017200014553964138,1,,
1789938570.0570464,363,0.060117483139038086,16.63409623598558,2.0241737365722656,29.20390001963824,0.005599984433501959,1,6.392900017090142,1,,0,0,22.70430000498891,1,search_360,0.015199999324977398,1,,
1789938570.0660253,364,0.008978843688964844,111.37291556027616,10.007143020629883,0.0974999857135117,0.005100038833916187,1,,0,,0,0,,0,search_360,0.012499978765845299,1,,
1789938570.1182215,365,0.05219626426696777,19.15845921243154,0.9942054748535156,23.243699979502708,0.004900037311017513,1,,0,,0,0,23.146699997596443,1,search_360,0.013299984857439995,1,,
1789938570.1283429,366,0.010121345520019531,98.80109299915199,2.864360809326172,0.09940000018104911,0.005400041118264198,1,,0,,0,0,,0,search_360,0.012499978765845299,1,,
1789938570.2307575,367,0.10241460800170898,9.764232071105647,3.313779830932617,31.54029999859631,0.00500003807246685,1,6.646200024988502,1,,0,0,24.799699953291565,1,search_360,0.01409999094903469,1,,
1789938570.2417436,368,0.010986089706420898,91.02419757373207,15.923500061035156,0.10140001541003585,0.005399982910603285,1,,0,,0,0,,0,search_360,0.013200042303651571,1,,
1789938570.2837815,369,0.0420379638671875,23.78802177858439,1.9936561584472656,22.61829999042675,0.005300040356814861,1,,0,,0,0,22.513700008857995,1,search_360,0.014599994756281376,1,,
1789938570.2985914,370,0.014809846878051758,67.52264275480142,1.0251998901367188,0.11200003791600466,0.008800008799880743,1,,0,,0,0,,0,search_360,0.013699987903237343,1,,
1789938570.3951273,371,0.09653592109680176,10.358838333320985,4.986763000488281,31.699699989985675,0.00700005330145359,1,6.758299947250634,1,,0,0,24.802600033581257,1,search_360,0.025999965146183968,1,,
1789938570.4058022,372,0.01067495346069336,93.67722338857372,10.67495346069336,0.10760000441223383,0.006399990525096655,1,,0,,0,0,,0,search_360,0.016300007700920105,1,,
1789938570.453005,373,0.04720282554626465,21.18517246430249,4.020929336547852,24.82600003713742,0.005699985194951296,1,,0,,0,0,24.72230000421405,1,search_360,0.016300007700920105,1,,
1789938570.4639475,374,0.010942459106445312,91.38713613386787,29.918670654296875,0.10790000669658184,0.006299989763647318,1,,0,,0,0,,0,search_360,0.014999997802078724,1,,
1789938570.5622003,375,0.09825277328491211,10.177829760593252,2.0225048065185547,31.31089999806136,0.007299997378140688,1,6.565499992575496,1,,0,0,24.62710003601387,1,search_360,0.019499973859637976,1,,
1789938570.5734053,376,0.011204957962036133,89.24620720471519,19.087553024291992,0.0782000133767724,0.005199981387704611,1,,0,,0,0,,0,search_360,0.01360004534944892,1,,
1789938570.61177,377,0.03836464881896973,26.065662811581415,0.9965896606445312,22.385199961718172,0.005299982149153948,1,,0,,0,0,22.295699978712946,1,search_360,0.016200006939470768,1,,
1789938570.6256979,378,0.013927936553955078,71.79814440754562,1.9922256469726562,0.08950004121288657,0.005099980626255274,1,,0,,0,0,,0,search_360,0.01390004763379693,1,,
1789938570.7270432,379,0.10134530067443848,9.867255741954912,2.025127410888672,29.58900004159659,0.00500003807246685,1,7.012000016402453,1,,0,0,22.504900000058115,1,search_360,0.012499978765845299,1,,
1789938570.7360206,380,0.008977413177490234,111.39066234662984,12.967586517333984,0.09700004011392593,0.005999987479299307,1,,0,,0,0,,0,search_360,0.015300000086426735,1,,
1789938570.7801893,381,0.044168710708618164,22.640461628980283,1.996755599975586,21.905899979174137,0.005399982910603285,1,,0,,0,0,21.801199996843934,1,search_360,0.016200006939470768,1,,
1789938570.7921562,382,0.011966943740844727,83.56352479429403,1.995086669921875,0.10269996710121632,0.006999995093792677,1,,0,,0,0,,0,search_360,0.015199999324977398,1,,
1789938570.8915224,383,0.0993661880493164,10.063785475031912,1.9974708557128906,31.463699997402728,0.005599984433501959,1,6.530600017867982,1,,0,0,24.84649996040389,1,search_360,0.014200049918144941,1,,
1789938570.9004993,384,0.008976936340332031,111.39657919898013,11.995553970336914,0.08659996092319489,0.005100038833916187,1,,0,,0,0,,0,search_360,0.012699980288743973,1,,
1789938570.9645214,385,0.06402206420898438,15.61961508669487,2.912759780883789,25.50129999872297,0.005299982149153948,1,,0,,0,0,25.407699984498322,1,search_360,0.014199991710484028,1,,
1789938570.9754934,386,0.010972023010253906,91.14089526292916,18.948078155517578,0.10649999603629112,0.007099995855242014,1,,0,,0,0,,0,search_360,0.016400008462369442,1,,
1789938571.0631187,387,0.08762526512145996,11.412233659023691,2.9916763305664062,32.166299992240965,0.006799993570894003,1,7.904600002802908,1,,0,0,24.156400002539158,1,search_360,0.01799996243789792,1,,
1789938571.0730975,388,0.009978771209716797,100.21273952310412,13.965845108032227,0.11669995728880167,0.008000002708286047,1,,0,,0,0,,0,search_360,0.018000020645558834,1,,
1789938571.1203265,389,0.04722905158996582,21.17340844956662,1.600027084350586,25.066100002732128,0.005800044164061546,1,,0,,0,0,24.95330001693219,1,search_360,0.015600002370774746,1,,
1789938571.1321893,390,0.011862754821777344,84.29745156363052,8.873224258422852,0.1010000123642385,0.006099988240748644,1,,0,,0,0,,0,search_360,0.014999997802078724,1,,
1789938571.2309015,391,0.09871220588684082,10.130459460569186,3.0357837677001953,34.22610001871362,0.006799993570894003,1,7.022899982985109,1,,0,0,27.10890001617372,1,search_360,0.016400008462369442,1,,
1789938571.2427955,392,0.011893987655639648,84.07609196784733,21.867036819458008,0.118900032248348,0.006499991286545992,1,,0,,0,0,,0,search_360,0.03160000778734684,1,,
1789938571.287673,393,0.04487752914428711,22.282866705626095,2.0236968994140625,27.49700000276789,0.007199996616691351,1,,0,,0,0,27.36379997804761,1,search_360,0.023900007363408804,1,,
1789938571.3008685,394,0.013195514678955078,75.78332670834388,12.197732925415039,0.10000000474974513,0.006300047971308231,1,,0,,0,0,,0,search_360,0.01599994720891118,1,,
1789938571.3957047,395,0.09483623504638672,10.544492825035448,2.9938220977783203,32.68120001303032,0.006999995093792677,1,7.597099989652634,1,,0,0,24.982000002637506,1,search_360,0.018200022168457508,1,,
1789938571.4064167,396,0.010711908340454102,93.35404749716218,14.730691909790039,0.0906999921426177,0.006100046448409557,1,,0,,0,0,,0,search_360,0.01479999627918005,1,,
1789938571.453901,397,0.047484397888183594,21.059548914462454,3.021717071533203,25.91749996645376,0.005300040356814861,1,,0,,0,0,25.81839996855706,1,search_360,0.01610000617802143,1,,
1789938571.4648745,398,0.010973453521728516,91.12901403554513,33.75720977783203,0.15009997878223658,0.007299997378140688,1,,0,,0,0,,0,search_360,0.01780001912266016,1,,
1789938571.5641658,399,0.09929132461547852,10.07137334377056,3.324747085571289,33.03390002110973,0.005799985956400633,1,7.465299975592643,1,,0,0,25.473900022916496,1,search_360,0.017300015315413475,1,,
1789938571.576101,400,0.011935234069824219,83.78553735517379,17.92144775390625,0.1018000184558332,0.006199989002197981,1,,0,,0,0,,0,search_360,0.015500001609325409,1,,
1789938571.6191592,401,0.043058156967163086,23.224403235898315,2.991199493408203,25.95739997923374,0.006399990525096655,1,,0,,0,0,25.851799990050495,1,search_360,0.017400016076862812,1,,
1789938571.6407,402,0.02154088020324707,46.42335831055131,18.948793411254883,0.12580002658069134,0.008200004231184721,1,,0,,0,0,,0,search_360,0.019199971575289965,1,,
1789938571.7349992,403,0.0942990779876709,10.604557556021328,2.9914379119873047,37.239500030409545,0.006199989002197981,1,7.076999987475574,1,,0,0,30.070000037085265,1,search_360,0.015600002370774746,1,,
1789938571.749415,404,0.014415740966796875,69.36861603598835,26.383161544799805,0.15349994646385312,0.009100011084228754,1,,0,,0,0,,0,search_360,0.024600012693554163,1,,
1789938571.7953198,405,0.04590487480163574,21.784178789751685,10.997295379638672,26.298200013116002,0.005499983672052622,1,,0,,0,0,26.18590003112331,1,search_360,0.01580000389367342,1,,
1789938571.8052945,406,0.00997471809387207,100.25345985610824,16.955137252807617,0.10459998156875372,0.006999995093792677,1,,0,,0,0,,0,search_360,0.01650000922381878,1,,
1789938571.8948233,407,0.08952879905700684,11.169590238368517,3.988504409790039,33.59150001779199,0.005699985194951296,1,7.236900040879846,1,,0,0,26.262399973347783,1,search_360,0.015600002370774746,1,,
1789938571.906793,408,0.011969804763793945,83.54355143909969,18.948078155517578,0.0947999651543796,0.006100046448409557,1,,0,,0,0,,0,search_360,0.015600002370774746,1,,
1789938571.9535248,409,0.04673171043395996,21.398745963154376,2.99072265625,25.688400026410818,0.005199981387704611,1,,0,,0,0,25.5979000357911,1,search_360,0.014899997040629387,1,,
1789938571.9665203,410,0.012995481491088867,76.94982295851909,9.973287582397461,0.1270999782718718,0.008200004231184721,1,,0,,0,0,,0,search_360,0.021099986042827368,1,,
1789938572.0674293,411,0.10090899467468262,9.909919360745482,3.5479068756103516,35.40630004135892,0.007499998901039362,1,6.7560000461526215,1,,0,0,28.521700005512685,1,search_360,0.020199979189783335,1,,
1789938572.0779436,412,0.010514259338378906,95.10893424036281,21.920204162597656,0.09430001955479383,0.006299989763647318,1,,0,,0,0,,0,search_360,0.01409999094903469,1,,
1789938572.1148126,413,0.036869049072265625,27.123021210553542,2.0270347595214844,24.169899988919497,0.005799985956400633,1,,0,,0,0,24.06109997536987,1,search_360,0.0171000137925148,1,,
1789938572.1258802,414,0.011067628860473633,90.35358997005666,2.233266830444336,0.10019994806498289,0.006099988240748644,1,,0,,0,0,,0,search_360,0.015700003132224083,1,,
1789938572.2299075,415,0.10402727127075195,9.612863894096561,0.0,33.10900001088157,0.006100046448409557,1,8.397000026889145,1,,0,0,24.617900024168193,1,search_360,0.01699995482340455,1,,
1789938572.2404177,416,0.01051020622253418,95.14561168704489,18.61119270324707,0.09199994383379817,0.005999987479299307,1,,0,,0,0,,0,search_360,0.015199999324977398,1,,
1789938572.2821546,417,0.04173684120178223,23.959647429123084,3.021240234375,23.93080003093928,0.005499983672052622,1,,0,,0,0,23.833600047510117,1,search_360,0.016000005416572094,1,,
1789938572.2941544,418,0.011999845504760742,83.33440623075242,5.985260009765625,0.09310001041740179,0.005999987479299307,1,,0,,0,0,,0,search_360,0.014999997802078724,1,,
1789938572.436801,419,0.14264655113220215,7.010334228643346,4.02522087097168,74.05749999452382,0.007599999662488699,1,7.739700027741492,1,,0,0,66.21269998140633,1,search_360,0.01999997766688466,1,,
1789938572.4467816,422,0.00998067855834961,100.19358845731212,11.0015869140625,0.09699998190626502,0.006699992809444666,1,,0,,0,0,,0,search_360,0.016200006939470768,1,,
1789938572.546813,423,0.10003137588500977,9.996863395636401,3.1049251556396484,23.70880002854392,0.005399982910603285,1,,0,,0,0,23.6183000379242,1,search_360,0.014999997802078724,1,,
1789938572.5584416,424,0.01162862777709961,85.99466929101571,2.994537353515625,0.09799998952075839,0.00689999433234334,1,,0,,0,0,,0,search_360,0.015500001609325409,1,,
1789938572.625455,425,0.06701326370239258,14.922419007094216,0.9946823120117188,32.14660001685843,0.006399990525096655,1,7.193900004494935,1,,0,0,24.858699995093048,1,search_360,0.016600009985268116,1,,
1789938572.6355622,426,0.010107278823852539,98.93859835350176,11.847257614135742,0.10240002302452922,0.020200037397444248,1,,0,,0,0,,0,search_360,0.013999990187585354,1,,
1789938572.7216632,427,0.08610105514526367,11.6142595269346,3.0248165130615234,25.065399997401983,0.00500003807246685,1,,0,,0,0,24.97819997370243,1,search_360,0.014599994756281376,1,,
1789938572.732634,428,0.010970830917358398,91.15079865261328,7.978916168212891,0.10299996938556433,0.00589998671784997,1,,0,,0,0,,0,search_360,0.01409999094903469,1,,
1789938572.7963374,429,0.06370329856872559,15.697774251378227,3.989696502685547,32.95029996661469,0.005999987479299307,1,6.884700036607683,1,,0,0,25.962799962144345,1,search_360,0.01610000617802143,1,,
1789938572.8063653,430,0.010027885437011719,99.72192106514503,17.304182052612305,0.0934000127017498,0.006199989002197981,1,,0,,0,0,,0,search_360,0.015099998563528061,1,,
1789938572.8872666,431,0.0809013843536377,12.360727915715023,1.993417739868164,26.312900008633733,0.005699985194951296,1,,0,,0,0,26.183800015132874,1,search_360,0.017000013031065464,1,,
1789938572.898779,432,0.011512279510498047,86.86377003686368,10.515213012695312,0.11229998199269176,0.007599999662488699,1,,0,,0,0,,0,search_360,0.019000028260052204,1,,
1789938572.9607031,433,0.06192421913146973,16.148770449198974,3.0121803283691406,32.77460002573207,0.007499998901039362,1,7.380800030659884,1,,0,0,25.211600004695356,1,search_360,0.10250002378597856,1,,
1789938572.971674,434,0.010970830917358398,91.15079865261328,13.962507247924805,0.09919999865815043,0.006699992809444666,1,,0,,0,0,,0,search_360,0.016700010746717453,1,,
1789938573.053198,435,0.08152413368225098,12.266306366377432,3.022432327270508,24.39159998903051,0.005400041118264198,1,,0,,0,0,24.294700007885695,1,search_360,0.016799953300505877,1,,
1789938573.0651972,436,0.011999130249023438,83.33937370847242,8.009195327758789,0.11790002463385463,0.00790000194683671,1,,0,,0,0,,0,search_360,0.018899969290941954,1,,
1789938573.124446,437,0.05924868583679199,16.878011484585947,1.992940902709961,32.01409999746829,0.00589998671784997,1,7.098499976564199,1,,0,0,24.795299977995455,1,search_360,0.0171000137925148,1,,
1789938573.1340525,438,0.009606599807739258,104.09510336783065,11.803865432739258,0.09089999366551638,0.005699985194951296,1,,0,,0,0,,0,search_360,0.01379998866468668,1,,
1789938573.218089,439,0.08403658866882324,11.899578693524363,2.9938220977783203,24.7277999878861,0.005500041879713535,1,,0,,0,0,24.61860002949834,1,search_360,0.015700003132224083,1,,
1789938573.2299984,440,0.011909246444702148,83.9683690016216,7.351875305175781,0.0947999651543796,0.00600004568696022,1,,0,,0,0,,0,search_360,0.015099998563528061,1,,
1789938573.2960796,441,0.06608128547668457,15.132877527826386,3.992795944213867,32.84849994815886,0.005600042641162872,1,7.833099982235581,1,,0,0,24.916899972595274,1,search_360,0.016899954061955214,1,,
1789938573.3080785,442,0.011998891830444336,83.34102966598446,15.984535217285156,0.09889999637380242,0.006199989002197981,1,,0,,0,0,,0,search_360,0.016000005416572094,1,,
1789938573.383616,443,0.07553744316101074,13.238467681100412,2.0270347595214844,24.479999963659793,0.005700043402612209,1,,0,,0,0,24.371400009840727,1,search_360,0.016300007700920105,1,,
1789938573.3956168,444,0.012000799179077148,83.32778384821695,4.019975662231445,0.14679995365440845,0.008100003469735384,1,,0,,0,0,,0,search_360,0.020300038158893585,1,,
1789938573.439865,445,0.044248342514038086,22.599716581084213,10.941505432128906,31.5419000107795,0.005799985956400633,1,6.500800023786724,1,,0,0,24.952400010079145,1,search_360,0.015099998563528061,1,,
1789938573.463705,446,0.023839950561523438,41.94639571165693,2.9938220977783203,0.11799996718764305,0.007099995855242014,1,,0,,0,0,,0,search_360,0.017900019884109497,1,,
1789938573.550574,447,0.0868690013885498,11.511586227717473,3.1156539916992188,24.37689999351278,0.005399982910603285,1,,0,,0,0,24.287300009746104,1,search_360,0.015400000847876072,1,,
1789938573.5619118,448,0.011337757110595703,88.20086638347983,7.346153259277344,0.11319998884573579,0.020000035874545574,1,,0,,0,0,,0,search_360,0.014899997040629387,1,,
1789938573.6366262,449,0.07471442222595215,13.384296769046669,4.986763000488281,37.45230002095923,0.006199989002197981,1,7.487499970011413,1,,0,0,29.860800015740097,1,search_360,0.01780001912266016,1,,
1789938573.6502635,450,0.013637304306030273,73.32827496984213,26.54409408569336,0.10160001693293452,0.006799993570894003,1,,0,,0,0,,0,search_360,0.01610000617802143,1,,
1789938573.7227676,451,0.07250404357910156,13.792334201457397,3.988981246948242,27.46300003491342,0.006999995093792677,1,,0,,0,0,27.327400050126016,1,search_360,0.019799976143985987,1,,
1789938573.735764,452,0.012996435165405273,76.94417640476235,10.003805160522461,0.10439998004585505,0.006699992809444666,1,,0,,0,0,,0,search_360,0.016300007700920105,1,,
1789938573.8000517,453,0.06428766250610352,15.555084148611863,4.022836685180664,35.941599984653294,0.006800051778554916,1,7.468900003004819,1,,0,0,28.365599981043488,1,search_360,0.019499973859637976,1,,
1789938573.8120227,454,0.011970996856689453,83.53523202549293,18.9516544342041,0.10429997928440571,0.00689999433234334,1,,0,,0,0,,0,search_360,0.015900004655122757,1,,
1789938573.8882947,455,0.07627201080322266,13.110969403703566,3.0088424682617188,26.998700050171465,0.006699992809444666,1,,0,,0,0,26.875300041865557,1,search_360,0.019000028260052204,1,,
1789938573.9012341,456,0.012939453125,77.28301886792453,11.942148208618164,0.09650003630667925,0.006299989763647318,1,,0,,0,0,,0,search_360,0.015099998563528061,1,,
1789938573.9606812,457,0.05944705009460449,16.821692555115725,1.9927024841308594,35.563800018280745,0.00689999433234334,1,7.536100049037486,1,,0,0,27.916899998672307,1,search_360,0.017799960914999247,1,,
1789938573.9716535,458,0.010972261428833008,91.13891484322374,12.964725494384766,0.0942000187933445,0.005799985956400633,1,,0,,0,0,,0,search_360,0.013300043065100908,1,,
1789938574.052918,459,0.08126449584960938,12.305496878373939,2.9938220977783203,25.380699953529984,0.005200039595365524,1,,0,,0,0,25.277299981098622,1,search_360,0.015900004655122757,1,,
1789938574.0656862,460,0.012768268585205078,78.31915449826343,8.32986831665039,0.12700003571808338,0.006299989763647318,1,,0,,0,0,,0,search_360,0.014300050679594278,1,,
1789938574.1236272,461,0.05794095993041992,17.258947749586458,0.9663105010986328,30.293899995740503,0.005499983672052622,1,6.564499984961003,1,,0,0,23.60780001617968,1,search_360,0.018499966245144606,1,,
1789938574.1349008,462,0.011273622512817383,88.70263297028656,9.249687194824219,0.12729997979477048,0.00600004568696022,1,,0,,0,0,,0,search_360,0.016200006939470768,1,,
1789938574.2176495,463,0.0827486515045166,12.084789078954572,2.993345260620117,23.70140003040433,0.0048999791033566,1,,0,,0,0,23.583900008816272,1,search_360,0.016200006939470768,1,,
1789938574.229646,464,0.01199650764465332,83.35759286125962,5.0144195556640625,0.14239997835829854,0.008699949830770493,1,,0,,0,0,,0,search_360,0.020200037397444248,1,,
1789938574.2967777,465,0.06713175773620605,14.896079496823182,2.993345260620117,32.04839996760711,0.006699992809444666,1,7.665300043299794,1,,0,0,24.272199952974916,1,search_360,0.01729995710775256,1,,
1789938574.306772,466,0.009994268417358398,100.05734869629524,14.01519775390625,0.11009996524080634,0.005800044164061546,1,,0,,0,0,,0,search_360,0.014599994756281376,1,,
1789938574.3839028,467,0.07713079452514648,12.964990263052147,1.9879341125488281,24.25670000957325,0.005599984433501959,1,,0,,0,0,24.133300001267344,1,search_360,0.01610000617802143,1,,
1789938574.39445,468,0.010547161102294922,94.81224286812242,5.079030990600586,0.1002000062726438,0.005799985956400633,1,,0,,0,0,,0,search_360,0.013999990187585354,1,,
1789938574.460202,469,0.06575202941894531,15.208656049662054,2.0291805267333984,33.36669999407604,0.00689999433234334,1,7.093799998983741,1,,0,0,26.14129998255521,1,search_360,0.020599982235580683,1,,
1789938574.4711387,470,0.010936737060546875,91.43494942448552,36.86928749084473,0.10610005119815469,0.005699985194951296,1,,0,,0,0,,0,search_360,0.01580000389367342,1,,
1789938574.5513716,471,0.08023285865783691,12.463721431946297,0.9965896606445312,24.026900005992502,0.005099980626255274,1,,0,,0,0,23.918299993965775,1,search_360,0.014599994756281376,1,,
1789938574.564371,472,0.012999534606933594,76.92583082679187,5.020856857299805,0.12330000754445791,0.006699992809444666,1,,0,,0,0,,0,search_360,0.015600002370774746,1,,
1789938574.6232524,473,0.058881282806396484,16.983325639966637,0.9968280792236328,31.596199958585203,0.005300040356814861,1,6.305299990344793,1,,0,0,25.195599999278784,1,search_360,0.014499993994832039,1,,
1789938574.6342573,474,0.011004924774169922,90.86840850990077,8.01229476928711,0.10190001921728253,0.005599984433501959,1,,0,,0,0,,0,search_360,0.013999990187585354,1,,
1789938574.7171593,475,0.0829019546508789,12.062441762817931,1.9938945770263672,25.3604999743402,0.005400041118264198,1,,0,,0,0,25.25710000190884,1,search_360,0.014199991710484028,1,,
1789938574.7275972,476,0.010437965393066406,95.80411146642302,3.6666393280029297,0.09960000170394778,0.005800044164061546,1,,0,,0,0,,0,search_360,0.013699987903237343,1,,
1789938574.7921586,477,0.06456136703491211,15.489139185346579,1.9941329956054688,33.58369995839894,0.005700043402612209,1,7.149500015657395,1,,0,0,26.324499980546534,1,search_360,0.017099955584853888,1,,
1789938574.8177676,478,0.02560901641845703,39.04874688116784,13.000249862670898,15.602500003296882,0.007800001185387373,1,,0,15.55809995625168,1,0,,0,search_360,0.02370000584051013,1,,
1789938574.9085653,479,0.09079766273498535,11.013499355360485,4.0187835693359375,47.718899964820594,0.009600014891475439,1,,0,12.278800015337765,1,0,35.38799996022135,1,search_360,0.02819998189806938,1,,
1789938574.9429393,481,0.03437399864196777,29.0917565458644,1.995086669921875,18.383099988568574,0.009500014130026102,1,,0,18.325700017157942,1,0,,0,search_360,0.02989999484270811,1,,
1789938575.0179608,482,0.07502150535583496,13.329511254898097,6.980419158935547,55.507700017187744,0.009500014130026102,1,8.5209000390023,1,14.850699983071536,1,0,32.09619998233393,1,search_360,0.027799978852272034,1,,
1789938575.0496645,483,0.03170371055603027,31.542049257379208,8.975744247436523,16.26489998307079,0.008400005754083395,1,,0,16.214200004469603,1,0,,0,search_360,0.02600002335384488,1,,
1789938575.1077464,484,0.058081865310668945,17.217077906351467,7.9803466796875,43.096099980175495,0.009000010322779417,1,,0,13.376499991863966,1,0,29.672499978914857,1,search_360,0.026399968191981316,1,,
1789938575.1366694,485,0.02892303466796875,34.57451859667634,33.90908241271973,14.389100018888712,0.00909995287656784,1,,0,14.332599996123463,1,0,,0,search_360,0.027800037059932947,1,,
1789938575.2319484,486,0.09527897834777832,10.495494571214802,26.968717575073242,81.9844999932684,0.008700008038431406,1,8.800200012046844,1,14.343899965751916,1,0,58.80469997646287,1,search_360,0.024500011932104826,1,,
1789938575.2618685,488,0.029920101165771484,33.422346885110045,25.964021682739258,15.17309999326244,0.009400013368576765,1,,0,15.119100047741085,1,0,,0,search_360,0.02829998265951872,1,,
1789938575.3244824,489,0.06261396408081055,15.970878296563122,20.83134651184082,48.60450001433492,0.009400013368576765,1,,0,14.234900008887053,1,0,34.320699982345104,1,search_360,0.027099973522126675,1,,
1789938575.355913,490,0.03143048286437988,31.81624680457259,50.75716972351074,15.442000003531575,0.009599956683814526,1,,0,15.38670004811138,1,0,,0,search_360,0.030399998649954796,1,,
1789938575.4261923,491,0.07027935981750488,14.228928701068279,13.962745666503906,54.698800027836114,0.008700008038431406,1,8.429300040006638,1,13.645300001371652,1,0,32.58790000109002,1,search_360,0.025399960577487946,1,,
1789938575.4561133,493,0.02992105484008789,33.421281614049626,41.2750244140625,15.631299989763647,0.015199999324977398,1,,0,15.550299955066293,1,0,,0,search_360,0.046900007873773575,1,,
1789938575.5124168,494,0.05630350112915039,17.76088484632909,12.964248657226562,41.80639999685809,0.00890000956133008,1,,0,12.106699985451996,1,0,29.653400008101016,1,search_360,0.026300025638192892,1,,
1789938575.54044,495,0.028023242950439453,35.684663683234355,3.9894580841064453,14.585099997930229,0.008100003469735384,1,,0,14.537899987772107,1,0,,0,search_360,0.02340000355616212,1,,
1789938575.6134877,496,0.07304763793945312,13.689696589900256,4.022836685180664,54.652600025292486,0.008700008038431406,1,8.002599992323667,1,13.627800042741,1,0,32.98449999419972,1,search_360,0.02629996743053198,1,,
1789938575.6418624,498,0.028374671936035156,35.24269821530602,2.9926300048828125,13.242199958767742,0.008300004992634058,1,,0,13.191399979405105,1,0,,0,search_360,0.02440001117065549,1,,
1789938575.7406332,499,0.0987708568572998,10.124443908032104,1.9974708557128906,46.10420000972226,0.007599999662488699,1,,0,15.244400012306869,1,0,30.81460000248626,1,search_360,0.024699955247342587,1,,
1789938575.7712643,501,0.030631065368652344,32.64659547308447,0.9970664978027344,15.578099992126226,0.009600014891475439,1,,0,15.521900029852986,1,0,,0,search_360,0.028499984182417393,1,,
1789938575.871089,502,0.09982466697692871,10.017564097971077,2.991914749145508,76.2690999545157,10.068600007798523,1,8.222300035413355,1,29.408999951556325,1,0,28.524599969387054,1,face,0.04150002496317029,1,,
1789938575.9040089,503,0.032919883728027344,30.376778006315362,26.928424835205078,19.120800017844886,2.234899962786585,1,,0,16.83119998779148,1,0,,0,face,0.03590004052966833,1,,
1789938575.9754598,504,0.07145094871520996,13.995615425427196,27.923107147216797,57.058900012634695,10.918500018306077,1,,0,14.737799996510148,1,0,31.341000052634627,1,face,0.04840001929551363,1,,
1789938576.002388,506,0.026928186416625977,37.13580946478375,33.04719924926758,14.852099993731827,2.1959999576210976,1,,0,12.616100022569299,1,0,,0,face,0.026900030206888914,1,,
1789938576.0897093,507,0.08732128143310547,11.451962037067375,2.0029544830322266,66.0737999714911,11.039300006814301,1,9.58589999936521,1,13.241699954960495,1,0,32.173899991903454,1,face,0.028800044674426317,1,,
1789938576.117782,509,0.028072834014892578,35.62162621235541,11.02137565612793,15.025900036562234,2.075499971397221,1,,0,12.908499978948385,1,0,,0,face,0.02840004162862897,1,,
1789938576.1914058,510,0.0736236572265625,13.58259067357513,12.011289596557617,57.65769997378811,11.744900024496019,1,,0,13.53880000533536,1,0,32.33049996197224,1,face,0.030199997127056122,1,,
1789938576.231588,511,0.04018211364746094,24.886694830777994,22.488117218017578,20.424999995157123,2.249700017273426,1,,0,18.12880003126338,1,0,,0,face,0.02859998494386673,1,,
1789938576.3228185,512,0.09123063087463379,10.961230788529436,20.684003829956055,76.68880000710487,11.709899990819395,1,10.346699971705675,1,15.51080000353977,1,0,39.085299998987466,1,face,0.032100011594593525,1,,
1789938576.3536408,514,0.030822277069091797,32.44406627577778,46.35119438171387,16.542600002139807,2.196999965235591,1,,0,14.29170003393665,1,0,,0,face,0.03549997927621007,1,,
1789938576.4314327,515,0.07779192924499512,12.8548039585268,10.972261428833008,64.0700000221841,14.336399966850877,1,,0,14.471800008323044,1,0,35.21569998702034,1,face,0.031200004741549492,1,,
1789938576.4614458,518,0.030013084411621094,33.31880143624289,15.051126480102539,15.763700008392334,1.8835000228136778,1,,0,13.83799995528534,1,0,,0,face,0.02600002335384488,1,,
1789938576.5915723,519,0.1301264762878418,7.684831162168599,1.9960403442382812,63.57080000452697,10.428300010971725,1,7.296199968550354,1,14.32399998884648,1,0,31.48860001238063,1,face,0.030099996365606785,1,,
1789938576.6213462,521,0.029773950576782227,33.58640625875834,11.821985244750977,15.879199956543744,2.1889000199735165,1,,0,13.626599975395948,1,0,,0,face,0.0475000124424696,1,,
1789938576.7005045,522,0.07915830612182617,12.632913069930787,12.96544075012207,64.46830002823845,13.902699982281774,1,,0,14.468699984718114,1,0,36.05659998720512,1,face,0.026900030206888914,1,,
1789938576.7343206,523,0.03381609916687012,29.57171361088589,24.93429183959961,17.928499961271882,2.7083000168204308,1,,0,15.169200021773577,1,0,,0,face,0.03029999788850546,1,,
1789938576.8208823,524,0.08656167984008789,11.552456027278787,28.415918350219727,68.37739999173209,9.737400047015399,1,9.777900006156415,1,15.14199998928234,1,0,33.689600008074194,1,face,0.027399975806474686,1,,
1789938576.8499036,526,0.029021263122558594,34.45749400282607,43.26367378234863,16.05149998795241,1.9203000119887292,1,,0,14.087599993217736,1,0,,0,face,0.030199997127056122,1,,
1789938576.9357069,527,0.08580327033996582,11.654567431262764,5.983829498291016,70.57169999461621,13.302500010468066,1,,0,13.967900013085455,1,0,43.25500002596527,1,face,0.03219995414838195,1,,
1789938576.9726102,529,0.03690338134765625,27.097787885052718,25.93064308166504,18.52460001828149,2.170100051444024,1,,0,16.28579996759072,1,0,,0,face,0.04339998122304678,1,,
1789938577.0648766,530,0.09226632118225098,10.838190871669513,32.90987014770508,73.79070000024512,12.024199997540563,1,9.96230001328513,1,13.889800000470132,1,0,37.87890000967309,1,face,0.03170000854879618,1,,
1789938577.1007807,532,0.0359041690826416,27.851918747883367,21.9419002532959,18.81080004386604,2.653899951837957,1,,0,16.108999960124493,1,0,,0,face,0.02940004924312234,1,,
1789938577.194766,533,0.09398531913757324,10.639959614716275,28.921842575073242,73.39560001855716,13.569700007792562,1,,0,17.734099994413555,1,0,42.032099969219416,1,face,0.04169996827840805,1,,
1789938577.2256866,535,0.03092050552368164,32.34099776389853,18.950939178466797,13.447300007101148,0.007800001185387373,1,,0,13.398499984759837,1,0,,0,face,0.027300033252686262,1,,
1789938577.2920232,536,0.06633663177490234,15.074627294814475,12.964248657226562,50.45029998291284,0.009600014891475439,1,8.035300008486956,1,12.785800034180284,1,0,29.588799981866032,1,face,0.028099981136620045,1,,
1789938577.3239377,538,0.031914472579956055,31.333746703620974,12.967348098754883,14.824999962002039,0.008200004231184721,1,,0,14.773900038562715,1,0,,0,face,0.02829998265951872,1,,
1789938577.408001,539,0.08406329154968262,11.895798767396416,1.997232437133789,45.53590004798025,0.008700008038431406,1,,0,11.574600008316338,1,0,33.91380002722144,1,face,0.02729997504502535,1,,
1789938577.4409127,540,0.03291177749633789,30.384259862940265,32.912254333496094,15.864800021518022,0.007800001185387373,1,,0,15.811300021596253,1,0,,0,face,0.02619996666908264,1,,
1789938577.510025,542,0.06911230087280273,14.469204285940982,24.36089515686035,54.29759999969974,0.008300004992634058,1,9.207600029185414,1,13.526799972169101,1,0,31.522999983280897,1,face,0.029199989512562752,1,,
1789938577.5439339,543,0.033908843994140625,29.490831364607942,2.9916763305664062,14.714199991431087,0.008500006515532732,1,,0,14.65920003829524,1,0,,0,face,0.02719997428357601,1,,
1789938577.6083848,544,0.06445097923278809,15.515668061273939,3.988981246948242,44.494700036011636,0.008700008038431406,1,,0,15.228300006128848,1,0,29.219300020486116,1,face,0.02619996666908264,1,,
1789938577.6412973,546,0.032912492752075195,30.383599550871093,1.9955635070800781,14.679300016723573,0.009899958968162537,1,,0,14.614799991250038,1,0,,0,face,0.03660004585981369,1,,
1789938577.7475858,547,0.10628843307495117,9.408361484591953,1.9941329956054688,54.648199991788715,0.008600007276982069,1,8.499799994751811,1,13.83509999141097,1,0,32.274600001983345,1,face,0.027699978090822697,1,,
1789938577.7794461,549,0.0318603515625,31.386973180076627,7.9784393310546875,14.060699963010848,0.009100011084228754,1,,0,14.008300029672682,1,0,,0,face,0.029399991035461426,1,,
1789938577.842054,550,0.0626077651977539,15.9724595957288,6.982326507568359,45.65379995619878,0.008500006515532732,1,,0,11.618199991062284,1,0,33.99049997096881,1,face,0.02570002106949687,1,,
1789938577.8772068,551,0.03515291213989258,28.447145318159006,3.9882659912109375,13.063200050964952,0.010000017937272787,1,,0,12.998700025491416,1,0,,0,face,0.0363999861292541,1,,
1789938577.9499872,552,0.07278037071228027,13.739968486190596,0.9975433349609375,57.273700018413365,0.008500006515532732,1,8.68959998479113,1,13.292799994815141,1,0,35.25200003059581,1,face,0.02829998265951872,1,,
1789938577.9784214,554,0.028434276580810547,35.16882158608777,9.97304916381836,12.71380000980571,0.007700000423938036,1,,0,12.66020000912249,1,0,,0,hover,0.031400006264448166,1,,
1789938578.0758722,555,0.09745073318481445,10.261595447450444,0.9975433349609375,49.54770003678277,0.008500006515532732,1,,0,14.139699982479215,1,0,35.35660001216456,1,hover,0.03029999788850546,1,,
1789938578.092829,557,0.016956806182861328,58.973369702764266,1.9946098327636719,0.06450002547353506,0.008500006515532732,1,,0,,0,0,,0,hover,0.023900007363408804,1,,
1789938578.1667368,558,0.07390785217285156,13.53036207385997,1.9941329956054688,43.4489999897778,0.006699992809444666,1,8.503099961671978,1,,0,0,34.904300002381206,1,hover,0.02069998299703002,1,,
1789938578.1971772,559,0.030440330505371094,32.851154484789625,2.9916763305664062,0.042199972085654736,0.005699985194951296,1,,0,,0,0,,0,hover,0.016700010746717453,1,,
1789938578.2536237,560,0.05644655227661133,17.71587386063171,2.9897689819335938,25.631099997553974,0.006099988240748644,1,,0,,0,0,25.584599992725998,1,hover,0.02099998528137803,1,,
1789938578.2685835,561,0.01495981216430664,66.84575909221304,4.987478256225586,0.04529999569058418,0.006399990525096655,1,,0,,0,0,,0,hover,0.018600025214254856,1,,
1789938578.3204415,562,0.051857948303222656,19.28344704562591,1.995086669921875,30.10050003649667,0.005799985956400633,1,6.327400042209774,1,,0,0,23.736200004350394,1,hover,0.018900027498602867,1,,
1789938578.358344,563,0.0379025936126709,26.38341877653719,1.02996826171875,0.08969998452812433,0.012199976481497288,1,,0,,0,0,,0,hover,0.037699996028095484,1,,
1789938578.4196663,564,0.06132221221923828,16.307304707547317,2.9935836791992188,26.366100006271154,0.004800036549568176,1,,0,,0,0,26.32939995964989,1,hover,0.01699995482340455,1,,
1789938578.4316308,565,0.011964559555053711,83.58017655381305,33.45656394958496,0.04469999112188816,0.00600004568696022,1,,0,,0,0,,0,hover,0.01839996548369527,1,,
1789938578.5016048,566,0.06997394561767578,14.291033486432339,2.961874008178711,43.3012000285089,0.009000010322779417,1,6.390599999576807,1,12.744600011501461,1,0,24.11890000803396,1,hover,0.03509997623041272,1,,
1789938578.544001,567,0.04239630699157715,23.586960067032948,2.9914379119873047,14.324000047054142,0.008500006515532732,1,,0,14.2469999846071,1,0,,0,hover,0.04850002005696297,1,,
1789938578.6123075,568,0.06830644607543945,14.639906735823637,1.9524097442626953,48.680500010959804,0.008000002708286047,1,,0,14.923300012014806,1,0,33.710200048517436,1,hover,0.028200040105730295,1,,
1789938578.6431804,570,0.030872821807861328,32.39094910803923,1.9962787628173828,15.23089996771887,0.008800008799880743,1,,0,15.175100008491427,1,0,,0,hover,0.030099996365606785,1,,
1789938578.7199254,571,0.07674503326416016,13.030159183825631,4.988193511962891,59.87749999621883,0.008700008038431406,1,9.255400043912232,1,14.763699960894883,1,0,35.816799965687096,1,hover,0.03060000017285347,1,,
1789938578.7525346,572,0.03260922431945801,30.666169492516797,12.66336441040039,17.231600009836257,0.011699972674250603,1,,0,17.160599993076175,1,0,,0,hover,0.04320003790780902,1,,
1789938578.8202045,573,0.06766986846923828,14.777625886100033,14.960289001464844,50.50509999273345,0.007399998139590025,1,,0,16.853999986778945,1,0,33.46619999501854,1,hover,0.02829998265951872,1,,
1789938578.834281,575,0.014076471328735352,71.0405311563151,16.071081161499023,0.29500003438442945,0.007099995855242014,1,,0,,0,0,,0,hover,0.022499996703118086,1,,
1789938578.9285579,576,0.09427690505981445,10.607051635451386,3.985166549682617,36.488100013229996,0.005799985956400633,1,6.085800006985664,1,,0,0,30.3682999801822,1,hover,0.018000020645558834,1,,
1789938578.9411185,577,0.012560606002807617,79.61399312871325,20.528316497802734,0.045599997974932194,0.006699992809444666,1,,0,,0,0,,0,hover,0.019200029782950878,1,,
1789938578.9835145,578,0.04239606857299805,23.587092710688218,0.9973049163818359,25.930500007234514,0.005499983672052622,1,,0,,0,0,25.890499993693084,1,hover,0.018000020645558834,1,,
1789938578.9964802,579,0.012965679168701172,77.12669633334559,7.979154586791992,0.04060001811012626,0.005999987479299307,1,,0,,0,0,,0,hover,0.01650000922381878,1,,
1789938579.0901258,580,0.09364557266235352,10.678561426556477,2.9931068420410156,32.36240003025159,0.006099988240748644,1,7.661600015126169,1,,0,0,24.663900025188923,1,hover,0.018600025214254856,1,,
1789938579.1017497,581,0.011623859405517578,86.02994626081963,15.613079071044922,0.03960001049563289,0.005799985956400633,1,,0,,0,0,,0,hover,0.016400008462369442,1,,
1789938579.145283,582,0.0435333251953125,22.970907816333686,1.9958019256591797,23.894199985079467,0.005099980626255274,1,,0,,0,0,23.85399997001514,1,hover,0.018200022168457508,1,,
1789938579.1582482,583,0.012965202331542969,77.12953291651343,3.988504409790039,0.05289999535307288,0.006900052540004253,1,,0,,0,0,,0,hover,0.02319994382560253,1,,
1789938579.2623558,584,0.10410761833190918,9.605444981095088,2.9947757720947266,32.395899994298816,0.005999987479299307,1,6.511299987323582,1,,0,0,25.844599993433803,1,hover,0.020899984519928694,1,,
1789938579.2753208,585,0.012964963912963867,77.13095128634215,22.940397262573242,0.07850001566112041,0.007199996616691351,1,,0,,0,0,,0,hover,0.01850002445280552,1,,
1789938579.3162503,586,0.040929555892944336,24.43222209924798,2.0453929901123047,24.41700000781566,0.004799978341907263,1,,0,,0,0,24.378800007980317,1,hover,0.01750001683831215,1,,
1789938579.3278527,587,0.011602401733398438,86.18905145487425,6.365060806274414,0.040199956856667995,0.005700043402612209,1,,0,,0,0,,0,hover,0.01669995253905654,1,,
1789938579.422737,588,0.09488415718078613,10.539167229937709,0.9865760803222656,32.800800050608814,0.005500041879713535,1,6.8595000193454325,1,,0,0,25.906399998348206,1,hover,0.01799996243789792,1,,
1789938579.433792,589,0.011055231094360352,90.45491599991374,35.45069694519043,0.038700003642588854,0.005399982910603285,1,,0,,0,0,,0,hover,0.016200006939470768,1,,
1789938579.4789326,590,0.04514050483703613,22.15305308636107,3.2792091369628906,23.98750005522743,0.00500003807246685,1,,0,,0,0,23.944900021888316,1,hover,0.02039998071268201,1,,
1789938579.4909036,591,0.011970996856689453,83.53523202549293,0.9953975677490234,0.049900030717253685,0.006599992047995329,1,,0,,0,0,,0,hover,0.021099986042827368,1,,
1789938579.5846472,592,0.09374356269836426,10.667399138836538,3.990650177001953,30.54639999754727,0.007100054062902927,1,6.675900018308312,1,,0,0,23.826199991162866,1,hover,0.022899999748915434,1,,
1789938579.5976412,593,0.012994050979614258,76.95829434322306,11.00015640258789,0.04279997665435076,0.006100046448409557,1,,0,,0,0,,0,hover,0.018099963199347258,1,,
1789938579.6458995,594,0.048258304595947266,20.721822044365396,1.9955635070800781,23.711199988611042,0.004499976057559252,1,,0,,0,0,23.67309998953715,1,hover,0.0171000137925148,1,,
1789938579.658895,595,0.012995481491088867,76.94982295851909,7.980823516845703,0.04350004019215703,0.006199989002197981,1,,0,,0,0,,0,hover,0.018300022929906845,1,,
1789938579.758482,596,0.09958696365356445,10.041474941225479,1.9984245300292969,39.301900018472224,0.007399998139590025,1,7.93839996913448,1,,0,0,31.317700049839914,1,hover,0.023900007363408804,1,,
1789938579.7704804,597,0.011998414993286133,83.34434177844014,16.986846923828125,0.046900007873773575,0.006299989763647318,1,,0,,0,0,,0,hover,0.0192999723367393,1,,
1789938579.8134828,598,0.04300236701965332,23.254533861891165,1.0776519775390625,24.517300014849752,0.004999979864805937,1,,0,,0,0,24.476499995216727,1,hover,0.01850002445280552,1,,
1789938579.825608,599,0.012125253677368164,82.47250132725092,4.527807235717773,0.03890000516548753,0.005299982149153948,1,,0,,0,0,,0,hover,0.018000020645558834,1,,
1789938579.9212623,600,0.09565424919128418,10.454318636700124,5.350351333618164,30.220999964512885,0.005200039595365524,1,6.827700010035187,1,,0,0,23.359799990430474,1,hover,0.01769996015354991,1,,
1789938579.9327443,601,0.011482000350952148,87.09283830644324,13.476371765136719,0.04150002496317029,0.006099988240748644,1,,0,,0,0,,0,hover,0.017600017599761486,1,,
1789938579.9815843,602,0.04884004592895508,20.475001220405176,1.0280609130859375,26.01819997653365,0.004699977580457926,1,,0,,0,0,25.97839996451512,1,hover,0.017300015315413475,1,,
1789938579.9945476,603,0.012963294982910156,77.14088133598176,7.976770401000977,0.04140002420172095,0.005399982910603285,1,,0,,0,0,,0,hover,0.01850002445280552,1,,
1789938580.087893,604,0.09334540367126465,10.712900267930802,3.027200698852539,31.363699992652982,0.006199989002197981,1,6.945999979507178,1,,0,0,24.37810000265017,1,hover,0.020200037397444248,1,,
1789938580.0998583,605,0.011965274810791016,83.57518032917547,13.993024826049805,0.04290003562346101,0.006099988240748644,1,,0,,0,0,,0,hover,0.01810002140700817,1,,
1789938580.1470556,606,0.04719734191894531,21.187633865427358,0.0,24.97239998774603,0.004800036549568176,1,,0,,0,0,24.932200030889362,1,hover,0.01829996472224593,1,,
1789938580.16002,607,0.012964487075805664,77.13378818250364,8.974552154541016,0.04040001658722758,0.005499983672052622,1,,0,,0,0,,0,hover,0.01780001912266016,1,,
1789938580.2606905,608,0.10067033767700195,9.933412592778549,4.987001419067383,37.65389998443425,0.006100046448409557,1,10.092799959238619,1,,0,0,27.522000018507242,1,hover,0.019599974621087313,1,,
1789938580.2756505,609,0.014960050582885742,66.84469377022009,19.94609832763672,0.048200017772614956,0.00689999433234334,1,,0,,0,0,,0,hover,0.020199979189783335,1,,
1789938580.326912,610,0.05126142501831055,19.5078462926616,5.986690521240234,34.88099999958649,0.005500041879713535,1,,0,,0,0,34.84010003739968,1,hover,0.01839996548369527,1,,
1789938580.3387935,611,0.011881589889526367,84.16382060800642,18.762588500976562,0.03950000973418355,0.005799985956400633,1,,0,,0,0,,0,hover,0.016600009985268116,1,,
1789938580.4432938,612,0.10450029373168945,9.569351092615662,1.9948482513427734,56.72480002976954,0.00589998671784997,1,7.098199974279851,1,,0,0,49.58690004423261,1,hover,0.020899984519928694,1,,
1789938580.456778,614,0.01348423957824707,74.16065208550665,2.026081085205078,0.05259999306872487,0.007700000423938036,1,,0,,0,0,,0,hover,0.021599989850074053,1,,
1789938580.5178268,615,0.06104874610900879,16.380352812069187,1.001119613647461,27.288700046483427,0.005499983672052622,1,,0,,0,0,27.25110005121678,1,hover,0.01750001683831215,1,,
1789938580.5517342,616,0.033907413482666016,29.492075545992773,0.995635986328125,0.06210000719875097,0.008600007276982069,1,,0,,0,0,,0,hover,0.026699970476329327,1,,
1789938580.6251848,617,0.07345056533813477,13.614599089829067,3.5762786865234375,33.98899995954707,0.006599992047995329,1,7.950200000777841,1,,0,0,26.000200014095753,1,hover,0.024300010409206152,1,,
1789938580.635127,618,0.009942293167114258,100.58041773578572,14.959335327148438,0.03860000288113952,0.006399990525096655,1,,0,,0,0,,0,hover,0.017099955584853888,1,,
1789938580.6829734,619,0.047846317291259766,20.900250146998733,3.9560794830322266,25.31029999954626,0.004799978341907263,1,,0,,0,0,25.274199957493693,1,hover,0.017600017599761486,1,,
1789938580.7218726,620,0.03889918327331543,25.707480616591585,1.9965171813964844,0.13100000796839595,0.014800054486840963,1,,0,,0,0,,0,hover,0.0708999577909708,1,,
1789938580.7869296,621,0.06505703926086426,15.371126804437294,0.9965896606445312,32.12310001254082,0.005999987479299307,1,6.493999972008169,1,,0,0,25.595400016754866,1,hover,0.02050003968179226,1,,
1789938580.7979004,622,0.010970830917358398,91.15079865261328,12.965679168701172,0.03630004357546568,0.00589998671784997,1,,0,,0,0,,0,hover,0.01610000617802143,1,,
1789938580.8535929,623,0.055692434310913086,17.955760281860176,3.019094467163086,28.066599974408746,0.0048999791033566,1,,0,,0,0,28.032999951392412,1,hover,0.016600009985268116,1,,
1789938580.8877237,624,0.03413081169128418,29.299039502637,2.9976367950439453,0.05500001134350896,0.008200004231184721,1,,0,,0,0,,0,hover,0.024300010409206152,1,,
1789938580.96601,625,0.07828640937805176,12.773609211924827,1.0285377502441406,44.23669999232516,0.006999995093792677,1,6.950400013010949,1,12.728000001516193,1,0,24.52209999319166,1,hover,0.026900030206888914,1,,
1789938580.9955428,626,0.029532670974731445,33.86080455965577,25.030851364135742,15.702300006523728,0.008200004231184721,1,,0,15.637199976481497,1,0,,0,hover,0.03470003139227629,1,,
1789938581.0551,627,0.059557199478149414,16.790581302716962,21.49057388305664,46.925999980885535,0.00909995287656784,1,,0,15.67090000025928,1,0,31.201499979943037,1,hover,0.03250001464039087,1,,
1789938581.0827596,628,0.02765965461730957,36.153741391051,15.960454940795898,13.127700018230826,0.013200042303651571,1,,0,13.054999988526106,1,0,,0,hover,0.04429998807609081,1,,
1789938581.1625462,629,0.07978653907775879,12.533442502442858,10.969877243041992,63.85749997571111,0.010100018698722124,1,8.74010002007708,1,16.46529999561608,1,0,38.60339999664575,1,hover,0.03579998156055808,1,,
1789938581.1913416,631,0.028795480728149414,34.727671659339116,22.93539047241211,13.913300004787743,0.009200011845678091,1,,0,13.85290001053363,1,0,,0,hover,0.03349996404722333,1,,
1789938581.2825074,632,0.09116578102111816,10.969027948856757,1.996755599975586,57.1013999870047,0.014899997040629387,1,,0,16.66929997736588,1,0,40.367099980358034,1,hover,0.03549997927621007,1,,
1789938581.3147793,634,0.0322718620300293,30.98674625807119,12.965679168701172,15.020099992398173,0.008700008038431406,1,,0,14.962999965064228,1,0,,0,hover,0.03360002301633358,1,,
1789938581.3870847,635,0.07230544090270996,13.830217857955425,10.970592498779297,56.50639999657869,0.00890000956133008,1,9.283399966079742,1,13.815600017551333,1,0,33.363500027917325,1,hover,0.032100011594593525,1,,
1789938581.4160082,636,0.028923511505126953,34.57394859620489,16.956090927124023,14.301700051873922,0.00790000194683671,1,,0,14.244599966332316,1,0,,0,hover,0.03490003291517496,1,,
1789938581.4774234,637,0.06141519546508789,16.28261527830617,10.610103607177734,47.66950005432591,0.009600014891475439,1,,0,14.22329997876659,1,0,33.393100020475686,1,hover,0.03220001235604286,1,,
1789938588.1665933,799,6.689169883728027,0.14949538094892534,13.345479965209961,0.0640999642200768,0.007599999662488699,1,,0,,0,1,,0,search_360,0.02929999027401209,1,,
1789938588.2321787,800,0.06558537483215332,15.247301743097587,4.581451416015625,40.29939998872578,0.005999987479299307,1,5.419799999799579,1,,0,1,34.85190001083538,1,search_360,0.01360004534944892,1,,
1789938588.257104,801,0.02492523193359375,40.11998775635139,1.9938945770263672,0.031400006264448166,0.003700028173625469,1,,0,,0,1,,0,search_360,0.011499971151351929,1,,
1789938588.309057,802,0.05195307731628418,19.24813796711441,1.9941329956054688,19.568699994124472,0.00500003807246685,1,,0,,0,1,19.537499989382923,1,search_360,0.01309998333454132,1,,
1789938588.3211799,803,0.012122869491577148,82.48872106515626,1.65557861328125,0.02859998494386673,0.0036999699659645557,1,,0,,0,1,,0,search_360,0.010100018698722124,1,,
1789938588.3800573,804,0.05887746810913086,16.984425997165417,5.983591079711914,19.992300018202513,0.005199981387704611,1,4.584699985571206,1,,0,1,15.381200006231666,1,search_360,0.013699987903237343,1,,
1789938588.4224527,805,0.04239535331726074,23.587490650605393,1.9931793212890625,0.029699993319809437,0.003400025889277458,1,,0,,0,1,,0,search_360,0.01090002479031682,1,,
1789938588.4533706,806,0.030917882919311523,32.34374108375296,7.9784393310546875,15.798300039023161,0.0048999791033566,1,,0,,0,1,15.76869998825714,1,search_360,0.011500029359012842,1,,
1789938588.4922652,807,0.0388946533203125,25.7104746959592,1.9927024841308594,0.03170000854879618,0.004800036549568176,1,,0,,0,1,,0,search_360,0.011899974197149277,1,,
1789938588.553061,808,0.06079578399658203,16.448508996219548,9.21010971069336,20.082200004253536,0.004999979864805937,1,4.5550999930128455,1,,0,1,15.501099987886846,1,search_360,0.013199984095990658,1,,
1789938588.5947056,809,0.04164457321166992,24.012732581439284,3.992319107055664,0.031299947295337915,0.004300032742321491,1,,0,,0,1,,0,search_360,0.010499963536858559,1,,
1789938588.6400862,810,0.045380592346191406,22.035851633918252,1.9664764404296875,15.650700021069497,0.004699977580457926,1,,0,,0,1,15.620400023180991,1,search_360,0.012200034689158201,1,,
1789938588.658037,811,0.017950773239135742,55.70790665550995,1.9831657409667969,0.039700011257082224,0.004800036549568176,1,,0,,0,1,,0,search_360,0.014999997802078724,1,,
1789938588.7232096,812,0.06517267227172852,15.343854489050829,10.971784591674805,21.53929998166859,0.005100038833916187,1,5.114200001116842,1,,0,1,16.39970001997426,1,search_360,0.013399985618889332,1,,
1789938588.7635992,813,0.0403895378112793,24.75888693434707,4.022121429443359,0.0323000131174922,0.004099973011761904,1,,0,,0,1,,0,search_360,0.012000033166259527,1,,
1789938588.8175926,814,0.05399346351623535,18.520760382399047,3.0205249786376953,20.39119997061789,0.005300040356814861,1,,0,,0,1,20.357600005809218,1,search_360,0.013499986380338669,1,,
1789938588.8385339,815,0.02094125747680664,47.7526242685065,16.9525146484375,0.03389996709302068,0.00500003807246685,1,,0,,0,1,,0,search_360,0.012399978004395962,1,,
1789938588.8967621,816,0.058228254318237305,17.173793233344387,2.6764869689941406,34.7314000246115,0.008000002708286047,1,5.85680000949651,1,10.404100001323968,1,1,18.43539997935295,1,search_360,0.02139998832717538,1,,
1789938588.9426045,817,0.04584240913391113,21.81386229242187,1.8720626831054688,12.495000031776726,0.009899958968162537,1,,0,12.084299989510328,1,1,,0,search_360,0.3777000238187611,1,,
1789938588.9990058,818,0.05640125274658203,17.730102636073113,2.9931068420410156,35.66490003140643,0.008100003469735384,1,,0,11.158099980093539,1,1,24.443000031169504,1,search_360,0.021200045011937618,1,,
1789938589.02416,819,0.02515411376953125,39.75492872308159,20.168542861938477,14.07219999236986,0.011200027074664831,1,,0,14.012600004207343,1,1,,0,search_360,0.025699962861835957,1,,
1789938589.0814757,820,0.057315826416015625,17.44718801996672,19.945859909057617,40.530199999921024,0.007599999662488699,1,7.022599980700761,1,10.914599988609552,1,1,22.5577000528574,1,search_360,0.0219999928958714,1,,
1789938589.109935,821,0.02845931053161621,35.1378856802969,5.495309829711914,11.635200004093349,0.008600007276982069,1,,0,11.584999971091747,1,1,,0,search_360,0.024500011932104826,1,,
1789938589.163612,822,0.05367684364318848,18.630007506540462,1.9936561584472656,36.09319997485727,0.007800001185387373,1,,0,11.24079996952787,1,1,24.808900023344904,1,search_360,0.022199994418770075,1,,
1789938589.1915379,823,0.027925968170166016,35.80896439853154,22.938013076782227,11.790199961978942,0.00890000956133008,1,,0,11.740999994799495,1,1,,0,search_360,0.022799998987466097,1,,
1789938589.2607646,824,0.06922674179077148,14.445284786367175,16.402006149291992,53.52600000333041,0.006800051778554916,1,8.649399969726801,1,,0,1,44.83820003224537,1,search_360,0.01599994720891118,1,,
1789938589.2745745,825,0.013809919357299805,72.41171900626694,18.795490264892578,0.03559998003765941,0.0048999791033566,1,,0,,0,1,,0,search_360,0.012300035450607538,1,,
1789938589.3305233,826,0.055948734283447266,17.873505322458303,0.9963512420654297,38.50850003072992,0.005499983672052622,1,,0,,0,1,38.4732999955304,1,search_360,0.012699980288743973,1,,
1789938589.3427072,827,0.012183904647827148,82.07549458935874,21.101951599121094,0.045599997974932194,0.006799993570894003,1,,0,,0,1,,0,search_360,0.015500001609325409,1,,
1789938589.3967369,828,0.05402970314025879,18.508337856383235,2.894878387451172,37.53089997917414,0.005399982910603285,1,18.237399985082448,1,,0,1,19.261399982497096,1,search_360,0.013999990187585354,1,,
1789938589.4262187,829,0.029481887817382812,33.91913049103966,1.0340213775634766,0.0439999857917428,0.005299982149153948,1,,0,,0,1,,0,search_360,0.014699995517730713,1,,
1789938589.4611216,830,0.03490281105041504,28.650987410600234,11.970281600952148,18.877800030168146,0.005799985956400633,1,,0,,0,1,18.83740001358092,1,search_360,0.015099998563528061,1,,
1789938589.4921267,831,0.031005144119262695,32.25271252258833,0.995635986328125,0.04279997665435076,0.004600035026669502,1,,0,,0,1,,0,search_360,0.01409999094903469,1,,
1789938589.5520022,832,0.05987548828125,16.7013251783894,3.0221939086914062,24.65699997264892,0.005399982910603285,1,5.847299995366484,1,,0,1,18.776899960357696,1,search_360,0.014699995517730713,1,,
1789938589.5918396,833,0.03983736038208008,25.102064755520978,1.0290145874023438,0.04769995575770736,0.005699985194951296,1,,0,,0,1,,0,search_360,0.016300007700920105,1,,
1789938589.6456845,834,0.05384492874145508,18.5718511171527,1.9974708557128906,20.207000023219734,0.006699992809444666,1,,0,,0,1,20.16300003742799,1,search_360,0.016000005416572094,1,,
1789938589.6591887,835,0.013504266738891602,74.05067000935718,2.992391586303711,0.03559998003765941,0.004800036549568176,1,,0,,0,1,,0,search_360,0.01279998105019331,1,,
1789938589.7375581,836,0.0783693790435791,12.760085791210964,2.8944015502929688,42.96320001594722,0.005699985194951296,1,5.328300001565367,1,,0,1,37.60209999745712,1,search_360,0.014699995517730713,1,,
1789938589.7606258,837,0.023067712783813477,43.350635122425146,3.0241012573242188,0.0420999713242054,0.00500003807246685,1,,0,,0,1,,0,search_360,0.014299992471933365,1,,
1789938589.8135378,838,0.052911996841430664,18.89930563378378,1.0256767272949219,21.150699991267174,0.006099988240748644,1,,0,,0,1,21.110399975441396,1,search_360,0.015099998563528061,1,,
1789938589.8294587,839,0.01592087745666504,62.810608443026794,6.211042404174805,0.039899954572319984,0.005299982149153948,1,,0,,0,1,,0,search_360,0.01379998866468668,1,,
1789938589.9093385,840,0.0798797607421875,12.518815663801337,3.027200698852539,48.616699990816414,0.008800008799880743,1,6.521300005260855,1,,0,1,42.04500000923872,1,search_360,0.022199994418770075,1,,
1789938589.9272845,841,0.01794600486755371,55.7227086128788,2.0236968994140625,0.043899985030293465,0.005600042641162872,1,,0,,0,1,,0,search_360,0.014899997040629387,1,,
1789938589.9826002,842,0.05531573295593262,18.078039403304153,1.9955635070800781,20.117899985052645,0.006399990525096655,1,,0,,0,1,20.07549995323643,1,search_360,0.016000005416572094,1,,
1789938589.9971364,843,0.014536142349243164,68.79404287424757,7.5855255126953125,0.03509997623041272,0.004300032742321491,1,,0,,0,1,,0,search_360,0.01209997572004795,1,,
1789938590.0523534,844,0.05521702766418457,18.110355488197172,2.024412155151367,24.90570000372827,0.00589998671784997,1,5.934800021350384,1,,0,1,18.938099965453148,1,search_360,0.01409999094903469,1,,
1789938590.0953007,845,0.04294729232788086,23.28435498018142,2.0470619201660156,0.04320003790780902,0.005499983672052622,1,,0,,0,1,,0,search_360,0.015099998563528061,1,,
1789938590.149166,846,0.05386543273925781,18.56478170036472,0.9672641754150391,22.415399958845228,0.005800044164061546,1,,0,,0,1,22.381399990990758,1,search_360,0.01279998105019331,1,,
1789938590.16316,847,0.013993978500366211,71.45930658488798,6.982564926147461,0.03679998917505145,0.004699977580457926,1,,0,,0,1,,0,search_360,0.013500044587999582,1,,
1789938590.221129,848,0.057968854904174805,17.25064263651656,3.0448436737060547,27.67330000642687,0.005299982149153948,1,5.980700021609664,1,,0,1,21.661399980075657,1,search_360,0.013500044587999582,1,,
1789938590.2610574,849,0.039928436279296875,25.04480749020732,0.9963512420654297,0.24179997853934765,0.004300032742321491,1,,0,,0,1,,0,search_360,0.21869997726753354,1,,
1789938590.3145423,850,0.05348491668701172,18.696860011055044,2.0246505737304688,22.712100006174296,0.005599984433501959,1,,0,,0,1,22.67740003298968,1,search_360,0.013299984857439995,1,,
1789938590.3285358,851,0.013993501663208008,71.46174160462066,4.986286163330078,0.0363999861292541,0.004699977580457926,1,,0,,0,1,,0,search_360,0.013100041542202234,1,,
1789938590.4031641,852,0.07462835311889648,13.399732919294344,1.0266304016113281,45.05979997338727,0.006100046448409557,1,6.214699998963624,1,,0,1,38.7959000072442,1,search_360,0.0295999925583601,1,,
1789938590.4244335,853,0.02126932144165039,47.01607443111759,1.3566017150878906,0.05019997479394078,0.005999987479299307,1,,0,,0,1,,0,search_360,0.01610000617802143,1,,
1789938590.4604585,854,0.036025047302246094,27.75846459298478,10.009050369262695,21.586599992588162,0.005799985956400633,1,,0,,0,1,21.547799988184124,1,search_360,0.014499993994832039,1,,
1789938590.4893816,855,0.02892303466796875,34.57451859667634,1.0256767272949219,0.0523999915458262,0.006299989763647318,1,,0,,0,1,,0,search_360,0.017000013031065464,1,,
1789938590.5661583,856,0.07677674293518066,13.024777579380483,2.0225048065185547,41.08749999431893,0.00790000194683671,1,5.7471999898552895,1,13.412600033916533,1,1,21.894200006499887,1,search_360,0.020099978428333998,1,,
1789938590.605907,857,0.0397486686706543,25.158075312803657,2.993345260620117,12.38749996991828,0.009300012607127428,1,,0,12.332200014498085,1,1,,0,search_360,0.02629996743053198,1,,
1789938590.6679199,858,0.06201291084289551,16.12567425730774,4.669904708862305,42.259300011210144,0.025200017262250185,1,,0,11.420599999837577,1,1,30.775199993513525,1,search_360,0.024500011932104826,1,,
1789938590.6988635,859,0.030943632125854492,32.316826800835216,29.91938591003418,13.488900032825768,0.008199946023523808,1,,0,13.436000037472695,1,1,,0,search_360,0.024600012693554163,1,,
1789938590.7651715,860,0.06630802154541016,15.081131614146615,26.064634323120117,49.74200000287965,0.009000010322779417,1,7.3423999710939825,1,12.522700009867549,1,1,29.837400012183934,1,search_360,0.024100008886307478,1,,
1789938590.7957146,861,0.030543088912963867,32.74063087887469,27.20189094543457,12.406199995893985,0.009400013368576765,1,,0,12.354400008916855,1,1,,0,search_360,0.02589996438473463,1,,
1789938590.8579235,862,0.06220889091491699,16.07487266358274,17.81606674194336,44.647299975622445,0.010599964298307896,1,,0,13.896399992518127,1,1,30.693600012455136,1,search_360,0.030399998649954796,1,,
1789938590.898815,864,0.040891408920288086,24.455014547171903,26.926755905151367,16.255399968940765,0.010699965059757233,1,,0,16.187600034754723,1,1,,0,search_360,0.029999995604157448,1,,
1789938590.9782782,865,0.07946324348449707,12.58443471660071,9.973764419555664,44.257899979129434,0.009100011084228754,1,8.53260001167655,1,,0,1,35.65649996744469,1,search_360,0.020799983758479357,1,,
1789938590.99623,867,0.01795172691345215,55.70494720764991,7.978677749633789,0.03960001049563289,0.004699977580457926,1,,0,,0,1,,0,search_360,0.013199984095990658,1,,
1789938591.0629766,868,0.06674671173095703,14.982011458943548,2.9914379119873047,21.615699981339276,0.00589998671784997,1,,0,,0,1,21.57789998454973,1,search_360,0.014400051441043615,1,,
1789938591.1093554,869,0.04637885093688965,21.561551866835966,0.9965896606445312,0.047600013203918934,0.00600004568696022,1,,0,,0,1,,0,search_360,0.01599994720891118,1,,
1789938591.15623,870,0.0468745231628418,21.333550349429824,0.0,28.7802999955602,0.005799985956400633,1,6.632300035562366,1,,0,1,22.113699989859015,1,search_360,0.015300000086426735,1,,
1789938591.1704397,871,0.014209747314453125,70.37422818791946,16.204118728637695,0.03550003748387098,0.004699977580457926,1,,0,,0,1,,0,search_360,0.012699980288743973,1,,
1789938591.233164,872,0.06272435188293457,15.942771347663303,1.9962787628173828,24.51739995740354,0.005599984433501959,1,,0,,0,1,24.479599960613996,1,search_360,0.014399993233382702,1,,
1789938591.2611415,873,0.027977466583251953,35.74305046614286,2.9909610748291016,0.045599997974932194,0.005700043402612209,1,,0,,0,1,,0,search_360,0.01580000389367342,1,,
1789938591.3279302,874,0.0667886734008789,14.972598632073451,2.984762191772461,31.81600000243634,0.005799985956400633,1,5.947700003162026,1,,0,1,25.833699968643486,1,search_360,0.015199999324977398,1,,
1789938591.3419256,875,0.01399540901184082,71.45200252125177,19.977807998657227,0.035999983083456755,0.004999979864805937,1,,0,,0,1,,0,search_360,0.01290004001930356,1,,
1789938591.3785474,876,0.036621809005737305,27.306133343749796,4.00233268737793,22.065100027248263,0.005499983672052622,1,,0,,0,1,22.02550001675263,1,search_360,0.015099998563528061,1,,
1789938591.4264305,877,0.047883033752441406,20.88422394391444,2.0246505737304688,0.04109996370971203,0.004799978341907263,1,,0,,0,1,,0,search_360,0.014100049156695604,1,,
1789938591.4691014,878,0.04267096519470215,23.435138985891886,12.998342514038086,27.95620000688359,0.005599984433501959,1,5.654199980199337,1,,0,1,22.27000001585111,1,search_360,0.014500052202492952,1,,
1789938591.4959137,879,0.026812314987182617,37.296294649605635,3.025054931640625,0.03689998993650079,0.00500003807246685,1,,0,,0,1,,0,search_360,0.012899981811642647,1,,
1789938591.5583148,880,0.06240105628967285,16.02536975268312,2.269268035888672,21.562199981417507,0.005099980626255274,1,,0,,0,1,21.526700002141297,1,search_360,0.013599987141788006,1,,
1789938591.5952456,881,0.03693079948425293,27.07766996559048,1.9946098327636719,0.04409998655319214,0.005999987479299307,1,,0,,0,1,,0,search_360,0.014499993994832039,1,,
1789938591.6629145,882,0.06766891479492188,14.777834150741304,0.5893707275390625,39.96090003056452,0.009299954399466515,1,5.689699959475547,1,12.253900000359863,1,1,21.973300026729703,1,search_360,0.02800003858283162,1,,
1789938591.6932716,883,0.03035712242126465,32.94119864600595,22.73249626159668,13.07220000308007,0.011699972674250603,1,,0,13.008099980652332,1,1,,0,search_360,0.0342000275850296,1,,
1789938591.751929,884,0.05865740776062012,17.048145122283326,20.097970962524414,41.851599991787225,0.009000010322779417,1,,0,15.722899988759309,1,1,26.07940003508702,1,search_360,0.025699962861835957,1,,
1789938591.7823381,885,0.03040909767150879,32.88489552706888,16.44444465637207,11.246399953961372,0.009000010322779417,1,,0,11.193800019100308,1,1,,0,search_360,0.024200009647756815,1,,
1789938591.8493116,886,0.06697344779968262,14.93129042708085,11.968135833740234,49.48730004252866,0.007800001185387373,1,7.717600034084171,1,11.452499951701611,1,1,30.280700011644512,1,search_360,0.023100001271814108,1,,
1789938591.8802269,888,0.030915260314941406,32.34648486905019,15.95616340637207,11.71650004107505,0.01209997572004795,1,,0,11.634499998763204,1,1,,0,search_360,0.03260001540184021,1,,
1789938591.9667134,889,0.0864865779876709,11.562487767090925,1.9941329956054688,43.9885999658145,0.010199961252510548,1,,0,13.07519996771589,1,1,30.85869998903945,1,search_360,0.027900037821382284,1,,
1789938592.0003917,890,0.033678293228149414,29.69271611318377,29.66451644897461,13.24979995843023,0.009899958968162537,1,,0,13.194200000725687,1,1,,0,search_360,0.026900030206888914,1,,
1789938592.0671055,891,0.06671380996704102,14.989400253021607,31.80670738220215,47.66629997175187,0.010899966582655907,1,8.326800016220659,1,,0,1,39.27549999207258,1,search_360,0.02670002868399024,1,,
1789938592.091041,893,0.023935556411743164,41.778849122946816,2.992868423461914,0.03980001201853156,0.005900044925510883,1,,0,,0,1,,0,search_360,0.013999990187585354,1,,
1789938592.151334,894,0.060292959213256836,16.585684515218258,3.9887428283691406,25.463600002694875,0.006299989763647318,1,,0,,0,1,25.423399987630546,1,search_360,0.015000056009739637,1,,
1789938592.1741736,895,0.02283954620361328,43.783707044135454,0.9860992431640625,0.05440000677481294,0.006999995093792677,1,,0,,0,1,,0,search_360,0.018900027498602867,1,,
1789938592.227379,896,0.05320549011230469,18.795052876859653,0.9980201721191406,35.88139999192208,0.008600007276982069,1,7.802399981301278,1,,0,1,28.03200000198558,1,search_360,0.019200029782950878,1,,
1789938592.2603803,897,0.03300118446350098,30.301942680451102,1.9581317901611328,0.08530000923201442,0.008000002708286047,1,,0,,0,1,,0,search_360,0.046200002543628216,1,,
1789938592.32516,898,0.06477975845336914,15.436920789382642,3.9930343627929688,29.718699981458485,0.006699992809444666,1,,0,,0,1,29.673999990336597,1,search_360,0.016900012269616127,1,,
1789938592.343144,899,0.01798391342163086,55.605249900570065,21.973133087158203,0.07499998901039362,0.009599956683814526,1,,0,,0,1,,0,search_360,0.027100031729787588,1,,
1789938592.4025118,900,0.05936789512634277,16.844120848008288,8.010625839233398,39.230599999427795,0.007800001185387373,1,7.738000014796853,1,,0,1,31.447999994270504,1,search_360,0.019400031305849552,1,,
1789938592.428406,901,0.0258941650390625,38.61873895109016,2.991914749145508,0.052499992307275534,0.006700051017105579,1,,0,,0,1,,0,search_360,0.01769996015354991,1,,
1789938592.468848,902,0.04044198989868164,24.726775376416352,14.475345611572266,24.6775999548845,0.006399990525096655,1,,0,,0,1,24.638200004119426,1,search_360,0.014499993994832039,1,,
1789938592.4930751,903,0.024227142333984375,41.27601952448433,2.023935317993164,0.05360000068321824,0.006699992809444666,1,,0,,0,1,,0,search_360,0.018600025214254856,1,,
1789938592.5591867,904,0.06611156463623047,15.125946655511157,2.9926300048828125,30.067100015003234,0.006200047209858894,1,6.2892999849282205,1,,0,1,23.742400051560253,1,search_360,0.015799945686012506,1,,
1789938592.5923474,905,0.03316068649291992,30.156191133543274,3.13568115234375,0.043199979700148106,0.005799985956400633,1,,0,,0,1,,0,search_360,0.014899997040629387,1,,
1789938592.6527808,906,0.060433387756347656,16.547144502832616,2.989053726196289,25.010400044266135,0.005999987479299307,1,,0,,0,1,24.967300007119775,1,search_360,0.016900012269616127,1,,
1789938592.6687691,907,0.01598834991455078,62.545541306292876,13.99374008178711,0.05029997555539012,0.006299989763647318,1,,0,,0,1,,0,search_360,0.016900012269616127,1,,
1789938592.724374,908,0.05560493469238281,17.98401536720063,3.0202865600585938,31.055299972649664,0.007099995855242014,1,7.072700012940913,1,,0,1,23.941499995999038,1,search_360,0.017700018361210823,1,,
1789938592.7593098,909,0.034935712814331055,28.624004476868375,3.001689910888672,0.04529999569058418,0.005799985956400633,1,,0,,0,1,,0,search_360,0.015300000086426735,1,,
1789938592.8154054,910,0.05609560012817383,17.82671007556889,4.020214080810547,23.869199969340116,0.005400041118264198,1,,0,,0,1,23.830499965697527,1,search_360,0.01409999094903469,1,,
1789938592.829402,911,0.013996601104736328,71.44591694205022,7.016420364379883,0.056999968364834785,0.020000035874545574,1,,0,,0,1,,0,search_360,0.015199999324977398,1,,
1789938592.8927987,912,0.06339669227600098,15.773693612380361,2.032041549682617,34.55969999777153,0.00689999433234334,1,6.740199984051287,1,,0,1,27.780700009316206,1,search_360,0.016900012269616127,1,,
1789938592.927147,913,0.034348249435424805,29.113565216184135,2.0279884338378906,0.046900007873773575,0.005799985956400633,1,,0,,0,1,,0,search_360,0.015700003132224083,1,,
1789938592.9858325,914,0.0586855411529541,17.039972374007192,3.024578094482422,25.294499995652586,0.00600004568696022,1,,0,,0,1,25.25409997906536,1,search_360,0.015199999324977398,1,,
1789938593.0009725,915,0.015140056610107422,66.04995118263992,10.180234909057617,0.04269997589290142,0.005299982149153948,1,,0,,0,1,,0,search_360,0.015300000086426735,1,,
1789938593.0628364,916,0.06186389923095703,16.16451617876027,1.0325908660888672,36.64890001527965,0.007899943739175797,1,7.494400022551417,1,,0,1,29.107099981047213,1,search_360,0.020400038920342922,1,,
1789938593.094747,917,0.03191065788269043,31.337492435166574,3.9892196655273438,0.08720002369955182,0.011999974958598614,1,,0,,0,1,,0,search_360,0.03090000245720148,1,,
1789938593.1560102,918,0.061263084411621094,16.323043633929544,3.0257701873779297,28.813699958845973,0.006599992047995329,1,,0,,0,1,28.76979997381568,1,search_360,0.01680001150816679,1,,
1789938593.1729643,919,0.01695418357849121,58.982492160144,17.95196533203125,0.05059997783973813,0.006099988240748644,1,,0,,0,1,,0,search_360,0.020700041204690933,1,,
1789938593.227995,920,0.05503058433532715,18.171713276866754,3.9908885955810547,33.90939999371767,0.006999995093792677,1,6.537299952469766,1,,0,1,27.333700039889663,1,search_360,0.016700010746717453,1,,
1789938593.2569525,921,0.028957605361938477,34.533242217410276,1.0304450988769531,0.055100012104958296,0.007199996616691351,1,,0,,0,1,,0,search_360,0.01780001912266016,1,,
1789938593.3225563,922,0.06560373306274414,15.243035012101961,3.022432327270508,28.88100000564009,0.007199996616691351,1,,0,,0,1,28.83349999319762,1,search_360,0.01769996015354991,1,,
1789938593.3375158,923,0.014959573745727539,66.8468244481632,13.962268829345703,0.04160002572461963,0.005300040356814861,1,,0,,0,1,,0,search_360,0.014699995517730713,1,,
1789938593.4038563,924,0.06634044647216797,15.073760476115176,2.9938220977783203,45.81869998946786,0.010800024028867483,1,6.567100004758686,1,15.186300035566092,1,1,24.020099954213947,1,search_360,0.027499976567924023,1,,
1789938593.4382517,925,0.034395456314086914,29.07360759713028,3.9882659912109375,14.472600014414638,0.01090002479031682,1,,0,14.411400014068931,1,1,,0,search_360,0.02989999484270811,1,,
1789938593.5325465,926,0.09429478645324707,10.605040189531758,25.931119918823242,75.94839995726943,0.009000010322779417,1,,0,14.03670001309365,1,1,61.86129996785894,1,search_360,0.024799956008791924,1,,
1789938593.5606887,928,0.028142213821411133,35.5338071960487,25.144577026367188,12.874800013378263,0.008599949069321156,1,,0,12.822400021832436,1,1,,0,search_360,0.026600027922540903,1,,
1789938593.645089,929,0.08440017700195312,11.84831638418079,1.9977092742919922,51.18040001252666,0.010600022505968809,1,8.760500000789762,1,15.160100010689348,1,1,27.213599998503923,1,search_360,0.02829998265951872,1,,
1789938593.6775453,931,0.032456398010253906,30.810566215144124,6.98089599609375,15.143199998419732,0.00890000956133008,1,,0,15.090500004589558,1,1,,0,search_360,0.026399968191981316,1,,
1789938593.7433708,932,0.0658254623413086,15.191689726612868,11.96908950805664,45.87809997610748,0.01729995710775256,1,,0,14.435600023716688,1,1,31.37719997903332,1,search_360,0.031100003980100155,1,,
1789938593.7752466,933,0.0318758487701416,31.37171365101685,9.97781753540039,12.728100002277642,0.011500029359012842,1,,0,12.663699977565557,1,1,,0,search_360,0.0323000131174922,1,,
1789938593.8816605,934,0.1064138412475586,9.397273778263713,7.978677749633789,87.1161000104621,0.009300012607127428,1,8.854700019583106,1,14.579700015019625,1,1,63.64259996917099,1,search_360,0.023600005079060793,1,,
1789938593.9139512,936,0.03229069709777832,30.968671780975658,44.30842399597168,15.243400004692376,0.010199961252510548,1,,0,15.182500006631017,1,1,,0,search_360,0.029399991035461426,1,,
1789938593.977152,937,0.0632009506225586,15.822546815349098,3.9892196655273438,42.230699968058616,0.011199968867003918,1,,0,13.29750003060326,1,1,28.874099953100085,1,search_360,0.03029999788850546,1,,
1789938594.010404,939,0.03325200080871582,30.07337831346034,7.977724075317383,14.176399970892817,0.008700008038431406,1,,0,14.122100023087114,1,1,,0,search_360,0.02629996743053198,1,,
1789938594.081046,940,0.07064199447631836,14.155885708114237,4.986286163330078,52.12139996001497,0.015600002370774746,1,7.503199973143637,1,14.135400007944554,1,1,30.433200008701533,1,search_360,0.026999972760677338,1,,
1789938594.1119936,941,0.030947446823120117,32.31284330870627,7.9784393310546875,13.392799999564886,0.00909995287656784,1,,0,13.338499993551522,1,1,,0,search_360,0.02640002639964223,1,,
1789938594.176335,942,0.06434154510498047,15.542057598529652,8.97526741027832,45.52369995508343,0.00909995287656784,1,,0,13.938700023572892,1,1,31.53139998903498,1,search_360,0.024800014216452837,1,,
1789938594.211329,944,0.034993886947631836,28.576419690001703,7.978677749633789,14.699699997436255,0.009400013368576765,1,,0,14.646199997514486,1,1,,0,search_360,0.026100024115294218,1,,
1789938594.3142493,945,0.1029202938079834,9.716256755598488,1.0001659393310547,56.07759999111295,0.01279998105019331,1,8.506699989084154,1,14.894899970386177,1,1,32.62090001953766,1,search_360,0.03290001768618822,1,,
1789938594.3443944,947,0.03014516830444336,33.17281197108464,9.97304916381836,12.9078000318259,0.009700015652924776,1,,0,12.852600018959492,1,1,,0,search_360,0.027099973522126675,1,,
1789938594.405232,948,0.060837507247924805,16.437228368427448,4.984617233276367,40.5460000038147,0.010300020221620798,1,,0,13.241800013929605,1,1,27.198499999940395,1,search_360,0.07789995288476348,1,,
1789938594.4425302,949,0.03729820251464844,26.810943492712862,6.978750228881836,16.42060000449419,0.010200019460171461,1,,0,16.36160002090037,1,1,,0,search_360,0.028799986466765404,1,,
1789938594.5188293,950,0.07629919052124023,13.106298941947742,31.419992446899414,56.781599996611476,0.010700023267418146,1,9.62439994327724,1,15.427000005729496,1,1,31.66620002593845,1,search_360,0.04579999949783087,1,,
1789938594.5501657,952,0.031336307525634766,31.911864509944156,14.361381530761719,11.933000001590699,0.009199953638017178,1,,0,11.87940000090748,1,1,,0,search_360,0.026300025638192892,1,,
1789938594.6347413,953,0.08457565307617188,11.823733706192774,0.9970664978027344,45.23069999413565,0.009600014891475439,1,,0,13.448300014715642,1,1,31.730499991681427,1,search_360,0.024600012693554163,1,,
1789938594.6696503,954,0.03490900993347168,28.645899780766158,33.42103958129883,16.127699986100197,0.011400028597563505,1,,0,16.062499955296516,1,1,,0,search_360,0.030399998649954796,1,,
1789938594.739503,955,0.06985259056091309,14.31586132983825,31.95500373840332,51.373900030739605,0.010000017937272787,1,7.739499968010932,1,12.170500005595386,1,1,31.419800012372434,1,search_360,0.026800029445439577,1,,
1789938594.7728064,956,0.03330349922180176,30.026874753910583,66.82157516479492,15.851400035899132,0.008800008799880743,1,,0,15.798899985384196,1,1,,0,search_360,0.024300010409206152,1,,
1789938594.8352926,958,0.06248617172241211,16.00354082247812,0.9975433349609375,44.647400034591556,0.00990001717582345,1,,0,14.612599974498153,1,1,29.97999999206513,1,search_360,0.027600035537034273,1,,
1789938594.86871,959,0.033417463302612305,29.924473648537774,28.42569351196289,14.964599977247417,0.009899958968162537,1,,0,14.89739998942241,1,1,,0,search_360,0.028800044674426317,1,,
1789938594.9329693,960,0.06425929069519043,15.56195204119871,31.619548797607422,46.841800038237125,0.009500014130026102,1,8.581999980378896,1,12.908399978186935,1,1,25.30910004861653,1,search_360,0.025900022592395544,1,,
1789938594.9658813,961,0.03291201591491699,30.38403975572829,11.968612670898438,14.957599982153624,0.009299954399466515,1,,0,14.902699971571565,1,1,,0,search_360,0.02670002868399024,1,,
1789938595.0308144,962,0.06493306159973145,15.400475125665965,23.93507957458496,46.794299967586994,0.009000010322779417,1,,0,13.307199988048524,1,1,33.43709994805977,1,search_360,0.024600012693554163,1,,
1789938595.062159,964,0.03134465217590332,31.903368855015252,20.343542098999023,13.972099986858666,0.008800008799880743,1,,0,13.91840004362166,1,1,,0,search_360,0.025799963623285294,1,,
1789938595.1431324,965,0.08097338676452637,12.349736622824452,0.9970664978027344,51.83929996564984,0.00990001717582345,1,8.878500026185066,1,13.803399982862175,1,1,29.11339997081086,1,search_360,0.02719997428357601,1,,
1789938595.1766124,967,0.033479928970336914,29.868641623642514,9.973526000976562,13.329499983228743,0.01079996582120657,1,,0,13.268599985167384,1,1,,0,search_360,0.02840004162862897,1,,
1789938595.235564,968,0.058951616287231445,16.96306332175313,7.978916168212891,40.083799976855516,0.008700008038431406,1,,0,12.944499962031841,1,1,27.090799994766712,1,search_360,0.023500004317611456,1,,
1789938595.2709036,969,0.0353395938873291,28.296872997132738,2.9909610748291016,14.939200016669929,0.010399962775409222,1,,0,14.877600013278425,1,1,,0,search_360,0.02770003629848361,1,,
1789938595.3421028,970,0.07119917869567871,14.045105832951034,1.993417739868164,51.23709997860715,0.01680001150816679,1,8.774699992500246,1,12.572499981615692,1,1,29.837700014468282,1,search_360,0.028499984182417393,1,,
1789938595.3743753,972,0.0322725772857666,30.98605950015145,6.978034973144531,14.985600020736456,0.010700023267418146,1,,0,14.924899965990335,1,1,,0,search_360,0.030399998649954796,1,,
1789938595.4799435,973,0.10556817054748535,9.472552141558545,3.6780834197998047,44.99939997913316,0.013499986380338669,1,,0,14.621200039982796,1,1,30.30749998288229,1,search_360,0.03659998765215278,1,,
1789938595.5218296,975,0.041886091232299805,23.874273549518165,16.9525146484375,15.7185000134632,0.010300020221620798,1,,0,15.65750001464039,1,1,,0,search_360,0.02889998722821474,1,,
1789938595.5948336,976,0.07300400733947754,13.697878191122825,17.870426177978516,52.79149999842048,0.008800008799880743,1,8.361399988643825,1,13.86030000867322,1,1,30.53009998984635,1,search_360,0.024300010409206152,1,,
1789938595.6297371,977,0.034903526306152344,28.65040028416077,24.84750747680664,14.969800016842782,0.009100011084228754,1,,0,14.916499960236251,1,1,,0,search_360,0.025900022592395544,1,,
1789938595.6819148,978,0.05217766761779785,19.16528748132274,26.610612869262695,34.09460000693798,0.006799993570894003,1,,0,,0,1,34.048000001348555,1,search_360,0.01680001150816679,1,,
1789938595.7008636,980,0.018948793411254883,52.773808774865685,10.96963882446289,0.04499999340623617,0.005499983672052622,1,,0,,0,1,,0,search_360,0.015700003132224083,1,,
1789938595.7527854,981,0.051921844482421875,19.25971640584821,0.9977817535400391,31.925000017508864,0.005999987479299307,1,6.533400039188564,1,,0,1,25.354999990668148,1,search_360,0.015900004655122757,1,,
1789938595.7939808,982,0.04119539260864258,24.274559281423265,3.178119659423828,0.05530001362785697,0.007099995855242014,1,,0,,0,1,,0,search_360,0.018000020645558834,1,,
1789938595.8498368,983,0.05585598945617676,17.903182984245145,3.988504409790039,26.09529998153448,0.007099995855242014,1,,0,,0,1,26.04789996985346,1,search_360,0.017700018361210823,1,,
1789938595.8653536,984,0.01551675796508789,64.44645216803417,13.007879257202148,0.040599959902465343,0.005499983672052622,1,,0,,0,1,,0,search_360,0.01479999627918005,1,,
1789938595.9350092,985,0.0696556568145752,14.356335805748278,3.984689712524414,41.577600000891834,0.008600007276982069,1,8.247400051914155,1,,0,1,33.28139998484403,1,search_360,0.02139998832717538,1,,
1789938595.9599736,986,0.024964332580566406,40.05714940596707,5.019187927246094,0.07339997682720423,0.009500014130026102,1,,0,,0,1,,0,search_360,0.025200017262250185,1,,
1789938596.0140522,987,0.05407857894897461,18.491610161271833,3.0121803283691406,23.789400001987815,0.005099980626255274,1,,0,,0,1,23.75180000672117,1,search_360,0.014299992471933365,1,,
1789938596.031035,988,0.0169827938079834,58.88312672853112,9.003877639770508,0.05259999306872487,0.006399990525096655,1,,0,,0,1,,0,search_360,0.018700025975704193,1,,
1789938596.086213,989,0.055178165435791016,18.12311069246524,1.9960403442382812,32.56969997892156,0.006799993570894003,1,5.849600012879819,1,,0,1,26.68199996696785,1,search_360,0.017000013031065464,1,,
1789938596.1260786,990,0.03986549377441406,25.08435003109899,4.022836685180664,0.04449998959898949,0.005299982149153948,1,,0,,0,1,,0,search_360,0.014599994756281376,1,,
1789938596.1829276,991,0.056849002838134766,17.59045805688595,1.9907951354980469,24.872499983757734,0.005199981387704611,1,,0,,0,1,24.835599993821234,1,search_360,0.014100049156695604,1,,
1789938596.1998684,992,0.016940832138061523,59.0289775526001,9.880781173706055,0.06130000110715628,0.008400005754083395,1,,0,,0,1,,0,search_360,0.021299987565726042,1,,
1789938596.2610228,993,0.06115436553955078,16.35206237816764,2.0258426666259766,34.92930001812056,0.008400005754083395,1,7.585099956486374,1,,0,1,27.28970005409792,1,search_360,0.022499996703118086,1,,
1789938596.2923906,994,0.03136777877807617,31.879847376981896,1.4820098876953125,0.06700004450976849,0.009500014130026102,1,,0,,0,1,,0,search_360,0.02269999822601676,1,,
1789938596.3563457,995,0.06395506858825684,15.635977289587581,4.019975662231445,29.234500019811094,0.006299989763647318,1,,0,,0,1,29.19070003554225,1,search_360,0.01650000922381878,1,,
1789938596.3752952,996,0.018949508666992188,52.771816809260194,12.970447540283203,0.045900000259280205,0.005700043402612209,1,,0,,0,1,,0,search_360,0.015900004655122757,1,,
1789938596.4436767,997,0.06838154792785645,14.623828069160044,0.9975433349609375,49.373599991668016,0.011100026313215494,1,7.7862999751232564,1,14.266200014390051,1,1,27.27349998895079,1,search_360,0.02889998722821474,1,,
1789938596.4850738,998,0.0413970947265625,24.15628455584224,37.40286827087402,17.090999986976385,0.011400028597563505,1,,0,17.024700006004423,1,1,,0,search_360,0.028699985705316067,1,,
1789938596.5617177,999,0.0766439437866211,13.047345303420558,19.1650390625,51.126199949067086,0.009699957445263863,1,,0,15.109199972357601,1,1,35.96389997983351,1,search_360,0.02640002639964223,1,,
1789938596.595627,1001,0.03390932083129883,29.490416660807448,24.933576583862305,13.622599944937974,0.012200034689158201,1,,0,13.558899983763695,1,1,,0,search_360,0.03200001083314419,1,,
1789938596.6790977,1002,0.08347058296203613,11.98026855107526,0.9944438934326172,53.01449995022267,0.010499963536858559,1,9.85269999364391,1,13.286600005812943,1,1,29.825799982063472,1,search_360,0.0315000070258975,1,,
1789938596.716995,1004,0.037897348403930664,26.387070391876843,10.972261428833008,15.853999997489154,0.011000025551766157,1,,0,15.789899975061417,1,1,,0,search_360,0.030099996365606785,1,,
1789938596.7721946,1005,0.055199623107910156,18.116065721048358,17.099380493164062,31.210899993311614,0.00689999433234334,1,,0,,0,1,31.163900042884052,1,search_360,0.016700010746717453,1,,
1789938596.7921743,1006,0.01997971534729004,50.05076311738524,4.022121429443359,0.06510003004223108,0.006399990525096655,1,,0,,0,1,,0,search_360,0.03270001616328955,1,,
1789938596.8564928,1007,0.06431841850280762,15.54764596639372,0.9939670562744141,31.419400009326637,0.008400005754083395,1,6.681600003503263,1,,0,1,24.690599995665252,1,search_360,0.02169999061152339,1,,
1789938596.873445,1008,0.0169522762298584,58.989128447463536,15.960216522216797,0.04169996827840805,0.005299982149153948,1,,0,,0,1,,0,search_360,0.014100049156695604,1,,
1789938596.9218848,1009,0.048439741134643555,20.644206112092768,4.015207290649414,27.09389996016398,0.006699992809444666,1,,0,,0,1,27.049199969042093,1,search_360,0.01650000922381878,1,,
1789938596.962429,1010,0.04054427146911621,24.66439681279586,1.0008811950683594,0.04050001734867692,0.004999979864805937,1,,0,,0,1,,0,search_360,0.013399985618889332,1,,
1789938597.0405228,1011,0.0780937671661377,12.805119234068796,3.022432327270508,45.83049996290356,0.009000010322779417,1,7.125800009816885,1,13.513899990357459,1,1,25.149900000542402,1,search_360,0.02519995905458927,1,,
1789938597.0753996,1013,0.03487682342529297,28.672336003937545,4.986763000488281,14.45600000442937,0.010300020221620798,1,,0,14.395800011698157,1,1,,0,search_360,0.02989999484270811,1,,
1789938597.179104,1014,0.10370445251464844,9.642787515403432,2.9616355895996094,45.41979997884482,0.011100026313215494,1,,0,12.680299987550825,1,1,32.68119995482266,1,search_360,0.030700000934302807,1,,
1789938597.2165518,1016,0.03744769096374512,26.70391616316604,10.974407196044922,15.070800029207021,0.011000025551766157,1,,0,14.996100042480975,1,1,,0,search_360,0.03389996709302068,1,,
1789938597.3042846,1017,0.08773279190063477,11.39824663430966,16.95394515991211,66.1979999858886,9.800500003620982,1,8.608300006017089,1,14.073600003030151,1,1,33.66959997219965,1,face,0.03920000744983554,1,,
1789938597.3401887,1018,0.0359041690826416,27.851918747883367,32.22990036010742,17.100400000344962,2.2150000440888107,1,,0,14.83229995938018,1,1,,0,face,0.02889998722821474,1,,
1789938597.4175467,1019,0.07735800743103027,12.92691000206495,34.90614891052246,57.29329999303445,11.430900020059198,1,,0,12.419499980751425,1,1,33.38229999644682,1,face,0.042000028770416975,1,,
1789938597.455446,1022,0.03789925575256348,26.38574241480615,8.976936340332031,16.90960000269115,2.2610999876633286,1,,0,14.597700035665184,1,1,,0,face,0.028999987989664078,1,,
1789938597.5728066,1023,0.11736059188842773,8.5207477562032,5.156517028808594,75.78499999362975,10.69140003528446,1,7.590599998366088,1,14.305300021078438,1,1,43.15799998585135,1,face,0.031999952625483274,1,,
1789938597.6067154,1025,0.033908843994140625,29.490831364607942,33.90765190124512,16.145700006745756,2.2852999973110855,1,,0,13.809699972625822,1,1,,0,face,0.0315000070258975,1,,
1789938597.681788,1026,0.0750725269317627,13.320452113047317,4.984378814697266,54.9847999936901,11.58320001559332,1,,0,14.47080000070855,1,1,28.884999977890402,1,face,0.02989999484270811,1,,
1789938597.7186892,1028,0.036901235580444336,27.09936359231142,12.965679168701172,15.44859999557957,2.477100002579391,1,,0,12.92100001592189,1,1,,0,face,0.0295999925583601,1,,
1789938597.8055055,1029,0.08681631088256836,11.518572833077933,11.890649795532227,64.19579999055713,11.415200016926974,1,7.81389995245263,1,13.804900052491575,1,1,31.13000001758337,1,face,0.024799956008791924,1,,
1789938597.8394141,1031,0.03390860557556152,29.491038720881996,4.984855651855469,14.795999974012375,0.007800001185387373,1,,0,14.741500024683774,1,1,,0,face,0.02729997504502535,1,,
1789938597.920853,1032,0.08143877983093262,12.279162360683765,2.99072265625,56.70039996039122,0.010399962775409222,1,,0,14.981199987232685,1,1,41.66279995115474,1,face,0.028300040867179632,1,,
1789938597.9565299,1033,0.03567695617675781,28.029296979417268,52.370309829711914,15.745399985462427,0.009899958968162537,1,,0,15.684100042562932,1,1,,0,face,0.02989999484270811,1,,
1789938598.0371172,1034,0.08058738708496094,12.408889730420581,26.766300201416016,56.10980000346899,0.008800008799880743,1,9.821299987379462,1,14.084399968851358,1,1,32.162600022275,1,face,0.026200024876743555,1,,
1789938598.0750163,1037,0.037899017333984375,26.385908404630097,0.9815692901611328,15.092100016772747,0.010700023267418146,1,,0,15.022499952465296,1,1,,0,face,0.03250001464039087,1,,
1789938598.1777678,1038,0.10275149345397949,9.73221864116147,1.9946098327636719,44.30720000527799,0.008700008038431406,1,,0,13.547600014135242,1,1,30.708600010257214,1,face,0.026799971237778664,1,,
1789938598.2167985,1040,0.03903079032897949,25.620798133250258,8.511781692504883,16.566200007218868,0.008000002708286047,1,,0,16.51549997041002,1,1,,0,face,0.02340000355616212,1,,
1789938598.2927406,1041,0.0759420394897461,13.167937109919503,7.979154586791992,55.63890002667904,0.012499978765845299,1,8.899700012989342,1,14.357400010339916,1,1,32.318999990820885,1,face,0.03960001049563289,1,,
1789938598.3313396,1042,0.03859901428222656,25.907397341503188,23.639202117919922,14.800100005231798,0.008400005754083395,1,,0,14.748700021300465,1,1,,0,face,0.02540001878514886,1,,
1789938598.4058332,1043,0.0744936466217041,13.423963590858028,25.334596633911133,51.53450003126636,0.008200004231184721,1,,0,14.67230002162978,1,1,36.8107000249438,1,face,0.025200017262250185,1,,
1789938598.4385474,1045,0.032714128494262695,30.56783249400567,31.010866165161133,14.397799968719482,0.009500014130026102,1,,0,14.336899970658123,1,1,,0,face,0.02819998189806938,1,,
1789938598.5184307,1046,0.07988333702087402,12.518255211830894,26.963233947753906,61.03159999474883,0.010499963536858559,1,8.79039999563247,1,14.128400012850761,1,1,38.0641000228934,1,face,0.03060000017285347,1,,
1789938598.5520663,1048,0.033635616302490234,29.73039028055402,8.97669792175293,14.348099997732788,0.00890000956133008,1,,0,14.292699983343482,1,1,,0,face,0.028500042390078306,1,,
1789938598.6220167,1049,0.06995034217834473,14.295855729345963,15.956878662109375,48.88069996377453,0.008000002708286047,1,,0,13.240400003269315,1,1,35.58829997200519,1,hover,0.028499984182417393,1,,
1789938598.6544726,1050,0.0324559211730957,30.811018879012707,15.021085739135742,14.237700030207634,0.01379998866468668,1,,0,14.155999990180135,1,1,,0,hover,0.045900000259280205,1,,
1789938598.7290893,1051,0.07461667060852051,13.401830875657023,19.94633674621582,52.618600020650774,0.02570002106949687,1,7.969199970830232,1,13.53610004298389,1,1,31.052300008013844,1,hover,0.028499984182417393,1,,
1789938598.7729704,1053,0.04388117790222168,22.788813970040913,35.4609489440918,14.664300018921494,0.008500006515532732,1,,0,14.607499993871897,1,1,,0,hover,0.031100003980100155,1,,
1789938598.8477924,1054,0.07482194900512695,13.36506216820786,4.986763000488281,49.32540003210306,0.008999952115118504,1,,0,13.724799966439605,1,1,35.54090001853183,1,hover,0.03520003519952297,1,,
1789938598.884715,1056,0.03692269325256348,27.083614761243663,12.47715950012207,14.4262999529019,0.009200011845678091,1,,0,14.350700017530471,1,1,,0,hover,0.04749995423480868,1,,
1789938598.964424,1057,0.07970881462097168,12.545663923810208,19.025802612304688,55.61739997938275,0.008000002708286047,1,8.034099999349564,1,13.337899988982826,1,1,34.202200011350214,1,hover,0.028999987989664078,1,,
1789938599.005821,1058,0.0413970947265625,24.15628455584224,24.932861328125,23.40200002072379,0.008000002708286047,1,,0,23.346599948126823,1,1,,0,hover,0.03160000778734684,1,,
1789938599.0902748,1060,0.08445382118225098,11.840790458042205,2.991199493408203,62.88799998583272,0.005700043402612209,1,,0,,0,1,62.8407999756746,1,hover,0.018499966245144606,1,,
1789938599.1056635,1061,0.015388727188110352,64.98263227205825,47.4095344543457,0.045599997974932194,0.005100038833916187,1,,0,,0,1,,0,hover,0.01869996776804328,1,,
1789938599.1537774,1062,0.04811382293701172,20.78404788804979,1.2354850769042969,29.797499999403954,0.007399998139590025,1,6.946000037714839,1,,0,1,22.804000007454306,1,hover,0.0219999928958714,1,,
1789938599.168769,1063,0.014991521835327148,66.70436870815375,12.996673583984375,0.057800032664090395,0.004400033503770828,1,,0,,0,1,,0,hover,0.01680001150816679,1,,
1789938599.222081,1064,0.053312063217163086,18.757480758652456,2.994060516357422,20.76650003436953,0.006599992047995329,1,,0,,0,1,20.715499995276332,1,hover,0.020899984519928694,1,,
1789938599.238069,1065,0.01598811149597168,62.54647400050702,14.990568161010742,0.03860000288113952,0.004700035788118839,1,,0,,0,1,,0,hover,0.015199999324977398,1,,
1789938599.336885,1066,0.09881591796875,10.119827053736875,3.025054931640625,41.026299993973225,0.008800008799880743,1,6.939999992027879,1,13.125900004524738,1,1,20.914900000207126,1,hover,0.029999995604157448,1,,
1789938599.3718219,1068,0.03493690490722656,28.623027788393294,1.997232437133789,13.785599963739514,0.007499998901039362,1,,0,13.727900048252195,1,1,,0,hover,0.028999987989664078,1,,
1789938599.4391778,1069,0.06735587120056152,14.846515710892673,3.0298233032226562,42.702100006863475,0.007199996616691351,1,,0,15.439600043464452,1,1,27.212899993173778,1,hover,0.026899971999228,1,,
1789938599.4706624,1070,0.03148460388183594,31.76155570364088,25.988340377807617,12.775000010151416,0.008500006515532732,1,,0,12.71670003188774,1,1,,0,hover,0.031100003980100155,1,,
1789938599.547738,1071,0.07707571983337402,12.97425443657027,1.9941329956054688,52.08300001686439,0.008800008799880743,1,8.316999999806285,1,12.809500040020794,1,1,30.911399982869625,1,hover,0.029699993319809437,1,,
1789938599.58585,1073,0.03811192512512207,26.238506627964444,9.191036224365234,15.649499953724444,0.009200011845678091,1,,0,15.581099956762046,1,1,,0,hover,0.036299985367804766,1,,
1789938599.680452,1074,0.09460210800170898,10.570588976536706,3.9904117584228516,51.096700015477836,0.008100003469735384,1,,0,15.625700005330145,1,1,35.4133999790065,1,hover,0.03220001235604286,1,,
1789938599.7231722,1076,0.04272007942199707,23.408196181514782,15.791654586791992,17.47850002720952,0.012199976481497288,1,,0,17.392100009601563,1,1,,0,hover,0.045900000259280205,1,,
1789938599.803756,1077,0.08058381080627441,12.4094404321983,22.927522659301758,56.94450001465157,0.009500014130026102,1,9.394499997142702,1,16.96140004787594,1,1,30.53729998646304,1,hover,0.03439997090026736,1,,
1789938599.8423836,1079,0.03862762451171875,25.88820857199289,2.9935836791992188,14.605999982450157,0.009400013368576765,1,,0,14.540799951646477,1,1,,0,hover,0.03290001768618822,1,,
1789938599.902021,1080,0.05963730812072754,16.768027121137617,11.96908950805664,32.5538000324741,0.006500049494206905,1,,0,,0,1,32.50190004473552,1,hover,0.020199979189783335,1,,
1789938599.9215248,1081,0.01950383186340332,51.27197604058431,30.936717987060547,0.06029999349266291,0.006799993570894003,1,,0,,0,1,,0,hover,0.024900014977902174,1,,
1789938599.9935935,1082,0.07206869125366211,13.875650890901753,2.991199493408203,30.026699998416007,0.006799993570894003,1,6.906000024173409,1,,0,1,23.076299985405058,1,hover,0.02150004729628563,1,,
1789938600.0095518,1083,0.015958309173583984,62.663280246212686,15.958309173583984,0.04249997437000275,0.005199981387704611,1,,0,,0,1,,0,hover,0.016900012269616127,1,,
1789938600.0584822,1084,0.04893040657043457,20.437189675922994,10.978221893310547,25.18270001746714,0.007199996616691351,1,,0,,0,1,25.121700018644333,1,hover,0.027300033252686262,1,,
1789938600.07643,1085,0.017947912216186523,55.71678688611698,16.953706741333008,0.05059997783973813,0.005399982910603285,1,,0,,0,1,,0,hover,0.02010003663599491,1,,
1789938600.1575541,1086,0.08112406730651855,12.326798115553153,1.9893646240234375,29.540999967139214,0.006900052540004253,1,6.904000008944422,1,,0,1,22.58569997502491,1,hover,0.022899999748915434,1,,
1789938600.1725495,1087,0.014995336532592773,66.68739963431115,14.995336532592773,0.04050001734867692,0.003800028935074806,1,,0,,0,1,,0,hover,0.016400008462369442,1,,
1789938600.2147305,1088,0.04218101501464844,23.70734795387746,1.2738704681396484,22.84179994603619,0.004799978341907263,1,,0,,0,1,22.803599946200848,1,hover,0.015500001609325409,1,,
1789938600.2306874,1089,0.015956878662109375,62.668897920153,5.9833526611328125,0.044899992644786835,0.005299982149153948,1,,0,,0,1,,0,hover,0.018000020645558834,1,,
1789938600.3343537,1090,0.10366630554199219,9.646335853986127,2.340555191040039,42.305000009946525,0.009600014891475439,1,6.46870001219213,1,14.52269998844713,1,1,21.262999973259866,1,hover,0.03360002301633358,1,,
1789938600.3712652,1092,0.0369114875793457,27.091836866514228,1.001596450805664,14.026899996679276,0.009800016414374113,1,,0,13.963499979581684,1,1,,0,hover,0.03320001997053623,1,,
1789938600.4315574,1093,0.06029224395751953,16.585881273627432,1.5990734100341797,39.756800048053265,0.008199946023523808,1,,0,13.703800039365888,1,1,25.997999997343868,1,hover,0.030099996365606785,1,,
1789938600.4634728,1094,0.03191542625427246,31.332810410643717,20.940542221069336,13.185399991925806,0.012199976481497288,1,,0,13.107100035995245,1,1,,0,hover,0.04469999112188816,1,,
1789938600.5476859,1095,0.0842130184173584,11.874648585139363,4.023075103759766,53.11230005463585,0.008000002708286047,1,8.199899981264025,1,12.886799988336861,1,1,31.980900035705417,1,hover,0.029999995604157448,1,,
1789938600.5796015,1097,0.03191566467285156,31.332576346142353,9.973764419555664,13.498800050001591,0.00890000956133008,1,,0,13.425200013443828,1,1,,0,hover,0.04439998883754015,1,,
1789938600.6663058,1098,0.08670425415039062,11.533459457081262,0.9975433349609375,44.11910002818331,0.010699965059757233,1,,0,14.520400029141456,1,1,29.52870004810393,1,hover,0.03980001201853156,1,,
1789938600.7047136,1099,0.03840780258178711,26.036376277204614,33.5392951965332,15.392700035590678,0.01409999094903469,1,,0,15.305900014936924,1,1,,0,hover,0.046600005589425564,1,,
1789938600.7749333,1100,0.07021975517272949,14.241006644642354,32.911062240600586,51.75049998797476,0.008200004231184721,1,8.407199988141656,1,11.824899993371218,1,1,31.474200019147247,1,hover,0.030499999411404133,1,,
1789938600.8098404,1102,0.03490710258483887,28.647465012874715,5.984306335449219,14.188300003297627,0.009100011084228754,1,,0,14.12720000371337,1,1,,0,hover,0.033100019209086895,1,,
1789938600.8750014,1103,0.06516098976135254,15.346605440807888,7.698535919189453,44.191099994350225,0.009400013368576765,1,,0,14.307999983429909,1,1,29.822799959219992,1,hover,0.0342000275850296,1,,
1789938600.9121017,1105,0.03710031509399414,26.953948975001605,8.869647979736328,14.86930000828579,0.008700008038431406,1,,0,14.806100050918758,1,1,,0,hover,0.03439997090026736,1,,
1789938601.015267,1106,0.1031651496887207,9.693195841980467,4.987001419067383,53.03519999142736,1.0317000560462475,1,8.5696000023745,1,12.320699985139072,1,1,31.072799989487976,1,gesture,0.033999967854470015,1,1.0058999760076404,1
1789938601.0497067,1108,0.034439802169799805,29.0361714352964,13.51022720336914,14.748099958524108,0.9722000104375184,1,,0,13.698499999009073,1,1,,0,gesture,0.054299947805702686,1,0.94369996804744,1
1789938601.1185472,1109,0.06884050369262695,14.526331830240563,14.892101287841797,48.329100012779236,0.881000014487654,1,,0,15.220000001136214,1,1,32.17310004401952,1,gesture,0.029499991796910763,1,0.8501999545842409,1
1789938601.156099,1110,0.0375518798828125,26.629825274278748,12.701988220214844,16.350499994587153,1.0911000426858664,1,,0,15.211999998427927,1,1,,0,gesture,0.026999972760677338,1,1.0724000167101622,1
1789938601.236592,1111,0.08049297332763672,12.423444664289184,22.705078125,57.84820002736524,0.8367000264115632,1,10.055399965494871,1,15.16860001720488,1,1,31.75390005344525,1,gesture,0.026799971237778664,1,0.818000000435859,1
1789938601.2715006,1113,0.03490853309631348,28.646291072757943,31.94713592529297,15.487900003790855,0.9079999872483313,1,,0,14.5271000219509,1,1,,0,gesture,0.031000003218650818,1,0.8843000396154821,1
1789938601.3513048,1114,0.0798041820526123,12.530671629974636,5.9871673583984375,51.19719996582717,0.945800042245537,1,,0,14.875900000333786,1,1,35.32460000133142,1,gesture,0.02829998265951872,1,0.9174000006169081,1
1789938601.3855948,1116,0.03429007530212402,29.162957246059392,15.33961296081543,15.16570005333051,0.8569999481551349,1,,0,14.249600004404783,1,1,,0,gesture,0.04040001658722758,1,0.8393999887630343,1
1789938601.4565632,1117,0.0709683895111084,14.090780513533762,14.959573745727539,52.73739999393001,0.7167999865487218,1,9.349600004497916,1,12.933799996972084,1,1,29.70610000193119,1,gesture,0.024900014977902174,1,0.7011000416241586,1
1789938601.4911273,1118,0.03456401824951172,28.931821317219878,45.04084587097168,18.089600023813546,1.0479000047780573,1,,0,16.987200011499226,1,1,,0,gesture,0.033100019209086895,1,1.0264000156894326,1
1789938601.5586884,1119,0.06756114959716797,14.801405925779541,23.93174171447754,47.0735999988392,0.9109000093303621,1,,0,15.595899953041226,1,1,30.51790001336485,1,gesture,0.030199997127056122,1,0.8916000369936228,1
1789938601.5889146,1121,0.03022623062133789,33.08384735521936,20.854711532592773,14.55830002669245,0.8975000237114727,1,,0,13.611999980639666,1,1,,0,gesture,0.028099981136620045,1,0.8765999809838831,1
1789938601.6806889,1122,0.09177422523498535,10.89630555245253,2.991914749145508,53.83579997578636,0.013999990187585354,1,9.210499993059784,1,12.995500001125038,1,1,31.581000017467886,1,gesture,0.02789997961372137,1,,
1789938601.7171025,1124,0.03641366958618164,27.46221436521967,14.472007751464844,14.701100008096546,0.018000020645558834,1,,0,14.625399955548346,1,1,,0,gesture,0.03130000550299883,1,,
1789938601.7819054,1125,0.06480288505554199,15.431411720989098,8.975982666015625,46.12700000870973,0.00990001717582345,1,,0,14.037400018423796,1,1,32.03510004095733,1,gesture,0.026999972760677338,1,,
1789938601.8158178,1126,0.03391242027282715,29.487721370369588,11.968851089477539,14.080199995078146,0.012499978765845299,1,,0,14.014700020197779,1,1,,0,gesture,0.03320001997053623,1,,
1789938601.8945143,1127,0.07869648933410645,12.707047143545294,20.614147186279297,51.751799997873604,0.009700015652924776,1,8.510100014973432,1,14.151500014122576,1,1,29.047399992123246,1,gesture,0.025799963623285294,1,,
1789938601.9264228,1129,0.031908512115478516,31.339599802740707,20.943641662597656,14.01450001867488,0.010000017937272787,1,,0,13.957499992102385,1,1,,0,gesture,0.02659996971487999,1,,
1789938602.005422,1130,0.07899928092956543,12.658343066332273,3.9894580841064453,44.94249995332211,0.009300012607127428,1,,0,13.622099999338388,1,1,31.268499966245145,1,gesture,0.024799956008791924,1,,
1789938602.0373406,1132,0.03191852569580078,31.329767844871373,1.9962787628173828,13.733400031924248,0.013499986380338669,1,,0,13.660900003742427,1,1,,0,gesture,0.035100034438073635,1,,
1789938602.115293,1133,0.07795238494873047,12.828343875016822,6.014823913574219,49.29630004335195,0.008999952115118504,1,8.564400020986795,1,13.332100003026426,1,1,27.358999999705702,1,gesture,0.024800014216452837,1,,
1789938602.1502037,1134,0.03491067886352539,28.644530342971876,6.981372833251953,14.573299966286868,0.010599964298307896,1,,0,14.512699970509857,1,1,,0,gesture,0.028800044674426317,1,,
1789938602.2104197,1135,0.06021595001220703,16.606895677927177,10.442972183227539,40.25810002349317,0.010000017937272787,1,,0,13.973000051919371,1,1,26.22890000930056,1,gesture,0.026999972760677338,1,,
1789938602.2443273,1136,0.03390765190124512,29.491868175138343,13.96489143371582,13.689299987163395,0.009200011845678091,1,,0,13.63090000813827,1,1,,0,gesture,0.02529995981603861,1,,
1789938602.3332102,1137,0.0888829231262207,11.250755092515599,52.7191162109375,49.4440000038594,0.009400013368576765,1,8.65999999223277,1,12.652400007937104,1,1,28.09000003617257,1,gesture,0.02589996438473463,1,,
1789938602.3641675,1138,0.03095722198486328,32.30264009118635,63.09199333190918,13.727900048252195,0.0097999582067132,1,,0,13.670600019395351,1,1,,0,gesture,0.025900022592395544,1,,
1789938602.4286723,1140,0.06450486183166504,15.50270741777027,12.950897216796875,41.8731999816373,0.009600014891475439,1,,0,14.4084999919869,1,1,27.40219997940585,1,hover,0.03609998384490609,1,,
1789938602.4606192,1142,0.03194689750671387,31.30194410239188,11.965513229370117,12.223800003994256,0.00890000956133008,1,,0,12.166299973614514,1,1,,0,hover,0.030800001695752144,1,,
1789938602.559577,1143,0.09895777702331543,10.105319966558971,4.4956207275390625,62.6365999924019,0.009400013368576765,1,9.2022999888286,1,15.095399983692914,1,1,38.28879998764023,1,hover,0.03330002073198557,1,,
1789938602.5934813,1145,0.033904314041137695,29.494771632502374,22.93848991394043,15.193000028375536,0.011800031643360853,1,,0,15.115800022613257,1,1,,0,hover,0.04279997665435076,1,,
1789938602.682626,1146,0.08914470672607422,11.217715966836053,3.9894580841064453,55.82830001367256,9.643500030506402,1,,0,15.214200015179813,1,1,30.91959998710081,1,face,0.03549997927621007,1,,
1789938602.7185307,1148,0.035904645919799805,27.851548856203724,12.967824935913086,17.443599994294345,2.363000006880611,1,,0,15.027199988253415,1,1,,0,face,0.03260001540184021,1,,
1789938602.8022184,1149,0.08368778228759766,11.949175526762618,17.52471923828125,63.973499985877424,10.737299977336079,1,8.292000042274594,1,14.218199998140335,1,1,30.682799988426268,1,face,0.03579998156055808,1,,
1789938602.8351312,1150,0.0329127311706543,30.383379453225736,30.91716766357422,16.783300030510873,1.998900028411299,1,,0,14.7374999942258,1,1,,0,face,0.027399975806474686,1,,
1789938602.913364,1151,0.0782327651977539,12.782368071385905,28.92446517944336,61.855000036302954,12.149000016506761,1,,0,16.460000013466924,1,1,33.19440002087504,1,face,0.03090000245720148,1,,
1789938602.9522579,1153,0.038893938064575195,25.710947509087678,41.40162467956543,19.298299972433597,2.624399960041046,1,,0,16.610799997579306,1,1,,0,face,0.036100042052567005,1,,
1789938603.0413234,1154,0.0890655517578125,11.227685454856948,14.960765838623047,68.89029999729246,11.38899999205023,1,9.316800045780838,1,14.595599961467087,1,1,33.54989999206737,1,face,0.031800009310245514,1,,
1789938603.0782254,1156,0.03690195083618164,27.09883833619765,35.90250015258789,18.648000026587397,2.4169000098481774,1,,0,16.18090004194528,1,1,,0,face,0.026499968953430653,1,,
1789938603.1558297,1157,0.07760429382324219,12.885884926389265,31.913280487060547,59.39639999996871,12.203499965835363,1,,0,13.218099949881434,1,1,33.92770001664758,1,face,0.029100046958774328,1,,
1789938603.1950467,1159,0.03921699523925781,25.499148874082,21.941423416137695,20.083800016436726,3.3738999627530575,1,,0,16.658400010783225,1,1,,0,face,0.02370000584051013,1,,
1789938603.2829735,1160,0.08792686462402344,11.373088353326537,19.922971725463867,68.72879998991266,11.083699995651841,1,8.002999995369464,1,15.716499998234212,1,1,33.88750000158325,1,face,0.031000003218650818,1,,
1789938603.3210044,1162,0.03803086280822754,26.294433682521174,14.129877090454102,18.87420000275597,2.7416000375524163,1,,0,16.077700012829155,1,1,,0,face,0.027499976567924023,1,,
1789938603.402785,1163,0.08178067207336426,12.227828099809628,18.950462341308594,62.24050000309944,11.100600007921457,1,,0,14.670400007162243,1,1,36.42169997328892,1,face,0.029999995604157448,1,,
1789938603.4384525,1165,0.03566741943359375,28.036791443850266,31.41641616821289,18.43379996716976,2.3509999737143517,1,,0,16.029799997340888,1,1,,0,face,0.02929999027401209,1,,
1789938603.5397465,1166,0.10129404067993164,9.872249080869373,26.927471160888672,81.06880000559613,11.60690002143383,1,9.248699992895126,1,15.598700032569468,1,1,44.57420000107959,1,face,0.03139994805678725,1,,
1789938603.5766451,1169,0.03689861297607422,27.101289705616292,6.981372833251953,16.028999991249293,1.9342000014148653,1,,0,14.049399993382394,1,1,,0,face,0.026600027922540903,1,,
1789938603.6888778,1170,0.11223268508911133,8.910060373286202,3.989696502685547,62.611900037154555,13.19379999767989,1,,0,18.75879999715835,1,1,30.612500035203993,1,face,0.02989999484270811,1,,
1789938603.721983,1172,0.03310513496398926,30.206794235630486,18.146276473999023,15.257699997164309,0.007700000423938036,1,,0,15.20259998505935,1,1,,0,face,0.029099988751113415,1,,
1789938603.8000069,1173,0.07802391052246094,12.816583958735668,17.95172691345215,59.02310000965372,0.009300012607127428,1,9.287499997299165,1,13.64989997819066,1,1,36.042099993210286,1,face,0.027100031729787588,1,,
1789938603.8331044,1174,0.03309750556945801,30.213757284560693,28.113365173339844,14.76130000082776,0.007700000423938036,1,,0,14.694300014525652,1,1,,0,face,0.04229997284710407,1,,
1789938603.9039185,1175,0.07081413269042969,14.12147493737711,27.925491333007812,51.34490004274994,0.010700023267418146,1,,0,15.00999997369945,1,1,36.272099998313934,1,face,0.03320001997053623,1,,
1789938603.9390712,1177,0.03515267372131348,28.447338257336835,34.906625747680664,15.138000017032027,0.009700015652924776,1,,0,15.078800031915307,1,1,,0,face,0.03029999788850546,1,,
1789938604.0140712,1178,0.07500004768371582,13.333324856233688,3.990650177001953,55.568200012203306,0.00890000956133008,1,10.349999996833503,1,15.145500015933067,1,1,30.0279000075534,1,face,0.028799986466765404,1,,
1789938604.0499814,1180,0.03591012954711914,27.84729580793796,11.969804763793945,13.966500002425164,0.008000002708286047,1,,0,13.913000002503395,1,1,,0,face,0.027999980375170708,1,,
1789938604.1181803,1181,0.06819891929626465,14.66298894936846,14.043569564819336,48.69350005174056,0.010300020221620798,1,,0,15.792799997143447,1,1,32.83800004282966,1,face,0.03290001768618822,1,,
1789938604.1570776,1182,0.03889727592468262,25.70874119658958,17.951250076293945,14.865099976304919,0.008100003469735384,1,,0,14.810799970291555,1,1,,0,face,0.026100024115294218,1,,
1789938604.2335608,1183,0.07648324966430664,13.074758256077109,6.791830062866211,56.3518000417389,0.008200004231184721,1,8.441100013442338,1,14.552499982528389,1,1,33.316200016997755,1,face,0.026800029445439577,1,,
1789938604.2694669,1185,0.035906076431274414,27.85043924011129,30.91716766357422,16.07680000597611,0.00890000956133008,1,,0,16.016599955037236,1,1,,0,face,0.029399991035461426,1,,
1789938604.3520854,1186,0.08261847496032715,12.103830293166189,49.24583435058594,49.90790004376322,0.009300012607127428,1,,0,14.65739996638149,1,1,35.191900038626045,1,face,0.032400013878941536,1,,
1789938604.388984,1188,0.03689861297607422,27.101289705616292,18.948793411254883,15.290500014089048,0.010899966582655907,1,,0,15.224199974909425,1,1,,0,face,0.03590004052966833,1,,
1789938604.468435,1189,0.07945108413696289,12.586360662821614,19.999027252197266,58.00730001647025,0.009299954399466515,1,8.754100010264665,1,14.025299984496087,1,1,35.18479998456314,1,face,0.026500027161091566,1,,
1789938604.5137866,1191,0.045351505279541016,22.0499847543345,33.90812873840332,15.38789999904111,0.008699949830770493,1,,0,15.32559999031946,1,1,,0,hover,0.03490003291517496,1,,
1789938604.5883627,1192,0.07457613945007324,13.409114595821544,11.968612670898438,54.19880000408739,0.010399962775409222,1,,0,15.355599985923618,1,1,38.78000000258908,1,hover,0.036100042052567005,1,,
1789938604.6225297,1194,0.03416705131530762,29.26796318393379,19.94800567626953,14.346499985549599,0.009000010322779417,1,,0,14.287100057117641,1,1,,0,hover,0.032699957955628633,1,,
1789938604.7246454,1195,0.10211563110351562,9.792820053046434,3.994464874267578,62.43610003730282,0.010000017937272787,1,8.641500025987625,1,14.43229999858886,1,1,39.30800000671297,1,hover,0.035999983083456755,1,,
1789938604.7611732,1197,0.03652787208557129,27.376355174957084,22.56488800048828,15.118999988771975,0.008300004992634058,1,,0,15.057899989187717,1,1,,0,hover,0.035400036722421646,1,,
1789938604.8228629,1198,0.06168961524963379,16.210183771667086,23.791074752807617,42.99820004962385,0.009400013368576765,1,,0,12.80109997605905,1,1,30.13720002491027,1,hover,0.03430002834647894,1,,
1789938604.8650231,1199,0.0421602725982666,23.71901172292502,20.94292640686035,19.752299995161593,0.01090002479031682,1,,0,19.673300033900887,1,1,,0,hover,0.04009995609521866,1,,
1789938604.9412012,1200,0.07617807388305664,13.127136839074344,30.150651931762695,53.81650000344962,0.009599956683814526,1,9.392499981913716,1,13.768400007393211,1,1,30.6057000416331,1,hover,0.033100019209086895,1,,
1789938604.9776983,1202,0.03649711608886719,27.399425137183172,38.877248764038086,13.809499971102923,0.008000002708286047,1,,0,13.747500022873282,1,1,,0,hover,0.03029999788850546,1,,
1789938605.0410402,1203,0.06334185600280762,15.787349204855557,5.984783172607422,43.55920001398772,0.009199953638017178,1,,0,13.099900039378554,1,1,30.399999988730997,1,hover,0.03160000778734684,1,,
1789938605.0729558,1205,0.03191566467285156,31.332576346142353,6.982088088989258,13.182499969843775,0.008600007276982069,1,,0,13.121300027705729,1,1,,0,hover,0.031999952625483274,1,,
1789938605.144317,1206,0.07136106491088867,14.01324379405967,4.834175109863281,51.94909998681396,0.010000017937272787,1,8.464100013952702,1,14.140999992378056,1,1,29.293300001882017,1,hover,0.03339996328577399,1,,
1789938605.181221,1207,0.036904096603393555,27.09726269001919,9.974479675292969,14.67250002315268,0.00990001717582345,1,,0,14.605199976358563,1,1,,0,hover,0.03809999907389283,1,,
1789938605.2504694,1208,0.06924843788146973,14.440758962847179,13.17906379699707,47.367800027132034,0.008800008799880743,1,,0,13.767199998255819,1,1,33.544400008395314,1,hover,0.031000003218650818,1,,
1789938605.2863767,1210,0.03590726852416992,27.849514627571278,15.956878662109375,13.546100002713501,0.008800008799880743,1,,0,13.486100011505187,1,1,,0,hover,0.03139994805678725,1,,
1789938605.4035485,1211,0.1171717643737793,8.534479320546785,1.9977092742919922,77.9389999806881,0.013299984857439995,1,7.482500048354268,1,16.35229995008558,1,1,54.031899955589324,1,hover,0.04850002005696297,1,,
1789938605.4378285,1214,0.03428006172180176,29.17147606429222,20.807743072509766,14.236099959816784,0.008600007276982069,1,,0,14.07669996842742,1,1,,0,hover,0.12919999426230788,1,,
1789938605.523388,1215,0.08555936813354492,11.68779084996461,2.991199493408203,31.44389996305108,0.007399998139590025,1,,0,,0,1,31.38149995356798,1,hover,0.024900014977902174,1,,
1789938605.5413404,1216,0.017952442169189453,55.702727828096364,18.94974708557129,0.04080001963302493,0.004699977580457926,1,,0,,0,1,,0,hover,0.016400008462369442,1,,
1789938605.5867996,1217,0.04545927047729492,21.997713326690093,0.9961128234863281,28.39799999492243,0.006199989002197981,1,6.2411000253632665,1,,0,1,22.11580000584945,1,hover,0.02010003663599491,1,,
1789938605.6017935,1218,0.014993906021118164,66.69376202515544,10.008096694946289,0.04469999112188816,0.004599976819008589,1,,0,,0,1,,0,hover,0.018200022168457508,1,,
1789938605.681966,1219,0.08017253875732422,12.47309883783173,2.9528141021728516,23.36809999542311,0.005399982910603285,1,,0,,0,1,23.325499962083995,1,hover,0.018000020645558834,1,,
1789938605.696959,1220,0.014992952346801758,66.69800429355172,6.017923355102539,0.04279997665435076,0.004399975296109915,1,,0,,0,1,,0,hover,0.017600017599761486,1,,
1789938605.7658057,1221,0.0688467025756836,14.525023894945353,0.9970664978027344,41.16829996928573,0.008100003469735384,1,6.813599960878491,1,12.099600047804415,1,1,22.21379999537021,1,hover,0.026999972760677338,1,,
1789938605.7986076,1222,0.03280186653137207,30.486070024203922,31.80384635925293,13.769300014246255,0.008200004231184721,1,,0,13.710999977774918,1,1,,0,hover,0.03130000550299883,1,,
1789938605.8753881,1223,0.07678055763244629,13.024130467859683,3.986835479736328,44.02979998849332,0.008400005754083395,1,,0,13.105000020004809,1,1,30.87199997389689,1,hover,0.028999987989664078,1,,
1789938605.9085875,1224,0.033199310302734375,30.1211076640239,35.68887710571289,16.043400042690337,0.012100033927708864,1,,0,15.967500046826899,1,1,,0,hover,0.03969995304942131,1,,
1789938605.9774842,1226,0.06889677047729492,14.514468429685715,3.025054931640625,49.87089999485761,0.009100011084228754,1,9.454899991396815,1,14.209300046786666,1,1,26.15759999025613,1,hover,0.032599957194179296,1,,
1789938606.0129044,1227,0.03542017936706543,28.232493958791892,6.980657577514648,14.656300016213208,0.009600014891475439,1,,0,14.590399980079383,1,1,,0,hover,0.0363999861292541,1,,
1789938606.0756998,1228,0.06279540061950684,15.92473318323506,9.97304916381836,40.92499997932464,0.009500014130026102,1,,0,12.970599986147135,1,1,27.898899978026748,1,hover,0.02989999484270811,1,,
1789938606.1085005,1230,0.03280067443847656,30.48717799616212,5.98597526550293,13.963799981866032,0.008100003469735384,1,,0,13.906600011978298,1,1,,0,hover,0.030199997127056122,1,,
1789938606.2169762,1231,0.1084756851196289,9.218655765088576,3.0257701873779297,53.314599965233356,0.008500006515532732,1,10.52090001758188,1,15.546199982054532,1,1,27.199999953154474,1,hover,0.0323000131174922,1,,
1789938606.260959,1233,0.043982744216918945,22.736189335255887,19.05059814453125,17.60020002257079,0.011499971151351929,1,,0,17.526299983728677,1,1,,0,hover,0.03940000897273421,1,,
1789938606.38882,1234,0.12786102294921875,7.820991705949043,31.91399574279785,103.2374000060372,11.93869998678565,1,,0,15.047700027935207,1,1,76.1874999734573,1,face,0.039300008211284876,1,,
1789938606.4297104,1237,0.04089045524597168,24.4555849032401,22.938013076782227,16.4387000259012,0.8466000435873866,1,,0,15.534900012426078,1,1,,0,gesture,0.0344999716617167,1,0.8302999776788056,1
1789938606.5107212,1238,0.08101081848144531,12.344030325147742,31.916379928588867,58.15029999939725,0.01009996049106121,1,10.484700032975525,1,16.483599960338324,1,1,31.135099998209625,1,gesture,0.02970005152747035,1,,
1789938606.5461404,1240,0.03541922569274902,28.233254127989554,9.974479675292969,14.375000027939677,0.008500006515532732,1,,0,14.320899965241551,1,1,,0,gesture,0.025100016500800848,1,,
1789938606.6367671,1241,0.09062671661376953,11.034273748013764,10.970115661621094,68.59039998380467,0.009800016414374113,1,,0,13.80700001027435,1,1,54.72839996218681,1,gesture,0.027799978852272034,1,,
1789938606.6721842,1242,0.03541707992553711,28.234964658364188,65.64784049987793,16.67969999834895,0.011500029359012842,1,,0,16.613699961453676,1,1,,0,gesture,0.031400006264448166,1,,
1789938606.7419295,1244,0.06974530220031738,14.337883247360127,1.5716552734375,49.26499997964129,0.0097999582067132,1,9.416099986992776,1,13.019600010011345,1,1,26.78600000217557,1,gesture,0.026500027161091566,1,,
1789938606.7818244,1246,0.039894819259643555,25.0659112776473,11.969327926635742,15.821799985133111,0.010999967344105244,1,,0,15.758100023958832,1,1,,0,gesture,0.0295999925583601,1,,
1789938606.8754961,1247,0.09367179870605469,10.675571664189286,2.992391586303711,50.30459997942671,0.008800008799880743,1,,0,14.115900034084916,1,1,36.1136999563314,1,gesture,0.04429998807609081,1,,
1789938606.9123857,1249,0.03688955307006836,27.107945658777453,7.980823516845703,15.029000001959503,0.009300012607127428,1,,0,14.974799996707588,1,1,,0,gesture,0.025999965146183968,1,,
1789938606.98301,1250,0.07062435150146484,14.15942205117818,9.97304916381836,52.163599990308285,0.009100011084228754,1,8.858799992594868,1,13.600300007965416,1,1,29.664400033652782,1,gesture,0.0241999514400959,1,,
1789938607.018914,1251,0.0359039306640625,27.852103697407564,12.965679168701172,14.738400001078844,0.011999974958598614,1,,0,14.657100022304803,1,1,,0,gesture,0.04640000406652689,1,,
1789938607.0822074,1252,0.06329345703125,15.799421407907426,16.779661178588867,42.67609998350963,0.009000010322779417,1,,0,13.192699989303946,1,1,29.43350002169609,1,gesture,0.024200009647756815,1,,
1789938607.1171145,1254,0.03490710258483887,28.647465012874715,15.957355499267578,13.841599982697517,0.008300004992634058,1,,0,13.78800004022196,1,1,,0,gesture,0.02429995220154524,1,,
1789938607.214363,1255,0.09724855422973633,10.282929221113536,1.9948482513427734,55.74719997821376,0.011100026313215494,1,9.646399994380772,1,15.940799959935248,1,1,30.111000000033528,1,gesture,0.030099996365606785,1,,
1789938607.254005,1257,0.0396418571472168,25.225861550490166,15.38538932800293,17.129899992141873,0.014199991710484028,1,,0,17.053599993232638,1,1,,0,gesture,0.036100042052567005,1,,
1789938607.3235033,1258,0.06949830055236816,14.388841051537408,20.807981491088867,50.20269996020943,0.011499971151351929,1,,0,17.073000024538487,1,1,33.05579995503649,1,gesture,0.043599982745945454,1,,
1789938607.35561,1259,0.032106637954711914,31.146207255040284,20.137548446655273,14.623099996242672,0.009800016414374113,1,,0,14.56559996586293,1,1,,0,gesture,0.028699985705316067,1,,
1789938607.428633,1260,0.07302308082580566,13.694300332048021,19.94633674621582,54.066099983174354,0.009699957445263863,1,8.64960002945736,1,16.277899965643883,1,1,29.095300007611513,1,gesture,0.026500027161091566,1,,
1789938607.464693,1262,0.03606009483337402,27.731485583185123,28.64551544189453,15.824600006453693,0.009400013368576765,1,,0,15.76420001219958,1,1,,0,gesture,0.02729997504502535,1,,
1789938607.524043,1263,0.059350013732910156,16.84919576430511,20.45297622680664,40.63880001194775,0.008600007276982069,1,,0,13.771300029475242,1,1,26.820299972314388,1,gesture,0.023600005079060793,1,,
1789938607.5539649,1264,0.029921770095825195,33.42048270531709,19.943952560424805,14.47090000147,0.010800024028867483,1,,0,14.407800044864416,1,1,,0,gesture,0.03209995338693261,1,,
1789938607.6278005,1265,0.07383561134338379,13.543600192451137,16.93558692932129,55.6116999941878,0.014299992471933365,1,8.372900018002838,1,14.320200018119067,1,1,32.85569994477555,1,gesture,0.03860000288113952,1,,
1789938607.6602721,1266,0.032471656799316406,30.796087990836735,57.89613723754883,16.086299961898476,0.010699965059757233,1,,0,16.009299957659096,1,1,,0,hover,0.04350004019215703,1,,
1789938607.7260933,1267,0.06582117080688477,15.192680223418359,26.926755905151367,44.22340000746772,0.00890000956133008,1,,0,13.520499982405454,1,1,30.645099992398173,1,hover,0.031100003980100155,1,,
1789938607.7566767,1269,0.03058338165283203,32.697496024197825,21.603822708129883,14.627300028223544,0.008200004231184721,1,,0,14.569799997843802,1,1,,0,hover,0.028799986466765404,1,,
1789938607.8319855,1270,0.07530879974365234,13.278660706371015,20.452022552490234,58.51130001246929,0.00890000956133008,1,9.107800025958568,1,14.807300001848489,1,1,34.54699995927513,1,hover,0.03250001464039087,1,,
1789938607.8682692,1271,0.03628373146057129,27.56056115911555,28.302669525146484,18.226000014692545,0.008600007276982069,1,,0,18.16610002424568,1,1,,0,hover,0.03090000245720148,1,,
1789938607.9282231,1272,0.059953927993774414,16.67947428071501,31.52179718017578,42.5991999800317,0.008800008799880743,1,,0,13.803799985907972,1,1,28.740499983541667,1,hover,0.03029999788850546,1,,
1789938607.9601383,1274,0.03191518783569336,31.333044478642183,22.939205169677734,14.3034000066109,0.009500014130026102,1,,0,14.241600001696497,1,1,,0,hover,0.03190001007169485,1,,
1789938608.0449257,1275,0.08478736877441406,11.79420961464918,2.991199493408203,50.96259998390451,0.008300004992634058,1,7.798700011335313,1,12.985099980141968,1,1,30.135399952996522,1,hover,0.028800044674426317,1,,
1789938608.07684,1277,0.03191423416137695,31.33398078560863,8.976221084594727,13.313500036019832,0.006999995093792677,1,,0,13.250599964521825,1,1,,0,hover,0.029699993319809437,1,,
1789938608.1372998,1278,0.06045985221862793,16.539901493373083,8.975744247436523,40.70519999368116,0.008800008799880743,1,,0,13.941199984401464,1,1,26.706899981945753,1,hover,0.032400013878941536,1,,
1789938608.1727164,1279,0.035416603088378906,28.235344804372996,1.9943714141845703,14.900699956342578,0.00790000194683671,1,,0,14.839400013443083,1,1,,0,hover,0.030399998649954796,1,,
1789938608.2414107,1280,0.0686943531036377,14.557237310195228,1.9941329956054688,50.681900000199676,0.008400005754083395,1,8.343399967998266,1,12.456300028134137,1,1,29.837600013706833,1,hover,0.029799994081258774,1,,
1789938608.2720675,1282,0.030656814575195312,32.61917501399863,2.994060516357422,14.133499993477017,0.011499971151351929,1,,0,14.069900033064187,1,1,,0,hover,0.030800001695752144,1,,
1789938608.3671958,1283,0.09512829780578613,10.512119138740392,1.9974708557128906,45.013300026766956,0.007700000423938036,1,,0,12.792999972589314,1,1,32.16980001889169,1,hover,0.02640002639964223,1,,
1789938608.3993845,1284,0.03218865394592285,31.066847395358828,31.18753433227539,15.381300006993115,0.008300004992634058,1,,0,15.324900043196976,1,1,,0,hover,0.03060000017285347,1,,
1789938608.47554,1286,0.07615542411804199,13.13104104639987,22.93682098388672,54.35960000613704,0.009000010322779417,1,8.353800047188997,1,15.354399976786226,1,1,30.6037999689579,1,hover,0.031200004741549492,1,,
1789938608.5114763,1287,0.03593635559082031,27.826973090600287,11.998176574707031,14.540000003762543,0.010000017937272787,1,,0,14.459600031841546,1,1,,0,hover,0.034699973184615374,1,,
1789938608.5689828,1288,0.057506561279296875,17.389320066334992,9.521007537841797,39.56740000285208,0.008600007276982069,1,,0,12.50630000140518,1,1,27.003400027751923,1,hover,0.032100011594593525,1,,
1789938608.6004984,1289,0.03151559829711914,31.730319398423433,32.62591361999512,14.09589999821037,0.010700023267418146,1,,0,14.023599971551448,1,1,,0,hover,0.03679998917505145,1,,
1789938608.6723251,1290,0.07182669639587402,13.922400029210358,28.97334098815918,55.202299961820245,0.010499963536858559,1,9.671200008597225,1,15.26810001814738,1,1,30.207799980416894,1,hover,0.03739999374374747,1,,
1789938608.7062182,1291,0.03389310836791992,29.504523136228702,36.88359260559082,15.311900002416223,0.008700008038431406,1,,0,15.252400015015155,1,1,,0,hover,0.03170000854879618,1,,
1789938608.7710657,1293,0.06484746932983398,15.4208022353763,4.495143890380859,44.93089998140931,0.009200011845678091,1,,0,14.4338000100106,1,1,30.434199958108366,1,hover,0.03409996861591935,1,,
1789938608.8046498,1294,0.0335841178894043,29.775979327284862,36.5748405456543,13.403500022832304,0.008000002708286047,1,,0,13.34639999549836,1,1,,0,hover,0.03130000550299883,1,,
1789938608.8786623,1295,0.07401251792907715,13.511227937931457,3.9942264556884766,53.131200023926795,0.008300004992634058,1,10.62770001590252,1,14.069799974095076,1,1,28.391400002874434,1,hover,0.02829998265951872,1,,
1789938608.9173155,1297,0.03865313529968262,25.871122542760745,7.735490798950195,17.622999963350594,0.007599999662488699,1,,0,17.55129999946803,1,1,,0,hover,0.0467000063508749,1,,
1789938608.9836926,1298,0.06637716293334961,15.06542244060832,17.50922203063965,46.01749998982996,0.008400005754083395,1,,0,13.596999982837588,1,1,32.365099992603064,1,hover,0.030199997127056122,1,,
1789938609.0156348,1299,0.031942129135131836,31.306616906139205,11.96742057800293,12.857800000347197,0.010600022505968809,1,,0,12.785300030373037,1,1,,0,hover,0.03739999374374747,1,,
1789938609.085432,1300,0.06979727745056152,14.32720639724544,11.969566345214844,51.105600025039166,0.008500006515532732,1,8.668299997225404,1,12.847499980125576,1,1,29.54610000597313,1,hover,0.028800044674426317,1,,
1789938609.117345,1302,0.031913042068481445,31.335151248010877,12.964963912963867,14.061100024264306,0.009000010322779417,1,,0,13.99960002163425,1,1,,0,hover,0.03160000778734684,1,,
1789938609.1880152,1303,0.07067012786865234,14.15025032724721,2.9931068420410156,28.157300024759024,0.005700043402612209,1,,0,8.463400008622557,1,1,19.653900002595037,1,hover,0.022199994418770075,1,,
1789938609.2079604,1304,0.019945144653320312,50.13751553982978,8.975028991699219,8.890500001143664,0.005799985956400633,1,,0,8.846500015351921,1,1,,0,hover,0.02370000584051013,1,,
1789938609.2606246,1305,0.05266427993774414,18.988202272624385,2.7213096618652344,33.59240002464503,0.005500041879713535,1,5.598799965810031,1,8.38890002341941,1,1,19.575400045141578,1,hover,0.01939997309818864,1,,
1789938609.2815685,1306,0.020943880081176758,47.746644658204794,16.468048095703125,9.397000016178936,0.00689999433234334,1,,0,9.33710002573207,1,1,,0,hover,0.03950000973418355,1,,
1789938609.3539336,1307,0.07236504554748535,13.81882637445185,0.9965896606445312,29.287700017448515,0.007700000423938036,1,,0,9.51190001796931,1,1,19.721400050912052,1,hover,0.028999987989664078,1,,
1789938609.3778918,1308,0.023958206176757812,41.73935196242337,13.9617919921875,9.511100011877716,0.006900052540004253,1,,0,9.46299999486655,1,1,,0,hover,0.025399960577487946,1,,
1789938609.4260964,1309,0.048204660415649414,20.74488216237604,1.9943714141845703,34.473199979402125,0.005799985956400633,1,5.837700038682669,1,10.480800003279,1,1,18.12139997491613,1,hover,0.022499996703118086,1,,
1789938609.4469516,1310,0.020855188369750977,47.949698764190096,17.95196533203125,9.358199953567237,0.010499963536858559,1,,0,9.291899972595274,1,1,,0,hover,0.04010001430287957,1,,
1789938609.4948237,1311,0.047872066497802734,20.88900841675382,1.9946098327636719,27.403500047512352,0.5605999613180757,1,,0,8.525600016582757,1,1,18.280600022990257,1,gesture,0.023800006601959467,1,0.5487000453285873,1
1789938609.5376651,1312,0.042841434478759766,23.341888808503533,1.9941329956054688,10.845099983271211,0.673700007610023,1,,0,10.123400017619133,1,1,,0,gesture,0.0295999925583601,1,0.6577000021934509,1
1789938609.5960703,1313,0.058405160903930664,17.121774591887135,1.9948482513427734,39.05069996835664,0.5397000350058079,1,6.249099969863892,1,10.086100024636835,1,1,22.151799988932908,1,gesture,0.0192999723367393,1,0.5267999949865043,1
1789938609.6170945,1314,0.021024227142333984,47.564174094486404,17.592191696166992,10.450200003106147,0.6413999944925308,1,,0,9.771700017154217,1,1,,0,gesture,0.021099986042827368,1,0.6256999913603067,1
1789938609.6920106,1315,0.07491612434387207,13.348261255613087,2.9914379119873047,34.522300004027784,0.006999995093792677,1,,0,9.775399987120181,1,1,24.707700009457767,1,gesture,0.018000020645558834,1,,
1789938609.7157156,1316,0.023705005645751953,42.185182950133765,17.721176147460938,9.048699983395636,0.006699992809444666,1,,0,9.006500011309981,1,1,,0,gesture,0.018900027498602867,1,,
1789938609.7621865,1317,0.04647088050842285,21.51885200063618,5.983591079711914,33.75290002441034,0.006499991286545992,1,5.903699959162623,1,9.465000010095537,1,1,18.35560001200065,1,gesture,0.01780001912266016,1,,
1789938609.7821324,1318,0.019945859909057617,50.1357176155584,16.95418357849121,8.989800000563264,0.00689999433234334,1,,0,8.951199997682124,1,1,,0,gesture,0.01899997005239129,1,,
1789938609.8510246,1319,0.06889224052429199,14.515422816701562,2.99072265625,26.735900028143078,0.006999995093792677,1,,0,8.71319998987019,1,1,17.97939999960363,1,gesture,0.02440001117065549,1,,
1789938609.8749619,1320,0.023937225341796875,41.77593625498008,11.967897415161133,9.546299988869578,0.007099995855242014,1,,0,9.499199979472905,1,1,,0,gesture,0.021700048819184303,1,,
1789938609.9287593,1321,0.05379748344421387,18.588230080259525,1.0001659393310547,38.69909996865317,0.007199996616691351,1,6.3708999659866095,1,9.606500039808452,1,1,22.689800010994077,1,gesture,0.019499973859637976,1,,
1789938609.9516973,1322,0.022938013076782227,43.59575507488904,16.954421997070312,9.468000032939017,0.007299997378140688,1,,0,9.424099989701062,1,1,,0,gesture,0.022599997464567423,1,,
1789938610.0167232,1323,0.06502580642700195,15.378509778615374,1.9946098327636719,25.915100006386638,0.005900044925510883,1,,0,8.27490002848208,1,1,17.60180003475398,1,gesture,0.017799960914999247,1,,
1789938610.038664,1324,0.021940946578979492,45.57688504460648,9.972810745239258,8.146300038788468,0.00589998671784997,1,,0,8.109599992167205,1,1,,0,gesture,0.0171000137925148,1,,
1789938610.095108,1325,0.05644392967224121,17.716697008992874,2.992868423461914,38.25169999618083,0.00589998671784997,1,6.190199987031519,1,8.412200026214123,1,1,23.621800006367266,1,gesture,0.01680001150816679,1,,
1789938610.1147895,1326,0.019681453704833984,50.80925499697153,18.177032470703125,8.34739999845624,0.006199989002197981,1,,0,8.31040000775829,1,1,,0,gesture,0.017799960914999247,1,,
1789938610.1815014,1327,0.0667119026184082,14.98982881240842,0.9951591491699219,26.896399969700724,0.5800999933853745,1,,0,8.960999955888838,1,1,17.325300024822354,1,gesture,0.018900027498602867,1,0.5671000108122826,1
1789938610.2028015,1328,0.021300077438354492,46.94818612252208,6.980657577514648,9.250000002793968,0.7007999811321497,1,,0,8.510100014973432,1,1,,0,gesture,0.024300010409206152,1,0.6846000324003398,1
1789938610.2634718,1329,0.06067037582397461,16.4825087436633,0.9989738464355469,40.226400014944375,0.7846999797038734,1,6.201800017151982,1,11.157299974001944,1,1,22.060699993744493,1,gesture,0.01750001683831215,1,0.7719999994151294,1
1789938610.2891028,1330,0.025630950927734375,39.015329662152105,23.93794059753418,10.536099958699197,0.797899963799864,1,,0,9.696700028143823,1,1,,0,gesture,0.025200017262250185,1,0.7807000074535608,1
1789938610.3544147,1331,0.06531190872192383,15.311143397411094,1.9946098327636719,29.62610003305599,0.006600050255656242,1,,0,10.151700000278652,1,1,19.43450001999736,1,gesture,0.017899961676448584,1,,
1789938610.3741574,1332,0.019742727279663086,50.651563273636285,10.767459869384766,9.108199970796704,0.006299989763647318,1,,0,9.071199980098754,1,1,,0,gesture,0.018600025214254856,1,,
1789938610.4239178,1333,0.04976034164428711,20.09632504431987,2.8831958770751953,34.114499983843416,0.006799993570894003,1,5.927699967287481,1,9.654900000896305,1,1,18.500500009395182,1,gesture,0.018900027498602867,1,,
1789938610.4452477,1334,0.021329879760742188,46.88258964499687,14.959335327148438,9.118699992541224,0.007299997378140688,1,,0,9.077999973669648,1,1,,0,gesture,0.020400038920342922,1,,
1789938610.496961,1335,0.05171346664428711,19.337322846262367,1.9943714141845703,32.06150000914931,0.007399998139590025,1,,0,9.811100026126951,1,1,22.207100002560765,1,gesture,0.02139998832717538,1,,
1789938610.5352917,1336,0.0383305549621582,26.08884742178267,1.5075206756591797,10.257099987939,0.006599992047995329,1,,0,10.175300005357713,1,1,,0,gesture,0.05989999044686556,1,,
1789938610.5935185,1337,0.058226823806762695,17.17421515758268,1.9922256469726562,34.583000000566244,0.005999987479299307,1,5.797000019811094,1,8.920399995986372,1,1,19.837800005916506,1,gesture,0.017200014553964138,1,,
1789938610.616006,1338,0.022487401962280273,44.469343398466904,20.34282684326172,8.98899999447167,0.008300004992634058,1,,0,8.943599998019636,1,1,,0,gesture,0.02239999594166875,1,,
1789938610.691333,1339,0.07532715797424316,13.275424520090523,0.9975433349609375,33.149899973068386,0.006499991286545992,1,,0,8.806900004856288,1,1,24.306399980559945,1,gesture,0.017200014553964138,1,,
1789938610.7152689,1340,0.023935794830322266,41.778432974082115,20.45297622680664,8.90890002483502,0.008500006515532732,1,,0,8.861000009346753,1,1,,0,gesture,0.02139998832717538,1,,
1789938610.7686613,1341,0.05339241027832031,18.72925374200693,13.962268829345703,35.60350002953783,0.006499991286545992,1,5.932700005359948,1,8.329099975526333,1,1,21.31420001387596,1,gesture,0.016200006939470768,1,,
1789938610.7896054,1342,0.02094411849975586,47.74610113152563,26.927947998046875,9.33700002497062,0.006700051017105579,1,,0,9.294399991631508,1,1,,0,gesture,0.019899976905435324,1,,
1789938610.855429,1343,0.06582355499267578,15.192129931470133,1.9948482513427734,31.499299977440387,0.006100046448409557,1,,0,10.000100010074675,1,1,21.46399999037385,1,gesture,0.01669995253905654,1,,
1789938610.877236,1344,0.021806955337524414,45.856928879899414,17.81630516052246,9.145000018179417,0.00689999433234334,1,,0,9.106900019105524,1,1,,0,gesture,0.018700025975704193,1,,
1789938610.9332654,1345,0.056029558181762695,17.847722388885344,11.252880096435547,36.35459998622537,0.007200054824352264,1,6.331499957013875,1,9.359200019389391,1,1,20.6326000043191,1,gesture,0.018899969290941954,1,,
1789938610.9552073,1346,0.0219419002532959,45.57490410839826,27.935028076171875,7.2259000153280795,0.005999987479299307,1,,0,7.188999967183918,1,1,,0,gesture,0.017200014553964138,1,,
1789938611.0219145,1347,0.06670713424682617,14.990900318095715,2.3174285888671875,31.62650001468137,0.006900052540004253,1,,0,8.987300039734691,1,1,22.60030002798885,1,gesture,0.018199963960796595,1,,
1789938611.0458536,1348,0.023939132690429688,41.77260776033782,16.956329345703125,8.358199964277446,0.006399990525096655,1,,0,8.322799985762686,1,1,,0,gesture,0.016600009985268116,1,,
1789938611.0987315,1349,0.05287790298461914,18.911491257338156,6.260395050048828,38.41189999366179,0.007599999662488699,1,7.168500043917447,1,9.128599951509386,1,1,22.08029996836558,1,gesture,0.021300045773386955,1,,
1789938611.1216702,1350,0.02293872833251953,43.59439570947491,23.936033248901367,8.186099992599338,0.00589998671784997,1,,0,8.141199999954551,1,1,,0,hover,0.024800014216452837,1,,
1789938611.1875463,1351,0.06587600708007812,15.180033586194916,0.9958744049072266,32.37189998617396,0.005700043402612209,1,,0,8.86880001053214,1,1,23.462199955247343,1,hover,0.022899999748915434,1,,
1789938611.2114825,1352,0.02393627166748047,41.77760070122316,13.962268829345703,9.466900024563074,0.00700005330145359,1,,0,9.4200000166893,1,1,,0,hover,0.02519995905458927,1,,
1789938611.269992,1353,0.05850958824157715,17.091215816989735,7.980585098266602,42.076800018548965,0.007499998901039362,1,6.210299965459853,1,10.035399987827986,1,1,25.791300053242594,1,hover,0.026600027922540903,1,,
1789938611.2959242,1354,0.02593207359313965,38.562284516443405,33.90836715698242,8.850399986840785,0.005799985956400633,1,,0,8.809000020846725,1,1,,0,hover,0.022499996703118086,1,,
1789938611.3558843,1355,0.059960126876831055,16.677749899598794,1.9943714141845703,32.89610001957044,0.006699992809444666,1,,0,9.307300031650811,1,1,23.542300041299313,1,hover,0.025200017262250185,1,,
1789938611.379821,1356,0.023936748504638672,41.77676846152314,13.962507247924805,8.894699974916875,0.005399982910603285,1,,0,8.854099956806749,1,1,,0,hover,0.020300038158893585,1,,
1789938611.4262652,1357,0.04644417762756348,21.53122417236051,3.988027572631836,33.423000015318394,0.006100046448409557,1,5.823099985718727,1,9.103099990170449,1,1,18.463200016412884,1,hover,0.02269999822601676,1,,
1789938611.4482062,1358,0.021940946578979492,45.57688504460648,42.07563400268555,8.28509998973459,0.005699985194951296,1,,0,8.245899982284755,1,1,,0,hover,0.020599982235580683,1,,
1789938611.523491,1359,0.07528471946716309,13.282907966950315,1.9948482513427734,35.481999977491796,0.007399998139590025,1,,0,10.367499955464154,1,1,25.066700007300824,1,hover,0.025800021830946207,1,,
1789938611.5491898,1360,0.02569890022277832,38.91217100075147,14.600515365600586,11.155700020026416,0.007299997378140688,1,,0,11.103900033049285,1,1,,0,hover,0.02929999027401209,1,,
1789938611.6015577,1361,0.0523679256439209,19.095658033116774,8.975505828857422,34.72410002723336,0.00689999433234334,1,5.242500046733767,1,8.855299965944141,1,1,20.590999978594482,1,hover,0.023500004317611456,1,,
1789938611.623932,1362,0.02237415313720703,44.694429052470056,28.696537017822266,9.085200028494,0.00689999433234334,1,,0,9.037100011482835,1,1,,0,hover,0.027300033252686262,1,,
1789938611.6859822,1363,0.06205034255981445,16.115946483873696,0.0,30.27240000665188,0.008200004231184721,1,,0,9.48970002355054,1,1,20.731399999931455,1,hover,0.029499991796910763,1,,
1789938611.7089825,1364,0.023000240325927734,43.477806571991295,11.47603988647461,9.632700006477535,0.006599992047995329,1,,0,9.587099950294942,1,1,,0,hover,0.025100016500800848,1,,
1789938611.7579,1365,0.048917531967163086,20.44256853905203,3.9894580841064453,34.35109998099506,0.005400041118264198,1,6.094800017308444,1,9.074600005988032,1,1,19.151399959810078,1,hover,0.020299979951232672,1,,
1789938611.7788255,1366,0.020925521850585938,47.788533406252846,16.005277633666992,8.834399981424212,0.006299989763647318,1,,0,8.791400003246963,1,1,,0,hover,0.024500011932104826,1,,
1789938611.8521414,1367,0.07331585884094238,13.639613799921303,1.9941329956054688,29.28550000069663,0.008100003469735384,1,,0,8.580700028687716,1,1,20.655500004068017,1,hover,0.027799978852272034,1,,
1789938611.879069,1368,0.026927709579467773,37.13646706745881,12.96544075012207,7.26430001668632,0.00589998671784997,1,,0,7.223699998576194,1,1,,0,hover,0.021799991372972727,1,,
1789938611.9306722,1369,0.051603078842163086,19.378688683647585,6.981372833251953,36.98510001413524,0.005399982910603285,1,6.106199987698346,1,9.616299998015165,1,1,21.232600032817572,1,hover,0.020899984519928694,1,,
1789938611.9516106,1370,0.020938396453857422,47.759149188130536,22.200584411621094,8.462600002530962,0.005999987479299307,1,,0,8.420299971476197,1,1,,0,hover,0.022099993657320738,1,,
1789938612.0182312,1371,0.0666205883026123,15.010374802721284,1.1310577392578125,28.318400029093027,0.00589998671784997,1,,0,8.230699982959777,1,1,20.047100028023124,1,hover,0.02300000051036477,1,,
1789938612.0411685,1372,0.022937297821044922,43.597114525081594,9.974241256713867,10.081299988087267,0.007599999662488699,1,,0,10.028599994257092,1,1,,0,hover,0.029699993319809437,1,,
1789938612.0927584,1373,0.0515899658203125,19.383614315291332,3.9908885955810547,34.86389998579398,0.006399990525096655,1,5.283899954520166,1,9.400600043591112,1,1,20.146300026681274,1,hover,0.0219999928958714,1,,
1789938612.117694,1374,0.024935483932495117,40.1034927859103,21.941423416137695,9.24520002445206,0.006299989763647318,1,,0,9.197500010486692,1,1,,0,hover,0.02659996971487999,1,,
1789938612.1851828,1375,0.0674889087677002,14.817249504537763,2.2516250610351562,28.241599968168885,0.006199989002197981,1,,0,8.608500007539988,1,1,19.59119999082759,1,hover,0.02239999594166875,1,,
1789938612.2123456,1376,0.027162790298461914,36.81506903422307,12.96544075012207,10.586799995508045,0.006299989763647318,1,,0,10.539899987634271,1,1,,0,hover,0.026100024115294218,1,,
1789938612.270265,1377,0.05791950225830078,17.265341741721965,11.045217514038086,39.150700031314045,0.006199989002197981,1,6.474399997387081,1,8.562700008042157,1,1,24.082700023427606,1,hover,0.02069998299703002,1,,
1789938612.2918873,1378,0.021622180938720703,46.24880361671629,29.598712921142578,9.138299967162311,0.00600004568696022,1,,0,9.09849995514378,1,1,,0,hover,0.021599989850074053,1,,
1789938612.3549812,1379,0.06309390068054199,15.849392559563173,1.9958019256591797,31.095099984668195,0.006799993570894003,1,,0,10.66600001649931,1,1,20.38229996105656,1,hover,0.024500011932104826,1,,
1789938612.379574,1380,0.024592876434326172,40.66218128938439,16.16954803466797,9.661199990659952,0.006299989763647318,1,,0,9.617300005629659,1,1,,0,hover,0.023800006601959467,1,,
1789938612.4300306,1381,0.05045652389526367,19.81904266880877,8.569002151489258,35.62410001177341,0.5646999925374985,1,5.960999988019466,1,8.659399987664074,1,1,20.411800011061132,1,gesture,0.02239999594166875,1,0.5523000145331025,1
1789938612.4549646,1382,0.024934053421020508,40.10579359539496,47.87087440490723,9.746299998369068,0.7479999912902713,1,,0,8.958299993537366,1,1,,0,gesture,0.023800006601959467,1,0.7313999813050032,1
1789938612.5278902,1383,0.07292556762695312,13.712611811476696,1.9977092742919922,38.09599997475743,0.5009999731555581,1,,0,9.426899952813983,1,1,28.134600026533008,1,gesture,0.021300045773386955,1,0.4898000042885542,1
1789938612.549075,1384,0.021184682846069336,47.20391649316302,16.196012496948242,9.44680004613474,0.5404999828897417,1,,0,8.872999984305352,1,1,,0,gesture,0.018300022929906845,1,0.526999996509403,1
1789938612.5992298,1385,0.050154924392700195,19.938221662348774,10.406494140625,36.029100010637194,0.6643000524491072,1,6.8032999988645315,1,9.415999986231327,1,1,19.118099997285753,1,gesture,0.021299987565726042,1,0.6495999987237155,1
1789938612.6231658,1386,0.023936033248901367,41.77801683350764,24.933338165283203,9.09420003881678,0.5219999584369361,1,,0,8.539100002963096,1,1,,0,gesture,0.019000028260052204,1,0.5085000302642584,1
1789938612.7023165,1387,0.07915067672729492,12.634130766125875,1.9917488098144531,34.123699995689094,0.7311000372283161,1,,0,9.511200012639165,1,1,23.839799978304654,1,gesture,0.02659996971487999,1,0.7148999720811844,1
1789938612.7281148,1388,0.025798320770263672,38.76221281629485,27.792930603027344,10.621200024615973,0.7602000259794295,1,,0,9.820899984333664,1,1,,0,gesture,0.02340000355616212,1,0.7431000121869147,1
1789938612.7848227,1389,0.05670785903930664,17.63424006726929,22.79949188232422,39.15249998681247,0.6978000164963305,1,6.792100029997528,1,10.163599974475801,1,1,21.470299980137497,1,gesture,0.02269999822601676,1,0.6824000156484544,1
1789938612.8117533,1391,0.026930570602416992,37.1325218007171,11.968374252319336,10.64819999737665,0.7378000300377607,1,,0,9.854000003542751,1,1,,0,gesture,0.03860000288113952,1,0.721900025382638,1
1789938612.8897326,1392,0.07797932624816895,12.823911773968184,2.992868423461914,31.178299977909774,0.008600007276982069,1,,0,10.149399982765317,1,1,20.98229998955503,1,gesture,0.023100001271814108,1,,
1789938612.9156651,1393,0.02593255043029785,38.56157544888709,15.956401824951172,9.919499978423119,0.00689999433234334,1,,0,9.876700001768768,1,1,,0,gesture,0.018900027498602867,1,,
1789938612.9657495,1394,0.05008435249328613,19.966315829560763,9.973287582397461,34.66770000522956,0.010100018698722124,1,6.086200010031462,1,9.704899974167347,1,1,18.835299997590482,1,gesture,0.02440001117065549,1,,
1789938612.9935243,1395,0.027774810791015625,36.00384562560088,28.771162033081055,10.078999970573932,0.009300012607127428,1,,0,10.034100036136806,1,1,,0,gesture,0.018599967006593943,1,,
1789938613.0554416,1396,0.06191730499267578,16.150573738929534,1.9946098327636719,30.38339997874573,0.63109997427091,1,,0,8.914600010029972,1,1,20.802800019737333,1,gesture,0.022599997464567423,1,0.6178000476211309,1
1789938613.0778115,1397,0.022369861602783203,44.703003431884554,13.39268684387207,9.500499989371747,0.5372000159695745,1,,0,8.931599964853376,1,1,,0,gesture,0.01850002445280552,1,0.5247999797575176,1
1789938613.1342661,1398,0.05645465850830078,17.713330067402065,0.9965896606445312,38.63250004360452,0.5308999679982662,1,6.652199954260141,1,9.189600008539855,1,1,22.236700053326786,1,gesture,0.0171000137925148,1,0.5154999671503901,1
1789938613.1574273,1399,0.02316117286682129,43.17570641824077,21.941184997558594,10.665400011930615,0.6711999885737896,1,,0,9.954500012099743,1,1,,0,gesture,0.022299995180219412,1,0.6547999801114202,1
1789938613.2224083,1400,0.06498098373413086,15.389117593102183,1.9943714141845703,28.918399999383837,0.007199996616691351,1,,0,9.518500010017306,1,1,19.357700017280877,1,gesture,0.02010003663599491,1,,
1789938613.244593,1401,0.02218461036682129,45.07629313587465,11.96742057800293,8.086399990133941,0.006699992809444666,1,,0,8.048199990298599,1,1,,0,gesture,0.0198000343516469,1,,
1789938613.300446,1402,0.05585312843322754,17.904100057627048,3.9882659912109375,40.72039999300614,0.006699992809444666,1,8.06600000942126,1,8.805599994957447,1,1,23.81969999987632,1,gesture,0.017900019884109497,1,,
1789938613.3221478,1403,0.021701812744140625,46.07910001757778,21.70085906982422,8.716500014998019,0.007599999662488699,1,,0,8.677600009832531,1,1,,0,gesture,0.01880002673715353,1,,
1789938613.39434,1404,0.07219219207763672,13.851913499517828,1.9958019256591797,36.0412000445649,0.007499998901039362,1,,0,9.671700012404472,1,1,26.32960001938045,1,gesture,0.019499973859637976,1,,
1789938613.4187152,1406,0.024375200271606445,41.025303950624526,13.401985168457031,9.341800003312528,0.005900044925510883,1,,0,9.308199980296195,1,1,,0,gesture,0.015199999324977398,1,,
1789938613.5011878,1407,0.08247256278991699,12.12524464102453,1.9958019256591797,39.44800002500415,0.006300047971308231,1,6.807299971114844,1,8.50450003053993,1,1,24.109300051350147,1,gesture,0.01629994949325919,1,,
1789938613.5331082,1408,0.031920433044433594,31.327895790385707,1.9943714141845703,8.888299984391779,0.007299997378140688,1,,0,8.842399984132499,1,1,,0,gesture,0.021199986804276705,1,,
1789938613.5854816,1409,0.052373409271240234,19.093658669822915,1.9927024841308594,29.023799987044185,0.006099988240748644,1,,0,8.404900028835982,1,1,20.58409998426214,1,gesture,0.01680001150816679,1,,
1789938613.6133618,1410,0.027880191802978516,35.86775898339291,11.970043182373047,10.428500012494624,0.006100046448409557,1,,0,10.392700030934066,1,1,,0,gesture,0.01639995025470853,1,,
1789938613.6689508,1411,0.05558896064758301,17.989183254202104,5.213737487792969,42.01049997936934,0.006599992047995329,1,7.285800005774945,1,8.673999982420355,1,1,26.01979998871684,1,gesture,0.01910002902150154,1,,
1789938613.6995592,1412,0.030608415603637695,32.67075346040302,1.9946098327636719,8.26879998203367,0.007100054062902927,1,,0,8.21689999429509,1,1,,0,gesture,0.01839996548369527,1,,
1789938613.77278,1413,0.07322072982788086,13.657334505551757,1.9903182983398438,49.55649998737499,0.005699985194951296,1,,0,8.300499990582466,1,1,41.22129996540025,1,gesture,0.01680001150816679,1,,
1789938613.7942302,1414,0.021450281143188477,46.619435583367604,30.359983444213867,9.690600039903075,0.00589998671784997,1,,0,9.656700014602393,1,1,,0,gesture,0.015099998563528061,1,,
1789938613.8421073,1415,0.04787707328796387,20.886823928968035,14.960765838623047,35.449500021059066,0.006599992047995329,1,5.677299981471151,1,8.63640004536137,1,1,21.105899999383837,1,gesture,0.01839996548369527,1,,
1789938613.8680515,1416,0.025944232940673828,38.54421143560808,2.160787582397461,10.400099970865995,0.007199996616691351,1,,0,10.347799980081618,1,1,,0,gesture,0.02050003968179226,1,,
1789938613.9409337,1417,0.07288217544555664,13.720775949491316,1.9938945770263672,50.12280005030334,0.006799993570894003,1,,0,8.475299982819706,1,1,41.60990001400933,1,gesture,0.018600025214254856,1,,
1789938613.9623992,1419,0.021465539932250977,46.586296135861296,2.9916763305664062,9.559000027365983,0.005499983672052622,1,,0,9.520100022200495,1,1,,0,hover,0.020899984519928694,1,,
1789938614.0518074,1420,0.08940815925598145,11.184661537846162,1.9943714141845703,26.181900000665337,0.005100038833916187,1,6.056399957742542,1,,0,1,20.086500036995858,1,hover,0.017199956346303225,1,,
1789938614.0638344,1421,0.01202702522277832,83.14607988898801,10.99395751953125,0.03450002986937761,0.0036999699659645557,1,,0,,0,1,,0,hover,0.013700046110898256,1,,
1789938614.1095448,1422,0.04571032524108887,21.87689531250815,0.0,19.459100032690912,0.005099980626255274,1,,0,,0,1,19.420000026002526,1,hover,0.016600009985268116,1,,
1789938614.1215131,1423,0.011968374252319336,83.55353692304628,0.0,0.046999950427562,0.003800028935074806,1,,0,,0,1,,0,hover,0.012999982573091984,1,,
1789938614.215959,1424,0.09444594383239746,10.588067199313365,0.99945068359375,26.047699968330562,0.007199996616691351,1,5.250499991234392,1,,0,1,20.762300002388656,1,hover,0.015600002370774746,1,,
1789938614.228214,1425,0.012254953384399414,81.59965759421023,8.469581604003906,0.03330002073198557,0.003700028173625469,1,,0,,0,1,,0,hover,0.013499986380338669,1,,
1789938614.2742236,1426,0.04600954055786133,21.734622599467297,3.9894580841064453,19.971800036728382,0.004199973773211241,1,,0,,0,1,19.935799995437264,1,hover,0.016000005416572094,1,,
1789938614.288183,1427,0.013959407806396484,71.63627668659265,2.990245819091797,0.037999998312443495,0.00400003045797348,1,,0,,0,1,,0,hover,0.014299992471933365,1,,
1789938614.3870609,1428,0.0988779067993164,10.113482701748632,12.503862380981445,22.74709998164326,0.004599976819008589,1,4.995699971914291,1,,0,1,17.72010000422597,1,hover,0.015900004655122757,1,,
1789938614.3990314,1430,0.01197052001953125,83.53855959209687,1.9958019256591797,0.03579998156055808,0.0034999684430658817,1,,0,,0,1,,0,hover,0.014299992471933365,1,,
1789938614.4749749,1431,0.0759434700012207,13.167689071672998,4.984378814697266,18.58360000187531,0.004799978341907263,1,,0,,0,1,18.54369998909533,1,hover,0.017900019884109497,1,,
1789938614.523122,1432,0.04814720153808594,20.769639107871487,2.0208358764648438,0.03779999678954482,0.0036999699659645557,1,,0,,0,1,,0,hover,0.014699995517730713,1,,
1789938614.5806534,1433,0.05753135681152344,17.381825415243842,1.476287841796875,23.461399949155748,0.005699985194951296,1,4.90699999500066,1,,0,1,18.517599964980036,1,hover,0.018400023691356182,1,,
1789938614.5965765,1434,0.015923023223876953,62.80214416195011,9.940147399902344,0.0447999918833375,0.004800036549568176,1,,0,,0,1,,0,hover,0.01769996015354991,1,,
1789938614.6381223,1435,0.041545867919921875,24.069782389128637,1.192331314086914,17.772799998056144,0.004999979864805937,1,,0,,0,1,17.736000008881092,1,hover,0.01580000389367342,1,,
1789938614.690689,1436,0.0525667667388916,19.0234260548528,5.941867828369141,0.03779999678954482,0.0035999692045152187,1,,0,,0,1,,0,hover,0.014899997040629387,1,,
1789938614.759789,1437,0.06909990310668945,14.471800321572253,10.192394256591797,24.61839996976778,0.004700035788118839,1,5.255400028545409,1,,0,1,19.331299990881234,1,hover,0.01580000389367342,1,,
1789938614.7818496,1438,0.022060632705688477,45.32961557998033,24.055004119873047,0.03619998460635543,0.0037999707274138927,1,,0,,0,1,,0,hover,0.015099998563528061,1,,
1789938614.8131938,1439,0.03134417533874512,31.90385419915264,9.652376174926758,18.31410004524514,0.004599976819008589,1,,0,,0,1,18.276599992532283,1,hover,0.01610000617802143,1,,
1789938614.8590825,1440,0.045888662338256836,21.791875139631426,8.986234664916992,0.03549997927621007,0.003500026650726795,1,,0,,0,1,,0,hover,0.01379998866468668,1,,
1789938614.91614,1441,0.05705761909484863,17.52614314904499,7.978677749633789,24.728800053708255,0.005199981387704611,1,5.492699972819537,1,,0,1,19.19890003046021,1,hover,0.017400016076862812,1,,
1789938614.9359925,1442,0.019852399826049805,50.37174390815089,17.248868942260742,0.03400002606213093,0.0031999661587178707,1,,0,,0,1,,0,hover,0.013800046872347593,1,,
1789938614.9708667,1443,0.03487420082092285,28.67449221660867,0.9944438934326172,18.70110002346337,0.0039000296965241432,1,,0,,0,1,18.667199998162687,1,hover,0.014699995517730713,1,,
1789938615.0303352,1444,0.05946850776672363,16.815622882664005,10.970592498779297,0.04229997284710407,0.0039000296965241432,1,,0,,0,1,,0,hover,0.01629994949325919,1,,
1789938615.0842216,1445,0.05388641357421875,18.557553447543537,6.797313690185547,23.35319999838248,0.005100038833916187,1,5.058100039605051,1,,0,1,18.261999997776,1,hover,0.01610000617802143,1,,
1789938615.0971868,1446,0.012965202331542969,77.12953291651343,9.97304916381836,0.034999975468963385,0.0039000296965241432,1,,0,,0,1,,0,hover,0.014599994756281376,1,,
1789938615.141956,1447,0.044769287109375,22.336741649625086,0.9965896606445312,19.072399998549372,0.004500034265220165,1,,0,,0,1,19.03710002079606,1,hover,0.014999997802078724,1,,
1789938615.1929908,1448,0.05103468894958496,19.59451542827778,1.9941329956054688,0.050499977078288794,0.005499983672052622,1,,0,,0,1,,0,hover,0.020599982235580683,1,,
1789938615.2512624,1449,0.05827164649963379,17.161004709319215,8.978605270385742,22.285500017460436,0.004999979864805937,1,4.786200006492436,1,,0,1,17.466199991758913,1,hover,0.016200006939470768,1,,
1789938615.2751365,1450,0.02387404441833496,41.88649323413392,21.879196166992188,0.04040001658722758,0.0039000296965241432,1,,0,,0,1,,0,hover,0.016000005416572094,1,,
1789938615.3072708,1451,0.032134294509887695,31.119401102529288,1.0344982147216797,18.189100024756044,0.004399975296109915,1,,0,,0,1,18.153799988795072,1,hover,0.015199999324977398,1,,
1789938615.3840284,1452,0.07675766944885254,13.028014101787573,15.958070755004883,0.05259999306872487,0.004099973011761904,1,,0,,0,1,,0,hover,0.020900042727589607,1,,
1789938615.4252927,1453,0.04126429557800293,24.234025711396793,14.52779769897461,24.619000032544136,0.004799978341907263,1,4.8124000313691795,1,,0,1,19.775900000240654,1,hover,0.015400000847876072,1,,
1789938615.4462059,1455,0.020913124084472656,47.81686351406813,9.942293167114258,0.031800009310245514,0.0034999684430658817,1,,0,,0,1,,0,hover,0.01309998333454132,1,,
1789938615.5355554,1456,0.08934950828552246,11.192003394181327,1.9953250885009766,18.981900007929653,0.004100031219422817,1,,0,,0,1,18.947400036267936,1,hover,0.014699995517730713,1,,
1789938615.553731,1457,0.018175601959228516,55.01881050449931,1.0318756103515625,0.06079999729990959,0.006099988240748644,1,,0,,0,1,,0,hover,0.024300010409206152,1,,
1789938615.610814,1458,0.0570831298828125,17.518310612135792,2.3953914642333984,22.655899985693395,0.0048999791033566,1,4.747800005134195,1,,0,1,17.875099962111562,1,hover,0.016200006939470768,1,,
1789938615.6317914,1459,0.020977258682250977,47.670671137125645,6.016969680786133,0.033699965570122004,0.003300025127828121,1,,0,,0,1,,0,hover,0.01379998866468668,1,,
1789938615.712643,1460,0.08085155487060547,12.3683459347244,5.290031433105469,18.372500024270266,0.004499976057559252,1,,0,,0,1,18.34060001419857,1,hover,0.014299992471933365,1,,
1789938615.7256413,1461,0.012998342514038086,76.93288578293806,7.014274597167969,0.045199994929134846,0.004200031980872154,1,,0,,0,1,,0,hover,0.018400023691356182,1,,
1789938615.7793887,1462,0.05374741554260254,18.605545771914493,3.9908885955810547,22.445600014179945,0.004400033503770828,1,4.506400029640645,1,,0,1,17.911400005687028,1,hover,0.015500001609325409,1,,
1789938615.7913897,1463,0.01200103759765625,83.32612841703751,8.010387420654297,0.030800001695752144,0.003300025127828121,1,,0,,0,1,,0,hover,0.013499986380338669,1,,
1789938615.8731523,1464,0.08176255226135254,12.23053797053103,0.0,19.90239997394383,0.004900037311017513,1,,0,,0,1,19.86699999542907,1,hover,0.016700010746717453,1,,
1789938615.8852794,1465,0.012127161026000977,82.45953012877224,1.1527538299560547,0.08100003469735384,0.005099980626255274,1,,0,,0,1,,0,hover,0.033800024539232254,1,,
1789938615.950101,1466,0.06482148170471191,15.426984599880095,5.984067916870117,24.817999976221472,0.005099980626255274,1,5.305900005623698,1,,0,1,19.477699999697506,1,hover,0.019799976143985987,1,,
1789938615.971654,1467,0.02155303955078125,46.39716814159292,19.556760787963867,0.033400021493434906,0.003600027412176132,1,,0,,0,1,,0,hover,0.014399993233382702,1,,
1789938616.044137,1468,0.07248306274414062,13.796326509131099,1.1246204376220703,19.87750001717359,0.004999979864805937,1,,0,,0,1,19.84139997512102,1,hover,0.0171000137925148,1,,
1789938616.0581,1469,0.013962984085083008,71.61792879706309,5.983829498291016,0.03730005118995905,0.003999972250312567,1,,0,,0,1,,0,hover,0.016700010746717453,1,,
1789938616.1247575,1470,0.06665754318237305,15.00205306493265,2.9938220977783203,37.21209999639541,0.00589998671784997,1,5.681000009644777,1,9.711499966215342,1,1,21.788800018839538,1,hover,0.021000043489038944,1,,
1789938616.148914,1471,0.024156570434570312,41.39660481642321,10.195732116699219,10.05580002674833,0.006400048732757568,1,,0,9.994500025641173,1,1,,0,hover,0.02519995905458927,1,,
1789938616.2472982,1472,0.09838414192199707,10.164239688067214,2.000570297241211,41.14169999957085,0.006700051017105579,1,,0,9.547699999529868,1,1,31.55060001881793,1,hover,0.02459995448589325,1,,
1789938620.9675295,1587,4.720231294631958,0.21185402527567693,13.368606567382812,0.054100004490464926,0.005799985956400633,1,,0,,0,0,,0,hover,0.019499973859637976,1,,
1789938621.0434642,1588,0.07593464851379395,13.169218789737922,0.9999275207519531,24.448999960441142,0.004500034265220165,1,4.622299980837852,1,,0,0,19.799900008365512,1,hover,0.016300007700920105,1,,
1789938621.0630324,1589,0.019568204879760742,51.10330795004569,15.578508377075195,0.03260001540184021,0.004900037311017513,1,,0,,0,0,,0,hover,0.014299992471933365,1,,
1789938621.1048653,1590,0.041832923889160156,23.90461643679471,1.9631385803222656,18.649400037247688,0.003800028935074806,1,,0,,0,0,18.61930004088208,1,hover,0.014399993233382702,1,,
1789938621.1251457,1591,0.02028036117553711,49.30878653217653,8.100509643554688,0.03619998460635543,0.004999979864805937,1,,0,,0,0,,0,hover,0.015300000086426735,1,,
1789938621.2098923,1592,0.0847465991973877,11.799883528905369,1.962423324584961,22.663399984594434,0.004300032742321491,1,5.012399982661009,1,,0,0,17.59390003280714,1,hover,0.04630000330507755,1,,
1789938621.2218885,1593,0.011996269226074219,83.35924954288895,4.0225982666015625,0.027900037821382284,0.00400003045797348,1,,0,,0,0,,0,hover,0.012199976481497288,1,,
1789938621.2705095,1594,0.04862093925476074,20.567270302210062,2.0275115966796875,18.797500000800937,0.005399982910603285,1,,0,,0,0,18.76030000858009,1,hover,0.018200022168457508,1,,
1789938621.285505,1595,0.014995574951171875,66.68633935385398,2.0279884338378906,0.04039995837956667,0.00689999433234334,1,,0,,0,0,,0,hover,0.018300022929906845,1,,
1789938621.3509026,1596,0.06539750099182129,15.291104168109749,10.969161987304688,22.79590000398457,0.004199973773211241,1,4.631599993444979,1,,0,0,18.13929999480024,1,hover,0.014699995517730713,1,,
1789938621.3903668,1597,0.03946423530578613,25.339398882344057,7.550716400146484,0.03589998232200742,0.004999979864805937,1,,0,,0,0,,0,hover,0.015900004655122757,1,,
1789938621.4398668,1598,0.0494999885559082,20.202024872602568,2.816438674926758,18.31720001064241,0.003999972250312567,1,,0,,0,0,18.285300000570714,1,hover,0.015700003132224083,1,,
1789938621.4678242,1599,0.027957439422607422,35.768654807183914,39.70742225646973,0.035299977753311396,0.005199981387704611,1,,0,,0,0,,0,hover,0.014699995517730713,1,,
1789938621.522543,1600,0.054718732833862305,18.275277006801534,14.748573303222656,24.2629999993369,0.004999979864805937,1,5.456399987451732,1,,0,0,18.777000019326806,1,hover,0.01850002445280552,1,,
1789938621.5524986,1601,0.029955625534057617,33.38271133290355,0.9984970092773438,0.05039997631683946,0.008100003469735384,1,,0,,0,0,,0,hover,0.022199994418770075,1,,
1789938621.6093202,1602,0.056821584701538086,17.59894598597725,5.564689636230469,17.780199996195734,0.004700035788118839,1,,0,,0,0,17.748899990692735,1,hover,0.015300000086426735,1,,
1789938621.6224077,1603,0.01308751106262207,76.40872242362414,3.734111785888672,0.03130000550299883,0.004800036549568176,1,,0,,0,0,,0,hover,0.013699987903237343,1,,
1789938621.6788435,1604,0.05643582344055176,17.719241769429974,3.9911270141601562,24.436500039882958,0.004100031219422817,1,4.744599980767816,1,,0,0,19.66520003043115,1,hover,0.016000005416572094,1,,
1789938621.731384,1605,0.05254054069519043,19.03292175467734,11.96908950805664,0.05959998816251755,0.005999987479299307,1,,0,,0,0,,0,hover,0.03779999678954482,1,,
1789938621.7796829,1606,0.04829883575439453,20.704432816665022,10.422468185424805,17.714999965392053,0.004300032742321491,1,,0,,0,0,17.684899969026446,1,hover,0.014199991710484028,1,,
1789938621.7926493,1607,0.012966394424438477,77.12244184977476,8.012771606445312,0.03260001540184021,0.004299974534660578,1,,0,,0,0,,0,hover,0.014699995517730713,1,,
1789938621.8411477,1608,0.04849839210510254,20.619240279819287,0.9973049163818359,22.919499955605716,0.004900037311017513,1,4.849799966905266,1,,0,0,18.040599999949336,1,hover,0.0171000137925148,1,,
1789938621.8855088,1609,0.044361114501953125,22.542265027087453,1.995086669921875,0.07850001566112041,0.010800024028867483,1,,0,,0,0,,0,hover,0.03619998460635543,1,,
1789938621.9411144,1610,0.05560564994812012,17.98378403872622,0.0,22.02709997072816,0.004100031219422817,1,,0,,0,0,21.995399962179363,1,hover,0.014299992471933365,1,,
1789938621.9610589,1611,0.019944429397583008,50.13931359305703,12.00103759765625,0.07010000990703702,0.010299962013959885,1,,0,,0,0,,0,hover,0.029199989512562752,1,,
1789938622.0149481,1612,0.05388927459716797,18.556568212787795,7.300138473510742,22.67139998730272,0.004500034265220165,1,4.5906000304967165,1,,0,0,18.054099986329675,1,hover,0.016200006939470768,1,,
1789938622.0551443,1613,0.04019618034362793,24.877985705388653,5.509138107299805,0.034100026823580265,0.004699977580457926,1,,0,,0,0,,0,hover,0.016000005416572094,1,,
1789938622.1086302,1614,0.053485870361328125,18.69652663861351,4.992008209228516,21.827500022482127,0.004700035788118839,1,,0,,0,0,21.79610001621768,1,hover,0.015300000086426735,1,,
1789938622.1335995,1615,0.02496933937072754,40.0491172454621,12.955427169799805,0.03270001616328955,0.0048999791033566,1,,0,,0,0,,0,hover,0.01379998866468668,1,,
1789938622.1759539,1616,0.04235434532165527,23.610328347790844,1.5361309051513672,23.27149995835498,0.004700035788118839,1,5.036499991547316,1,,0,0,18.20569997653365,1,hover,0.017499958630651236,1,,
1789938622.225837,1617,0.049883127212524414,20.046858644999404,7.646083831787109,0.033800024539232254,0.004399975296109915,1,,0,,0,0,,0,hover,0.014999997802078724,1,,
1789938622.2773523,1618,0.05151534080505371,19.411693378565378,7.977962493896484,19.469399994704872,0.004400033503770828,1,,0,,0,0,19.437899987678975,1,hover,0.015900004655122757,1,,
1789938622.2881691,1619,0.010816812515258789,92.44867640900173,3.7491321563720703,0.02789997961372137,0.004399975296109915,1,,0,,0,0,,0,hover,0.012700038496404886,1,,
1789938622.344873,1620,0.056703805923461914,17.63550054029508,1.9907951354980469,24.435500032268465,0.005099980626255274,1,5.718700005672872,1,,0,0,18.68600002489984,1,hover,0.01780001912266016,1,,
1789938622.3862934,1621,0.04142045974731445,24.142658147700455,1.9948482513427734,0.03330002073198557,0.004700035788118839,1,,0,,0,0,,0,hover,0.01479999627918005,1,,
1789938622.4403107,1622,0.05401730537414551,18.512585792156777,1.1107921600341797,20.93500003684312,0.005999987479299307,1,,0,,0,0,20.90250002220273,1,hover,0.015099998563528061,1,,
1789938622.4525075,1623,0.012196779251098633,81.98885782981802,20.600318908691406,0.03390002530068159,0.005499983672052622,1,,0,,0,0,,0,hover,0.015300000086426735,1,,
