t,seq,frame_age_ms,round,hold,cue_label,cue_name,phase,vocabulary,hand_detected,hand_auth,face_auth,mode,raw_gesture,emitted_gesture,command,fb_stable_count,gesture_conf,battery,altitude_cm,actuation_suppressed,bbox_area,delta_s,lm00_x,lm00_y,lm00_z,lm01_x,lm01_y,lm01_z,lm02_x,lm02_y,lm02_z,lm03_x,lm03_y,lm03_z,lm04_x,lm04_y,lm04_z,lm05_x,lm05_y,lm05_z,lm06_x,lm06_y,lm06_z,lm07_x,lm07_y,lm07_z,lm08_x,lm08_y,lm08_z,lm09_x,lm09_y,lm09_z,lm10_x,lm10_y,lm10_z,lm11_x,lm11_y,lm11_z,lm12_x,lm12_y,lm12_z,lm13_x,lm13_y,lm13_z,lm14_x,lm14_y,lm14_z,lm15_x,lm15_y,lm15_z,lm16_x,lm16_y,lm16_z,lm17_x,lm17_y,lm17_z,lm18_x,lm18_y,lm18_z,lm19_x,lm19_y,lm19_z,lm20_x,lm20_y,lm20_z
1790262131.3340092,1096,1.03,0,0,5,FORWARD,settle,svm,0,0,0,search_360,,SEARCH,ground,0,,87.0,70.0,1,,,,,,,,,,,,,,,,,,,,,,,,,,,,,,,,,,,,,,,,,,,,,,,,,,,,,,,,,,,,,,,,,
1790262131.376467,1097,14.56,0,0,5,FORWARD,settle,svm,0,0,0,search_360,,SEARCH,ground,0,,87.0,70.0,1,,,,,,,,,,,,,,,,,,,,,,,,,,,,,,,,,,,,,,,,,,,,,,,,,,,,,,,,,,,,,,,,,
1790262131.405374,1098,5.02,0,0,5,FORWARD,settle,svm,0,0,0,search_360,,SEARCH,ground,0,,87.0,70.0,1,,,,,,,,,,,,,,,,,,,,,,,,,,,,,,,,,,,,,,,,,,,,,,,,,,,,,,,,,,,,,,,,,
1790262131.46628,1099,1.0,0,0,5,FORWARD,settle,svm,0,0,0,search_360,,SEARCH,ground,0,,87.0,70.0,1,,,,,,,,,,,,,,,,,,,,,,,,,,,,,,,,,,,,,,,,,,,,,,,,,,,,,,,,,,,,,,,,,
1790262131.5012,1100,1.01,0,0,5,FORWARD,settle,svm,0,0,0,search_360,,SEARCH,ground,0,,87.0,70.0,1,,,,,,,,,,,,,,,,,,,,,,,,,,,,,,,,,,,,,,,,,,,,,,,,,,,,,,,,,,,,,,,,,
1790262131.5691788,1102,6.98,0,0,5,FORWARD,settle,svm,0,0,0,search_360,,SEARCH,ground,0,,87.0,70.0,1,,,,,,,,,,,,,,,,,,,,,,,,,,,,,,,,,,,,,,,,,,,,,,,,,,,,,,,,,,,,,,,,,
1790262131.6350024,1103,1.99,0,0,5,FORWARD,settle,svm,0,0,0,search_360,,SEARCH,ground,0,,87.0,70.0,1,,,,,,,,,,,,,,,,,,,,,,,,,,,,,,,,,,,,,,,,,,,,,,,,,,,,,,,,,,,,,,,,,
1790262131.6820297,1104,18.95,0,0,5,FORWARD,settle,svm,0,0,0,search_360,,SEARCH,ground,0,,87.0,70.0,1,,,,,,,,,,,,,,,,,,,,,,,,,,,,,,,,,,,,,,,,,,,,,,,,,,,,,,,,,,,,,,,,,
1790262131.6990674,1105,1.99,0,0,5,FORWARD,settle,svm,0,0,0,search_360,,SEARCH,ground,0,,87.0,70.0,1,,,,,,,,,,,,,,,,,,,,,,,,,,,,,,,,,,,,,,,,,,,,,,,,,,,,,,,,,,,,,,,,,
1790262131.759936,1106,26.96,0,0,5,FORWARD,settle,svm,0,0,0,search_360,,SEARCH,ground,0,,87.0,70.0,1,,,,,,,,,,,,,,,,,,,,,,,,,,,,,,,,,,,,,,,,,,,,,,,,,,,,,,,,,,,,,,,,,
1790262131.802652,1107,2.54,0,0,5,FORWARD,settle,svm,0,0,0,search_360,,SEARCH,ground,0,,87.0,70.0,1,,,,,,,,,,,,,,,,,,,,,,,,,,,,,,,,,,,,,,,,,,,,,,,,,,,,,,,,,,,,,,,,,
1790262131.8425481,1108,13.0,0,0,5,FORWARD,settle,svm,0,0,0,search_360,,SEARCH,ground,0,,87.0,70.0,1,,,,,,,,,,,,,,,,,,,,,,,,,,,,,,,,,,,,,,,,,,,,,,,,,,,,,,,,,,,,,,,,,
1790262131.8674757,1109,3.02,0,0,5,FORWARD,settle,svm,0,0,0,search_360,,SEARCH,ground,0,,87.0,70.0,1,,,,,,,,,,,,,,,,,,,,,,,,,,,,,,,,,,,,,,,,,,,,,,,,,,,,,,,,,,,,,,,,,
1790262131.9102156,1110,11.97,0,0,5,FORWARD,settle,svm,0,0,0,search_360,,SEARCH,ground,0,,87.0,70.0,1,,,,,,,,,,,,,,,,,,,,,,,,,,,,,,,,,,,,,,,,,,,,,,,,,,,,,,,,,,,,,,,,,
1790262131.9674146,1111,1.99,0,0,5,FORWARD,settle,svm,0,0,0,search_360,,SEARCH,ground,0,,87.0,70.0,1,,,,,,,,,,,,,,,,,,,,,,,,,,,,,,,,,,,,,,,,,,,,,,,,,,,,,,,,,,,,,,,,,
1790262132.0060024,1112,9.67,0,0,5,FORWARD,settle,svm,0,0,0,search_360,,SEARCH,ground,0,,87.0,70.0,1,,,,,,,,,,,,,,,,,,,,,,,,,,,,,,,,,,,,,,,,,,,,,,,,,,,,,,,,,,,,,,,,,
1790262132.0322533,1113,2.99,0,0,5,FORWARD,settle,svm,0,0,0,search_360,,SEARCH,ground,0,,87.0,70.0,1,,,,,,,,,,,,,,,,,,,,,,,,,,,,,,,,,,,,,,,,,,,,,,,,,,,,,,,,,,,,,,,,,
1790262132.087817,1114,25.93,0,0,5,FORWARD,settle,svm,0,0,0,search_360,,SEARCH,ground,0,,87.0,70.0,1,,,,,,,,,,,,,,,,,,,,,,,,,,,,,,,,,,,,,,,,,,,,,,,,,,,,,,,,,,,,,,,,,
1790262132.1336095,1115,2.99,0,0,5,FORWARD,settle,svm,0,0,0,search_360,,SEARCH,ground,0,,87.0,70.0,1,,,,,,,,,,,,,,,,,,,,,,,,,,,,,,,,,,,,,,,,,,,,,,,,,,,,,,,,,,,,,,,,,
1790262132.1721573,1116,6.98,0,0,5,FORWARD,settle,svm,0,0,0,search_360,,SEARCH,ground,0,,87.0,70.0,1,,,,,,,,,,,,,,,,,,,,,,,,,,,,,,,,,,,,,,,,,,,,,,,,,,,,,,,,,,,,,,,,,
1790262132.206576,1117,4.99,0,0,5,FORWARD,settle,svm,0,0,0,search_360,,SEARCH,ground,0,,87.0,70.0,1,,,,,,,,,,,,,,,,,,,,,,,,,,,,,,,,,,,,,,,,,,,,,,,,,,,,,,,,,,,,,,,,,
1790262132.2509916,1118,20.94,0,0,5,FORWARD,settle,svm,0,0,0,search_360,,SEARCH,ground,0,,87.0,70.0,1,,,,,,,,,,,,,,,,,,,,,,,,,,,,,,,,,,,,,,,,,,,,,,,,,,,,,,,,,,,,,,,,,
1790262132.2807455,1119,3.99,0,0,5,FORWARD,settle,svm,0,0,0,search_360,,SEARCH,ground,0,,87.0,70.0,1,,,,,,,,,,,,,,,,,,,,,,,,,,,,,,,,,,,,,,,,,,,,,,,,,,,,,,,,,,,,,,,,,
1790262132.3384836,1120,3.88,0,0,5,FORWARD,settle,svm,0,0,0,search_360,,SEARCH,ground,0,,87.0,70.0,1,,,,,,,,,,,,,,,,,,,,,,,,,,,,,,,,,,,,,,,,,,,,,,,,,,,,,,,,,,,,,,,,,
1790262132.3640735,1121,2.0,0,0,5,FORWARD,settle,svm,0,0,0,search_360,,SEARCH,ground,0,,87.0,70.0,1,,,,,,,,,,,,,,,,,,,,,,,,,,,,,,,,,,,,,,,,,,,,,,,,,,,,,,,,,,,,,,,,,
1790262132.412878,1122,11.97,0,0,5,FORWARD,settle,svm,0,0,0,search_360,,SEARCH,ground,0,,87.0,70.0,1,,,,,,,,,,,,,,,,,,,,,,,,,,,,,,,,,,,,,,,,,,,,,,,,,,,,,,,,,,,,,,,,,
1790262132.4677875,1123,3.32,0,0,5,FORWARD,settle,svm,0,0,0,search_360,,SEARCH,ground,0,,87.0,70.0,1,,,,,,,,,,,,,,,,,,,,,,,,,,,,,,,,,,,,,,,,,,,,,,,,,,,,,,,,,,,,,,,,,
1790262132.5068119,1124,7.98,0,0,5,FORWARD,settle,svm,0,0,0,search_360,,SEARCH,ground,0,,87.0,70.0,1,,,,,,,,,,,,,,,,,,,,,,,,,,,,,,,,,,,,,,,,,,,,,,,,,,,,,,,,,,,,,,,,,
1790262132.537731,1125,4.99,0,0,5,FORWARD,settle,svm,0,0,0,search_360,,SEARCH,ground,0,,87.0,70.0,1,,,,,,,,,,,,,,,,,,,,,,,,,,,,,,,,,,,,,,,,,,,,,,,,,,,,,,,,,,,,,,,,,
1790262132.5860493,1126,20.39,0,0,5,FORWARD,settle,svm,0,0,0,search_360,,SEARCH,ground,0,,87.0,70.0,1,,,,,,,,,,,,,,,,,,,,,,,,,,,,,,,,,,,,,,,,,,,,,,,,,,,,,,,,,,,,,,,,,
1790262132.6386132,1127,3.99,0,0,5,FORWARD,settle,svm,0,0,0,search_360,,SEARCH,ground,0,,87.0,70.0,1,,,,,,,,,,,,,,,,,,,,,,,,,,,,,,,,,,,,,,,,,,,,,,,,,,,,,,,,,,,,,,,,,
1790262132.674871,1128,12.73,0,0,5,FORWARD,settle,svm,0,0,0,search_360,,SEARCH,ground,0,,87.0,70.0,1,,,,,,,,,,,,,,,,,,,,,,,,,,,,,,,,,,,,,,,,,,,,,,,,,,,,,,,,,,,,,,,,,
1790262132.704805,1129,2.78,0,0,5,FORWARD,settle,svm,0,0,0,search_360,,SEARCH,ground,0,,87.0,70.0,1,,,,,,,,,,,,,,,,,,,,,,,,,,,,,,,,,,,,,,,,,,,,,,,,,,,,,,,,,,,,,,,,,
1790262132.7483156,1130,15.68,0,0,5,FORWARD,settle,svm,0,0,0,search_360,,SEARCH,ground,0,,87.0,70.0,1,,,,,,,,,,,,,,,,,,,,,,,,,,,,,,,,,,,,,,,,,,,,,,,,,,,,,,,,,,,,,,,,,
1790262132.8007774,1131,2.99,0,0,5,FORWARD,settle,svm,0,0,0,search_360,,SEARCH,ground,0,,87.0,60.0,1,,,,,,,,,,,,,,,,,,,,,,,,,,,,,,,,,,,,,,,,,,,,,,,,,,,,,,,,,,,,,,,,,
1790262132.8356826,1132,5.98,0,0,5,FORWARD,settle,svm,0,0,0,search_360,,SEARCH,ground,0,,87.0,60.0,1,,,,,,,,,,,,,,,,,,,,,,,,,,,,,,,,,,,,,,,,,,,,,,,,,,,,,,,,,,,,,,,,,
1790262132.8695807,1133,3.98,0,0,5,FORWARD,settle,svm,0,0,0,search_360,,SEARCH,ground,0,,87.0,60.0,1,,,,,,,,,,,,,,,,,,,,,,,,,,,,,,,,,,,,,,,,,,,,,,,,,,,,,,,,,,,,,,,,,
1790262132.906982,1134,8.97,0,0,5,FORWARD,settle,svm,0,0,0,search_360,,SEARCH,ground,0,,87.0,60.0,1,,,,,,,,,,,,,,,,,,,,,,,,,,,,,,,,,,,,,,,,,,,,,,,,,,,,,,,,,,,,,,,,,
1790262132.967413,1135,2.99,0,0,5,FORWARD,settle,svm,0,0,0,search_360,,SEARCH,ground,0,,87.0,60.0,1,,,,,,,,,,,,,,,,,,,,,,,,,,,,,,,,,,,,,,,,,,,,,,,,,,,,,,,,,,,,,,,,,
1790262133.0015144,1136,5.18,0,0,5,FORWARD,settle,svm,0,0,0,search_360,,SEARCH,ground,0,,87.0,60.0,1,,,,,,,,,,,,,,,,,,,,,,,,,,,,,,,,,,,,,,,,,,,,,,,,,,,,,,,,,,,,,,,,,
1790262133.0342474,1137,2.99,0,0,5,FORWARD,settle,svm,0,0,0,search_360,,SEARCH,ground,0,,87.0,60.0,1,,,,,,,,,,,,,,,,,,,,,,,,,,,,,,,,,,,,,,,,,,,,,,,,,,,,,,,,,,,,,,,,,
1790262133.078761,1138,15.96,0,0,5,FORWARD,settle,svm,0,0,0,search_360,,SEARCH,ground,0,,87.0,60.0,1,,,,,,,,,,,,,,,,,,,,,,,,,,,,,,,,,,,,,,,,,,,,,,,,,,,,,,,,,,,,,,,,,
1790262133.1324167,1139,2.03,0,0,5,FORWARD,settle,svm,0,0,0,search_360,,SEARCH,ground,0,,87.0,60.0,1,,,,,,,,,,,,,,,,,,,,,,,,,,,,,,,,,,,,,,,,,,,,,,,,,,,,,,,,,,,,,,,,,
1790262133.1673217,1140,2.03,0,0,5,FORWARD,settle,svm,0,0,0,search_360,,SEARCH,ground,0,,87.0,60.0,1,,,,,,,,,,,,,,,,,,,,,,,,,,,,,,,,,,,,,,,,,,,,,,,,,,,,,,,,,,,,,,,,,
1790262133.2011414,1141,4.96,0,0,5,FORWARD,settle,svm,0,0,0,search_360,,SEARCH,ground,0,,87.0,60.0,1,,,,,,,,,,,,,,,,,,,,,,,,,,,,,,,,,,,,,,,,,,,,,,,,,,,,,,,,,,,,,,,,,
1790262133.2316709,1142,0.98,0,0,5,FORWARD,settle,svm,0,0,0,search_360,,SEARCH,ground,0,,87.0,60.0,1,,,,,,,,,,,,,,,,,,,,,,,,,,,,,,,,,,,,,,,,,,,,,,,,,,,,,,,,,,,,,,,,,
1790262133.2791243,1143,5.95,0,0,5,FORWARD,settle,svm,0,0,0,search_360,,SEARCH,ground,0,,87.0,60.0,1,,,,,,,,,,,,,,,,,,,,,,,,,,,,,,,,,,,,,,,,,,,,,,,,,,,,,,,,,,,,,,,,,
1790262133.3411074,1144,12.93,0,0,5,FORWARD,settle,svm,0,0,0,search_360,,SEARCH,ground,0,,87.0,60.0,1,,,,,,,,,,,,,,,,,,,,,,,,,,,,,,,,,,,,,,,,,,,,,,,,,,,,,,,,,,,,,,,,,
1790262133.3615615,1145,1.0,0,0,5,FORWARD,settle,svm,0,0,0,search_360,,SEARCH,ground,0,,87.0,60.0,1,,,,,,,,,,,,,,,,,,,,,,,,,,,,,,,,,,,,,,,,,,,,,,,,,,,,,,,,,,,,,,,,,
1790262133.397175,1146,1.0,0,0,5,FORWARD,settle,svm,0,0,0,search_360,,SEARCH,ground,0,,87.0,60.0,1,,,,,,,,,,,,,,,,,,,,,,,,,,,,,,,,,,,,,,,,,,,,,,,,,,,,,,,,,,,,,,,,,
1790262133.4641204,1147,3.03,0,0,5,FORWARD,settle,svm,0,0,0,search_360,,SEARCH,ground,0,,87.0,60.0,1,,,,,,,,,,,,,,,,,,,,,,,,,,,,,,,,,,,,,,,,,,,,,,,,,,,,,,,,,,,,,,,,,
1790262133.4982562,1148,1.03,0,0,5,FORWARD,settle,svm,0,0,0,search_360,,SEARCH,ground,0,,87.0,60.0,1,,,,,,,,,,,,,,,,,,,,,,,,,,,,,,,,,,,,,,,,,,,,,,,,,,,,,,,,,,,,,,,,,
1790262133.543054,1149,8.84,0,0,5,FORWARD,settle,svm,0,0,0,search_360,,SEARCH,ground,0,,87.0,60.0,1,,,,,,,,,,,,,,,,,,,,,,,,,,,,,,,,,,,,,,,,,,,,,,,,,,,,,,,,,,,,,,,,,
1790262133.5726452,1150,10.01,0,0,5,FORWARD,settle,svm,0,0,0,search_360,,SEARCH,ground,0,,87.0,60.0,1,,,,,,,,,,,,,,,,,,,,,,,,,,,,,,,,,,,,,,,,,,,,,,,,,,,,,,,,,,,,,,,,,
1790262133.632577,1151,2.5,0,0,5,FORWARD,settle,svm,0,0,0,search_360,,SEARCH,ground,0,,87.0,60.0,1,,,,,,,,,,,,,,,,,,,,,,,,,,,,,,,,,,,,,,,,,,,,,,,,,,,,,,,,,,,,,,,,,
1790262133.6668305,1152,5.05,0,0,5,FORWARD,settle,svm,0,0,0,search_360,,SEARCH,ground,0,,87.0,60.0,1,,,,,,,,,,,,,,,,,,,,,,,,,,,,,,,,,,,,,,,,,,,,,,,,,,,,,,,,,,,,,,,,,
1790262133.6968594,1153,1.03,0,0,5,FORWARD,settle,svm,0,0,0,search_360,,SEARCH,ground,0,,87.0,60.0,1,,,,,,,,,,,,,,,,,,,,,,,,,,,,,,,,,,,,,,,,,,,,,,,,,,,,,,,,,,,,,,,,,
1790262133.7435231,1154,14.03,0,0,5,FORWARD,settle,svm,0,0,0,search_360,,SEARCH,ground,0,,87.0,60.0,1,,,,,,,,,,,,,,,,,,,,,,,,,,,,,,,,,,,,,,,,,,,,,,,,,,,,,,,,,,,,,,,,,
1790262133.8002434,1155,1.99,0,0,5,FORWARD,settle,svm,0,0,0,search_360,,SEARCH,ground,0,,87.0,60.0,1,,,,,,,,,,,,,,,,,,,,,,,,,,,,,,,,,,,,,,,,,,,,,,,,,,,,,,,,,,,,,,,,,
1790262133.8356762,1156,7.98,0,0,5,FORWARD,settle,svm,0,0,0,search_360,,SEARCH,ground,0,,87.0,60.0,1,,,,,,,,,,,,,,,,,,,,,,,,,,,,,,,,,,,,,,,,,,,,,,,,,,,,,,,,,,,,,,,,,
1790262133.867112,1157,4.81,0,0,5,FORWARD,settle,svm,0,0,0,search_360,,SEARCH,ground,0,,87.0,60.0,1,,,,,,,,,,,,,,,,,,,,,,,,,,,,,,,,,,,,,,,,,,,,,,,,,,,,,,,,,,,,,,,,,
1790262133.912111,1158,17.76,0,0,5,FORWARD,settle,svm,0,0,0,search_360,,SEARCH,ground,0,,87.0,60.0,1,,,,,,,,,,,,,,,,,,,,,,,,,,,,,,,,,,,,,,,,,,,,,,,,,,,,,,,,,,,,,,,,,
1790262133.9654691,1159,1.0,0,0,5,FORWARD,settle,svm,0,0,0,search_360,,SEARCH,ground,0,,87.0,60.0,1,,,,,,,,,,,,,,,,,,,,,,,,,,,,,,,,,,,,,,,,,,,,,,,,,,,,,,,,,,,,,,,,,
1790262134.0055017,1160,9.97,0,0,5,FORWARD,settle,svm,0,0,0,search_360,,SEARCH,ground,0,,87.0,60.0,1,,,,,,,,,,,,,,,,,,,,,,,,,,,,,,,,,,,,,,,,,,,,,,,,,,,,,,,,,,,,,,,,,
1790262134.035961,1161,2.99,0,0,5,FORWARD,settle,svm,0,0,0,search_360,,SEARCH,ground,0,,87.0,60.0,1,,,,,,,,,,,,,,,,,,,,,,,,,,,,,,,,,,,,,,,,,,,,,,,,,,,,,,,,,,,,,,,,,
1790262134.0650158,1162,1.0,0,0,5,FORWARD,settle,svm,0,0,0,search_360,,SEARCH,ground,0,,87.0,60.0,1,,,,,,,,,,,,,,,,,,,,,,,,,,,,,,,,,,,,,,,,,,,,,,,,,,,,,,,,,,,,,,,,,
1790262134.1358948,1163,0.0,0,0,5,FORWARD,settle,svm,0,0,0,search_360,,SEARCH,ground,0,,87.0,60.0,1,,,,,,,,,,,,,,,,,,,,,,,,,,,,,,,,,,,,,,,,,,,,,,,,,,,,,,,,,,,,,,,,,
1790262134.1702104,1164,0.99,0,0,5,FORWARD,settle,svm,0,0,0,search_360,,SEARCH,ground,0,,87.0,60.0,1,,,,,,,,,,,,,,,,,,,,,,,,,,,,,,,,,,,,,,,,,,,,,,,,,,,,,,,,,,,,,,,,,
1790262134.2080405,1165,6.6,0,0,5,FORWARD,settle,svm,0,0,0,search_360,,SEARCH,ground,0,,87.0,60.0,1,,,,,,,,,,,,,,,,,,,,,,,,,,,,,,,,,,,,,,,,,,,,,,,,,,,,,,,,,,,,,,,,,
1790262134.239471,1166,6.02,0,0,5,FORWARD,settle,svm,0,0,0,search_360,,SEARCH,ground,0,,87.0,60.0,1,,,,,,,,,,,,,,,,,,,,,,,,,,,,,,,,,,,,,,,,,,,,,,,,,,,,,,,,,,,,,,,,,
1790262134.2737064,1167,0.0,0,0,5,FORWARD,settle,svm,0,0,0,search_360,,SEARCH,ground,0,,87.0,60.0,1,,,,,,,,,,,,,,,,,,,,,,,,,,,,,,,,,,,,,,,,,,,,,,,,,,,,,,,,,,,,,,,,,
1790262134.3332875,1168,1.96,0,0,5,FORWARD,settle,svm,0,0,0,search_360,,SEARCH,ground,0,,87.0,60.0,1,,,,,,,,,,,,,,,,,,,,,,,,,,,,,,,,,,,,,,,,,,,,,,,,,,,,,,,,,,,,,,,,,
1790262134.3661995,1169,1.0,0,0,5,FORWARD,settle,svm,0,0,0,search_360,,SEARCH,ground,0,,87.0,60.0,1,,,,,,,,,,,,,,,,,,,,,,,,,,,,,,,,,,,,,,,,,,,,,,,,,,,,,,,,,,,,,,,,,
1790262134.3987074,1170,1.0,0,0,5,FORWARD,settle,svm,0,0,0,search_360,,SEARCH,ground,0,,87.0,60.0,1,,,,,,,,,,,,,,,,,,,,,,,,,,,,,,,,,,,,,,,,,,,,,,,,,,,,,,,,,,,,,,,,,
1790262134.4716415,1171,3.0,0,0,5,FORWARD,settle,svm,0,0,0,search_360,,SEARCH,ground,0,,87.0,60.0,1,,,,,,,,,,,,,,,,,,,,,,,,,,,,,,,,,,,,,,,,,,,,,,,,,,,,,,,,,,,,,,,,,
1790262134.5025537,1172,4.99,0,0,5,FORWARD,settle,svm,0,0,0,search_360,,SEARCH,ground,0,,87.0,70.0,1,,,,,,,,,,,,,,,,,,,,,,,,,,,,,,,,,,,,,,,,,,,,,,,,,,,,,,,,,,,,,,,,,
1790262134.534719,1173,3.03,0,0,5,FORWARD,settle,svm,0,0,1,face,,FACE,ground,0,,87.0,70.0,1,,,,,,,,,,,,,,,,,,,,,,,,,,,,,,,,,,,,,,,,,,,,,,,,,,,,,,,,,,,,,,,,,
1790262134.5959778,1174,31.37,0,0,5,FORWARD,settle,svm,0,0,1,face,,FACE,ground,0,,87.0,70.0,1,,,,,,,,,,,,,,,,,,,,,,,,,,,,,,,,,,,,,,,,,,,,,,,,,,,,,,,,,,,,,,,,,
1790262134.6358323,1175,2.99,0,0,5,FORWARD,settle,svm,0,0,1,face,,FACE,ground,0,,87.0,70.0,1,,,,,,,,,,,,,,,,,,,,,,,,,,,,,,,,,,,,,,,,,,,,,,,,,,,,,,,,,,,,,,,,,
1790262134.6927834,1176,28.29,0,0,5,FORWARD,settle,svm,0,0,1,face,,FACE,ground,0,,87.0,70.0,1,,,,,,,,,,,,,,,,,,,,,,,,,,,,,,,,,,,,,,,,,,,,,,,,,,,,,,,,,,,,,,,,,
1790262134.714727,1177,15.96,0,0,5,FORWARD,settle,svm,0,0,1,face,,FACE,ground,0,,87.0,70.0,1,,,,,,,,,,,,,,,,,,,,,,,,,,,,,,,,,,,,,,,,,,,,,,,,,,,,,,,,,,,,,,,,,
1790262134.7849147,1178,54.23,0,0,5,FORWARD,settle,svm,0,0,1,face,,FACE,ground,0,,87.0,70.0,1,,,,,,,,,,,,,,,,,,,,,,,,,,,,,,,,,,,,,,,,,,,,,,,,,,,,,,,,,,,,,,,,,
1790262134.8108456,1179,9.97,0,0,5,FORWARD,settle,svm,0,0,1,face,,FACE,ground,0,,87.0,70.0,1,,,,,,,,,,,,,,,,,,,,,,,,,,,,,,,,,,,,,,,,,,,,,,,,,,,,,,,,,,,,,,,,,
1790262134.8791444,1181,13.96,0,0,5,FORWARD,settle,svm,0,0,1,face,,FACE,ground,0,,87.0,70.0,1,,,,,,,,,,,,,,,,,,,,,,,,,,,,,,,,,,,,,,,,,,,,,,,,,,,,,,,,,,,,,,,,,
1790262134.9060705,1182,7.98,0,0,5,FORWARD,settle,svm,0,0,1,face,,FACE,ground,0,,87.0,70.0,1,,,,,,,,,,,,,,,,,,,,,,,,,,,,,,,,,,,,,,,,,,,,,,,,,,,,,,,,,,,,,,,,,
1790262134.9778814,1183,11.97,0,0,5,FORWARD,settle,svm,0,0,1,face,,FACE,ground,0,,87.0,70.0,1,,,,,,,,,,,,,,,,,,,,,,,,,,,,,,,,,,,,,,,,,,,,,,,,,,,,,,,,,,,,,,,,,
1790262135.0021744,1184,1.0,0,0,5,FORWARD,settle,svm,0,0,1,face,,FACE,ground,0,,87.0,70.0,1,,,,,,,,,,,,,,,,,,,,,,,,,,,,,,,,,,,,,,,,,,,,,,,,,,,,,,,,,,,,,,,,,
1790262135.0660255,1186,2.99,0,0,5,FORWARD,settle,svm,0,0,1,face,,FACE,ground,0,,87.0,70.0,1,,,,,,,,,,,,,,,,,,,,,,,,,,,,,,,,,,,,,,,,,,,,,,,,,,,,,,,,,,,,,,,,,
1790262135.1354318,1187,1.0,0,0,5,FORWARD,settle,svm,0,0,1,face,,FACE,ground,0,,87.0,70.0,1,,,,,,,,,,,,,,,,,,,,,,,,,,,,,,,,,,,,,,,,,,,,,,,,,,,,,,,,,,,,,,,,,
1790262135.2019775,1189,3.99,0,0,5,FORWARD,settle,svm,0,0,1,face,,FACE,ground,0,,87.0,70.0,1,,,,,,,,,,,,,,,,,,,,,,,,,,,,,,,,,,,,,,,,,,,,,,,,,,,,,,,,,,,,,,,,,
1790262135.2353992,1190,2.99,0,0,5,FORWARD,settle,svm,0,0,1,face,,FACE,ground,0,,87.0,70.0,1,,,,,,,,,,,,,,,,,,,,,,,,,,,,,,,,,,,,,,,,,,,,,,,,,,,,,,,,,,,,,,,,,
1790262135.2972152,1191,22.94,0,0,5,FORWARD,settle,svm,0,0,1,face,,FACE,ground,0,,87.0,70.0,1,,,,,,,,,,,,,,,,,,,,,,,,,,,,,,,,,,,,,,,,,,,,,,,,,,,,,,,,,,,,,,,,,
1790262135.3389778,1192,3.99,0,0,5,FORWARD,settle,svm,0,0,1,face,,FACE,ground,0,,87.0,70.0,1,,,,,,,,,,,,,,,,,,,,,,,,,,,,,,,,,,,,,,,,,,,,,,,,,,,,,,,,,,,,,,,,,
1790262135.403258,1194,2.99,0,0,5,FORWARD,settle,svm,0,0,1,face,,FACE,ground,0,,87.0,70.0,1,,,,,,,,,,,,,,,,,,,,,,,,,,,,,,,,,,,,,,,,,,,,,,,,,,,,,,,,,,,,,,,,,
1790262135.4671657,1195,1.0,0,0,5,FORWARD,settle,svm,0,0,1,face,,FACE,ground,0,,87.0,70.0,1,,,,,,,,,,,,,,,,,,,,,,,,,,,,,,,,,,,,,,,,,,,,,,,,,,,,,,,,,,,,,,,,,
1790262135.525841,1196,26.76,0,0,5,FORWARD,settle,svm,0,0,1,face,,FACE,ground,0,,87.0,70.0,1,,,,,,,,,,,,,,,,,,,,,,,,,,,,,,,,,,,,,,,,,,,,,,,,,,,,,,,,,,,,,,,,,
1790262135.545787,1197,11.97,0,0,5,FORWARD,settle,svm,0,0,1,face,,FACE,ground,0,,87.0,60.0,1,,,,,,,,,,,,,,,,,,,,,,,,,,,,,,,,,,,,,,,,,,,,,,,,,,,,,,,,,,,,,,,,,
1790262135.609434,1198,46.69,0,0,5,FORWARD,settle,svm,0,0,1,face,,FACE,ground,0,,87.0,60.0,1,,,,,,,,,,,,,,,,,,,,,,,,,,,,,,,,,,,,,,,,,,,,,,,,,,,,,,,,,,,,,,,,,
1790262135.6443405,1199,3.99,0,0,5,FORWARD,settle,svm,0,0,1,face,,FACE,ground,0,,87.0,60.0,1,,,,,,,,,,,,,,,,,,,,,,,,,,,,,,,,,,,,,,,,,,,,,,,,,,,,,,,,,,,,,,,,,
1790262135.7015512,1201,2.99,0,0,5,FORWARD,settle,svm,0,0,1,face,,FACE,ground,0,,87.0,60.0,1,,,,,,,,,,,,,,,,,,,,,,,,,,,,,,,,,,,,,,,,,,,,,,,,,,,,,,,,,,,,,,,,,
1790262135.7373772,1202,1.99,0,0,5,FORWARD,settle,svm,0,0,1,face,,FACE,ground,0,,87.0,60.0,1,,,,,,,,,,,,,,,,,,,,,,,,,,,,,,,,,,,,,,,,,,,,,,,,,,,,,,,,,,,,,,,,,
1790262135.8012066,1203,1.99,0,0,5,FORWARD,settle,svm,0,0,1,face,,FACE,ground,0,,87.0,60.0,1,,,,,,,,,,,,,,,,,,,,,,,,,,,,,,,,,,,,,,,,,,,,,,,,,,,,,,,,,,,,,,,,,
1790262135.8368497,1204,2.99,0,0,5,FORWARD,settle,svm,0,0,1,face,,FACE,ground,0,,87.0,60.0,1,,,,,,,,,,,,,,,,,,,,,,,,,,,,,,,,,,,,,,,,,,,,,,,,,,,,,,,,,,,,,,,,,
1790262135.900616,1205,32.85,0,0,5,FORWARD,settle,svm,0,0,1,face,,FACE,ground,0,,87.0,60.0,1,,,,,,,,,,,,,,,,,,,,,,,,,,,,,,,,,,,,,,,,,,,,,,,,,,,,,,,,,,,,,,,,,
1790262135.9225488,1206,20.86,0,0,5,FORWARD,settle,svm,0,0,1,face,,FACE,ground,0,,87.0,60.0,1,,,,,,,,,,,,,,,,,,,,,,,,,,,,,,,,,,,,,,,,,,,,,,,,,,,,,,,,,,,,,,,,,
1790262136.0052128,1208,6.98,0,0,5,FORWARD,settle,svm,0,0,1,face,,FACE,ground,0,,87.0,60.0,1,,,,,,,,,,,,,,,,,,,,,,,,,,,,,,,,,,,,,,,,,,,,,,,,,,,,,,,,,,,,,,,,,
1790262136.0445547,1209,12.97,0,0,5,FORWARD,settle,svm,0,0,1,face,,FACE,ground,0,,87.0,60.0,1,,,,,,,,,,,,,,,,,,,,,,,,,,,,,,,,,,,,,,,,,,,,,,,,,,,,,,,,,,,,,,,,,
1790262136.1263454,1210,57.85,0,0,5,FORWARD,settle,svm,0,0,1,face,,FACE,ground,0,,87.0,60.0,1,,,,,,,,,,,,,,,,,,,,,,,,,,,,,,,,,,,,,,,,,,,,,,,,,,,,,,,,,,,,,,,,,
1790262136.1542726,1211,20.95,0,0,5,FORWARD,settle,svm,0,0,1,face,,FACE,ground,0,,87.0,60.0,1,,,,,,,,,,,,,,,,,,,,,,,,,,,,,,,,,,,,,,,,,,,,,,,,,,,,,,,,,,,,,,,,,
1790262136.3552809,1216,21.21,0,0,5,FORWARD,hold,svm,1,1,1,gesture,RIGHT,RIGHT,ground,1,0.8918522664285496,87.0,60.0,1,0.008738078519151316,,0.745432496,0.893473685,-1.01409739e-07,0.727913797,0.887392163,-0.0340204276,0.722423017,0.891686499,-0.0564439148,0.723125398,0.911702573,-0.0722334087,0.721784174,0.93176192,-0.0851502866,0.778987944,0.889244139,-0.0577822216,0.754245162,0.931166708,-0.0773334429,0.738221586,0.932505727,-0.0858613104,0.73573488,0.922575653,-0.0914107189,0.793988764,0.913737237,-0.0478315987,0.763912439,0.95008868,-0.0649681836,0.750199497,0.947342575,-0.0692382306,0.750747681,0.940514922,-0.0733368993,0.798163891,0.936951578,-0.038949538,0.780695915,0.972022176,-0.0544994026,0.77231878,0.977983356,-0.0568888411,0.772823453,0.980050802,-0.0590272583,0.798143685,0.955802083,-0.0321169235,0.794455767,0.978646338,-0.0445053838,0.789820075,0.991407931,-0.0475498214,0.78952235,1.00179529,-0.0495611466
1790262136.3836648,1217,17.41,0,0,5,FORWARD,hold,svm,1,1,1,gesture,RIGHT,RIGHT,ground,2,0.7542747806903248,87.0,50.0,1,0.007260808694766752,-0.16906117530837242,0.696693361,0.632977605,-3.14237042e-07,0.668989062,0.598051071,-0.00488355476,0.649102271,0.567108154,-0.0109836459,0.636658013,0.544165075,-0.0187477618,0.647506118,0.533524036,-0.024306234,0.686279714,0.516087115,0.00279514818,0.658897102,0.513649225,-0.00995771587,0.658250511,0.542771637,-0.0182562489,0.666437209,0.547592878,-0.0232655797,0.700370312,0.520714521,-0.00196131435,0.669246614,0.520533621,-0.0148857543,0.667112529,0.550409555,-0.0164919104,0.67749691,0.554108739,-0.0151840337,0.712688863,0.532134116,-0.00914115272,0.682240605,0.531287193,-0.0213647876,0.677726448,0.557444155,-0.0152376043,0.687238693,0.561781645,-0.00806431472,0.721546471,0.54987824,-0.0174579006,0.697042406,0.546822131,-0.0222230144,0.689935386,0.564362347,-0.0161963571,0.69641459,0.571424603,-0.00995758828
1790262136.5967011,1222,29.48,0,0,5,FORWARD,hold,svm,1,1,1,gesture,RIGHT,RIGHT,ground,3,0.7542747806903248,87.0,50.0,1,0.006417932273123483,-0.11608574982161061,0.696693361,0.632977605,-3.14237042e-07,0.668989062,0.598051071,-0.00488355476,0.649102271,0.567108154,-0.0109836459,0.636658013,0.544165075,-0.0187477618,0.647506118,0.533524036,-0.024306234,0.686279714,0.516087115,0.00279514818,0.658897102,0.513649225,-0.00995771587,0.658250511,0.542771637,-0.0182562489,0.666437209,0.547592878,-0.0232655797,0.700370312,0.520714521,-0.00196131435,0.669246614,0.520533621,-0.0148857543,0.667112529,0.550409555,-0.0164919104,0.67749691,0.554108739,-0.0151840337,0.712688863,0.532134116,-0.00914115272,0.682240605,0.531287193,-0.0213647876,0.677726448,0.557444155,-0.0152376043,0.687238693,0.561781645,-0.00806431472,0.721546471,0.54987824,-0.0174579006,0.697042406,0.546822131,-0.0222230144,0.689935386,0.564362347,-0.0161963571,0.69641459,0.571424603,-0.00995758828
1790262136.6339126,1223,1.0,0,0,5,FORWARD,hold,svm,1,1,1,gesture,RIGHT,RIGHT,ground,4,0.6883003729633763,87.0,40.0,1,0.005132271399823196,-0.20032322227585317,0.700374722,0.492735207,-3.21108843e-07,0.668542981,0.479279071,-0.00033805173,0.651163578,0.459521055,-0.00488138478,0.637946308,0.445627809,-0.0113438684,0.629102588,0.429479718,-0.0166583955,0.67950964,0.401954919,0.00287945196,0.6456635,0.402285844,-0.00829653163,0.646033823,0.426620483,-0.0167811103,0.655102372,0.439333379,-0.0213081744,0.683188379,0.401446462,-0.0018748166,0.642968118,0.402028561,-0.014369295,0.644274235,0.430049837,-0.0190659631,0.655737877,0.440207899,-0.019864982,0.682834506,0.406028748,-0.00769659225,0.643277526,0.408295453,-0.019289745,0.646371841,0.434687912,-0.0173179861,0.658551991,0.44295457,-0.0132225668,0.678942859,0.415517032,-0.0136733092,0.647934496,0.418942899,-0.0210898705,0.650562704,0.438338488,-0.0183897987,0.661492825,0.446056336,-0.0140736736
1790262136.8644927,1228,28.5,0,0,5,FORWARD,hold,svm,1,1,1,gesture,RIGHT,RIGHT,ground,5,0.6883003729633763,87.0,40.0,1,0.0049485273557579035,-0.03580170060211986,0.700374722,0.492735207,-3.21108843e-07,0.668542981,0.479279071,-0.00033805173,0.651163578,0.459521055,-0.00488138478,0.637946308,0.445627809,-0.0113438684,0.629102588,0.429479718,-0.0166583955,0.67950964,0.401954919,0.00287945196,0.6456635,0.402285844,-0.00829653163,0.646033823,0.426620483,-0.0167811103,0.655102372,0.439333379,-0.0213081744,0.683188379,0.401446462,-0.0018748166,0.642968118,0.402028561,-0.014369295,0.644274235,0.430049837,-0.0190659631,0.655737877,0.440207899,-0.019864982,0.682834506,0.406028748,-0.00769659225,0.643277526,0.408295453,-0.019289745,0.646371841,0.434687912,-0.0173179861,0.658551991,0.44295457,-0.0132225668,0.678942859,0.415517032,-0.0136733092,0.647934496,0.418942899,-0.0210898705,0.650562704,0.438338488,-0.0183897987,0.661492825,0.446056336,-0.0140736736
1790262136.8929293,1229,26.44,0,0,5,FORWARD,hold,svm,1,1,1,gesture,DOWN,DOWN,ground,1,0.6840174666930641,87.0,30.0,1,0.004960955569668357,0.0025114974651989585,0.712670207,0.447666675,-1.17058633e-07,0.682530463,0.426132351,0.00607098639,0.662524998,0.405214965,0.00918447133,0.648079872,0.390598327,0.00912838709,0.63844049,0.379321337,0.00911296718,0.669990063,0.375402689,0.0182084888,0.649456382,0.370452702,0.0163784642,0.640632331,0.376609951,0.0115795331,0.637566447,0.383357644,0.00839966536,0.670639277,0.371557802,0.0132373553,0.646224856,0.369326591,0.0127233248,0.637447834,0.380250454,0.00788158923,0.635725677,0.388822764,0.00466728676,0.673159778,0.370247394,0.00740212761,0.64833498,0.371466964,0.0062341392,0.642770648,0.385207951,0.0043459083,0.644234717,0.395945966,0.00329588074,0.676216066,0.372508705,0.00150551775,0.65433079,0.372149706,0.00113378931,0.651460886,0.385060519,0.00265883305,0.654919982,0.396182775,0.00431953045
1790262137.0135076,1232,11.97,0,0,5,FORWARD,hold,svm,1,0,0,gesture,DOWN,NOHAND,ground,0,,87.0,30.0,1,0.004960955569668357,0.0025114974651989585,0.712670207,0.447666675,-1.17058633e-07,0.682530463,0.426132351,0.00607098639,0.662524998,0.405214965,0.00918447133,0.648079872,0.390598327,0.00912838709,0.63844049,0.379321337,0.00911296718,0.669990063,0.375402689,0.0182084888,0.649456382,0.370452702,0.0163784642,0.640632331,0.376609951,0.0115795331,0.637566447,0.383357644,0.00839966536,0.670639277,0.371557802,0.0132373553,0.646224856,0.369326591,0.0127233248,0.637447834,0.380250454,0.00788158923,0.635725677,0.388822764,0.00466728676,0.673159778,0.370247394,0.00740212761,0.64833498,0.371466964,0.0062341392,0.642770648,0.385207951,0.0043459083,0.644234717,0.395945966,0.00329588074,0.676216066,0.372508705,0.00150551775,0.65433079,0.372149706,0.00113378931,0.651460886,0.385060519,0.00265883305,0.654919982,0.396182775,0.00431953045
1790262137.037443,1233,6.98,0,0,5,FORWARD,hold,svm,1,1,1,gesture,DOWN,DOWN,ground,1,0.733264709477569,87.0,20.0,1,0.005317417086136089,0.07185339829430516,0.725215435,0.396251321,-1.00400506e-07,0.689459145,0.381550282,0.00759379612,0.666961908,0.360417038,0.0113113644,0.651408434,0.346750259,0.0115689877,0.642011881,0.332757831,0.01199752,0.669943988,0.332520068,0.0163645819,0.647810817,0.32039693,0.0129943993,0.635250568,0.326206386,0.0090815872,0.62972635,0.335495889,0.00713975495,0.673237979,0.327608764,0.00987884402,0.648443878,0.315068364,0.00669512386,0.637149394,0.326983452,0.00210652617,0.634512782,0.339174926,-0.000136158676,0.678936481,0.325140208,0.00267083291,0.652958989,0.316416413,-0.0011434484,0.642835379,0.331078172,-0.0039061252,0.641461492,0.345271856,-0.00480147684,0.685479999,0.328214198,-0.00412358483,0.661328733,0.326391697,-0.00568868825,0.654331744,0.339183599,-0.00494714966,0.655225217,0.352168798,-0.00360195758
1790262137.223142,1237,24.55,0,0,5,FORWARD,hold,svm,1,1,1,gesture,DOWN,DOWN,ground,2,0.733264709477569,87.0,20.0,1,0.00589340309053199,0.10832063670492362,0.725215435,0.396251321,-1.00400506e-07,0.689459145,0.381550282,0.00759379612,0.666961908,0.360417038,0.0113113644,0.651408434,0.346750259,0.0115689877,0.642011881,0.332757831,0.01199752,0.669943988,0.332520068,0.0163645819,0.647810817,0.32039693,0.0129943993,0.635250568,0.326206386,0.0090815872,0.62972635,0.335495889,0.00713975495,0.673237979,0.327608764,0.00987884402,0.648443878,0.315068364,0.00669512386,0.637149394,0.326983452,0.00210652617,0.634512782,0.339174926,-0.000136158676,0.678936481,0.325140208,0.00267083291,0.652958989,0.316416413,-0.0011434484,0.642835379,0.331078172,-0.0039061252,0.641461492,0.345271856,-0.00480147684,0.685479999,0.328214198,-0.00412358483,0.661328733,0.326391697,-0.00568868825,0.654331744,0.339183599,-0.00494714966,0.655225217,0.352168798,-0.00360195758
1790262137.2470815,1238,12.96,0,0,5,FORWARD,hold,svm,1,0,1,gesture,DOWN,NOHAND,ground,0,,87.0,10.0,1,0.00589340309053199,0.10832063670492362,0.725215435,0.396251321,-1.00400506e-07,0.689459145,0.381550282,0.00759379612,0.666961908,0.360417038,0.0113113644,0.651408434,0.346750259,0.0115689877,0.642011881,0.332757831,0.01199752,0.669943988,0.332520068,0.0163645819,0.647810817,0.32039693,0.0129943993,0.635250568,0.326206386,0.0090815872,0.62972635,0.335495889,0.00713975495,0.673237979,0.327608764,0.00987884402,0.648443878,0.315068364,0.00669512386,0.637149394,0.326983452,0.00210652617,0.634512782,0.339174926,-0.000136158676,0.678936481,0.325140208,0.00267083291,0.652958989,0.316416413,-0.0011434484,0.642835379,0.331078172,-0.0039061252,0.641461492,0.345271856,-0.00480147684,0.685479999,0.328214198,-0.00412358483,0.661328733,0.326391697,-0.00568868825,0.654331744,0.339183599,-0.00494714966,0.655225217,0.352168798,-0.00360195758
1790262137.427781,1242,28.93,0,0,5,FORWARD,hold,svm,1,0,0,gesture,DOWN,NOHAND,ground,0,,87.0,10.0,1,0.00589340309053199,0.10832063670492362,0.725215435,0.396251321,-1.00400506e-07,0.689459145,0.381550282,0.00759379612,0.666961908,0.360417038,0.0113113644,0.651408434,0.346750259,0.0115689877,0.642011881,0.332757831,0.01199752,0.669943988,0.332520068,0.0163645819,0.647810817,0.32039693,0.0129943993,0.635250568,0.326206386,0.0090815872,0.62972635,0.335495889,0.00713975495,0.673237979,0.327608764,0.00987884402,0.648443878,0.315068364,0.00669512386,0.637149394,0.326983452,0.00210652617,0.634512782,0.339174926,-0.000136158676,0.678936481,0.325140208,0.00267083291,0.652958989,0.316416413,-0.0011434484,0.642835379,0.331078172,-0.0039061252,0.641461492,0.345271856,-0.00480147684,0.685479999,0.328214198,-0.00412358483,0.661328733,0.326391697,-0.00568868825,0.654331744,0.339183599,-0.00494714966,0.655225217,0.352168798,-0.00360195758
1790262137.4497237,1243,15.95,0,0,5,FORWARD,hold,svm,1,0,0,gesture,DOWN,NOHAND,ground,0,,87.0,10.0,1,0.00589340309053199,0.10832063670492362,0.725215435,0.396251321,-1.00400506e-07,0.689459145,0.381550282,0.00759379612,0.666961908,0.360417038,0.0113113644,0.651408434,0.346750259,0.0115689877,0.642011881,0.332757831,0.01199752,0.669943988,0.332520068,0.0163645819,0.647810817,0.32039693,0.0129943993,0.635250568,0.326206386,0.0090815872,0.62972635,0.335495889,0.00713975495,0.673237979,0.327608764,0.00987884402,0.648443878,0.315068364,0.00669512386,0.637149394,0.326983452,0.00210652617,0.634512782,0.339174926,-0.000136158676,0.678936481,0.325140208,0.00267083291,0.652958989,0.316416413,-0.0011434484,0.642835379,0.331078172,-0.0039061252,0.641461492,0.345271856,-0.00480147684,0.685479999,0.328214198,-0.00412358483,0.661328733,0.326391697,-0.00568868825,0.654331744,0.339183599,-0.00494714966,0.655225217,0.352168798,-0.00360195758
1790262137.5834317,1246,16.95,0,0,5,FORWARD,hold,svm,1,0,0,gesture,DOWN,NOHAND,ground,0,,87.0,10.0,1,0.00589340309053199,0.10832063670492362,0.725215435,0.396251321,-1.00400506e-07,0.689459145,0.381550282,0.00759379612,0.666961908,0.360417038,0.0113113644,0.651408434,0.346750259,0.0115689877,0.642011881,0.332757831,0.01199752,0.669943988,0.332520068,0.0163645819,0.647810817,0.32039693,0.0129943993,0.635250568,0.326206386,0.0090815872,0.62972635,0.335495889,0.00713975495,0.673237979,0.327608764,0.00987884402,0.648443878,0.315068364,0.00669512386,0.637149394,0.326983452,0.00210652617,0.634512782,0.339174926,-0.000136158676,0.678936481,0.325140208,0.00267083291,0.652958989,0.316416413,-0.0011434484,0.642835379,0.331078172,-0.0039061252,0.641461492,0.345271856,-0.00480147684,0.685479999,0.328214198,-0.00412358483,0.661328733,0.326391697,-0.00568868825,0.654331744,0.339183599,-0.00494714966,0.655225217,0.352168798,-0.00360195758
1790262137.604376,1247,3.99,0,0,5,FORWARD,hold,svm,1,0,0,gesture,DOWN,NOHAND,ground,0,,87.0,0.0,1,0.00589340309053199,0.10832063670492362,0.725215435,0.396251321,-1.00400506e-07,0.689459145,0.381550282,0.00759379612,0.666961908,0.360417038,0.0113113644,0.651408434,0.346750259,0.0115689877,0.642011881,0.332757831,0.01199752,0.669943988,0.332520068,0.0163645819,0.647810817,0.32039693,0.0129943993,0.635250568,0.326206386,0.0090815872,0.62972635,0.335495889,0.00713975495,0.673237979,0.327608764,0.00987884402,0.648443878,0.315068364,0.00669512386,0.637149394,0.326983452,0.00210652617,0.634512782,0.339174926,-0.000136158676,0.678936481,0.325140208,0.00267083291,0.652958989,0.316416413,-0.0011434484,0.642835379,0.331078172,-0.0039061252,0.641461492,0.345271856,-0.00480147684,0.685479999,0.328214198,-0.00412358483,0.661328733,0.326391697,-0.00568868825,0.654331744,0.339183599,-0.00494714966,0.655225217,0.352168798,-0.00360195758
1790262137.7278278,1249,29.58,0,0,5,FORWARD,hold,svm,1,0,0,gesture,DOWN,NOHAND,ground,0,,87.0,0.0,1,0.00589340309053199,0.10832063670492362,0.725215435,0.396251321,-1.00400506e-07,0.689459145,0.381550282,0.00759379612,0.666961908,0.360417038,0.0113113644,0.651408434,0.346750259,0.0115689877,0.642011881,0.332757831,0.01199752,0.669943988,0.332520068,0.0163645819,0.647810817,0.32039693,0.0129943993,0.635250568,0.326206386,0.0090815872,0.62972635,0.335495889,0.00713975495,0.673237979,0.327608764,0.00987884402,0.648443878,0.315068364,0.00669512386,0.637149394,0.326983452,0.00210652617,0.634512782,0.339174926,-0.000136158676,0.678936481,0.325140208,0.00267083291,0.652958989,0.316416413,-0.0011434484,0.642835379,0.331078172,-0.0039061252,0.641461492,0.345271856,-0.00480147684,0.685479999,0.328214198,-0.00412358483,0.661328733,0.326391697,-0.00568868825,0.654331744,0.339183599,-0.00494714966,0.655225217,0.352168798,-0.00360195758
1790262137.7497666,1250,14.96,0,0,5,FORWARD,hold,svm,1,0,0,gesture,DOWN,NOHAND,ground,0,,87.0,0.0,1,0.00589340309053199,0.10832063670492362,0.725215435,0.396251321,-1.00400506e-07,0.689459145,0.381550282,0.00759379612,0.666961908,0.360417038,0.0113113644,0.651408434,0.346750259,0.0115689877,0.642011881,0.332757831,0.01199752,0.669943988,0.332520068,0.0163645819,0.647810817,0.32039693,0.0129943993,0.635250568,0.326206386,0.0090815872,0.62972635,0.335495889,0.00713975495,0.673237979,0.327608764,0.00987884402,0.648443878,0.315068364,0.00669512386,0.637149394,0.326983452,0.00210652617,0.634512782,0.339174926,-0.000136158676,0.678936481,0.325140208,0.00267083291,0.652958989,0.316416413,-0.0011434484,0.642835379,0.331078172,-0.0039061252,0.641461492,0.345271856,-0.00480147684,0.685479999,0.328214198,-0.00412358483,0.661328733,0.326391697,-0.00568868825,0.654331744,0.339183599,-0.00494714966,0.655225217,0.352168798,-0.00360195758
1790262137.8661077,1252,30.21,0,0,5,FORWARD,hold,svm,1,0,0,gesture,DOWN,NOHAND,ground,0,,87.0,0.0,1,0.00589340309053199,0.10832063670492362,0.725215435,0.396251321,-1.00400506e-07,0.689459145,0.381550282,0.00759379612,0.666961908,0.360417038,0.0113113644,0.651408434,0.346750259,0.0115689877,0.642011881,0.332757831,0.01199752,0.669943988,0.332520068,0.0163645819,0.647810817,0.32039693,0.0129943993,0.635250568,0.326206386,0.0090815872,0.62972635,0.335495889,0.00713975495,0.673237979,0.327608764,0.00987884402,0.648443878,0.315068364,0.00669512386,0.637149394,0.326983452,0.00210652617,0.634512782,0.339174926,-0.000136158676,0.678936481,0.325140208,0.00267083291,0.652958989,0.316416413,-0.0011434484,0.642835379,0.331078172,-0.0039061252,0.641461492,0.345271856,-0.00480147684,0.685479999,0.328214198,-0.00412358483,0.661328733,0.326391697,-0.00568868825,0.654331744,0.339183599,-0.00494714966,0.655225217,0.352168798,-0.00360195758
1790262137.888814,1253,19.72,0,0,5,FORWARD,hold,svm,1,0,0,gesture,DOWN,NOHAND,ground,0,,87.0,0.0,1,0.00589340309053199,0.10832063670492362,0.725215435,0.396251321,-1.00400506e-07,0.689459145,0.381550282,0.00759379612,0.666961908,0.360417038,0.0113113644,0.651408434,0.346750259,0.0115689877,0.642011881,0.332757831,0.01199752,0.669943988,0.332520068,0.0163645819,0.647810817,0.32039693,0.0129943993,0.635250568,0.326206386,0.0090815872,0.62972635,0.335495889,0.00713975495,0.673237979,0.327608764,0.00987884402,0.648443878,0.315068364,0.00669512386,0.637149394,0.326983452,0.00210652617,0.634512782,0.339174926,-0.000136158676,0.678936481,0.325140208,0.00267083291,0.652958989,0.316416413,-0.0011434484,0.642835379,0.331078172,-0.0039061252,0.641461492,0.345271856,-0.00480147684,0.685479999,0.328214198,-0.00412358483,0.661328733,0.326391697,-0.00568868825,0.654331744,0.339183599,-0.00494714966,0.655225217,0.352168798,-0.00360195758
1790262138.017208,1256,18.93,0,0,5,FORWARD,hold,svm,1,0,0,gesture,DOWN,NOHAND,ground,0,,87.0,0.0,1,0.00589340309053199,0.10832063670492362,0.725215435,0.396251321,-1.00400506e-07,0.689459145,0.381550282,0.00759379612,0.666961908,0.360417038,0.0113113644,0.651408434,0.346750259,0.0115689877,0.642011881,0.332757831,0.01199752,0.669943988,0.332520068,0.0163645819,0.647810817,0.32039693,0.0129943993,0.635250568,0.326206386,0.0090815872,0.62972635,0.335495889,0.00713975495,0.673237979,0.327608764,0.00987884402,0.648443878,0.315068364,0.00669512386,0.637149394,0.326983452,0.00210652617,0.634512782,0.339174926,-0.000136158676,0.678936481,0.325140208,0.00267083291,0.652958989,0.316416413,-0.0011434484,0.642835379,0.331078172,-0.0039061252,0.641461492,0.345271856,-0.00480147684,0.685479999,0.328214198,-0.00412358483,0.661328733,0.326391697,-0.00568868825,0.654331744,0.339183599,-0.00494714966,0.655225217,0.352168798,-0.00360195758
1790262138.0382175,1257,10.04,0,0,5,FORWARD,hold,svm,1,0,0,hover,DOWN,HOVER,ground,0,,87.0,0.0,1,0.00589340309053199,0.10832063670492362,0.725215435,0.396251321,-1.00400506e-07,0.689459145,0.381550282,0.00759379612,0.666961908,0.360417038,0.0113113644,0.651408434,0.346750259,0.0115689877,0.642011881,0.332757831,0.01199752,0.669943988,0.332520068,0.0163645819,0.647810817,0.32039693,0.0129943993,0.635250568,0.326206386,0.0090815872,0.62972635,0.335495889,0.00713975495,0.673237979,0.327608764,0.00987884402,0.648443878,0.315068364,0.00669512386,0.637149394,0.326983452,0.00210652617,0.634512782,0.339174926,-0.000136158676,0.678936481,0.325140208,0.00267083291,0.652958989,0.316416413,-0.0011434484,0.642835379,0.331078172,-0.0039061252,0.641461492,0.345271856,-0.00480147684,0.685479999,0.328214198,-0.00412358483,0.661328733,0.326391697,-0.00568868825,0.654331744,0.339183599,-0.00494714966,0.655225217,0.352168798,-0.00360195758
1790262138.2049315,1261,8.98,0,0,5,FORWARD,hold,svm,1,0,0,hover,DOWN,HOVER,ground,0,,87.0,0.0,1,0.00589340309053199,0.10832063670492362,0.725215435,0.396251321,-1.00400506e-07,0.689459145,0.381550282,0.00759379612,0.666961908,0.360417038,0.0113113644,0.651408434,0.346750259,0.0115689877,0.642011881,0.332757831,0.01199752,0.669943988,0.332520068,0.0163645819,0.647810817,0.32039693,0.0129943993,0.635250568,0.326206386,0.0090815872,0.62972635,0.335495889,0.00713975495,0.673237979,0.327608764,0.00987884402,0.648443878,0.315068364,0.00669512386,0.637149394,0.326983452,0.00210652617,0.634512782,0.339174926,-0.000136158676,0.678936481,0.325140208,0.00267083291,0.652958989,0.316416413,-0.0011434484,0.642835379,0.331078172,-0.0039061252,0.641461492,0.345271856,-0.00480147684,0.685479999,0.328214198,-0.00412358483,0.661328733,0.326391697,-0.00568868825,0.654331744,0.339183599,-0.00494714966,0.655225217,0.352168798,-0.00360195758
1790262138.2298634,1262,2.0,0,0,5,FORWARD,hold,svm,0,0,0,hover,DOWN,HOVER,ground,0,,87.0,0.0,1,0.00589340309053199,0.10832063670492362,,,,,,,,,,,,,,,,,,,,,,,,,,,,,,,,,,,,,,,,,,,,,,,,,,,,,,,,,,,,,,,
1790262138.3116918,1264,4.99,0,0,5,FORWARD,hold,svm,0,0,0,hover,DOWN,HOVER,ground,0,,87.0,0.0,1,0.00589340309053199,0.10832063670492362,,,,,,,,,,,,,,,,,,,,,,,,,,,,,,,,,,,,,,,,,,,,,,,,,,,,,,,,,,,,,,,
1790262138.366546,1265,2.0,0,0,5,FORWARD,hold,svm,0,0,0,hover,DOWN,HOVER,ground,0,,87.0,0.0,1,0.00589340309053199,0.10832063670492362,,,,,,,,,,,,,,,,,,,,,,,,,,,,,,,,,,,,,,,,,,,,,,,,,,,,,,,,,,,,,,,
1790262138.4025733,1266,5.98,0,0,5,FORWARD,hold,svm,0,0,0,hover,DOWN,HOVER,ground,0,,87.0,0.0,1,0.00589340309053199,0.10832063670492362,,,,,,,,,,,,,,,,,,,,,,,,,,,,,,,,,,,,,,,,,,,,,,,,,,,,,,,,,,,,,,,
1790262138.429289,1267,1.0,0,0,5,FORWARD,hold,svm,0,0,0,hover,DOWN,HOVER,ground,0,,87.0,0.0,1,0.00589340309053199,0.10832063670492362,,,,,,,,,,,,,,,,,,,,,,,,,,,,,,,,,,,,,,,,,,,,,,,,,,,,,,,,,,,,,,,
1790262138.5000358,1268,3.31,0,0,5,FORWARD,hold,svm,0,0,0,hover,DOWN,HOVER,ground,0,,87.0,0.0,1,0.00589340309053199,0.10832063670492362,,,,,,,,,,,,,,,,,,,,,,,,,,,,,,,,,,,,,,,,,,,,,,,,,,,,,,,,,,,,,,,
1790262138.5301275,1269,1.99,0,0,5,FORWARD,hold,svm,0,0,0,hover,DOWN,HOVER,ground,0,,87.0,0.0,1,0.00589340309053199,0.10832063670492362,,,,,,,,,,,,,,,,,,,,,,,,,,,,,,,,,,,,,,,,,,,,,,,,,,,,,,,,,,,,,,,
1790262138.5699933,1270,5.98,0,0,5,FORWARD,hold,svm,0,0,0,hover,DOWN,HOVER,ground,0,,87.0,0.0,1,0.00589340309053199,0.10832063670492362,,,,,,,,,,,,,,,,,,,,,,,,,,,,,,,,,,,,,,,,,,,,,,,,,,,,,,,,,,,,,,,
1790262138.5966597,1271,1.0,0,0,5,FORWARD,hold,svm,0,0,0,hover,DOWN,HOVER,ground,0,,87.0,0.0,1,0.00589340309053199,0.10832063670492362,,,,,,,,,,,,,,,,,,,,,,,,,,,,,,,,,,,,,,,,,,,,,,,,,,,,,,,,,,,,,,,
1790262138.666278,1272,1.06,0,0,5,FORWARD,hold,svm,0,0,0,hover,DOWN,HOVER,ground,0,,87.0,0.0,1,0.00589340309053199,0.10832063670492362,,,,,,,,,,,,,,,,,,,,,,,,,,,,,,,,,,,,,,,,,,,,,,,,,,,,,,,,,,,,,,,
1790262138.6999917,1273,1.99,0,0,5,FORWARD,hold,svm,0,0,0,hover,DOWN,HOVER,ground,0,,87.0,0.0,1,0.00589340309053199,0.10832063670492362,,,,,,,,,,,,,,,,,,,,,,,,,,,,,,,,,,,,,,,,,,,,,,,,,,,,,,,,,,,,,,,
1790262138.7357674,1274,2.69,0,0,5,FORWARD,hold,svm,0,0,0,hover,DOWN,HOVER,ground,0,,87.0,0.0,1,0.00589340309053199,0.10832063670492362,,,,,,,,,,,,,,,,,,,,,,,,,,,,,,,,,,,,,,,,,,,,,,,,,,,,,,,,,,,,,,,
1790262138.7642562,1275,1.0,0,0,5,FORWARD,hold,svm,0,0,0,hover,DOWN,HOVER,ground,0,,87.0,0.0,1,0.00589340309053199,0.10832063670492362,,,,,,,,,,,,,,,,,,,,,,,,,,,,,,,,,,,,,,,,,,,,,,,,,,,,,,,,,,,,,,,
1790262138.8355799,1276,2.0,0,0,5,FORWARD,hold,svm,0,0,0,hover,DOWN,HOVER,ground,0,,87.0,0.0,1,0.00589340309053199,0.10832063670492362,,,,,,,,,,,,,,,,,,,,,,,,,,,,,,,,,,,,,,,,,,,,,,,,,,,,,,,,,,,,,,,
1790262138.8641257,1277,0.51,0,0,5,FORWARD,hold,svm,0,0,0,hover,DOWN,HOVER,ground,0,,87.0,0.0,1,0.00589340309053199,0.10832063670492362,,,,,,,,,,,,,,,,,,,,,,,,,,,,,,,,,,,,,,,,,,,,,,,,,,,,,,,,,,,,,,,
1790262138.9030194,1278,5.98,0,0,5,FORWARD,hold,svm,0,0,0,hover,DOWN,HOVER,ground,0,,87.0,0.0,1,0.00589340309053199,0.10832063670492362,,,,,,,,,,,,,,,,,,,,,,,,,,,,,,,,,,,,,,,,,,,,,,,,,,,,,,,,,,,,,,,
1790262138.9346085,1279,2.42,0,0,5,FORWARD,hold,svm,0,0,0,hover,DOWN,HOVER,ground,0,,87.0,0.0,1,0.00589340309053199,0.10832063670492362,,,,,,,,,,,,,,,,,,,,,,,,,,,,,,,,,,,,,,,,,,,,,,,,,,,,,,,,,,,,,,,
1790262139.001077,1280,1.97,0,0,5,FORWARD,hold,svm,0,0,0,hover,DOWN,HOVER,ground,0,,87.0,0.0,1,0.00589340309053199,0.10832063670492362,,,,,,,,,,,,,,,,,,,,,,,,,,,,,,,,,,,,,,,,,,,,,,,,,,,,,,,,,,,,,,,
1790262139.0353832,1281,3.0,0,0,5,FORWARD,hold,svm,0,0,0,hover,DOWN,HOVER,ground,0,,87.0,0.0,1,0.00589340309053199,0.10832063670492362,,,,,,,,,,,,,,,,,,,,,,,,,,,,,,,,,,,,,,,,,,,,,,,,,,,,,,,,,,,,,,,
1790262139.0757856,1282,8.98,0,0,5,FORWARD,hold,svm,0,0,0,hover,DOWN,HOVER,ground,0,,87.0,0.0,1,0.00589340309053199,0.10832063670492362,,,,,,,,,,,,,,,,,,,,,,,,,,,,,,,,,,,,,,,,,,,,,,,,,,,,,,,,,,,,,,,
1790262139.1044993,1283,3.38,0,0,5,FORWARD,hold,svm,0,0,0,hover,DOWN,HOVER,ground,0,,87.0,0.0,1,0.00589340309053199,0.10832063670492362,,,,,,,,,,,,,,,,,,,,,,,,,,,,,,,,,,,,,,,,,,,,,,,,,,,,,,,,,,,,,,,
1790262139.1681626,1284,1.99,0,0,5,FORWARD,hold,svm,0,0,0,hover,DOWN,HOVER,ground,0,,87.0,0.0,1,0.00589340309053199,0.10832063670492362,,,,,,,,,,,,,,,,,,,,,,,,,,,,,,,,,,,,,,,,,,,,,,,,,,,,,,,,,,,,,,,
1790262139.202072,1285,2.99,0,0,5,FORWARD,hold,svm,0,0,0,hover,DOWN,HOVER,ground,0,,87.0,0.0,1,0.00589340309053199,0.10832063670492362,,,,,,,,,,,,,,,,,,,,,,,,,,,,,,,,,,,,,,,,,,,,,,,,,,,,,,,,,,,,,,,
1790262139.240642,1286,7.98,0,0,5,FORWARD,hold,svm,0,0,0,hover,DOWN,HOVER,ground,0,,87.0,0.0,1,0.00589340309053199,0.10832063670492362,,,,,,,,,,,,,,,,,,,,,,,,,,,,,,,,,,,,,,,,,,,,,,,,,,,,,,,,,,,,,,,
1790262139.267355,1287,1.99,0,0,5,FORWARD,hold,svm,0,0,0,hover,DOWN,HOVER,ground,0,,87.0,0.0,1,0.00589340309053199,0.10832063670492362,,,,,,,,,,,,,,,,,,,,,,,,,,,,,,,,,,,,,,,,,,,,,,,,,,,,,,,,,,,,,,,
1790262139.3102396,1288,2.98,0,0,5,FORWARD,hold,svm,0,0,0,hover,DOWN,HOVER,ground,0,,87.0,0.0,1,0.00589340309053199,0.10832063670492362,,,,,,,,,,,,,,,,,,,,,,,,,,,,,,,,,,,,,,,,,,,,,,,,,,,,,,,,,,,,,,,
1790262139.3651066,1289,1.0,0,0,5,FORWARD,hold,svm,0,0,0,hover,DOWN,HOVER,ground,0,,87.0,0.0,1,0.00589340309053199,0.10832063670492362,,,,,,,,,,,,,,,,,,,,,,,,,,,,,,,,,,,,,,,,,,,,,,,,,,,,,,,,,,,,,,,
1790262139.4040017,1290,4.99,0,0,5,FORWARD,hold,svm,0,0,0,hover,DOWN,HOVER,ground,0,,87.0,0.0,1,0.00589340309053199,0.10832063670492362,,,,,,,,,,,,,,,,,,,,,,,,,,,,,,,,,,,,,,,,,,,,,,,,,,,,,,,,,,,,,,,
1790262139.4361782,1291,2.0,0,0,5,FORWARD,hold,svm,0,0,0,hover,DOWN,HOVER,ground,0,,87.0,0.0,1,0.00589340309053199,0.10832063670492362,,,,,,,,,,,,,,,,,,,,,,,,,,,,,,,,,,,,,,,,,,,,,,,,,,,,,,,,,,,,,,,
1790262139.501057,1292,2.99,0,0,5,FORWARD,hold,svm,1,0,0,hover,DOWN,HOVER,ground,0,,87.0,0.0,1,0.00589340309053199,0.10832063670492362,,,,,,,,,,,,,,,,,,,,,,,,,,,,,,,,,,,,,,,,,,,,,,,,,,,,,,,,,,,,,,,
1790262139.536203,1293,2.99,0,0,5,FORWARD,hold,svm,1,0,0,hover,DOWN,HOVER,ground,0,,87.0,0.0,1,0.00589340309053199,0.10832063670492362,,,,,,,,,,,,,,,,,,,,,,,,,,,,,,,,,,,,,,,,,,,,,,,,,,,,,,,,,,,,,,,
1790262139.6144726,1295,12.25,0,0,5,FORWARD,hold,svm,1,0,0,hover,DOWN,HOVER,ground,0,,87.0,0.0,1,0.00589340309053199,0.10832063670492362,,,,,,,,,,,,,,,,,,,,,,,,,,,,,,,,,,,,,,,,,,,,,,,,,,,,,,,,,,,,,,,
1790262139.6673677,1296,1.03,0,0,5,FORWARD,hold,svm,1,0,0,hover,DOWN,HOVER,ground,0,,87.0,0.0,1,0.00589340309053199,0.10832063670492362,,,,,,,,,,,,,,,,,,,,,,,,,,,,,,,,,,,,,,,,,,,,,,,,,,,,,,,,,,,,,,,
1790262139.7359555,1298,3.54,0,0,5,FORWARD,hold,svm,1,0,0,hover,DOWN,HOVER,ground,0,,87.0,0.0,1,0.00589340309053199,0.10832063670492362,,,,,,,,,,,,,,,,,,,,,,,,,,,,,,,,,,,,,,,,,,,,,,,,,,,,,,,,,,,,,,,
1790262139.771859,1299,3.02,0,0,5,FORWARD,hold,svm,1,0,0,hover,DOWN,HOVER,ground,0,,87.0,0.0,1,0.00589340309053199,0.10832063670492362,,,,,,,,,,,,,,,,,,,,,,,,,,,,,,,,,,,,,,,,,,,,,,,,,,,,,,,,,,,,,,,
1790262139.8465612,1300,10.02,0,0,5,FORWARD,hold,svm,1,0,0,hover,DOWN,HOVER,ground,0,,87.0,0.0,1,0.00589340309053199,0.10832063670492362,,,,,,,,,,,,,,,,,,,,,,,,,,,,,,,,,,,,,,,,,,,,,,,,,,,,,,,,,,,,,,,
1790262139.8710103,1301,2.51,0,0,5,FORWARD,hold,svm,0,0,0,hover,DOWN,HOVER,ground,0,,87.0,0.0,1,0.00589340309053199,0.10832063670492362,,,,,,,,,,,,,,,,,,,,,,,,,,,,,,,,,,,,,,,,,,,,,,,,,,,,,,,,,,,,,,,
1790262139.9227116,1302,20.28,0,0,5,FORWARD,hold,svm,0,0,0,hover,DOWN,HOVER,ground,0,,87.0,0.0,1,0.00589340309053199,0.10832063670492362,,,,,,,,,,,,,,,,,,,,,,,,,,,,,,,,,,,,,,,,,,,,,,,,,,,,,,,,,,,,,,,
1790262139.9366753,1303,1.99,0,0,5,FORWARD,hold,svm,0,0,0,hover,DOWN,HOVER,ground,0,,87.0,0.0,1,0.00589340309053199,0.10832063670492362,,,,,,,,,,,,,,,,,,,,,,,,,,,,,,,,,,,,,,,,,,,,,,,,,,,,,,,,,,,,,,,
1790262140.0031528,1304,2.99,0,0,5,FORWARD,hold,svm,1,0,0,hover,DOWN,HOVER,ground,0,,87.0,0.0,1,0.00589340309053199,0.10832063670492362,,,,,,,,,,,,,,,,,,,,,,,,,,,,,,,,,,,,,,,,,,,,,,,,,,,,,,,,,,,,,,,
1790262140.0356703,1305,3.02,0,0,5,FORWARD,hold,svm,0,0,0,hover,DOWN,HOVER,ground,0,,87.0,0.0,1,0.00589340309053199,0.10832063670492362,,,,,,,,,,,,,,,,,,,,,,,,,,,,,,,,,,,,,,,,,,,,,,,,,,,,,,,,,,,,,,,
1790262140.087105,1306,12.97,0,0,5,FORWARD,hold,svm,0,0,0,hover,DOWN,HOVER,ground,0,,87.0,0.0,1,0.00589340309053199,0.10832063670492362,,,,,,,,,,,,,,,,,,,,,,,,,,,,,,,,,,,,,,,,,,,,,,,,,,,,,,,,,,,,,,,
1790262140.0985014,1307,1.82,0,0,5,FORWARD,hold,svm,0,0,0,hover,DOWN,HOVER,ground,0,,87.0,0.0,1,0.00589340309053199,0.10832063670492362,,,,,,,,,,,,,,,,,,,,,,,,,,,,,,,,,,,,,,,,,,,,,,,,,,,,,,,,,,,,,,,
1790262140.1656265,1308,2.03,0,0,5,FORWARD,hold,svm,0,0,0,hover,DOWN,HOVER,ground,0,,87.0,0.0,1,0.00589340309053199,0.10832063670492362,,,,,,,,,,,,,,,,,,,,,,,,,,,,,,,,,,,,,,,,,,,,,,,,,,,,,,,,,,,,,,,
1790262140.2025793,1309,3.37,0,0,5,FORWARD,hold,svm,0,0,0,hover,DOWN,HOVER,ground,0,,87.0,0.0,1,0.00589340309053199,0.10832063670492362,,,,,,,,,,,,,,,,,,,,,,,,,,,,,,,,,,,,,,,,,,,,,,,,,,,,,,,,,,,,,,,
1790262140.2349572,1310,5.94,0,0,5,FORWARD,hold,svm,0,0,0,hover,DOWN,HOVER,ground,0,,87.0,0.0,1,0.00589340309053199,0.10832063670492362,,,,,,,,,,,,,,,,,,,,,,,,,,,,,,,,,,,,,,,,,,,,,,,,,,,,,,,,,,,,,,,
1790262140.2648978,1311,1.0,0,0,5,FORWARD,hold,svm,0,0,0,hover,DOWN,HOVER,ground,0,,87.0,0.0,1,0.00589340309053199,0.10832063670492362,,,,,,,,,,,,,,,,,,,,,,,,,,,,,,,,,,,,,,,,,,,,,,,,,,,,,,,,,,,,,,,
1790262140.3090909,1312,2.84,0,0,5,FORWARD,hold,svm,0,0,0,hover,DOWN,HOVER,ground,0,,87.0,0.0,1,0.00589340309053199,0.10832063670492362,,,,,,,,,,,,,,,,,,,,,,,,,,,,,,,,,,,,,,,,,,,,,,,,,,,,,,,,,,,,,,,
1790262140.3672888,1313,3.03,0,0,5,FORWARD,hold,svm,0,0,0,hover,DOWN,HOVER,ground,0,,87.0,0.0,1,0.00589340309053199,0.10832063670492362,,,,,,,,,,,,,,,,,,,,,,,,,,,,,,,,,,,,,,,,,,,,,,,,,,,,,,,,,,,,,,,
1790262140.4221635,1314,28.97,0,0,5,FORWARD,hold,svm,0,0,0,hover,DOWN,HOVER,ground,0,,87.0,0.0,1,0.00589340309053199,0.10832063670492362,,,,,,,,,,,,,,,,,,,,,,,,,,,,,,,,,,,,,,,,,,,,,,,,,,,,,,,,,,,,,,,
1790262140.4291446,1315,1.0,0,0,5,FORWARD,hold,svm,0,0,0,hover,DOWN,HOVER,ground,0,,87.0,0.0,1,0.00589340309053199,0.10832063670492362,,,,,,,,,,,,,,,,,,,,,,,,,,,,,,,,,,,,,,,,,,,,,,,,,,,,,,,,,,,,,,,
1790262140.5007079,1316,2.99,0,0,5,FORWARD,hold,svm,0,0,0,hover,DOWN,HOVER,ground,0,,87.0,0.0,1,0.00589340309053199,0.10832063670492362,,,,,,,,,,,,,,,,,,,,,,,,,,,,,,,,,,,,,,,,,,,,,,,,,,,,,,,,,,,,,,,
1790262140.5315745,1317,2.99,0,0,5,FORWARD,hold,svm,0,0,0,hover,DOWN,HOVER,ground,0,,87.0,0.0,1,0.00589340309053199,0.10832063670492362,,,,,,,,,,,,,,,,,,,,,,,,,,,,,,,,,,,,,,,,,,,,,,,,,,,,,,,,,,,,,,,
1790262140.569022,1318,9.01,0,0,5,FORWARD,hold,svm,0,0,0,hover,DOWN,HOVER,ground,0,,87.0,0.0,1,0.00589340309053199,0.10832063670492362,,,,,,,,,,,,,,,,,,,,,,,,,,,,,,,,,,,,,,,,,,,,,,,,,,,,,,,,,,,,,,,
1790262140.6005607,1319,2.35,0,0,5,FORWARD,hold,svm,0,0,0,hover,DOWN,HOVER,ground,0,,87.0,0.0,1,0.00589340309053199,0.10832063670492362,,,,,,,,,,,,,,,,,,,,,,,,,,,,,,,,,,,,,,,,,,,,,,,,,,,,,,,,,,,,,,,
1790262140.6621907,1320,1.0,0,0,5,FORWARD,hold,svm,0,0,0,hover,DOWN,HOVER,ground,0,,87.0,0.0,1,0.00589340309053199,0.10832063670492362,,,,,,,,,,,,,,,,,,,,,,,,,,,,,,,,,,,,,,,,,,,,,,,,,,,,,,,,,,,,,,,
1790262140.7012215,1321,2.73,0,0,5,FORWARD,hold,svm,0,0,0,hover,DOWN,HOVER,ground,0,,87.0,0.0,1,0.00589340309053199,0.10832063670492362,,,,,,,,,,,,,,,,,,,,,,,,,,,,,,,,,,,,,,,,,,,,,,,,,,,,,,,,,,,,,,,
1790262140.7314384,1322,3.0,0,0,5,FORWARD,hold,svm,0,0,0,hover,DOWN,HOVER,ground,0,,87.0,0.0,1,0.00589340309053199,0.10832063670492362,,,,,,,,,,,,,,,,,,,,,,,,,,,,,,,,,,,,,,,,,,,,,,,,,,,,,,,,,,,,,,,
1790262140.767375,1323,2.01,0,0,5,FORWARD,hold,svm,0,0,0,hover,DOWN,HOVER,ground,0,,87.0,0.0,1,0.00589340309053199,0.10832063670492362,,,,,,,,,,,,,,,,,,,,,,,,,,,,,,,,,,,,,,,,,,,,,,,,,,,,,,,,,,,,,,,
1790262140.8321447,1324,3.02,0,0,5,FORWARD,hold,svm,0,0,0,hover,DOWN,HOVER,ground,0,,87.0,0.0,1,0.00589340309053199,0.10832063670492362,,,,,,,,,,,,,,,,,,,,,,,,,,,,,,,,,,,,,,,,,,,,,,,,,,,,,,,,,,,,,,,
1790262140.865541,1325,1.99,0,0,5,FORWARD,hold,svm,0,0,0,hover,DOWN,HOVER,ground,0,,87.0,0.0,1,0.00589340309053199,0.10832063670492362,,,,,,,,,,,,,,,,,,,,,,,,,,,,,,,,,,,,,,,,,,,,,,,,,,,,,,,,,,,,,,,
1790262140.8979635,1326,3.99,0,0,5,FORWARD,hold,svm,0,0,0,hover,DOWN,HOVER,ground,0,,87.0,0.0,1,0.00589340309053199,0.10832063670492362,,,,,,,,,,,,,,,,,,,,,,,,,,,,,,,,,,,,,,,,,,,,,,,,,,,,,,,,,,,,,,,
1790262140.930141,1327,1.11,0,0,5,FORWARD,hold,svm,0,0,0,hover,DOWN,HOVER,ground,0,,87.0,0.0,1,0.00589340309053199,0.10832063670492362,,,,,,,,,,,,,,,,,,,,,,,,,,,,,,,,,,,,,,,,,,,,,,,,,,,,,,,,,,,,,,,
1790262140.9976764,1328,1.0,0,0,5,FORWARD,hold,svm,0,0,0,hover,DOWN,HOVER,ground,0,,87.0,0.0,1,0.00589340309053199,0.10832063670492362,,,,,,,,,,,,,,,,,,,,,,,,,,,,,,,,,,,,,,,,,,,,,,,,,,,,,,,,,,,,,,,
1790262141.0285926,1329,1.99,0,0,5,FORWARD,hold,svm,0,0,0,hover,DOWN,HOVER,ground,0,,87.0,0.0,1,0.00589340309053199,0.10832063670492362,,,,,,,,,,,,,,,,,,,,,,,,,,,,,,,,,,,,,,,,,,,,,,,,,,,,,,,,,,,,,,,
1790262141.0672784,1330,5.24,0,0,5,FORWARD,hold,svm,0,0,0,hover,DOWN,HOVER,ground,0,,87.0,0.0,1,0.00589340309053199,0.10832063670492362,,,,,,,,,,,,,,,,,,,,,,,,,,,,,,,,,,,,,,,,,,,,,,,,,,,,,,,,,,,,,,,
1790262141.1007028,1331,2.99,0,0,5,FORWARD,hold,svm,0,0,0,hover,DOWN,HOVER,ground,0,,87.0,0.0,1,0.00589340309053199,0.10832063670492362,,,,,,,,,,,,,,,,,,,,,,,,,,,,,,,,,,,,,,,,,,,,,,,,,,,,,,,,,,,,,,,
1790262141.1630359,1332,1.0,0,0,5,FORWARD,hold,svm,0,0,0,hover,DOWN,HOVER,ground,0,,87.0,0.0,1,0.00589340309053199,0.10832063670492362,,,,,,,,,,,,,,,,,,,,,,,,,,,,,,,,,,,,,,,,,,,,,,,,,,,,,,,,,,,,,,,
1790262141.2000844,1333,2.99,0,0,5,FORWARD,hold,svm,0,0,0,hover,DOWN,HOVER,ground,0,,87.0,0.0,1,0.00589340309053199,0.10832063670492362,,,,,,,,,,,,,,,,,,,,,,,,,,,,,,,,,,,,,,,,,,,,,,,,,,,,,,,,,,,,,,,
1790262141.233214,1334,5.98,0,0,5,FORWARD,hold,svm,0,0,0,hover,DOWN,HOVER,ground,0,,87.0,0.0,1,0.00589340309053199,0.10832063670492362,,,,,,,,,,,,,,,,,,,,,,,,,,,,,,,,,,,,,,,,,,,,,,,,,,,,,,,,,,,,,,,
1790262141.261824,1335,0.96,0,0,5,FORWARD,hold,svm,0,0,0,hover,DOWN,HOVER,ground,0,,87.0,0.0,1,0.00589340309053199,0.10832063670492362,,,,,,,,,,,,,,,,,,,,,,,,,,,,,,,,,,,,,,,,,,,,,,,,,,,,,,,,,,,,,,,
1790262141.3096957,1336,2.99,0,0,5,FORWARD,hold,svm,0,0,0,hover,DOWN,HOVER,ground,0,,87.0,0.0,1,0.00589340309053199,0.10832063670492362,,,,,,,,,,,,,,,,,,,,,,,,,,,,,,,,,,,,,,,,,,,,,,,,,,,,,,,,,,,,,,,
1790262141.3649607,1337,2.03,0,0,5,FORWARD,hold,svm,0,0,0,hover,DOWN,HOVER,ground,0,,87.0,0.0,1,0.00589340309053199,0.10832063670492362,,,,,,,,,,,,,,,,,,,,,,,,,,,,,,,,,,,,,,,,,,,,,,,,,,,,,,,,,,,,,,,
1790262141.4028301,1338,8.97,0,0,5,FORWARD,hold,svm,0,0,0,hover,DOWN,HOVER,ground,0,,87.0,0.0,1,0.00589340309053199,0.10832063670492362,,,,,,,,,,,,,,,,,,,,,,,,,,,,,,,,,,,,,,,,,,,,,,,,,,,,,,,,,,,,,,,
1790262141.4369226,1339,3.99,0,0,5,FORWARD,hold,svm,0,0,0,hover,DOWN,HOVER,ground,0,,87.0,0.0,1,0.00589340309053199,0.10832063670492362,,,,,,,,,,,,,,,,,,,,,,,,,,,,,,,,,,,,,,,,,,,,,,,,,,,,,,,,,,,,,,,
1790262141.4967635,1340,1.99,0,0,5,FORWARD,hold,svm,0,0,0,hover,DOWN,HOVER,ground,0,,87.0,0.0,1,0.00589340309053199,0.10832063670492362,,,,,,,,,,,,,,,,,,,,,,,,,,,,,,,,,,,,,,,,,,,,,,,,,,,,,,,,,,,,,,,
1790262141.5326674,1341,2.99,0,0,5,FORWARD,hold,svm,0,0,0,hover,DOWN,HOVER,ground,0,,87.0,0.0,1,0.00589340309053199,0.10832063670492362,,,,,,,,,,,,,,,,,,,,,,,,,,,,,,,,,,,,,,,,,,,,,,,,,,,,,,,,,,,,,,,
1790262141.5705657,1342,7.98,0,0,5,FORWARD,hold,svm,0,0,0,hover,DOWN,HOVER,ground,0,,87.0,0.0,1,0.00589340309053199,0.10832063670492362,,,,,,,,,,,,,,,,,,,,,,,,,,,,,,,,,,,,,,,,,,,,,,,,,,,,,,,,,,,,,,,
1790262141.5994108,1343,2.99,0,0,5,FORWARD,hold,svm,0,0,0,hover,DOWN,HOVER,ground,0,,87.0,0.0,1,0.00589340309053199,0.10832063670492362,,,,,,,,,,,,,,,,,,,,,,,,,,,,,,,,,,,,,,,,,,,,,,,,,,,,,,,,,,,,,,,
1790262141.6647115,1344,2.99,0,0,5,FORWARD,hold,svm,0,0,0,hover,DOWN,HOVER,ground,0,,87.0,0.0,1,0.00589340309053199,0.10832063670492362,,,,,,,,,,,,,,,,,,,,,,,,,,,,,,,,,,,,,,,,,,,,,,,,,,,,,,,,,,,,,,,
1790262141.7007067,1345,3.99,0,0,5,FORWARD,hold,svm,0,0,0,hover,DOWN,HOVER,ground,0,,87.0,0.0,1,0.00589340309053199,0.10832063670492362,,,,,,,,,,,,,,,,,,,,,,,,,,,,,,,,,,,,,,,,,,,,,,,,,,,,,,,,,,,,,,,
1790262141.7327564,1346,6.98,0,0,5,FORWARD,hold,svm,0,0,0,hover,DOWN,HOVER,ground,0,,87.0,0.0,1,0.00589340309053199,0.10832063670492362,,,,,,,,,,,,,,,,,,,,,,,,,,,,,,,,,,,,,,,,,,,,,,,,,,,,,,,,,,,,,,,
1790262141.7646725,1347,1.0,0,0,5,FORWARD,hold,svm,0,0,0,hover,DOWN,HOVER,ground,0,,87.0,0.0,1,0.00589340309053199,0.10832063670492362,,,,,,,,,,,,,,,,,,,,,,,,,,,,,,,,,,,,,,,,,,,,,,,,,,,,,,,,,,,,,,,
1790262141.8317897,1348,2.99,0,0,5,FORWARD,hold,svm,0,0,0,hover,DOWN,HOVER,ground,0,,87.0,0.0,1,0.00589340309053199,0.10832063670492362,,,,,,,,,,,,,,,,,,,,,,,,,,,,,,,,,,,,,,,,,,,,,,,,,,,,,,,,,,,,,,,
1790262141.862707,1349,1.0,0,0,5,FORWARD,hold,svm,0,0,0,hover,DOWN,HOVER,ground,0,,87.0,0.0,1,0.00589340309053199,0.10832063670492362,,,,,,,,,,,,,,,,,,,,,,,,,,,,,,,,,,,,,,,,,,,,,,,,,,,,,,,,,,,,,,,
1790262141.9015937,1350,2.99,0,0,5,FORWARD,hold,svm,0,0,0,hover,DOWN,HOVER,ground,0,,87.0,0.0,1,0.00589340309053199,0.10832063670492362,,,,,,,,,,,,,,,,,,,,,,,,,,,,,,,,,,,,,,,,,,,,,,,,,,,,,,,,,,,,,,,
1790262141.9309237,1351,1.0,0,0,5,FORWARD,hold,svm,0,0,0,hover,DOWN,HOVER,ground,0,,87.0,0.0,1,0.00589340309053199,0.10832063670492362,,,,,,,,,,,,,,,,,,,,,,,,,,,,,,,,,,,,,,,,,,,,,,,,,,,,,,,,,,,,,,,
1790262141.9993396,1352,2.99,0,0,5,FORWARD,hold,svm,0,0,0,hover,DOWN,HOVER,ground,0,,87.0,0.0,1,0.00589340309053199,0.10832063670492362,,,,,,,,,,,,,,,,,,,,,,,,,,,,,,,,,,,,,,,,,,,,,,,,,,,,,,,,,,,,,,,
1790262142.0297751,1353,1.0,0,0,5,FORWARD,hold,svm,0,0,0,hover,DOWN,HOVER,ground,0,,87.0,0.0,1,0.00589340309053199,0.10832063670492362,,,,,,,,,,,,,,,,,,,,,,,,,,,,,,,,,,,,,,,,,,,,,,,,,,,,,,,,,,,,,,,
1790262142.0656564,1354,3.99,0,0,5,FORWARD,hold,svm,0,0,0,hover,DOWN,HOVER,ground,0,,87.0,0.0,1,0.00589340309053199,0.10832063670492362,,,,,,,,,,,,,,,,,,,,,,,,,,,,,,,,,,,,,,,,,,,,,,,,,,,,,,,,,,,,,,,
1790262142.0999408,1355,3.02,0,0,5,FORWARD,hold,svm,0,0,0,hover,DOWN,HOVER,ground,0,,87.0,0.0,1,0.00589340309053199,0.10832063670492362,,,,,,,,,,,,,,,,,,,,,,,,,,,,,,,,,,,,,,,,,,,,,,,,,,,,,,,,,,,,,,,
1790262142.1635067,1356,2.18,0,0,5,FORWARD,hold,svm,0,0,0,hover,DOWN,HOVER,ground,0,,87.0,0.0,1,0.00589340309053199,0.10832063670492362,,,,,,,,,,,,,,,,,,,,,,,,,,,,,,,,,,,,,,,,,,,,,,,,,,,,,,,,,,,,,,,
1790262142.2022133,1357,2.99,0,0,5,FORWARD,hold,svm,0,0,0,hover,DOWN,HOVER,ground,0,,87.0,0.0,1,0.00589340309053199,0.10832063670492362,,,,,,,,,,,,,,,,,,,,,,,,,,,,,,,,,,,,,,,,,,,,,,,,,,,,,,,,,,,,,,,
1790262142.2361224,1358,9.97,0,0,5,FORWARD,hold,svm,0,0,0,hover,DOWN,HOVER,ground,0,,87.0,0.0,1,0.00589340309053199,0.10832063670492362,,,,,,,,,,,,,,,,,,,,,,,,,,,,,,,,,,,,,,,,,,,,,,,,,,,,,,,,,,,,,,,
1790262142.265045,1359,2.99,0,0,5,FORWARD,hold,svm,0,0,0,hover,DOWN,HOVER,ground,0,,87.0,0.0,1,0.00589340309053199,0.10832063670492362,,,,,,,,,,,,,,,,,,,,,,,,,,,,,,,,,,,,,,,,,,,,,,,,,,,,,,,,,,,,,,,
1790262142.309937,1360,3.0,0,1,6,BACK,settle,svm,0,0,0,hover,DOWN,HOVER,ground,0,,87.0,0.0,1,0.00589340309053199,0.10832063670492362,,,,,,,,,,,,,,,,,,,,,,,,,,,,,,,,,,,,,,,,,,,,,,,,,,,,,,,,,,,,,,,
1790262142.3665292,1361,2.99,0,1,6,BACK,settle,svm,0,0,0,hover,DOWN,HOVER,ground,0,,87.0,0.0,1,0.00589340309053199,0.10832063670492362,,,,,,,,,,,,,,,,,,,,,,,,,,,,,,,,,,,,,,,,,,,,,,,,,,,,,,,,,,,,,,,
1790262142.4109187,1362,16.95,0,1,6,BACK,settle,svm,0,0,0,hover,DOWN,HOVER,ground,0,,87.0,0.0,1,0.00589340309053199,0.10832063670492362,,,,,,,,,,,,,,,,,,,,,,,,,,,,,,,,,,,,,,,,,,,,,,,,,,,,,,,,,,,,,,,
1790262142.4393578,1363,5.5,0,1,6,BACK,settle,svm,0,0,0,hover,DOWN,HOVER,ground,0,,87.0,0.0,1,0.00589340309053199,0.10832063670492362,,,,,,,,,,,,,,,,,,,,,,,,,,,,,,,,,,,,,,,,,,,,,,,,,,,,,,,,,,,,,,,
1790262142.502618,1364,4.99,0,1,6,BACK,settle,svm,0,0,0,hover,DOWN,HOVER,ground,0,,87.0,0.0,1,0.00589340309053199,0.10832063670492362,,,,,,,,,,,,,,,,,,,,,,,,,,,,,,,,,,,,,,,,,,,,,,,,,,,,,,,,,,,,,,,
1790262142.5355296,1365,3.99,0,1,6,BACK,settle,svm,0,0,0,hover,DOWN,HOVER,ground,0,,87.0,0.0,1,0.00589340309053199,0.10832063670492362,,,,,,,,,,,,,,,,,,,,,,,,,,,,,,,,,,,,,,,,,,,,,,,,,,,,,,,,,,,,,,,
1790262142.5758824,1366,15.18,0,1,6,BACK,settle,svm,0,0,0,hover,DOWN,HOVER,ground,0,,87.0,0.0,1,0.00589340309053199,0.10832063670492362,,,,,,,,,,,,,,,,,,,,,,,,,,,,,,,,,,,,,,,,,,,,,,,,,,,,,,,,,,,,,,,
1790262142.5991967,1367,3.99,0,1,6,BACK,settle,svm,0,0,0,hover,DOWN,HOVER,ground,0,,87.0,0.0,1,0.00589340309053199,0.10832063670492362,,,,,,,,,,,,,,,,,,,,,,,,,,,,,,,,,,,,,,,,,,,,,,,,,,,,,,,,,,,,,,,
1790262142.6665623,1368,3.02,0,1,6,BACK,settle,svm,0,0,0,hover,DOWN,HOVER,ground,0,,87.0,0.0,1,0.00589340309053199,0.10832063670492362,,,,,,,,,,,,,,,,,,,,,,,,,,,,,,,,,,,,,,,,,,,,,,,,,,,,,,,,,,,,,,,
1790262142.6979575,1369,1.99,0,1,6,BACK,settle,svm,0,0,0,hover,DOWN,HOVER,ground,0,,87.0,0.0,1,0.00589340309053199,0.10832063670492362,,,,,,,,,,,,,,,,,,,,,,,,,,,,,,,,,,,,,,,,,,,,,,,,,,,,,,,,,,,,,,,
1790262142.7338839,1370,4.99,0,1,6,BACK,settle,svm,0,0,0,hover,DOWN,HOVER,ground,0,,87.0,0.0,1,0.00589340309053199,0.10832063670492362,,,,,,,,,,,,,,,,,,,,,,,,,,,,,,,,,,,,,,,,,,,,,,,,,,,,,,,,,,,,,,,
1790262142.7644794,1371,1.99,0,1,6,BACK,settle,svm,0,0,0,hover,DOWN,HOVER,ground,0,,87.0,0.0,1,0.00589340309053199,0.10832063670492362,,,,,,,,,,,,,,,,,,,,,,,,,,,,,,,,,,,,,,,,,,,,,,,,,,,,,,,,,,,,,,,
1790262142.8348687,1372,5.62,0,1,6,BACK,settle,svm,0,0,0,hover,DOWN,HOVER,ground,0,,87.0,0.0,1,0.00589340309053199,0.10832063670492362,,,,,,,,,,,,,,,,,,,,,,,,,,,,,,,,,,,,,,,,,,,,,,,,,,,,,,,,,,,,,,,
1790262142.8650572,1373,1.99,0,1,6,BACK,settle,svm,0,0,0,hover,DOWN,HOVER,ground,0,,87.0,0.0,1,0.00589340309053199,0.10832063670492362,,,,,,,,,,,,,,,,,,,,,,,,,,,,,,,,,,,,,,,,,,,,,,,,,,,,,,,,,,,,,,,
1790262142.9059458,1374,11.97,0,1,6,BACK,settle,svm,0,0,0,hover,DOWN,HOVER,ground,0,,87.0,0.0,1,0.00589340309053199,0.10832063670492362,,,,,,,,,,,,,,,,,,,,,,,,,,,,,,,,,,,,,,,,,,,,,,,,,,,,,,,,,,,,,,,
1790262142.9318783,1375,1.0,0,1,6,BACK,settle,svm,0,0,0,hover,DOWN,HOVER,ground,0,,87.0,0.0,1,0.00589340309053199,0.10832063670492362,,,,,,,,,,,,,,,,,,,,,,,,,,,,,,,,,,,,,,,,,,,,,,,,,,,,,,,,,,,,,,,
1790262142.9987302,1376,1.99,0,1,6,BACK,settle,svm,0,0,0,hover,DOWN,HOVER,ground,0,,87.0,0.0,1,0.00589340309053199,0.10832063670492362,,,,,,,,,,,,,,,,,,,,,,,,,,,,,,,,,,,,,,,,,,,,,,,,,,,,,,,,,,,,,,,
1790262143.0336375,1377,1.99,0,1,6,BACK,settle,svm,0,0,0,hover,DOWN,HOVER,ground,0,,87.0,0.0,1,0.00589340309053199,0.10832063670492362,,,,,,,,,,,,,,,,,,,,,,,,,,,,,,,,,,,,,,,,,,,,,,,,,,,,,,,,,,,,,,,
1790262143.074163,1378,12.99,0,1,6,BACK,settle,svm,0,0,0,hover,DOWN,HOVER,ground,0,,87.0,0.0,1,0.00589340309053199,0.10832063670492362,,,,,,,,,,,,,,,,,,,,,,,,,,,,,,,,,,,,,,,,,,,,,,,,,,,,,,,,,,,,,,,
1790262143.1002858,1379,2.99,0,1,6,BACK,settle,svm,0,0,0,hover,DOWN,HOVER,ground,0,,87.0,0.0,1,0.00589340309053199,0.10832063670492362,,,,,,,,,,,,,,,,,,,,,,,,,,,,,,,,,,,,,,,,,,,,,,,,,,,,,,,,,,,,,,,
1790262143.1661084,1380,2.99,0,1,6,BACK,settle,svm,0,0,0,hover,DOWN,HOVER,ground,0,,87.0,0.0,1,0.00589340309053199,0.10832063670492362,,,,,,,,,,,,,,,,,,,,,,,,,,,,,,,,,,,,,,,,,,,,,,,,,,,,,,,,,,,,,,,
1790262143.1999402,1381,1.99,0,1,6,BACK,settle,svm,0,0,0,hover,DOWN,HOVER,ground,0,,87.0,0.0,1,0.00589340309053199,0.10832063670492362,,,,,,,,,,,,,,,,,,,,,,,,,,,,,,,,,,,,,,,,,,,,,,,,,,,,,,,,,,,,,,,
1790262143.242143,1382,3.0,0,1,6,BACK,settle,svm,0,0,0,hover,DOWN,HOVER,ground,0,,87.0,0.0,1,0.00589340309053199,0.10832063670492362,,,,,,,,,,,,,,,,,,,,,,,,,,,,,,,,,,,,,,,,,,,,,,,,,,,,,,,,,,,,,,,
1790262143.2665823,1383,2.99,0,1,6,BACK,settle,svm,0,0,0,hover,DOWN,HOVER,ground,0,,87.0,0.0,1,0.00589340309053199,0.10832063670492362,,,,,,,,,,,,,,,,,,,,,,,,,,,,,,,,,,,,,,,,,,,,,,,,,,,,,,,,,,,,,,,
1790262143.3098161,1384,3.03,0,1,6,BACK,settle,svm,0,0,0,hover,DOWN,HOVER,ground,0,,87.0,0.0,1,0.00589340309053199,0.10832063670492362,,,,,,,,,,,,,,,,,,,,,,,,,,,,,,,,,,,,,,,,,,,,,,,,,,,,,,,,,,,,,,,
1790262143.3666608,1385,2.99,0,1,6,BACK,settle,svm,0,0,0,hover,DOWN,HOVER,ground,0,,87.0,0.0,1,0.00589340309053199,0.10832063670492362,,,,,,,,,,,,,,,,,,,,,,,,,,,,,,,,,,,,,,,,,,,,,,,,,,,,,,,,,,,,,,,
1790262143.3992937,1386,5.49,0,1,6,BACK,settle,svm,0,0,0,hover,DOWN,HOVER,ground,0,,87.0,0.0,1,0.00589340309053199,0.10832063670492362,,,,,,,,,,,,,,,,,,,,,,,,,,,,,,,,,,,,,,,,,,,,,,,,,,,,,,,,,,,,,,,
1790262143.431037,1387,2.0,0,1,6,BACK,settle,svm,0,0,0,hover,DOWN,HOVER,ground,0,,87.0,0.0,1,0.00589340309053199,0.10832063670492362,,,,,,,,,,,,,,,,,,,,,,,,,,,,,,,,,,,,,,,,,,,,,,,,,,,,,,,,,,,,,,,
1790262143.4990177,1388,2.99,0,1,6,BACK,settle,svm,0,0,0,hover,DOWN,HOVER,ground,0,,87.0,0.0,1,0.00589340309053199,0.10832063670492362,,,,,,,,,,,,,,,,,,,,,,,,,,,,,,,,,,,,,,,,,,,,,,,,,,,,,,,,,,,,,,,
1790262143.5331016,1389,3.99,0,1,6,BACK,settle,svm,0,0,0,hover,DOWN,HOVER,ground,0,,87.0,0.0,1,0.00589340309053199,0.10832063670492362,,,,,,,,,,,,,,,,,,,,,,,,,,,,,,,,,,,,,,,,,,,,,,,,,,,,,,,,,,,,,,,
1790262143.5674677,1390,4.97,0,1,6,BACK,settle,svm,0,0,0,hover,DOWN,HOVER,ground,0,,87.0,0.0,1,0.00589340309053199,0.10832063670492362,,,,,,,,,,,,,,,,,,,,,,,,,,,,,,,,,,,,,,,,,,,,,,,,,,,,,,,,,,,,,,,
1790262143.5993197,1391,2.99,0,1,6,BACK,settle,svm,0,0,0,hover,DOWN,HOVER,ground,0,,87.0,0.0,1,0.00589340309053199,0.10832063670492362,,,,,,,,,,,,,,,,,,,,,,,,,,,,,,,,,,,,,,,,,,,,,,,,,,,,,,,,,,,,,,,
1790262143.666527,1392,2.99,0,1,6,BACK,settle,svm,0,0,0,hover,DOWN,HOVER,ground,0,,87.0,0.0,1,0.00589340309053199,0.10832063670492362,,,,,,,,,,,,,,,,,,,,,,,,,,,,,,,,,,,,,,,,,,,,,,,,,,,,,,,,,,,,,,,
1790262143.7011647,1393,2.98,0,1,6,BACK,settle,svm,0,0,0,hover,DOWN,HOVER,ground,0,,87.0,0.0,1,0.00589340309053199,0.10832063670492362,,,,,,,,,,,,,,,,,,,,,,,,,,,,,,,,,,,,,,,,,,,,,,,,,,,,,,,,,,,,,,,
1790262143.732483,1394,4.99,0,1,6,BACK,settle,svm,0,0,0,hover,DOWN,HOVER,ground,0,,87.0,0.0,1,0.00589340309053199,0.10832063670492362,,,,,,,,,,,,,,,,,,,,,,,,,,,,,,,,,,,,,,,,,,,,,,,,,,,,,,,,,,,,,,,
1790262143.7653966,1395,2.99,0,1,6,BACK,settle,svm,0,0,0,hover,DOWN,HOVER,ground,0,,87.0,0.0,1,0.00589340309053199,0.10832063670492362,,,,,,,,,,,,,,,,,,,,,,,,,,,,,,,,,,,,,,,,,,,,,,,,,,,,,,,,,,,,,,,
1790262143.838262,1396,3.02,0,1,6,BACK,settle,svm,0,0,0,hover,DOWN,HOVER,ground,0,,87.0,0.0,1,0.00589340309053199,0.10832063670492362,,,,,,,,,,,,,,,,,,,,,,,,,,,,,,,,,,,,,,,,,,,,,,,,,,,,,,,,,,,,,,,
1790262143.8686998,1397,2.95,0,1,6,BACK,settle,svm,0,0,0,hover,DOWN,HOVER,ground,0,,87.0,0.0,1,0.00589340309053199,0.10832063670492362,,,,,,,,,,,,,,,,,,,,,,,,,,,,,,,,,,,,,,,,,,,,,,,,,,,,,,,,,,,,,,,
1790262143.9019475,1398,3.07,0,1,6,BACK,settle,svm,0,0,0,hover,DOWN,HOVER,ground,0,,87.0,0.0,1,0.00589340309053199,0.10832063670492362,,,,,,,,,,,,,,,,,,,,,,,,,,,,,,,,,,,,,,,,,,,,,,,,,,,,,,,,,,,,,,,
1790262143.9318004,1399,2.0,0,1,6,BACK,settle,svm,0,0,0,hover,DOWN,HOVER,ground,0,,87.0,0.0,1,0.00589340309053199,0.10832063670492362,,,,,,,,,,,,,,,,,,,,,,,,,,,,,,,,,,,,,,,,,,,,,,,,,,,,,,,,,,,,,,,
1790262143.9991248,1400,2.99,0,1,6,BACK,settle,svm,0,0,0,hover,DOWN,HOVER,ground,0,,87.0,0.0,1,0.00589340309053199,0.10832063670492362,,,,,,,,,,,,,,,,,,,,,,,,,,,,,,,,,,,,,,,,,,,,,,,,,,,,,,,,,,,,,,,
1790262144.034176,1401,4.99,0,1,6,BACK,settle,svm,0,0,0,hover,DOWN,HOVER,ground,0,,87.0,0.0,1,0.00589340309053199,0.10832063670492362,,,,,,,,,,,,,,,,,,,,,,,,,,,,,,,,,,,,,,,,,,,,,,,,,,,,,,,,,,,,,,,
1790262144.0756207,1402,8.0,0,1,6,BACK,settle,svm,0,0,0,hover,DOWN,HOVER,ground,0,,87.0,0.0,1,0.00589340309053199,0.10832063670492362,,,,,,,,,,,,,,,,,,,,,,,,,,,,,,,,,,,,,,,,,,,,,,,,,,,,,,,,,,,,,,,
1790262144.0975971,1403,1.37,0,1,6,BACK,settle,svm,0,0,0,hover,DOWN,HOVER,ground,0,,87.0,0.0,1,0.00589340309053199,0.10832063670492362,,,,,,,,,,,,,,,,,,,,,,,,,,,,,,,,,,,,,,,,,,,,,,,,,,,,,,,,,,,,,,,
1790262150.365746,1553,2.0,0,1,6,BACK,settle,svm,0,0,0,search_360,DOWN,SEARCH,rc lr=0 fb=0 ud=0 yaw=30,0,,87.0,60.0,1,0.00589340309053199,0.10832063670492362,,,,,,,,,,,,,,,,,,,,,,,,,,,,,,,,,,,,,,,,,,,,,,,,,,,,,,,,,,,,,,,
1790262150.3986564,1554,1.0,0,1,6,BACK,settle,svm,0,0,0,search_360,DOWN,SEARCH,rc lr=0 fb=0 ud=0 yaw=30,0,,87.0,60.0,1,0.00589340309053199,0.10832063670492362,,,,,,,,,,,,,,,,,,,,,,,,,,,,,,,,,,,,,,,,,,,,,,,,,,,,,,,,,,,,,,,
1790262150.4344075,1555,2.99,0,1,6,BACK,settle,svm,0,0,0,search_360,DOWN,SEARCH,rc lr=0 fb=0 ud=0 yaw=30,0,,87.0,60.0,1,0.00589340309053199,0.10832063670492362,,,,,,,,,,,,,,,,,,,,,,,,,,,,,,,,,,,,,,,,,,,,,,,,,,,,,,,,,,,,,,,
1790262150.4733021,1556,8.98,0,1,6,BACK,settle,svm,0,0,0,search_360,DOWN,SEARCH,rc lr=0 fb=0 ud=0 yaw=30,0,,87.0,60.0,1,0.00589340309053199,0.10832063670492362,,,,,,,,,,,,,,,,,,,,,,,,,,,,,,,,,,,,,,,,,,,,,,,,,,,,,,,,,,,,,,,
1790262150.5325382,1557,0.99,0,1,6,BACK,settle,svm,0,0,0,search_360,DOWN,SEARCH,rc lr=0 fb=0 ud=0 yaw=30,0,,87.0,60.0,1,0.00589340309053199,0.10832063670492362,,,,,,,,,,,,,,,,,,,,,,,,,,,,,,,,,,,,,,,,,,,,,,,,,,,,,,,,,,,,,,,
1790262150.565257,1558,1.04,0,1,6,BACK,settle,svm,0,0,0,search_360,DOWN,SEARCH,rc lr=0 fb=0 ud=0 yaw=30,0,,87.0,60.0,1,0.00589340309053199,0.10832063670492362,,,,,,,,,,,,,,,,,,,,,,,,,,,,,,,,,,,,,,,,,,,,,,,,,,,,,,,,,,,,,,,
1790262150.6018941,1559,2.02,0,1,6,BACK,settle,svm,0,0,0,search_360,DOWN,SEARCH,rc lr=0 fb=0 ud=0 yaw=30,0,,87.0,60.0,1,0.00589340309053199,0.10832063670492362,,,,,,,,,,,,,,,,,,,,,,,,,,,,,,,,,,,,,,,,,,,,,,,,,,,,,,,,,,,,,,,
1790262150.637767,1560,2.99,0,1,6,BACK,settle,svm,0,0,0,search_360,DOWN,SEARCH,rc lr=0 fb=0 ud=0 yaw=30,0,,87.0,60.0,1,0.00589340309053199,0.10832063670492362,,,,,,,,,,,,,,,,,,,,,,,,,,,,,,,,,,,,,,,,,,,,,,,,,,,,,,,,,,,,,,,
1790262150.7051213,1561,3.96,0,1,6,BACK,settle,svm,0,0,0,search_360,DOWN,SEARCH,rc lr=0 fb=0 ud=0 yaw=30,0,,87.0,60.0,1,0.00589340309053199,0.10832063670492362,,,,,,,,,,,,,,,,,,,,,,,,,,,,,,,,,,,,,,,,,,,,,,,,,,,,,,,,,,,,,,,
1790262150.7364264,1562,5.54,0,1,6,BACK,settle,svm,0,0,0,search_360,DOWN,SEARCH,rc lr=0 fb=0 ud=0 yaw=30,0,,87.0,60.0,1,0.00589340309053199,0.10832063670492362,,,,,,,,,,,,,,,,,,,,,,,,,,,,,,,,,,,,,,,,,,,,,,,,,,,,,,,,,,,,,,,
1790262150.7687643,1563,2.0,0,1,6,BACK,settle,svm,0,0,0,search_360,DOWN,SEARCH,rc lr=0 fb=0 ud=0 yaw=30,0,,87.0,60.0,1,0.00589340309053199,0.10832063670492362,,,,,,,,,,,,,,,,,,,,,,,,,,,,,,,,,,,,,,,,,,,,,,,,,,,,,,,,,,,,,,,
1790262150.808026,1564,9.34,0,1,6,BACK,settle,svm,0,0,0,search_360,DOWN,SEARCH,rc lr=0 fb=0 ud=0 yaw=30,0,,87.0,60.0,1,0.00589340309053199,0.10832063670492362,,,,,,,,,,,,,,,,,,,,,,,,,,,,,,,,,,,,,,,,,,,,,,,,,,,,,,,,,,,,,,,
1790262150.8691952,1565,1.99,0,1,6,BACK,settle,svm,0,0,0,search_360,DOWN,SEARCH,rc lr=0 fb=0 ud=0 yaw=30,0,,87.0,60.0,1,0.00589340309053199,0.10832063670492362,,,,,,,,,,,,,,,,,,,,,,,,,,,,,,,,,,,,,,,,,,,,,,,,,,,,,,,,,,,,,,,
1790262150.9008129,1566,1.0,0,1,6,BACK,settle,svm,0,0,0,search_360,DOWN,SEARCH,rc lr=0 fb=0 ud=0 yaw=30,0,,87.0,60.0,1,0.00589340309053199,0.10832063670492362,,,,,,,,,,,,,,,,,,,,,,,,,,,,,,,,,,,,,,,,,,,,,,,,,,,,,,,,,,,,,,,
1790262150.9342923,1567,1.99,0,1,6,BACK,settle,svm,0,0,0,search_360,DOWN,SEARCH,rc lr=0 fb=0 ud=0 yaw=30,0,,87.0,60.0,1,0.00589340309053199,0.10832063670492362,,,,,,,,,,,,,,,,,,,,,,,,,,,,,,,,,,,,,,,,,,,,,,,,,,,,,,,,,,,,,,,
1790262150.9704535,1568,3.25,0,1,6,BACK,settle,svm,0,0,0,search_360,DOWN,SEARCH,rc lr=0 fb=0 ud=0 yaw=30,0,,87.0,60.0,1,0.00589340309053199,0.10832063670492362,,,,,,,,,,,,,,,,,,,,,,,,,,,,,,,,,,,,,,,,,,,,,,,,,,,,,,,,,,,,,,,
1790262151.0348465,1569,1.68,0,1,6,BACK,settle,svm,0,0,0,search_360,DOWN,SEARCH,rc lr=0 fb=0 ud=0 yaw=30,0,,87.0,60.0,1,0.00589340309053199,0.10832063670492362,,,,,,,,,,,,,,,,,,,,,,,,,,,,,,,,,,,,,,,,,,,,,,,,,,,,,,,,,,,,,,,
1790262151.06733,1570,1.99,0,1,6,BACK,settle,svm,0,0,0,search_360,DOWN,SEARCH,rc lr=0 fb=0 ud=0 yaw=30,0,,87.0,60.0,1,0.00589340309053199,0.10832063670492362,,,,,,,,,,,,,,,,,,,,,,,,,,,,,,,,,,,,,,,,,,,,,,,,,,,,,,,,,,,,,,,
1790262151.101749,1571,3.99,0,1,6,BACK,settle,svm,0,0,0,search_360,DOWN,SEARCH,rc lr=0 fb=0 ud=0 yaw=30,0,,87.0,60.0,1,0.00589340309053199,0.10832063670492362,,,,,,,,,,,,,,,,,,,,,,,,,,,,,,,,,,,,,,,,,,,,,,,,,,,,,,,,,,,,,,,
1790262151.1406589,1572,7.98,0,1,6,BACK,settle,svm,0,0,0,search_360,DOWN,SEARCH,rc lr=0 fb=0 ud=0 yaw=30,0,,87.0,60.0,1,0.00589340309053199,0.10832063670492362,,,,,,,,,,,,,,,,,,,,,,,,,,,,,,,,,,,,,,,,,,,,,,,,,,,,,,,,,,,,,,,
1790262151.2108994,1573,3.0,0,1,6,BACK,settle,svm,0,0,0,search_360,DOWN,SEARCH,rc lr=0 fb=0 ud=0 yaw=30,0,,87.0,60.0,1,0.00589340309053199,0.10832063670492362,,,,,,,,,,,,,,,,,,,,,,,,,,,,,,,,,,,,,,,,,,,,,,,,,,,,,,,,,,,,,,,
1790262151.2443666,1574,12.96,0,1,6,BACK,settle,svm,0,0,0,search_360,DOWN,SEARCH,rc lr=0 fb=0 ud=0 yaw=30,0,,87.0,60.0,1,0.00589340309053199,0.10832063670492362,,,,,,,,,,,,,,,,,,,,,,,,,,,,,,,,,,,,,,,,,,,,,,,,,,,,,,,,,,,,,,,
1790262151.2688296,1575,2.19,0,1,6,BACK,settle,svm,0,0,0,search_360,DOWN,SEARCH,rc lr=0 fb=0 ud=0 yaw=30,0,,87.0,50.0,1,0.00589340309053199,0.10832063670492362,,,,,,,,,,,,,,,,,,,,,,,,,,,,,,,,,,,,,,,,,,,,,,,,,,,,,,,,,,,,,,,
1790262151.3137045,1576,40.9,0,1,6,BACK,settle,svm,0,0,0,search_360,DOWN,SEARCH,rc lr=0 fb=0 ud=0 yaw=30,0,,87.0,50.0,1,0.00589340309053199,0.10832063670492362,,,,,,,,,,,,,,,,,,,,,,,,,,,,,,,,,,,,,,,,,,,,,,,,,,,,,,,,,,,,,,,
1790262151.3687673,1577,3.56,0,1,6,BACK,settle,svm,0,0,0,search_360,DOWN,SEARCH,rc lr=0 fb=0 ud=0 yaw=30,0,,87.0,50.0,1,0.00589340309053199,0.10832063670492362,,,,,,,,,,,,,,,,,,,,,,,,,,,,,,,,,,,,,,,,,,,,,,,,,,,,,,,,,,,,,,,
1790262151.408315,1578,10.6,0,1,6,BACK,settle,svm,0,0,0,search_360,DOWN,SEARCH,rc lr=0 fb=0 ud=0 yaw=30,0,,87.0,50.0,1,0.00589340309053199,0.10832063670492362,,,,,,,,,,,,,,,,,,,,,,,,,,,,,,,,,,,,,,,,,,,,,,,,,,,,,,,,,,,,,,,
1790262151.4372382,1579,2.99,0,1,6,BACK,settle,svm,0,0,0,search_360,DOWN,SEARCH,rc lr=0 fb=0 ud=0 yaw=30,0,,87.0,50.0,1,0.00589340309053199,0.10832063670492362,,,,,,,,,,,,,,,,,,,,,,,,,,,,,,,,,,,,,,,,,,,,,,,,,,,,,,,,,,,,,,,
1790262151.4809144,1580,16.24,0,1,6,BACK,settle,svm,0,0,0,search_360,DOWN,SEARCH,rc lr=0 fb=0 ud=0 yaw=30,0,,87.0,50.0,1,0.00589340309053199,0.10832063670492362,,,,,,,,,,,,,,,,,,,,,,,,,,,,,,,,,,,,,,,,,,,,,,,,,,,,,,,,,,,,,,,
1790262151.5344052,1581,1.0,0,1,6,BACK,settle,svm,0,0,0,search_360,DOWN,SEARCH,rc lr=0 fb=0 ud=0 yaw=30,0,,87.0,50.0,1,0.00589340309053199,0.10832063670492362,,,,,,,,,,,,,,,,,,,,,,,,,,,,,,,,,,,,,,,,,,,,,,,,,,,,,,,,,,,,,,,
1790262151.5678253,1582,1.99,0,1,6,BACK,settle,svm,0,0,0,search_360,DOWN,SEARCH,rc lr=0 fb=0 ud=0 yaw=30,0,,87.0,50.0,1,0.00589340309053199,0.10832063670492362,,,,,,,,,,,,,,,,,,,,,,,,,,,,,,,,,,,,,,,,,,,,,,,,,,,,,,,,,,,,,,,
1790262151.6027312,1583,2.99,0,1,6,BACK,settle,svm,0,0,0,search_360,DOWN,SEARCH,rc lr=0 fb=0 ud=0 yaw=30,0,,87.0,50.0,1,0.00589340309053199,0.10832063670492362,,,,,,,,,,,,,,,,,,,,,,,,,,,,,,,,,,,,,,,,,,,,,,,,,,,,,,,,,,,,,,,
1790262151.6417553,1584,9.86,0,1,6,BACK,settle,svm,0,0,0,search_360,DOWN,SEARCH,rc lr=0 fb=0 ud=0 yaw=30,0,,87.0,50.0,1,0.00589340309053199,0.10832063670492362,,,,,,,,,,,,,,,,,,,,,,,,,,,,,,,,,,,,,,,,,,,,,,,,,,,,,,,,,,,,,,,
1790262151.701599,1585,2.99,0,1,6,BACK,settle,svm,0,0,0,search_360,DOWN,SEARCH,rc lr=0 fb=0 ud=0 yaw=30,0,,87.0,50.0,1,0.00589340309053199,0.10832063670492362,,,,,,,,,,,,,,,,,,,,,,,,,,,,,,,,,,,,,,,,,,,,,,,,,,,,,,,,,,,,,,,
1790262151.7357712,1586,3.99,0,1,6,BACK,settle,svm,0,0,0,search_360,DOWN,SEARCH,rc lr=0 fb=0 ud=0 yaw=30,0,,87.0,50.0,1,0.00589340309053199,0.10832063670492362,,,,,,,,,,,,,,,,,,,,,,,,,,,,,,,,,,,,,,,,,,,,,,,,,,,,,,,,,,,,,,,
1790262151.7687378,1587,2.02,0,1,6,BACK,settle,svm,0,0,0,search_360,DOWN,SEARCH,rc lr=0 fb=0 ud=0 yaw=30,0,,87.0,50.0,1,0.00589340309053199,0.10832063670492362,,,,,,,,,,,,,,,,,,,,,,,,,,,,,,,,,,,,,,,,,,,,,,,,,,,,,,,,,,,,,,,
1790262151.8125794,1588,15.94,0,1,6,BACK,settle,svm,0,0,0,search_360,DOWN,SEARCH,rc lr=0 fb=0 ud=0 yaw=30,0,,87.0,50.0,1,0.00589340309053199,0.10832063670492362,,,,,,,,,,,,,,,,,,,,,,,,,,,,,,,,,,,,,,,,,,,,,,,,,,,,,,,,,,,,,,,
1790262151.866571,1589,1.99,0,1,6,BACK,settle,svm,0,0,0,search_360,DOWN,SEARCH,rc lr=0 fb=0 ud=0 yaw=30,0,,87.0,50.0,1,0.00589340309053199,0.10832063670492362,,,,,,,,,,,,,,,,,,,,,,,,,,,,,,,,,,,,,,,,,,,,,,,,,,,,,,,,,,,,,,,
1790262151.9004803,1590,5.98,0,1,6,BACK,settle,svm,0,0,0,search_360,DOWN,SEARCH,rc lr=0 fb=0 ud=0 yaw=30,0,,87.0,50.0,1,0.00589340309053199,0.10832063670492362,,,,,,,,,,,,,,,,,,,,,,,,,,,,,,,,,,,,,,,,,,,,,,,,,,,,,,,,,,,,,,,
1790262151.9354365,1591,2.99,0,1,6,BACK,settle,svm,0,0,0,search_360,DOWN,SEARCH,rc lr=0 fb=0 ud=0 yaw=30,0,,87.0,50.0,1,0.00589340309053199,0.10832063670492362,,,,,,,,,,,,,,,,,,,,,,,,,,,,,,,,,,,,,,,,,,,,,,,,,,,,,,,,,,,,,,,
1790262151.97672,1592,14.96,0,1,6,BACK,settle,svm,0,0,0,search_360,DOWN,SEARCH,rc lr=0 fb=0 ud=0 yaw=30,0,,87.0,50.0,1,0.00589340309053199,0.10832063670492362,,,,,,,,,,,,,,,,,,,,,,,,,,,,,,,,,,,,,,,,,,,,,,,,,,,,,,,,,,,,,,,
1790262152.035418,1593,1.99,0,1,6,BACK,settle,svm,0,0,0,search_360,DOWN,SEARCH,rc lr=0 fb=0 ud=0 yaw=30,0,,87.0,50.0,1,0.00589340309053199,0.10832063670492362,,,,,,,,,,,,,,,,,,,,,,,,,,,,,,,,,,,,,,,,,,,,,,,,,,,,,,,,,,,,,,,
1790262152.0661924,1594,3.99,0,1,6,BACK,settle,svm,0,0,0,search_360,DOWN,SEARCH,rc lr=0 fb=0 ud=0 yaw=30,0,,87.0,50.0,1,0.00589340309053199,0.10832063670492362,,,,,,,,,,,,,,,,,,,,,,,,,,,,,,,,,,,,,,,,,,,,,,,,,,,,,,,,,,,,,,,
1790262152.1050892,1595,2.99,0,1,6,BACK,settle,svm,0,0,0,search_360,DOWN,SEARCH,rc lr=0 fb=0 ud=0 yaw=30,0,,87.0,50.0,1,0.00589340309053199,0.10832063670492362,,,,,,,,,,,,,,,,,,,,,,,,,,,,,,,,,,,,,,,,,,,,,,,,,,,,,,,,,,,,,,,
1790262152.1438942,1596,12.96,0,1,6,BACK,settle,svm,0,0,0,search_360,DOWN,SEARCH,rc lr=0 fb=0 ud=0 yaw=30,0,,87.0,50.0,1,0.00589340309053199,0.10832063670492362,,,,,,,,,,,,,,,,,,,,,,,,,,,,,,,,,,,,,,,,,,,,,,,,,,,,,,,,,,,,,,,
1790262152.1992345,1597,0.99,0,1,6,BACK,settle,svm,0,0,0,search_360,DOWN,SEARCH,rc lr=0 fb=0 ud=0 yaw=30,0,,87.0,50.0,1,0.00589340309053199,0.10832063670492362,,,,,,,,,,,,,,,,,,,,,,,,,,,,,,,,,,,,,,,,,,,,,,,,,,,,,,,,,,,,,,,
1790262152.2332177,1598,2.77,0,1,6,BACK,settle,svm,0,0,0,search_360,DOWN,SEARCH,rc lr=0 fb=0 ud=0 yaw=30,0,,87.0,50.0,1,0.00589340309053199,0.10832063670492362,,,,,,,,,,,,,,,,,,,,,,,,,,,,,,,,,,,,,,,,,,,,,,,,,,,,,,,,,,,,,,,
1790262152.2724624,1599,2.99,0,1,6,BACK,settle,svm,0,0,0,search_360,DOWN,SEARCH,rc lr=0 fb=0 ud=0 yaw=30,0,,87.0,50.0,1,0.00589340309053199,0.10832063670492362,,,,,,,,,,,,,,,,,,,,,,,,,,,,,,,,,,,,,,,,,,,,,,,,,,,,,,,,,,,,,,,
1790262152.3123548,1600,38.9,0,1,6,BACK,settle,svm,0,0,0,search_360,DOWN,SEARCH,rc lr=0 fb=0 ud=0 yaw=30,0,,87.0,50.0,1,0.00589340309053199,0.10832063670492362,,,,,,,,,,,,,,,,,,,,,,,,,,,,,,,,,,,,,,,,,,,,,,,,,,,,,,,,,,,,,,,
1790262152.3701193,1601,2.99,0,1,6,BACK,settle,svm,0,0,0,search_360,DOWN,SEARCH,rc lr=0 fb=0 ud=0 yaw=30,0,,87.0,50.0,1,0.00589340309053199,0.10832063670492362,,,,,,,,,,,,,,,,,,,,,,,,,,,,,,,,,,,,,,,,,,,,,,,,,,,,,,,,,,,,,,,
1790262152.4030292,1602,4.99,0,1,6,BACK,settle,svm,0,0,0,search_360,DOWN,SEARCH,rc lr=0 fb=0 ud=0 yaw=30,0,,87.0,50.0,1,0.00589340309053199,0.10832063670492362,,,,,,,,,,,,,,,,,,,,,,,,,,,,,,,,,,,,,,,,,,,,,,,,,,,,,,,,,,,,,,,
1790262152.43662,1603,1.99,0,1,6,BACK,settle,svm,0,0,0,search_360,DOWN,SEARCH,rc lr=0 fb=0 ud=0 yaw=30,0,,87.0,50.0,1,0.00589340309053199,0.10832063670492362,,,,,,,,,,,,,,,,,,,,,,,,,,,,,,,,,,,,,,,,,,,,,,,,,,,,,,,,,,,,,,,
1790262152.4815667,1604,15.96,0,1,6,BACK,settle,svm,0,0,0,search_360,DOWN,SEARCH,rc lr=0 fb=0 ud=0 yaw=30,0,,87.0,50.0,1,0.00589340309053199,0.10832063670492362,,,,,,,,,,,,,,,,,,,,,,,,,,,,,,,,,,,,,,,,,,,,,,,,,,,,,,,,,,,,,,,
1790262152.5402808,1605,3.99,0,1,6,BACK,settle,svm,0,0,0,search_360,DOWN,SEARCH,rc lr=0 fb=0 ud=0 yaw=30,0,,87.0,50.0,1,0.00589340309053199,0.10832063670492362,,,,,,,,,,,,,,,,,,,,,,,,,,,,,,,,,,,,,,,,,,,,,,,,,,,,,,,,,,,,,,,
1790262152.572211,1606,4.99,0,1,6,BACK,settle,svm,0,0,0,search_360,DOWN,SEARCH,rc lr=0 fb=0 ud=0 yaw=30,0,,87.0,50.0,1,0.00589340309053199,0.10832063670492362,,,,,,,,,,,,,,,,,,,,,,,,,,,,,,,,,,,,,,,,,,,,,,,,,,,,,,,,,,,,,,,
1790262152.6041257,1607,1.0,0,1,6,BACK,settle,svm,0,0,0,search_360,DOWN,SEARCH,rc lr=0 fb=0 ud=0 yaw=30,0,,87.0,50.0,1,0.00589340309053199,0.10832063670492362,,,,,,,,,,,,,,,,,,,,,,,,,,,,,,,,,,,,,,,,,,,,,,,,,,,,,,,,,,,,,,,
1790262152.6433957,1608,7.98,0,1,6,BACK,settle,svm,0,0,0,search_360,DOWN,SEARCH,rc lr=0 fb=0 ud=0 yaw=30,0,,87.0,50.0,1,0.00589340309053199,0.10832063670492362,,,,,,,,,,,,,,,,,,,,,,,,,,,,,,,,,,,,,,,,,,,,,,,,,,,,,,,,,,,,,,,
1790262152.7028563,1609,1.0,0,1,6,BACK,settle,svm,0,0,0,search_360,DOWN,SEARCH,rc lr=0 fb=0 ud=0 yaw=30,0,,87.0,50.0,1,0.00589340309053199,0.10832063670492362,,,,,,,,,,,,,,,,,,,,,,,,,,,,,,,,,,,,,,,,,,,,,,,,,,,,,,,,,,,,,,,
1790262152.7365475,1610,4.77,0,1,6,BACK,settle,svm,0,0,0,search_360,DOWN,SEARCH,rc lr=0 fb=0 ud=0 yaw=30,0,,87.0,50.0,1,0.00589340309053199,0.10832063670492362,,,,,,,,,,,,,,,,,,,,,,,,,,,,,,,,,,,,,,,,,,,,,,,,,,,,,,,,,,,,,,,
1790262152.7690308,1611,2.03,0,1,6,BACK,settle,svm,0,0,0,search_360,DOWN,SEARCH,rc lr=0 fb=0 ud=0 yaw=30,0,,87.0,50.0,1,0.00589340309053199,0.10832063670492362,,,,,,,,,,,,,,,,,,,,,,,,,,,,,,,,,,,,,,,,,,,,,,,,,,,,,,,,,,,,,,,
1790262152.8115819,1612,12.66,0,1,6,BACK,settle,svm,0,0,0,search_360,DOWN,SEARCH,rc lr=0 fb=0 ud=0 yaw=30,0,,87.0,50.0,1,0.00589340309053199,0.10832063670492362,,,,,,,,,,,,,,,,,,,,,,,,,,,,,,,,,,,,,,,,,,,,,,,,,,,,,,,,,,,,,,,
1790262152.869777,1613,2.03,0,1,6,BACK,settle,svm,0,0,0,search_360,DOWN,SEARCH,rc lr=0 fb=0 ud=0 yaw=30,0,,87.0,50.0,1,0.00589340309053199,0.10832063670492362,,,,,,,,,,,,,,,,,,,,,,,,,,,,,,,,,,,,,,,,,,,,,,,,,,,,,,,,,,,,,,,
1790262152.9026535,1614,1.99,0,1,6,BACK,settle,svm,0,0,0,search_360,DOWN,SEARCH,rc lr=0 fb=0 ud=0 yaw=30,0,,87.0,50.0,1,0.00589340309053199,0.10832063670492362,,,,,,,,,,,,,,,,,,,,,,,,,,,,,,,,,,,,,,,,,,,,,,,,,,,,,,,,,,,,,,,
1790262152.9389987,1615,3.02,0,1,6,BACK,settle,svm,0,0,1,face,DOWN,FACE,rc lr=0 fb=-7 ud=0 yaw=20,0,,87.0,50.0,1,0.00589340309053199,0.10832063670492362,,,,,,,,,,,,,,,,,,,,,,,,,,,,,,,,,,,,,,,,,,,,,,,,,,,,,,,,,,,,,,,
1790262153.0068586,1616,37.87,0,1,6,BACK,settle,svm,0,0,1,face,DOWN,FACE,rc lr=0 fb=-7 ud=0 yaw=20,0,,87.0,50.0,1,0.00589340309053199,0.10832063670492362,,,,,,,,,,,,,,,,,,,,,,,,,,,,,,,,,,,,,,,,,,,,,,,,,,,,,,,,,,,,,,,
1790262153.0384119,1617,4.02,0,1,6,BACK,settle,svm,0,0,1,face,DOWN,FACE,rc lr=0 fb=-10 ud=0 yaw=20,0,,87.0,50.0,1,0.00589340309053199,0.10832063670492362,,,,,,,,,,,,,,,,,,,,,,,,,,,,,,,,,,,,,,,,,,,,,,,,,,,,,,,,,,,,,,,
1790262153.108887,1619,8.01,0,1,6,BACK,settle,svm,0,0,1,face,DOWN,FACE,rc lr=0 fb=-10 ud=0 yaw=20,0,,87.0,50.0,1,0.00589340309053199,0.10832063670492362,,,,,,,,,,,,,,,,,,,,,,,,,,,,,,,,,,,,,,,,,,,,,,,,,,,,,,,,,,,,,,,
1790262153.1367786,1620,2.0,0,1,6,BACK,settle,svm,0,0,1,face,DOWN,FACE,rc lr=0 fb=-11 ud=0 yaw=20,0,,87.0,60.0,1,0.00589340309053199,0.10832063670492362,,,,,,,,,,,,,,,,,,,,,,,,,,,,,,,,,,,,,,,,,,,,,,,,,,,,,,,,,,,,,,,
1790262153.2103643,1621,8.87,0,1,6,BACK,settle,svm,0,0,1,face,DOWN,FACE,rc lr=0 fb=-11 ud=0 yaw=20,0,,87.0,60.0,1,0.00589340309053199,0.10832063670492362,,,,,,,,,,,,,,,,,,,,,,,,,,,,,,,,,,,,,,,,,,,,,,,,,,,,,,,,,,,,,,,
1790262153.2362955,1622,2.99,0,1,6,BACK,settle,svm,0,0,1,face,DOWN,FACE,rc lr=0 fb=-10 ud=0 yaw=20,0,,87.0,60.0,1,0.00589340309053199,0.10832063670492362,,,,,,,,,,,,,,,,,,,,,,,,,,,,,,,,,,,,,,,,,,,,,,,,,,,,,,,,,,,,,,,
1790262153.3020065,1624,26.81,0,1,6,BACK,settle,svm,0,0,1,face,DOWN,FACE,rc lr=0 fb=-10 ud=0 yaw=20,0,,87.0,60.0,1,0.00589340309053199,0.10832063670492362,,,,,,,,,,,,,,,,,,,,,,,,,,,,,,,,,,,,,,,,,,,,,,,,,,,,,,,,,,,,,,,
1790262153.368174,1625,4.5,0,1,6,BACK,settle,svm,0,0,1,face,DOWN,FACE,rc lr=0 fb=-6 ud=2 yaw=9,0,,87.0,60.0,1,0.00589340309053199,0.10832063670492362,,,,,,,,,,,,,,,,,,,,,,,,,,,,,,,,,,,,,,,,,,,,,,,,,,,,,,,,,,,,,,,
1790262153.4473212,1627,15.96,0,1,6,BACK,settle,svm,0,0,1,face,DOWN,FACE,rc lr=0 fb=-6 ud=2 yaw=9,0,,87.0,60.0,1,0.00589340309053199,0.10832063670492362,,,,,,,,,,,,,,,,,,,,,,,,,,,,,,,,,,,,,,,,,,,,,,,,,,,,,,,,,,,,,,,
1790262153.4736173,1628,7.98,0,1,6,BACK,settle,svm,0,0,1,face,DOWN,FACE,rc lr=0 fb=-4 ud=3 yaw=5,0,,87.0,60.0,1,0.00589340309053199,0.10832063670492362,,,,,,,,,,,,,,,,,,,,,,,,,,,,,,,,,,,,,,,,,,,,,,,,,,,,,,,,,,,,,,,
1790262153.537438,1629,7.98,0,1,6,BACK,settle,svm,0,0,1,face,DOWN,FACE,rc lr=0 fb=-4 ud=3 yaw=5,0,,87.0,60.0,1,0.00589340309053199,0.10832063670492362,,,,,,,,,,,,,,,,,,,,,,,,,,,,,,,,,,,,,,,,,,,,,,,,,,,,,,,,,,,,,,,
1790262153.5696356,1630,3.99,0,1,6,BACK,settle,svm,0,0,1,face,DOWN,FACE,rc lr=0 fb=0 ud=3 yaw=4,0,,87.0,60.0,1,0.00589340309053199,0.10832063670492362,,,,,,,,,,,,,,,,,,,,,,,,,,,,,,,,,,,,,,,,,,,,,,,,,,,,,,,,,,,,,,,
1790262153.6494138,1632,16.95,0,1,6,BACK,settle,svm,0,0,1,face,DOWN,FACE,rc lr=0 fb=0 ud=3 yaw=4,0,,87.0,60.0,1,0.00589340309053199,0.10832063670492362,,,,,,,,,,,,,,,,,,,,,,,,,,,,,,,,,,,,,,,,,,,,,,,,,,,,,,,,,,,,,,,
1790262153.705584,1633,4.99,0,1,6,BACK,settle,svm,0,0,1,face,DOWN,FACE,rc lr=0 fb=0 ud=3 yaw=6,0,,87.0,60.0,1,0.00589340309053199,0.10832063670492362,,,,,,,,,,,,,,,,,,,,,,,,,,,,,,,,,,,,,,,,,,,,,,,,,,,,,,,,,,,,,,,
1790262153.7762713,1635,13.68,0,1,6,BACK,settle,svm,0,0,1,face,DOWN,FACE,rc lr=0 fb=0 ud=3 yaw=6,0,,87.0,60.0,1,0.00589340309053199,0.10832063670492362,,,,,,,,,,,,,,,,,,,,,,,,,,,,,,,,,,,,,,,,,,,,,,,,,,,,,,,,,,,,,,,
1790262153.8042028,1636,7.98,0,1,6,BACK,settle,svm,0,0,1,face,DOWN,FACE,rc lr=0 fb=2 ud=3 yaw=10,0,,87.0,60.0,1,0.00589340309053199,0.10832063670492362,,,,,,,,,,,,,,,,,,,,,,,,,,,,,,,,,,,,,,,,,,,,,,,,,,,,,,,,,,,,,,,
1790262153.8765223,1637,12.97,0,1,6,BACK,settle,svm,0,0,1,face,DOWN,FACE,rc lr=0 fb=2 ud=3 yaw=10,0,,87.0,60.0,1,0.00589340309053199,0.10832063670492362,,,,,,,,,,,,,,,,,,,,,,,,,,,,,,,,,,,,,,,,,,,,,,,,,,,,,,,,,,,,,,,
1790262153.9053004,1638,5.98,0,1,6,BACK,settle,svm,0,0,1,face,DOWN,FACE,rc lr=0 fb=3 ud=3 yaw=11,0,,87.0,60.0,1,0.00589340309053199,0.10832063670492362,,,,,,,,,,,,,,,,,,,,,,,,,,,,,,,,,,,,,,,,,,,,,,,,,,,,,,,,,,,,,,,
1790262153.9991968,1640,34.91,0,1,6,BACK,settle,svm,0,0,1,face,DOWN,FACE,rc lr=0 fb=3 ud=3 yaw=11,0,,87.0,60.0,1,0.00589340309053199,0.10832063670492362,,,,,,,,,,,,,,,,,,,,,,,,,,,,,,,,,,,,,,,,,,,,,,,,,,,,,,,,,,,,,,,
1790262154.0382507,1641,3.99,0,1,6,BACK,settle,svm,0,0,1,face,DOWN,FACE,rc lr=0 fb=5 ud=4 yaw=15,0,,87.0,60.0,1,0.00589340309053199,0.10832063670492362,,,,,,,,,,,,,,,,,,,,,,,,,,,,,,,,,,,,,,,,,,,,,,,,,,,,,,,,,,,,,,,
1790262154.1446679,1644,11.49,0,1,6,BACK,settle,svm,0,0,1,face,DOWN,FACE,rc lr=0 fb=5 ud=4 yaw=15,0,,87.0,60.0,1,0.00589340309053199,0.10832063670492362,,,,,,,,,,,,,,,,,,,,,,,,,,,,,,,,,,,,,,,,,,,,,,,,,,,,,,,,,,,,,,,
1790262154.2035334,1645,2.99,0,1,6,BACK,settle,svm,0,0,1,face,DOWN,FACE,rc lr=0 fb=7 ud=5 yaw=14,0,,87.0,60.0,1,0.00589340309053199,0.10832063670492362,,,,,,,,,,,,,,,,,,,,,,,,,,,,,,,,,,,,,,,,,,,,,,,,,,,,,,,,,,,,,,,
1790262154.27162,1647,5.49,0,1,6,BACK,settle,svm,0,0,1,face,DOWN,FACE,rc lr=0 fb=7 ud=5 yaw=14,0,,87.0,60.0,1,0.00589340309053199,0.10832063670492362,,,,,,,,,,,,,,,,,,,,,,,,,,,,,,,,,,,,,,,,,,,,,,,,,,,,,,,,,,,,,,,
1790262154.2985487,1648,23.94,0,1,6,BACK,settle,svm,0,0,1,face,DOWN,FACE,rc lr=0 fb=9 ud=6 yaw=12,0,,87.0,60.0,1,0.00589340309053199,0.10832063670492362,,,,,,,,,,,,,,,,,,,,,,,,,,,,,,,,,,,,,,,,,,,,,,,,,,,,,,,,,,,,,,,
1790262154.3774118,1649,43.96,0,1,6,BACK,settle,svm,0,0,1,face,DOWN,FACE,rc lr=0 fb=9 ud=6 yaw=12,0,,87.0,60.0,1,0.00589340309053199,0.10832063670492362,,,,,,,,,,,,,,,,,,,,,,,,,,,,,,,,,,,,,,,,,,,,,,,,,,,,,,,,,,,,,,,
1790262154.4042,1650,7.98,0,1,6,BACK,settle,svm,0,0,1,face,DOWN,FACE,rc lr=0 fb=9 ud=6 yaw=10,0,,87.0,60.0,1,0.00589340309053199,0.10832063670492362,,,,,,,,,,,,,,,,,,,,,,,,,,,,,,,,,,,,,,,,,,,,,,,,,,,,,,,,,,,,,,,
1790262154.4769,1652,12.86,0,1,6,BACK,settle,svm,0,0,1,face,DOWN,FACE,rc lr=0 fb=9 ud=6 yaw=10,0,,87.0,60.0,1,0.00589340309053199,0.10832063670492362,,,,,,,,,,,,,,,,,,,,,,,,,,,,,,,,,,,,,,,,,,,,,,,,,,,,,,,,,,,,,,,
1790262154.5068398,1653,9.97,0,1,6,BACK,settle,svm,0,0,1,face,DOWN,FACE,rc lr=0 fb=10 ud=7 yaw=7,0,,87.0,60.0,1,0.00589340309053199,0.10832063670492362,,,,,,,,,,,,,,,,,,,,,,,,,,,,,,,,,,,,,,,,,,,,,,,,,,,,,,,,,,,,,,,
1790262154.709038,1657,44.88,0,1,6,BACK,settle,svm,1,1,1,gesture,RIGHT,RIGHT,rc lr=30 fb=0 ud=0 yaw=0,1,0.9846291707206772,87.0,60.0,1,0.005943524914542309,0.008504733723515605,0.794784486,0.633664012,-1.15853922e-07,0.781565905,0.656459451,-0.023668414,0.772272825,0.677476346,-0.0454331897,0.770226657,0.707401872,-0.0644203946,0.76565814,0.731724381,-0.0832297727,0.807884812,0.626398087,-0.0479567088,0.795581937,0.696273029,-0.0699483901,0.793804228,0.693268597,-0.0862074718,0.796479762,0.676419795,-0.0994343758,0.816044033,0.617947459,-0.0477515422,0.797127724,0.707542181,-0.0651155189,0.793578267,0.701710939,-0.0710022524,0.797947407,0.680582583,-0.0787233934,0.817896545,0.624025762,-0.0484076999,0.801394939,0.710726321,-0.0617655404,0.797948301,0.700163245,-0.0601462573,0.800604939,0.675157666,-0.0614612326,0.814647615,0.637851834,-0.0520262495,0.802361071,0.707563698,-0.0624096505,0.796789765,0.698578238,-0.0626974106,0.797073364,0.676325917,-0.0640791059
1790262154.7361875,1658,5.98,0,1,6,BACK,settle,svm,1,1,1,gesture,BACK,CENTER,rc lr=0 fb=0 ud=0 yaw=0,1,0.9904244438666042,87.0,60.0,1,0.008348849529511426,0.4046966487990812,0.727184296,0.462964237,-2.85355355e-07,0.69405371,0.485139012,-0.0369045064,0.660931826,0.506509066,-0.0648572519,0.667841375,0.523009658,-0.0862420276,0.696215153,0.518945694,-0.103887491,0.666832566,0.386972427,-0.0632041842,0.674192071,0.472951949,-0.0846450478,0.672807753,0.49321413,-0.096608609,0.670830011,0.477273971,-0.10709887,0.705437243,0.372340173,-0.0575430728,0.714188457,0.478282034,-0.0761730224,0.706500649,0.490938902,-0.0789038092,0.699733973,0.470767915,-0.0833488181,0.741379619,0.376407325,-0.053487137,0.747325838,0.473531991,-0.070490472,0.73629868,0.481147915,-0.0634715185,0.727579772,0.460833281,-0.0593825206,0.772659957,0.391665995,-0.0536363348,0.774524748,0.459525287,-0.069652386,0.762721121,0.472198665,-0.0684042349,0.753850758,0.462362051,-0.0657985434
1790262154.9104261,1662,13.96,0,1,6,BACK,settle,svm,1,0,0,gesture,BACK,NOHAND,rc lr=0 fb=0 ud=0 yaw=0,0,,87.0,60.0,1,0.008348849529511426,0.4046966487990812,0.727184296,0.462964237,-2.85355355e-07,0.69405371,0.485139012,-0.0369045064,0.660931826,0.506509066,-0.0648572519,0.667841375,0.523009658,-0.0862420276,0.696215153,0.518945694,-0.103887491,0.666832566,0.386972427,-0.0632041842,0.674192071,0.472951949,-0.0846450478,0.672807753,0.49321413,-0.096608609,0.670830011,0.477273971,-0.10709887,0.705437243,0.372340173,-0.0575430728,0.714188457,0.478282034,-0.0761730224,0.706500649,0.490938902,-0.0789038092,0.699733973,0.470767915,-0.0833488181,0.741379619,0.376407325,-0.053487137,0.747325838,0.473531991,-0.070490472,0.73629868,0.481147915,-0.0634715185,0.727579772,0.460833281,-0.0593825206,0.772659957,0.391665995,-0.0536363348,0.774524748,0.459525287,-0.069652386,0.762721121,0.472198665,-0.0684042349,0.753850758,0.462362051,-0.0657985434
1790262154.9312258,1663,2.99,0,1,6,BACK,settle,svm,1,1,1,gesture,BACK,CENTER,rc lr=0 fb=0 ud=0 yaw=0,1,0.9153594866083838,87.0,60.0,1,0.010384639304872323,0.24384075532380936,0.699198127,0.487481147,-1.82149236e-07,0.673570633,0.495177388,-0.0364852026,0.651129901,0.499070168,-0.0611638352,0.659652829,0.500556409,-0.0794684142,0.684454083,0.486445785,-0.0936317444,0.64746654,0.361585468,-0.0483266115,0.667258978,0.432947129,-0.0691560879,0.667619228,0.452110142,-0.0820046216,0.661794543,0.437742472,-0.0924201235,0.684892893,0.34489277,-0.0421824418,0.704164088,0.437572807,-0.0607283264,0.700505078,0.45767957,-0.0660089552,0.692157507,0.442379236,-0.0708814412,0.720656216,0.346454144,-0.0385327861,0.734118462,0.432665139,-0.0555988066,0.730145991,0.452201009,-0.0493557267,0.725205481,0.442267627,-0.0445757434,0.753902555,0.358788133,-0.0393488668,0.761534452,0.418834209,-0.0536850095,0.755265296,0.442115724,-0.05139184,0.749459922,0.443214655,-0.0471534654
1790262155.053889,1665,55.99,0,1,6,BACK,settle,svm,1,1,1,gesture,BACK,BACK,rc lr=0 fb=-30 ud=0 yaw=0,2,0.9153594866083838,87.0,60.0,1,0.012145352520402497,0.1695497709491049,0.699198127,0.487481147,-1.82149236e-07,0.673570633,0.495177388,-0.0364852026,0.651129901,0.499070168,-0.0611638352,0.659652829,0.500556409,-0.0794684142,0.684454083,0.486445785,-0.0936317444,0.64746654,0.361585468,-0.0483266115,0.667258978,0.432947129,-0.0691560879,0.667619228,0.452110142,-0.0820046216,0.661794543,0.437742472,-0.0924201235,0.684892893,0.34489277,-0.0421824418,0.704164088,0.437572807,-0.0607283264,0.700505078,0.45767957,-0.0660089552,0.692157507,0.442379236,-0.0708814412,0.720656216,0.346454144,-0.0385327861,0.734118462,0.432665139,-0.0555988066,0.730145991,0.452201009,-0.0493557267,0.725205481,0.442267627,-0.0445757434,0.753902555,0.358788133,-0.0393488668,0.761534452,0.418834209,-0.0536850095,0.755265296,0.442115724,-0.05139184,0.749459922,0.443214655,-0.0471534654
1790262155.072515,1666,7.04,0,1,6,BACK,settle,svm,1,1,1,gesture,BACK,BACK,rc lr=0 fb=-30 ud=0 yaw=0,3,0.9964717270814011,87.0,60.0,1,0.01370753018351678,0.12862349285375152,0.719158947,0.446928352,-1.8962983e-07,0.69010365,0.463928998,-0.0395529456,0.661727309,0.478118747,-0.0674064606,0.662587464,0.487986326,-0.08708179,0.684973538,0.476523012,-0.101190828,0.655283213,0.351580888,-0.0640724972,0.676659644,0.43200779,-0.0902048051,0.676511168,0.452406168,-0.102108732,0.670877695,0.432404548,-0.111589573,0.691976368,0.334318042,-0.0558246225,0.712643087,0.436310798,-0.0796023682,0.706495702,0.454536408,-0.0812069699,0.696617305,0.427374065,-0.0833337083,0.728262603,0.33557567,-0.0500899367,0.744036376,0.429057568,-0.0736266598,0.734650135,0.444671869,-0.0661906898,0.724104881,0.424274832,-0.060370069,0.761522055,0.347681493,-0.0482240729,0.771294355,0.412334919,-0.0713527054,0.76086092,0.436144859,-0.0727390647,0.751421452,0.433423311,-0.0705840588
1790262155.1387527,1668,6.98,0,1,6,BACK,settle,svm,1,1,1,gesture,BACK,BACK,rc lr=0 fb=-30 ud=0 yaw=0,4,0.9964717270814011,87.0,60.0,1,0.014785874171458602,0.07866800025277515,0.719158947,0.446928352,-1.8962983e-07,0.69010365,0.463928998,-0.0395529456,0.661727309,0.478118747,-0.0674064606,0.662587464,0.487986326,-0.08708179,0.684973538,0.476523012,-0.101190828,0.655283213,0.351580888,-0.0640724972,0.676659644,0.43200779,-0.0902048051,0.676511168,0.452406168,-0.102108732,0.670877695,0.432404548,-0.111589573,0.691976368,0.334318042,-0.0558246225,0.712643087,0.436310798,-0.0796023682,0.706495702,0.454536408,-0.0812069699,0.696617305,0.427374065,-0.0833337083,0.728262603,0.33557567,-0.0500899367,0.744036376,0.429057568,-0.0736266598,0.734650135,0.444671869,-0.0661906898,0.724104881,0.424274832,-0.060370069,0.761522055,0.347681493,-0.0482240729,0.771294355,0.412334919,-0.0713527054,0.76086092,0.436144859,-0.0727390647,0.751421452,0.433423311,-0.0705840588
1790262155.167127,1669,2.99,0,1,6,BACK,settle,svm,1,1,1,gesture,BACK,BACK,rc lr=0 fb=-30 ud=0 yaw=0,5,0.922663505926003,87.0,60.0,1,0.015719864036604747,0.0631677136106731,0.727413356,0.441387415,-2.65118501e-07,0.698259652,0.45844993,-0.0333506837,0.669367433,0.473227948,-0.0576811209,0.671405911,0.483100295,-0.0762436837,0.695349932,0.471975207,-0.0909801349,0.667321205,0.34229663,-0.0503970049,0.68784827,0.423444659,-0.0729643703,0.686955094,0.446132809,-0.0868756324,0.679228902,0.431123286,-0.0979990438,0.703600645,0.325894922,-0.0462068766,0.723109245,0.424628794,-0.0660256743,0.716944396,0.44611302,-0.0704486966,0.707559764,0.42809239,-0.0745348036,0.739172757,0.327751666,-0.044096455,0.752807975,0.419489622,-0.0628164858,0.745842814,0.4398157,-0.0559147708,0.738369465,0.426285505,-0.0503386483,0.771331251,0.340491503,-0.0459407158,0.77881825,0.405224562,-0.0620185658,0.770359635,0.429970175,-0.0594550744,0.763336897,0.429048151,-0.0548465401
1790262155.2338412,1670,2.0,0,1,6,BACK,settle,svm,1,1,1,gesture,BACK,BACK,rc lr=0 fb=-30 ud=0 yaw=0,6,0.922663505926003,87.0,60.0,1,0.016341815375149338,0.039564676710710456,0.727413356,0.441387415,-2.65118501e-07,0.698259652,0.45844993,-0.0333506837,0.669367433,0.473227948,-0.0576811209,0.671405911,0.483100295,-0.0762436837,0.695349932,0.471975207,-0.0909801349,0.667321205,0.34229663,-0.0503970049,0.68784827,0.423444659,-0.0729643703,0.686955094,0.446132809,-0.0868756324,0.679228902,0.431123286,-0.0979990438,0.703600645,0.325894922,-0.0462068766,0.723109245,0.424628794,-0.0660256743,0.716944396,0.44611302,-0.0704486966,0.707559764,0.42809239,-0.0745348036,0.739172757,0.327751666,-0.044096455,0.752807975,0.419489622,-0.0628164858,0.745842814,0.4398157,-0.0559147708,0.738369465,0.426285505,-0.0503386483,0.771331251,0.340491503,-0.0459407158,0.77881825,0.405224562,-0.0620185658,0.770359635,0.429970175,-0.0594550744,0.763336897,0.429048151,-0.0548465401
1790262155.2674263,1671,1.99,0,1,6,BACK,settle,svm,1,1,1,gesture,BACK,BACK,rc lr=0 fb=-30 ud=0 yaw=0,7,0.9810970920723154,87.0,60.0,1,0.016980864295026876,0.039105136437248396,0.735923946,0.442503601,-2.3961789e-07,0.706165671,0.461687773,-0.0368800759,0.676447988,0.477999121,-0.0633197427,0.678194404,0.488217384,-0.0834671259,0.69993031,0.47929883,-0.0993420258,0.666217506,0.347373396,-0.0542955324,0.684687674,0.427028507,-0.0789913461,0.685805798,0.452899337,-0.0934093744,0.679360271,0.438585311,-0.104393974,0.70347476,0.328746408,-0.0488292426,0.721711695,0.428295702,-0.0700933263,0.717311084,0.452598572,-0.0745811313,0.708662629,0.434172332,-0.0786612853,0.740202963,0.32885164,-0.0459423438,0.753369927,0.421432048,-0.0664304644,0.748035491,0.443943352,-0.0601259395,0.7409302,0.431683242,-0.0547932237,0.773959994,0.340577006,-0.0472125486,0.780338168,0.406493247,-0.0640259162,0.772162914,0.433279365,-0.0619767681,0.765020132,0.435039997,-0.0576656125
1790262155.33416,1673,2.0,0,1,6,BACK,settle,svm,1,1,1,gesture,BACK,BACK,rc lr=0 fb=-30 ud=0 yaw=0,8,0.9810970920723154,87.0,60.0,1,0.017402558069186114,0.024833469417851563,0.735923946,0.442503601,-2.3961789e-07,0.706165671,0.461687773,-0.0368800759,0.676447988,0.477999121,-0.0633197427,0.678194404,0.488217384,-0.0834671259,0.69993031,0.47929883,-0.0993420258,0.666217506,0.347373396,-0.0542955324,0.684687674,0.427028507,-0.0789913461,0.685805798,0.452899337,-0.0934093744,0.679360271,0.438585311,-0.104393974,0.70347476,0.328746408,-0.0488292426,0.721711695,0.428295702,-0.0700933263,0.717311084,0.452598572,-0.0745811313,0.708662629,0.434172332,-0.0786612853,0.740202963,0.32885164,-0.0459423438,0.753369927,0.421432048,-0.0664304644,0.748035491,0.443943352,-0.0601259395,0.7409302,0.431683242,-0.0547932237,0.773959994,0.340577006,-0.0472125486,0.780338168,0.406493247,-0.0640259162,0.772162914,0.433279365,-0.0619767681,0.765020132,0.435039997,-0.0576656125
1790262155.3969152,1674,1.0,0,1,6,BACK,hold,svm,1,1,1,gesture,BACK,BACK,rc lr=0 fb=-30 ud=0 yaw=0,9,0.9025665154919641,87.0,60.0,1,0.017789575689739934,0.022239122490795984,0.723078012,0.458968014,-2.41212149e-07,0.693184793,0.470818609,-0.0334986784,0.665513039,0.480221599,-0.056787312,0.671871245,0.488664359,-0.0744222552,0.697118342,0.478260159,-0.0881795511,0.661640286,0.349438697,-0.0486318208,0.681202531,0.425444007,-0.0723265633,0.681677163,0.447567284,-0.0865895376,0.674870908,0.432446927,-0.0973173529,0.700551212,0.331211895,-0.0443416052,0.719832063,0.430152565,-0.0641919449,0.714886725,0.452527434,-0.0679990053,0.706170917,0.434892476,-0.071308814,0.738010526,0.332443088,-0.042603638,0.751516879,0.426799744,-0.0599846318,0.74484247,0.445258468,-0.0516247191,0.737514079,0.430473506,-0.0449699461,0.772112489,0.34562248,-0.0452603325,0.779211462,0.413663924,-0.059533827,0.769649327,0.436867476,-0.0561382063,0.761355162,0.436014593,-0.0507548079
1790262155.4586575,1675,30.92,0,1,6,BACK,hold,svm,1,1,1,gesture,BACK,BACK,rc lr=0 fb=-30 ud=0 yaw=0,10,0.9025665154919641,87.0,60.0,1,0.018041851718741952,0.014181115581498547,0.723078012,0.458968014,-2.41212149e-07,0.693184793,0.470818609,-0.0334986784,0.665513039,0.480221599,-0.056787312,0.671871245,0.488664359,-0.0744222552,0.697118342,0.478260159,-0.0881795511,0.661640286,0.349438697,-0.0486318208,0.681202531,0.425444007,-0.0723265633,0.681677163,0.447567284,-0.0865895376,0.674870908,0.432446927,-0.0973173529,0.700551212,0.331211895,-0.0443416052,0.719832063,0.430152565,-0.0641919449,0.714886725,0.452527434,-0.0679990053,0.706170917,0.434892476,-0.071308814,0.738010526,0.332443088,-0.042603638,0.751516879,0.426799744,-0.0599846318,0.74484247,0.445258468,-0.0516247191,0.737514079,0.430473506,-0.0449699461,0.772112489,0.34562248,-0.0452603325,0.779211462,0.413663924,-0.059533827,0.769649327,0.436867476,-0.0561382063,0.761355162,0.436014593,-0.0507548079
1790262155.4786043,1676,13.96,0,1,6,BACK,hold,svm,1,1,1,gesture,BACK,BACK,rc lr=0 fb=-30 ud=0 yaw=0,11,0.9849229235029237,87.0,60.0,1,0.01824225813576774,0.011107862992666438,0.732083917,0.4464387,-2.2671712e-07,0.70404917,0.463310808,-0.0354822762,0.676110923,0.479487538,-0.0620301068,0.678721666,0.491445124,-0.082862936,0.700110853,0.481574118,-0.0998704582,0.666250765,0.348631114,-0.0533877648,0.681841493,0.428562433,-0.0808958709,0.682466149,0.449151009,-0.0988712013,0.677687049,0.431400299,-0.112098865,0.70443809,0.330543697,-0.048717957,0.721370697,0.435539842,-0.0715116486,0.715769351,0.457167745,-0.0774746239,0.70755285,0.436256349,-0.0825426504,0.74170804,0.33174479,-0.0467821732,0.754608274,0.429373592,-0.0677843168,0.747243166,0.447374672,-0.0620961972,0.739363432,0.429619312,-0.0572022572,0.775485158,0.344416827,-0.0489796028,0.78195256,0.41483292,-0.0659211576,0.772248209,0.43794319,-0.0642650723,0.764579117,0.433970273,-0.0602335781
1790262155.5470648,1677,52.5,0,1,6,BACK,hold,svm,1,1,1,gesture,BACK,BACK,rc lr=0 fb=-30 ud=0 yaw=0,12,0.9849229235029237,87.0,60.0,1,0.018372955084217324,0.007164515899121271,0.732083917,0.4464387,-2.2671712e-07,0.70404917,0.463310808,-0.0354822762,0.676110923,0.479487538,-0.0620301068,0.678721666,0.491445124,-0.082862936,0.700110853,0.481574118,-0.0998704582,0.666250765,0.348631114,-0.0533877648,0.681841493,0.428562433,-0.0808958709,0.682466149,0.449151009,-0.0988712013,0.677687049,0.431400299,-0.112098865,0.70443809,0.330543697,-0.048717957,0.721370697,0.435539842,-0.0715116486,0.715769351,0.457167745,-0.0774746239,0.70755285,0.436256349,-0.0825426504,0.74170804,0.33174479,-0.0467821732,0.754608274,0.429373592,-0.0677843168,0.747243166,0.447374672,-0.0620961972,0.739363432,0.429619312,-0.0572022572,0.775485158,0.344416827,-0.0489796028,0.78195256,0.41483292,-0.0659211576,0.772248209,0.43794319,-0.0642650723,0.764579117,0.433970273,-0.0602335781
1790262155.571226,1678,1.22,0,1,6,BACK,hold,svm,1,1,1,gesture,BACK,BACK,rc lr=0 fb=-30 ud=0 yaw=0,13,0.9437860067974344,87.0,60.0,1,0.018426532445836585,0.0029160993086672954,0.731822371,0.44855842,-2.47738342e-07,0.703397572,0.463090658,-0.034418568,0.675014794,0.474593997,-0.0590797737,0.678627551,0.482524037,-0.0779688209,0.703435779,0.471026868,-0.0927324817,0.668371141,0.343699157,-0.0497271791,0.688898206,0.417581797,-0.0749398544,0.68765527,0.439680189,-0.0911281109,0.680057585,0.425039679,-0.103385136,0.70708853,0.323758811,-0.0452508368,0.727512896,0.429265529,-0.0666896328,0.722227156,0.450302422,-0.0722629279,0.714209199,0.429601312,-0.0769911185,0.744820058,0.324102759,-0.0434141159,0.759310484,0.425146371,-0.0616721101,0.75313592,0.442363352,-0.0544003285,0.746478319,0.42522949,-0.0487033799,0.779046416,0.336433828,-0.0460462421,0.785056293,0.410330564,-0.0618188679,0.775981009,0.431863427,-0.0596891381,0.76832372,0.427146167,-0.0551427118
1790262155.6401408,1680,6.98,0,1,6,BACK,hold,svm,1,1,1,gesture,BACK,BACK,rc lr=0 fb=-30 ud=0 yaw=0,14,0.9437860067974344,87.0,60.0,1,0.01846125620502903,0.0018844434944292046,0.731822371,0.44855842,-2.47738342e-07,0.703397572,0.463090658,-0.034418568,0.675014794,0.474593997,-0.0590797737,0.678627551,0.482524037,-0.0779688209,0.703435779,0.471026868,-0.0927324817,0.668371141,0.343699157,-0.0497271791,0.688898206,0.417581797,-0.0749398544,0.68765527,0.439680189,-0.0911281109,0.680057585,0.425039679,-0.103385136,0.70708853,0.323758811,-0.0452508368,0.727512896,0.429265529,-0.0666896328,0.722227156,0.450302422,-0.0722629279,0.714209199,0.429601312,-0.0769911185,0.744820058,0.324102759,-0.0434141159,0.759310484,0.425146371,-0.0616721101,0.75313592,0.442363352,-0.0544003285,0.746478319,0.42522949,-0.0487033799,0.779046416,0.336433828,-0.0460462421,0.785056293,0.410330564,-0.0618188679,0.775981009,0.431863427,-0.0596891381,0.76832372,0.427146167,-0.0551427118
1790262155.66823,1681,2.58,0,1,6,BACK,hold,svm,1,1,1,gesture,BACK,BACK,rc lr=0 fb=-30 ud=0 yaw=0,15,0.9816643232591612,87.0,60.0,1,0.01857671863649557,0.006254310659265249,0.732783258,0.441153526,-2.26400402e-07,0.704666018,0.455732405,-0.0372439325,0.676257551,0.466773301,-0.0631218478,0.679598451,0.475664675,-0.0822063088,0.704833031,0.463895023,-0.0963894725,0.669853926,0.331904948,-0.0536515899,0.689904273,0.411633849,-0.0793684274,0.688804388,0.435588777,-0.0942051411,0.68158412,0.419412464,-0.105401568,0.707556903,0.313606262,-0.0476622097,0.728014648,0.41779995,-0.0698304623,0.722533226,0.439223796,-0.0737459287,0.713994682,0.416809261,-0.0771113262,0.744748473,0.314964294,-0.0445383787,0.760240078,0.41332069,-0.0646072626,0.752984524,0.430781007,-0.0566835701,0.745241046,0.412359804,-0.0502109565,0.778629601,0.328198314,-0.0458877161,0.785804868,0.399432361,-0.0635922551,0.776803792,0.422141314,-0.0618994683,0.769249201,0.41819191,-0.0573828928
1790262155.7399836,1682,7.98,0,1,6,BACK,hold,svm,1,1,1,gesture,BACK,BACK,rc lr=0 fb=-30 ud=0 yaw=0,16,0.9816643232591612,87.0,60.0,1,0.01865170462349397,0.004036557180291403,0.732783258,0.441153526,-2.26400402e-07,0.704666018,0.455732405,-0.0372439325,0.676257551,0.466773301,-0.0631218478,0.679598451,0.475664675,-0.0822063088,0.704833031,0.463895023,-0.0963894725,0.669853926,0.331904948,-0.0536515899,0.689904273,0.411633849,-0.0793684274,0.688804388,0.435588777,-0.0942051411,0.68158412,0.419412464,-0.105401568,0.707556903,0.313606262,-0.0476622097,0.728014648,0.41779995,-0.0698304623,0.722533226,0.439223796,-0.0737459287,0.713994682,0.416809261,-0.0771113262,0.744748473,0.314964294,-0.0445383787,0.760240078,0.41332069,-0.0646072626,0.752984524,0.430781007,-0.0566835701,0.745241046,0.412359804,-0.0502109565,0.778629601,0.328198314,-0.0458877161,0.785804868,0.399432361,-0.0635922551,0.776803792,0.422141314,-0.0618994683,0.769249201,0.41819191,-0.0573828928
1790262155.771329,1683,3.99,0,1,6,BACK,hold,svm,1,1,1,gesture,BACK,BACK,rc lr=0 fb=-30 ud=0 yaw=0,17,0.9804874672725787,87.0,60.0,1,0.018534690308150914,-0.006273652607368811,0.737797201,0.42119357,-2.24812368e-07,0.705833733,0.439470828,-0.0356466435,0.67402941,0.456327796,-0.061173141,0.675579071,0.469829559,-0.0804642513,0.701484978,0.461825252,-0.0956344381,0.671031833,0.331160903,-0.0540966429,0.69171983,0.41370368,-0.0769565403,0.688438118,0.434403777,-0.0907233283,0.680466235,0.417785525,-0.102138288,0.708887398,0.312819183,-0.0483755954,0.730084479,0.418676466,-0.0681383833,0.721673727,0.434434444,-0.072655946,0.711036384,0.412028849,-0.0777616948,0.746240973,0.313073963,-0.044870358,0.761747181,0.413962364,-0.0626177713,0.752161264,0.427959681,-0.0558926538,0.742446065,0.408930361,-0.0513950661,0.780326605,0.32409215,-0.0457008705,0.787685454,0.39758864,-0.0615307018,0.775600791,0.419097126,-0.0603902116,0.764748693,0.416027665,-0.0574066006
1790262155.8412352,1685,9.48,0,1,6,BACK,hold,svm,1,1,1,gesture,BACK,BACK,rc lr=0 fb=-30 ud=0 yaw=0,18,0.9804874672725787,87.0,60.0,1,0.01845832010758386,-0.004120392588025616,0.737797201,0.42119357,-2.24812368e-07,0.705833733,0.439470828,-0.0356466435,0.67402941,0.456327796,-0.061173141,0.675579071,0.469829559,-0.0804642513,0.701484978,0.461825252,-0.0956344381,0.671031833,0.331160903,-0.0540966429,0.69171983,0.41370368,-0.0769565403,0.688438118,0.434403777,-0.0907233283,0.680466235,0.417785525,-0.102138288,0.708887398,0.312819183,-0.0483755954,0.730084479,0.418676466,-0.0681383833,0.721673727,0.434434444,-0.072655946,0.711036384,0.412028849,-0.0777616948,0.746240973,0.313073963,-0.044870358,0.761747181,0.413962364,-0.0626177713,0.752161264,0.427959681,-0.0558926538,0.742446065,0.408930361,-0.0513950661,0.780326605,0.32409215,-0.0457008705,0.787685454,0.39758864,-0.0615307018,0.775600791,0.419097126,-0.0603902116,0.764748693,0.416027665,-0.0574066006
1790262155.899553,1686,1.0,0,1,6,BACK,hold,svm,1,1,1,gesture,BACK,BACK,rc lr=0 fb=-30 ud=0 yaw=0,19,0.8793770514192686,87.0,60.0,1,0.01849851515791201,0.0021776115103582195,0.726449311,0.445083231,-2.81928862e-07,0.695550799,0.457147628,-0.0318477415,0.667286813,0.466802895,-0.0549190082,0.675147891,0.475848019,-0.0729395151,0.700069964,0.466172457,-0.0873840153,0.666921914,0.333940536,-0.0473437719,0.683854997,0.408486485,-0.0708477497,0.681531131,0.42663911,-0.0862277001,0.674405932,0.409041822,-0.0982014835,0.706430852,0.316676348,-0.0441655479,0.723890841,0.424425423,-0.0644182786,0.71598202,0.44505018,-0.0697101802,0.706007779,0.424293667,-0.0743023679,0.744509816,0.319014996,-0.0432376452,0.755817652,0.421582699,-0.0601251386,0.747735381,0.436762333,-0.0519316979,0.740239501,0.417324156,-0.0457289219,0.77847445,0.332239598,-0.0467250124,0.783608794,0.406337798,-0.0610172302,0.773663938,0.426396132,-0.0576193929,0.765573978,0.419837087,-0.0522931218
1790262155.9566698,1687,27.2,0,1,6,BACK,hold,svm,1,1,1,gesture,BACK,BACK,rc lr=0 fb=-30 ud=0 yaw=0,20,0.8793770514192686,87.0,60.0,1,0.018524659564775448,0.001413324617692643,0.726449311,0.445083231,-2.81928862e-07,0.695550799,0.457147628,-0.0318477415,0.667286813,0.466802895,-0.0549190082,0.675147891,0.475848019,-0.0729395151,0.700069964,0.466172457,-0.0873840153,0.666921914,0.333940536,-0.0473437719,0.683854997,0.408486485,-0.0708477497,0.681531131,0.42663911,-0.0862277001,0.674405932,0.409041822,-0.0982014835,0.706430852,0.316676348,-0.0441655479,0.723890841,0.424425423,-0.0644182786,0.71598202,0.44505018,-0.0697101802,0.706007779,0.424293667,-0.0743023679,0.744509816,0.319014996,-0.0432376452,0.755817652,0.421582699,-0.0601251386,0.747735381,0.436762333,-0.0519316979,0.740239501,0.417324156,-0.0457289219,0.77847445,0.332239598,-0.0467250124,0.783608794,0.406337798,-0.0610172302,0.773663938,0.426396132,-0.0576193929,0.765573978,0.419837087,-0.0522931218
1790262155.9736235,1688,9.97,0,1,6,BACK,hold,svm,1,1,1,gesture,BACK,BACK,rc lr=0 fb=-30 ud=0 yaw=0,21,0.9833219420583227,87.0,60.0,1,0.01872406015318262,0.01076406223336659,0.727427244,0.436358958,-2.3211696e-07,0.696885228,0.45174551,-0.0366742574,0.66771692,0.465234756,-0.0628003925,0.672208548,0.477527618,-0.0822730362,0.697147012,0.468276978,-0.0970152095,0.666469097,0.331021994,-0.054748036,0.683935642,0.418445408,-0.0784028023,0.682797015,0.440333903,-0.0922459215,0.677544713,0.422304571,-0.103361756,0.705884397,0.315784305,-0.048807364,0.725190759,0.427002788,-0.0691258013,0.717077494,0.441505343,-0.073338896,0.707374573,0.416055292,-0.0778232813,0.744163454,0.318589419,-0.0452525653,0.757952511,0.423348874,-0.0633871034,0.74863565,0.433880448,-0.0554717779,0.740265429,0.411009133,-0.0497107655,0.778270721,0.332217515,-0.0462142304,0.784539938,0.406458616,-0.0624126755,0.773105621,0.423524708,-0.0605449639,0.764133871,0.415144801,-0.0564219393
1790262156.0439348,1689,47.37,0,1,6,BACK,hold,svm,1,1,1,gesture,BACK,BACK,rc lr=0 fb=-30 ud=0 yaw=0,22,0.9833219420583227,87.0,60.0,1,0.018854238642980192,0.006952471244621862,0.727427244,0.436358958,-2.3211696e-07,0.696885228,0.45174551,-0.0366742574,0.66771692,0.465234756,-0.0628003925,0.672208548,0.477527618,-0.0822730362,0.697147012,0.468276978,-0.0970152095,0.666469097,0.331021994,-0.054748036,0.683935642,0.418445408,-0.0784028023,0.682797015,0.440333903,-0.0922459215,0.677544713,0.422304571,-0.103361756,0.705884397,0.315784305,-0.048807364,0.725190759,0.427002788,-0.0691258013,0.717077494,0.441505343,-0.073338896,0.707374573,0.416055292,-0.0778232813,0.744163454,0.318589419,-0.0452525653,0.757952511,0.423348874,-0.0633871034,0.74863565,0.433880448,-0.0554717779,0.740265429,0.411009133,-0.0497107655,0.778270721,0.332217515,-0.0462142304,0.784539938,0.406458616,-0.0624126755,0.773105621,0.423524708,-0.0605449639,0.764133871,0.415144801,-0.0564219393
1790262156.0638812,1690,1.99,0,1,6,BACK,hold,svm,1,1,1,gesture,BACK,BACK,rc lr=0 fb=-30 ud=0 yaw=0,23,0.9551357954621451,87.0,60.0,1,0.01894693239593792,0.0049163349797866525,0.727534294,0.445672333,-2.66179057e-07,0.697090685,0.459875405,-0.0359198339,0.668420792,0.470084369,-0.0615051761,0.672335207,0.476702243,-0.0809448585,0.695985496,0.463578582,-0.095850803,0.666180313,0.330814004,-0.050948631,0.684996307,0.412678331,-0.0749752223,0.682973385,0.435465366,-0.0902932435,0.675868332,0.418741822,-0.102307387,0.705561459,0.31365335,-0.0455284938,0.724799514,0.423174649,-0.0659687296,0.716235638,0.44329071,-0.0713362843,0.705646694,0.422195077,-0.0764576718,0.743725777,0.315787196,-0.0426247008,0.756746233,0.418258309,-0.0605439022,0.748241425,0.433804929,-0.0529231727,0.739769638,0.416045666,-0.0472614616,0.777873158,0.329459012,-0.0442690328,0.783438325,0.401856512,-0.0595101267,0.77316153,0.421735764,-0.0568660982,0.764185727,0.416576713,-0.052064389
1790262156.1257017,1691,30.18,0,1,6,BACK,hold,svm,1,1,1,gesture,BACK,BACK,rc lr=0 fb=-30 ud=0 yaw=0,24,0.9551357954621451,87.0,60.0,1,0.019007127031400728,0.003177012204662332,0.727534294,0.445672333,-2.66179057e-07,0.697090685,0.459875405,-0.0359198339,0.668420792,0.470084369,-0.0615051761,0.672335207,0.476702243,-0.0809448585,0.695985496,0.463578582,-0.095850803,0.666180313,0.330814004,-0.050948631,0.684996307,0.412678331,-0.0749752223,0.682973385,0.435465366,-0.0902932435,0.675868332,0.418741822,-0.102307387,0.705561459,0.31365335,-0.0455284938,0.724799514,0.423174649,-0.0659687296,0.716235638,0.44329071,-0.0713362843,0.705646694,0.422195077,-0.0764576718,0.743725777,0.315787196,-0.0426247008,0.756746233,0.418258309,-0.0605439022,0.748241425,0.433804929,-0.0529231727,0.739769638,0.416045666,-0.0472614616,0.777873158,0.329459012,-0.0442690328,0.783438325,0.401856512,-0.0595101267,0.77316153,0.421735764,-0.0568660982,0.764185727,0.416576713,-0.052064389
1790262156.1436543,1692,12.96,0,1,6,BACK,hold,svm,1,1,1,gesture,BACK,BACK,rc lr=0 fb=-30 ud=0 yaw=0,25,0.9772781276330765,87.0,60.0,1,0.019026571768893774,0.0010230234932887292,0.73257637,0.434934199,-2.4379122e-07,0.701897085,0.450778753,-0.0364767686,0.671667933,0.463244706,-0.0628080294,0.674192548,0.470263124,-0.0827332363,0.697800636,0.457895994,-0.097752057,0.666392446,0.324441135,-0.0526942983,0.683107913,0.405074298,-0.0779652745,0.683021367,0.42953366,-0.0932960659,0.678032756,0.413148105,-0.105031364,0.704934478,0.306532025,-0.047200501,0.723686218,0.416156828,-0.0684472993,0.717995584,0.438168406,-0.0731566697,0.710177481,0.417225331,-0.0775213987,0.742939234,0.308481038,-0.044385463,0.756577909,0.412747771,-0.0628041625,0.749681413,0.429871112,-0.0550316796,0.742920816,0.411825389,-0.0492519103,0.777529716,0.322324634,-0.0461195894,0.782812774,0.398681641,-0.0619384721,0.773998082,0.419234633,-0.0598764531,0.766825676,0.412609756,-0.0554506481
1790262156.2131336,1693,50.53,0,1,6,BACK,hold,svm,1,1,1,gesture,BACK,BACK,rc lr=0 fb=-30 ud=0 yaw=0,26,0.9772781276330765,87.0,60.0,1,0.019038991920723447,0.0006527792804996238,0.73257637,0.434934199,-2.4379122e-07,0.701897085,0.450778753,-0.0364767686,0.671667933,0.463244706,-0.0628080294,0.674192548,0.470263124,-0.0827332363,0.697800636,0.457895994,-0.097752057,0.666392446,0.324441135,-0.0526942983,0.683107913,0.405074298,-0.0779652745,0.683021367,0.42953366,-0.0932960659,0.678032756,0.413148105,-0.105031364,0.704934478,0.306532025,-0.047200501,0.723686218,0.416156828,-0.0684472993,0.717995584,0.438168406,-0.0731566697,0.710177481,0.417225331,-0.0775213987,0.742939234,0.308481038,-0.044385463,0.756577909,0.412747771,-0.0628041625,0.749681413,0.429871112,-0.0550316796,0.742920816,0.411825389,-0.0492519103,0.777529716,0.322324634,-0.0461195894,0.782812774,0.398681641,-0.0619384721,0.773998082,0.419234633,-0.0598764531,0.766825676,0.412609756,-0.0554506481
1790262156.2320838,1694,1.0,0,1,6,BACK,hold,svm,1,1,1,gesture,BACK,BACK,rc lr=0 fb=-30 ud=0 yaw=0,27,0.9760968763371652,87.0,60.0,1,0.019201359426297415,0.008528156650837978,0.727038622,0.424095064,-2.40353643e-07,0.697009802,0.439004272,-0.0357523076,0.667923689,0.450661659,-0.0608855747,0.673314869,0.46157974,-0.0798441395,0.697978139,0.45131284,-0.0942932814,0.664260924,0.316227019,-0.05143103,0.682800949,0.392238289,-0.0763847381,0.682173431,0.412821323,-0.0915117711,0.675614476,0.395359337,-0.103017092,0.703967869,0.297570497,-0.0463748313,0.723166347,0.406017214,-0.0678126067,0.717395484,0.427155674,-0.0727452189,0.70790267,0.404487878,-0.0770254582,0.742627919,0.298702061,-0.0439815894,0.756204963,0.401663512,-0.0625432506,0.749230862,0.419222921,-0.0541933253,0.741181552,0.401939929,-0.0476500578,0.777721226,0.311595052,-0.046183981,0.78318274,0.385080814,-0.0626500994,0.773607016,0.40774098,-0.0600628182,0.764796019,0.405011415,-0.0548789613
1790262156.2942705,1696,19.95,0,1,6,BACK,hold,svm,1,1,1,gesture,BACK,BACK,rc lr=0 fb=-30 ud=0 yaw=0,28,0.9760968763371652,87.0,60.0,1,0.01930717663108794,0.005510922557160349,0.727038622,0.424095064,-2.40353643e-07,0.697009802,0.439004272,-0.0357523076,0.667923689,0.450661659,-0.0608855747,0.673314869,0.46157974,-0.0798441395,0.697978139,0.45131284,-0.0942932814,0.664260924,0.316227019,-0.05143103,0.682800949,0.392238289,-0.0763847381,0.682173431,0.412821323,-0.0915117711,0.675614476,0.395359337,-0.103017092,0.703967869,0.297570497,-0.0463748313,0.723166347,0.406017214,-0.0678126067,0.717395484,0.427155674,-0.0727452189,0.70790267,0.404487878,-0.0770254582,0.742627919,0.298702061,-0.0439815894,0.756204963,0.401663512,-0.0625432506,0.749230862,0.419222921,-0.0541933253,0.741181552,0.401939929,-0.0476500578,0.777721226,0.311595052,-0.046183981,0.78318274,0.385080814,-0.0626500994,0.773607016,0.40774098,-0.0600628182,0.764796019,0.405011415,-0.0548789613
1790262156.3357224,1697,1.99,0,1,6,BACK,hold,svm,1,1,1,gesture,BACK,BACK,rc lr=0 fb=-30 ud=0 yaw=0,29,0.995767426011741,87.0,60.0,1,0.01923327652925444,-0.003827597542900684,0.722390592,0.406207323,-2.30886982e-07,0.693556726,0.4214589,-0.0386394188,0.662935376,0.436826676,-0.0658545122,0.667272091,0.452375978,-0.0859410316,0.693902552,0.443030119,-0.101194784,0.664024353,0.3070198,-0.0598665252,0.683188021,0.390730798,-0.0854883716,0.681253493,0.411636084,-0.0991243869,0.673829079,0.393943518,-0.109597445,0.704792023,0.290522218,-0.0528167337,0.722920418,0.403334498,-0.0754307359,0.714197457,0.419882119,-0.0784029439,0.703030884,0.39303124,-0.0813007802,0.743956029,0.293706894,-0.0482792147,0.756117821,0.400034457,-0.0677275658,0.745373189,0.410999238,-0.0576813929,0.735016882,0.386567056,-0.0499931239,0.778551936,0.307911098,-0.0484272242,0.782007933,0.384802371,-0.06675978,0.76958549,0.402473956,-0.0648150742,0.759557486,0.393605858,-0.0600091219
1790262156.4014175,1698,6.85,0,1,6,BACK,hold,svm,1,1,1,gesture,BACK,BACK,rc lr=0 fb=-30 ud=0 yaw=0,30,0.995767426011741,87.0,60.0,1,0.01918525873694854,-0.002496599694433876,0.722390592,0.406207323,-2.30886982e-07,0.693556726,0.4214589,-0.0386394188,0.662935376,0.436826676,-0.0658545122,0.667272091,0.452375978,-0.0859410316,0.693902552,0.443030119,-0.101194784,0.664024353,0.3070198,-0.0598665252,0.683188021,0.390730798,-0.0854883716,0.681253493,0.411636084,-0.0991243869,0.673829079,0.393943518,-0.109597445,0.704792023,0.290522218,-0.0528167337,0.722920418,0.403334498,-0.0754307359,0.714197457,0.419882119,-0.0784029439,0.703030884,0.39303124,-0.0813007802,0.743956029,0.293706894,-0.0482792147,0.756117821,0.400034457,-0.0677275658,0.745373189,0.410999238,-0.0576813929,0.735016882,0.386567056,-0.0499931239,0.778551936,0.307911098,-0.0484272242,0.782007933,0.384802371,-0.06675978,0.76958549,0.402473956,-0.0648150742,0.759557486,0.393605858,-0.0600091219
1790262156.430482,1699,1.0,0,1,6,BACK,hold,svm,1,1,1,gesture,BACK,BACK,rc lr=0 fb=-30 ud=0 yaw=0,31,0.9951896312211974,87.0,60.0,1,0.019229993326668193,0.0023317167796908147,0.728197455,0.403478771,-2.38514417e-07,0.697137654,0.418241918,-0.0379683748,0.665385723,0.432387173,-0.0658822209,0.669465184,0.445417255,-0.0867504328,0.69722718,0.436131239,-0.102551505,0.664819002,0.296759546,-0.0588974059,0.681994975,0.384064078,-0.0844972804,0.680755377,0.407129467,-0.0985598862,0.674307406,0.388760984,-0.109507784,0.704441726,0.280472249,-0.0523151495,0.721493065,0.394626111,-0.0741263106,0.713922918,0.411866546,-0.0773018524,0.703827441,0.384973764,-0.0807160512,0.743311942,0.284113497,-0.0481845438,0.754992843,0.388240516,-0.0679926202,0.745365679,0.399752468,-0.0592534207,0.735764265,0.37555185,-0.0525871776,0.778256238,0.298877448,-0.0484260768,0.781898439,0.372666061,-0.0670030788,0.771037042,0.39058888,-0.0653333738,0.762389123,0.381959289,-0.0608155318
1790262156.4969838,1701,1.0,0,1,6,BACK,hold,svm,1,1,1,gesture,BACK,BACK,rc lr=0 fb=-30 ud=0 yaw=0,32,0.9951896312211974,87.0,60.0,1,0.019258788482005684,0.001497408493509866,0.728197455,0.403478771,-2.38514417e-07,0.697137654,0.418241918,-0.0379683748,0.665385723,0.432387173,-0.0658822209,0.669465184,0.445417255,-0.0867504328,0.69722718,0.436131239,-0.102551505,0.664819002,0.296759546,-0.0588974059,0.681994975,0.384064078,-0.0844972804,0.680755377,0.407129467,-0.0985598862,0.674307406,0.388760984,-0.109507784,0.704441726,0.280472249,-0.0523151495,0.721493065,0.394626111,-0.0741263106,0.713922918,0.411866546,-0.0773018524,0.703827441,0.384973764,-0.0807160512,0.743311942,0.284113497,-0.0481845438,0.754992843,0.388240516,-0.0679926202,0.745365679,0.399752468,-0.0592534207,0.735764265,0.37555185,-0.0525871776,0.778256238,0.298877448,-0.0484260768,0.781898439,0.372666061,-0.0670030788,0.771037042,0.39058888,-0.0653333738,0.762389123,0.381959289,-0.0608155318
1790262156.5646827,1702,2.99,0,1,6,BACK,hold,svm,1,1,1,gesture,BACK,BACK,rc lr=0 fb=-30 ud=0 yaw=0,33,0.9956980175684245,87.0,60.0,1,0.019515278125620483,0.013318057044681097,0.726726532,0.392564297,-2.45068236e-07,0.697139442,0.40795213,-0.0383644886,0.66874373,0.423279375,-0.0662679225,0.673379481,0.43603164,-0.0871400535,0.697752714,0.42480576,-0.103183784,0.665253997,0.285462111,-0.0582923181,0.684705913,0.371599495,-0.0850991979,0.683517873,0.394910306,-0.100864626,0.675692797,0.376057565,-0.113006622,0.705680192,0.268765479,-0.052213043,0.72363621,0.377760619,-0.0750137493,0.716627061,0.399111301,-0.0790484399,0.706334054,0.373091578,-0.0830769241,0.744597375,0.271769166,-0.0487852506,0.757563055,0.372452796,-0.0693366453,0.747301936,0.390139222,-0.0609022304,0.736963153,0.369289368,-0.0545791388,0.779391825,0.286386579,-0.0498753339,0.784800708,0.357441306,-0.068471618,0.773014963,0.380382746,-0.0668279827,0.763603747,0.375972867,-0.0626622736
1790262156.624719,1703,29.62,0,1,6,BACK,hold,svm,1,1,1,gesture,BACK,BACK,rc lr=0 fb=-30 ud=0 yaw=0,34,0.9956980175684245,87.0,60.0,1,0.019682909517939606,0.008589751641768787,0.726726532,0.392564297,-2.45068236e-07,0.697139442,0.40795213,-0.0383644886,0.66874373,0.423279375,-0.0662679225,0.673379481,0.43603164,-0.0871400535,0.697752714,0.42480576,-0.103183784,0.665253997,0.285462111,-0.0582923181,0.684705913,0.371599495,-0.0850991979,0.683517873,0.394910306,-0.100864626,0.675692797,0.376057565,-0.113006622,0.705680192,0.268765479,-0.052213043,0.72363621,0.377760619,-0.0750137493,0.716627061,0.399111301,-0.0790484399,0.706334054,0.373091578,-0.0830769241,0.744597375,0.271769166,-0.0487852506,0.757563055,0.372452796,-0.0693366453,0.747301936,0.390139222,-0.0609022304,0.736963153,0.369289368,-0.0545791388,0.779391825,0.286386579,-0.0498753339,0.784800708,0.357441306,-0.068471618,0.773014963,0.380382746,-0.0668279827,0.763603747,0.375972867,-0.0626622736
1790262156.642566,1704,16.07,0,1,6,BACK,hold,svm,1,1,1,gesture,BACK,BACK,rc lr=0 fb=-30 ud=0 yaw=0,35,0.9912612081108992,87.0,60.0,1,0.01945236016873686,-0.01171317426382603,0.729308128,0.384189039,-2.66641393e-07,0.698301435,0.399869919,-0.0362869687,0.667243242,0.414727777,-0.0623319112,0.670862556,0.428881317,-0.0819663033,0.695695996,0.420750558,-0.0970337093,0.667707741,0.283055961,-0.0561479591,0.685819626,0.368252635,-0.081325613,0.685290098,0.393361658,-0.0955903158,0.67856878,0.376529515,-0.106455579,0.708573043,0.266986787,-0.0504616462,0.725127459,0.379155993,-0.0722341388,0.716419697,0.400438011,-0.0762168765,0.705572665,0.376578212,-0.0799318627,0.747308135,0.269753486,-0.0471467935,0.758240521,0.37379998,-0.0665362179,0.748154938,0.390079021,-0.0582083538,0.738453448,0.370745212,-0.0516743958,0.781459212,0.283220232,-0.0482027307,0.785235763,0.356569886,-0.0658287778,0.773626328,0.378747135,-0.0638167113,0.764327705,0.375183046,-0.0590208843
1790262156.7076488,1705,45.13,0,1,6,BACK,hold,svm,1,1,1,gesture,BACK,BACK,rc lr=0 fb=-30 ud=0 yaw=0,36,0.9912612081108992,87.0,60.0,1,0.019303094791283115,-0.007673381335681747,0.729308128,0.384189039,-2.66641393e-07,0.698301435,0.399869919,-0.0362869687,0.667243242,0.414727777,-0.0623319112,0.670862556,0.428881317,-0.0819663033,0.695695996,0.420750558,-0.0970337093,0.667707741,0.283055961,-0.0561479591,0.685819626,0.368252635,-0.081325613,0.685290098,0.393361658,-0.0955903158,0.67856878,0.376529515,-0.106455579,0.708573043,0.266986787,-0.0504616462,0.725127459,0.379155993,-0.0722341388,0.716419697,0.400438011,-0.0762168765,0.705572665,0.376578212,-0.0799318627,0.747308135,0.269753486,-0.0471467935,0.758240521,0.37379998,-0.0665362179,0.748154938,0.390079021,-0.0582083538,0.738453448,0.370745212,-0.0516743958,0.781459212,0.283220232,-0.0482027307,0.785235763,0.356569886,-0.0658287778,0.773626328,0.378747135,-0.0638167113,0.764327705,0.375183046,-0.0590208843
1790262156.7332697,1706,1.99,0,1,6,BACK,hold,svm,1,1,1,gesture,BACK,BACK,rc lr=0 fb=-30 ud=0 yaw=0,37,0.9906202602854198,87.0,60.0,1,0.019116738050927395,-0.009654241579949902,0.721185684,0.387230903,-2.38468772e-07,0.693381846,0.398942292,-0.0382346921,0.664018273,0.410115898,-0.0645782426,0.66839999,0.423278749,-0.0838364512,0.696913064,0.416179299,-0.098317571,0.665706217,0.276813924,-0.0565236956,0.68253845,0.363985896,-0.0795225501,0.683025599,0.388017833,-0.0910268873,0.676945269,0.371301383,-0.100022532,0.706107318,0.263091117,-0.0496355928,0.721076131,0.37096262,-0.070266597,0.715373993,0.390871704,-0.0731473938,0.705051005,0.367788464,-0.075923346,0.744324267,0.266908407,-0.0451133214,0.754468143,0.36476326,-0.0647744015,0.748095274,0.37965256,-0.056425035,0.739665449,0.360620558,-0.0494296663,0.778157353,0.281255394,-0.0449575149,0.782534599,0.349222362,-0.0627333075,0.773228168,0.373522878,-0.0601857379,0.764945805,0.373046041,-0.0547536798
1790262156.7992313,1708,1.99,0,1,6,BACK,hold,svm,1,1,1,gesture,BACK,BACK,rc lr=0 fb=-30 ud=0 yaw=0,38,0.9906202602854198,87.0,60.0,1,0.01907097000816549,-0.0023941345348761738,0.721185684,0.387230903,-2.38468772e-07,0.693381846,0.398942292,-0.0382346921,0.664018273,0.410115898,-0.0645782426,0.66839999,0.423278749,-0.0838364512,0.696913064,0.416179299,-0.098317571,0.665706217,0.276813924,-0.0565236956,0.68253845,0.363985896,-0.0795225501,0.683025599,0.388017833,-0.0910268873,0.676945269,0.371301383,-0.100022532,0.706107318,0.263091117,-0.0496355928,0.721076131,0.37096262,-0.070266597,0.715373993,0.390871704,-0.0731473938,0.705051005,0.367788464,-0.075923346,0.744324267,0.266908407,-0.0451133214,0.754468143,0.36476326,-0.0647744015,0.748095274,0.37965256,-0.056425035,0.739665449,0.360620558,-0.0494296663,0.778157353,0.281255394,-0.0449575149,0.782534599,0.349222362,-0.0627333075,0.773228168,0.373522878,-0.0601857379,0.764945805,0.373046041,-0.0547536798
1790262156.8311472,1709,1.99,0,1,6,BACK,hold,svm,1,1,1,gesture,BACK,BACK,rc lr=0 fb=-30 ud=0 yaw=0,39,0.9762600448314509,87.0,60.0,1,0.019114836625888643,0.0023001775842745203,0.719741106,0.382392704,-2.084508e-07,0.685933888,0.394885898,-0.034128461,0.656271577,0.407147437,-0.0588757508,0.665376663,0.421007931,-0.0769501925,0.694219112,0.418285996,-0.0908422619,0.660324395,0.276546299,-0.0535190143,0.679915249,0.367705762,-0.072599031,0.680403948,0.390981197,-0.0830754191,0.675206363,0.376839668,-0.0924719125,0.700303257,0.263519466,-0.0482681766,0.715778112,0.365270138,-0.0635187402,0.71099788,0.381960273,-0.0647880286,0.701790035,0.363942176,-0.0681956261,0.73811543,0.266712308,-0.0449042208,0.748607159,0.357024461,-0.0609594882,0.743295074,0.370320857,-0.0529181398,0.736265123,0.354469955,-0.0476335771,0.772987306,0.280414045,-0.0454552956,0.778096557,0.340088397,-0.0619227551,0.769752443,0.365572423,-0.0590375178,0.762298286,0.369532615,-0.0543561801
1790262156.899222,1710,1.99,0,1,6,BACK,hold,svm,1,1,1,gesture,BACK,BACK,rc lr=0 fb=-30 ud=0 yaw=0,40,0.9762600448314509,87.0,60.0,1,0.019141263977786593,0.0013825570375086665,0.719741106,0.382392704,-2.084508e-07,0.685933888,0.394885898,-0.034128461,0.656271577,0.407147437,-0.0588757508,0.665376663,0.421007931,-0.0769501925,0.694219112,0.418285996,-0.0908422619,0.660324395,0.276546299,-0.0535190143,0.679915249,0.367705762,-0.072599031,0.680403948,0.390981197,-0.0830754191,0.675206363,0.376839668,-0.0924719125,0.700303257,0.263519466,-0.0482681766,0.715778112,0.365270138,-0.0635187402,0.71099788,0.381960273,-0.0647880286,0.701790035,0.363942176,-0.0681956261,0.73811543,0.266712308,-0.0449042208,0.748607159,0.357024461,-0.0609594882,0.743295074,0.370320857,-0.0529181398,0.736265123,0.354469955,-0.0476335771,0.772987306,0.280414045,-0.0454552956,0.778096557,0.340088397,-0.0619227551,0.769752443,0.365572423,-0.0590375178,0.762298286,0.369532615,-0.0543561801
1790262156.932134,1711,1.0,0,1,6,BACK,hold,svm,1,1,1,gesture,BACK,BACK,rc lr=0 fb=-30 ud=0 yaw=0,41,0.993669334547472,87.0,60.0,1,0.019260937035010528,0.006252097947283681,0.718210816,0.380537271,-2.49398283e-07,0.686776221,0.394616365,-0.0382036939,0.656384826,0.406275809,-0.0654230565,0.663262844,0.419023663,-0.0855379924,0.695003271,0.412655294,-0.10098096,0.659317553,0.27182588,-0.0575484075,0.67602694,0.359174937,-0.0803103149,0.675465822,0.385434061,-0.0923279896,0.669197977,0.369425148,-0.102295347,0.699169815,0.256108046,-0.0508346036,0.713538945,0.364375651,-0.0708873495,0.706436336,0.387408316,-0.0736539066,0.696526587,0.366313666,-0.0769484118,0.736914039,0.259501189,-0.0464320369,0.746770799,0.356224477,-0.0657206997,0.738719165,0.374440372,-0.0578096248,0.730452657,0.358413368,-0.0517206006,0.770785987,0.274022907,-0.0463405885,0.775966346,0.339319974,-0.064284429,0.765921712,0.365846872,-0.0620951243,0.757625401,0.368327528,-0.0573728718
1790262157.002894,1713,7.98,0,1,6,BACK,hold,svm,1,1,1,gesture,BACK,BACK,rc lr=0 fb=-30 ud=0 yaw=0,42,0.993669334547472,87.0,60.0,1,0.019338423958018325,0.004023008998313485,0.718210816,0.380537271,-2.49398283e-07,0.686776221,0.394616365,-0.0382036939,0.656384826,0.406275809,-0.0654230565,0.663262844,0.419023663,-0.0855379924,0.695003271,0.412655294,-0.10098096,0.659317553,0.27182588,-0.0575484075,0.67602694,0.359174937,-0.0803103149,0.675465822,0.385434061,-0.0923279896,0.669197977,0.369425148,-0.102295347,0.699169815,0.256108046,-0.0508346036,0.713538945,0.364375651,-0.0708873495,0.706436336,0.387408316,-0.0736539066,0.696526587,0.366313666,-0.0769484118,0.736914039,0.259501189,-0.0464320369,0.746770799,0.356224477,-0.0657206997,0.738719165,0.374440372,-0.0578096248,0.730452657,0.358413368,-0.0517206006,0.770785987,0.274022907,-0.0463405885,0.775966346,0.339319974,-0.064284429,0.765921712,0.365846872,-0.0620951243,0.757625401,0.368327528,-0.0573728718
1790262157.066843,1714,2.99,0,1,6,BACK,hold,svm,1,1,1,gesture,BACK,BACK,rc lr=0 fb=-30 ud=0 yaw=0,43,0.9915967868918801,87.0,60.0,1,0.01915573280201599,-0.009447055065032081,0.725933731,0.37386018,-2.53200511e-07,0.695441365,0.38801524,-0.037106432,0.665298939,0.400077224,-0.0637678504,0.668886185,0.41025129,-0.0833493099,0.694761157,0.4007999,-0.097987093,0.663345098,0.264706969,-0.0563975722,0.685014963,0.350268006,-0.0799437612,0.684324622,0.374887526,-0.0929185674,0.676274836,0.358361512,-0.10366071,0.70303154,0.248242483,-0.0503826067,0.720038056,0.353620172,-0.0710677579,0.713276744,0.375230312,-0.0743290931,0.703232408,0.351807326,-0.078220129,0.741135716,0.251159906,-0.0466963425,0.753108621,0.347334921,-0.0661563948,0.743538618,0.365874439,-0.0586371049,0.733433008,0.347170621,-0.0534013994,0.775919676,0.265443206,-0.047211919,0.78143394,0.332550824,-0.0654815584,0.770177841,0.358239502,-0.0640589595,0.760491431,0.35697329,-0.0604044497
1790262157.1894438,1717,28.25,0,1,6,BACK,hold,svm,1,1,1,gesture,BACK,BACK,rc lr=0 fb=-30 ud=0 yaw=0,44,0.9915967868918801,87.0,60.0,1,0.019036670618746143,-0.006215485698219621,0.725933731,0.37386018,-2.53200511e-07,0.695441365,0.38801524,-0.037106432,0.665298939,0.400077224,-0.0637678504,0.668886185,0.41025129,-0.0833493099,0.694761157,0.4007999,-0.097987093,0.663345098,0.264706969,-0.0563975722,0.685014963,0.350268006,-0.0799437612,0.684324622,0.374887526,-0.0929185674,0.676274836,0.358361512,-0.10366071,0.70303154,0.248242483,-0.0503826067,0.720038056,0.353620172,-0.0710677579,0.713276744,0.375230312,-0.0743290931,0.703232408,0.351807326,-0.078220129,0.741135716,0.251159906,-0.0466963425,0.753108621,0.347334921,-0.0661563948,0.743538618,0.365874439,-0.0586371049,0.733433008,0.347170621,-0.0534013994,0.775919676,0.265443206,-0.047211919,0.78143394,0.332550824,-0.0654815584,0.770177841,0.358239502,-0.0640589595,0.760491431,0.35697329,-0.0604044497
1790262157.236827,1718,2.99,0,1,6,BACK,hold,svm,1,1,1,gesture,BACK,BACK,rc lr=0 fb=-30 ud=0 yaw=0,45,0.9892232017952665,87.0,60.0,1,0.018820673575195457,-0.011346366593010533,0.727729321,0.354420036,-2.51362565e-07,0.69464016,0.371004224,-0.0332100578,0.663936257,0.390000433,-0.0580809452,0.67241025,0.41051805,-0.0771066248,0.701029241,0.410066217,-0.0924868733,0.667849362,0.269008636,-0.0558530428,0.682442605,0.355486423,-0.0776723474,0.681240797,0.374868751,-0.0903905407,0.675688922,0.357175767,-0.101085834,0.708332598,0.253087968,-0.051295571,0.721471071,0.365099072,-0.0694062561,0.712552667,0.380285323,-0.0722309351,0.702725232,0.356016368,-0.0761000365,0.746958733,0.25597024,-0.0484069772,0.754145026,0.361659855,-0.0640616566,0.744563878,0.371094286,-0.0555918105,0.735876143,0.347676456,-0.0500140712,0.780793369,0.269744575,-0.0496744737,0.78094995,0.347812772,-0.0645887181,0.770099759,0.362406433,-0.0623229109,0.762016535,0.35157758,-0.0583743751
1790262157.299996,1720,26.27,0,1,6,BACK,hold,svm,1,1,1,gesture,BACK,BACK,rc lr=0 fb=-30 ud=0 yaw=0,46,0.9892232017952665,87.0,60.0,1,0.018680663328128233,-0.007439173019383804,0.727729321,0.354420036,-2.51362565e-07,0.69464016,0.371004224,-0.0332100578,0.663936257,0.390000433,-0.0580809452,0.67241025,0.41051805,-0.0771066248,0.701029241,0.410066217,-0.0924868733,0.667849362,0.269008636,-0.0558530428,0.682442605,0.355486423,-0.0776723474,0.681240797,0.374868751,-0.0903905407,0.675688922,0.357175767,-0.101085834,0.708332598,0.253087968,-0.051295571,0.721471071,0.365099072,-0.0694062561,0.712552667,0.380285323,-0.0722309351,0.702725232,0.356016368,-0.0761000365,0.746958733,0.25597024,-0.0484069772,0.754145026,0.361659855,-0.0640616566,0.744563878,0.371094286,-0.0555918105,0.735876143,0.347676456,-0.0500140712,0.780793369,0.269744575,-0.0496744737,0.78094995,0.347812772,-0.0645887181,0.770099759,0.362406433,-0.0623229109,0.762016535,0.35157758,-0.0583743751
1790262157.3322287,1721,1.99,0,1,6,BACK,hold,svm,1,1,1,gesture,BACK,BACK,rc lr=0 fb=-30 ud=0 yaw=0,47,0.9889166131142453,87.0,60.0,1,0.01865025458238989,-0.001627819376871594,0.725698411,0.367260695,-2.62143629e-07,0.694325149,0.381446213,-0.0342208631,0.664671063,0.396911323,-0.0591443665,0.672281981,0.414970279,-0.0780317709,0.698463798,0.411597818,-0.0930785015,0.668625653,0.272310913,-0.0552909859,0.68264389,0.356822014,-0.0773365423,0.68111074,0.374945343,-0.0900102034,0.675560653,0.355088562,-0.100602001,0.70930773,0.256770581,-0.0503710248,0.721944988,0.369177103,-0.0691971406,0.71312201,0.385494232,-0.0726682767,0.702939272,0.359316587,-0.0767944828,0.747597635,0.259970993,-0.0472164936,0.75416708,0.365529299,-0.0635448396,0.744517744,0.376509964,-0.0549957417,0.73564589,0.352541357,-0.0491403788,0.781257391,0.273447752,-0.0483692512,0.782203794,0.349300057,-0.0633676797,0.770955443,0.366762787,-0.0606351085,0.762130678,0.358074069,-0.0561968274
1790262157.3996367,1722,0.0,0,1,6,BACK,hold,svm,1,1,1,gesture,BACK,BACK,rc lr=0 fb=-30 ud=0 yaw=0,48,0.9889166131142453,87.0,50.0,1,0.018630457043661508,-0.0010615157364702523,0.725698411,0.367260695,-2.62143629e-07,0.694325149,0.381446213,-0.0342208631,0.664671063,0.396911323,-0.0591443665,0.672281981,0.414970279,-0.0780317709,0.698463798,0.411597818,-0.0930785015,0.668625653,0.272310913,-0.0552909859,0.68264389,0.356822014,-0.0773365423,0.68111074,0.374945343,-0.0900102034,0.675560653,0.355088562,-0.100602001,0.70930773,0.256770581,-0.0503710248,0.721944988,0.369177103,-0.0691971406,0.71312201,0.385494232,-0.0726682767,0.702939272,0.359316587,-0.0767944828,0.747597635,0.259970993,-0.0472164936,0.75416708,0.365529299,-0.0635448396,0.744517744,0.376509964,-0.0549957417,0.73564589,0.352541357,-0.0491403788,0.781257391,0.273447752,-0.0483692512,0.782203794,0.349300057,-0.0633676797,0.770955443,0.366762787,-0.0606351085,0.762130678,0.358074069,-0.0561968274
1790262157.429557,1723,0.0,0,1,6,BACK,hold,svm,1,1,1,gesture,BACK,BACK,rc lr=0 fb=-30 ud=0 yaw=0,49,0.9950715034795267,87.0,50.0,1,0.01859491594174756,-0.0019076881383348248,0.725764513,0.371302933,-2.44941219e-07,0.695512652,0.384977221,-0.0386576988,0.666856289,0.398751885,-0.0662856698,0.673401535,0.413375974,-0.0867384076,0.703288496,0.40875119,-0.102424912,0.669321358,0.269825995,-0.0598876104,0.685236812,0.361774206,-0.0831953362,0.686250985,0.386773854,-0.0951519012,0.681054056,0.36907357,-0.104947276,0.709912241,0.25574553,-0.0530425422,0.72352016,0.366282493,-0.0735453516,0.716578543,0.385577917,-0.0762147605,0.706591427,0.360947996,-0.0793450028,0.748044431,0.259447902,-0.0483713262,0.75581497,0.359141558,-0.0678992048,0.747946501,0.37371096,-0.0596077591,0.739866674,0.353643507,-0.0530756041,0.781866848,0.273553818,-0.0480436869,0.78440243,0.34214431,-0.0658062249,0.773551285,0.364352852,-0.0635802224,0.764922023,0.36205104,-0.0587910451
1790262157.4991055,1725,1.0,0,1,6,BACK,hold,svm,1,1,1,gesture,BACK,BACK,rc lr=0 fb=-30 ud=0 yaw=0,50,0.9950715034795267,87.0,50.0,1,0.018571798010725615,-0.0012432393399553338,0.725764513,0.371302933,-2.44941219e-07,0.695512652,0.384977221,-0.0386576988,0.666856289,0.398751885,-0.0662856698,0.673401535,0.413375974,-0.0867384076,0.703288496,0.40875119,-0.102424912,0.669321358,0.269825995,-0.0598876104,0.685236812,0.361774206,-0.0831953362,0.686250985,0.386773854,-0.0951519012,0.681054056,0.36907357,-0.104947276,0.709912241,0.25574553,-0.0530425422,0.72352016,0.366282493,-0.0735453516,0.716578543,0.385577917,-0.0762147605,0.706591427,0.360947996,-0.0793450028,0.748044431,0.259447902,-0.0483713262,0.75581497,0.359141558,-0.0678992048,0.747946501,0.37371096,-0.0596077591,0.739866674,0.353643507,-0.0530756041,0.781866848,0.273553818,-0.0480436869,0.78440243,0.34214431,-0.0658062249,0.773551285,0.364352852,-0.0635802224,0.764922023,0.36205104,-0.0587910451
1790262157.5650716,1726,1.0,0,1,6,BACK,hold,svm,1,1,1,gesture,BACK,BACK,rc lr=0 fb=-30 ud=0 yaw=0,50,0.9901330314100167,87.0,50.0,1,0.01849749221120689,-0.004001001921074767,0.723839104,0.363916576,-1.95946015e-07,0.693833888,0.375340372,-0.035851229,0.665272415,0.388275266,-0.0621107183,0.672886133,0.403659105,-0.0813670084,0.701645911,0.399682969,-0.0957040712,0.668419242,0.258895189,-0.0568153933,0.686191559,0.349103183,-0.0787161961,0.684243083,0.370244533,-0.0900092721,0.677816212,0.352090895,-0.0995829403,0.707850456,0.246115059,-0.0508196875,0.723382711,0.355119675,-0.0693048313,0.715889096,0.36650753,-0.071030125,0.7065171,0.339379489,-0.0739949197,0.74560672,0.250935465,-0.0469113104,0.755340815,0.35143432,-0.0635631904,0.74689734,0.357749522,-0.0543024689,0.738833725,0.332443208,-0.0478809923,0.779200852,0.266271889,-0.0473286025,0.781810164,0.337178499,-0.064263247,0.771927476,0.351712704,-0.0625282228,0.764434695,0.342373192,-0.0583082885
1790262157.6308956,1728,1.99,0,1,6,BACK,hold,svm,1,1,1,gesture,BACK,BACK,rc lr=0 fb=-30 ud=0 yaw=0,50,0.9901330314100167,87.0,50.0,1,0.018449261728687105,-0.0026074065591747313,0.723839104,0.363916576,-1.95946015e-07,0.693833888,0.375340372,-0.035851229,0.665272415,0.388275266,-0.0621107183,0.672886133,0.403659105,-0.0813670084,0.701645911,0.399682969,-0.0957040712,0.668419242,0.258895189,-0.0568153933,0.686191559,0.349103183,-0.0787161961,0.684243083,0.370244533,-0.0900092721,0.677816212,0.352090895,-0.0995829403,0.707850456,0.246115059,-0.0508196875,0.723382711,0.355119675,-0.0693048313,0.715889096,0.36650753,-0.071030125,0.7065171,0.339379489,-0.0739949197,0.74560672,0.250935465,-0.0469113104,0.755340815,0.35143432,-0.0635631904,0.74689734,0.357749522,-0.0543024689,0.738833725,0.332443208,-0.0478809923,0.779200852,0.266271889,-0.0473286025,0.781810164,0.337178499,-0.064263247,0.771927476,0.351712704,-0.0625282228,0.764434695,0.342373192,-0.0583082885
1790262157.6784165,1729,2.99,0,1,6,BACK,hold,svm,1,1,1,gesture,BACK,BACK,rc lr=0 fb=-30 ud=0 yaw=0,50,0.9946141760426919,87.0,50.0,1,0.018445905889315384,-0.00018189559132891482,0.725617111,0.342304498,-2.00477388e-07,0.693710983,0.35884288,-0.0373899229,0.663374543,0.376874357,-0.06446217,0.671071768,0.397582203,-0.0844033882,0.701384485,0.396640629,-0.100101702,0.669392049,0.256351918,-0.0620785579,0.683821797,0.346221745,-0.0859944001,0.683607996,0.365236253,-0.0985742435,0.6786654,0.346196741,-0.108657025,0.709486306,0.242633685,-0.055333592,0.722041845,0.353810042,-0.0751159564,0.714333892,0.36668846,-0.0767202899,0.704396725,0.339871198,-0.0793205276,0.747278869,0.246956304,-0.050644625,0.754591048,0.347253829,-0.0693813637,0.745867848,0.354865313,-0.0599470064,0.737471044,0.330928087,-0.0527549237,0.780374527,0.261314481,-0.0502251014,0.782355785,0.330363095,-0.069086276,0.771440685,0.348286301,-0.0671874061,0.763359308,0.342975676,-0.0625024363
1790262157.7384143,1730,10.29,0,1,6,BACK,hold,svm,1,1,1,gesture,BACK,BACK,rc lr=0 fb=-30 ud=0 yaw=0,50,0.9946141760426919,87.0,50.0,1,0.018442980724615587,-0.0001585807017204119,0.725617111,0.342304498,-2.00477388e-07,0.693710983,0.35884288,-0.0373899229,0.663374543,0.376874357,-0.06446217,0.671071768,0.397582203,-0.0844033882,0.701384485,0.396640629,-0.100101702,0.669392049,0.256351918,-0.0620785579,0.683821797,0.346221745,-0.0859944001,0.683607996,0.365236253,-0.0985742435,0.6786654,0.346196741,-0.108657025,0.709486306,0.242633685,-0.055333592,0.722041845,0.353810042,-0.0751159564,0.714333892,0.36668846,-0.0767202899,0.704396725,0.339871198,-0.0793205276,0.747278869,0.246956304,-0.050644625,0.754591048,0.347253829,-0.0693813637,0.745867848,0.354865313,-0.0599470064,0.737471044,0.330928087,-0.0527549237,0.780374527,0.261314481,-0.0502251014,0.782355785,0.330363095,-0.069086276,0.771440685,0.348286301,-0.0671874061,0.763359308,0.342975676,-0.0625024363
1790262157.7643466,1731,1.0,0,1,6,BACK,hold,svm,1,1,1,gesture,BACK,BACK,rc lr=0 fb=-30 ud=0 yaw=0,50,0.9920525491425979,87.0,50.0,1,0.018236424909685134,-0.011199698032258227,0.727089643,0.351918966,-2.41918798e-07,0.697535515,0.366393238,-0.0370170958,0.669668734,0.380952686,-0.0633091554,0.676912069,0.396164775,-0.0828012824,0.707232475,0.392454237,-0.0980268195,0.671578944,0.255774647,-0.057877522,0.684819162,0.341830879,-0.0798587874,0.686751902,0.365244836,-0.0909852535,0.682013452,0.349767387,-0.100000232,0.710930705,0.240213826,-0.0513524972,0.721545339,0.344960272,-0.0704433694,0.716974676,0.366350591,-0.0725283623,0.708334625,0.346807331,-0.0752006993,0.748099267,0.242754266,-0.0468543023,0.754222691,0.334378332,-0.0660042688,0.748932123,0.352557689,-0.0580024049,0.742430568,0.338482708,-0.0514948145,0.781200826,0.2562657,-0.0464280508,0.784148633,0.317970872,-0.0641882941,0.77596277,0.343260884,-0.0616869479,0.769537449,0.345750988,-0.0566519238
1790262157.8280587,1732,30.89,0,1,6,BACK,hold,svm,1,1,1,gesture,BACK,BACK,rc lr=0 fb=-30 ud=0 yaw=0,50,0.9920525491425979,87.0,50.0,1,0.018102246118997023,-0.007357735485580304,0.727089643,0.351918966,-2.41918798e-07,0.697535515,0.366393238,-0.0370170958,0.669668734,0.380952686,-0.0633091554,0.676912069,0.396164775,-0.0828012824,0.707232475,0.392454237,-0.0980268195,0.671578944,0.255774647,-0.057877522,0.684819162,0.341830879,-0.0798587874,0.686751902,0.365244836,-0.0909852535,0.682013452,0.349767387,-0.100000232,0.710930705,0.240213826,-0.0513524972,0.721545339,0.344960272,-0.0704433694,0.716974676,0.366350591,-0.0725283623,0.708334625,0.346807331,-0.0752006993,0.748099267,0.242754266,-0.0468543023,0.754222691,0.334378332,-0.0660042688,0.748932123,0.352557689,-0.0580024049,0.742430568,0.338482708,-0.0514948145,0.781200826,0.2562657,-0.0464280508,0.784148633,0.317970872,-0.0641882941,0.77596277,0.343260884,-0.0616869479,0.769537449,0.345750988,-0.0566519238
1790262157.8490036,1733,20.94,0,1,6,BACK,hold,svm,1,1,1,gesture,BACK,BACK,rc lr=0 fb=-30 ud=0 yaw=0,50,0.9906374091566208,87.0,50.0,1,0.018019888967694797,-0.004549554279664659,0.73001194,0.344015121,-2.13319908e-07,0.699055314,0.35949716,-0.0367160439,0.669896007,0.374607384,-0.0629175678,0.676325798,0.391233981,-0.0821407884,0.705785155,0.388470292,-0.0967852697,0.673615575,0.250368267,-0.0573934466,0.688966155,0.339151263,-0.0788850337,0.689987242,0.363080651,-0.08981058,0.684764206,0.344976962,-0.0992314294,0.712302923,0.23780486,-0.0510716438,0.725855887,0.340268195,-0.0698077902,0.719620407,0.357532471,-0.0717784837,0.709594131,0.332439989,-0.0749344304,0.748924077,0.2423058,-0.0468395948,0.757790387,0.333813936,-0.0655161217,0.749720097,0.347842872,-0.0574848466,0.740931332,0.328866541,-0.0515801311,0.781545341,0.256424665,-0.0466527306,0.786341846,0.316149771,-0.0650384575,0.776588798,0.339467138,-0.0634596199,0.768622339,0.340163141,-0.059497714
1790262157.9227266,1734,23.94,0,1,6,BACK,hold,svm,1,1,1,gesture,BACK,BACK,rc lr=0 fb=-30 ud=0 yaw=0,50,0.9906374091566208,87.0,50.0,1,0.01796619846752101,-0.002979513373808251,0.73001194,0.344015121,-2.13319908e-07,0.699055314,0.35949716,-0.0367160439,0.669896007,0.374607384,-0.0629175678,0.676325798,0.391233981,-0.0821407884,0.705785155,0.388470292,-0.0967852697,0.673615575,0.250368267,-0.0573934466,0.688966155,0.339151263,-0.0788850337,0.689987242,0.363080651,-0.08981058,0.684764206,0.344976962,-0.0992314294,0.712302923,0.23780486,-0.0510716438,0.725855887,0.340268195,-0.0698077902,0.719620407,0.357532471,-0.0717784837,0.709594131,0.332439989,-0.0749344304,0.748924077,0.2423058,-0.0468395948,0.757790387,0.333813936,-0.0655161217,0.749720097,0.347842872,-0.0574848466,0.740931332,0.328866541,-0.0515801311,0.781545341,0.256424665,-0.0466527306,0.786341846,0.316149771,-0.0650384575,0.776588798,0.339467138,-0.0634596199,0.768622339,0.340163141,-0.059497714
1790262157.942673,1735,11.97,0,1,6,BACK,hold,svm,1,1,1,gesture,BACK,BACK,rc lr=0 fb=-30 ud=0 yaw=0,50,0.9881993742350561,87.0,50.0,1,0.01788794808276606,-0.004355422483861111,0.729779243,0.347448438,-2.39331541e-07,0.700874925,0.362193286,-0.0370802209,0.67116034,0.373918384,-0.0634976923,0.677342057,0.386666447,-0.0834400058,0.708471119,0.381330222,-0.0989153683,0.673678935,0.246448487,-0.0543244369,0.688383937,0.326954275,-0.077102147,0.689377606,0.354741782,-0.0890358612,0.683844149,0.339211762,-0.0986530334,0.712204397,0.23170355,-0.0483446084,0.724354386,0.330530405,-0.0688892603,0.718987226,0.356684029,-0.0719687343,0.709897757,0.335792452,-0.0749852359,0.748710096,0.235191435,-0.0448491871,0.756535888,0.322100371,-0.0650750771,0.74986881,0.34438467,-0.0577754788,0.742372096,0.331243038,-0.0516041555,0.781512082,0.24948135,-0.0454051793,0.785653114,0.306127876,-0.0634792596,0.777054429,0.333610743,-0.0612731054,0.769960046,0.337576926,-0.0564877614
1790262158.0030098,1737,7.98,0,1,6,BACK,hold,svm,1,1,1,gesture,BACK,BACK,rc lr=0 fb=-30 ud=0 yaw=0,50,0.9881993742350561,87.0,50.0,1,0.017836983009649643,-0.0028491290829224547,0.729779243,0.347448438,-2.39331541e-07,0.700874925,0.362193286,-0.0370802209,0.67116034,0.373918384,-0.0634976923,0.677342057,0.386666447,-0.0834400058,0.708471119,0.381330222,-0.0989153683,0.673678935,0.246448487,-0.0543244369,0.688383937,0.326954275,-0.077102147,0.689377606,0.354741782,-0.0890358612,0.683844149,0.339211762,-0.0986530334,0.712204397,0.23170355,-0.0483446084,0.724354386,0.330530405,-0.0688892603,0.718987226,0.356684029,-0.0719687343,0.709897757,0.335792452,-0.0749852359,0.748710096,0.235191435,-0.0448491871,0.756535888,0.322100371,-0.0650750771,0.74986881,0.34438467,-0.0577754788,0.742372096,0.331243038,-0.0516041555,0.781512082,0.24948135,-0.0454051793,0.785653114,0.306127876,-0.0634792596,0.777054429,0.333610743,-0.0612731054,0.769960046,0.337576926,-0.0564877614
1790262158.066111,1738,1.0,0,1,6,BACK,hold,svm,1,1,1,gesture,BACK,BACK,rc lr=0 fb=-30 ud=0 yaw=0,50,0.994330290249033,87.0,50.0,1,0.017766021682042776,-0.0039783256825707105,0.729868054,0.323120654,-1.85002889e-07,0.69969964,0.341037214,-0.0387841873,0.667807043,0.358985633,-0.0658942685,0.674728274,0.377442271,-0.0856648982,0.706997931,0.374288261,-0.100743219,0.67312789,0.241804868,-0.0617686547,0.6855703,0.324475497,-0.0850628018,0.683723032,0.342669666,-0.0957151949,0.678822815,0.322663248,-0.104491286,0.711485505,0.226348877,-0.0544050783,0.724452794,0.332294911,-0.0742025673,0.716582596,0.346215367,-0.0744804367,0.706748426,0.316789925,-0.0759223327,0.748387098,0.229626358,-0.0494762324,0.75709331,0.328577846,-0.0684483722,0.74681741,0.337062776,-0.0582544468,0.737868607,0.312883288,-0.0505496487,0.781036556,0.242932335,-0.0489911474,0.784495175,0.310296535,-0.0684962943,0.77344805,0.32861495,-0.067004554,0.765500367,0.324394971,-0.062622875
1790262158.1336231,1740,2.99,0,1,6,BACK,hold,svm,1,1,1,gesture,BACK,BACK,rc lr=0 fb=-30 ud=0 yaw=0,50,0.994330290249033,87.0,50.0,1,0.017719193221910956,-0.002635843914293583,0.729868054,0.323120654,-1.85002889e-07,0.69969964,0.341037214,-0.0387841873,0.667807043,0.358985633,-0.0658942685,0.674728274,0.377442271,-0.0856648982,0.706997931,0.374288261,-0.100743219,0.67312789,0.241804868,-0.0617686547,0.6855703,0.324475497,-0.0850628018,0.683723032,0.342669666,-0.0957151949,0.678822815,0.322663248,-0.104491286,0.711485505,0.226348877,-0.0544050783,0.724452794,0.332294911,-0.0742025673,0.716582596,0.346215367,-0.0744804367,0.706748426,0.316789925,-0.0759223327,0.748387098,0.229626358,-0.0494762324,0.75709331,0.328577846,-0.0684483722,0.74681741,0.337062776,-0.0582544468,0.737868607,0.312883288,-0.0505496487,0.781036556,0.242932335,-0.0489911474,0.784495175,0.310296535,-0.0684962943,0.77344805,0.32861495,-0.067004554,0.765500367,0.324394971,-0.062622875
1790262158.1655354,1741,1.0,0,1,6,BACK,hold,svm,1,1,1,gesture,BACK,BACK,rc lr=0 fb=-30 ud=0 yaw=0,50,0.994566934677335,87.0,50.0,1,0.01765579005032336,-0.003578220000964416,0.729531348,0.325451344,-2.30090052e-07,0.699152589,0.343224823,-0.0382085368,0.667765975,0.359649837,-0.0640696809,0.676682949,0.376447678,-0.083009012,0.709683895,0.373067021,-0.0974285603,0.672087729,0.242603391,-0.0593146496,0.682044268,0.315970033,-0.0827968344,0.681286156,0.333372682,-0.0936427861,0.676613569,0.312450409,-0.102301262,0.711603642,0.224470198,-0.0521910302,0.722234011,0.329074204,-0.0727947131,0.714591086,0.349700987,-0.0736727118,0.704514325,0.32268402,-0.0749331713,0.749104738,0.226440132,-0.0476065874,0.755053818,0.32547915,-0.0666361749,0.745101154,0.339595288,-0.0567957684,0.73622036,0.318424463,-0.0490418039,0.781744838,0.239195094,-0.0475423187,0.783166766,0.308974475,-0.0662147924,0.772538126,0.328899562,-0.064643167,0.764589846,0.325193167,-0.0600938424
1790262158.2413576,1742,8.98,0,1,6,BACK,hold,svm,1,1,1,gesture,BACK,BACK,rc lr=0 fb=-30 ud=0 yaw=0,50,0.994566934677335,87.0,50.0,1,0.01761462646376799,-0.0023314497078886966,0.729531348,0.325451344,-2.30090052e-07,0.699152589,0.343224823,-0.0382085368,0.667765975,0.359649837,-0.0640696809,0.676682949,0.376447678,-0.083009012,0.709683895,0.373067021,-0.0974285603,0.672087729,0.242603391,-0.0593146496,0.682044268,0.315970033,-0.0827968344,0.681286156,0.333372682,-0.0936427861,0.676613569,0.312450409,-0.102301262,0.711603642,0.224470198,-0.0521910302,0.722234011,0.329074204,-0.0727947131,0.714591086,0.349700987,-0.0736727118,0.704514325,0.32268402,-0.0749331713,0.749104738,0.226440132,-0.0476065874,0.755053818,0.32547915,-0.0666361749,0.745101154,0.339595288,-0.0567957684,0.73622036,0.318424463,-0.0490418039,0.781744838,0.239195094,-0.0475423187,0.783166766,0.308974475,-0.0662147924,0.772538126,0.328899562,-0.064643167,0.764589846,0.325193167,-0.0600938424
1790262158.2670178,1743,1.85,0,1,6,BACK,hold,svm,1,1,1,gesture,BACK,BACK,rc lr=0 fb=-30 ud=0 yaw=0,50,0.9936845646308464,87.0,50.0,1,0.01755514321309537,-0.0033769237624750857,0.729540408,0.322297215,-2.38591383e-07,0.698467195,0.340387166,-0.0372028239,0.668356001,0.358162701,-0.0632619262,0.677588224,0.37592259,-0.0826216787,0.709566534,0.374185473,-0.0977011919,0.673234999,0.241098166,-0.0592383444,0.68366617,0.320060432,-0.081481725,0.685103357,0.340835333,-0.0917732045,0.681338429,0.321427137,-0.100306965,0.712626457,0.224249452,-0.0527186841,0.722960711,0.329901755,-0.0723295957,0.716646254,0.350569099,-0.0737201869,0.707048595,0.325431764,-0.0757969767,0.749783993,0.226533204,-0.0483535938,0.755037367,0.32520175,-0.0669649914,0.746624887,0.339910299,-0.0585626625,0.738131046,0.319765866,-0.0521703139,0.782109916,0.239274442,-0.0482174717,0.783372641,0.309075147,-0.0660031736,0.773966134,0.329522014,-0.0644943863,0.766393006,0.32590425,-0.0604912527
1790262158.3483105,1745,15.96,0,1,6,BACK,hold,svm,1,1,1,gesture,BACK,BACK,rc lr=0 fb=-30 ud=0 yaw=0,50,0.9936845646308464,87.0,50.0,1,0.01751653360663319,-0.002199333038387289,0.729540408,0.322297215,-2.38591383e-07,0.698467195,0.340387166,-0.0372028239,0.668356001,0.358162701,-0.0632619262,0.677588224,0.37592259,-0.0826216787,0.709566534,0.374185473,-0.0977011919,0.673234999,0.241098166,-0.0592383444,0.68366617,0.320060432,-0.081481725,0.685103357,0.340835333,-0.0917732045,0.681338429,0.321427137,-0.100306965,0.712626457,0.224249452,-0.0527186841,0.722960711,0.329901755,-0.0723295957,0.716646254,0.350569099,-0.0737201869,0.707048595,0.325431764,-0.0757969767,0.749783993,0.226533204,-0.0483535938,0.755037367,0.32520175,-0.0669649914,0.746624887,0.339910299,-0.0585626625,0.738131046,0.319765866,-0.0521703139,0.782109916,0.239274442,-0.0482174717,0.783372641,0.309075147,-0.0660031736,0.773966134,0.329522014,-0.0644943863,0.766393006,0.32590425,-0.0604912527
1790262158.3978746,1746,1.0,0,1,6,BACK,hold,svm,1,1,1,gesture,BACK,BACK,rc lr=0 fb=-30 ud=0 yaw=0,50,0.9860657291137631,87.0,50.0,1,0.017357347939928047,-0.009087737921209536,0.739836574,0.320703328,-2.50516933e-07,0.707346261,0.338290632,-0.0344123803,0.675633192,0.356242239,-0.058969643,0.684097528,0.374736637,-0.0775457472,0.71669817,0.37285918,-0.0922654867,0.680383444,0.240609556,-0.0542657301,0.692937136,0.317621112,-0.0759485364,0.691685557,0.338265151,-0.0883464962,0.685805202,0.321299314,-0.0987409949,0.717791915,0.2239604,-0.0490450077,0.728578866,0.32655564,-0.0670600012,0.721497238,0.346164882,-0.0695801526,0.712869823,0.322387844,-0.0731684789,0.754104912,0.226552039,-0.0459560938,0.760234416,0.321685851,-0.0632186234,0.752437949,0.337781459,-0.055741936,0.746268451,0.320455372,-0.0504261404,0.786829054,0.239122793,-0.0469457768,0.788802922,0.305156261,-0.0637245476,0.779660225,0.326036811,-0.0620536357,0.773672402,0.324258178,-0.0583454408
1790262158.4745736,1748,8.98,0,1,6,BACK,hold,svm,1,1,1,gesture,BACK,BACK,rc lr=0 fb=-30 ud=0 yaw=0,50,0.9860657291137631,87.0,50.0,1,0.017254203132019086,-0.005942429008506065,0.739836574,0.320703328,-2.50516933e-07,0.707346261,0.338290632,-0.0344123803,0.675633192,0.356242239,-0.058969643,0.684097528,0.374736637,-0.0775457472,0.71669817,0.37285918,-0.0922654867,0.680383444,0.240609556,-0.0542657301,0.692937136,0.317621112,-0.0759485364,0.691685557,0.338265151,-0.0883464962,0.685805202,0.321299314,-0.0987409949,0.717791915,0.2239604,-0.0490450077,0.728578866,0.32655564,-0.0670600012,0.721497238,0.346164882,-0.0695801526,0.712869823,0.322387844,-0.0731684789,0.754104912,0.226552039,-0.0459560938,0.760234416,0.321685851,-0.0632186234,0.752437949,0.337781459,-0.055741936,0.746268451,0.320455372,-0.0504261404,0.786829054,0.239122793,-0.0469457768,0.788802922,0.305156261,-0.0637245476,0.779660225,0.326036811,-0.0620536357,0.773672402,0.324258178,-0.0583454408
1790262158.49851,1749,1.99,0,1,6,BACK,hold,svm,1,1,1,gesture,BACK,BACK,rc lr=0 fb=-30 ud=0 yaw=0,50,0.99006722560684,87.0,50.0,1,0.017450428398962714,0.011372606746438942,0.735448956,0.317086279,-2.34204009e-07,0.704699218,0.336303145,-0.0357877463,0.674311519,0.354993165,-0.0602567606,0.685284078,0.376696229,-0.0783773661,0.717847049,0.374248385,-0.092838496,0.681970119,0.241591185,-0.057109125,0.690781474,0.321020663,-0.0796019733,0.689033747,0.335887372,-0.0917992592,0.684594154,0.316496551,-0.101481922,0.721791565,0.224502474,-0.0510327816,0.73027724,0.333598077,-0.0699468106,0.721873879,0.348781645,-0.0720159635,0.71267575,0.32330671,-0.0745282248,0.759058952,0.22728765,-0.0470994115,0.762638271,0.329812616,-0.0644894019,0.752093673,0.339799881,-0.0552518293,0.744058788,0.318075895,-0.047908701,0.791305125,0.240341008,-0.0475741811,0.791377366,0.311298668,-0.0649321973,0.779472411,0.327912867,-0.0627421066,0.771156132,0.322391212,-0.057838738
1790262158.579569,1750,16.95,0,1,6,BACK,hold,svm,1,1,1,gesture,BACK,BACK,rc lr=0 fb=-30 ud=0 yaw=0,50,0.99006722560684,87.0,50.0,1,0.01757835757299464,0.007331004781494703,0.735448956,0.317086279,-2.34204009e-07,0.704699218,0.336303145,-0.0357877463,0.674311519,0.354993165,-0.0602567606,0.685284078,0.376696229,-0.0783773661,0.717847049,0.374248385,-0.092838496,0.681970119,0.241591185,-0.057109125,0.690781474,0.321020663,-0.0796019733,0.689033747,0.335887372,-0.0917992592,0.684594154,0.316496551,-0.101481922,0.721791565,0.224502474,-0.0510327816,0.73027724,0.333598077,-0.0699468106,0.721873879,0.348781645,-0.0720159635,0.71267575,0.32330671,-0.0745282248,0.759058952,0.22728765,-0.0470994115,0.762638271,0.329812616,-0.0644894019,0.752093673,0.339799881,-0.0552518293,0.744058788,0.318075895,-0.047908701,0.791305125,0.240341008,-0.0475741811,0.791377366,0.311298668,-0.0649321973,0.779472411,0.327912867,-0.0627421066,0.771156132,0.322391212,-0.057838738
1790262158.6035056,1751,5.98,0,1,6,BACK,hold,svm,1,1,1,gesture,BACK,BACK,rc lr=0 fb=-30 ud=0 yaw=0,50,0.9909625882157007,87.0,50.0,1,0.017583252081063705,0.000278439441724845,0.736420095,0.337957829,-2.57567564e-07,0.703702629,0.352881551,-0.0361866355,0.673713684,0.367044002,-0.062247429,0.684634387,0.384308457,-0.0816129893,0.715919316,0.384284586,-0.0966363996,0.682183504,0.247622117,-0.0586454011,0.695540071,0.32860899,-0.0793356448,0.694107473,0.352768242,-0.0891720355,0.688565493,0.336781621,-0.0980866998,0.72018671,0.233950749,-0.0529281795,0.731800079,0.33412984,-0.0710965842,0.724592865,0.355145276,-0.0724998415,0.715533018,0.332751662,-0.075646922,0.756225228,0.237963259,-0.0491149873,0.763057351,0.332283258,-0.0653415471,0.753085256,0.348087281,-0.0570045002,0.744068921,0.329274923,-0.0520879701,0.788411558,0.252054185,-0.0495909713,0.790709496,0.317186832,-0.064924702,0.779861867,0.338238329,-0.0629635751,0.771237731,0.335604548,-0.059844248
1790262158.6765013,1753,13.96,0,1,6,BACK,hold,svm,1,1,1,gesture,BACK,BACK,rc lr=0 fb=-30 ud=0 yaw=0,50,0.9909625882157007,87.0,50.0,1,0.017586201973680993,0.0001677671800238034,0.736420095,0.337957829,-2.57567564e-07,0.703702629,0.352881551,-0.0361866355,0.673713684,0.367044002,-0.062247429,0.684634387,0.384308457,-0.0816129893,0.715919316,0.384284586,-0.0966363996,0.682183504,0.247622117,-0.0586454011,0.695540071,0.32860899,-0.0793356448,0.694107473,0.352768242,-0.0891720355,0.688565493,0.336781621,-0.0980866998,0.72018671,0.233950749,-0.0529281795,0.731800079,0.33412984,-0.0710965842,0.724592865,0.355145276,-0.0724998415,0.715533018,0.332751662,-0.075646922,0.756225228,0.237963259,-0.0491149873,0.763057351,0.332283258,-0.0653415471,0.753085256,0.348087281,-0.0570045002,0.744068921,0.329274923,-0.0520879701,0.788411558,0.252054185,-0.0495909713,0.790709496,0.317186832,-0.064924702,0.779861867,0.338238329,-0.0629635751,0.771237731,0.335604548,-0.059844248
1790262158.7330108,1754,2.99,0,1,6,BACK,hold,svm,1,1,1,gesture,BACK,BACK,rc lr=0 fb=-30 ud=0 yaw=0,50,0.9910012281735316,87.0,50.0,1,0.017426989252278702,-0.009053274927728235,0.73353219,0.342786282,-2.45123999e-07,0.702537775,0.359230161,-0.0366421454,0.67293942,0.376388818,-0.0630796477,0.681983948,0.393944591,-0.0829607323,0.713350356,0.392778456,-0.0986343175,0.679934561,0.257826209,-0.0579830371,0.693010926,0.338233352,-0.0786356777,0.690731764,0.360822201,-0.0887779668,0.684716821,0.345107615,-0.0977420211,0.717521787,0.24460879,-0.0519596562,0.728409529,0.343817383,-0.0699820668,0.721493959,0.362714529,-0.0716832131,0.712541819,0.341027677,-0.0749167576,0.753340662,0.248565733,-0.0479408801,0.759464025,0.339772284,-0.0647922903,0.751370072,0.354158461,-0.0567992404,0.744089127,0.336295098,-0.0516196936,0.785665333,0.261981189,-0.0481481925,0.787668586,0.323559076,-0.0637200102,0.777193606,0.345167875,-0.061403539,0.769121051,0.344831586,-0.0577519536
1790262158.8156228,1756,17.78,0,1,6,BACK,hold,svm,1,1,1,gesture,BACK,BACK,rc lr=0 fb=-30 ud=0 yaw=0,50,0.9910012281735316,87.0,50.0,1,0.017323875458893134,-0.0059169023342390955,0.73353219,0.342786282,-2.45123999e-07,0.702537775,0.359230161,-0.0366421454,0.67293942,0.376388818,-0.0630796477,0.681983948,0.393944591,-0.0829607323,0.713350356,0.392778456,-0.0986343175,0.679934561,0.257826209,-0.0579830371,0.693010926,0.338233352,-0.0786356777,0.690731764,0.360822201,-0.0887779668,0.684716821,0.345107615,-0.0977420211,0.717521787,0.24460879,-0.0519596562,0.728409529,0.343817383,-0.0699820668,0.721493959,0.362714529,-0.0716832131,0.712541819,0.341027677,-0.0749167576,0.753340662,0.248565733,-0.0479408801,0.759464025,0.339772284,-0.0647922903,0.751370072,0.354158461,-0.0567992404,0.744089127,0.336295098,-0.0516196936,0.785665333,0.261981189,-0.0481481925,0.787668586,0.323559076,-0.0637200102,0.777193606,0.345167875,-0.061403539,0.769121051,0.344831586,-0.0577519536
1790262158.8408551,1757,7.98,0,1,6,BACK,hold,svm,1,1,1,gesture,BACK,BACK,rc lr=0 fb=-30 ud=0 yaw=0,50,0.9720549418520783,87.0,50.0,1,0.01705640099123329,-0.015439643877290646,0.729778111,0.3392708,-1.72136652e-07,0.698029757,0.355779886,-0.0320459642,0.669624865,0.377024323,-0.0567491092,0.678222954,0.397435606,-0.0755929425,0.706682205,0.398442984,-0.0909653679,0.675326407,0.262215108,-0.0548669957,0.687724292,0.344154626,-0.0728683695,0.686339438,0.358329594,-0.0823830515,0.681595862,0.340329587,-0.0913741514,0.712393343,0.249683008,-0.0504329763,0.723247588,0.349389821,-0.0648480579,0.718062818,0.358769,-0.065745689,0.710106492,0.336591125,-0.0693374649,0.74836266,0.253099352,-0.0473601893,0.753875315,0.345570117,-0.0606640428,0.747194707,0.353784502,-0.051412344,0.740427494,0.334643334,-0.0460939594,0.780998528,0.266090631,-0.0483005345,0.78173548,0.329363644,-0.0618226267,0.773347914,0.345080525,-0.0585459359,0.767031848,0.339975923,-0.0546026118
1790262158.9245806,1758,26.9,0,1,6,BACK,hold,svm,1,1,1,gesture,BACK,BACK,rc lr=0 fb=-30 ud=0 yaw=0,50,0.9720549418520783,87.0,50.0,1,0.01689719371908538,-0.009334165644307951,0.729778111,0.3392708,-1.72136652e-07,0.698029757,0.355779886,-0.0320459642,0.669624865,0.377024323,-0.0567491092,0.678222954,0.397435606,-0.0755929425,0.706682205,0.398442984,-0.0909653679,0.675326407,0.262215108,-0.0548669957,0.687724292,0.344154626,-0.0728683695,0.686339438,0.358329594,-0.0823830515,0.681595862,0.340329587,-0.0913741514,0.712393343,0.249683008,-0.0504329763,0.723247588,0.349389821,-0.0648480579,0.718062818,0.358769,-0.065745689,0.710106492,0.336591125,-0.0693374649,0.74836266,0.253099352,-0.0473601893,0.753875315,0.345570117,-0.0606640428,0.747194707,0.353784502,-0.051412344,0.740427494,0.334643334,-0.0460939594,0.780998528,0.266090631,-0.0483005345,0.78173548,0.329363644,-0.0618226267,0.773347914,0.345080525,-0.0585459359,0.767031848,0.339975923,-0.0546026118
1790262158.9475486,1759,15.99,0,1,6,BACK,hold,svm,1,1,1,gesture,BACK,BACK,rc lr=0 fb=-30 ud=0 yaw=0,50,0.9771317089096361,87.0,50.0,1,0.016771015596646066,-0.00746740106890028,0.727370799,0.350119442,-2.04538466e-07,0.696121275,0.365492225,-0.0320820771,0.667325199,0.384867519,-0.0561022498,0.674951255,0.405499905,-0.074388437,0.704287648,0.405590236,-0.0895822495,0.671927989,0.27270329,-0.054480277,0.684217453,0.347756863,-0.0723714679,0.681626558,0.361797631,-0.0817535892,0.675716639,0.346409351,-0.0905266106,0.709260106,0.258148164,-0.0499003828,0.719852686,0.35619691,-0.0645385981,0.71403116,0.370806873,-0.0660041124,0.706111372,0.352309585,-0.0697289333,0.745434284,0.260631353,-0.0466826558,0.750861704,0.35221678,-0.0603248812,0.743885159,0.364016265,-0.052050408,0.737069845,0.34822005,-0.0472100265,0.778348148,0.272643328,-0.0474093854,0.779490709,0.333493859,-0.0610577427,0.770586908,0.35443449,-0.0578018315,0.763684392,0.355354309,-0.0538029037
1790262159.033366,1761,39.89,0,1,6,BACK,hold,svm,1,1,1,gesture,BACK,BACK,rc lr=0 fb=-30 ud=0 yaw=0,50,0.9771317089096361,87.0,50.0,1,0.01668926080785127,-0.004874766726181231,0.727370799,0.350119442,-2.04538466e-07,0.696121275,0.365492225,-0.0320820771,0.667325199,0.384867519,-0.0561022498,0.674951255,0.405499905,-0.074388437,0.704287648,0.405590236,-0.0895822495,0.671927989,0.27270329,-0.054480277,0.684217453,0.347756863,-0.0723714679,0.681626558,0.361797631,-0.0817535892,0.675716639,0.346409351,-0.0905266106,0.709260106,0.258148164,-0.0499003828,0.719852686,0.35619691,-0.0645385981,0.71403116,0.370806873,-0.0660041124,0.706111372,0.352309585,-0.0697289333,0.745434284,0.260631353,-0.0466826558,0.750861704,0.35221678,-0.0603248812,0.743885159,0.364016265,-0.052050408,0.737069845,0.34822005,-0.0472100265,0.778348148,0.272643328,-0.0474093854,0.779490709,0.333493859,-0.0610577427,0.770586908,0.35443449,-0.0578018315,0.763684392,0.355354309,-0.0538029037
1790262159.0678673,1762,2.99,0,1,6,BACK,hold,svm,1,1,1,gesture,BACK,BACK,rc lr=0 fb=-30 ud=0 yaw=0,50,0.9860067205892181,87.0,60.0,1,0.01666352632325996,-0.0015419786944191388,0.723363221,0.351373255,-1.97171715e-07,0.692572653,0.368345678,-0.0328714475,0.663574636,0.390582889,-0.0576885603,0.671530187,0.415274322,-0.0767429695,0.700390577,0.415883899,-0.092910409,0.670877635,0.28268829,-0.0570036806,0.681604981,0.358283788,-0.0768473446,0.677420378,0.369430602,-0.0879176334,0.670801938,0.353303254,-0.0976516083,0.708984435,0.269145966,-0.0523917265,0.717082024,0.370617568,-0.0688335747,0.710092843,0.381877512,-0.0711984113,0.702283621,0.359991819,-0.0753775015,0.745194256,0.272422791,-0.0492116772,0.748313069,0.366963863,-0.0639523193,0.740061164,0.373557091,-0.0555247366,0.732870638,0.353091836,-0.0503668897,0.777406693,0.284865201,-0.0500956662,0.776805997,0.348362088,-0.0647211969,0.767733157,0.363221407,-0.0616932325,0.76113826,0.357625633,-0.0577533394
1790262159.1469622,1764,15.16,0,1,6,BACK,hold,svm,1,1,1,gesture,BACK,BACK,rc lr=0 fb=-30 ud=0 yaw=0,50,0.9860067205892181,87.0,60.0,1,0.01664672103427023,-0.0010085073629506512,0.723363221,0.351373255,-1.97171715e-07,0.692572653,0.368345678,-0.0328714475,0.663574636,0.390582889,-0.0576885603,0.671530187,0.415274322,-0.0767429695,0.700390577,0.415883899,-0.092910409,0.670877635,0.28268829,-0.0570036806,0.681604981,0.358283788,-0.0768473446,0.677420378,0.369430602,-0.0879176334,0.670801938,0.353303254,-0.0976516083,0.708984435,0.269145966,-0.0523917265,0.717082024,0.370617568,-0.0688335747,0.710092843,0.381877512,-0.0711984113,0.702283621,0.359991819,-0.0753775015,0.745194256,0.272422791,-0.0492116772,0.748313069,0.366963863,-0.0639523193,0.740061164,0.373557091,-0.0555247366,0.732870638,0.353091836,-0.0503668897,0.777406693,0.284865201,-0.0500956662,0.776805997,0.348362088,-0.0647211969,0.767733157,0.363221407,-0.0616932325,0.76113826,0.357625633,-0.0577533394
1790262159.1708972,1765,4.99,0,1,6,BACK,hold,svm,1,1,1,gesture,BACK,BACK,rc lr=0 fb=-30 ud=0 yaw=0,50,0.9804519606089721,87.0,60.0,1,0.016636635625722818,-0.0006058495559965552,0.723147333,0.377389759,-2.29964513e-07,0.692512929,0.38970381,-0.0335563123,0.663504243,0.402764648,-0.0578599311,0.672380209,0.419938326,-0.0762128979,0.702806711,0.420810789,-0.0909179151,0.671478271,0.287702829,-0.0534401163,0.681491375,0.363685906,-0.0732080862,0.679805279,0.380338132,-0.0837799162,0.675015569,0.36253348,-0.0929315016,0.708913207,0.274329811,-0.0482789278,0.718196511,0.375091732,-0.0651284084,0.712188423,0.390504599,-0.0676077083,0.704251885,0.367919207,-0.0712137893,0.744493127,0.277873725,-0.0448979065,0.74923718,0.371850908,-0.0599668287,0.741878152,0.383627743,-0.0519636869,0.734978139,0.364429235,-0.0466539077,0.776378691,0.290732771,-0.0456711426,0.776950359,0.354204267,-0.0589669496,0.76821661,0.372968137,-0.0557710081,0.762016892,0.368858874,-0.0515419655
1790262159.2579625,1766,25.94,0,1,6,BACK,hold,svm,1,1,1,gesture,BACK,BACK,rc lr=0 fb=-30 ud=0 yaw=0,50,0.9804519606089721,87.0,60.0,1,0.016630038989724483,-0.00039651262110564653,0.723147333,0.377389759,-2.29964513e-07,0.692512929,0.38970381,-0.0335563123,0.663504243,0.402764648,-0.0578599311,0.672380209,0.419938326,-0.0762128979,0.702806711,0.420810789,-0.0909179151,0.671478271,0.287702829,-0.0534401163,0.681491375,0.363685906,-0.0732080862,0.679805279,0.380338132,-0.0837799162,0.675015569,0.36253348,-0.0929315016,0.708913207,0.274329811,-0.0482789278,0.718196511,0.375091732,-0.0651284084,0.712188423,0.390504599,-0.0676077083,0.704251885,0.367919207,-0.0712137893,0.744493127,0.277873725,-0.0448979065,0.74923718,0.371850908,-0.0599668287,0.741878152,0.383627743,-0.0519636869,0.734978139,0.364429235,-0.0466539077,0.776378691,0.290732771,-0.0456711426,0.776950359,0.354204267,-0.0589669496,0.76821661,0.372968137,-0.0557710081,0.762016892,0.368858874,-0.0515419655
1790262159.282894,1768,8.98,0,1,6,BACK,hold,svm,1,1,1,gesture,BACK,BACK,rc lr=0 fb=-30 ud=0 yaw=0,50,0.9775104888187096,87.0,60.0,1,0.01653816072422387,-0.0055248376481487355,0.726885498,0.365053147,-2.09916038e-07,0.694541574,0.380519152,-0.0325543322,0.664507926,0.3983998,-0.056228172,0.671956956,0.419443458,-0.0741195381,0.701378405,0.421512455,-0.0882309526,0.673080504,0.28852272,-0.0526727661,0.683663845,0.369697869,-0.0724178031,0.681021035,0.38439858,-0.082905136,0.67634511,0.366213113,-0.0920340717,0.71034795,0.276061714,-0.0475935228,0.719653189,0.38137424,-0.0648453236,0.712517917,0.390320718,-0.0668911636,0.704645157,0.363684475,-0.070067808,0.745952427,0.279560655,-0.044344943,0.750017762,0.377695531,-0.0604185723,0.742729425,0.383532315,-0.0525093824,0.736539006,0.359852195,-0.0468510501,0.777333558,0.291707098,-0.0450886674,0.777042091,0.36054641,-0.0606827028,0.767920673,0.373864263,-0.0591407567,0.76187408,0.364547044,-0.0556524582
1790262159.3712106,1769,42.89,0,1,6,BACK,hold,svm,1,1,1,gesture,BACK,BACK,rc lr=0 fb=-30 ud=0 yaw=0,50,0.9775104888187096,87.0,60.0,1,0.01647891452736161,-0.0035823933416901724,0.726885498,0.365053147,-2.09916038e-07,0.694541574,0.380519152,-0.0325543322,0.664507926,0.3983998,-0.056228172,0.671956956,0.419443458,-0.0741195381,0.701378405,0.421512455,-0.0882309526,0.673080504,0.28852272,-0.0526727661,0.683663845,0.369697869,-0.0724178031,0.681021035,0.38439858,-0.082905136,0.67634511,0.366213113,-0.0920340717,0.71034795,0.276061714,-0.0475935228,0.719653189,0.38137424,-0.0648453236,0.712517917,0.390320718,-0.0668911636,0.704645157,0.363684475,-0.070067808,0.745952427,0.279560655,-0.044344943,0.750017762,0.377695531,-0.0604185723,0.742729425,0.383532315,-0.0525093824,0.736539006,0.359852195,-0.0468510501,0.777333558,0.291707098,-0.0450886674,0.777042091,0.36054641,-0.0606827028,0.767920673,0.373864263,-0.0591407567,0.76187408,0.364547044,-0.0556524582
1790262159.4011316,1770,3.99,0,1,6,BACK,hold,svm,1,1,1,gesture,BACK,BACK,rc lr=0 fb=-30 ud=0 yaw=0,50,0.9761269098447868,87.0,60.0,1,0.016483354872775635,0.0002694561833337023,0.723756015,0.377390504,-2.32922119e-07,0.69240576,0.390675753,-0.0325267762,0.664774299,0.405447245,-0.0562296882,0.674185395,0.424295664,-0.0740789473,0.701937556,0.42534256,-0.0884107873,0.672592819,0.292291522,-0.0526016131,0.685498416,0.371827841,-0.0720483214,0.683098018,0.387641072,-0.0829688162,0.677335739,0.369343311,-0.0925719589,0.710435271,0.27934441,-0.047672417,0.720938504,0.381437689,-0.0642571896,0.713604867,0.393469125,-0.0670152828,0.704721689,0.368412167,-0.071054332,0.745940745,0.282502532,-0.0443661734,0.750991166,0.377540201,-0.0592716821,0.742588937,0.386247039,-0.0516014285,0.73484093,0.363663971,-0.0466741584,0.77731216,0.294327676,-0.0450819097,0.777736425,0.361013919,-0.0586788766,0.768342555,0.377206147,-0.0560471863,0.761646569,0.369511932,-0.0523574762
1790262159.5784545,1774,17.95,0,1,6,BACK,hold,svm,1,1,1,gesture,BACK,BACK,rc lr=0 fb=-30 ud=0 yaw=0,50,0.9761269098447868,87.0,60.0,1,0.016486470509498474,0.00018901714771578273,0.723756015,0.377390504,-2.32922119e-07,0.69240576,0.390675753,-0.0325267762,0.664774299,0.405447245,-0.0562296882,0.674185395,0.424295664,-0.0740789473,0.701937556,0.42534256,-0.0884107873,0.672592819,0.292291522,-0.0526016131,0.685498416,0.371827841,-0.0720483214,0.683098018,0.387641072,-0.0829688162,0.677335739,0.369343311,-0.0925719589,0.710435271,0.27934441,-0.047672417,0.720938504,0.381437689,-0.0642571896,0.713604867,0.393469125,-0.0670152828,0.704721689,0.368412167,-0.071054332,0.745940745,0.282502532,-0.0443661734,0.750991166,0.377540201,-0.0592716821,0.742588937,0.386247039,-0.0516014285,0.73484093,0.363663971,-0.0466741584,0.77731216,0.294327676,-0.0450819097,0.777736425,0.361013919,-0.0586788766,0.768342555,0.377206147,-0.0560471863,0.761646569,0.369511932,-0.0523574762
1790262159.6061268,1775,9.97,0,1,6,BACK,hold,svm,1,1,1,gesture,BACK,BACK,rc lr=0 fb=-30 ud=0 yaw=0,50,0.9708455462637433,87.0,60.0,1,0.016376201957655212,-0.006688426839433727,0.727291226,0.391307831,-2.26771945e-07,0.695358276,0.405479252,-0.0341514759,0.66555959,0.418987662,-0.0590080433,0.672187448,0.432512075,-0.0776252598,0.701455951,0.431948662,-0.0920592695,0.669981778,0.300739437,-0.0524825752,0.684366226,0.378382295,-0.0711504519,0.682870567,0.397880256,-0.0807312056,0.678064704,0.382438391,-0.0896033794,0.70676446,0.287341803,-0.0471454486,0.719129324,0.384043872,-0.0637416914,0.714250028,0.401239991,-0.0656632856,0.707639635,0.380698681,-0.0691880137,0.741957366,0.289855182,-0.0437558331,0.750287175,0.380101293,-0.0592203587,0.743338943,0.394901514,-0.0517540947,0.737122118,0.378840655,-0.0471481755,0.7742365,0.301699042,-0.0444656052,0.77739656,0.362962604,-0.0581717566,0.768423855,0.384183735,-0.0557403713,0.761488795,0.382383794,-0.0524095446
1790262159.6957736,1777,34.96,0,1,6,BACK,hold,svm,1,1,1,gesture,BACK,BACK,rc lr=0 fb=-30 ud=0 yaw=0,50,0.9708455462637433,87.0,60.0,1,0.016304727006570374,-0.004364562141432688,0.727291226,0.391307831,-2.26771945e-07,0.695358276,0.405479252,-0.0341514759,0.66555959,0.418987662,-0.0590080433,0.672187448,0.432512075,-0.0776252598,0.701455951,0.431948662,-0.0920592695,0.669981778,0.300739437,-0.0524825752,0.684366226,0.378382295,-0.0711504519,0.682870567,0.397880256,-0.0807312056,0.678064704,0.382438391,-0.0896033794,0.70676446,0.287341803,-0.0471454486,0.719129324,0.384043872,-0.0637416914,0.714250028,0.401239991,-0.0656632856,0.707639635,0.380698681,-0.0691880137,0.741957366,0.289855182,-0.0437558331,0.750287175,0.380101293,-0.0592203587,0.743338943,0.394901514,-0.0517540947,0.737122118,0.378840655,-0.0471481755,0.7742365,0.301699042,-0.0444656052,0.77739656,0.362962604,-0.0581717566,0.768423855,0.384183735,-0.0557403713,0.761488795,0.382383794,-0.0524095446
1790262159.7336733,1778,4.99,0,1,6,BACK,hold,svm,1,1,1,gesture,BACK,BACK,rc lr=0 fb=-30 ud=0 yaw=0,50,0.9718378625016515,87.0,60.0,1,0.01611800108249639,-0.011452257004900301,0.71779722,0.389347583,-1.99813812e-07,0.689113379,0.400755405,-0.0319971554,0.661462128,0.416305959,-0.0558159538,0.66748172,0.434067786,-0.0739488825,0.694569111,0.432825863,-0.0886335671,0.665068507,0.303583294,-0.0524534099,0.676927447,0.379617125,-0.0719693676,0.677775145,0.396559268,-0.0821432322,0.673410416,0.380328983,-0.0907998756,0.701970458,0.290027916,-0.0478382334,0.711702168,0.385847449,-0.0643656924,0.708927155,0.402731866,-0.0662615672,0.702436805,0.383324385,-0.0694925711,0.737144709,0.292320907,-0.0448883325,0.74253881,0.381820619,-0.0600380823,0.737579405,0.397246838,-0.0516264066,0.73155719,0.382576257,-0.0460170917,0.769355893,0.303788781,-0.0458924286,0.771245956,0.364234984,-0.0587988235,0.764174402,0.385505587,-0.0550202653,0.758478642,0.384508103,-0.050518211
1790262159.8315213,1781,2.51,0,1,6,BACK,hold,svm,1,1,1,gesture,BACK,BACK,rc lr=0 fb=-30 ud=0 yaw=0,50,0.9718378625016515,87.0,60.0,1,0.016011099063240053,-0.00663246135232182,0.71779722,0.389347583,-1.99813812e-07,0.689113379,0.400755405,-0.0319971554,0.661462128,0.416305959,-0.0558159538,0.66748172,0.434067786,-0.0739488825,0.694569111,0.432825863,-0.0886335671,0.665068507,0.303583294,-0.0524534099,0.676927447,0.379617125,-0.0719693676,0.677775145,0.396559268,-0.0821432322,0.673410416,0.380328983,-0.0907998756,0.701970458,0.290027916,-0.0478382334,0.711702168,0.385847449,-0.0643656924,0.708927155,0.402731866,-0.0662615672,0.702436805,0.383324385,-0.0694925711,0.737144709,0.292320907,-0.0448883325,0.74253881,0.381820619,-0.0600380823,0.737579405,0.397246838,-0.0516264066,0.73155719,0.382576257,-0.0460170917,0.769355893,0.303788781,-0.0458924286,0.771245956,0.364234984,-0.0587988235,0.764174402,0.385505587,-0.0550202653,0.758478642,0.384508103,-0.050518211
1790262159.9133577,1782,2.93,0,1,6,BACK,hold,svm,1,1,1,gesture,BACK,BACK,rc lr=0 fb=-30 ud=0 yaw=0,50,0.9672802041467972,87.0,60.0,1,0.016059403757362034,0.0030169505498147888,0.717301428,0.382972419,-1.84016315e-07,0.685717762,0.396865726,-0.0317848921,0.657836378,0.413546503,-0.055551704,0.66546315,0.432335854,-0.0736409202,0.692890465,0.434273601,-0.0883116871,0.664330602,0.301763117,-0.0518399626,0.677894711,0.384375423,-0.0704380125,0.677369893,0.401580632,-0.0803065449,0.67297411,0.386225939,-0.0888370201,0.701476336,0.289723784,-0.0473132916,0.712682545,0.390063077,-0.0628564507,0.708283782,0.401917011,-0.0643255264,0.70148778,0.382360458,-0.0671982467,0.736473322,0.29280135,-0.0444738269,0.742722273,0.384167582,-0.059773244,0.737922549,0.393351555,-0.0518143214,0.732557952,0.376255214,-0.0460097939,0.76778239,0.30478704,-0.0454721227,0.770467043,0.365999281,-0.0597515404,0.762843132,0.384829789,-0.0565276518,0.756847799,0.383587241,-0.0517825298
1790262159.9996827,1785,4.99,0,1,6,BACK,hold,svm,1,1,1,gesture,BACK,BACK,rc lr=0 fb=-30 ud=0 yaw=0,50,0.9672802041467972,87.0,60.0,1,0.016136740819380435,0.004815687007243206,0.717301428,0.382972419,-1.84016315e-07,0.685717762,0.396865726,-0.0317848921,0.657836378,0.413546503,-0.055551704,0.66546315,0.432335854,-0.0736409202,0.692890465,0.434273601,-0.0883116871,0.664330602,0.301763117,-0.0518399626,0.677894711,0.384375423,-0.0704380125,0.677369893,0.401580632,-0.0803065449,0.67297411,0.386225939,-0.0888370201,0.701476336,0.289723784,-0.0473132916,0.712682545,0.390063077,-0.0628564507,0.708283782,0.401917011,-0.0643255264,0.70148778,0.382360458,-0.0671982467,0.736473322,0.29280135,-0.0444738269,0.742722273,0.384167582,-0.059773244,0.737922549,0.393351555,-0.0518143214,0.732557952,0.376255214,-0.0460097939,0.76778239,0.30478704,-0.0454721227,0.770467043,0.365999281,-0.0597515404,0.762843132,0.384829789,-0.0565276518,0.756847799,0.383587241,-0.0517825298
1790262160.0655077,1786,0.99,0,1,6,BACK,hold,svm,1,1,1,gesture,BACK,BACK,rc lr=0 fb=-30 ud=0 yaw=0,50,0.9792921925425113,87.0,60.0,1,0.016190540689219546,0.003333998509444753,0.719214857,0.402962267,-2.42053261e-07,0.687931001,0.416595727,-0.0353119113,0.658296525,0.428579658,-0.0607718192,0.667274058,0.442871958,-0.0798868462,0.699169695,0.441921264,-0.0947863534,0.664849162,0.310800374,-0.0538354144,0.677123606,0.391781002,-0.0733871683,0.676920593,0.415487856,-0.083098352,0.673114479,0.401505649,-0.0916406885,0.701667666,0.29822576,-0.0480530858,0.712080836,0.396742314,-0.0656095594,0.707400024,0.416043639,-0.067513451,0.700510561,0.396927476,-0.0703650191,0.736136913,0.30172807,-0.0443561301,0.743160367,0.390515059,-0.0610465743,0.737241864,0.405765831,-0.0535868965,0.731494963,0.391187727,-0.0481599458,0.767507136,0.31447643,-0.0447498001,0.771660864,0.371815741,-0.0596971288,0.763813078,0.392826587,-0.0571875013,0.757619321,0.392499149,-0.0530664846
1790262160.160529,1788,27.17,0,1,6,BACK,hold,svm,1,1,1,gesture,BACK,BACK,rc lr=0 fb=-30 ud=0 yaw=0,50,0.9792921925425113,87.0,60.0,1,0.016246789997794053,0.0034742081598276107,0.719214857,0.402962267,-2.42053261e-07,0.687931001,0.416595727,-0.0353119113,0.658296525,0.428579658,-0.0607718192,0.667274058,0.442871958,-0.0798868462,0.699169695,0.441921264,-0.0947863534,0.664849162,0.310800374,-0.0538354144,0.677123606,0.391781002,-0.0733871683,0.676920593,0.415487856,-0.083098352,0.673114479,0.401505649,-0.0916406885,0.701667666,0.29822576,-0.0480530858,0.712080836,0.396742314,-0.0656095594,0.707400024,0.416043639,-0.067513451,0.700510561,0.396927476,-0.0703650191,0.736136913,0.30172807,-0.0443561301,0.743160367,0.390515059,-0.0610465743,0.737241864,0.405765831,-0.0535868965,0.731494963,0.391187727,-0.0481599458,0.767507136,0.31447643,-0.0447498001,0.771660864,0.371815741,-0.0596971288,0.763813078,0.392826587,-0.0571875013,0.757619321,0.392499149,-0.0530664846
1790262160.1889646,1789,26.44,0,1,6,BACK,hold,svm,1,1,1,gesture,BACK,BACK,rc lr=0 fb=-30 ud=0 yaw=0,50,0.9738060021685848,87.0,60.0,1,0.01609241365422065,-0.009501959685227936,0.716615081,0.389538854,-1.98806219e-07,0.685038924,0.403776765,-0.03154663,0.655904412,0.421590418,-0.0548418127,0.664489388,0.442042649,-0.0725226477,0.693405092,0.442766964,-0.0869120583,0.664533317,0.315481097,-0.0528750606,0.673702419,0.39099896,-0.0718610734,0.671941459,0.402155876,-0.081882,0.667860985,0.384504825,-0.0904773846,0.701435983,0.301728368,-0.0480063111,0.710265636,0.403396964,-0.0639442801,0.705089033,0.413394094,-0.0657847673,0.698649585,0.390549093,-0.0689789727,0.736555815,0.30358398,-0.0447096191,0.740681291,0.398622662,-0.0592132099,0.734813988,0.40516153,-0.0512842573,0.729780912,0.384235919,-0.0459132232,0.767970383,0.314203888,-0.0453640781,0.76825732,0.379748493,-0.0587967895,0.759967446,0.395165026,-0.0559344627,0.754775345,0.389103264,-0.0518806987
1790262160.2795193,1792,5.98,0,1,6,BACK,hold,svm,1,1,1,gesture,BACK,BACK,rc lr=0 fb=-30 ud=0 yaw=0,50,0.9738060021685848,87.0,60.0,1,0.01600609591093871,-0.005363877982300025,0.716615081,0.389538854,-1.98806219e-07,0.685038924,0.403776765,-0.03154663,0.655904412,0.421590418,-0.0548418127,0.664489388,0.442042649,-0.0725226477,0.693405092,0.442766964,-0.0869120583,0.664533317,0.315481097,-0.0528750606,0.673702419,0.39099896,-0.0718610734,0.671941459,0.402155876,-0.081882,0.667860985,0.384504825,-0.0904773846,0.701435983,0.301728368,-0.0480063111,0.710265636,0.403396964,-0.0639442801,0.705089033,0.413394094,-0.0657847673,0.698649585,0.390549093,-0.0689789727,0.736555815,0.30358398,-0.0447096191,0.740681291,0.398622662,-0.0592132099,0.734813988,0.40516153,-0.0512842573,0.729780912,0.384235919,-0.0459132232,0.767970383,0.314203888,-0.0453640781,0.76825732,0.379748493,-0.0587967895,0.759967446,0.395165026,-0.0559344627,0.754775345,0.389103264,-0.0518806987
1790262160.3373654,1793,3.99,0,1,6,BACK,hold,svm,1,1,1,gesture,BACK,BACK,rc lr=0 fb=-30 ud=0 yaw=0,50,0.9740676659197423,87.0,60.0,1,0.016064403375501968,0.003642828637769724,0.715160966,0.390327454,-1.48286503e-07,0.683118522,0.402459264,-0.0311082136,0.656679749,0.41862157,-0.0546325147,0.666314065,0.439345121,-0.0725250542,0.693910778,0.439891934,-0.0872737467,0.661939025,0.307774246,-0.0526738316,0.672920108,0.385539889,-0.0727893338,0.673457265,0.395387053,-0.0841253549,0.670547187,0.377427489,-0.0935647562,0.698605001,0.294863313,-0.0482306555,0.709079266,0.390025377,-0.0651384443,0.706461906,0.402068675,-0.067153886,0.701120198,0.383256584,-0.0703723431,0.732913971,0.296816468,-0.0454447344,0.740169644,0.383599967,-0.0611721464,0.735597908,0.395069033,-0.0534989499,0.730518878,0.379523963,-0.0480996035,0.764102697,0.307841539,-0.0465065427,0.768180907,0.367469907,-0.060940329,0.760509968,0.387653887,-0.0584303476,0.754599631,0.387119263,-0.0545109622
1790262160.4272091,1794,31.91,0,1,6,BACK,hold,svm,1,1,1,gesture,BACK,BACK,rc lr=0 fb=-30 ud=0 yaw=0,50,0.9740676659197423,87.0,60.0,1,0.016101933282740788,0.002336215442401857,0.715160966,0.390327454,-1.48286503e-07,0.683118522,0.402459264,-0.0311082136,0.656679749,0.41862157,-0.0546325147,0.666314065,0.439345121,-0.0725250542,0.693910778,0.439891934,-0.0872737467,0.661939025,0.307774246,-0.0526738316,0.672920108,0.385539889,-0.0727893338,0.673457265,0.395387053,-0.0841253549,0.670547187,0.377427489,-0.0935647562,0.698605001,0.294863313,-0.0482306555,0.709079266,0.390025377,-0.0651384443,0.706461906,0.402068675,-0.067153886,0.701120198,0.383256584,-0.0703723431,0.732913971,0.296816468,-0.0454447344,0.740169644,0.383599967,-0.0611721464,0.735597908,0.395069033,-0.0534989499,0.730518878,0.379523963,-0.0480996035,0.764102697,0.307841539,-0.0465065427,0.768180907,0.367469907,-0.060940329,0.760509968,0.387653887,-0.0584303476,0.754599631,0.387119263,-0.0545109622
1790262160.454648,1795,24.45,0,1,6,BACK,hold,svm,1,1,1,gesture,BACK,BACK,rc lr=0 fb=-30 ud=0 yaw=0,50,0.968621017805933,87.0,60.0,1,0.01606543993185028,-0.0022663956091301066,0.716033399,0.380874574,-1.68190638e-07,0.683484674,0.396236122,-0.031194916,0.655594587,0.414158404,-0.0543389171,0.665040255,0.433618844,-0.0717539713,0.69587785,0.434640348,-0.0860063508,0.662833393,0.306806982,-0.0525616631,0.673620284,0.383837879,-0.0707283393,0.674060762,0.396168441,-0.0804765299,0.670789897,0.379547745,-0.0890009925,0.699235976,0.291937768,-0.0476515032,0.709556103,0.390037596,-0.0624261871,0.706130564,0.403071254,-0.0638647601,0.699963748,0.38498348,-0.0670089349,0.733853757,0.292903811,-0.0441747494,0.73956567,0.381918043,-0.0586969145,0.735257685,0.39414081,-0.0510280505,0.730719388,0.381036013,-0.0457476042,0.764888644,0.303015947,-0.0444659777,0.767698705,0.361898452,-0.0585661083,0.761257887,0.382305622,-0.0557085983,0.756626487,0.383978069,-0.0514584891
1790262160.5523438,1797,54.85,0,1,6,BACK,hold,svm,1,1,1,gesture,BACK,BACK,rc lr=0 fb=-30 ud=0 yaw=0,50,0.968621017805933,87.0,60.0,1,0.01604170378651304,-0.0014774662528961287,0.716033399,0.380874574,-1.68190638e-07,0.683484674,0.396236122,-0.031194916,0.655594587,0.414158404,-0.0543389171,0.665040255,0.433618844,-0.0717539713,0.69587785,0.434640348,-0.0860063508,0.662833393,0.306806982,-0.0525616631,0.673620284,0.383837879,-0.0707283393,0.674060762,0.396168441,-0.0804765299,0.670789897,0.379547745,-0.0890009925,0.699235976,0.291937768,-0.0476515032,0.709556103,0.390037596,-0.0624261871,0.706130564,0.403071254,-0.0638647601,0.699963748,0.38498348,-0.0670089349,0.733853757,0.292903811,-0.0441747494,0.73956567,0.381918043,-0.0586969145,0.735257685,0.39414081,-0.0510280505,0.730719388,0.381036013,-0.0457476042,0.764888644,0.303015947,-0.0444659777,0.767698705,0.361898452,-0.0585661083,0.761257887,0.382305622,-0.0557085983,0.756626487,0.383978069,-0.0514584891
1790262160.5787845,1798,14.96,0,1,6,BACK,hold,svm,1,1,1,gesture,BACK,BACK,rc lr=0 fb=-30 ud=0 yaw=0,50,0.9744028517418322,87.0,60.0,1,0.015871729246384803,-0.010595790970229864,0.717074692,0.372509539,-1.46047626e-07,0.684090137,0.389455438,-0.0308926422,0.655973375,0.40888992,-0.0534266569,0.665398896,0.430872649,-0.0702823102,0.694613576,0.43134287,-0.0841301456,0.662639618,0.305368274,-0.0545951463,0.670839727,0.375766426,-0.0732039511,0.670684576,0.379731864,-0.0823938474,0.668092966,0.360363901,-0.0903832763,0.699243307,0.289343476,-0.0497993641,0.707569957,0.38750121,-0.065373823,0.704879463,0.396084279,-0.0660496578,0.699689627,0.376188636,-0.0684666187,0.733971477,0.290192097,-0.046419479,0.737778664,0.381326109,-0.0611818954,0.733184338,0.390163392,-0.0523113646,0.728707016,0.374317884,-0.0461518094,0.76502043,0.300409734,-0.0469223261,0.765536964,0.362844825,-0.0619409531,0.758788586,0.380472124,-0.0594802387,0.75419879,0.37907514,-0.0554052144
1790262160.673486,1801,10.97,0,1,6,BACK,hold,svm,1,1,1,gesture,BACK,BACK,rc lr=0 fb=-30 ud=0 yaw=0,50,0.9744028517418322,87.0,60.0,1,0.015761639625111457,-0.006936208371776613,0.717074692,0.372509539,-1.46047626e-07,0.684090137,0.389455438,-0.0308926422,0.655973375,0.40888992,-0.0534266569,0.665398896,0.430872649,-0.0702823102,0.694613576,0.43134287,-0.0841301456,0.662639618,0.305368274,-0.0545951463,0.670839727,0.375766426,-0.0732039511,0.670684576,0.379731864,-0.0823938474,0.668092966,0.360363901,-0.0903832763,0.699243307,0.289343476,-0.0497993641,0.707569957,0.38750121,-0.065373823,0.704879463,0.396084279,-0.0660496578,0.699689627,0.376188636,-0.0684666187,0.733971477,0.290192097,-0.046419479,0.737778664,0.381326109,-0.0611818954,0.733184338,0.390163392,-0.0523113646,0.728707016,0.374317884,-0.0461518094,0.76502043,0.300409734,-0.0469223261,0.765536964,0.362844825,-0.0619409531,0.758788586,0.380472124,-0.0594802387,0.75419879,0.37907514,-0.0554052144
1790262160.734255,1802,4.81,0,1,6,BACK,hold,svm,1,1,1,gesture,BACK,BACK,rc lr=0 fb=-30 ud=0 yaw=0,50,0.9766918013619138,87.0,60.0,1,0.015677940330235174,-0.005310316494163012,0.714825988,0.375282437,-1.640379e-07,0.68272537,0.390017092,-0.0317780748,0.655664444,0.407260835,-0.0550984032,0.66618973,0.427714229,-0.0724116713,0.696071088,0.426286399,-0.0866097882,0.661389232,0.299014211,-0.0546157248,0.672764003,0.376593053,-0.0732674152,0.67399925,0.388288796,-0.0828250051,0.670966566,0.371317565,-0.0912149251,0.697578371,0.284816474,-0.0496448316,0.70702672,0.377949446,-0.0652246401,0.705050528,0.390713066,-0.0661580041,0.699548483,0.373203099,-0.0689642802,0.731620729,0.285915196,-0.0461356007,0.737521827,0.370535374,-0.0611448586,0.733446062,0.383933067,-0.0526810177,0.728430271,0.370762736,-0.0470336638,0.762594581,0.296308279,-0.0464593284,0.765152454,0.353236973,-0.0609509312,0.758754194,0.375704229,-0.0578992479,0.753744125,0.37827915,-0.0537591986
1790262160.8251426,1804,29.92,0,1,6,BACK,hold,svm,1,1,1,gesture,BACK,BACK,rc lr=0 fb=-30 ud=0 yaw=0,50,0.9766918013619138,87.0,60.0,1,0.01566671655106866,-0.0007158962803850254,0.714825988,0.375282437,-1.640379e-07,0.68272537,0.390017092,-0.0317780748,0.655664444,0.407260835,-0.0550984032,0.66618973,0.427714229,-0.0724116713,0.696071088,0.426286399,-0.0866097882,0.661389232,0.299014211,-0.0546157248,0.672764003,0.376593053,-0.0732674152,0.67399925,0.388288796,-0.0828250051,0.670966566,0.371317565,-0.0912149251,0.697578371,0.284816474,-0.0496448316,0.70702672,0.377949446,-0.0652246401,0.705050528,0.390713066,-0.0661580041,0.699548483,0.373203099,-0.0689642802,0.731620729,0.285915196,-0.0461356007,0.737521827,0.370535374,-0.0611448586,0.733446062,0.383933067,-0.0526810177,0.728430271,0.370762736,-0.0470336638,0.762594581,0.296308279,-0.0464593284,0.765152454,0.353236973,-0.0609509312,0.758754194,0.375704229,-0.0578992479,0.753744125,0.37827915,-0.0537591986
1790262160.8539467,1805,21.82,0,1,6,BACK,hold,svm,1,1,1,gesture,BACK,BACK,rc lr=0 fb=-30 ud=0 yaw=0,50,0.9656756379535124,87.0,60.0,1,0.015550933874976636,-0.007390360048616992,0.714385152,0.378197283,-1.66978012e-07,0.683083534,0.390792787,-0.0309428759,0.655691862,0.404079527,-0.0534612201,0.6655038,0.421942711,-0.0704422072,0.694525659,0.421856433,-0.0842927173,0.660881758,0.294693023,-0.0508974046,0.669225872,0.364849389,-0.0697445795,0.670706749,0.376837492,-0.0794430301,0.668406367,0.359548748,-0.0875923336,0.69720757,0.280839801,-0.0462677889,0.705053627,0.37236318,-0.0626187325,0.702642977,0.388939053,-0.0642058626,0.697110057,0.3715128,-0.0667321533,0.731536508,0.283136815,-0.0433346108,0.736042559,0.365878761,-0.0589284375,0.73181814,0.380880952,-0.0512648188,0.726803184,0.368281782,-0.0456172898,0.762565494,0.295081198,-0.0441070199,0.764385939,0.349782795,-0.0583349951,0.757701695,0.372199386,-0.0553637408,0.752481639,0.374702603,-0.050908383
1790262160.9531658,1807,20.94,0,1,6,BACK,hold,svm,1,1,1,gesture,BACK,BACK,rc lr=0 fb=-30 ud=0 yaw=0,50,0.9656756379535124,87.0,60.0,1,0.015475907509568287,-0.0048245569051692085,0.714385152,0.378197283,-1.66978012e-07,0.683083534,0.390792787,-0.0309428759,0.655691862,0.404079527,-0.0534612201,0.6655038,0.421942711,-0.0704422072,0.694525659,0.421856433,-0.0842927173,0.660881758,0.294693023,-0.0508974046,0.669225872,0.364849389,-0.0697445795,0.670706749,0.376837492,-0.0794430301,0.668406367,0.359548748,-0.0875923336,0.69720757,0.280839801,-0.0462677889,0.705053627,0.37236318,-0.0626187325,0.702642977,0.388939053,-0.0642058626,0.697110057,0.3715128,-0.0667321533,0.731536508,0.283136815,-0.0433346108,0.736042559,0.365878761,-0.0589284375,0.73181814,0.380880952,-0.0512648188,0.726803184,0.368281782,-0.0456172898,0.762565494,0.295081198,-0.0441070199,0.764385939,0.349782795,-0.0583349951,0.757701695,0.372199386,-0.0553637408,0.752481639,0.374702603,-0.050908383
1790262160.9817662,1808,18.61,0,1,6,BACK,hold,svm,1,1,1,gesture,BACK,BACK,rc lr=0 fb=-30 ud=0 yaw=0,50,0.964692364176707,87.0,60.0,1,0.015353045353938555,-0.007938930596074622,0.715883374,0.365473986,-1.74420279e-07,0.684835792,0.379553556,-0.0307068266,0.656525135,0.394973129,-0.0525944382,0.664947748,0.413907945,-0.0687985122,0.694151402,0.413006753,-0.0814539567,0.660250783,0.287708551,-0.0506510735,0.671001613,0.362232506,-0.0700020716,0.671332955,0.374822408,-0.0796686485,0.66771549,0.356819987,-0.0876631066,0.696232855,0.273435742,-0.0457657538,0.707166731,0.368171126,-0.0621243864,0.703580856,0.380706966,-0.0632124469,0.696565032,0.358867466,-0.0654576719,0.730705976,0.274941713,-0.042690523,0.737414241,0.360253125,-0.0587408394,0.732719958,0.370602876,-0.0510151312,0.727141619,0.352968812,-0.0451398827,0.761726916,0.285892189,-0.0432271026,0.764205456,0.342453361,-0.0585912913,0.757455647,0.360830605,-0.0564718843,0.75264591,0.359263211,-0.0523850061
1790262161.0804398,1810,12.96,0,1,6,BACK,hold,svm,1,1,1,gesture,BACK,BACK,rc lr=0 fb=-30 ud=0 yaw=0,50,0.964692364176707,87.0,60.0,1,0.01527343427576966,-0.005185360710764292,0.715883374,0.365473986,-1.74420279e-07,0.684835792,0.379553556,-0.0307068266,0.656525135,0.394973129,-0.0525944382,0.664947748,0.413907945,-0.0687985122,0.694151402,0.413006753,-0.0814539567,0.660250783,0.287708551,-0.0506510735,0.671001613,0.362232506,-0.0700020716,0.671332955,0.374822408,-0.0796686485,0.66771549,0.356819987,-0.0876631066,0.696232855,0.273435742,-0.0457657538,0.707166731,0.368171126,-0.0621243864,0.703580856,0.380706966,-0.0632124469,0.696565032,0.358867466,-0.0654576719,0.730705976,0.274941713,-0.042690523,0.737414241,0.360253125,-0.0587408394,0.732719958,0.370602876,-0.0510151312,0.727141619,0.352968812,-0.0451398827,0.761726916,0.285892189,-0.0432271026,0.764205456,0.342453361,-0.0585912913,0.757455647,0.360830605,-0.0564718843,0.75264591,0.359263211,-0.0523850061
1790262161.1094875,1811,11.1,0,1,6,BACK,hold,svm,1,1,1,gesture,BACK,BACK,rc lr=0 fb=-30 ud=0 yaw=0,50,0.9717634986264807,87.0,60.0,1,0.015166537307063521,-0.0069988822930101315,0.716080904,0.353060693,-1.96480869e-07,0.683871329,0.369554639,-0.0300558433,0.654252529,0.386841089,-0.0519866161,0.663709939,0.405986279,-0.0684952736,0.693832576,0.40324086,-0.0816435218,0.659205139,0.280820221,-0.0513665192,0.66926831,0.353137255,-0.0715162382,0.66854459,0.36454165,-0.0818189234,0.66468811,0.346197009,-0.0904452577,0.69453752,0.265857249,-0.0471190587,0.704456091,0.361123055,-0.0644713491,0.700863957,0.37688452,-0.0655614361,0.695104361,0.356523335,-0.0679033697,0.7285375,0.267149538,-0.0446562096,0.734837115,0.35481891,-0.0605961122,0.730084538,0.368570298,-0.0520727411,0.725401342,0.351867795,-0.0460712649,0.759601951,0.277989626,-0.045914907,0.761074364,0.337803572,-0.0606994443,0.753660917,0.357343048,-0.0583297163,0.748348415,0.354563713,-0.0545328148
1790262161.219668,1813,57.87,0,1,6,BACK,hold,svm,1,1,1,gesture,BACK,BACK,rc lr=0 fb=-30 ud=0 yaw=0,50,0.9717634986264807,87.0,60.0,1,0.015097219572261622,-0.004570439079038548,0.716080904,0.353060693,-1.96480869e-07,0.683871329,0.369554639,-0.0300558433,0.654252529,0.386841089,-0.0519866161,0.663709939,0.405986279,-0.0684952736,0.693832576,0.40324086,-0.0816435218,0.659205139,0.280820221,-0.0513665192,0.66926831,0.353137255,-0.0715162382,0.66854459,0.36454165,-0.0818189234,0.66468811,0.346197009,-0.0904452577,0.69453752,0.265857249,-0.0471190587,0.704456091,0.361123055,-0.0644713491,0.700863957,0.37688452,-0.0655614361,0.695104361,0.356523335,-0.0679033697,0.7285375,0.267149538,-0.0446562096,0.734837115,0.35481891,-0.0605961122,0.730084538,0.368570298,-0.0520727411,0.725401342,0.351867795,-0.0460712649,0.759601951,0.277989626,-0.045914907,0.761074364,0.337803572,-0.0606994443,0.753660917,0.357343048,-0.0583297163,0.748348415,0.354563713,-0.0545328148
1790262161.2495315,1814,17.47,0,1,6,BACK,hold,svm,1,1,1,gesture,BACK,BACK,rc lr=0 fb=-30 ud=0 yaw=0,50,0.9796993603693674,87.0,60.0,1,0.01515258360445415,0.003667167449445452,0.713072121,0.34787038,-2.07350638e-07,0.681027591,0.367272317,-0.0313244238,0.653467834,0.386626303,-0.0537831672,0.665133238,0.406617671,-0.0706593692,0.695494473,0.405039936,-0.0845053494,0.659879506,0.281565994,-0.0532384925,0.669567823,0.355359733,-0.0729894415,0.66985786,0.366877437,-0.0833746567,0.666192651,0.348162234,-0.0920034796,0.696101487,0.265480965,-0.0483906381,0.705908298,0.362786412,-0.0646480173,0.701984644,0.37547183,-0.065928638,0.695177972,0.353036344,-0.0684983581,0.730328202,0.266344368,-0.0451814383,0.735092461,0.35615766,-0.060727939,0.729460716,0.36701408,-0.0525026135,0.723756671,0.348877668,-0.0465232693,0.760758162,0.276648521,-0.0457635894,0.761559486,0.338048548,-0.0607306845,0.753856122,0.355511039,-0.0582754649,0.748025596,0.351863831,-0.0542481169
1790262161.3469837,1817,12.96,0,2,4,DOWN,settle,svm,1,1,1,gesture,BACK,BACK,rc lr=0 fb=-30 ud=0 yaw=0,50,0.9796993603693674,87.0,60.0,1,0.015188630290499106,0.0023789135229954333,0.713072121,0.34787038,-2.07350638e-07,0.681027591,0.367272317,-0.0313244238,0.653467834,0.386626303,-0.0537831672,0.665133238,0.406617671,-0.0706593692,0.695494473,0.405039936,-0.0845053494,0.659879506,0.281565994,-0.0532384925,0.669567823,0.355359733,-0.0729894415,0.66985786,0.366877437,-0.0833746567,0.666192651,0.348162234,-0.0920034796,0.696101487,0.265480965,-0.0483906381,0.705908298,0.362786412,-0.0646480173,0.701984644,0.37547183,-0.065928638,0.695177972,0.353036344,-0.0684983581,0.730328202,0.266344368,-0.0451814383,0.735092461,0.35615766,-0.060727939,0.729460716,0.36701408,-0.0525026135,0.723756671,0.348877668,-0.0465232693,0.760758162,0.276648521,-0.0457635894,0.761559486,0.338048548,-0.0607306845,0.753856122,0.355511039,-0.0582754649,0.748025596,0.351863831,-0.0542481169
1790262161.3975966,1818,2.99,0,2,4,DOWN,settle,svm,1,1,1,gesture,BACK,BACK,rc lr=0 fb=-30 ud=0 yaw=0,50,0.9719163056566029,87.0,60.0,1,0.015146727626131451,-0.0027588178503407113,0.717693925,0.354881734,-2.20323471e-07,0.685690224,0.371286452,-0.0313441083,0.658103287,0.388947755,-0.0541623607,0.668661296,0.410115719,-0.0712992921,0.699409485,0.410875201,-0.0852027163,0.665559828,0.284954846,-0.05157369,0.677356958,0.364123881,-0.0703522265,0.677291572,0.377765834,-0.080901131,0.673233688,0.360836983,-0.0900488049,0.701383054,0.271583557,-0.0466219522,0.71083796,0.367577106,-0.0619459935,0.705735564,0.378483295,-0.063425757,0.69815129,0.356612444,-0.0667108446,0.735443532,0.273608327,-0.0433575995,0.740315318,0.359999955,-0.0584541373,0.733726203,0.370104134,-0.0507102869,0.727114677,0.352754682,-0.0454018265,0.766253233,0.284381628,-0.0438378006,0.766868412,0.341334224,-0.0581021681,0.758934259,0.357268602,-0.0555530898,0.752822518,0.353658885,-0.0519124903
1790262161.5178924,1821,20.08,0,2,4,DOWN,settle,svm,1,1,1,gesture,BACK,BACK,rc lr=0 fb=-30 ud=0 yaw=0,50,0.9719163056566029,87.0,60.0,1,0.015119200866859472,-0.00181734034911203,0.717693925,0.354881734,-2.20323471e-07,0.685690224,0.371286452,-0.0313441083,0.658103287,0.388947755,-0.0541623607,0.668661296,0.410115719,-0.0712992921,0.699409485,0.410875201,-0.0852027163,0.665559828,0.284954846,-0.05157369,0.677356958,0.364123881,-0.0703522265,0.677291572,0.377765834,-0.080901131,0.673233688,0.360836983,-0.0900488049,0.701383054,0.271583557,-0.0466219522,0.71083796,0.367577106,-0.0619459935,0.705735564,0.378483295,-0.063425757,0.69815129,0.356612444,-0.0667108446,0.735443532,0.273608327,-0.0433575995,0.740315318,0.359999955,-0.0584541373,0.733726203,0.370104134,-0.0507102869,0.727114677,0.352754682,-0.0454018265,0.766253233,0.284381628,-0.0438378006,0.766868412,0.341334224,-0.0581021681,0.758934259,0.357268602,-0.0555530898,0.752822518,0.353658885,-0.0519124903
1790262161.5694447,1822,4.99,0,2,4,DOWN,settle,svm,1,1,1,gesture,BACK,BACK,rc lr=0 fb=-30 ud=0 yaw=0,50,0.9612283332464466,87.0,60.0,1,0.015061582045010624,-0.003810970060933962,0.718393266,0.359205276,-1.88357674e-07,0.687110305,0.376224786,-0.0301533304,0.658143759,0.393653363,-0.0517608784,0.668141723,0.411889374,-0.0682279095,0.698724091,0.41106528,-0.0817099363,0.66608429,0.289392799,-0.0497636497,0.672175109,0.35423702,-0.0678227916,0.67050916,0.360500008,-0.076956071,0.666952133,0.341399044,-0.0848983601,0.701196134,0.273062259,-0.0453837216,0.708146513,0.368840128,-0.0607773326,0.704914689,0.381363273,-0.0620799288,0.699251056,0.361096531,-0.0645875335,0.7350052,0.273963392,-0.0426666737,0.737992227,0.3626858,-0.0574914813,0.733418047,0.373439878,-0.0495932736,0.728696883,0.35798806,-0.0437964462,0.765788853,0.284095734,-0.0437561981,0.765866697,0.343630433,-0.057998158,0.758834183,0.362507552,-0.0553564727,0.753769994,0.362520397,-0.051095739
1790262161.6725044,1825,10.65,0,2,4,DOWN,settle,svm,1,1,1,gesture,BACK,BACK,rc lr=0 fb=-30 ud=0 yaw=0,50,0.9612283332464466,87.0,60.0,1,0.015024188665805127,-0.0024826993003622838,0.718393266,0.359205276,-1.88357674e-07,0.687110305,0.376224786,-0.0301533304,0.658143759,0.393653363,-0.0517608784,0.668141723,0.411889374,-0.0682279095,0.698724091,0.41106528,-0.0817099363,0.66608429,0.289392799,-0.0497636497,0.672175109,0.35423702,-0.0678227916,0.67050916,0.360500008,-0.076956071,0.666952133,0.341399044,-0.0848983601,0.701196134,0.273062259,-0.0453837216,0.708146513,0.368840128,-0.0607773326,0.704914689,0.381363273,-0.0620799288,0.699251056,0.361096531,-0.0645875335,0.7350052,0.273963392,-0.0426666737,0.737992227,0.3626858,-0.0574914813,0.733418047,0.373439878,-0.0495932736,0.728696883,0.35798806,-0.0437964462,0.765788853,0.284095734,-0.0437561981,0.765866697,0.343630433,-0.057998158,0.758834183,0.362507552,-0.0553564727,0.753769994,0.362520397,-0.051095739
1790262161.7413197,1826,4.99,0,2,4,DOWN,settle,svm,1,1,1,gesture,BACK,BACK,rc lr=0 fb=-30 ud=0 yaw=0,50,0.9686886093238188,87.0,60.0,1,0.01504400443136511,0.0013189241696014722,0.708668947,0.352190584,-1.40710796e-07,0.67871654,0.369247794,-0.0310225319,0.650555372,0.391144991,-0.0540856309,0.65929234,0.413249165,-0.0714888573,0.687469721,0.412489772,-0.0857391283,0.656285763,0.288933277,-0.054623466,0.6672858,0.360811383,-0.0735573396,0.667788208,0.368097186,-0.0828931779,0.66397965,0.349856019,-0.0908656269,0.692425013,0.273256034,-0.0496112406,0.701774478,0.371160001,-0.064576976,0.698572874,0.378449321,-0.0647452325,0.692299545,0.356420875,-0.0670569241,0.727084517,0.273885727,-0.0460972115,0.731391728,0.366296381,-0.0591505207,0.725904882,0.372098893,-0.0490383841,0.720508218,0.352978617,-0.042517297,0.757980645,0.283933908,-0.0466440544,0.758279622,0.347303629,-0.0602915809,0.751201689,0.360450625,-0.0571251698,0.746303082,0.354016989,-0.0528280362
1790262161.8507361,1829,19.95,0,2,4,DOWN,settle,svm,1,1,1,gesture,BACK,BACK,rc lr=0 fb=-30 ud=0 yaw=0,50,0.9686886093238188,87.0,60.0,1,0.015056850540338118,0.0008539022327210532,0.708668947,0.352190584,-1.40710796e-07,0.67871654,0.369247794,-0.0310225319,0.650555372,0.391144991,-0.0540856309,0.65929234,0.413249165,-0.0714888573,0.687469721,0.412489772,-0.0857391283,0.656285763,0.288933277,-0.054623466,0.6672858,0.360811383,-0.0735573396,0.667788208,0.368097186,-0.0828931779,0.66397965,0.349856019,-0.0908656269,0.692425013,0.273256034,-0.0496112406,0.701774478,0.371160001,-0.064576976,0.698572874,0.378449321,-0.0647452325,0.692299545,0.356420875,-0.0670569241,0.727084517,0.273885727,-0.0460972115,0.731391728,0.366296381,-0.0591505207,0.725904882,0.372098893,-0.0490383841,0.720508218,0.352978617,-0.042517297,0.757980645,0.283933908,-0.0466440544,0.758279622,0.347303629,-0.0602915809,0.751201689,0.360450625,-0.0571251698,0.746303082,0.354016989,-0.0528280362
1790262161.9013212,1830,2.63,0,2,4,DOWN,settle,svm,1,1,1,gesture,BACK,BACK,rc lr=0 fb=-30 ud=0 yaw=0,50,0.950067078837537,87.0,60.0,1,0.014886678338443815,-0.011301978553775406,0.701594651,0.366639167,-1.86108949e-07,0.671616435,0.380060226,-0.0288514979,0.644125223,0.396424949,-0.0506951287,0.653118014,0.414814949,-0.0674922913,0.679711223,0.415681511,-0.0814378336,0.647571146,0.292275786,-0.0500296094,0.659059763,0.361227512,-0.0669142157,0.66202414,0.376366466,-0.0753982514,0.658056498,0.36340335,-0.0828528255,0.682913959,0.276838779,-0.0458684638,0.691506684,0.366277188,-0.059741199,0.690755546,0.383380473,-0.0605539493,0.684858918,0.369255602,-0.0633835942,0.716425002,0.27700603,-0.0429406948,0.721082509,0.35623014,-0.0558162779,0.718773186,0.372407317,-0.0476420149,0.714169025,0.362682849,-0.0425517187,0.747177124,0.286866426,-0.0435378812,0.749745011,0.336975157,-0.0553618297,0.744633198,0.359490663,-0.0511609949,0.739845216,0.363599062,-0.0465701707
1790262161.999449,1833,1.0,0,2,4,DOWN,settle,svm,1,1,1,gesture,BACK,BACK,rc lr=0 fb=-30 ud=0 yaw=0,50,0.950067078837537,87.0,60.0,1,0.014798844582671222,-0.005900158099457835,0.701594651,0.366639167,-1.86108949e-07,0.671616435,0.380060226,-0.0288514979,0.644125223,0.396424949,-0.0506951287,0.653118014,0.414814949,-0.0674922913,0.679711223,0.415681511,-0.0814378336,0.647571146,0.292275786,-0.0500296094,0.659059763,0.361227512,-0.0669142157,0.66202414,0.376366466,-0.0753982514,0.658056498,0.36340335,-0.0828528255,0.682913959,0.276838779,-0.0458684638,0.691506684,0.366277188,-0.059741199,0.690755546,0.383380473,-0.0605539493,0.684858918,0.369255602,-0.0633835942,0.716425002,0.27700603,-0.0429406948,0.721082509,0.35623014,-0.0558162779,0.718773186,0.372407317,-0.0476420149,0.714169025,0.362682849,-0.0425517187,0.747177124,0.286866426,-0.0435378812,0.749745011,0.336975157,-0.0553618297,0.744633198,0.359490663,-0.0511609949,0.739845216,0.363599062,-0.0465701707
1790262162.0648656,1834,2.0,0,2,4,DOWN,settle,svm,1,1,1,gesture,BACK,BACK,rc lr=0 fb=-30 ud=0 yaw=0,50,0.975549047577082,87.0,60.0,1,0.014721610197865331,-0.0052189469505159155,0.693963766,0.359476507,-1.78199443e-07,0.664674282,0.374008596,-0.0305446126,0.636375666,0.392188847,-0.0523905493,0.644792855,0.413444519,-0.0683548823,0.672633946,0.412346154,-0.0806222335,0.642124116,0.291159809,-0.0535134524,0.654075861,0.365829468,-0.0728151426,0.654016674,0.377831668,-0.0812616423,0.64924401,0.360717028,-0.0883473456,0.677663743,0.277256012,-0.0482731275,0.688941836,0.374836028,-0.0647339448,0.684605002,0.383414775,-0.0642348379,0.676789463,0.359647989,-0.0653221235,0.711538434,0.278728366,-0.0446590632,0.71789813,0.369495153,-0.0590881445,0.711159289,0.376010358,-0.0482007191,0.704187989,0.354989976,-0.0405227132,0.741477251,0.289336294,-0.0449577831,0.743714571,0.350768834,-0.0600664355,0.735913754,0.363613009,-0.0573825166,0.730055928,0.354820877,-0.0528757945
1790262162.1681547,1837,4.0,0,2,4,DOWN,settle,svm,1,1,1,gesture,BACK,BACK,rc lr=0 fb=-30 ud=0 yaw=0,50,0.975549047577082,87.0,60.0,1,0.014685634798834002,-0.0024437135984313675,0.693963766,0.359476507,-1.78199443e-07,0.664674282,0.374008596,-0.0305446126,0.636375666,0.392188847,-0.0523905493,0.644792855,0.413444519,-0.0683548823,0.672633946,0.412346154,-0.0806222335,0.642124116,0.291159809,-0.0535134524,0.654075861,0.365829468,-0.0728151426,0.654016674,0.377831668,-0.0812616423,0.64924401,0.360717028,-0.0883473456,0.677663743,0.277256012,-0.0482731275,0.688941836,0.374836028,-0.0647339448,0.684605002,0.383414775,-0.0642348379,0.676789463,0.359647989,-0.0653221235,0.711538434,0.278728366,-0.0446590632,0.71789813,0.369495153,-0.0590881445,0.711159289,0.376010358,-0.0482007191,0.704187989,0.354989976,-0.0405227132,0.741477251,0.289336294,-0.0449577831,0.743714571,0.350768834,-0.0600664355,0.735913754,0.363613009,-0.0573825166,0.730055928,0.354820877,-0.0528757945
1790262162.234179,1838,1.98,0,2,4,DOWN,settle,svm,1,1,1,gesture,BACK,BACK,rc lr=0 fb=-30 ud=0 yaw=0,50,0.9567660874088978,87.0,60.0,1,0.014570077292919592,-0.007868744354420741,0.696057379,0.367124826,-2.28024305e-07,0.663272679,0.379993588,-0.0283555593,0.634814262,0.392541558,-0.0493322238,0.645807624,0.409148067,-0.0652833283,0.676580846,0.409706622,-0.0779300556,0.641913176,0.289459199,-0.048215203,0.651321709,0.35988158,-0.0671922415,0.652006209,0.376173139,-0.0765105709,0.648292482,0.360231191,-0.0842682421,0.676338017,0.274408668,-0.0444510169,0.686496973,0.366803825,-0.0611817203,0.683516145,0.385302544,-0.0618704855,0.677214384,0.367227882,-0.0634203479,0.709191799,0.274853945,-0.042389717,0.715905488,0.359914362,-0.0576848723,0.710811734,0.37436986,-0.0497444198,0.704892993,0.358462006,-0.0438576303,0.739105105,0.284425318,-0.0438258871,0.741362154,0.34337011,-0.0573049039,0.734410107,0.362948358,-0.0547477752,0.728664339,0.359788567,-0.0507490151
1790262162.3322215,1840,59.15,0,2,4,DOWN,settle,svm,1,1,1,gesture,BACK,BACK,rc lr=0 fb=-30 ud=0 yaw=0,50,0.9567660874088978,87.0,60.0,1,0.014504924602135816,-0.0044716777731465835,0.696057379,0.367124826,-2.28024305e-07,0.663272679,0.379993588,-0.0283555593,0.634814262,0.392541558,-0.0493322238,0.645807624,0.409148067,-0.0652833283,0.676580846,0.409706622,-0.0779300556,0.641913176,0.289459199,-0.048215203,0.651321709,0.35988158,-0.0671922415,0.652006209,0.376173139,-0.0765105709,0.648292482,0.360231191,-0.0842682421,0.676338017,0.274408668,-0.0444510169,0.686496973,0.366803825,-0.0611817203,0.683516145,0.385302544,-0.0618704855,0.677214384,0.367227882,-0.0634203479,0.709191799,0.274853945,-0.042389717,0.715905488,0.359914362,-0.0576848723,0.710811734,0.37436986,-0.0497444198,0.704892993,0.358462006,-0.0438576303,0.739105105,0.284425318,-0.0438258871,0.741362154,0.34337011,-0.0573049039,0.734410107,0.362948358,-0.0547477752,0.728664339,0.359788567,-0.0507490151
1790262162.3621423,1841,27.93,0,2,4,DOWN,settle,svm,1,1,1,gesture,BACK,BACK,rc lr=0 fb=-30 ud=0 yaw=0,50,0.9644999479956219,87.0,60.0,1,0.01439482558794225,-0.007590457531737432,0.692398131,0.362111151,-2.14460869e-07,0.660995662,0.37621209,-0.0283688903,0.632461309,0.391708165,-0.0499483757,0.642400384,0.409596801,-0.0666056126,0.671463013,0.41000855,-0.0802792236,0.639629126,0.290473998,-0.0494930521,0.648516178,0.358098894,-0.0683652312,0.649784565,0.372882992,-0.0778610036,0.646332085,0.357041568,-0.0857993215,0.674431145,0.275599062,-0.0458799601,0.683712125,0.365208566,-0.0620498061,0.681709409,0.382769614,-0.0629915521,0.675687194,0.365738511,-0.0651231408,0.707384706,0.276008159,-0.0438160188,0.712558091,0.360089362,-0.0584554188,0.707603276,0.37557584,-0.0504260547,0.701355278,0.361715496,-0.0448210873,0.737340033,0.285175681,-0.0452550277,0.738045156,0.343649,-0.0575377047,0.731965244,0.363259166,-0.0542909987,0.726691842,0.360542178,-0.050269872
1790262162.472844,1844,9.97,0,2,4,DOWN,settle,svm,1,1,1,gesture,BACK,BACK,rc lr=0 fb=-30 ud=0 yaw=0,50,0.9644999479956219,87.0,60.0,1,0.014323477416496644,-0.004956515173436418,0.692398131,0.362111151,-2.14460869e-07,0.660995662,0.37621209,-0.0283688903,0.632461309,0.391708165,-0.0499483757,0.642400384,0.409596801,-0.0666056126,0.671463013,0.41000855,-0.0802792236,0.639629126,0.290473998,-0.0494930521,0.648516178,0.358098894,-0.0683652312,0.649784565,0.372882992,-0.0778610036,0.646332085,0.357041568,-0.0857993215,0.674431145,0.275599062,-0.0458799601,0.683712125,0.365208566,-0.0620498061,0.681709409,0.382769614,-0.0629915521,0.675687194,0.365738511,-0.0651231408,0.707384706,0.276008159,-0.0438160188,0.712558091,0.360089362,-0.0584554188,0.707603276,0.37557584,-0.0504260547,0.701355278,0.361715496,-0.0448210873,0.737340033,0.285175681,-0.0452550277,0.738045156,0.343649,-0.0575377047,0.731965244,0.363259166,-0.0542909987,0.726691842,0.360542178,-0.050269872
1790262162.5047593,1845,6.98,0,2,4,DOWN,settle,svm,1,1,1,gesture,RIGHT,RIGHT,rc lr=30 fb=0 ud=0 yaw=0,1,0.5877790547620682,87.0,60.0,1,0.013715788984152155,-0.04242604045611168,0.678705275,0.390301615,-2.92409311e-07,0.649204612,0.391740948,-0.0235770512,0.619608819,0.39286539,-0.0411931053,0.613667786,0.406337321,-0.0559787005,0.624172091,0.41986537,-0.0686756521,0.622788191,0.302277058,-0.0364613011,0.622839689,0.358087093,-0.055299595,0.626453161,0.384271652,-0.0648584813,0.625831246,0.380317211,-0.0716027915,0.658174455,0.292469084,-0.0363325886,0.656158984,0.376168519,-0.0533376336,0.650087833,0.404767513,-0.0575933307,0.642675161,0.392793924,-0.060788542,0.691751122,0.299796671,-0.0379632637,0.687566161,0.379331172,-0.054587774,0.679512501,0.402929336,-0.0515170805,0.673353374,0.391054511,-0.0487455465,0.721120656,0.315337002,-0.0422648527,0.71492213,0.374726385,-0.0546097122,0.704954207,0.397841752,-0.0526078902,0.697875977,0.394087851,-0.0496332571
1790262162.6685445,1849,2.99,0,2,4,DOWN,settle,svm,1,1,1,gesture,RIGHT,RIGHT,rc lr=30 fb=0 ud=0 yaw=0,2,0.5877790547620682,87.0,60.0,1,0.01343915889509617,-0.020168733229682646,0.678705275,0.390301615,-2.92409311e-07,0.649204612,0.391740948,-0.0235770512,0.619608819,0.39286539,-0.0411931053,0.613667786,0.406337321,-0.0559787005,0.624172091,0.41986537,-0.0686756521,0.622788191,0.302277058,-0.0364613011,0.622839689,0.358087093,-0.055299595,0.626453161,0.384271652,-0.0648584813,0.625831246,0.380317211,-0.0716027915,0.658174455,0.292469084,-0.0363325886,0.656158984,0.376168519,-0.0533376336,0.650087833,0.404767513,-0.0575933307,0.642675161,0.392793924,-0.060788542,0.691751122,0.299796671,-0.0379632637,0.687566161,0.379331172,-0.054587774,0.679512501,0.402929336,-0.0515170805,0.673353374,0.391054511,-0.0487455465,0.721120656,0.315337002,-0.0422648527,0.71492213,0.374726385,-0.0546097122,0.704954207,0.397841752,-0.0526078902,0.697875977,0.394087851,-0.0496332571
1790262162.7440193,1850,4.99,0,2,4,DOWN,settle,svm,1,1,1,gesture,RIGHT,RIGHT,rc lr=30 fb=0 ud=0 yaw=0,3,0.9512591215969829,87.0,60.0,1,0.009725571084739926,-0.27632590992813544,0.677451551,0.643753827,-5.37320162e-08,0.644237399,0.654254615,-0.0181119256,0.623583198,0.69083178,-0.0335262455,0.611187994,0.731455266,-0.0451848283,0.592892289,0.761165559,-0.0542860776,0.661317706,0.716918111,-0.0392254032,0.628809869,0.755081654,-0.0582443811,0.620657682,0.73808217,-0.065083608,0.623596311,0.717243195,-0.0667131543,0.68290019,0.726256371,-0.0357232988,0.641813934,0.763769925,-0.0541221797,0.635978281,0.743199587,-0.0548436269,0.643046796,0.721445262,-0.0530192815,0.698262811,0.730344415,-0.033071395,0.660522342,0.775221825,-0.0479828008,0.652746022,0.759740651,-0.0433975533,0.658197343,0.739304602,-0.0380704403,0.707679212,0.73121506,-0.0313750654,0.694966972,0.774496138,-0.043264702,0.689415574,0.784390986,-0.0439592078,0.689716518,0.785220981,-0.0426078513
1790262162.941317,1855,10.97,0,2,4,DOWN,settle,svm,1,1,1,gesture,RIGHT,RIGHT,rc lr=30 fb=0 ud=0 yaw=0,4,0.9512591215969829,87.0,60.0,1,0.008486194972213923,-0.12743479038168434,0.677451551,0.643753827,-5.37320162e-08,0.644237399,0.654254615,-0.0181119256,0.623583198,0.69083178,-0.0335262455,0.611187994,0.731455266,-0.0451848283,0.592892289,0.761165559,-0.0542860776,0.661317706,0.716918111,-0.0392254032,0.628809869,0.755081654,-0.0582443811,0.620657682,0.73808217,-0.065083608,0.623596311,0.717243195,-0.0667131543,0.68290019,0.726256371,-0.0357232988,0.641813934,0.763769925,-0.0541221797,0.635978281,0.743199587,-0.0548436269,0.643046796,0.721445262,-0.0530192815,0.698262811,0.730344415,-0.033071395,0.660522342,0.775221825,-0.0479828008,0.652746022,0.759740651,-0.0433975533,0.658197343,0.739304602,-0.0380704403,0.707679212,0.73121506,-0.0313750654,0.694966972,0.774496138,-0.043264702,0.689415574,0.784390986,-0.0439592078,0.689716518,0.785220981,-0.0426078513
1790262162.969512,1856,7.0,0,2,4,DOWN,settle,svm,0,0,1,gesture,RIGHT,NOHAND,rc lr=0 fb=0 ud=0 yaw=0,0,,87.0,60.0,1,0.008486194972213923,-0.12743479038168434,,,,,,,,,,,,,,,,,,,,,,,,,,,,,,,,,,,,,,,,,,,,,,,,,,,,,,,,,,,,,,,
1790262163.0598419,1858,30.1,0,2,4,DOWN,settle,svm,0,0,0,gesture,RIGHT,NOHAND,rc lr=0 fb=0 ud=0 yaw=0,0,,87.0,60.0,1,0.008486194972213923,-0.12743479038168434,,,,,,,,,,,,,,,,,,,,,,,,,,,,,,,,,,,,,,,,,,,,,,,,,,,,,,,,,,,,,,,
1790262163.1071467,1859,3.99,0,2,4,DOWN,settle,svm,0,0,1,gesture,RIGHT,NOHAND,rc lr=0 fb=0 ud=0 yaw=0,0,,87.0,60.0,1,0.008486194972213923,-0.12743479038168434,,,,,,,,,,,,,,,,,,,,,,,,,,,,,,,,,,,,,,,,,,,,,,,,,,,,,,,,,,,,,,,
1790262163.1754313,1861,8.98,0,2,4,DOWN,settle,svm,0,0,1,gesture,RIGHT,NOHAND,rc lr=0 fb=0 ud=0 yaw=0,0,,87.0,60.0,1,0.008486194972213923,-0.12743479038168434,,,,,,,,,,,,,,,,,,,,,,,,,,,,,,,,,,,,,,,,,,,,,,,,,,,,,,,,,,,,,,,
1790262163.207365,1862,1.0,0,2,4,DOWN,settle,svm,0,0,1,gesture,RIGHT,NOHAND,rc lr=0 fb=0 ud=0 yaw=0,0,,87.0,60.0,1,0.008486194972213923,-0.12743479038168434,,,,,,,,,,,,,,,,,,,,,,,,,,,,,,,,,,,,,,,,,,,,,,,,,,,,,,,,,,,,,,,
1790262163.2692213,1863,2.99,0,2,4,DOWN,settle,svm,0,0,1,gesture,RIGHT,NOHAND,rc lr=0 fb=0 ud=0 yaw=0,0,,87.0,60.0,1,0.008486194972213923,-0.12743479038168434,,,,,,,,,,,,,,,,,,,,,,,,,,,,,,,,,,,,,,,,,,,,,,,,,,,,,,,,,,,,,,,
1790262163.2966619,1864,24.45,0,2,4,DOWN,settle,svm,0,0,1,gesture,RIGHT,NOHAND,rc lr=0 fb=0 ud=0 yaw=0,0,,87.0,60.0,1,0.008486194972213923,-0.12743479038168434,,,,,,,,,,,,,,,,,,,,,,,,,,,,,,,,,,,,,,,,,,,,,,,,,,,,,,,,,,,,,,,
1790262163.3583846,1865,21.94,0,2,4,DOWN,settle,svm,0,0,1,gesture,RIGHT,NOHAND,rc lr=0 fb=0 ud=0 yaw=0,0,,87.0,60.0,1,0.008486194972213923,-0.12743479038168434,,,,,,,,,,,,,,,,,,,,,,,,,,,,,,,,,,,,,,,,,,,,,,,,,,,,,,,,,,,,,,,
1790262163.3849487,1866,21.58,0,2,4,DOWN,settle,svm,0,0,1,gesture,RIGHT,NOHAND,rc lr=0 fb=0 ud=0 yaw=0,0,,87.0,60.0,1,0.008486194972213923,-0.12743479038168434,,,,,,,,,,,,,,,,,,,,,,,,,,,,,,,,,,,,,,,,,,,,,,,,,,,,,,,,,,,,,,,
1790262163.4444249,1867,11.97,0,2,4,DOWN,settle,svm,0,0,1,gesture,RIGHT,NOHAND,rc lr=0 fb=0 ud=0 yaw=0,0,,87.0,60.0,1,0.008486194972213923,-0.12743479038168434,,,,,,,,,,,,,,,,,,,,,,,,,,,,,,,,,,,,,,,,,,,,,,,,,,,,,,,,,,,,,,,
1790262163.471862,1868,5.98,0,2,4,DOWN,settle,svm,0,0,1,gesture,RIGHT,NOHAND,rc lr=0 fb=0 ud=0 yaw=0,0,,87.0,60.0,1,0.008486194972213923,-0.12743479038168434,,,,,,,,,,,,,,,,,,,,,,,,,,,,,,,,,,,,,,,,,,,,,,,,,,,,,,,,,,,,,,,
1790262163.5428083,1870,10.97,0,2,4,DOWN,settle,svm,0,0,1,gesture,RIGHT,NOHAND,rc lr=0 fb=0 ud=0 yaw=0,0,,87.0,60.0,1,0.008486194972213923,-0.12743479038168434,,,,,,,,,,,,,,,,,,,,,,,,,,,,,,,,,,,,,,,,,,,,,,,,,,,,,,,,,,,,,,,
1790262163.6051702,1871,5.0,0,2,4,DOWN,settle,svm,0,0,1,gesture,RIGHT,NOHAND,rc lr=0 fb=0 ud=0 yaw=0,0,,87.0,60.0,1,0.008486194972213923,-0.12743479038168434,,,,,,,,,,,,,,,,,,,,,,,,,,,,,,,,,,,,,,,,,,,,,,,,,,,,,,,,,,,,,,,
1790262163.66912,1873,3.99,0,2,4,DOWN,settle,svm,0,0,1,gesture,RIGHT,NOHAND,rc lr=0 fb=0 ud=0 yaw=0,0,,87.0,60.0,1,0.008486194972213923,-0.12743479038168434,,,,,,,,,,,,,,,,,,,,,,,,,,,,,,,,,,,,,,,,,,,,,,,,,,,,,,,,,,,,,,,
1790262163.7050235,1874,3.99,0,2,4,DOWN,settle,svm,0,0,1,gesture,RIGHT,NOHAND,rc lr=0 fb=0 ud=0 yaw=0,0,,87.0,60.0,1,0.008486194972213923,-0.12743479038168434,,,,,,,,,,,,,,,,,,,,,,,,,,,,,,,,,,,,,,,,,,,,,,,,,,,,,,,,,,,,,,,
1790262163.7718449,1875,6.98,0,2,4,DOWN,settle,svm,0,0,1,face,RIGHT,FACE,rc lr=0 fb=13 ud=9 yaw=-4,0,,87.0,60.0,1,0.008486194972213923,-0.12743479038168434,,,,,,,,,,,,,,,,,,,,,,,,,,,,,,,,,,,,,,,,,,,,,,,,,,,,,,,,,,,,,,,
1790262163.8086774,1876,5.98,0,2,4,DOWN,settle,svm,0,0,1,face,RIGHT,FACE,rc lr=0 fb=13 ud=9 yaw=-5,0,,87.0,60.0,1,0.008486194972213923,-0.12743479038168434,,,,,,,,,,,,,,,,,,,,,,,,,,,,,,,,,,,,,,,,,,,,,,,,,,,,,,,,,,,,,,,
1790262163.879265,1878,12.97,0,2,4,DOWN,settle,svm,0,0,1,face,RIGHT,FACE,rc lr=0 fb=13 ud=9 yaw=-5,0,,87.0,60.0,1,0.008486194972213923,-0.12743479038168434,,,,,,,,,,,,,,,,,,,,,,,,,,,,,,,,,,,,,,,,,,,,,,,,,,,,,,,,,,,,,,,
1790262163.9397047,1879,2.99,0,2,4,DOWN,settle,svm,0,0,1,face,RIGHT,FACE,rc lr=0 fb=12 ud=8 yaw=-8,0,,87.0,60.0,1,0.008486194972213923,-0.12743479038168434,,,,,,,,,,,,,,,,,,,,,,,,,,,,,,,,,,,,,,,,,,,,,,,,,,,,,,,,,,,,,,,
1790262164.018145,1881,19.63,0,2,4,DOWN,settle,svm,0,0,1,face,RIGHT,FACE,rc lr=0 fb=12 ud=8 yaw=-8,0,,87.0,60.0,1,0.008486194972213923,-0.12743479038168434,,,,,,,,,,,,,,,,,,,,,,,,,,,,,,,,,,,,,,,,,,,,,,,,,,,,,,,,,,,,,,,
1790262164.0452747,1882,12.66,0,2,4,DOWN,settle,svm,0,0,1,face,RIGHT,FACE,rc lr=0 fb=12 ud=8 yaw=-10,0,,87.0,60.0,1,0.008486194972213923,-0.12743479038168434,,,,,,,,,,,,,,,,,,,,,,,,,,,,,,,,,,,,,,,,,,,,,,,,,,,,,,,,,,,,,,,
1790262164.1101024,1883,11.97,0,2,4,DOWN,settle,svm,0,0,1,face,RIGHT,FACE,rc lr=0 fb=12 ud=8 yaw=-10,0,,87.0,60.0,1,0.008486194972213923,-0.12743479038168434,,,,,,,,,,,,,,,,,,,,,,,,,,,,,,,,,,,,,,,,,,,,,,,,,,,,,,,,,,,,,,,
1790262164.1393533,1884,8.98,0,2,4,DOWN,settle,svm,0,0,1,face,RIGHT,FACE,rc lr=0 fb=13 ud=8 yaw=-10,0,,87.0,60.0,1,0.008486194972213923,-0.12743479038168434,,,,,,,,,,,,,,,,,,,,,,,,,,,,,,,,,,,,,,,,,,,,,,,,,,,,,,,,,,,,,,,
1790262164.2171383,1886,17.95,0,2,4,DOWN,settle,svm,0,0,1,face,RIGHT,FACE,rc lr=0 fb=13 ud=8 yaw=-10,0,,87.0,60.0,1,0.008486194972213923,-0.12743479038168434,,,,,,,,,,,,,,,,,,,,,,,,,,,,,,,,,,,,,,,,,,,,,,,,,,,,,,,,,,,,,,,
1790262164.2687094,1887,2.99,0,2,4,DOWN,settle,svm,0,0,1,face,RIGHT,FACE,rc lr=0 fb=13 ud=5 yaw=-9,0,,87.0,60.0,1,0.008486194972213923,-0.12743479038168434,,,,,,,,,,,,,,,,,,,,,,,,,,,,,,,,,,,,,,,,,,,,,,,,,,,,,,,,,,,,,,,
1790262164.3350427,1889,2.99,0,2,4,DOWN,settle,svm,0,0,0,face,RIGHT,HOVER,rc lr=0 fb=0 ud=0 yaw=0,0,,87.0,60.0,1,0.008486194972213923,-0.12743479038168434,,,,,,,,,,,,,,,,,,,,,,,,,,,,,,,,,,,,,,,,,,,,,,,,,,,,,,,,,,,,,,,
1790262164.3701396,1890,3.99,0,2,4,DOWN,settle,svm,0,0,1,face,RIGHT,FACE,rc lr=0 fb=12 ud=3 yaw=-9,0,,87.0,60.0,1,0.008486194972213923,-0.12743479038168434,,,,,,,,,,,,,,,,,,,,,,,,,,,,,,,,,,,,,,,,,,,,,,,,,,,,,,,,,,,,,,,
1790262164.4571242,1891,18.95,0,2,4,DOWN,settle,svm,0,0,1,face,RIGHT,FACE,rc lr=0 fb=12 ud=3 yaw=-9,0,,87.0,60.0,1,0.008486194972213923,-0.12743479038168434,,,,,,,,,,,,,,,,,,,,,,,,,,,,,,,,,,,,,,,,,,,,,,,,,,,,,,,,,,,,,,,
1790262164.4865463,1892,15.96,0,2,4,DOWN,settle,svm,0,0,1,face,RIGHT,FACE,rc lr=0 fb=12 ud=0 yaw=-11,0,,87.0,60.0,1,0.008486194972213923,-0.12743479038168434,,,,,,,,,,,,,,,,,,,,,,,,,,,,,,,,,,,,,,,,,,,,,,,,,,,,,,,,,,,,,,,
1790262164.5956812,1894,62.34,0,2,4,DOWN,settle,svm,0,0,1,face,RIGHT,FACE,rc lr=0 fb=12 ud=0 yaw=-11,0,,87.0,60.0,1,0.008486194972213923,-0.12743479038168434,,,,,,,,,,,,,,,,,,,,,,,,,,,,,,,,,,,,,,,,,,,,,,,,,,,,,,,,,,,,,,,
1790262164.625948,1895,28.27,0,2,4,DOWN,settle,svm,0,0,1,face,RIGHT,FACE,rc lr=0 fb=12 ud=0 yaw=-18,0,,87.0,60.0,1,0.008486194972213923,-0.12743479038168434,,,,,,,,,,,,,,,,,,,,,,,,,,,,,,,,,,,,,,,,,,,,,,,,,,,,,,,,,,,,,,,
1790262164.824669,1900,24.84,0,2,4,DOWN,settle,svm,1,0,1,face,RIGHT,FACE,rc lr=0 fb=12 ud=0 yaw=-18,0,,87.0,60.0,1,0.008486194972213923,-0.12743479038168434,,,,,,,,,,,,,,,,,,,,,,,,,,,,,,,,,,,,,,,,,,,,,,,,,,,,,,,,,,,,,,,
1790262164.8515968,1901,18.95,0,2,4,DOWN,settle,svm,1,0,0,face,RIGHT,HOVER,rc lr=0 fb=0 ud=0 yaw=0,0,,87.0,60.0,1,0.008486194972213923,-0.12743479038168434,,,,,,,,,,,,,,,,,,,,,,,,,,,,,,,,,,,,,,,,,,,,,,,,,,,,,,,,,,,,,,,
1790262164.9610176,1903,26.4,0,2,4,DOWN,settle,svm,1,0,0,face,RIGHT,HOVER,rc lr=0 fb=0 ud=0 yaw=0,0,,87.0,60.0,1,0.008486194972213923,-0.12743479038168434,,,,,,,,,,,,,,,,,,,,,,,,,,,,,,,,,,,,,,,,,,,,,,,,,,,,,,,,,,,,,,,
1790262164.9884524,1904,21.45,0,2,4,DOWN,settle,svm,0,0,0,face,RIGHT,HOVER,rc lr=0 fb=0 ud=0 yaw=0,0,,87.0,60.0,1,0.008486194972213923,-0.12743479038168434,,,,,,,,,,,,,,,,,,,,,,,,,,,,,,,,,,,,,,,,,,,,,,,,,,,,,,,,,,,,,,,
1790262165.098515,1906,67.2,0,2,4,DOWN,settle,svm,0,0,0,face,RIGHT,HOVER,rc lr=0 fb=0 ud=0 yaw=0,0,,87.0,60.0,1,0.008486194972213923,-0.12743479038168434,,,,,,,,,,,,,,,,,,,,,,,,,,,,,,,,,,,,,,,,,,,,,,,,,,,,,,,,,,,,,,,
1790262165.122453,1907,22.94,0,2,4,DOWN,settle,svm,0,0,0,face,RIGHT,HOVER,rc lr=0 fb=0 ud=0 yaw=0,0,,87.0,60.0,1,0.008486194972213923,-0.12743479038168434,,,,,,,,,,,,,,,,,,,,,,,,,,,,,,,,,,,,,,,,,,,,,,,,,,,,,,,,,,,,,,,
1790262165.2123637,1910,15.47,0,2,4,DOWN,settle,svm,1,0,0,face,RIGHT,HOVER,rc lr=0 fb=0 ud=0 yaw=0,0,,87.0,60.0,1,0.008486194972213923,-0.12743479038168434,,,,,,,,,,,,,,,,,,,,,,,,,,,,,,,,,,,,,,,,,,,,,,,,,,,,,,,,,,,,,,,
1790262165.27226,1911,4.77,0,2,4,DOWN,settle,svm,0,0,0,face,RIGHT,HOVER,rc lr=0 fb=0 ud=0 yaw=0,0,,87.0,60.0,1,0.008486194972213923,-0.12743479038168434,,,,,,,,,,,,,,,,,,,,,,,,,,,,,,,,,,,,,,,,,,,,,,,,,,,,,,,,,,,,,,,
1790262165.3613503,1913,29.92,0,2,4,DOWN,settle,svm,0,0,0,face,RIGHT,HOVER,rc lr=0 fb=0 ud=0 yaw=0,0,,87.0,60.0,1,0.008486194972213923,-0.12743479038168434,,,,,,,,,,,,,,,,,,,,,,,,,,,,,,,,,,,,,,,,,,,,,,,,,,,,,,,,,,,,,,,
1790262165.3880012,1914,22.66,0,2,4,DOWN,settle,svm,0,0,0,face,RIGHT,HOVER,rc lr=0 fb=0 ud=0 yaw=0,0,,87.0,60.0,1,0.008486194972213923,-0.12743479038168434,,,,,,,,,,,,,,,,,,,,,,,,,,,,,,,,,,,,,,,,,,,,,,,,,,,,,,,,,,,,,,,
1790262165.43461,1915,1.0,0,2,4,DOWN,settle,svm,0,0,0,face,RIGHT,HOVER,rc lr=0 fb=0 ud=0 yaw=0,0,,87.0,60.0,1,0.008486194972213923,-0.12743479038168434,,,,,,,,,,,,,,,,,,,,,,,,,,,,,,,,,,,,,,,,,,,,,,,,,,,,,,,,,,,,,,,
1790262165.465527,1916,1.0,0,2,4,DOWN,settle,svm,0,0,0,face,RIGHT,HOVER,rc lr=0 fb=0 ud=0 yaw=0,0,,87.0,60.0,1,0.008486194972213923,-0.12743479038168434,,,,,,,,,,,,,,,,,,,,,,,,,,,,,,,,,,,,,,,,,,,,,,,,,,,,,,,,,,,,,,,
1790262165.510822,1917,11.97,0,2,4,DOWN,settle,svm,0,0,0,face,RIGHT,HOVER,rc lr=0 fb=0 ud=0 yaw=0,0,,87.0,60.0,1,0.008486194972213923,-0.12743479038168434,,,,,,,,,,,,,,,,,,,,,,,,,,,,,,,,,,,,,,,,,,,,,,,,,,,,,,,,,,,,,,,
1790262165.534622,1918,1.99,0,2,4,DOWN,settle,svm,0,0,0,face,RIGHT,HOVER,rc lr=0 fb=0 ud=0 yaw=0,0,,87.0,60.0,1,0.008486194972213923,-0.12743479038168434,,,,,,,,,,,,,,,,,,,,,,,,,,,,,,,,,,,,,,,,,,,,,,,,,,,,,,,,,,,,,,,
1790262165.598442,1919,1.99,0,2,4,DOWN,settle,svm,0,0,0,face,RIGHT,HOVER,rc lr=0 fb=0 ud=0 yaw=0,0,,87.0,60.0,1,0.008486194972213923,-0.12743479038168434,,,,,,,,,,,,,,,,,,,,,,,,,,,,,,,,,,,,,,,,,,,,,,,,,,,,,,,,,,,,,,,
1790262165.6343458,1920,1.99,0,2,4,DOWN,settle,svm,0,0,0,hover,RIGHT,HOVER,rc lr=0 fb=0 ud=0 yaw=0,0,,87.0,60.0,1,0.008486194972213923,-0.12743479038168434,,,,,,,,,,,,,,,,,,,,,,,,,,,,,,,,,,,,,,,,,,,,,,,,,,,,,,,,,,,,,,,
1790262165.674239,1921,8.98,0,2,4,DOWN,settle,svm,0,0,0,hover,RIGHT,HOVER,rc lr=0 fb=0 ud=0 yaw=0,0,,87.0,60.0,1,0.008486194972213923,-0.12743479038168434,,,,,,,,,,,,,,,,,,,,,,,,,,,,,,,,,,,,,,,,,,,,,,,,,,,,,,,,,,,,,,,
1790262165.7018144,1922,3.5,0,2,4,DOWN,settle,svm,0,0,0,hover,RIGHT,HOVER,rc lr=0 fb=0 ud=0 yaw=0,0,,87.0,60.0,1,0.008486194972213923,-0.12743479038168434,,,,,,,,,,,,,,,,,,,,,,,,,,,,,,,,,,,,,,,,,,,,,,,,,,,,,,,,,,,,,,,
1790262165.7663982,1923,1.0,0,2,4,DOWN,settle,svm,0,0,0,hover,RIGHT,HOVER,rc lr=0 fb=0 ud=0 yaw=0,0,,87.0,60.0,1,0.008486194972213923,-0.12743479038168434,,,,,,,,,,,,,,,,,,,,,,,,,,,,,,,,,,,,,,,,,,,,,,,,,,,,,,,,,,,,,,,
1790262165.803656,1924,4.6,0,2,4,DOWN,settle,svm,0,0,0,hover,RIGHT,HOVER,rc lr=0 fb=0 ud=0 yaw=0,0,,87.0,60.0,1,0.008486194972213923,-0.12743479038168434,,,,,,,,,,,,,,,,,,,,,,,,,,,,,,,,,,,,,,,,,,,,,,,,,,,,,,,,,,,,,,,
1790262165.8422184,1925,10.52,0,2,4,DOWN,settle,svm,0,0,0,hover,RIGHT,HOVER,rc lr=0 fb=0 ud=0 yaw=0,0,,87.0,60.0,1,0.008486194972213923,-0.12743479038168434,,,,,,,,,,,,,,,,,,,,,,,,,,,,,,,,,,,,,,,,,,,,,,,,,,,,,,,,,,,,,,,
1790262165.8711016,1926,2.99,0,2,4,DOWN,settle,svm,0,0,0,hover,RIGHT,HOVER,rc lr=0 fb=0 ud=0 yaw=0,0,,87.0,60.0,1,0.008486194972213923,-0.12743479038168434,,,,,,,,,,,,,,,,,,,,,,,,,,,,,,,,,,,,,,,,,,,,,,,,,,,,,,,,,,,,,,,
1790262165.938705,1927,3.96,0,2,4,DOWN,settle,svm,0,0,0,hover,RIGHT,HOVER,rc lr=0 fb=0 ud=0 yaw=0,0,,87.0,60.0,1,0.008486194972213923,-0.12743479038168434,,,,,,,,,,,,,,,,,,,,,,,,,,,,,,,,,,,,,,,,,,,,,,,,,,,,,,,,,,,,,,,
1790262165.9726365,1928,3.99,0,2,4,DOWN,settle,svm,0,0,0,hover,RIGHT,HOVER,rc lr=0 fb=0 ud=0 yaw=0,0,,87.0,60.0,1,0.008486194972213923,-0.12743479038168434,,,,,,,,,,,,,,,,,,,,,,,,,,,,,,,,,,,,,,,,,,,,,,,,,,,,,,,,,,,,,,,
1790262166.0145943,1929,14.35,0,2,4,DOWN,settle,svm,0,0,0,hover,RIGHT,HOVER,rc lr=0 fb=0 ud=0 yaw=0,0,,87.0,60.0,1,0.008486194972213923,-0.12743479038168434,,,,,,,,,,,,,,,,,,,,,,,,,,,,,,,,,,,,,,,,,,,,,,,,,,,,,,,,,,,,,,,
1790262166.0342712,1930,1.99,0,2,4,DOWN,settle,svm,0,0,0,hover,RIGHT,HOVER,rc lr=0 fb=0 ud=0 yaw=0,0,,87.0,60.0,1,0.008486194972213923,-0.12743479038168434,,,,,,,,,,,,,,,,,,,,,,,,,,,,,,,,,,,,,,,,,,,,,,,,,,,,,,,,,,,,,,,
1790262166.1041126,1931,1.13,0,2,4,DOWN,settle,svm,0,0,0,hover,RIGHT,HOVER,rc lr=0 fb=0 ud=0 yaw=0,0,,87.0,60.0,1,0.008486194972213923,-0.12743479038168434,,,,,,,,,,,,,,,,,,,,,,,,,,,,,,,,,,,,,,,,,,,,,,,,,,,,,,,,,,,,,,,
1790262166.1375895,1932,1.99,0,2,4,DOWN,settle,svm,0,0,0,hover,RIGHT,HOVER,rc lr=0 fb=0 ud=0 yaw=0,0,,87.0,60.0,1,0.008486194972213923,-0.12743479038168434,,,,,,,,,,,,,,,,,,,,,,,,,,,,,,,,,,,,,,,,,,,,,,,,,,,,,,,,,,,,,,,
1790262166.1764853,1933,7.98,0,2,4,DOWN,settle,svm,0,0,0,hover,RIGHT,HOVER,rc lr=0 fb=0 ud=0 yaw=0,0,,87.0,60.0,1,0.008486194972213923,-0.12743479038168434,,,,,,,,,,,,,,,,,,,,,,,,,,,,,,,,,,,,,,,,,,,,,,,,,,,,,,,,,,,,,,,
1790262166.2055097,1934,3.2,0,2,4,DOWN,settle,svm,0,0,0,hover,RIGHT,HOVER,rc lr=0 fb=0 ud=0 yaw=0,0,,87.0,60.0,1,0.008486194972213923,-0.12743479038168434,,,,,,,,,,,,,,,,,,,,,,,,,,,,,,,,,,,,,,,,,,,,,,,,,,,,,,,,,,,,,,,
1790262166.2709424,1935,3.01,0,2,4,DOWN,settle,svm,0,0,0,hover,RIGHT,HOVER,rc lr=0 fb=0 ud=0 yaw=0,0,,87.0,60.0,1,0.008486194972213923,-0.12743479038168434,,,,,,,,,,,,,,,,,,,,,,,,,,,,,,,,,,,,,,,,,,,,,,,,,,,,,,,,,,,,,,,
1790262166.2788906,1936,4.96,0,2,4,DOWN,settle,svm,0,0,0,hover,RIGHT,HOVER,rc lr=0 fb=0 ud=0 yaw=0,0,,87.0,60.0,1,0.008486194972213923,-0.12743479038168434,,,,,,,,,,,,,,,,,,,,,,,,,,,,,,,,,,,,,,,,,,,,,,,,,,,,,,,,,,,,,,,
1790262166.331362,1937,1.0,0,2,4,DOWN,settle,svm,0,0,0,hover,RIGHT,HOVER,rc lr=0 fb=0 ud=0 yaw=0,0,,87.0,60.0,1,0.008486194972213923,-0.12743479038168434,,,,,,,,,,,,,,,,,,,,,,,,,,,,,,,,,,,,,,,,,,,,,,,,,,,,,,,,,,,,,,,
1790262166.370299,1938,2.99,0,2,4,DOWN,hold,svm,0,0,0,hover,RIGHT,HOVER,rc lr=0 fb=0 ud=0 yaw=0,0,,87.0,60.0,1,0.008486194972213923,-0.12743479038168434,,,,,,,,,,,,,,,,,,,,,,,,,,,,,,,,,,,,,,,,,,,,,,,,,,,,,,,,,,,,,,,
1790262166.435165,1939,3.02,0,2,4,DOWN,hold,svm,0,0,0,hover,RIGHT,HOVER,rc lr=0 fb=0 ud=0 yaw=0,0,,87.0,60.0,1,0.008486194972213923,-0.12743479038168434,,,,,,,,,,,,,,,,,,,,,,,,,,,,,,,,,,,,,,,,,,,,,,,,,,,,,,,,,,,,,,,
1790262166.4665608,1940,1.99,0,2,4,DOWN,hold,svm,0,0,0,hover,RIGHT,HOVER,rc lr=0 fb=0 ud=0 yaw=0,0,,87.0,60.0,1,0.008486194972213923,-0.12743479038168434,,,,,,,,,,,,,,,,,,,,,,,,,,,,,,,,,,,,,,,,,,,,,,,,,,,,,,,,,,,,,,,
1790262166.5393066,1942,6.98,0,2,4,DOWN,hold,svm,0,0,0,hover,RIGHT,HOVER,rc lr=0 fb=0 ud=0 yaw=0,0,,87.0,60.0,1,0.008486194972213923,-0.12743479038168434,,,,,,,,,,,,,,,,,,,,,,,,,,,,,,,,,,,,,,,,,,,,,,,,,,,,,,,,,,,,,,,
1790262166.601929,1943,2.03,0,2,4,DOWN,hold,svm,0,0,0,hover,RIGHT,HOVER,rc lr=0 fb=0 ud=0 yaw=0,0,,87.0,60.0,1,0.008486194972213923,-0.12743479038168434,,,,,,,,,,,,,,,,,,,,,,,,,,,,,,,,,,,,,,,,,,,,,,,,,,,,,,,,,,,,,,,
1790262166.6378393,1944,1.99,0,2,4,DOWN,hold,svm,0,0,0,hover,RIGHT,HOVER,rc lr=0 fb=0 ud=0 yaw=0,0,,87.0,60.0,1,0.008486194972213923,-0.12743479038168434,,,,,,,,,,,,,,,,,,,,,,,,,,,,,,,,,,,,,,,,,,,,,,,,,,,,,,,,,,,,,,,
1790262166.6730263,1945,2.37,0,2,4,DOWN,hold,svm,0,0,0,hover,RIGHT,HOVER,rc lr=0 fb=0 ud=0 yaw=0,0,,87.0,60.0,1,0.008486194972213923,-0.12743479038168434,,,,,,,,,,,,,,,,,,,,,,,,,,,,,,,,,,,,,,,,,,,,,,,,,,,,,,,,,,,,,,,
1790262166.737334,1946,38.86,0,2,4,DOWN,hold,svm,0,0,0,hover,RIGHT,HOVER,rc lr=0 fb=0 ud=0 yaw=0,0,,87.0,60.0,1,0.008486194972213923,-0.12743479038168434,,,,,,,,,,,,,,,,,,,,,,,,,,,,,,,,,,,,,,,,,,,,,,,,,,,,,,,,,,,,,,,
1790262166.768256,1947,3.0,0,2,4,DOWN,hold,svm,0,0,0,hover,RIGHT,HOVER,rc lr=0 fb=0 ud=0 yaw=0,0,,87.0,60.0,1,0.008486194972213923,-0.12743479038168434,,,,,,,,,,,,,,,,,,,,,,,,,,,,,,,,,,,,,,,,,,,,,,,,,,,,,,,,,,,,,,,
1790262166.8551328,1949,22.93,0,2,4,DOWN,hold,svm,1,0,0,hover,RIGHT,HOVER,rc lr=0 fb=0 ud=0 yaw=0,0,,87.0,60.0,1,0.008486194972213923,-0.12743479038168434,,,,,,,,,,,,,,,,,,,,,,,,,,,,,,,,,,,,,,,,,,,,,,,,,,,,,,,,,,,,,,,
1790262166.88244,1950,16.34,0,2,4,DOWN,hold,svm,1,1,1,gesture,RIGHT,RIGHT,rc lr=30 fb=0 ud=0 yaw=0,1,0.9370207465977474,87.0,60.0,1,0.03433867949726732,3.0464165164365613,0.875120342,0.518383026,-5.66829385e-07,0.829161286,0.543768585,-0.033683911,0.793539762,0.584180236,-0.0660727248,0.789489448,0.650120497,-0.0939066932,0.803079069,0.702871203,-0.123042539,0.830279648,0.524200618,-0.0804342031,0.80692786,0.641011357,-0.1174182,0.801259935,0.714327335,-0.143995866,0.800885439,0.759763837,-0.158083662,0.874473631,0.542760015,-0.0800750479,0.84339118,0.6691131,-0.101343848,0.828272283,0.69972086,-0.106419161,0.818662584,0.712320685,-0.111217543,0.909933627,0.570046961,-0.0800555795,0.874003887,0.68301034,-0.0928156152,0.85534066,0.694579601,-0.0799171105,0.845239222,0.686270893,-0.0711615011,0.931748807,0.600093067,-0.0844507292,0.896044552,0.684512258,-0.0933449715,0.87333256,0.695012569,-0.078990303,0.859330833,0.689418256,-0.0667092428
1790262167.0855157,1954,53.89,0,2,4,DOWN,hold,svm,1,1,1,gesture,RIGHT,RIGHT,rc lr=30 fb=0 ud=0 yaw=0,2,0.9370207465977474,87.0,60.0,1,0.0343386938846848,4.189857528084615e-07,0.875120342,0.518383026,-5.66829385e-07,0.829161286,0.543768585,-0.033683911,0.793539762,0.584180236,-0.0660727248,0.789489448,0.650120497,-0.0939066932,0.803079069,0.702871203,-0.123042539,0.830279648,0.524200618,-0.0804342031,0.80692786,0.641011357,-0.1174182,0.801259935,0.714327335,-0.143995866,0.800885439,0.759763837,-0.158083662,0.874473631,0.542760015,-0.0800750479,0.84339118,0.6691131,-0.101343848,0.828272283,0.69972086,-0.106419161,0.818662584,0.712320685,-0.111217543,0.909933627,0.570046961,-0.0800555795,0.874003887,0.68301034,-0.0928156152,0.85534066,0.694579601,-0.0799171105,0.845239222,0.686270893,-0.0711615011,0.931748807,0.600093067,-0.0844507292,0.896044552,0.684512258,-0.0933449715,0.87333256,0.695012569,-0.078990303,0.859330833,0.689418256,-0.0667092428
1790262167.1109602,1955,11.97,0,2,4,DOWN,hold,svm,1,0,1,gesture,RIGHT,NOHAND,rc lr=0 fb=0 ud=0 yaw=0,0,,87.0,60.0,1,0.0343386938846848,4.189857528084615e-07,0.875120342,0.518383026,-5.66829385e-07,0.829161286,0.543768585,-0.033683911,0.793539762,0.584180236,-0.0660727248,0.789489448,0.650120497,-0.0939066932,0.803079069,0.702871203,-0.123042539,0.830279648,0.524200618,-0.0804342031,0.80692786,0.641011357,-0.1174182,0.801259935,0.714327335,-0.143995866,0.800885439,0.759763837,-0.158083662,0.874473631,0.542760015,-0.0800750479,0.84339118,0.6691131,-0.101343848,0.828272283,0.69972086,-0.106419161,0.818662584,0.712320685,-0.111217543,0.909933627,0.570046961,-0.0800555795,0.874003887,0.68301034,-0.0928156152,0.85534066,0.694579601,-0.0799171105,0.845239222,0.686270893,-0.0711615011,0.931748807,0.600093067,-0.0844507292,0.896044552,0.684512258,-0.0933449715,0.87333256,0.695012569,-0.078990303,0.859330833,0.689418256,-0.0667092428
1790262167.3259466,1960,52.86,0,2,4,DOWN,hold,svm,1,0,0,gesture,RIGHT,NOHAND,rc lr=0 fb=0 ud=0 yaw=0,0,,87.0,60.0,1,0.0343386938846848,4.189857528084615e-07,0.875120342,0.518383026,-5.66829385e-07,0.829161286,0.543768585,-0.033683911,0.793539762,0.584180236,-0.0660727248,0.789489448,0.650120497,-0.0939066932,0.803079069,0.702871203,-0.123042539,0.830279648,0.524200618,-0.0804342031,0.80692786,0.641011357,-0.1174182,0.801259935,0.714327335,-0.143995866,0.800885439,0.759763837,-0.158083662,0.874473631,0.542760015,-0.0800750479,0.84339118,0.6691131,-0.101343848,0.828272283,0.69972086,-0.106419161,0.818662584,0.712320685,-0.111217543,0.909933627,0.570046961,-0.0800555795,0.874003887,0.68301034,-0.0928156152,0.85534066,0.694579601,-0.0799171105,0.845239222,0.686270893,-0.0711615011,0.931748807,0.600093067,-0.0844507292,0.896044552,0.684512258,-0.0933449715,0.87333256,0.695012569,-0.078990303,0.859330833,0.689418256,-0.0667092428
1790262167.333926,1961,1.0,0,2,4,DOWN,hold,svm,1,1,1,gesture,BACK,CENTER,rc lr=0 fb=0 ud=0 yaw=0,1,0.8640058374864945,87.0,60.0,1,0.028054298174211567,-0.1830120776165019,0.703712463,0.182795823,-4.29915133e-07,0.67048341,0.208557934,-0.0285619888,0.649664819,0.246984482,-0.0554926321,0.656766832,0.306100607,-0.0782596394,0.675189197,0.351516008,-0.0995908231,0.659580231,0.191428557,-0.0665597692,0.64664793,0.291435003,-0.0901222527,0.650202274,0.345212609,-0.102730826,0.659671485,0.374662995,-0.109848052,0.696727395,0.193317428,-0.0636780709,0.678857863,0.30321008,-0.0804575458,0.677832246,0.305462331,-0.0816891938,0.681070387,0.286460102,-0.0849727839,0.727620006,0.202374324,-0.0603202581,0.707585096,0.301346034,-0.069472611,0.699451566,0.29665041,-0.0564502552,0.69739157,0.27286756,-0.0492352434,0.750324726,0.210143134,-0.0610859394,0.730875254,0.286854744,-0.0667101666,0.723169088,0.281912148,-0.0565765053,0.722012937,0.258211732,-0.0493101403
1790262167.5121763,1965,16.14,0,2,4,DOWN,hold,svm,1,1,1,gesture,BACK,BACK,rc lr=0 fb=-30 ud=0 yaw=0,2,0.8640058374864945,87.0,60.0,1,0.02479484616342731,-0.1161836945819751,0.703712463,0.182795823,-4.29915133e-07,0.67048341,0.208557934,-0.0285619888,0.649664819,0.246984482,-0.0554926321,0.656766832,0.306100607,-0.0782596394,0.675189197,0.351516008,-0.0995908231,0.659580231,0.191428557,-0.0665597692,0.64664793,0.291435003,-0.0901222527,0.650202274,0.345212609,-0.102730826,0.659671485,0.374662995,-0.109848052,0.696727395,0.193317428,-0.0636780709,0.678857863,0.30321008,-0.0804575458,0.677832246,0.305462331,-0.0816891938,0.681070387,0.286460102,-0.0849727839,0.727620006,0.202374324,-0.0603202581,0.707585096,0.301346034,-0.069472611,0.699451566,0.29665041,-0.0564502552,0.69739157,0.27286756,-0.0492352434,0.750324726,0.210143134,-0.0610859394,0.730875254,0.286854744,-0.0667101666,0.723169088,0.281912148,-0.0565765053,0.722012937,0.258211732,-0.0493101403
1790262167.5383015,1966,7.98,0,2,4,DOWN,hold,svm,1,1,1,gesture,DOWN,DOWN,rc lr=0 fb=0 ud=-30 yaw=0,1,0.9471805841169278,87.0,60.0,1,0.019629842801990094,-0.20830955463057704,0.691274047,0.192310423,1.30931326e-07,0.655776739,0.219766289,-0.00423555356,0.634804487,0.262560099,-0.0134245828,0.633318841,0.310312212,-0.0215878338,0.63637954,0.346383214,-0.0306920391,0.635704815,0.221957445,-0.0317245424,0.617337048,0.265841573,-0.0461912043,0.606946826,0.301169395,-0.0522592664,0.60542357,0.324092776,-0.0547791794,0.659677923,0.225132614,-0.0356057025,0.64600575,0.304780513,-0.0491389744,0.637297511,0.313884884,-0.0490346663,0.634987712,0.301546693,-0.0482270345,0.681246996,0.23292841,-0.0382612497,0.665139735,0.309617668,-0.05033876,0.653815627,0.307895094,-0.0431514755,0.649843693,0.289061874,-0.036416769,0.701270282,0.245470822,-0.0405521356,0.685566723,0.301129967,-0.04974062,0.674215257,0.297759861,-0.0444812216,0.668307066,0.281647682,-0.0392712913
1790262167.6076288,1967,8.98,0,2,4,DOWN,hold,svm,1,0,0,gesture,DOWN,NOHAND,rc lr=0 fb=0 ud=0 yaw=0,0,,87.0,60.0,1,0.019629842801990094,-0.20830955463057704,0.691274047,0.192310423,1.30931326e-07,0.655776739,0.219766289,-0.00423555356,0.634804487,0.262560099,-0.0134245828,0.633318841,0.310312212,-0.0215878338,0.63637954,0.346383214,-0.0306920391,0.635704815,0.221957445,-0.0317245424,0.617337048,0.265841573,-0.0461912043,0.606946826,0.301169395,-0.0522592664,0.60542357,0.324092776,-0.0547791794,0.659677923,0.225132614,-0.0356057025,0.64600575,0.304780513,-0.0491389744,0.637297511,0.313884884,-0.0490346663,0.634987712,0.301546693,-0.0482270345,0.681246996,0.23292841,-0.0382612497,0.665139735,0.309617668,-0.05033876,0.653815627,0.307895094,-0.0431514755,0.649843693,0.289061874,-0.036416769,0.701270282,0.245470822,-0.0405521356,0.685566723,0.301129967,-0.04974062,0.674215257,0.297759861,-0.0444812216,0.668307066,0.281647682,-0.0392712913
1790262167.6315336,1968,1.04,0,2,4,DOWN,hold,svm,1,1,1,gesture,BACK,CENTER,rc lr=0 fb=0 ud=0 yaw=0,1,0.8841024180259156,87.0,60.0,1,0.01797927523885967,-0.08408460423142496,0.64710933,0.178642392,-3.54680054e-07,0.61479646,0.202511042,-0.0220408775,0.592761397,0.2489371,-0.0471812859,0.596061587,0.303751737,-0.0691432357,0.609142005,0.343069404,-0.0912243202,0.605637908,0.211649552,-0.0613086708,0.596724689,0.291840583,-0.0855493248,0.599928737,0.330210209,-0.101591811,0.604884028,0.350334704,-0.111499235,0.638355076,0.216315031,-0.061065495,0.629545391,0.311789393,-0.0785799101,0.626415968,0.323064387,-0.0802770853,0.626331091,0.314093411,-0.0839952752,0.666373134,0.226151809,-0.0602329597,0.655138552,0.312328517,-0.0711048096,0.645746529,0.31411618,-0.0605603606,0.64120996,0.299129516,-0.0550918393,0.687693477,0.235755935,-0.0624632686,0.6748873,0.303952217,-0.0713986754,0.666427314,0.30388099,-0.0641532615,0.662264466,0.2880449,-0.0588015206
1790262167.813648,1972,17.17,0,2,4,DOWN,hold,svm,1,1,1,gesture,BACK,BACK,rc lr=0 fb=-30 ud=0 yaw=0,2,0.8841024180259156,87.0,60.0,1,0.01711484734604518,-0.04807912895988993,0.64710933,0.178642392,-3.54680054e-07,0.61479646,0.202511042,-0.0220408775,0.592761397,0.2489371,-0.0471812859,0.596061587,0.303751737,-0.0691432357,0.609142005,0.343069404,-0.0912243202,0.605637908,0.211649552,-0.0613086708,0.596724689,0.291840583,-0.0855493248,0.599928737,0.330210209,-0.101591811,0.604884028,0.350334704,-0.111499235,0.638355076,0.216315031,-0.061065495,0.629545391,0.311789393,-0.0785799101,0.626415968,0.323064387,-0.0802770853,0.626331091,0.314093411,-0.0839952752,0.666373134,0.226151809,-0.0602329597,0.655138552,0.312328517,-0.0711048096,0.645746529,0.31411618,-0.0605603606,0.64120996,0.299129516,-0.0550918393,0.687693477,0.235755935,-0.0624632686,0.6748873,0.303952217,-0.0713986754,0.666427314,0.30388099,-0.0641532615,0.662264466,0.2880449,-0.0588015206
1790262167.838581,1973,8.98,0,2,4,DOWN,hold,svm,1,1,1,gesture,DOWN,DOWN,rc lr=0 fb=0 ud=-30 yaw=0,1,0.9570650546227478,87.0,60.0,1,0.0178500464833089,0.04295680366869334,0.66860044,0.193111122,8.66663186e-08,0.630739033,0.216018885,-0.0119636171,0.61188519,0.272978336,-0.0281803776,0.625375032,0.333388716,-0.0398795307,0.641990125,0.371667206,-0.0526673272,0.616635442,0.231754676,-0.0577050336,0.616875887,0.314989954,-0.0746995583,0.616774201,0.363223642,-0.0814246759,0.621131063,0.401676923,-0.0859007314,0.651776195,0.232762069,-0.0599754266,0.64480269,0.331822991,-0.0776562765,0.638971269,0.320245653,-0.0765301362,0.640245557,0.292062998,-0.0753663704,0.680248618,0.238823399,-0.0597357862,0.667559147,0.330525607,-0.0714318156,0.658642471,0.314779341,-0.0603249855,0.659152567,0.288442671,-0.05252143,0.703524411,0.248492301,-0.0598030575,0.688052952,0.315502733,-0.0679730177,0.678712904,0.301498443,-0.0601311736,0.67991966,0.279401958,-0.0547225848
1790262167.9181452,1974,55.12,0,2,4,DOWN,hold,svm,1,1,1,gesture,DOWN,DOWN,rc lr=0 fb=0 ud=-30 yaw=0,2,0.9570650546227478,87.0,60.0,1,0.01830718349816607,0.025609850107932434,0.66860044,0.193111122,8.66663186e-08,0.630739033,0.216018885,-0.0119636171,0.61188519,0.272978336,-0.0281803776,0.625375032,0.333388716,-0.0398795307,0.641990125,0.371667206,-0.0526673272,0.616635442,0.231754676,-0.0577050336,0.616875887,0.314989954,-0.0746995583,0.616774201,0.363223642,-0.0814246759,0.621131063,0.401676923,-0.0859007314,0.651776195,0.232762069,-0.0599754266,0.64480269,0.331822991,-0.0776562765,0.638971269,0.320245653,-0.0765301362,0.640245557,0.292062998,-0.0753663704,0.680248618,0.238823399,-0.0597357862,0.667559147,0.330525607,-0.0714318156,0.658642471,0.314779341,-0.0603249855,0.659152567,0.288442671,-0.05252143,0.703524411,0.248492301,-0.0598030575,0.688052952,0.315502733,-0.0679730177,0.678712904,0.301498443,-0.0601311736,0.67991966,0.279401958,-0.0547225848
1790262167.9450743,1975,17.95,0,2,4,DOWN,hold,svm,1,1,1,gesture,DOWN,DOWN,rc lr=0 fb=0 ud=-30 yaw=0,3,0.9734976561585279,87.0,60.0,1,0.018508237239291958,0.010982232255771628,0.688533187,0.18851766,7.57187095e-08,0.650362134,0.209756896,-0.0157595463,0.631274223,0.268722624,-0.0309232119,0.641006112,0.326361418,-0.039933119,0.655610979,0.363247693,-0.0490144826,0.636252403,0.227952957,-0.061313238,0.634922028,0.30866766,-0.0785242468,0.635440946,0.356685907,-0.0842565745,0.639421105,0.39570424,-0.0878298879,0.670661271,0.229536042,-0.0610585995,0.662344277,0.327383697,-0.0780341923,0.655029058,0.314955562,-0.0757241026,0.655618608,0.286073625,-0.0734449103,0.699074507,0.23619251,-0.0585717335,0.685958266,0.324292541,-0.0698053166,0.675651252,0.307123542,-0.0583108105,0.675597131,0.281074077,-0.0500056818,0.722305775,0.245472252,-0.0567881614,0.706487417,0.310682416,-0.0639670193,0.695295334,0.296584696,-0.0560812391,0.695821404,0.275638849,-0.0507299602
1790262168.0454612,1978,14.96,0,2,4,DOWN,hold,svm,1,1,1,gesture,DOWN,DOWN,rc lr=0 fb=0 ud=-30 yaw=0,4,0.9734976561585279,87.0,60.0,1,0.01863466509475309,0.0068308966341068715,0.688533187,0.18851766,7.57187095e-08,0.650362134,0.209756896,-0.0157595463,0.631274223,0.268722624,-0.0309232119,0.641006112,0.326361418,-0.039933119,0.655610979,0.363247693,-0.0490144826,0.636252403,0.227952957,-0.061313238,0.634922028,0.30866766,-0.0785242468,0.635440946,0.356685907,-0.0842565745,0.639421105,0.39570424,-0.0878298879,0.670661271,0.229536042,-0.0610585995,0.662344277,0.327383697,-0.0780341923,0.655029058,0.314955562,-0.0757241026,0.655618608,0.286073625,-0.0734449103,0.699074507,0.23619251,-0.0585717335,0.685958266,0.324292541,-0.0698053166,0.675651252,0.307123542,-0.0583108105,0.675597131,0.281074077,-0.0500056818,0.722305775,0.245472252,-0.0567881614,0.706487417,0.310682416,-0.0639670193,0.695295334,0.296584696,-0.0560812391,0.695821404,0.275638849,-0.0507299602
1790262168.100215,1979,2.99,0,2,4,DOWN,hold,svm,1,1,1,gesture,DOWN,DOWN,rc lr=0 fb=0 ud=-30 yaw=0,5,0.9820777785898215,87.0,60.0,1,0.01881292462532258,0.0095660174016051,0.70460391,0.181311786,7.11060366e-08,0.666287422,0.203939229,-0.0151012149,0.646595716,0.26392597,-0.0291443188,0.657275915,0.321398973,-0.0372673646,0.674157679,0.355819404,-0.0453601293,0.653163731,0.22378394,-0.0582899153,0.650295794,0.303660691,-0.0739375651,0.650133848,0.351727545,-0.0786849782,0.653899789,0.391230643,-0.0818207711,0.687364876,0.226732254,-0.0580577888,0.677319944,0.322674572,-0.0742694214,0.670247316,0.307775795,-0.0717612356,0.671732187,0.277691424,-0.0692172498,0.715192437,0.23370333,-0.0555709638,0.7010777,0.321292907,-0.0661290288,0.691119373,0.302603483,-0.0546878166,0.691839695,0.27557987,-0.0464132577,0.737768471,0.242900848,-0.0538223609,0.721200109,0.307818174,-0.0606705099,0.710474074,0.292449653,-0.0529571995,0.712238908,0.269831598,-0.0477455594
1790262168.1893451,1981,26.93,0,2,4,DOWN,hold,svm,1,1,1,gesture,DOWN,DOWN,rc lr=0 fb=0 ud=-30 yaw=0,6,0.9820777785898215,87.0,60.0,1,0.018927774053619117,0.006104815204646472,0.70460391,0.181311786,7.11060366e-08,0.666287422,0.203939229,-0.0151012149,0.646595716,0.26392597,-0.0291443188,0.657275915,0.321398973,-0.0372673646,0.674157679,0.355819404,-0.0453601293,0.653163731,0.22378394,-0.0582899153,0.650295794,0.303660691,-0.0739375651,0.650133848,0.351727545,-0.0786849782,0.653899789,0.391230643,-0.0818207711,0.687364876,0.226732254,-0.0580577888,0.677319944,0.322674572,-0.0742694214,0.670247316,0.307775795,-0.0717612356,0.671732187,0.277691424,-0.0692172498,0.715192437,0.23370333,-0.0555709638,0.7010777,0.321292907,-0.0661290288,0.691119373,0.302603483,-0.0546878166,0.691839695,0.27557987,-0.0464132577,0.737768471,0.242900848,-0.0538223609,0.721200109,0.307818174,-0.0606705099,0.710474074,0.292449653,-0.0529571995,0.712238908,0.269831598,-0.0477455594
1790262168.211568,1982,15.24,0,2,4,DOWN,hold,svm,1,1,1,gesture,DOWN,DOWN,rc lr=0 fb=0 ud=-30 yaw=0,7,0.9859648280083788,87.0,60.0,1,0.019106362842062907,0.009435276854947579,0.701249123,0.186839089,1.1825697e-07,0.664927542,0.204972446,-0.0161311664,0.645643711,0.264683485,-0.0301167648,0.65452224,0.323078424,-0.0377124771,0.671083093,0.359991997,-0.045303449,0.653934836,0.232995257,-0.0600140989,0.65055114,0.312886775,-0.0760709643,0.649769902,0.360822797,-0.0809570104,0.653491378,0.399772584,-0.0841340199,0.687942326,0.235877141,-0.0590931289,0.679991484,0.330530316,-0.0764349923,0.670530498,0.314850271,-0.0741471499,0.669883251,0.284399837,-0.0712815598,0.715187192,0.241692707,-0.0559083596,0.701768577,0.323606223,-0.067244336,0.691193581,0.305215418,-0.0552726239,0.69127804,0.280721724,-0.0464830995,0.736924469,0.249310702,-0.0535349362,0.721001446,0.309213102,-0.0602673851,0.711339355,0.293852091,-0.051937256,0.713232398,0.274094611,-0.0462661721
1790262168.2957675,1984,23.52,0,2,4,DOWN,hold,svm,1,1,1,gesture,DOWN,DOWN,rc lr=0 fb=0 ud=-30 yaw=0,8,0.9859648280083788,87.0,60.0,1,0.019222173860207192,0.006061384843447315,0.701249123,0.186839089,1.1825697e-07,0.664927542,0.204972446,-0.0161311664,0.645643711,0.264683485,-0.0301167648,0.65452224,0.323078424,-0.0377124771,0.671083093,0.359991997,-0.045303449,0.653934836,0.232995257,-0.0600140989,0.65055114,0.312886775,-0.0760709643,0.649769902,0.360822797,-0.0809570104,0.653491378,0.399772584,-0.0841340199,0.687942326,0.235877141,-0.0590931289,0.679991484,0.330530316,-0.0764349923,0.670530498,0.314850271,-0.0741471499,0.669883251,0.284399837,-0.0712815598,0.715187192,0.241692707,-0.0559083596,0.701768577,0.323606223,-0.067244336,0.691193581,0.305215418,-0.0552726239,0.69127804,0.280721724,-0.0464830995,0.736924469,0.249310702,-0.0535349362,0.721001446,0.309213102,-0.0602673851,0.711339355,0.293852091,-0.051937256,0.713232398,0.274094611,-0.0462661721
1790262168.3352108,1985,2.0,0,2,4,DOWN,hold,svm,1,1,1,gesture,DOWN,DOWN,rc lr=0 fb=0 ud=-30 yaw=0,9,0.9939728830899628,87.0,60.0,1,0.019357344182658665,0.007031999784961638,0.697430074,0.204944044,1.78978823e-07,0.661458969,0.224054217,-0.0163976662,0.642394841,0.284320652,-0.0295084342,0.651177943,0.342421442,-0.0362741761,0.666220307,0.383422643,-0.0432401448,0.650605619,0.254146785,-0.0564841181,0.645629525,0.334269762,-0.070401445,0.64291501,0.382572323,-0.0735826641,0.644768,0.42105943,-0.0753368139,0.684515536,0.258280218,-0.0542621315,0.675558805,0.353151113,-0.0687671155,0.667163014,0.338722885,-0.0650397986,0.667856872,0.308182746,-0.0610414855,0.711509287,0.263050228,-0.0497927703,0.698428869,0.344313174,-0.0590949282,0.689023376,0.326198488,-0.0463326275,0.690004349,0.301736116,-0.037032757,0.733113766,0.269272864,-0.0460541286,0.718120575,0.331491888,-0.0515627898,0.709172964,0.316190004,-0.0425306968,0.711306095,0.296311975,-0.036163453
1790262168.4087582,1986,47.23,0,2,4,DOWN,hold,svm,1,1,1,gesture,DOWN,DOWN,rc lr=0 fb=0 ud=-30 yaw=0,10,0.9939728830899628,87.0,60.0,1,0.01944467009922768,0.004511255043305244,0.697430074,0.204944044,1.78978823e-07,0.661458969,0.224054217,-0.0163976662,0.642394841,0.284320652,-0.0295084342,0.651177943,0.342421442,-0.0362741761,0.666220307,0.383422643,-0.0432401448,0.650605619,0.254146785,-0.0564841181,0.645629525,0.334269762,-0.070401445,0.64291501,0.382572323,-0.0735826641,0.644768,0.42105943,-0.0753368139,0.684515536,0.258280218,-0.0542621315,0.675558805,0.353151113,-0.0687671155,0.667163014,0.338722885,-0.0650397986,0.667856872,0.308182746,-0.0610414855,0.711509287,0.263050228,-0.0497927703,0.698428869,0.344313174,-0.0590949282,0.689023376,0.326198488,-0.0463326275,0.690004349,0.301736116,-0.037032757,0.733113766,0.269272864,-0.0460541286,0.718120575,0.331491888,-0.0515627898,0.709172964,0.316190004,-0.0425306968,0.711306095,0.296311975,-0.036163453
1790262168.4329388,1987,3.63,0,2,4,DOWN,hold,svm,1,1,1,gesture,DOWN,DOWN,rc lr=0 fb=0 ud=-30 yaw=0,11,0.9918918511562426,87.0,60.0,1,0.01932593551490669,-0.006106279186794006,0.697983623,0.21451816,1.56853588e-07,0.661857307,0.232285097,-0.0187085681,0.64281708,0.294088334,-0.0321002193,0.652147055,0.351908743,-0.0386427231,0.66801542,0.391507626,-0.0450031683,0.650183201,0.263472795,-0.0577711873,0.646062315,0.34299612,-0.0729355067,0.643966734,0.391325325,-0.076554887,0.646341622,0.429584622,-0.0784531385,0.683754981,0.267980874,-0.0544940457,0.675179183,0.360532999,-0.0715104342,0.666887581,0.344918251,-0.068736881,0.667244613,0.315045446,-0.0647340715,0.71042043,0.274063915,-0.0493133366,0.69738251,0.354850978,-0.0604891479,0.688108683,0.336991042,-0.048534207,0.688582361,0.313889951,-0.0392267928,0.731642604,0.282005578,-0.0451043099,0.715349615,0.342497706,-0.0516282544,0.706214011,0.326802999,-0.0435812064,0.708163321,0.307496309,-0.0377247557
1790262168.5214572,1989,25.93,0,2,4,DOWN,hold,svm,1,1,1,gesture,DOWN,DOWN,rc lr=0 fb=0 ud=-30 yaw=0,12,0.9918918511562426,87.0,60.0,1,0.019248340081134074,-0.0040150932777749905,0.697983623,0.21451816,1.56853588e-07,0.661857307,0.232285097,-0.0187085681,0.64281708,0.294088334,-0.0321002193,0.652147055,0.351908743,-0.0386427231,0.66801542,0.391507626,-0.0450031683,0.650183201,0.263472795,-0.0577711873,0.646062315,0.34299612,-0.0729355067,0.643966734,0.391325325,-0.076554887,0.646341622,0.429584622,-0.0784531385,0.683754981,0.267980874,-0.0544940457,0.675179183,0.360532999,-0.0715104342,0.666887581,0.344918251,-0.068736881,0.667244613,0.315045446,-0.0647340715,0.71042043,0.274063915,-0.0493133366,0.69738251,0.354850978,-0.0604891479,0.688108683,0.336991042,-0.048534207,0.688582361,0.313889951,-0.0392267928,0.731642604,0.282005578,-0.0451043099,0.715349615,0.342497706,-0.0516282544,0.706214011,0.326802999,-0.0435812064,0.708163321,0.307496309,-0.0377247557
1790262168.5445719,1990,14.14,0,2,4,DOWN,hold,svm,1,1,1,gesture,DOWN,DOWN,rc lr=0 fb=0 ud=-30 yaw=0,13,0.9944013298165768,87.0,60.0,1,0.019601640121766906,0.01835483159293887,0.698414981,0.235719249,2.04394709e-07,0.660680771,0.259085208,-0.016344836,0.642388523,0.321901351,-0.0284332298,0.65289706,0.37863338,-0.0344648771,0.670306802,0.417191625,-0.0404195674,0.652854443,0.293309897,-0.0517922714,0.647822976,0.370313197,-0.0646907985,0.645832598,0.417366445,-0.0681226924,0.648209512,0.455744386,-0.0702231079,0.686523497,0.297819585,-0.0490442105,0.676675141,0.387886673,-0.0636917278,0.66860491,0.37239778,-0.0610198863,0.669821918,0.341035098,-0.0571669675,0.713399768,0.303190768,-0.0442881137,0.699081123,0.381064236,-0.0537077487,0.690255702,0.361912817,-0.0421662629,0.691701412,0.33712405,-0.0331369117,0.734497368,0.310503393,-0.0402762592,0.718118548,0.368205488,-0.0451958366,0.710085094,0.352373272,-0.0367644541,0.712663651,0.333188385,-0.0305947345
1790262168.622788,1991,25.85,0,2,4,DOWN,hold,svm,1,1,1,gesture,DOWN,DOWN,rc lr=0 fb=0 ud=-30 yaw=0,14,0.9944013298165768,87.0,60.0,1,0.019833002175605685,0.011803198732429557,0.698414981,0.235719249,2.04394709e-07,0.660680771,0.259085208,-0.016344836,0.642388523,0.321901351,-0.0284332298,0.65289706,0.37863338,-0.0344648771,0.670306802,0.417191625,-0.0404195674,0.652854443,0.293309897,-0.0517922714,0.647822976,0.370313197,-0.0646907985,0.645832598,0.417366445,-0.0681226924,0.648209512,0.455744386,-0.0702231079,0.686523497,0.297819585,-0.0490442105,0.676675141,0.387886673,-0.0636917278,0.66860491,0.37239778,-0.0610198863,0.669821918,0.341035098,-0.0571669675,0.713399768,0.303190768,-0.0442881137,0.699081123,0.381064236,-0.0537077487,0.690255702,0.361912817,-0.0421662629,0.691701412,0.33712405,-0.0331369117,0.734497368,0.310503393,-0.0402762592,0.718118548,0.368205488,-0.0451958366,0.710085094,0.352373272,-0.0367644541,0.712663651,0.333188385,-0.0305947345
1790262168.6452389,1992,16.96,0,2,4,DOWN,hold,svm,1,1,1,gesture,DOWN,DOWN,rc lr=0 fb=0 ud=-30 yaw=0,15,0.9954117683175295,87.0,60.0,1,0.020264220103669572,0.021742443440775663,0.703152359,0.255698621,2.04886874e-07,0.665857255,0.276613623,-0.0183976851,0.645639896,0.338751763,-0.0300718583,0.654168487,0.396374047,-0.0349694639,0.67246294,0.433151037,-0.0395957381,0.657440543,0.315554202,-0.0531430319,0.651539683,0.394465744,-0.0656979457,0.649583638,0.443342894,-0.0685083717,0.65161556,0.482502252,-0.0701459572,0.691500604,0.320428401,-0.0488508381,0.679201901,0.408505797,-0.0630936474,0.670834005,0.392976701,-0.0596519783,0.671997547,0.361821592,-0.0551315807,0.718143404,0.32534498,-0.0426591635,0.701907933,0.401653498,-0.0512054265,0.692985296,0.383104175,-0.0391000696,0.694338739,0.358878553,-0.0298737269,0.738565087,0.330985785,-0.0375551656,0.720941961,0.388464779,-0.0419947021,0.712915242,0.372960448,-0.0335947499,0.715757489,0.353572011,-0.0274957176
1790262168.726339,1994,31.91,0,2,4,DOWN,hold,svm,1,1,1,gesture,DOWN,DOWN,rc lr=0 fb=0 ud=-30 yaw=0,16,0.9954117683175295,87.0,60.0,1,0.020546666582310635,0.013938186478240818,0.703152359,0.255698621,2.04886874e-07,0.665857255,0.276613623,-0.0183976851,0.645639896,0.338751763,-0.0300718583,0.654168487,0.396374047,-0.0349694639,0.67246294,0.433151037,-0.0395957381,0.657440543,0.315554202,-0.0531430319,0.651539683,0.394465744,-0.0656979457,0.649583638,0.443342894,-0.0685083717,0.65161556,0.482502252,-0.0701459572,0.691500604,0.320428401,-0.0488508381,0.679201901,0.408505797,-0.0630936474,0.670834005,0.392976701,-0.0596519783,0.671997547,0.361821592,-0.0551315807,0.718143404,0.32534498,-0.0426591635,0.701907933,0.401653498,-0.0512054265,0.692985296,0.383104175,-0.0391000696,0.694338739,0.358878553,-0.0298737269,0.738565087,0.330985785,-0.0375551656,0.720941961,0.388464779,-0.0419947021,0.712915242,0.372960448,-0.0335947499,0.715757489,0.353572011,-0.0274957176
1790262168.7670436,1995,2.99,0,2,4,DOWN,hold,svm,1,1,1,gesture,DOWN,DOWN,rc lr=0 fb=0 ud=-30 yaw=0,17,0.9929423486544111,87.0,60.0,1,0.02061696920235434,0.003421607089503812,0.7012164,0.259166509,1.56566486e-07,0.663631737,0.276485384,-0.0168417133,0.641182303,0.339152455,-0.0287713669,0.648928404,0.398338825,-0.0345691964,0.668759465,0.433161378,-0.0401763842,0.654230058,0.314470619,-0.0524796396,0.647199988,0.396578282,-0.0652389079,0.644508123,0.444893897,-0.0670590252,0.645181775,0.482396364,-0.0680026412,0.687563062,0.3198964,-0.0492871106,0.675564468,0.408726037,-0.0659062639,0.668660998,0.393154681,-0.0629129559,0.669840574,0.363762766,-0.058305148,0.713620901,0.326703191,-0.0440338403,0.698982716,0.404127836,-0.0540207699,0.691012859,0.386941999,-0.0420928337,0.692013681,0.363117695,-0.032902617,0.734125316,0.334808588,-0.0397452153,0.716890335,0.392011046,-0.0453103259,0.709830523,0.375987083,-0.0378364436,0.712623596,0.356651813,-0.0324131884
1790262168.8450503,1997,16.87,0,2,4,DOWN,hold,svm,1,1,1,gesture,DOWN,DOWN,rc lr=0 fb=0 ud=-30 yaw=0,18,0.9929423486544111,87.0,60.0,1,0.020662681247095804,0.0022172048807369703,0.7012164,0.259166509,1.56566486e-07,0.663631737,0.276485384,-0.0168417133,0.641182303,0.339152455,-0.0287713669,0.648928404,0.398338825,-0.0345691964,0.668759465,0.433161378,-0.0401763842,0.654230058,0.314470619,-0.0524796396,0.647199988,0.396578282,-0.0652389079,0.644508123,0.444893897,-0.0670590252,0.645181775,0.482396364,-0.0680026412,0.687563062,0.3198964,-0.0492871106,0.675564468,0.408726037,-0.0659062639,0.668660998,0.393154681,-0.0629129559,0.669840574,0.363762766,-0.058305148,0.713620901,0.326703191,-0.0440338403,0.698982716,0.404127836,-0.0540207699,0.691012859,0.386941999,-0.0420928337,0.692013681,0.363117695,-0.032902617,0.734125316,0.334808588,-0.0397452153,0.716890335,0.392011046,-0.0453103259,0.709830523,0.375987083,-0.0378364436,0.712623596,0.356651813,-0.0324131884
1790262168.8689866,1998,4.99,0,2,4,DOWN,hold,svm,1,1,1,gesture,DOWN,DOWN,rc lr=0 fb=0 ud=-30 yaw=0,19,0.9902646546855014,87.0,60.0,1,0.020311282507549322,-0.01700644438852157,0.697881222,0.255236626,1.29140929e-07,0.661450624,0.272050083,-0.0180308055,0.63940537,0.333394378,-0.0302910078,0.646609247,0.392412961,-0.0362751298,0.663760722,0.430223972,-0.042022422,0.648402929,0.308838636,-0.0532362536,0.642405748,0.389641672,-0.0668860823,0.640915513,0.437396228,-0.0696637407,0.642753601,0.474709004,-0.0711907446,0.68183428,0.315042078,-0.0496970415,0.670839787,0.402124643,-0.0665237457,0.664542913,0.387013495,-0.0641049668,0.665887654,0.357900351,-0.0600726865,0.708338976,0.322418302,-0.0443882532,0.694163203,0.398979753,-0.0551933683,0.686727941,0.381945819,-0.0441324338,0.688241184,0.358007342,-0.0353719145,0.729010403,0.331810862,-0.0401102491,0.711942136,0.388092101,-0.046851337,0.705151141,0.371854991,-0.0400474258,0.708190799,0.351960212,-0.0348530002
1790262168.9543614,1999,23.4,0,2,4,DOWN,hold,svm,1,1,1,gesture,DOWN,DOWN,rc lr=0 fb=0 ud=-30 yaw=0,20,0.9902646546855014,87.0,60.0,1,0.020084310064802935,-0.011174697740628917,0.697881222,0.255236626,1.29140929e-07,0.661450624,0.272050083,-0.0180308055,0.63940537,0.333394378,-0.0302910078,0.646609247,0.392412961,-0.0362751298,0.663760722,0.430223972,-0.042022422,0.648402929,0.308838636,-0.0532362536,0.642405748,0.389641672,-0.0668860823,0.640915513,0.437396228,-0.0696637407,0.642753601,0.474709004,-0.0711907446,0.68183428,0.315042078,-0.0496970415,0.670839787,0.402124643,-0.0665237457,0.664542913,0.387013495,-0.0641049668,0.665887654,0.357900351,-0.0600726865,0.708338976,0.322418302,-0.0443882532,0.694163203,0.398979753,-0.0551933683,0.686727941,0.381945819,-0.0441324338,0.688241184,0.358007342,-0.0353719145,0.729010403,0.331810862,-0.0401102491,0.711942136,0.388092101,-0.046851337,0.705151141,0.371854991,-0.0400474258,0.708190799,0.351960212,-0.0348530002
1790262168.977299,2000,13.96,0,2,4,DOWN,hold,svm,1,1,1,gesture,DOWN,DOWN,rc lr=0 fb=0 ud=-30 yaw=0,21,0.9892101323139317,87.0,60.0,1,0.019807272638487916,-0.013793723828259224,0.694069505,0.250237465,1.34619299e-07,0.658447623,0.268980533,-0.0176668577,0.639757574,0.329842567,-0.0305178054,0.648418486,0.3876414,-0.0371457487,0.663994014,0.427060306,-0.0435842387,0.64586693,0.305585891,-0.0537808351,0.642186046,0.385397285,-0.0682904944,0.640776932,0.432793379,-0.0718143731,0.642902732,0.469798714,-0.0736164972,0.679200113,0.310834199,-0.0509985946,0.670584738,0.400257349,-0.0676455051,0.664121866,0.385629505,-0.0651328042,0.665517032,0.355899006,-0.0610631332,0.706328452,0.316879332,-0.0465275645,0.693877637,0.393340141,-0.0575190634,0.685690403,0.376265943,-0.0464829728,0.686659217,0.353111893,-0.0376520678,0.727640033,0.32474333,-0.0429889299,0.712309837,0.381154537,-0.0495812632,0.704428732,0.365324557,-0.0421219543,0.706837177,0.346080005,-0.0364335515
1790262169.0538104,2002,24.89,0,2,4,DOWN,hold,svm,1,1,1,gesture,DOWN,DOWN,rc lr=0 fb=0 ud=-30 yaw=0,22,0.9892101323139317,87.0,60.0,1,0.019627753819420946,-0.009063278036479583,0.694069505,0.250237465,1.34619299e-07,0.658447623,0.268980533,-0.0176668577,0.639757574,0.329842567,-0.0305178054,0.648418486,0.3876414,-0.0371457487,0.663994014,0.427060306,-0.0435842387,0.64586693,0.305585891,-0.0537808351,0.642186046,0.385397285,-0.0682904944,0.640776932,0.432793379,-0.0718143731,0.642902732,0.469798714,-0.0736164972,0.679200113,0.310834199,-0.0509985946,0.670584738,0.400257349,-0.0676455051,0.664121866,0.385629505,-0.0651328042,0.665517032,0.355899006,-0.0610631332,0.706328452,0.316879332,-0.0465275645,0.693877637,0.393340141,-0.0575190634,0.685690403,0.376265943,-0.0464829728,0.686659217,0.353111893,-0.0376520678,0.727640033,0.32474333,-0.0429889299,0.712309837,0.381154537,-0.0495812632,0.704428732,0.365324557,-0.0421219543,0.706837177,0.346080005,-0.0364335515
1790262169.0996876,2003,2.99,0,2,4,DOWN,hold,svm,1,1,1,gesture,DOWN,DOWN,rc lr=0 fb=0 ud=-30 yaw=0,23,0.99125991597714,87.0,60.0,1,0.019596786687259282,-0.0015777216510135007,0.697822154,0.249727696,1.56428342e-07,0.66077137,0.26765132,-0.0189863592,0.641208112,0.330270022,-0.0317012705,0.649790764,0.388461083,-0.0376703814,0.666525424,0.426781565,-0.0432301126,0.650658965,0.304572642,-0.0553773232,0.645225286,0.383473217,-0.0697644055,0.642398417,0.430113137,-0.0730353072,0.643790424,0.467010498,-0.0746977851,0.68456775,0.31012699,-0.0514613912,0.672963083,0.399581194,-0.0678603351,0.663840532,0.384141147,-0.0652005002,0.664715648,0.354077131,-0.0610415041,0.710944772,0.316160679,-0.0457702838,0.6957739,0.392544538,-0.0562262908,0.685715675,0.3750076,-0.0451144874,0.686753154,0.351752818,-0.0364362448,0.731127143,0.323899627,-0.0411672294,0.713872969,0.379478484,-0.0475459322,0.705088973,0.36318323,-0.0404263586,0.707742274,0.344120562,-0.0351540968
1790262169.1827831,2005,18.95,0,2,4,DOWN,hold,svm,1,1,1,gesture,DOWN,DOWN,rc lr=0 fb=0 ud=-30 yaw=0,24,0.99125991597714,87.0,60.0,1,0.019576371005655346,-0.0010417872036750252,0.697822154,0.249727696,1.56428342e-07,0.66077137,0.26765132,-0.0189863592,0.641208112,0.330270022,-0.0317012705,0.649790764,0.388461083,-0.0376703814,0.666525424,0.426781565,-0.0432301126,0.650658965,0.304572642,-0.0553773232,0.645225286,0.383473217,-0.0697644055,0.642398417,0.430113137,-0.0730353072,0.643790424,0.467010498,-0.0746977851,0.68456775,0.31012699,-0.0514613912,0.672963083,0.399581194,-0.0678603351,0.663840532,0.384141147,-0.0652005002,0.664715648,0.354077131,-0.0610415041,0.710944772,0.316160679,-0.0457702838,0.6957739,0.392544538,-0.0562262908,0.685715675,0.3750076,-0.0451144874,0.686753154,0.351752818,-0.0364362448,0.731127143,0.323899627,-0.0411672294,0.713872969,0.379478484,-0.0475459322,0.705088973,0.36318323,-0.0404263586,0.707742274,0.344120562,-0.0351540968
1790262169.2078009,2006,13.05,0,2,4,DOWN,hold,svm,1,1,1,gesture,DOWN,DOWN,rc lr=0 fb=0 ud=-30 yaw=0,25,0.9917557744175426,87.0,60.0,1,0.0195819053366435,0.00028270464360101476,0.701445818,0.249854416,1.54478172e-07,0.664434969,0.26684019,-0.0183977876,0.643694282,0.328786016,-0.0309687424,0.651422858,0.387015462,-0.037123248,0.668185532,0.425191283,-0.0429741256,0.653989911,0.304865897,-0.0537292659,0.648341656,0.38393575,-0.0679431483,0.645600319,0.430287629,-0.0710375682,0.647028208,0.466746569,-0.0725643635,0.68762362,0.310424924,-0.050201945,0.67546767,0.399935991,-0.067065388,0.66686815,0.383692354,-0.0645674989,0.668127537,0.353506804,-0.0602313615,0.713881075,0.316319406,-0.044908639,0.699231088,0.392903507,-0.0557478033,0.69029218,0.3748689,-0.044383131,0.691692472,0.35161677,-0.0353420936,0.734022319,0.323966771,-0.0406549275,0.717205644,0.380068809,-0.0471340045,0.709359646,0.363158286,-0.0396845601,0.712186217,0.343882024,-0.0340695605
1790262169.2848082,2008,12.62,0,2,4,DOWN,hold,svm,1,1,1,gesture,DOWN,DOWN,rc lr=0 fb=0 ud=-30 yaw=0,26,0.9917557744175426,87.0,60.0,1,0.01958534765492459,0.00017579077326284126,0.701445818,0.249854416,1.54478172e-07,0.664434969,0.26684019,-0.0183977876,0.643694282,0.328786016,-0.0309687424,0.651422858,0.387015462,-0.037123248,0.668185532,0.425191283,-0.0429741256,0.653989911,0.304865897,-0.0537292659,0.648341656,0.38393575,-0.0679431483,0.645600319,0.430287629,-0.0710375682,0.647028208,0.466746569,-0.0725643635,0.68762362,0.310424924,-0.050201945,0.67546767,0.399935991,-0.067065388,0.66686815,0.383692354,-0.0645674989,0.668127537,0.353506804,-0.0602313615,0.713881075,0.316319406,-0.044908639,0.699231088,0.392903507,-0.0557478033,0.69029218,0.3748689,-0.044383131,0.691692472,0.35161677,-0.0353420936,0.734022319,0.323966771,-0.0406549275,0.717205644,0.380068809,-0.0471340045,0.709359646,0.363158286,-0.0396845601,0.712186217,0.343882024,-0.0340695605
1790262169.3331907,2009,1.0,0,2,4,DOWN,hold,svm,1,1,1,gesture,DOWN,DOWN,rc lr=0 fb=0 ud=-30 yaw=0,27,0.9918040773515056,87.0,60.0,1,0.019723985698252733,0.007078661342694297,0.701472223,0.250981063,1.66293475e-07,0.664839506,0.269654036,-0.0176558737,0.64465636,0.332147777,-0.0301964171,0.65314281,0.389735609,-0.0365346596,0.670436978,0.427027255,-0.0425754823,0.656064928,0.306485116,-0.0529593416,0.649617136,0.385770261,-0.0668705553,0.646339715,0.432760715,-0.0698122457,0.647422731,0.469638526,-0.0713001117,0.689782321,0.312015653,-0.049953945,0.676910758,0.401587546,-0.0669161454,0.667825222,0.385620654,-0.0646089911,0.669162869,0.355271161,-0.0603630692,0.715920806,0.317896366,-0.0450562499,0.700665414,0.395152897,-0.0559888296,0.691652298,0.376801282,-0.0446163639,0.693313479,0.352989674,-0.0354912058,0.736043215,0.325357318,-0.0411358811,0.718829274,0.381950259,-0.0475432612,0.711146116,0.364789963,-0.0399423838,0.714295328,0.345189571,-0.0342017934
1790262169.41424,2010,55.12,0,2,4,DOWN,hold,svm,1,1,1,gesture,DOWN,DOWN,rc lr=0 fb=0 ud=-30 yaw=0,28,0.9918040773515056,87.0,60.0,1,0.019814289609929148,0.004578380508784007,0.701472223,0.250981063,1.66293475e-07,0.664839506,0.269654036,-0.0176558737,0.64465636,0.332147777,-0.0301964171,0.65314281,0.389735609,-0.0365346596,0.670436978,0.427027255,-0.0425754823,0.656064928,0.306485116,-0.0529593416,0.649617136,0.385770261,-0.0668705553,0.646339715,0.432760715,-0.0698122457,0.647422731,0.469638526,-0.0713001117,0.689782321,0.312015653,-0.049953945,0.676910758,0.401587546,-0.0669161454,0.667825222,0.385620654,-0.0646089911,0.669162869,0.355271161,-0.0603630692,0.715920806,0.317896366,-0.0450562499,0.700665414,0.395152897,-0.0559888296,0.691652298,0.376801282,-0.0446163639,0.693313479,0.352989674,-0.0354912058,0.736043215,0.325357318,-0.0411358811,0.718829274,0.381950259,-0.0475432612,0.711146116,0.364789963,-0.0399423838,0.714295328,0.345189571,-0.0342017934
1790262169.4361813,2011,6.98,0,2,4,DOWN,hold,svm,1,1,1,gesture,DOWN,DOWN,rc lr=0 fb=0 ud=-30 yaw=0,29,0.9925784760533548,87.0,60.0,1,0.019852847282919583,0.0019459528325009505,0.703523099,0.252223998,1.57911373e-07,0.667392433,0.269659907,-0.0180539116,0.645811319,0.331265688,-0.029668007,0.651567936,0.389410675,-0.0350883864,0.667940974,0.426444888,-0.0401445515,0.65668565,0.308215618,-0.0507107824,0.650983512,0.387948245,-0.0636129826,0.648119271,0.43536213,-0.0661471635,0.648855507,0.472219646,-0.0674700513,0.690093338,0.31420812,-0.0470162705,0.678156495,0.401882768,-0.0637186617,0.669732392,0.38633886,-0.0616088361,0.670676589,0.356347054,-0.0573246777,0.716219008,0.320542574,-0.0415814891,0.701532483,0.396309942,-0.0523115247,0.692995131,0.379167557,-0.0414790325,0.694294691,0.355591953,-0.0326109901,0.736377537,0.328566432,-0.037224941,0.718984902,0.384225726,-0.0437731966,0.711353362,0.368165463,-0.036931131,0.71417588,0.348554194,-0.0315769315
1790262169.5159204,2013,19.95,0,2,4,DOWN,hold,svm,1,1,1,gesture,DOWN,DOWN,rc lr=0 fb=0 ud=-30 yaw=0,30,0.9925784760533548,87.0,60.0,1,0.01987784700462214,0.0012592511968832368,0.703523099,0.252223998,1.57911373e-07,0.667392433,0.269659907,-0.0180539116,0.645811319,0.331265688,-0.029668007,0.651567936,0.389410675,-0.0350883864,0.667940974,0.426444888,-0.0401445515,0.65668565,0.308215618,-0.0507107824,0.650983512,0.387948245,-0.0636129826,0.648119271,0.43536213,-0.0661471635,0.648855507,0.472219646,-0.0674700513,0.690093338,0.31420812,-0.0470162705,0.678156495,0.401882768,-0.0637186617,0.669732392,0.38633886,-0.0616088361,0.670676589,0.356347054,-0.0573246777,0.716219008,0.320542574,-0.0415814891,0.701532483,0.396309942,-0.0523115247,0.692995131,0.379167557,-0.0414790325,0.694294691,0.355591953,-0.0326109901,0.736377537,0.328566432,-0.037224941,0.718984902,0.384225726,-0.0437731966,0.711353362,0.368165463,-0.036931131,0.71417588,0.348554194,-0.0315769315
1790262169.5383656,2014,7.49,0,2,4,DOWN,hold,svm,1,1,1,gesture,DOWN,DOWN,rc lr=0 fb=0 ud=-30 yaw=0,31,0.9921103034476287,87.0,60.0,1,0.019986757849874692,0.005479006113047731,0.704216301,0.252684325,1.66422311e-07,0.667325854,0.270574272,-0.0185289904,0.646747828,0.333239198,-0.0307710916,0.654255927,0.390862405,-0.0366208702,0.671639979,0.428164631,-0.04214748,0.658723354,0.309092939,-0.0526986383,0.652548075,0.387725711,-0.0663018674,0.649435282,0.435342103,-0.0691486523,0.650484204,0.472785711,-0.0706455335,0.692357242,0.31475696,-0.0490863882,0.679918766,0.403747946,-0.0657708496,0.670534968,0.387562752,-0.0634950101,0.671454251,0.356821299,-0.0592255183,0.718500137,0.320361465,-0.0437006839,0.703221023,0.396577835,-0.054646112,0.693817675,0.378168553,-0.0436991863,0.695224822,0.354283839,-0.0347656906,0.738476574,0.327407658,-0.0393674448,0.721134543,0.384164661,-0.0459197499,0.712985814,0.367263705,-0.0386888906,0.715884686,0.347191811,-0.0331560783
1790262169.6160793,2015,16.95,0,2,4,DOWN,hold,svm,1,1,1,gesture,DOWN,DOWN,rc lr=0 fb=0 ud=-30 yaw=0,32,0.9921103034476287,87.0,60.0,1,0.020057675062195912,0.0035482099124778486,0.704216301,0.252684325,1.66422311e-07,0.667325854,0.270574272,-0.0185289904,0.646747828,0.333239198,-0.0307710916,0.654255927,0.390862405,-0.0366208702,0.671639979,0.428164631,-0.04214748,0.658723354,0.309092939,-0.0526986383,0.652548075,0.387725711,-0.0663018674,0.649435282,0.435342103,-0.0691486523,0.650484204,0.472785711,-0.0706455335,0.692357242,0.31475696,-0.0490863882,0.679918766,0.403747946,-0.0657708496,0.670534968,0.387562752,-0.0634950101,0.671454251,0.356821299,-0.0592255183,0.718500137,0.320361465,-0.0437006839,0.703221023,0.396577835,-0.054646112,0.693817675,0.378168553,-0.0436991863,0.695224822,0.354283839,-0.0347656906,0.738476574,0.327407658,-0.0393674448,0.721134543,0.384164661,-0.0459197499,0.712985814,0.367263705,-0.0386888906,0.715884686,0.347191811,-0.0331560783
1790262169.638046,2016,9.0,0,2,4,DOWN,hold,svm,1,1,1,gesture,DOWN,DOWN,rc lr=0 fb=0 ud=-30 yaw=0,33,0.9925210815167056,87.0,60.0,1,0.020012457834045705,-0.0022543603887287653,0.706059933,0.249923736,1.49690194e-07,0.669058084,0.266999871,-0.0179657396,0.647589803,0.329623669,-0.0297125746,0.653947413,0.388196886,-0.0351917706,0.671248972,0.425051242,-0.0402817838,0.660168052,0.304115653,-0.0521430932,0.653214991,0.383791894,-0.0651836991,0.650056183,0.431123257,-0.0674156472,0.651177585,0.468139321,-0.0686053559,0.693459928,0.310208976,-0.0484483466,0.679690242,0.398980618,-0.0651125088,0.670722008,0.383537143,-0.0626049042,0.672118485,0.353709787,-0.0582448132,0.719246149,0.317002177,-0.0429055206,0.70307523,0.393790513,-0.0534866713,0.69315964,0.376615345,-0.0423334911,0.69445765,0.352754563,-0.0334208161,0.738914311,0.325924188,-0.0384066217,0.720822155,0.382687598,-0.0448651165,0.71181798,0.366802841,-0.0380213894,0.714287817,0.346975476,-0.0328394435
1790262169.7149894,2018,18.59,0,2,4,DOWN,hold,svm,1,1,1,gesture,DOWN,DOWN,rc lr=0 fb=0 ud=-30 yaw=0,34,0.9925210815167056,87.0,60.0,1,0.019983055608136624,-0.0014691961453660682,0.706059933,0.249923736,1.49690194e-07,0.669058084,0.266999871,-0.0179657396,0.647589803,0.329623669,-0.0297125746,0.653947413,0.388196886,-0.0351917706,0.671248972,0.425051242,-0.0402817838,0.660168052,0.304115653,-0.0521430932,0.653214991,0.383791894,-0.0651836991,0.650056183,0.431123257,-0.0674156472,0.651177585,0.468139321,-0.0686053559,0.693459928,0.310208976,-0.0484483466,0.679690242,0.398980618,-0.0651125088,0.670722008,0.383537143,-0.0626049042,0.672118485,0.353709787,-0.0582448132,0.719246149,0.317002177,-0.0429055206,0.70307523,0.393790513,-0.0534866713,0.69315964,0.376615345,-0.0423334911,0.69445765,0.352754563,-0.0334208161,0.738914311,0.325924188,-0.0384066217,0.720822155,0.382687598,-0.0448651165,0.71181798,0.366802841,-0.0380213894,0.714287817,0.346975476,-0.0328394435
1790262169.7647412,2019,1.0,0,2,4,DOWN,hold,svm,1,1,1,gesture,DOWN,DOWN,rc lr=0 fb=0 ud=-30 yaw=0,35,0.9924434988758155,87.0,60.0,1,0.01990482281954087,-0.003914956257435482,0.705665827,0.24607183,1.50004993e-07,0.669506907,0.26388514,-0.0176203735,0.648961663,0.326081336,-0.0296325237,0.654915273,0.383930624,-0.0354765281,0.670736849,0.421871305,-0.0410828814,0.659619033,0.301071972,-0.0523816794,0.653349221,0.380145133,-0.0657983497,0.650340676,0.427335173,-0.0683613718,0.651610374,0.464197904,-0.069700487,0.693153441,0.306605339,-0.0491190068,0.680184305,0.395740926,-0.065683037,0.671896994,0.380102515,-0.0630082265,0.67346859,0.350425512,-0.0586599298,0.71939975,0.31264326,-0.0440365076,0.703682303,0.389697671,-0.0547443703,0.694815457,0.372209489,-0.0433189906,0.696350873,0.34867838,-0.0342640653,0.739550948,0.320732623,-0.0399356149,0.722004831,0.37795952,-0.0464347079,0.713998854,0.361651361,-0.0391671434,0.716742635,0.342024475,-0.0337056816
1790262169.842281,2021,10.97,0,2,4,DOWN,hold,svm,1,1,1,gesture,DOWN,DOWN,rc lr=0 fb=0 ud=-30 yaw=0,36,0.9924434988758155,87.0,60.0,1,0.019854039566645554,-0.0025513039405434847,0.705665827,0.24607183,1.50004993e-07,0.669506907,0.26388514,-0.0176203735,0.648961663,0.326081336,-0.0296325237,0.654915273,0.383930624,-0.0354765281,0.670736849,0.421871305,-0.0410828814,0.659619033,0.301071972,-0.0523816794,0.653349221,0.380145133,-0.0657983497,0.650340676,0.427335173,-0.0683613718,0.651610374,0.464197904,-0.069700487,0.693153441,0.306605339,-0.0491190068,0.680184305,0.395740926,-0.065683037,0.671896994,0.380102515,-0.0630082265,0.67346859,0.350425512,-0.0586599298,0.71939975,0.31264326,-0.0440365076,0.703682303,0.389697671,-0.0547443703,0.694815457,0.372209489,-0.0433189906,0.696350873,0.34867838,-0.0342640653,0.739550948,0.320732623,-0.0399356149,0.722004831,0.37795952,-0.0464347079,0.713998854,0.361651361,-0.0391671434,0.716742635,0.342024475,-0.0337056816
1790262169.8682122,2022,2.99,0,2,4,DOWN,hold,svm,1,1,1,gesture,DOWN,DOWN,rc lr=0 fb=0 ud=-30 yaw=0,37,0.9933449442770743,87.0,60.0,1,0.02004189316574312,0.009461731879146437,0.70852828,0.245380014,1.54432868e-07,0.671520114,0.26217708,-0.0186903402,0.648703218,0.324362099,-0.0304945447,0.654743791,0.382752717,-0.0357829854,0.670913219,0.420334458,-0.0406874679,0.661352575,0.299756438,-0.0522173755,0.654513419,0.379462212,-0.0652854592,0.651531756,0.427826643,-0.067572467,0.652773857,0.466063201,-0.0687506944,0.695240259,0.30648002,-0.048135478,0.681166887,0.395254612,-0.0646489561,0.672713518,0.378784001,-0.0619665794,0.674534023,0.348542929,-0.0573963113,0.721308351,0.313504845,-0.0423028916,0.704730749,0.390999734,-0.0530717298,0.695953608,0.372670054,-0.0418553352,0.69764632,0.348725438,-0.0327673107,0.741111636,0.322408617,-0.0375486277,0.722875297,0.379580528,-0.0441078432,0.714985967,0.36261791,-0.0370953195,0.717870712,0.342778563,-0.0317157134
1790262169.9405167,2023,6.98,0,2,4,DOWN,hold,svm,1,1,1,gesture,DOWN,DOWN,rc lr=0 fb=0 ud=-30 yaw=0,38,0.9933449442770743,87.0,60.0,1,0.020164450983706672,0.0061150818912175916,0.70852828,0.245380014,1.54432868e-07,0.671520114,0.26217708,-0.0186903402,0.648703218,0.324362099,-0.0304945447,0.654743791,0.382752717,-0.0357829854,0.670913219,0.420334458,-0.0406874679,0.661352575,0.299756438,-0.0522173755,0.654513419,0.379462212,-0.0652854592,0.651531756,0.427826643,-0.067572467,0.652773857,0.466063201,-0.0687506944,0.695240259,0.30648002,-0.048135478,0.681166887,0.395254612,-0.0646489561,0.672713518,0.378784001,-0.0619665794,0.674534023,0.348542929,-0.0573963113,0.721308351,0.313504845,-0.0423028916,0.704730749,0.390999734,-0.0530717298,0.695953608,0.372670054,-0.0418553352,0.69764632,0.348725438,-0.0327673107,0.741111636,0.322408617,-0.0375486277,0.722875297,0.379580528,-0.0441078432,0.714985967,0.36261791,-0.0370953195,0.717870712,0.342778563,-0.0317157134
1790262169.9664457,2024,1.99,0,2,4,DOWN,hold,svm,1,1,1,gesture,DOWN,DOWN,rc lr=0 fb=0 ud=-30 yaw=0,39,0.9934065897372586,87.0,60.0,1,0.0201819377430823,0.000867207313988297,0.70871377,0.242801011,1.5300796e-07,0.672048628,0.259389341,-0.0187392533,0.649841547,0.321555823,-0.0307890549,0.65572387,0.380469263,-0.0363594778,0.672664762,0.41818884,-0.0415963158,0.661585152,0.29702723,-0.0528765246,0.655247152,0.377424419,-0.0662438571,0.652274311,0.425741464,-0.068826586,0.653413951,0.46382916,-0.0702506304,0.695139766,0.303617537,-0.0488908552,0.682185531,0.392651558,-0.0653693303,0.673707664,0.376744688,-0.0627697557,0.675201237,0.34688592,-0.0584431998,0.721232474,0.310342014,-0.043161843,0.705412745,0.387027383,-0.0536219813,0.696418107,0.369426012,-0.0423260331,0.69799763,0.346211344,-0.033404652,0.741296649,0.319007128,-0.0385590196,0.723557174,0.374961495,-0.0448334552,0.71550262,0.358744979,-0.0377404466,0.718313515,0.339737892,-0.0324469097
1790262170.0482407,2026,17.95,0,2,4,DOWN,hold,svm,1,1,1,gesture,DOWN,DOWN,rc lr=0 fb=0 ud=-30 yaw=0,40,0.9934065897372586,87.0,60.0,1,0.020193244638187835,0.0005602482402567901,0.70871377,0.242801011,1.5300796e-07,0.672048628,0.259389341,-0.0187392533,0.649841547,0.321555823,-0.0307890549,0.65572387,0.380469263,-0.0363594778,0.672664762,0.41818884,-0.0415963158,0.661585152,0.29702723,-0.0528765246,0.655247152,0.377424419,-0.0662438571,0.652274311,0.425741464,-0.068826586,0.653413951,0.46382916,-0.0702506304,0.695139766,0.303617537,-0.0488908552,0.682185531,0.392651558,-0.0653693303,0.673707664,0.376744688,-0.0627697557,0.675201237,0.34688592,-0.0584431998,0.721232474,0.310342014,-0.043161843,0.705412745,0.387027383,-0.0536219813,0.696418107,0.369426012,-0.0423260331,0.69799763,0.346211344,-0.033404652,0.741296649,0.319007128,-0.0385590196,0.723557174,0.374961495,-0.0448334552,0.71550262,0.358744979,-0.0377404466,0.718313515,0.339737892,-0.0324469097
1790262170.0986843,2027,2.0,0,2,4,DOWN,hold,svm,1,1,1,gesture,DOWN,DOWN,rc lr=0 fb=0 ud=-30 yaw=0,41,0.9924260273904284,87.0,60.0,1,0.019850096365897407,-0.016993221170682665,0.709889472,0.236881346,1.25619664e-07,0.672826409,0.253326803,-0.0178424474,0.650693297,0.314331651,-0.029875135,0.656498909,0.372306883,-0.0357673168,0.671394765,0.410978496,-0.0414069779,0.658261836,0.28842327,-0.0523361452,0.653183579,0.370300651,-0.0657207966,0.650955319,0.417588949,-0.068066515,0.652324915,0.454554707,-0.0691334605,0.691412091,0.294811606,-0.0489070304,0.680206001,0.383451819,-0.0659553036,0.673894525,0.367978126,-0.0632131323,0.675709248,0.338236988,-0.0585959293,0.718135178,0.302582949,-0.0437946655,0.703273773,0.379172623,-0.0548393838,0.696345806,0.361396313,-0.0436088145,0.698255777,0.337407768,-0.0344076827,0.738985419,0.312795073,-0.039688956,0.721904516,0.369457066,-0.0463874377,0.715278029,0.352953851,-0.0393633358,0.718435645,0.333114922,-0.0338755846
1790262170.2486103,2030,51.75,0,2,4,DOWN,hold,svm,1,1,1,gesture,DOWN,DOWN,rc lr=0 fb=0 ud=-30 yaw=0,42,0.9924260273904284,87.0,60.0,1,0.01962826113421201,-0.011175524168563282,0.709889472,0.236881346,1.25619664e-07,0.672826409,0.253326803,-0.0178424474,0.650693297,0.314331651,-0.029875135,0.656498909,0.372306883,-0.0357673168,0.671394765,0.410978496,-0.0414069779,0.658261836,0.28842327,-0.0523361452,0.653183579,0.370300651,-0.0657207966,0.650955319,0.417588949,-0.068066515,0.652324915,0.454554707,-0.0691334605,0.691412091,0.294811606,-0.0489070304,0.680206001,0.383451819,-0.0659553036,0.673894525,0.367978126,-0.0632131323,0.675709248,0.338236988,-0.0585959293,0.718135178,0.302582949,-0.0437946655,0.703273773,0.379172623,-0.0548393838,0.696345806,0.361396313,-0.0436088145,0.698255777,0.337407768,-0.0344076827,0.738985419,0.312795073,-0.039688956,0.721904516,0.369457066,-0.0463874377,0.715278029,0.352953851,-0.0393633358,0.718435645,0.333114922,-0.0338755846
1790262170.2705529,2031,7.98,0,2,4,DOWN,hold,svm,1,1,1,gesture,DOWN,DOWN,rc lr=0 fb=0 ud=-30 yaw=0,43,0.9890646841305715,87.0,60.0,1,0.01939121336399907,-0.012076860430584223,0.707496643,0.22649014,1.10429959e-07,0.673214912,0.246888012,-0.0153449522,0.655459881,0.308259308,-0.0280459803,0.662790656,0.365272731,-0.035334032,0.676059783,0.405676991,-0.0427901261,0.658162177,0.282737672,-0.0522581562,0.655317426,0.362785548,-0.0668487027,0.653716087,0.410627037,-0.0710504055,0.656102061,0.448545665,-0.0736020058,0.691178441,0.28655225,-0.0513135754,0.683902442,0.378139913,-0.068297863,0.677316129,0.362111926,-0.0660761818,0.678320825,0.331055015,-0.0624734871,0.718699276,0.290943772,-0.0485400222,0.706410766,0.369862825,-0.0599856973,0.698680699,0.352126688,-0.0485837832,0.699716628,0.327797025,-0.0396574773,0.740762413,0.298017234,-0.0465334281,0.72596848,0.357449442,-0.0539778955,0.718516529,0.34156695,-0.0463300608,0.720661879,0.321211129,-0.0405631848
1790262170.3578637,2033,30.54,0,2,4,DOWN,hold,svm,1,1,1,gesture,DOWN,DOWN,rc lr=0 fb=0 ud=-30 yaw=0,44,0.9890646841305715,87.0,60.0,1,0.019348050746243572,-0.002225885350507918,0.707496643,0.22649014,1.10429959e-07,0.673214912,0.246888012,-0.0153449522,0.655459881,0.308259308,-0.0280459803,0.662790656,0.365272731,-0.035334032,0.676059783,0.405676991,-0.0427901261,0.658162177,0.282737672,-0.0522581562,0.655317426,0.362785548,-0.0668487027,0.653716087,0.410627037,-0.0710504055,0.656102061,0.448545665,-0.0736020058,0.691178441,0.28655225,-0.0513135754,0.683902442,0.378139913,-0.068297863,0.677316129,0.362111926,-0.0660761818,0.678320825,0.331055015,-0.0624734871,0.718699276,0.290943772,-0.0485400222,0.706410766,0.369862825,-0.0599856973,0.698680699,0.352126688,-0.0485837832,0.699716628,0.327797025,-0.0396574773,0.740762413,0.298017234,-0.0465334281,0.72596848,0.357449442,-0.0539778955,0.718516529,0.34156695,-0.0463300608,0.720661879,0.321211129,-0.0405631848
1790262170.380633,2034,16.97,0,2,4,DOWN,hold,svm,1,1,1,gesture,DOWN,DOWN,rc lr=0 fb=0 ud=-30 yaw=0,45,0.9925695464387858,87.0,60.0,1,0.01942176408486951,0.003809858656704595,0.710591137,0.225877017,1.36014961e-07,0.67436868,0.244547158,-0.0177063495,0.655788183,0.306672156,-0.0304741301,0.663052142,0.364618719,-0.0369647667,0.678287387,0.404460818,-0.0433211215,0.663491905,0.282455236,-0.0544904172,0.658845842,0.36206919,-0.0685387552,0.656333327,0.408258557,-0.0718457922,0.658131838,0.44510597,-0.0737582892,0.697231591,0.286665589,-0.0516203679,0.687554002,0.376086265,-0.0675506443,0.680043578,0.358999312,-0.0645717829,0.681821883,0.328965783,-0.060661599,0.72423023,0.290919989,-0.0469379351,0.710949779,0.368246049,-0.0573279522,0.702382028,0.349218577,-0.0454412363,0.704013407,0.325510502,-0.0365815237,0.745542288,0.29711169,-0.0432511754,0.729870498,0.354454458,-0.0500662662,0.722388864,0.337487578,-0.0424829349,0.725381672,0.318121701,-0.0369910523
1790262170.4604404,2035,30.23,0,2,4,DOWN,hold,svm,1,1,1,gesture,DOWN,DOWN,rc lr=0 fb=0 ud=-30 yaw=0,46,0.9925695464387858,87.0,60.0,1,0.01949114095572213,0.0035721199448957392,0.710591137,0.225877017,1.36014961e-07,0.67436868,0.244547158,-0.0177063495,0.655788183,0.306672156,-0.0304741301,0.663052142,0.364618719,-0.0369647667,0.678287387,0.404460818,-0.0433211215,0.663491905,0.282455236,-0.0544904172,0.658845842,0.36206919,-0.0685387552,0.656333327,0.408258557,-0.0718457922,0.658131838,0.44510597,-0.0737582892,0.697231591,0.286665589,-0.0516203679,0.687554002,0.376086265,-0.0675506443,0.680043578,0.358999312,-0.0645717829,0.681821883,0.328965783,-0.060661599,0.72423023,0.290919989,-0.0469379351,0.710949779,0.368246049,-0.0573279522,0.702382028,0.349218577,-0.0454412363,0.704013407,0.325510502,-0.0365815237,0.745542288,0.29711169,-0.0432511754,0.729870498,0.354454458,-0.0500662662,0.722388864,0.337487578,-0.0424829349,0.725381672,0.318121701,-0.0369910523
1790262170.486883,2036,23.45,0,2,4,DOWN,hold,svm,1,1,1,gesture,DOWN,DOWN,rc lr=0 fb=0 ud=-30 yaw=0,47,0.9934464925573869,87.0,60.0,1,0.019653581189558622,0.008334054645928929,0.714309692,0.22164005,1.43702749e-07,0.678331673,0.239532068,-0.018234048,0.657707036,0.300642431,-0.0309397895,0.663429618,0.35828346,-0.037313696,0.678818047,0.397564888,-0.0433808677,0.666316092,0.275414795,-0.0547728501,0.660973132,0.356925368,-0.0692926422,0.658881903,0.405111998,-0.0723029301,0.660928547,0.442750067,-0.0737875104,0.700084209,0.280229747,-0.051668413,0.688735306,0.371293217,-0.0689411163,0.681897044,0.354806483,-0.0659302846,0.683771968,0.323986828,-0.061248865,0.726996422,0.28559503,-0.0468189083,0.712887168,0.362613171,-0.0580417216,0.70492661,0.343900621,-0.0459360592,0.706475854,0.319946945,-0.0363617763,0.74796325,0.292941004,-0.0430296473,0.731631339,0.350329936,-0.0497058555,0.724380732,0.333305597,-0.0417401865,0.727418721,0.313289046,-0.0357599258
1790262170.5699742,2038,39.3,0,2,4,DOWN,hold,svm,1,1,1,gesture,DOWN,DOWN,rc lr=0 fb=0 ud=-30 yaw=0,48,0.9934464925573869,87.0,60.0,1,0.019759432043091607,0.005385830323341807,0.714309692,0.22164005,1.43702749e-07,0.678331673,0.239532068,-0.018234048,0.657707036,0.300642431,-0.0309397895,0.663429618,0.35828346,-0.037313696,0.678818047,0.397564888,-0.0433808677,0.666316092,0.275414795,-0.0547728501,0.660973132,0.356925368,-0.0692926422,0.658881903,0.405111998,-0.0723029301,0.660928547,0.442750067,-0.0737875104,0.700084209,0.280229747,-0.051668413,0.688735306,0.371293217,-0.0689411163,0.681897044,0.354806483,-0.0659302846,0.683771968,0.323986828,-0.061248865,0.726996422,0.28559503,-0.0468189083,0.712887168,0.362613171,-0.0580417216,0.70492661,0.343900621,-0.0459360592,0.706475854,0.319946945,-0.0363617763,0.74796325,0.292941004,-0.0430296473,0.731631339,0.350329936,-0.0497058555,0.724380732,0.333305597,-0.0417401865,0.727418721,0.313289046,-0.0357599258
1790262170.5960212,2039,3.11,0,2,4,DOWN,hold,svm,1,1,1,gesture,DOWN,DOWN,rc lr=0 fb=0 ud=-30 yaw=0,49,0.9926906584145022,87.0,60.0,1,0.019598756236860027,-0.00813160043675227,0.715316594,0.214975804,1.23431164e-07,0.679809988,0.232099622,-0.0161067173,0.660051465,0.292907685,-0.0283018034,0.666366339,0.350809127,-0.0349745005,0.681059062,0.39077872,-0.0417225622,0.665884972,0.269181848,-0.0521874651,0.661891103,0.350092888,-0.0662393123,0.660721123,0.397797137,-0.0693401545,0.662889063,0.435034543,-0.0710160062,0.699158251,0.273522615,-0.050435055,0.688859463,0.363170475,-0.067219831,0.682676852,0.348558307,-0.0646649301,0.684135258,0.319236159,-0.0606389083,0.726374805,0.278369069,-0.0468538925,0.71238333,0.355584025,-0.0578369014,0.705164135,0.338453025,-0.0461611524,0.706547499,0.314587504,-0.0370111912,0.747759938,0.28535527,-0.044138398,0.731412888,0.343804419,-0.0507025309,0.724233985,0.328736395,-0.0428174622,0.726896703,0.308793336,-0.0369260758
1790262170.6845427,2041,18.93,0,2,4,DOWN,hold,svm,1,1,1,gesture,DOWN,DOWN,rc lr=0 fb=0 ud=-30 yaw=0,50,0.9926906584145022,87.0,60.0,1,0.019494439714037526,-0.005322609331009954,0.715316594,0.214975804,1.23431164e-07,0.679809988,0.232099622,-0.0161067173,0.660051465,0.292907685,-0.0283018034,0.666366339,0.350809127,-0.0349745005,0.681059062,0.39077872,-0.0417225622,0.665884972,0.269181848,-0.0521874651,0.661891103,0.350092888,-0.0662393123,0.660721123,0.397797137,-0.0693401545,0.662889063,0.435034543,-0.0710160062,0.699158251,0.273522615,-0.050435055,0.688859463,0.363170475,-0.067219831,0.682676852,0.348558307,-0.0646649301,0.684135258,0.319236159,-0.0606389083,0.726374805,0.278369069,-0.0468538925,0.71238333,0.355584025,-0.0578369014,0.705164135,0.338453025,-0.0461611524,0.706547499,0.314587504,-0.0370111912,0.747759938,0.28535527,-0.044138398,0.731412888,0.343804419,-0.0507025309,0.724233985,0.328736395,-0.0428174622,0.726896703,0.308793336,-0.0369260758
1790262170.7104735,2042,12.96,0,2,4,DOWN,hold,svm,1,1,1,gesture,DOWN,DOWN,rc lr=0 fb=0 ud=-30 yaw=0,50,0.9919313786308013,87.0,60.0,1,0.0194960380732212,8.199051663554112e-05,0.714655399,0.212821722,1.29325727e-07,0.678650975,0.230732501,-0.0172818713,0.659442306,0.293207109,-0.0300529916,0.666693807,0.351819396,-0.0365291312,0.682443857,0.391377658,-0.0430671759,0.665150166,0.267690331,-0.0559783056,0.660958588,0.347299576,-0.0709054023,0.659390032,0.394374371,-0.0746325925,0.661727607,0.431500375,-0.0767354444,0.698918283,0.271601081,-0.0536289103,0.690196037,0.362094581,-0.0703379214,0.683331728,0.346070617,-0.0674653649,0.684582055,0.316161692,-0.0635829419,0.72652179,0.276175737,-0.049415756,0.713814735,0.354034007,-0.060555581,0.705195606,0.336184263,-0.0488445908,0.706047118,0.312333226,-0.0398779437,0.748606622,0.282518089,-0.0460833199,0.733240664,0.340978026,-0.0531151295,0.725126505,0.324964225,-0.0453527533,0.727676153,0.304906696,-0.0396537036
1790262170.8044548,2044,9.97,0,2,4,DOWN,hold,svm,1,1,1,gesture,DOWN,DOWN,rc lr=0 fb=0 ud=-30 yaw=0,50,0.9919313786308013,87.0,60.0,1,0.019496938098699346,4.6164532238051226e-05,0.714655399,0.212821722,1.29325727e-07,0.678650975,0.230732501,-0.0172818713,0.659442306,0.293207109,-0.0300529916,0.666693807,0.351819396,-0.0365291312,0.682443857,0.391377658,-0.0430671759,0.665150166,0.267690331,-0.0559783056,0.660958588,0.347299576,-0.0709054023,0.659390032,0.394374371,-0.0746325925,0.661727607,0.431500375,-0.0767354444,0.698918283,0.271601081,-0.0536289103,0.690196037,0.362094581,-0.0703379214,0.683331728,0.346070617,-0.0674653649,0.684582055,0.316161692,-0.0635829419,0.72652179,0.276175737,-0.049415756,0.713814735,0.354034007,-0.060555581,0.705195606,0.336184263,-0.0488445908,0.706047118,0.312333226,-0.0398779437,0.748606622,0.282518089,-0.0460833199,0.733240664,0.340978026,-0.0531151295,0.725126505,0.324964225,-0.0453527533,0.727676153,0.304906696,-0.0396537036
1790262170.8304179,2045,3.03,0,2,4,DOWN,hold,svm,1,1,1,gesture,DOWN,DOWN,rc lr=0 fb=0 ud=-30 yaw=0,50,0.9921758432085095,87.0,60.0,1,0.01942349870753901,-0.003766714075233896,0.716348827,0.208250001,1.18616107e-07,0.68097496,0.228104085,-0.0161517803,0.662520587,0.289806336,-0.0283331238,0.66947943,0.347315252,-0.0349002331,0.682852328,0.388216764,-0.0416305475,0.666379213,0.26578483,-0.0516457073,0.662490785,0.343981802,-0.0659186468,0.661182165,0.391455591,-0.0697778761,0.663544536,0.428677827,-0.0720371902,0.699357629,0.268939912,-0.0500291958,0.691919148,0.359152853,-0.0663684309,0.686378181,0.344185531,-0.0640491918,0.687969327,0.314557105,-0.0605059341,0.726909637,0.272699505,-0.0467054248,0.715342879,0.351469517,-0.0579038486,0.708162129,0.334603429,-0.0465147495,0.7091434,0.310695142,-0.0376346596,0.749162257,0.278803825,-0.0441957228,0.734903455,0.339523435,-0.0514148138,0.728194416,0.324184865,-0.0437069684,0.730886161,0.303532571,-0.0378977358
1790262170.9163764,2046,55.07,0,2,4,DOWN,hold,svm,1,1,1,gesture,DOWN,DOWN,rc lr=0 fb=0 ud=-30 yaw=0,50,0.9921758432085095,87.0,60.0,1,0.019412985705230312,-0.0005412517315749123,0.716348827,0.208250001,1.18616107e-07,0.68097496,0.228104085,-0.0161517803,0.662520587,0.289806336,-0.0283331238,0.66947943,0.347315252,-0.0349002331,0.682852328,0.388216764,-0.0416305475,0.666379213,0.26578483,-0.0516457073,0.662490785,0.343981802,-0.0659186468,0.661182165,0.391455591,-0.0697778761,0.663544536,0.428677827,-0.0720371902,0.699357629,0.268939912,-0.0500291958,0.691919148,0.359152853,-0.0663684309,0.686378181,0.344185531,-0.0640491918,0.687969327,0.314557105,-0.0605059341,0.726909637,0.272699505,-0.0467054248,0.715342879,0.351469517,-0.0579038486,0.708162129,0.334603429,-0.0465147495,0.7091434,0.310695142,-0.0376346596,0.749162257,0.278803825,-0.0441957228,0.734903455,0.339523435,-0.0514148138,0.728194416,0.324184865,-0.0437069684,0.730886161,0.303532571,-0.0378977358
1790262170.9433367,2047,13.0,0,2,4,DOWN,hold,svm,1,1,1,gesture,DOWN,DOWN,rc lr=0 fb=0 ud=-30 yaw=0,50,0.9932295531285394,87.0,60.0,1,0.019471202060934445,0.002998835758089895,0.71867758,0.206437245,1.32833492e-07,0.682397425,0.226315036,-0.016304547,0.66379714,0.289064556,-0.0282971263,0.671798646,0.346714616,-0.0344604589,0.685919404,0.386056423,-0.0406883024,0.669704795,0.263212591,-0.0516757257,0.665923953,0.342339933,-0.0653292462,0.663686633,0.390106171,-0.0687734559,0.665455401,0.427940249,-0.0708773583,0.702836692,0.267171055,-0.0497295596,0.693609655,0.35780713,-0.0654636249,0.686122835,0.342393607,-0.0631855577,0.688055694,0.31248349,-0.0597221069,0.730020225,0.271393418,-0.0459292307,0.717327178,0.349987686,-0.05645255,0.708744884,0.332675934,-0.0451914519,0.710272431,0.308683813,-0.0365278609,0.752080202,0.277881026,-0.0429544859,0.736983836,0.337711722,-0.0497567058,0.729324639,0.321757048,-0.0421261601,0.732465804,0.301353872,-0.0364900008
1790262171.056233,2050,25.65,0,2,4,DOWN,hold,svm,1,1,1,gesture,DOWN,DOWN,rc lr=0 fb=0 ud=-30 yaw=0,50,0.9932295531285394,87.0,60.0,1,0.019509068554242504,0.0019447434826856973,0.71867758,0.206437245,1.32833492e-07,0.682397425,0.226315036,-0.016304547,0.66379714,0.289064556,-0.0282971263,0.671798646,0.346714616,-0.0344604589,0.685919404,0.386056423,-0.0406883024,0.669704795,0.263212591,-0.0516757257,0.665923953,0.342339933,-0.0653292462,0.663686633,0.390106171,-0.0687734559,0.665455401,0.427940249,-0.0708773583,0.702836692,0.267171055,-0.0497295596,0.693609655,0.35780713,-0.0654636249,0.686122835,0.342393607,-0.0631855577,0.688055694,0.31248349,-0.0597221069,0.730020225,0.271393418,-0.0459292307,0.717327178,0.349987686,-0.05645255,0.708744884,0.332675934,-0.0451914519,0.710272431,0.308683813,-0.0365278609,0.752080202,0.277881026,-0.0429544859,0.736983836,0.337711722,-0.0497567058,0.729324639,0.321757048,-0.0421261601,0.732465804,0.301353872,-0.0364900008
1790262171.1049252,2051,5.98,0,2,4,DOWN,hold,svm,1,1,1,gesture,DOWN,DOWN,rc lr=0 fb=0 ud=-30 yaw=0,50,0.9934681442565586,87.0,60.0,1,0.0195614807886777,0.0026865574996299568,0.722960234,0.205732524,1.34675375e-07,0.686334431,0.2244775,-0.0174599681,0.66718936,0.286824882,-0.0299902782,0.674660325,0.344971299,-0.0363803916,0.688949943,0.385269344,-0.0427906737,0.674822152,0.261822999,-0.0542533994,0.669846892,0.341135859,-0.0681853145,0.66745007,0.388183355,-0.0714125261,0.668972015,0.425506324,-0.0732911453,0.708495438,0.265750051,-0.0515844338,0.697979569,0.355582148,-0.0675411373,0.690644503,0.339738548,-0.0647853315,0.69232744,0.309847087,-0.0610396676,0.73551327,0.270001829,-0.0470544584,0.721199572,0.348261148,-0.0574487671,0.712789416,0.330739051,-0.045810733,0.714497566,0.30676195,-0.0370783508,0.756896555,0.276601106,-0.0434732363,0.74073416,0.33626315,-0.0502801873,0.733071566,0.320335716,-0.04277144,0.736130536,0.300099909,-0.0373107083
1790262171.205424,2054,9.97,0,2,4,DOWN,hold,svm,1,1,1,gesture,DOWN,DOWN,rc lr=0 fb=0 ud=-30 yaw=0,50,0.9934681442565586,87.0,60.0,1,0.01959655778796332,0.0017931668703692536,0.722960234,0.205732524,1.34675375e-07,0.686334431,0.2244775,-0.0174599681,0.66718936,0.286824882,-0.0299902782,0.674660325,0.344971299,-0.0363803916,0.688949943,0.385269344,-0.0427906737,0.674822152,0.261822999,-0.0542533994,0.669846892,0.341135859,-0.0681853145,0.66745007,0.388183355,-0.0714125261,0.668972015,0.425506324,-0.0732911453,0.708495438,0.265750051,-0.0515844338,0.697979569,0.355582148,-0.0675411373,0.690644503,0.339738548,-0.0647853315,0.69232744,0.309847087,-0.0610396676,0.73551327,0.270001829,-0.0470544584,0.721199572,0.348261148,-0.0574487671,0.712789416,0.330739051,-0.045810733,0.714497566,0.30676195,-0.0370783508,0.756896555,0.276601106,-0.0434732363,0.74073416,0.33626315,-0.0502801873,0.733071566,0.320335716,-0.04277144,0.736130536,0.300099909,-0.0373107083
1790262171.2712471,2055,4.99,0,2,4,DOWN,hold,svm,1,1,1,gesture,DOWN,DOWN,rc lr=0 fb=0 ud=-30 yaw=0,50,0.9939937991959552,87.0,60.0,1,0.019963752455884887,0.018737712607216475,0.72446835,0.205502987,1.64859401e-07,0.687510312,0.224677294,-0.0193498936,0.668543816,0.288275063,-0.0324719101,0.676675022,0.346554101,-0.0386894979,0.692019999,0.386151254,-0.0446937159,0.676603496,0.262573302,-0.0571157187,0.671873748,0.342230916,-0.07227768,0.66945982,0.391276777,-0.0763218254,0.671186268,0.430117279,-0.0785650238,0.710992873,0.2667678,-0.053670913,0.699983358,0.358873367,-0.0703523085,0.691510856,0.343486786,-0.0676352084,0.69309783,0.312591672,-0.0635457709,0.73860693,0.271016121,-0.048438631,0.72430104,0.350499511,-0.0595857166,0.714568675,0.332777768,-0.0479871929,0.71552217,0.308439821,-0.0388767608,0.760497689,0.276645243,-0.0442741141,0.743675947,0.336637437,-0.0511502586,0.734960556,0.320288837,-0.0432726666,0.737888038,0.299604774,-0.0373820849
1790262171.364946,2058,5.98,0,2,4,DOWN,hold,svm,1,1,1,gesture,DOWN,DOWN,rc lr=0 fb=0 ud=-30 yaw=0,50,0.9939937991959552,87.0,60.0,1,0.020204133671628988,0.012040883409834195,0.72446835,0.205502987,1.64859401e-07,0.687510312,0.224677294,-0.0193498936,0.668543816,0.288275063,-0.0324719101,0.676675022,0.346554101,-0.0386894979,0.692019999,0.386151254,-0.0446937159,0.676603496,0.262573302,-0.0571157187,0.671873748,0.342230916,-0.07227768,0.66945982,0.391276777,-0.0763218254,0.671186268,0.430117279,-0.0785650238,0.710992873,0.2667678,-0.053670913,0.699983358,0.358873367,-0.0703523085,0.691510856,0.343486786,-0.0676352084,0.69309783,0.312591672,-0.0635457709,0.73860693,0.271016121,-0.048438631,0.72430104,0.350499511,-0.0595857166,0.714568675,0.332777768,-0.0479871929,0.71552217,0.308439821,-0.0388767608,0.760497689,0.276645243,-0.0442741141,0.743675947,0.336637437,-0.0511502586,0.734960556,0.320288837,-0.0432726666,0.737888038,0.299604774,-0.0373820849
1790262171.3978658,2059,3.0,0,2,4,DOWN,hold,svm,1,1,1,gesture,DOWN,DOWN,rc lr=0 fb=0 ud=-30 yaw=0,50,0.9941027512058154,87.0,60.0,1,0.02049926839346572,0.01460764052710487,0.725110412,0.206597969,1.65319364e-07,0.688390434,0.224972978,-0.0192215983,0.667653501,0.288407683,-0.032651484,0.674226522,0.347688228,-0.0392972939,0.68960464,0.387993097,-0.0457481742,0.676054597,0.261484146,-0.0583322234,0.670728922,0.344689399,-0.0734660104,0.668652892,0.394187719,-0.0766199604,0.670432091,0.432779849,-0.0781334862,0.711227179,0.266060948,-0.0548802726,0.700463653,0.360204399,-0.0727493614,0.692692876,0.344212949,-0.0697379112,0.693555355,0.313202053,-0.0650722235,0.739071012,0.271714211,-0.0495209694,0.724763572,0.35310629,-0.0612849183,0.71599251,0.334873885,-0.0491277091,0.716914475,0.310273349,-0.0393965542,0.760732174,0.279179901,-0.0451940149,0.743904591,0.340334952,-0.0521852523,0.735585988,0.323814481,-0.0441475436,0.738209784,0.303106815,-0.0380342938
1790262171.4910908,2060,28.92,0,2,4,DOWN,hold,svm,1,1,1,gesture,DOWN,DOWN,rc lr=0 fb=0 ud=-30 yaw=0,50,0.9941027512058154,87.0,60.0,1,0.020692164845986127,0.009409918872123994,0.725110412,0.206597969,1.65319364e-07,0.688390434,0.224972978,-0.0192215983,0.667653501,0.288407683,-0.032651484,0.674226522,0.347688228,-0.0392972939,0.68960464,0.387993097,-0.0457481742,0.676054597,0.261484146,-0.0583322234,0.670728922,0.344689399,-0.0734660104,0.668652892,0.394187719,-0.0766199604,0.670432091,0.432779849,-0.0781334862,0.711227179,0.266060948,-0.0548802726,0.700463653,0.360204399,-0.0727493614,0.692692876,0.344212949,-0.0697379112,0.693555355,0.313202053,-0.0650722235,0.739071012,0.271714211,-0.0495209694,0.724763572,0.35310629,-0.0612849183,0.71599251,0.334873885,-0.0491277091,0.716914475,0.310273349,-0.0393965542,0.760732174,0.279179901,-0.0451940149,0.743904591,0.340334952,-0.0521852523,0.735585988,0.323814481,-0.0441475436,0.738209784,0.303106815,-0.0380342938
1790262171.5180182,2061,24.93,0,2,4,DOWN,hold,svm,1,1,1,gesture,DOWN,DOWN,rc lr=0 fb=0 ud=-30 yaw=0,50,0.9938556392591437,87.0,60.0,1,0.020827212069134404,0.006526490783030534,0.726213276,0.207276434,1.59701585e-07,0.688931823,0.224661648,-0.0193509422,0.667965055,0.288175434,-0.0325802304,0.674259305,0.34740594,-0.0390289277,0.689875305,0.387347788,-0.0452709794,0.676095784,0.261728436,-0.0580153205,0.670698881,0.345059186,-0.0730936974,0.668949485,0.394555181,-0.0763715282,0.671078146,0.433377534,-0.0780631229,0.711236298,0.266568571,-0.0546358079,0.699357569,0.360261142,-0.0724923164,0.691869736,0.344173312,-0.0696439445,0.69305867,0.313058615,-0.0650935471,0.739223182,0.272089213,-0.049406331,0.72409898,0.352475882,-0.0612035803,0.716002822,0.333625674,-0.049162019,0.717283785,0.308874875,-0.0395462736,0.761193395,0.279153854,-0.0452715419,0.743776739,0.338954002,-0.052441597,0.736350358,0.321945578,-0.0445239954,0.739444077,0.301192433,-0.0385279022
1790262171.6151505,2063,54.36,0,2,4,DOWN,hold,svm,1,1,1,gesture,DOWN,DOWN,rc lr=0 fb=0 ud=-30 yaw=0,50,0.9938556392591437,87.0,60.0,1,0.020915202023059187,0.004224759109990662,0.726213276,0.207276434,1.59701585e-07,0.688931823,0.224661648,-0.0193509422,0.667965055,0.288175434,-0.0325802304,0.674259305,0.34740594,-0.0390289277,0.689875305,0.387347788,-0.0452709794,0.676095784,0.261728436,-0.0580153205,0.670698881,0.345059186,-0.0730936974,0.668949485,0.394555181,-0.0763715282,0.671078146,0.433377534,-0.0780631229,0.711236298,0.266568571,-0.0546358079,0.699357569,0.360261142,-0.0724923164,0.691869736,0.344173312,-0.0696439445,0.69305867,0.313058615,-0.0650935471,0.739223182,0.272089213,-0.049406331,0.72409898,0.352475882,-0.0612035803,0.716002822,0.333625674,-0.049162019,0.717283785,0.308874875,-0.0395462736,0.761193395,0.279153854,-0.0452715419,0.743776739,0.338954002,-0.052441597,0.736350358,0.321945578,-0.0445239954,0.739444077,0.301192433,-0.0385279022
1790262171.6411567,2064,10.42,0,2,4,DOWN,hold,svm,1,1,1,gesture,DOWN,DOWN,rc lr=0 fb=0 ud=-30 yaw=0,50,0.9935313637502164,87.0,60.0,1,0.02098868140106447,0.00351320431541945,0.726601958,0.206327513,1.45916772e-07,0.688524604,0.22311151,-0.0193170514,0.667688072,0.287054986,-0.0325943604,0.674927831,0.34714669,-0.0389690995,0.690728068,0.388126165,-0.045138251,0.675733507,0.260907531,-0.0583488196,0.670835257,0.343322247,-0.0740422234,0.668850124,0.392942905,-0.0779592916,0.670975208,0.432075024,-0.0800817534,0.711045086,0.265857399,-0.0551032275,0.699076891,0.359556258,-0.0728618726,0.69185102,0.342355549,-0.0700103194,0.693599522,0.310926199,-0.0656698272,0.739190638,0.271413743,-0.0500488132,0.723947704,0.351805329,-0.0620202832,0.716089487,0.332055479,-0.0498353951,0.717626572,0.307205826,-0.0401862934,0.761267483,0.278440475,-0.0460533239,0.74374938,0.338508099,-0.0533190593,0.736534357,0.320933849,-0.045174174,0.739979684,0.300075531,-0.0390923321
1790262171.7297869,2066,32.91,0,2,4,DOWN,hold,svm,1,1,1,gesture,DOWN,DOWN,rc lr=0 fb=0 ud=-30 yaw=0,50,0.9935313637502164,87.0,60.0,1,0.02103648863815266,0.0022777627700694253,0.726601958,0.206327513,1.45916772e-07,0.688524604,0.22311151,-0.0193170514,0.667688072,0.287054986,-0.0325943604,0.674927831,0.34714669,-0.0389690995,0.690728068,0.388126165,-0.045138251,0.675733507,0.260907531,-0.0583488196,0.670835257,0.343322247,-0.0740422234,0.668850124,0.392942905,-0.0779592916,0.670975208,0.432075024,-0.0800817534,0.711045086,0.265857399,-0.0551032275,0.699076891,0.359556258,-0.0728618726,0.69185102,0.342355549,-0.0700103194,0.693599522,0.310926199,-0.0656698272,0.739190638,0.271413743,-0.0500488132,0.723947704,0.351805329,-0.0620202832,0.716089487,0.332055479,-0.0498353951,0.717626572,0.307205826,-0.0401862934,0.761267483,0.278440475,-0.0460533239,0.74374938,0.338508099,-0.0533190593,0.736534357,0.320933849,-0.045174174,0.739979684,0.300075531,-0.0390923321
1790262171.7575805,2067,24.8,0,2,4,DOWN,hold,svm,1,1,1,gesture,DOWN,DOWN,rc lr=0 fb=0 ud=-30 yaw=0,50,0.9935098812514873,87.0,60.0,1,0.021113844589432773,0.003677227345813569,0.72465694,0.205114901,1.44334166e-07,0.687266946,0.222843528,-0.0184568744,0.666719556,0.286993831,-0.0316108279,0.674717844,0.347062051,-0.038085483,0.690172851,0.387985021,-0.0444515236,0.67443639,0.261187613,-0.0575159378,0.669996738,0.343672216,-0.0727634355,0.667915225,0.393043488,-0.0765146241,0.669944108,0.431978166,-0.0786029473,0.70976752,0.265489727,-0.0547791049,0.698625982,0.359401345,-0.0720684752,0.691351473,0.34264797,-0.0691158995,0.693201005,0.311359048,-0.064877443,0.73808068,0.270431578,-0.0501713417,0.723650813,0.351764649,-0.0617472753,0.715301692,0.332635403,-0.0495372303,0.716673434,0.30776605,-0.0400208533,0.760423064,0.277148724,-0.0465429984,0.743630409,0.338304758,-0.0535919666,0.735794663,0.321444541,-0.0453729741,0.738914013,0.300675154,-0.0393189304
1790262171.8522956,2069,21.94,0,2,4,DOWN,hold,svm,1,1,1,gesture,DOWN,DOWN,rc lr=0 fb=0 ud=-30 yaw=0,50,0.9935098812514873,87.0,60.0,1,0.021164197659704342,0.0023848366439511654,0.72465694,0.205114901,1.44334166e-07,0.687266946,0.222843528,-0.0184568744,0.666719556,0.286993831,-0.0316108279,0.674717844,0.347062051,-0.038085483,0.690172851,0.387985021,-0.0444515236,0.67443639,0.261187613,-0.0575159378,0.669996738,0.343672216,-0.0727634355,0.667915225,0.393043488,-0.0765146241,0.669944108,0.431978166,-0.0786029473,0.70976752,0.265489727,-0.0547791049,0.698625982,0.359401345,-0.0720684752,0.691351473,0.34264797,-0.0691158995,0.693201005,0.311359048,-0.064877443,0.73808068,0.270431578,-0.0501713417,0.723650813,0.351764649,-0.0617472753,0.715301692,0.332635403,-0.0495372303,0.716673434,0.30776605,-0.0400208533,0.760423064,0.277148724,-0.0465429984,0.743630409,0.338304758,-0.0535919666,0.735794663,0.321444541,-0.0453729741,0.738914013,0.300675154,-0.0393189304
1790262171.8820465,2070,17.78,0,2,4,DOWN,hold,svm,1,1,1,gesture,DOWN,DOWN,rc lr=0 fb=0 ud=-30 yaw=0,50,0.9937824933456982,87.0,60.0,1,0.021197504149483848,0.0015737185181803265,0.723244727,0.203229576,1.50907866e-07,0.687017739,0.222383901,-0.0193301402,0.666392446,0.285956413,-0.0323956013,0.673380852,0.344951272,-0.0386635624,0.688727498,0.384608656,-0.0446424633,0.673832357,0.259179205,-0.0568850115,0.669015229,0.342039317,-0.0720521435,0.667064428,0.392557085,-0.0757870302,0.668824911,0.43200016,-0.0778125823,0.708361387,0.263556272,-0.0538478605,0.698998153,0.358436525,-0.0711216852,0.692879796,0.343069732,-0.0683464706,0.694388747,0.311715037,-0.0640840083,0.736586809,0.268740058,-0.0490949526,0.723463893,0.349919617,-0.0607461631,0.715834737,0.332124233,-0.048701521,0.716840088,0.307344884,-0.0391554609,0.7593171,0.275626183,-0.0454830974,0.743238151,0.33717674,-0.0524644889,0.735955656,0.320785284,-0.0442131124,0.739049971,0.299271435,-0.0380117856
1790262171.9731936,2072,11.5,0,2,4,DOWN,hold,svm,1,1,1,gesture,DOWN,DOWN,rc lr=0 fb=0 ud=-30 yaw=0,50,0.9937824933456982,87.0,60.0,1,0.021218970955425576,0.0010127044104034529,0.723244727,0.203229576,1.50907866e-07,0.687017739,0.222383901,-0.0193301402,0.666392446,0.285956413,-0.0323956013,0.673380852,0.344951272,-0.0386635624,0.688727498,0.384608656,-0.0446424633,0.673832357,0.259179205,-0.0568850115,0.669015229,0.342039317,-0.0720521435,0.667064428,0.392557085,-0.0757870302,0.668824911,0.43200016,-0.0778125823,0.708361387,0.263556272,-0.0538478605,0.698998153,0.358436525,-0.0711216852,0.692879796,0.343069732,-0.0683464706,0.694388747,0.311715037,-0.0640840083,0.736586809,0.268740058,-0.0490949526,0.723463893,0.349919617,-0.0607461631,0.715834737,0.332124233,-0.048701521,0.716840088,0.307344884,-0.0391554609,0.7593171,0.275626183,-0.0454830974,0.743238151,0.33717674,-0.0524644889,0.735955656,0.320785284,-0.0442131124,0.739049971,0.299271435,-0.0380117856
1790262171.9997954,2073,3.99,0,2,4,DOWN,hold,svm,1,1,1,gesture,DOWN,DOWN,rc lr=0 fb=0 ud=-30 yaw=0,50,0.9943114364092581,87.0,60.0,1,0.02132512879536108,0.005002968341797068,0.724366605,0.203710556,1.52144082e-07,0.687309861,0.222498924,-0.018600516,0.66653657,0.287118554,-0.0315134898,0.673903525,0.346856624,-0.0376466066,0.689713657,0.38658151,-0.0435951948,0.673517764,0.260478467,-0.0572938472,0.669193566,0.344305068,-0.0722842515,0.66722542,0.394200861,-0.0760121122,0.669125855,0.433412969,-0.0781002119,0.708769262,0.264663637,-0.054370746,0.698921859,0.359012306,-0.0712454095,0.691598713,0.343078673,-0.0682191849,0.692814648,0.312201202,-0.0640234798,0.737402737,0.269750983,-0.0495787673,0.723491848,0.351578206,-0.0605689585,0.715319991,0.333245277,-0.0482528098,0.716545999,0.30884701,-0.0388574898,0.760235786,0.276374698,-0.0458443612,0.743479908,0.337314188,-0.052409146,0.736003518,0.320531338,-0.0440446176,0.739278078,0.299771279,-0.037963625
1790262172.0998452,2075,36.55,0,2,4,DOWN,hold,svm,1,1,1,gesture,DOWN,DOWN,rc lr=0 fb=0 ud=-30 yaw=0,50,0.9943114364092581,87.0,60.0,1,0.021394261053696795,0.0032418213741692383,0.724366605,0.203710556,1.52144082e-07,0.687309861,0.222498924,-0.018600516,0.66653657,0.287118554,-0.0315134898,0.673903525,0.346856624,-0.0376466066,0.689713657,0.38658151,-0.0435951948,0.673517764,0.260478467,-0.0572938472,0.669193566,0.344305068,-0.0722842515,0.66722542,0.394200861,-0.0760121122,0.669125855,0.433412969,-0.0781002119,0.708769262,0.264663637,-0.054370746,0.698921859,0.359012306,-0.0712454095,0.691598713,0.343078673,-0.0682191849,0.692814648,0.312201202,-0.0640234798,0.737402737,0.269750983,-0.0495787673,0.723491848,0.351578206,-0.0605689585,0.715319991,0.333245277,-0.0482528098,0.716545999,0.30884701,-0.0388574898,0.760235786,0.276374698,-0.0458443612,0.743479908,0.337314188,-0.052409146,0.736003518,0.320531338,-0.0440446176,0.739278078,0.299771279,-0.037963625
1790262172.1318822,2076,1.99,0,2,4,DOWN,hold,svm,1,1,1,gesture,DOWN,DOWN,rc lr=0 fb=0 ud=-30 yaw=0,50,0.9938245864320718,87.0,60.0,1,0.021474727682235795,0.0037611314705863963,0.724041998,0.205188036,1.48913571e-07,0.687048316,0.224228024,-0.0180149637,0.666281819,0.288760096,-0.031112859,0.674304545,0.349194735,-0.0374910086,0.690652668,0.389401555,-0.0438566916,0.671469152,0.26198557,-0.0582023524,0.668291807,0.34614411,-0.0733996704,0.666580319,0.395928919,-0.0771721601,0.668684602,0.435209215,-0.0792483911,0.707204759,0.266050518,-0.0558440238,0.6987198,0.36118871,-0.0728260428,0.691461384,0.345339447,-0.0696658716,0.692499757,0.31423977,-0.0654615983,0.736547649,0.270960838,-0.0515052974,0.723871291,0.353724808,-0.0625144169,0.715551257,0.335653841,-0.0499497913,0.716388941,0.311025918,-0.0404502675,0.760293007,0.277324468,-0.0481419973,0.74445343,0.339619488,-0.054596819,0.736804307,0.32316789,-0.0458265096,0.739695787,0.302299351,-0.0394950211
1790262172.2212038,2078,26.49,0,2,4,DOWN,hold,svm,1,1,1,gesture,DOWN,DOWN,rc lr=0 fb=0 ud=-30 yaw=0,50,0.9938245864320718,87.0,60.0,1,0.021527110720782616,0.0024392876744208304,0.724041998,0.205188036,1.48913571e-07,0.687048316,0.224228024,-0.0180149637,0.666281819,0.288760096,-0.031112859,0.674304545,0.349194735,-0.0374910086,0.690652668,0.389401555,-0.0438566916,0.671469152,0.26198557,-0.0582023524,0.668291807,0.34614411,-0.0733996704,0.666580319,0.395928919,-0.0771721601,0.668684602,0.435209215,-0.0792483911,0.707204759,0.266050518,-0.0558440238,0.6987198,0.36118871,-0.0728260428,0.691461384,0.345339447,-0.0696658716,0.692499757,0.31423977,-0.0654615983,0.736547649,0.270960838,-0.0515052974,0.723871291,0.353724808,-0.0625144169,0.715551257,0.335653841,-0.0499497913,0.716388941,0.311025918,-0.0404502675,0.760293007,0.277324468,-0.0481419973,0.74445343,0.339619488,-0.054596819,0.736804307,0.32316789,-0.0458265096,0.739695787,0.302299351,-0.0394950211
1790262172.2472155,2079,16.52,0,2,4,DOWN,hold,svm,1,1,1,gesture,DOWN,DOWN,rc lr=0 fb=0 ud=-30 yaw=0,50,0.9933268042954092,87.0,60.0,1,0.02144315671006325,-0.00389992005003795,0.72368598,0.206658125,1.4925277e-07,0.685952425,0.226046413,-0.0180561077,0.666592062,0.290906191,-0.0314275399,0.67501682,0.35084936,-0.0382209755,0.689804494,0.392339021,-0.0449669547,0.67192477,0.263868272,-0.0579838902,0.668047011,0.347441941,-0.0735576898,0.665975392,0.396636665,-0.0776172727,0.667834878,0.435465574,-0.0798313096,0.707168519,0.26758188,-0.055652678,0.698410451,0.363105804,-0.0726720989,0.691120267,0.347042054,-0.0696683973,0.692407846,0.316009164,-0.0656536743,0.736143231,0.272230804,-0.0514250137,0.723163962,0.354777008,-0.0626356453,0.714668512,0.336448908,-0.0501525961,0.715709031,0.311805427,-0.0406773835,0.759629309,0.278751671,-0.0481741838,0.743454337,0.340848267,-0.0550675392,0.735642314,0.324163586,-0.0465218313,0.738746405,0.303260744,-0.0402834192
1790262172.3490012,2081,15.5,0,2,4,DOWN,hold,svm,1,1,1,gesture,DOWN,DOWN,rc lr=0 fb=0 ud=-30 yaw=0,50,0.9933268042954092,87.0,60.0,1,0.02142229345812474,-0.0009729561846048808,0.72368598,0.206658125,1.4925277e-07,0.685952425,0.226046413,-0.0180561077,0.666592062,0.290906191,-0.0314275399,0.67501682,0.35084936,-0.0382209755,0.689804494,0.392339021,-0.0449669547,0.67192477,0.263868272,-0.0579838902,0.668047011,0.347441941,-0.0735576898,0.665975392,0.396636665,-0.0776172727,0.667834878,0.435465574,-0.0798313096,0.707168519,0.26758188,-0.055652678,0.698410451,0.363105804,-0.0726720989,0.691120267,0.347042054,-0.0696683973,0.692407846,0.316009164,-0.0656536743,0.736143231,0.272230804,-0.0514250137,0.723163962,0.354777008,-0.0626356453,0.714668512,0.336448908,-0.0501525961,0.715709031,0.311805427,-0.0406773835,0.759629309,0.278751671,-0.0481741838,0.743454337,0.340848267,-0.0550675392,0.735642314,0.324163586,-0.0465218313,0.738746405,0.303260744,-0.0402834192
1790262172.374933,2082,14.96,0,3,0,CENTER,settle,svm,1,1,1,gesture,DOWN,DOWN,rc lr=0 fb=0 ud=-30 yaw=0,50,0.9929889222943501,87.0,60.0,1,0.021550636653210553,0.005991104329547658,0.721863031,0.207261652,1.57227973e-07,0.6845451,0.228164881,-0.0191792678,0.665530801,0.293663979,-0.0329607613,0.674638391,0.353054464,-0.039760258,0.690560877,0.393665731,-0.0464288183,0.672327042,0.265592963,-0.0597266145,0.668786407,0.348386109,-0.0756568685,0.666983128,0.398563325,-0.0799617097,0.668897867,0.438181698,-0.0823637098,0.708098829,0.26893124,-0.0568714775,0.698750615,0.364141524,-0.0741862878,0.690467179,0.347725719,-0.0712510869,0.691157877,0.3160128,-0.067225039,0.737023115,0.273161471,-0.0521188863,0.72314018,0.355675131,-0.06365107,0.713717878,0.337062478,-0.0513455197,0.714621425,0.312222302,-0.0418903232,0.760164917,0.279156059,-0.0484134555,0.743535221,0.341782987,-0.0554294437,0.734682143,0.324991524,-0.0469498411,0.737589538,0.303787947,-0.0407617912
1790262172.4661875,2084,2.99,0,3,0,CENTER,settle,svm,1,1,1,gesture,DOWN,DOWN,rc lr=0 fb=0 ud=-30 yaw=0,50,0.9929889222943501,87.0,60.0,1,0.02165620451684447,0.00489859605229751,0.721863031,0.207261652,1.57227973e-07,0.6845451,0.228164881,-0.0191792678,0.665530801,0.293663979,-0.0329607613,0.674638391,0.353054464,-0.039760258,0.690560877,0.393665731,-0.0464288183,0.672327042,0.265592963,-0.0597266145,0.668786407,0.348386109,-0.0756568685,0.666983128,0.398563325,-0.0799617097,0.668897867,0.438181698,-0.0823637098,0.708098829,0.26893124,-0.0568714775,0.698750615,0.364141524,-0.0741862878,0.690467179,0.347725719,-0.0712510869,0.691157877,0.3160128,-0.067225039,0.737023115,0.273161471,-0.0521188863,0.72314018,0.355675131,-0.06365107,0.713717878,0.337062478,-0.0513455197,0.714621425,0.312222302,-0.0418903232,0.760164917,0.279156059,-0.0484134555,0.743535221,0.341782987,-0.0554294437,0.734682143,0.324991524,-0.0469498411,0.737589538,0.303787947,-0.0407617912
1790262172.4990993,2085,3.99,0,3,0,CENTER,settle,svm,1,1,1,gesture,DOWN,DOWN,rc lr=0 fb=0 ud=-30 yaw=0,50,0.9948977915756576,87.0,60.0,1,0.021935783409091414,0.01290987495197903,0.726229131,0.207415968,1.59796357e-07,0.68772465,0.22506544,-0.019075539,0.666588366,0.290593535,-0.0320398211,0.673631668,0.351698488,-0.0380493701,0.689369619,0.392767698,-0.0440000929,0.676707387,0.264908642,-0.0590036958,0.67161113,0.349452823,-0.0741295442,0.66876024,0.40001595,-0.0774651617,0.669543624,0.43956691,-0.0792656019,0.712477982,0.269294024,-0.0555900633,0.700380266,0.364056766,-0.0724900141,0.691868961,0.347215474,-0.0689913481,0.693136215,0.315483749,-0.0644397214,0.740889132,0.273674369,-0.0501975939,0.725660264,0.35528776,-0.0609175004,0.716330171,0.336609602,-0.0481740013,0.717598736,0.311866611,-0.038628757,0.763329208,0.279643804,-0.0458744392,0.74619019,0.341659367,-0.0523279831,0.73765713,0.324863225,-0.0439040884,0.740605652,0.304027826,-0.0378779769
1790262172.6126444,2087,50.24,0,3,0,CENTER,settle,svm,1,1,1,gesture,DOWN,DOWN,rc lr=0 fb=0 ud=-30 yaw=0,50,0.9948977915756576,87.0,60.0,1,0.022118226280895215,0.008317134993600738,0.726229131,0.207415968,1.59796357e-07,0.68772465,0.22506544,-0.019075539,0.666588366,0.290593535,-0.0320398211,0.673631668,0.351698488,-0.0380493701,0.689369619,0.392767698,-0.0440000929,0.676707387,0.264908642,-0.0590036958,0.67161113,0.349452823,-0.0741295442,0.66876024,0.40001595,-0.0774651617,0.669543624,0.43956691,-0.0792656019,0.712477982,0.269294024,-0.0555900633,0.700380266,0.364056766,-0.0724900141,0.691868961,0.347215474,-0.0689913481,0.693136215,0.315483749,-0.0644397214,0.740889132,0.273674369,-0.0501975939,0.725660264,0.35528776,-0.0609175004,0.716330171,0.336609602,-0.0481740013,0.717598736,0.311866611,-0.038628757,0.763329208,0.279643804,-0.0458744392,0.74619019,0.341659367,-0.0523279831,0.73765713,0.324863225,-0.0439040884,0.740605652,0.304027826,-0.0378779769
1790262172.6485484,2088,17.95,0,3,0,CENTER,settle,svm,1,1,1,gesture,DOWN,DOWN,rc lr=0 fb=0 ud=-30 yaw=0,50,0.9947213321257072,87.0,60.0,1,0.022315455095757386,0.008917026725263651,0.729005873,0.207648128,1.770468e-07,0.689758778,0.225949705,-0.0196896791,0.668359876,0.291990757,-0.0332167447,0.67683202,0.353729874,-0.0396970958,0.693912625,0.394980669,-0.0460182726,0.680243373,0.265353918,-0.0594644323,0.674582958,0.348383486,-0.0750116184,0.671688557,0.399535805,-0.0786891058,0.672939718,0.439455986,-0.0806649029,0.716391623,0.2701976,-0.0559502244,0.702930152,0.365589052,-0.0735788718,0.692695081,0.348932415,-0.0707013905,0.693224251,0.316385031,-0.066296123,0.74451834,0.274708867,-0.0503936708,0.727651,0.356627613,-0.0617868602,0.717230439,0.337920487,-0.0493231341,0.718284786,0.312555522,-0.0396615975,0.76621002,0.280805588,-0.0459182411,0.747476637,0.342657804,-0.0526480936,0.738427579,0.32574749,-0.0442163311,0.741450489,0.304529458,-0.038048923
1790262172.7586777,2091,26.93,0,3,0,CENTER,settle,svm,1,1,1,gesture,DOWN,DOWN,rc lr=0 fb=0 ud=-30 yaw=0,50,0.9947213321257072,87.0,60.0,1,0.02244380356633613,0.005751550664236492,0.729005873,0.207648128,1.770468e-07,0.689758778,0.225949705,-0.0196896791,0.668359876,0.291990757,-0.0332167447,0.67683202,0.353729874,-0.0396970958,0.693912625,0.394980669,-0.0460182726,0.680243373,0.265353918,-0.0594644323,0.674582958,0.348383486,-0.0750116184,0.671688557,0.399535805,-0.0786891058,0.672939718,0.439455986,-0.0806649029,0.716391623,0.2701976,-0.0559502244,0.702930152,0.365589052,-0.0735788718,0.692695081,0.348932415,-0.0707013905,0.693224251,0.316385031,-0.066296123,0.74451834,0.274708867,-0.0503936708,0.727651,0.356627613,-0.0617868602,0.717230439,0.337920487,-0.0493231341,0.718284786,0.312555522,-0.0396615975,0.76621002,0.280805588,-0.0459182411,0.747476637,0.342657804,-0.0526480936,0.738427579,0.32574749,-0.0442163311,0.741450489,0.304529458,-0.038048923
1790262172.807547,2092,4.99,0,3,0,CENTER,settle,svm,1,1,1,gesture,DOWN,DOWN,rc lr=0 fb=0 ud=-30 yaw=0,50,0.9952450166822228,87.0,60.0,1,0.022650530278989223,0.009210859114948181,0.734063566,0.207761362,1.62878109e-07,0.695361972,0.224793181,-0.0194486566,0.673234463,0.290696621,-0.0325857177,0.680578232,0.352644861,-0.0389560014,0.697302401,0.394305527,-0.0452398621,0.684321165,0.268662572,-0.0580418557,0.678257167,0.352615029,-0.0733245239,0.675904095,0.403502166,-0.0769155398,0.677159071,0.443515301,-0.0788617507,0.720406711,0.272916555,-0.0544841364,0.706290245,0.367304623,-0.0725419074,0.698239565,0.350157261,-0.0701178238,0.699558914,0.318001807,-0.0658039376,0.748786628,0.27747035,-0.0489303879,0.73282373,0.359594315,-0.0602813475,0.723941743,0.341571987,-0.0481765643,0.725054622,0.315877676,-0.0386400335,0.770949066,0.283751369,-0.0444950908,0.753406525,0.347860247,-0.0511642694,0.745382726,0.331762999,-0.0430641398,0.74825716,0.309512496,-0.036998868
1790262173.0168622,2097,21.29,0,3,0,CENTER,settle,svm,1,1,1,gesture,DOWN,DOWN,rc lr=0 fb=0 ud=-30 yaw=0,50,0.9952450166822228,87.0,60.0,1,0.022785332029524596,0.005951372832114963,0.734063566,0.207761362,1.62878109e-07,0.695361972,0.224793181,-0.0194486566,0.673234463,0.290696621,-0.0325857177,0.680578232,0.352644861,-0.0389560014,0.697302401,0.394305527,-0.0452398621,0.684321165,0.268662572,-0.0580418557,0.678257167,0.352615029,-0.0733245239,0.675904095,0.403502166,-0.0769155398,0.677159071,0.443515301,-0.0788617507,0.720406711,0.272916555,-0.0544841364,0.706290245,0.367304623,-0.0725419074,0.698239565,0.350157261,-0.0701178238,0.699558914,0.318001807,-0.0658039376,0.748786628,0.27747035,-0.0489303879,0.73282373,0.359594315,-0.0602813475,0.723941743,0.341571987,-0.0481765643,0.725054622,0.315877676,-0.0386400335,0.770949066,0.283751369,-0.0444950908,0.753406525,0.347860247,-0.0511642694,0.745382726,0.331762999,-0.0430641398,0.74825716,0.309512496,-0.036998868
1790262173.0462935,2098,16.46,0,3,0,CENTER,settle,svm,1,1,1,gesture,DOWN,DOWN,rc lr=0 fb=0 ud=-30 yaw=0,50,0.9955325653145459,87.0,60.0,1,0.02297397682645741,0.008279220890368087,0.737184405,0.208465964,1.64215422e-07,0.698376954,0.225920051,-0.0186956767,0.675820887,0.292800456,-0.031379912,0.682175159,0.355935186,-0.0374342576,0.699333012,0.397389352,-0.0433391891,0.687378407,0.268250585,-0.0565282181,0.681966543,0.354311079,-0.0707292706,0.679344296,0.405238271,-0.0733654425,0.680856228,0.445051134,-0.0747687742,0.723683119,0.273331076,-0.053293556,0.709758162,0.369165599,-0.0707847923,0.700588644,0.351567447,-0.0677808225,0.702111661,0.318589032,-0.063024357,0.752111018,0.278158695,-0.0480162613,0.735530078,0.360213399,-0.0589590482,0.726055741,0.341312706,-0.04644382,0.727577269,0.315953821,-0.0367693976,0.774417043,0.284998804,-0.0438236333,0.755676031,0.346150964,-0.0503894426,0.747518361,0.329032898,-0.0422503799,0.750685453,0.308047801,-0.0362862498
1790262173.1525598,2100,19.88,0,3,0,CENTER,settle,svm,1,1,1,gesture,DOWN,DOWN,rc lr=0 fb=0 ud=-30 yaw=0,50,0.9955325653145459,87.0,60.0,1,0.023096998756745535,0.005354838268420733,0.737184405,0.208465964,1.64215422e-07,0.698376954,0.225920051,-0.0186956767,0.675820887,0.292800456,-0.031379912,0.682175159,0.355935186,-0.0374342576,0.699333012,0.397389352,-0.0433391891,0.687378407,0.268250585,-0.0565282181,0.681966543,0.354311079,-0.0707292706,0.679344296,0.405238271,-0.0733654425,0.680856228,0.445051134,-0.0747687742,0.723683119,0.273331076,-0.053293556,0.709758162,0.369165599,-0.0707847923,0.700588644,0.351567447,-0.0677808225,0.702111661,0.318589032,-0.063024357,0.752111018,0.278158695,-0.0480162613,0.735530078,0.360213399,-0.0589590482,0.726055741,0.341312706,-0.04644382,0.727577269,0.315953821,-0.0367693976,0.774417043,0.284998804,-0.0438236333,0.755676031,0.346150964,-0.0503894426,0.747518361,0.329032898,-0.0422503799,0.750685453,0.308047801,-0.0362862498
1790262173.1814842,2101,17.95,0,3,0,CENTER,settle,svm,1,1,1,gesture,DOWN,DOWN,rc lr=0 fb=0 ud=-30 yaw=0,50,0.9949838389926896,87.0,60.0,1,0.023326419299980472,0.009932915771921855,0.73819083,0.208764642,1.66485336e-07,0.69889164,0.227104872,-0.0201866012,0.676090777,0.29472962,-0.0338336304,0.683995247,0.358044684,-0.0403282419,0.701057196,0.400499403,-0.0465817377,0.687526345,0.26718393,-0.0599854439,0.68242687,0.354496419,-0.0753312707,0.680119872,0.406980932,-0.078500241,0.682008505,0.448009014,-0.0802127719,0.724491179,0.27224195,-0.0562136434,0.711183369,0.369890541,-0.0746667236,0.70175463,0.351864547,-0.0716508925,0.703065991,0.318601727,-0.066930756,0.753129601,0.277638048,-0.0504348837,0.736745715,0.36217314,-0.0623864569,0.726460755,0.342085063,-0.04948451,0.727784395,0.316155016,-0.0393927544,0.775384367,0.285067379,-0.0457885638,0.756526947,0.348484933,-0.0530945323,0.747000992,0.330618918,-0.044753518,0.749876857,0.309122413,-0.0385886617
1790262173.2935932,2104,18.95,0,3,0,CENTER,settle,svm,1,1,1,gesture,DOWN,DOWN,rc lr=0 fb=0 ud=-30 yaw=0,50,0.9949838389926896,87.0,60.0,1,0.023476142084184026,0.006418592681461384,0.73819083,0.208764642,1.66485336e-07,0.69889164,0.227104872,-0.0201866012,0.676090777,0.29472962,-0.0338336304,0.683995247,0.358044684,-0.0403282419,0.701057196,0.400499403,-0.0465817377,0.687526345,0.26718393,-0.0599854439,0.68242687,0.354496419,-0.0753312707,0.680119872,0.406980932,-0.078500241,0.682008505,0.448009014,-0.0802127719,0.724491179,0.27224195,-0.0562136434,0.711183369,0.369890541,-0.0746667236,0.70175463,0.351864547,-0.0716508925,0.703065991,0.318601727,-0.066930756,0.753129601,0.277638048,-0.0504348837,0.736745715,0.36217314,-0.0623864569,0.726460755,0.342085063,-0.04948451,0.727784395,0.316155016,-0.0393927544,0.775384367,0.285067379,-0.0457885638,0.756526947,0.348484933,-0.0530945323,0.747000992,0.330618918,-0.044753518,0.749876857,0.309122413,-0.0385886617
1790262173.33947,2105,4.98,0,3,0,CENTER,settle,svm,1,1,1,gesture,DOWN,DOWN,rc lr=0 fb=0 ud=-30 yaw=0,50,0.9950650647935405,87.0,60.0,1,0.023512503448300137,0.0015488645445116687,0.740925908,0.206351101,1.54832591e-07,0.701449335,0.224877119,-0.0187951289,0.67932111,0.291793466,-0.0317478217,0.686402321,0.354616076,-0.0380431004,0.703433871,0.3961429,-0.0443325266,0.68995893,0.266493142,-0.0574148707,0.685005426,0.352068782,-0.0716904551,0.683019817,0.403198719,-0.0742916912,0.685182214,0.443221748,-0.0757348239,0.726786911,0.271245778,-0.0543031208,0.714262843,0.368366092,-0.0714870319,0.705151498,0.351032168,-0.0683796257,0.706551969,0.317938626,-0.0638067126,0.755962014,0.275792122,-0.0491370298,0.74019897,0.358992726,-0.0602635108,0.730532706,0.340095609,-0.0479604527,0.731904626,0.314136058,-0.0384985134,0.778867662,0.28230235,-0.044981081,0.76129812,0.34521693,-0.0519827083,0.753108561,0.327953666,-0.043995738,0.756382883,0.305954933,-0.0381475985
1790262173.4314928,2107,36.9,0,3,0,CENTER,settle,svm,1,1,1,gesture,DOWN,DOWN,rc lr=0 fb=0 ud=-30 yaw=0,50,0.9950650647935405,87.0,60.0,1,0.023536068631628382,0.0010022405049322093,0.740925908,0.206351101,1.54832591e-07,0.701449335,0.224877119,-0.0187951289,0.67932111,0.291793466,-0.0317478217,0.686402321,0.354616076,-0.0380431004,0.703433871,0.3961429,-0.0443325266,0.68995893,0.266493142,-0.0574148707,0.685005426,0.352068782,-0.0716904551,0.683019817,0.403198719,-0.0742916912,0.685182214,0.443221748,-0.0757348239,0.726786911,0.271245778,-0.0543031208,0.714262843,0.368366092,-0.0714870319,0.705151498,0.351032168,-0.0683796257,0.706551969,0.317938626,-0.0638067126,0.755962014,0.275792122,-0.0491370298,0.74019897,0.358992726,-0.0602635108,0.730532706,0.340095609,-0.0479604527,0.731904626,0.314136058,-0.0384985134,0.778867662,0.28230235,-0.044981081,0.76129812,0.34521693,-0.0519827083,0.753108561,0.327953666,-0.043995738,0.756382883,0.305954933,-0.0381475985
1790262173.4664001,2108,2.99,0,3,0,CENTER,settle,svm,1,1,1,gesture,DOWN,DOWN,rc lr=0 fb=0 ud=-30 yaw=0,50,0.9950056965791029,87.0,60.0,1,0.023579610018249042,0.0018499855393074506,0.74126935,0.207016781,1.750211e-07,0.701713681,0.225917101,-0.0198020916,0.679938078,0.292847663,-0.0335165337,0.688326955,0.354757905,-0.040211942,0.705940664,0.395409286,-0.0467000306,0.69045794,0.265279263,-0.0605899803,0.685690939,0.353237391,-0.0756970644,0.683954954,0.404984355,-0.0783536434,0.686472476,0.445657134,-0.0796426982,0.727066875,0.270755976,-0.056957826,0.714909732,0.368462503,-0.0748221427,0.705087066,0.351767153,-0.0714678839,0.705802321,0.319024563,-0.0666337088,0.756134152,0.276651502,-0.0512952879,0.74053663,0.360310137,-0.0624918714,0.729767978,0.34211114,-0.0500984527,0.730518579,0.316929996,-0.0404875018,0.779084861,0.284838438,-0.0467550643,0.760801852,0.348398298,-0.0532878004,0.750778556,0.332012266,-0.0452077314,0.753162563,0.31078437,-0.0393695496
1790262173.5732753,2110,39.41,0,3,0,CENTER,settle,svm,1,1,1,gesture,DOWN,DOWN,rc lr=0 fb=0 ud=-30 yaw=0,50,0.9950056965791029,87.0,60.0,1,0.023607899914301456,0.0011997609812256912,0.74126935,0.207016781,1.750211e-07,0.701713681,0.225917101,-0.0198020916,0.679938078,0.292847663,-0.0335165337,0.688326955,0.354757905,-0.040211942,0.705940664,0.395409286,-0.0467000306,0.69045794,0.265279263,-0.0605899803,0.685690939,0.353237391,-0.0756970644,0.683954954,0.404984355,-0.0783536434,0.686472476,0.445657134,-0.0796426982,0.727066875,0.270755976,-0.056957826,0.714909732,0.368462503,-0.0748221427,0.705087066,0.351767153,-0.0714678839,0.705802321,0.319024563,-0.0666337088,0.756134152,0.276651502,-0.0512952879,0.74053663,0.360310137,-0.0624918714,0.729767978,0.34211114,-0.0500984527,0.730518579,0.316929996,-0.0404875018,0.779084861,0.284838438,-0.0467550643,0.760801852,0.348398298,-0.0532878004,0.750778556,0.332012266,-0.0452077314,0.753162563,0.31078437,-0.0393695496
1790262173.5996387,2111,16.88,0,3,0,CENTER,settle,svm,1,1,1,gesture,DOWN,DOWN,rc lr=0 fb=0 ud=-30 yaw=0,50,0.9948890455880723,87.0,60.0,1,0.02363131881074132,0.0009919940581278514,0.740557969,0.206787646,1.58919775e-07,0.701525986,0.226127714,-0.018785689,0.679778636,0.29397729,-0.0319951363,0.688708186,0.356521964,-0.0384142585,0.706751227,0.397229761,-0.0448246971,0.689079285,0.266159147,-0.059026964,0.684999883,0.353128821,-0.0737713277,0.684002459,0.405689865,-0.0765242577,0.687217474,0.446817279,-0.078082256,0.725725114,0.271293432,-0.0559927933,0.714971364,0.368909389,-0.0735689551,0.706172764,0.351906806,-0.0703650862,0.707040966,0.319401175,-0.065857254,0.755004525,0.276867747,-0.0508751757,0.740350425,0.362295508,-0.0620743074,0.73023057,0.344004601,-0.0495707393,0.731122494,0.318528265,-0.0399635695,0.778408408,0.284685016,-0.0467580371,0.760828197,0.349986374,-0.0534656942,0.751108289,0.333691418,-0.0452447198,0.7535218,0.31210205,-0.0393153913
1790262173.6883714,2113,24.93,0,3,0,CENTER,settle,svm,1,1,1,gesture,DOWN,DOWN,rc lr=0 fb=0 ud=-30 yaw=0,50,0.9948890455880723,87.0,60.0,1,0.023646392572040043,0.0006378721991542535,0.740557969,0.206787646,1.58919775e-07,0.701525986,0.226127714,-0.018785689,0.679778636,0.29397729,-0.0319951363,0.688708186,0.356521964,-0.0384142585,0.706751227,0.397229761,-0.0448246971,0.689079285,0.266159147,-0.059026964,0.684999883,0.353128821,-0.0737713277,0.684002459,0.405689865,-0.0765242577,0.687217474,0.446817279,-0.078082256,0.725725114,0.271293432,-0.0559927933,0.714971364,0.368909389,-0.0735689551,0.706172764,0.351906806,-0.0703650862,0.707040966,0.319401175,-0.065857254,0.755004525,0.276867747,-0.0508751757,0.740350425,0.362295508,-0.0620743074,0.73023057,0.344004601,-0.0495707393,0.731122494,0.318528265,-0.0399635695,0.778408408,0.284685016,-0.0467580371,0.760828197,0.349986374,-0.0534656942,0.751108289,0.333691418,-0.0452447198,0.7535218,0.31210205,-0.0393153913
1790262173.718591,2114,9.09,0,3,0,CENTER,settle,svm,1,1,1,gesture,DOWN,DOWN,rc lr=0 fb=0 ud=-30 yaw=0,50,0.9943601333564206,87.0,60.0,1,0.023665637671523854,0.0008138704212568528,0.741177499,0.207536608,1.56639445e-07,0.702008009,0.226669192,-0.0193168987,0.679892242,0.294564813,-0.0329794288,0.688228488,0.357378274,-0.0396753959,0.706355214,0.398361206,-0.0463449396,0.68828243,0.265813321,-0.0605339073,0.684099317,0.352860063,-0.075983271,0.683401465,0.405678689,-0.079117626,0.686931551,0.44722119,-0.0808663145,0.725337565,0.270738006,-0.0574451387,0.714295387,0.368937701,-0.0756889731,0.706021309,0.351416707,-0.0725172088,0.707011223,0.318704575,-0.0679482222,0.755025268,0.276428223,-0.0522898398,0.740235507,0.362097353,-0.0641780421,0.730644763,0.343159556,-0.0515340492,0.731558204,0.317491174,-0.0417022929,0.778777957,0.284308314,-0.0481481887,0.761103034,0.349588245,-0.0551819243,0.751850784,0.332609624,-0.0467767902,0.754359126,0.310854554,-0.0406871028
1790262173.8160582,2116,13.88,0,3,0,CENTER,settle,svm,1,1,1,gesture,DOWN,DOWN,rc lr=0 fb=0 ud=-30 yaw=0,50,0.9943601333564206,87.0,60.0,1,0.02367814530617096,0.0005285145839174931,0.741177499,0.207536608,1.56639445e-07,0.702008009,0.226669192,-0.0193168987,0.679892242,0.294564813,-0.0329794288,0.688228488,0.357378274,-0.0396753959,0.706355214,0.398361206,-0.0463449396,0.68828243,0.265813321,-0.0605339073,0.684099317,0.352860063,-0.075983271,0.683401465,0.405678689,-0.079117626,0.686931551,0.44722119,-0.0808663145,0.725337565,0.270738006,-0.0574451387,0.714295387,0.368937701,-0.0756889731,0.706021309,0.351416707,-0.0725172088,0.707011223,0.318704575,-0.0679482222,0.755025268,0.276428223,-0.0522898398,0.740235507,0.362097353,-0.0641780421,0.730644763,0.343159556,-0.0515340492,0.731558204,0.317491174,-0.0417022929,0.778777957,0.284308314,-0.0481481887,0.761103034,0.349588245,-0.0551819243,0.751850784,0.332609624,-0.0467767902,0.754359126,0.310854554,-0.0406871028
1790262173.8458495,2117,13.57,0,3,0,CENTER,settle,svm,1,1,1,gesture,DOWN,DOWN,rc lr=0 fb=0 ud=-30 yaw=0,50,0.9943881105041367,87.0,60.0,1,0.023726467074254742,0.002040775046311906,0.739623368,0.206294298,1.54572277e-07,0.701144218,0.226884127,-0.0187244862,0.679789364,0.29396981,-0.032108739,0.688115001,0.356150061,-0.0388414636,0.704099059,0.398300499,-0.0455821157,0.687477469,0.268890023,-0.0588305183,0.683868706,0.355985641,-0.074003391,0.683196723,0.408074498,-0.0773470923,0.68605572,0.448899031,-0.079196915,0.724458098,0.272864103,-0.056186419,0.713710904,0.369379103,-0.0739416555,0.705852389,0.352485269,-0.0710105374,0.706834853,0.320227861,-0.0667008162,0.754200697,0.277209938,-0.0515508726,0.740159512,0.361436874,-0.0631078705,0.730804026,0.342272967,-0.0506742746,0.731449306,0.316532373,-0.0410839021,0.777952254,0.283517331,-0.0479354188,0.760618985,0.347295642,-0.0550410785,0.751618207,0.330001682,-0.0466771536,0.753970802,0.308232725,-0.040514823
1790262173.9366546,2119,35.42,0,3,0,CENTER,settle,svm,1,1,1,gesture,DOWN,DOWN,rc lr=0 fb=0 ud=-30 yaw=0,50,0.9943881105041367,87.0,60.0,1,0.023757578041880834,0.0013112347290781146,0.739623368,0.206294298,1.54572277e-07,0.701144218,0.226884127,-0.0187244862,0.679789364,0.29396981,-0.032108739,0.688115001,0.356150061,-0.0388414636,0.704099059,0.398300499,-0.0455821157,0.687477469,0.268890023,-0.0588305183,0.683868706,0.355985641,-0.074003391,0.683196723,0.408074498,-0.0773470923,0.68605572,0.448899031,-0.079196915,0.724458098,0.272864103,-0.056186419,0.713710904,0.369379103,-0.0739416555,0.705852389,0.352485269,-0.0710105374,0.706834853,0.320227861,-0.0667008162,0.754200697,0.277209938,-0.0515508726,0.740159512,0.361436874,-0.0631078705,0.730804026,0.342272967,-0.0506742746,0.731449306,0.316532373,-0.0410839021,0.777952254,0.283517331,-0.0479354188,0.760618985,0.347295642,-0.0550410785,0.751618207,0.330001682,-0.0466771536,0.753970802,0.308232725,-0.040514823
1790262173.968408,2120,1.99,0,3,0,CENTER,settle,svm,1,1,1,gesture,DOWN,DOWN,rc lr=0 fb=0 ud=-30 yaw=0,50,0.9949134014043789,87.0,60.0,1,0.023889928595664855,0.005570877365980192,0.742768764,0.209326997,1.71590315e-07,0.703528464,0.22733891,-0.0200952385,0.680317461,0.293415248,-0.0338838175,0.688095272,0.356589466,-0.0405436903,0.704563618,0.398998678,-0.047082372,0.689282119,0.269988894,-0.0605371669,0.685258687,0.357806802,-0.0757278651,0.683869362,0.410171777,-0.0788429603,0.685954094,0.451414019,-0.0805331171,0.726685047,0.275070816,-0.0570793375,0.714909673,0.372546762,-0.0750004202,0.705990076,0.355189621,-0.0719073862,0.706472933,0.322079748,-0.0672537759,0.756417394,0.280050457,-0.0516091324,0.741092861,0.363603294,-0.0631145611,0.731600165,0.344240874,-0.050568115,0.732370257,0.318614542,-0.0408435501,0.780018568,0.286693543,-0.04726943,0.761776984,0.349360377,-0.0542665981,0.752943277,0.33195731,-0.0459709913,0.755438149,0.310548127,-0.0398328826
1790262174.069556,2123,2.99,0,3,0,CENTER,settle,svm,1,1,1,gesture,DOWN,DOWN,rc lr=0 fb=0 ud=-30 yaw=0,50,0.9949134014043789,87.0,60.0,1,0.023976080548154144,0.0036062038504762143,0.742768764,0.209326997,1.71590315e-07,0.703528464,0.22733891,-0.0200952385,0.680317461,0.293415248,-0.0338838175,0.688095272,0.356589466,-0.0405436903,0.704563618,0.398998678,-0.047082372,0.689282119,0.269988894,-0.0605371669,0.685258687,0.357806802,-0.0757278651,0.683869362,0.410171777,-0.0788429603,0.685954094,0.451414019,-0.0805331171,0.726685047,0.275070816,-0.0570793375,0.714909673,0.372546762,-0.0750004202,0.705990076,0.355189621,-0.0719073862,0.706472933,0.322079748,-0.0672537759,0.756417394,0.280050457,-0.0516091324,0.741092861,0.363603294,-0.0631145611,0.731600165,0.344240874,-0.050568115,0.732370257,0.318614542,-0.0408435501,0.780018568,0.286693543,-0.04726943,0.761776984,0.349360377,-0.0542665981,0.752943277,0.33195731,-0.0459709913,0.755438149,0.310548127,-0.0398328826
1790262174.1377952,2124,3.99,0,3,0,CENTER,settle,svm,1,1,1,gesture,DOWN,DOWN,rc lr=0 fb=0 ud=-30 yaw=0,50,0.994455365749823,87.0,60.0,1,0.024158118304508314,0.007592473506608416,0.743651688,0.211109608,1.65741739e-07,0.703621686,0.231778547,-0.0199734606,0.682287335,0.30112642,-0.0339797437,0.692744672,0.365021527,-0.0408515297,0.710637391,0.407690853,-0.0476030074,0.692975163,0.271975249,-0.0602880307,0.688618898,0.357796907,-0.075774394,0.686717033,0.410548896,-0.0794519708,0.689305723,0.453072727,-0.0817656443,0.730454326,0.276428699,-0.0571525879,0.717771173,0.374895573,-0.0754934549,0.708172202,0.355896741,-0.0729696974,0.70986861,0.322111368,-0.0688616857,0.760104358,0.28122139,-0.0519254915,0.743735135,0.366558731,-0.0638658553,0.733194292,0.345850319,-0.0511653684,0.734884083,0.319319308,-0.0413374193,0.78352809,0.288104266,-0.0477825478,0.764706373,0.352701247,-0.0548470952,0.755693257,0.334458858,-0.0462283865,0.759435833,0.312414736,-0.0400387496
1790262174.229157,2126,30.94,0,3,0,CENTER,settle,svm,1,1,1,gesture,DOWN,DOWN,rc lr=0 fb=0 ud=-30 yaw=0,50,0.994455365749823,87.0,60.0,1,0.02427651887275939,0.0049010674903839785,0.743651688,0.211109608,1.65741739e-07,0.703621686,0.231778547,-0.0199734606,0.682287335,0.30112642,-0.0339797437,0.692744672,0.365021527,-0.0408515297,0.710637391,0.407690853,-0.0476030074,0.692975163,0.271975249,-0.0602880307,0.688618898,0.357796907,-0.075774394,0.686717033,0.410548896,-0.0794519708,0.689305723,0.453072727,-0.0817656443,0.730454326,0.276428699,-0.0571525879,0.717771173,0.374895573,-0.0754934549,0.708172202,0.355896741,-0.0729696974,0.70986861,0.322111368,-0.0688616857,0.760104358,0.28122139,-0.0519254915,0.743735135,0.366558731,-0.0638658553,0.733194292,0.345850319,-0.0511653684,0.734884083,0.319319308,-0.0413374193,0.78352809,0.288104266,-0.0477825478,0.764706373,0.352701247,-0.0548470952,0.755693257,0.334458858,-0.0462283865,0.759435833,0.312414736,-0.0400387496
1790262174.2550783,2127,13.95,0,3,0,CENTER,settle,svm,1,1,1,gesture,DOWN,DOWN,rc lr=0 fb=0 ud=-30 yaw=0,50,0.9948370011833237,87.0,60.0,1,0.02449822805222368,0.009132659448676982,0.746868968,0.212513,1.6268045e-07,0.706369162,0.230621248,-0.020122502,0.682536304,0.299166262,-0.0340980515,0.690420926,0.36354816,-0.0407607071,0.709728599,0.404384792,-0.0472854152,0.694605947,0.271614283,-0.0617328845,0.690253556,0.360455185,-0.0772017017,0.68844372,0.413198978,-0.0802322775,0.690968156,0.454743445,-0.0819665268,0.732441485,0.276831895,-0.05812243,0.719780564,0.375732064,-0.0768514797,0.710380733,0.356617093,-0.0735035017,0.71164453,0.322636873,-0.0686289445,0.762100041,0.282546401,-0.0523640029,0.746324778,0.367805928,-0.0643682629,0.73637718,0.34713608,-0.0511170141,0.73768872,0.320455581,-0.0409172289,0.785374522,0.290172517,-0.0477206931,0.767105043,0.353699446,-0.0550058037,0.758269191,0.335099012,-0.0465856418,0.76148665,0.31304419,-0.0404861085
1790262174.3569002,2129,21.94,0,3,0,CENTER,settle,svm,1,1,1,gesture,DOWN,DOWN,rc lr=0 fb=0 ud=-30 yaw=0,50,0.9948370011833237,87.0,60.0,1,0.02464245329047632,0.005887170204522056,0.746868968,0.212513,1.6268045e-07,0.706369162,0.230621248,-0.020122502,0.682536304,0.299166262,-0.0340980515,0.690420926,0.36354816,-0.0407607071,0.709728599,0.404384792,-0.0472854152,0.694605947,0.271614283,-0.0617328845,0.690253556,0.360455185,-0.0772017017,0.68844372,0.413198978,-0.0802322775,0.690968156,0.454743445,-0.0819665268,0.732441485,0.276831895,-0.05812243,0.719780564,0.375732064,-0.0768514797,0.710380733,0.356617093,-0.0735035017,0.71164453,0.322636873,-0.0686289445,0.762100041,0.282546401,-0.0523640029,0.746324778,0.367805928,-0.0643682629,0.73637718,0.34713608,-0.0511170141,0.73768872,0.320455581,-0.0409172289,0.785374522,0.290172517,-0.0477206931,0.767105043,0.353699446,-0.0550058037,0.758269191,0.335099012,-0.0465856418,0.76148665,0.31304419,-0.0404861085
1790262174.3858013,2130,20.92,0,3,0,CENTER,settle,svm,1,1,1,gesture,DOWN,DOWN,rc lr=0 fb=0 ud=-30 yaw=0,50,0.995079918431234,87.0,60.0,1,0.02470579097883885,0.002570267157085723,0.74666822,0.215944692,1.72236611e-07,0.706812561,0.236568242,-0.0190664083,0.686204672,0.30587402,-0.0331147052,0.696223438,0.369504541,-0.0400583073,0.714774191,0.410592645,-0.0470184274,0.695596874,0.277570665,-0.0619247332,0.691382945,0.366782755,-0.077116102,0.690080404,0.418171823,-0.0799435303,0.692834795,0.459023774,-0.0814844593,0.733638167,0.282074571,-0.0588676818,0.721743166,0.380557328,-0.0763463452,0.713228881,0.362495065,-0.0724706799,0.714845121,0.329891592,-0.0677559972,0.764147878,0.287096918,-0.0535828471,0.748767495,0.372700036,-0.0641433001,0.739268541,0.35283637,-0.0506330021,0.740852058,0.327079803,-0.0408072174,0.788326204,0.293680519,-0.0493297912,0.770441771,0.357874483,-0.0553931184,0.762099206,0.340016216,-0.0464260802,0.765752852,0.318665802,-0.040248502
1790262174.4865577,2132,17.95,0,3,0,CENTER,settle,svm,1,1,1,gesture,DOWN,DOWN,rc lr=0 fb=0 ud=-30 yaw=0,50,0.995079918431234,87.0,60.0,1,0.024746983480562257,0.0016673217124960993,0.74666822,0.215944692,1.72236611e-07,0.706812561,0.236568242,-0.0190664083,0.686204672,0.30587402,-0.0331147052,0.696223438,0.369504541,-0.0400583073,0.714774191,0.410592645,-0.0470184274,0.695596874,0.277570665,-0.0619247332,0.691382945,0.366782755,-0.077116102,0.690080404,0.418171823,-0.0799435303,0.692834795,0.459023774,-0.0814844593,0.733638167,0.282074571,-0.0588676818,0.721743166,0.380557328,-0.0763463452,0.713228881,0.362495065,-0.0724706799,0.714845121,0.329891592,-0.0677559972,0.764147878,0.287096918,-0.0535828471,0.748767495,0.372700036,-0.0641433001,0.739268541,0.35283637,-0.0506330021,0.740852058,0.327079803,-0.0408072174,0.788326204,0.293680519,-0.0493297912,0.770441771,0.357874483,-0.0553931184,0.762099206,0.340016216,-0.0464260802,0.765752852,0.318665802,-0.040248502
1790262174.5180602,2133,18.95,0,3,0,CENTER,settle,svm,1,1,1,gesture,DOWN,DOWN,rc lr=0 fb=0 ud=-30 yaw=0,50,0.9918019764101492,87.0,60.0,1,0.024028982632623652,-0.02901367144414045,0.746176898,0.225622565,1.80859772e-07,0.708925903,0.242562801,-0.0148163661,0.681909919,0.298127651,-0.0302870292,0.684036672,0.353783101,-0.0399537757,0.70081532,0.386184037,-0.050189022,0.684235573,0.274812609,-0.0637223944,0.677149117,0.36415258,-0.0804122612,0.675396562,0.415227473,-0.0849684104,0.677026331,0.456249952,-0.0877918527,0.721996784,0.277497262,-0.0636424795,0.711869538,0.378103733,-0.0827591345,0.707278788,0.36350891,-0.0794416443,0.708717525,0.332131773,-0.0753228888,0.753962696,0.283501714,-0.0607484691,0.74066782,0.375647217,-0.0715986043,0.734015465,0.359990239,-0.0566416644,0.734724939,0.332493633,-0.0460029282,0.780435264,0.292428792,-0.0586049333,0.764036775,0.361596167,-0.0643278435,0.757065535,0.346818358,-0.053736385,0.759634137,0.323665529,-0.0463681147
1790262174.627553,2135,43.97,0,3,0,CENTER,settle,svm,1,1,1,gesture,DOWN,DOWN,rc lr=0 fb=0 ud=-30 yaw=0,50,0.9918019764101492,87.0,60.0,1,0.024015785553568314,-0.0005492150565467877,0.746176898,0.225622565,1.80859772e-07,0.708925903,0.242562801,-0.0148163661,0.681909919,0.298127651,-0.0302870292,0.684036672,0.353783101,-0.0399537757,0.70081532,0.386184037,-0.050189022,0.684235573,0.274812609,-0.0637223944,0.677149117,0.36415258,-0.0804122612,0.675396562,0.415227473,-0.0849684104,0.677026331,0.456249952,-0.0877918527,0.721996784,0.277497262,-0.0636424795,0.711869538,0.378103733,-0.0827591345,0.707278788,0.36350891,-0.0794416443,0.708717525,0.332131773,-0.0753228888,0.753962696,0.283501714,-0.0607484691,0.74066782,0.375647217,-0.0715986043,0.734015465,0.359990239,-0.0566416644,0.734724939,0.332493633,-0.0460029282,0.780435264,0.292428792,-0.0586049333,0.764036775,0.361596167,-0.0643278435,0.757065535,0.346818358,-0.053736385,0.759634137,0.323665529,-0.0463681147
1790262174.6590207,2136,27.44,0,3,0,CENTER,settle,svm,1,1,1,gesture,DOWN,DOWN,rc lr=0 fb=0 ud=-30 yaw=0,50,0.9145551883313268,87.0,60.0,1,0.02104441808266877,-0.12372559974237662,0.707899392,0.287840873,1.69284377e-07,0.671254933,0.315357924,-0.00721952459,0.65397203,0.353557616,-0.0193433911,0.651518703,0.3971062,-0.0298221707,0.653158903,0.433837771,-0.0428429283,0.656854212,0.295384526,-0.0467837825,0.660259545,0.362536311,-0.0658165142,0.661875784,0.413272142,-0.0764080808,0.665998399,0.450425565,-0.0823794156,0.693363369,0.2887007,-0.0522002764,0.699759603,0.378331989,-0.0691071823,0.691171348,0.399739832,-0.0699126571,0.684102118,0.39631471,-0.0707703829,0.726171196,0.290721953,-0.0559840351,0.724658787,0.377017021,-0.0695095882,0.712392926,0.394104302,-0.0601974577,0.703794122,0.384815574,-0.0525936782,0.754443526,0.299616098,-0.0600233302,0.749633729,0.369124889,-0.0706060827,0.735595167,0.385467798,-0.0637236685,0.725595534,0.379035681,-0.0576150417
1790262174.7509968,2139,17.95,0,3,0,CENTER,settle,svm,1,1,1,gesture,DOWN,DOWN,rc lr=0 fb=0 ud=-30 yaw=0,50,0.9145551883313268,87.0,60.0,1,0.019399575584227335,-0.07816051230212216,0.707899392,0.287840873,1.69284377e-07,0.671254933,0.315357924,-0.00721952459,0.65397203,0.353557616,-0.0193433911,0.651518703,0.3971062,-0.0298221707,0.653158903,0.433837771,-0.0428429283,0.656854212,0.295384526,-0.0467837825,0.660259545,0.362536311,-0.0658165142,0.661875784,0.413272142,-0.0764080808,0.665998399,0.450425565,-0.0823794156,0.693363369,0.2887007,-0.0522002764,0.699759603,0.378331989,-0.0691071823,0.691171348,0.399739832,-0.0699126571,0.684102118,0.39631471,-0.0707703829,0.726171196,0.290721953,-0.0559840351,0.724658787,0.377017021,-0.0695095882,0.712392926,0.394104302,-0.0601974577,0.703794122,0.384815574,-0.0525936782,0.754443526,0.299616098,-0.0600233302,0.749633729,0.369124889,-0.0706060827,0.735595167,0.385467798,-0.0637236685,0.725595534,0.379035681,-0.0576150417
1790262174.8048227,2140,2.61,0,3,0,CENTER,settle,svm,1,1,1,gesture,CENTER,CENTER,rc lr=0 fb=0 ud=0 yaw=0,1,0.7750754230385487,87.0,60.0,1,0.008370968932794653,-0.5684973160134184,0.736789525,0.380578339,3.07675464e-07,0.694358408,0.370874375,0.00368217775,0.662435114,0.358186245,0.00528398482,0.638978958,0.352967054,0.00421705004,0.622281134,0.349608809,0.00106670766,0.656747282,0.343904018,0.0043612197,0.631910026,0.314895391,-0.00459990697,0.62193644,0.290740818,-0.0126831485,0.614986122,0.265486032,-0.0176179968,0.668241322,0.346616894,-0.00300403778,0.643423975,0.322909951,-0.00989153702,0.632739782,0.303467542,-0.0194655992,0.625741959,0.278871953,-0.0263459776,0.683785856,0.354196131,-0.0106504951,0.67219305,0.320778131,-0.0224907883,0.664621532,0.297597885,-0.0337907672,0.657697976,0.269042552,-0.0402370766,0.701996505,0.367344052,-0.0173616689,0.704421222,0.345341325,-0.0306208134,0.708586037,0.329054505,-0.0374331512,0.710425317,0.309080184,-0.0404504985
1790262174.8971124,2142,27.44,0,3,0,CENTER,settle,svm,1,1,1,gesture,CENTER,CENTER,rc lr=0 fb=0 ud=0 yaw=0,2,0.7750754230385487,87.0,60.0,1,0.006458585772042724,-0.2284542179173372,0.736789525,0.380578339,3.07675464e-07,0.694358408,0.370874375,0.00368217775,0.662435114,0.358186245,0.00528398482,0.638978958,0.352967054,0.00421705004,0.622281134,0.349608809,0.00106670766,0.656747282,0.343904018,0.0043612197,0.631910026,0.314895391,-0.00459990697,0.62193644,0.290740818,-0.0126831485,0.614986122,0.265486032,-0.0176179968,0.668241322,0.346616894,-0.00300403778,0.643423975,0.322909951,-0.00989153702,0.632739782,0.303467542,-0.0194655992,0.625741959,0.278871953,-0.0263459776,0.683785856,0.354196131,-0.0106504951,0.67219305,0.320778131,-0.0224907883,0.664621532,0.297597885,-0.0337907672,0.657697976,0.269042552,-0.0402370766,0.701996505,0.367344052,-0.0173616689,0.704421222,0.345341325,-0.0306208134,0.708586037,0.329054505,-0.0374331512,0.710425317,0.309080184,-0.0404504985
1790262174.9239888,2143,23.88,0,3,0,CENTER,settle,svm,1,1,1,gesture,FORWARD,CENTER,rc lr=0 fb=0 ud=0 yaw=0,1,0.6216620851339412,87.0,60.0,1,0.00859063930789361,0.33011151529176946,0.703650951,0.438322604,5.69288204e-07,0.674319804,0.408890814,0.000932345691,0.654924333,0.381944358,-0.00704150042,0.639651954,0.358163506,-0.0157913901,0.628694832,0.337272555,-0.0268075466,0.630320847,0.387936175,-0.0243210699,0.601555645,0.355929106,-0.0441857688,0.58438158,0.324662,-0.0589904673,0.572122633,0.292850733,-0.0687853396,0.640153468,0.381448656,-0.0346609019,0.611828685,0.326965302,-0.0521208197,0.597293377,0.284368217,-0.065469794,0.587323129,0.247419879,-0.0752697438,0.658002019,0.382327199,-0.0438600853,0.643761694,0.32616967,-0.0635440499,0.63560915,0.282965392,-0.0769829825,0.631009221,0.24595058,-0.0858738422,0.680300117,0.390046775,-0.051503703,0.683135331,0.353444934,-0.0706420615,0.685515642,0.326493502,-0.078615129,0.687452018,0.303335458,-0.0834279731
1790262175.012682,2145,12.97,0,3,0,CENTER,settle,svm,1,0,0,gesture,FORWARD,NOHAND,rc lr=0 fb=0 ud=0 yaw=0,0,,87.0,60.0,1,0.00859063930789361,0.33011151529176946,0.703650951,0.438322604,5.69288204e-07,0.674319804,0.408890814,0.000932345691,0.654924333,0.381944358,-0.00704150042,0.639651954,0.358163506,-0.0157913901,0.628694832,0.337272555,-0.0268075466,0.630320847,0.387936175,-0.0243210699,0.601555645,0.355929106,-0.0441857688,0.58438158,0.324662,-0.0589904673,0.572122633,0.292850733,-0.0687853396,0.640153468,0.381448656,-0.0346609019,0.611828685,0.326965302,-0.0521208197,0.597293377,0.284368217,-0.065469794,0.587323129,0.247419879,-0.0752697438,0.658002019,0.382327199,-0.0438600853,0.643761694,0.32616967,-0.0635440499,0.63560915,0.282965392,-0.0769829825,0.631009221,0.24595058,-0.0858738422,0.680300117,0.390046775,-0.051503703,0.683135331,0.353444934,-0.0706420615,0.685515642,0.326493502,-0.078615129,0.687452018,0.303335458,-0.0834279731
1790262175.0395827,2146,6.96,0,3,0,CENTER,settle,svm,1,1,1,gesture,UP,UP,rc lr=0 fb=0 ud=30 yaw=0,1,0.4826260548438348,87.0,60.0,1,0.008968990934196341,0.04404231312040747,0.614871144,0.720016539,1.928138e-07,0.592074394,0.729340732,-0.0199083798,0.566963732,0.726018429,-0.0363761894,0.546693146,0.725757957,-0.051222872,0.529971123,0.730981648,-0.0673272163,0.564612925,0.663391292,-0.0359610096,0.551097512,0.633710146,-0.0555571392,0.540215194,0.616126776,-0.0702098534,0.529600859,0.603421688,-0.0805245414,0.588541389,0.652834177,-0.0394410864,0.581470191,0.618591487,-0.0609617792,0.576331317,0.611078739,-0.0736285225,0.571607709,0.610608995,-0.0809677318,0.613576889,0.656880677,-0.0440867655,0.612904787,0.623570263,-0.0665910095,0.61026597,0.63303411,-0.0733499527,0.605795383,0.644904256,-0.0753722638,0.638551831,0.669470906,-0.0497822724,0.641731381,0.648631454,-0.0696772859,0.639794409,0.656643331,-0.0734869093,0.635796666,0.666982889,-0.0738335997
1790262175.2475529,2151,17.95,0,3,0,CENTER,settle,svm,1,1,1,gesture,UP,UP,rc lr=0 fb=0 ud=30 yaw=0,2,0.4826260548438348,87.0,60.0,1,0.010474923481680776,0.16790434492945244,0.614871144,0.720016539,1.928138e-07,0.592074394,0.729340732,-0.0199083798,0.566963732,0.726018429,-0.0363761894,0.546693146,0.725757957,-0.051222872,0.529971123,0.730981648,-0.0673272163,0.564612925,0.663391292,-0.0359610096,0.551097512,0.633710146,-0.0555571392,0.540215194,0.616126776,-0.0702098534,0.529600859,0.603421688,-0.0805245414,0.588541389,0.652834177,-0.0394410864,0.581470191,0.618591487,-0.0609617792,0.576331317,0.611078739,-0.0736285225,0.571607709,0.610608995,-0.0809677318,0.613576889,0.656880677,-0.0440867655,0.612904787,0.623570263,-0.0665910095,0.61026597,0.63303411,-0.0733499527,0.605795383,0.644904256,-0.0753722638,0.638551831,0.669470906,-0.0497822724,0.641731381,0.648631454,-0.0696772859,0.639794409,0.656643331,-0.0734869093,0.635796666,0.666982889,-0.0738335997
1790262175.2773201,2152,3.99,0,3,0,CENTER,settle,svm,0,0,1,gesture,UP,NOHAND,rc lr=0 fb=0 ud=0 yaw=0,0,,87.0,60.0,1,0.010474923481680776,0.16790434492945244,,,,,,,,,,,,,,,,,,,,,,,,,,,,,,,,,,,,,,,,,,,,,,,,,,,,,,,,,,,,,,,
1790262175.36215,2153,32.91,0,3,0,CENTER,settle,svm,0,0,0,gesture,UP,NOHAND,rc lr=0 fb=0 ud=0 yaw=0,0,,87.0,60.0,1,0.010474923481680776,0.16790434492945244,,,,,,,,,,,,,,,,,,,,,,,,,,,,,,,,,,,,,,,,,,,,,,,,,,,,,,,,,,,,,,,
1790262175.3891978,2154,25.05,0,3,0,CENTER,settle,svm,0,0,0,gesture,UP,NOHAND,rc lr=0 fb=0 ud=0 yaw=0,0,,87.0,60.0,1,0.010474923481680776,0.16790434492945244,,,,,,,,,,,,,,,,,,,,,,,,,,,,,,,,,,,,,,,,,,,,,,,,,,,,,,,,,,,,,,,
1790262175.4613895,2155,67.2,0,3,0,CENTER,settle,svm,0,0,0,gesture,UP,NOHAND,rc lr=0 fb=0 ud=0 yaw=0,0,,87.0,60.0,1,0.010474923481680776,0.16790434492945244,,,,,,,,,,,,,,,,,,,,,,,,,,,,,,,,,,,,,,,,,,,,,,,,,,,,,,,,,,,,,,,
1790262175.4883149,2156,25.93,0,3,0,CENTER,settle,svm,0,0,0,gesture,UP,NOHAND,rc lr=0 fb=0 ud=0 yaw=0,0,,87.0,60.0,1,0.010474923481680776,0.16790434492945244,,,,,,,,,,,,,,,,,,,,,,,,,,,,,,,,,,,,,,,,,,,,,,,,,,,,,,,,,,,,,,,
1790262175.544576,2158,15.73,0,3,0,CENTER,settle,svm,0,0,0,gesture,UP,NOHAND,rc lr=0 fb=0 ud=0 yaw=0,0,,87.0,60.0,1,0.010474923481680776,0.16790434492945244,,,,,,,,,,,,,,,,,,,,,,,,,,,,,,,,,,,,,,,,,,,,,,,,,,,,,,,,,,,,,,,
1790262175.5690272,2159,4.5,0,3,0,CENTER,settle,svm,0,0,0,gesture,UP,NOHAND,rc lr=0 fb=0 ud=0 yaw=0,0,,87.0,60.0,1,0.010474923481680776,0.16790434492945244,,,,,,,,,,,,,,,,,,,,,,,,,,,,,,,,,,,,,,,,,,,,,,,,,,,,,,,,,,,,,,,
1790262175.6644478,2161,1.0,0,3,0,CENTER,settle,svm,0,0,0,gesture,UP,NOHAND,rc lr=0 fb=0 ud=0 yaw=0,0,,87.0,60.0,1,0.010474923481680776,0.16790434492945244,,,,,,,,,,,,,,,,,,,,,,,,,,,,,,,,,,,,,,,,,,,,,,,,,,,,,,,,,,,,,,,
1790262175.6993542,2162,1.99,0,3,0,CENTER,settle,svm,0,0,0,gesture,UP,NOHAND,rc lr=0 fb=0 ud=0 yaw=0,0,,87.0,60.0,1,0.010474923481680776,0.16790434492945244,,,,,,,,,,,,,,,,,,,,,,,,,,,,,,,,,,,,,,,,,,,,,,,,,,,,,,,,,,,,,,,
1790262175.7589493,2163,30.92,0,3,0,CENTER,settle,svm,0,0,0,gesture,UP,NOHAND,rc lr=0 fb=0 ud=0 yaw=0,0,,87.0,60.0,1,0.010474923481680776,0.16790434492945244,,,,,,,,,,,,,,,,,,,,,,,,,,,,,,,,,,,,,,,,,,,,,,,,,,,,,,,,,,,,,,,
1790262175.8004124,2164,3.99,0,3,0,CENTER,settle,svm,0,0,0,gesture,UP,NOHAND,rc lr=0 fb=0 ud=0 yaw=0,0,,87.0,60.0,1,0.010474923481680776,0.16790434492945244,,,,,,,,,,,,,,,,,,,,,,,,,,,,,,,,,,,,,,,,,,,,,,,,,,,,,,,,,,,,,,,
1790262175.8530257,2165,24.69,0,3,0,CENTER,settle,svm,0,0,0,gesture,UP,NOHAND,rc lr=0 fb=0 ud=0 yaw=0,0,,87.0,60.0,1,0.010474923481680776,0.16790434492945244,,,,,,,,,,,,,,,,,,,,,,,,,,,,,,,,,,,,,,,,,,,,,,,,,,,,,,,,,,,,,,,
1790262175.8649948,2166,2.99,0,3,0,CENTER,settle,svm,0,0,0,gesture,UP,NOHAND,rc lr=0 fb=0 ud=0 yaw=0,0,,87.0,60.0,1,0.010474923481680776,0.16790434492945244,,,,,,,,,,,,,,,,,,,,,,,,,,,,,,,,,,,,,,,,,,,,,,,,,,,,,,,,,,,,,,,
1790262175.900365,2167,4.99,0,3,0,CENTER,settle,svm,0,0,0,gesture,UP,NOHAND,rc lr=0 fb=0 ud=0 yaw=0,0,,87.0,60.0,1,0.010474923481680776,0.16790434492945244,,,,,,,,,,,,,,,,,,,,,,,,,,,,,,,,,,,,,,,,,,,,,,,,,,,,,,,,,,,,,,,
1790262175.9655657,2168,2.99,0,3,0,CENTER,settle,svm,0,0,0,gesture,UP,NOHAND,rc lr=0 fb=0 ud=0 yaw=0,0,,87.0,60.0,1,0.010474923481680776,0.16790434492945244,,,,,,,,,,,,,,,,,,,,,,,,,,,,,,,,,,,,,,,,,,,,,,,,,,,,,,,,,,,,,,,
1790262176.005245,2169,9.98,0,3,0,CENTER,settle,svm,0,0,0,gesture,UP,NOHAND,rc lr=0 fb=0 ud=0 yaw=0,0,,87.0,60.0,1,0.010474923481680776,0.16790434492945244,,,,,,,,,,,,,,,,,,,,,,,,,,,,,,,,,,,,,,,,,,,,,,,,,,,,,,,,,,,,,,,
1790262176.0331392,2170,2.94,0,3,0,CENTER,settle,svm,0,0,0,gesture,UP,NOHAND,rc lr=0 fb=0 ud=0 yaw=0,0,,87.0,60.0,1,0.010474923481680776,0.16790434492945244,,,,,,,,,,,,,,,,,,,,,,,,,,,,,,,,,,,,,,,,,,,,,,,,,,,,,,,,,,,,,,,
1790262176.0668259,2171,3.02,0,3,0,CENTER,settle,svm,0,0,0,hover,UP,HOVER,rc lr=0 fb=0 ud=0 yaw=0,0,,87.0,60.0,1,0.010474923481680776,0.16790434492945244,,,,,,,,,,,,,,,,,,,,,,,,,,,,,,,,,,,,,,,,,,,,,,,,,,,,,,,,,,,,,,,
1790262176.1338644,2172,3.99,0,3,0,CENTER,settle,svm,0,0,0,hover,UP,HOVER,rc lr=0 fb=0 ud=0 yaw=0,0,,87.0,60.0,1,0.010474923481680776,0.16790434492945244,,,,,,,,,,,,,,,,,,,,,,,,,,,,,,,,,,,,,,,,,,,,,,,,,,,,,,,,,,,,,,,
1790262176.1794562,2173,12.46,0,3,0,CENTER,settle,svm,0,0,0,hover,UP,HOVER,rc lr=0 fb=0 ud=0 yaw=0,0,,87.0,60.0,1,0.010474923481680776,0.16790434492945244,,,,,,,,,,,,,,,,,,,,,,,,,,,,,,,,,,,,,,,,,,,,,,,,,,,,,,,,,,,,,,,
1790262176.2008417,2174,2.99,0,3,0,CENTER,settle,svm,0,0,0,hover,UP,HOVER,rc lr=0 fb=0 ud=0 yaw=0,0,,87.0,60.0,1,0.010474923481680776,0.16790434492945244,,,,,,,,,,,,,,,,,,,,,,,,,,,,,,,,,,,,,,,,,,,,,,,,,,,,,,,,,,,,,,,
1790262176.2347484,2175,4.98,0,3,0,CENTER,settle,svm,0,0,0,hover,UP,HOVER,rc lr=0 fb=0 ud=0 yaw=0,0,,87.0,60.0,1,0.010474923481680776,0.16790434492945244,,,,,,,,,,,,,,,,,,,,,,,,,,,,,,,,,,,,,,,,,,,,,,,,,,,,,,,,,,,,,,,
1790262176.2777202,2176,3.99,0,3,0,CENTER,settle,svm,0,0,0,hover,UP,HOVER,rc lr=0 fb=0 ud=0 yaw=0,0,,87.0,60.0,1,0.010474923481680776,0.16790434492945244,,,,,,,,,,,,,,,,,,,,,,,,,,,,,,,,,,,,,,,,,,,,,,,,,,,,,,,,,,,,,,,
1790262176.3305788,2177,1.0,0,3,0,CENTER,settle,svm,0,0,0,hover,UP,HOVER,rc lr=0 fb=0 ud=0 yaw=0,0,,87.0,60.0,1,0.010474923481680776,0.16790434492945244,,,,,,,,,,,,,,,,,,,,,,,,,,,,,,,,,,,,,,,,,,,,,,,,,,,,,,,,,,,,,,,
1790262176.365761,2178,1.0,0,3,0,CENTER,settle,svm,0,0,0,hover,UP,HOVER,rc lr=0 fb=0 ud=0 yaw=0,0,,87.0,60.0,1,0.010474923481680776,0.16790434492945244,,,,,,,,,,,,,,,,,,,,,,,,,,,,,,,,,,,,,,,,,,,,,,,,,,,,,,,,,,,,,,,
1790262176.399298,2179,2.98,0,3,0,CENTER,settle,svm,0,0,0,hover,UP,HOVER,rc lr=0 fb=0 ud=0 yaw=0,0,,87.0,60.0,1,0.010474923481680776,0.16790434492945244,,,,,,,,,,,,,,,,,,,,,,,,,,,,,,,,,,,,,,,,,,,,,,,,,,,,,,,,,,,,,,,
1790262176.462642,2180,1.0,0,3,0,CENTER,settle,svm,0,0,0,hover,UP,HOVER,rc lr=0 fb=0 ud=0 yaw=0,0,,87.0,60.0,1,0.010474923481680776,0.16790434492945244,,,,,,,,,,,,,,,,,,,,,,,,,,,,,,,,,,,,,,,,,,,,,,,,,,,,,,,,,,,,,,,
1790262176.505823,2181,10.48,0,3,0,CENTER,settle,svm,0,0,0,hover,UP,HOVER,rc lr=0 fb=0 ud=0 yaw=0,0,,87.0,60.0,1,0.010474923481680776,0.16790434492945244,,,,,,,,,,,,,,,,,,,,,,,,,,,,,,,,,,,,,,,,,,,,,,,,,,,,,,,,,,,,,,,
1790262176.532751,2182,1.99,0,3,0,CENTER,settle,svm,0,0,0,hover,UP,HOVER,rc lr=0 fb=0 ud=0 yaw=0,0,,87.0,60.0,1,0.010474923481680776,0.16790434492945244,,,,,,,,,,,,,,,,,,,,,,,,,,,,,,,,,,,,,,,,,,,,,,,,,,,,,,,,,,,,,,,
1790262176.567845,2183,5.76,0,3,0,CENTER,settle,svm,0,0,0,hover,UP,HOVER,rc lr=0 fb=0 ud=0 yaw=0,0,,87.0,60.0,1,0.010474923481680776,0.16790434492945244,,,,,,,,,,,,,,,,,,,,,,,,,,,,,,,,,,,,,,,,,,,,,,,,,,,,,,,,,,,,,,,
1790262176.6346543,2184,2.51,0,3,0,CENTER,settle,svm,0,0,0,hover,UP,HOVER,rc lr=0 fb=0 ud=0 yaw=0,0,,87.0,60.0,1,0.010474923481680776,0.16790434492945244,,,,,,,,,,,,,,,,,,,,,,,,,,,,,,,,,,,,,,,,,,,,,,,,,,,,,,,,,,,,,,,
1790262176.6731274,2185,7.98,0,3,0,CENTER,settle,svm,0,0,0,hover,UP,HOVER,rc lr=0 fb=0 ud=0 yaw=0,0,,87.0,60.0,1,0.010474923481680776,0.16790434492945244,,,,,,,,,,,,,,,,,,,,,,,,,,,,,,,,,,,,,,,,,,,,,,,,,,,,,,,,,,,,,,,
1790262176.6990583,2186,2.99,0,3,0,CENTER,settle,svm,0,0,0,hover,UP,HOVER,rc lr=0 fb=0 ud=0 yaw=0,0,,87.0,60.0,1,0.010474923481680776,0.16790434492945244,,,,,,,,,,,,,,,,,,,,,,,,,,,,,,,,,,,,,,,,,,,,,,,,,,,,,,,,,,,,,,,
1790262176.732969,2187,2.0,0,3,0,CENTER,settle,svm,0,0,0,hover,UP,HOVER,rc lr=0 fb=0 ud=0 yaw=0,0,,87.0,60.0,1,0.010474923481680776,0.16790434492945244,,,,,,,,,,,,,,,,,,,,,,,,,,,,,,,,,,,,,,,,,,,,,,,,,,,,,,,,,,,,,,,
1790262176.7985525,2188,1.0,0,3,0,CENTER,settle,svm,0,0,0,hover,UP,HOVER,rc lr=0 fb=0 ud=0 yaw=0,0,,87.0,60.0,1,0.010474923481680776,0.16790434492945244,,,,,,,,,,,,,,,,,,,,,,,,,,,,,,,,,,,,,,,,,,,,,,,,,,,,,,,,,,,,,,,
1790262176.8345926,2189,4.8,0,3,0,CENTER,settle,svm,0,0,0,hover,UP,HOVER,rc lr=0 fb=0 ud=0 yaw=0,0,,87.0,60.0,1,0.010474923481680776,0.16790434492945244,,,,,,,,,,,,,,,,,,,,,,,,,,,,,,,,,,,,,,,,,,,,,,,,,,,,,,,,,,,,,,,
1790262176.8645155,2190,1.99,0,3,0,CENTER,settle,svm,0,0,0,hover,UP,HOVER,rc lr=0 fb=0 ud=0 yaw=0,0,,87.0,60.0,1,0.010474923481680776,0.16790434492945244,,,,,,,,,,,,,,,,,,,,,,,,,,,,,,,,,,,,,,,,,,,,,,,,,,,,,,,,,,,,,,,
1790262176.8967917,2191,0.64,0,3,0,CENTER,settle,svm,0,0,0,hover,UP,HOVER,rc lr=0 fb=0 ud=0 yaw=0,0,,87.0,60.0,1,0.010474923481680776,0.16790434492945244,,,,,,,,,,,,,,,,,,,,,,,,,,,,,,,,,,,,,,,,,,,,,,,,,,,,,,,,,,,,,,,
1790262176.9665053,2192,2.02,0,3,0,CENTER,settle,svm,0,0,0,hover,UP,HOVER,rc lr=0 fb=0 ud=0 yaw=0,0,,87.0,60.0,1,0.010474923481680776,0.16790434492945244,,,,,,,,,,,,,,,,,,,,,,,,,,,,,,,,,,,,,,,,,,,,,,,,,,,,,,,,,,,,,,,
1790262177.0036933,2193,9.0,0,3,0,CENTER,settle,svm,0,0,0,hover,UP,HOVER,rc lr=0 fb=0 ud=0 yaw=0,0,,87.0,60.0,1,0.010474923481680776,0.16790434492945244,,,,,,,,,,,,,,,,,,,,,,,,,,,,,,,,,,,,,,,,,,,,,,,,,,,,,,,,,,,,,,,
1790262177.0345862,2194,2.0,0,3,0,CENTER,settle,svm,0,0,0,hover,UP,HOVER,rc lr=0 fb=0 ud=0 yaw=0,0,,87.0,60.0,1,0.010474923481680776,0.16790434492945244,,,,,,,,,,,,,,,,,,,,,,,,,,,,,,,,,,,,,,,,,,,,,,,,,,,,,,,,,,,,,,,
1790262177.0645018,2195,2.99,0,3,0,CENTER,settle,svm,0,0,0,hover,UP,HOVER,rc lr=0 fb=0 ud=0 yaw=0,0,,87.0,60.0,1,0.010474923481680776,0.16790434492945244,,,,,,,,,,,,,,,,,,,,,,,,,,,,,,,,,,,,,,,,,,,,,,,,,,,,,,,,,,,,,,,
1790262177.1347601,2196,2.99,0,3,0,CENTER,settle,svm,0,0,0,hover,UP,HOVER,rc lr=0 fb=0 ud=0 yaw=0,0,,87.0,60.0,1,0.010474923481680776,0.16790434492945244,,,,,,,,,,,,,,,,,,,,,,,,,,,,,,,,,,,,,,,,,,,,,,,,,,,,,,,,,,,,,,,
1790262177.1702397,2197,8.02,0,3,0,CENTER,settle,svm,0,0,0,hover,UP,HOVER,rc lr=0 fb=0 ud=0 yaw=0,0,,87.0,60.0,1,0.010474923481680776,0.16790434492945244,,,,,,,,,,,,,,,,,,,,,,,,,,,,,,,,,,,,,,,,,,,,,,,,,,,,,,,,,,,,,,,
1790262177.1972332,2198,2.99,0,3,0,CENTER,settle,svm,0,0,0,hover,UP,HOVER,rc lr=0 fb=0 ud=0 yaw=0,0,,87.0,60.0,1,0.010474923481680776,0.16790434492945244,,,,,,,,,,,,,,,,,,,,,,,,,,,,,,,,,,,,,,,,,,,,,,,,,,,,,,,,,,,,,,,
1790262177.2281978,2199,0.0,0,3,0,CENTER,settle,svm,0,0,0,hover,UP,HOVER,rc lr=0 fb=0 ud=0 yaw=0,0,,87.0,60.0,1,0.010474923481680776,0.16790434492945244,,,,,,,,,,,,,,,,,,,,,,,,,,,,,,,,,,,,,,,,,,,,,,,,,,,,,,,,,,,,,,,
1790262177.2737331,2200,1.0,0,3,0,CENTER,settle,svm,0,0,0,hover,UP,HOVER,rc lr=0 fb=0 ud=0 yaw=0,0,,87.0,60.0,1,0.010474923481680776,0.16790434492945244,,,,,,,,,,,,,,,,,,,,,,,,,,,,,,,,,,,,,,,,,,,,,,,,,,,,,,,,,,,,,,,
1790262177.3300936,2201,1.69,0,3,0,CENTER,settle,svm,0,0,0,hover,UP,HOVER,rc lr=0 fb=0 ud=0 yaw=0,0,,87.0,60.0,1,0.010474923481680776,0.16790434492945244,,,,,,,,,,,,,,,,,,,,,,,,,,,,,,,,,,,,,,,,,,,,,,,,,,,,,,,,,,,,,,,
1790262177.3625169,2202,1.99,0,3,0,CENTER,settle,svm,0,0,0,hover,UP,HOVER,rc lr=0 fb=0 ud=0 yaw=0,0,,87.0,60.0,1,0.010474923481680776,0.16790434492945244,,,,,,,,,,,,,,,,,,,,,,,,,,,,,,,,,,,,,,,,,,,,,,,,,,,,,,,,,,,,,,,
1790262177.400269,2203,3.43,0,3,0,CENTER,settle,svm,0,0,0,hover,UP,HOVER,rc lr=0 fb=0 ud=0 yaw=0,0,,87.0,60.0,1,0.010474923481680776,0.16790434492945244,,,,,,,,,,,,,,,,,,,,,,,,,,,,,,,,,,,,,,,,,,,,,,,,,,,,,,,,,,,,,,,
1790262177.4659617,2204,2.99,0,3,0,CENTER,hold,svm,0,0,0,hover,UP,HOVER,rc lr=0 fb=0 ud=0 yaw=0,0,,87.0,60.0,1,0.010474923481680776,0.16790434492945244,,,,,,,,,,,,,,,,,,,,,,,,,,,,,,,,,,,,,,,,,,,,,,,,,,,,,,,,,,,,,,,
1790262177.5037725,2205,9.73,0,3,0,CENTER,hold,svm,0,0,0,hover,UP,HOVER,rc lr=0 fb=0 ud=0 yaw=0,0,,87.0,60.0,1,0.010474923481680776,0.16790434492945244,,,,,,,,,,,,,,,,,,,,,,,,,,,,,,,,,,,,,,,,,,,,,,,,,,,,,,,,,,,,,,,
1790262177.534692,2206,2.99,0,3,0,CENTER,hold,svm,0,0,0,hover,UP,HOVER,rc lr=0 fb=0 ud=0 yaw=0,0,,87.0,60.0,1,0.010474923481680776,0.16790434492945244,,,,,,,,,,,,,,,,,,,,,,,,,,,,,,,,,,,,,,,,,,,,,,,,,,,,,,,,,,,,,,,
1790262177.5686297,2207,8.01,0,3,0,CENTER,hold,svm,0,0,0,hover,UP,HOVER,rc lr=0 fb=0 ud=0 yaw=0,0,,87.0,60.0,1,0.010474923481680776,0.16790434492945244,,,,,,,,,,,,,,,,,,,,,,,,,,,,,,,,,,,,,,,,,,,,,,,,,,,,,,,,,,,,,,,
1790262177.6295757,2208,1.99,0,3,0,CENTER,hold,svm,0,0,0,hover,UP,HOVER,rc lr=0 fb=0 ud=0 yaw=0,0,,87.0,60.0,1,0.010474923481680776,0.16790434492945244,,,,,,,,,,,,,,,,,,,,,,,,,,,,,,,,,,,,,,,,,,,,,,,,,,,,,,,,,,,,,,,
1790262177.6669385,2209,6.65,0,3,0,CENTER,hold,svm,0,0,0,hover,UP,HOVER,rc lr=0 fb=0 ud=0 yaw=0,0,,87.0,60.0,1,0.010474923481680776,0.16790434492945244,,,,,,,,,,,,,,,,,,,,,,,,,,,,,,,,,,,,,,,,,,,,,,,,,,,,,,,,,,,,,,,
1790262177.7039647,2210,3.01,0,3,0,CENTER,hold,svm,0,0,0,hover,UP,HOVER,rc lr=0 fb=0 ud=0 yaw=0,0,,87.0,60.0,1,0.010474923481680776,0.16790434492945244,,,,,,,,,,,,,,,,,,,,,,,,,,,,,,,,,,,,,,,,,,,,,,,,,,,,,,,,,,,,,,,
1790262177.7388613,2211,11.97,0,3,0,CENTER,hold,svm,0,0,0,hover,UP,HOVER,rc lr=0 fb=0 ud=0 yaw=0,0,,87.0,60.0,1,0.010474923481680776,0.16790434492945244,,,,,,,,,,,,,,,,,,,,,,,,,,,,,,,,,,,,,,,,,,,,,,,,,,,,,,,,,,,,,,,
1790262177.7980711,2212,2.0,0,3,0,CENTER,hold,svm,0,0,0,hover,UP,HOVER,rc lr=0 fb=0 ud=0 yaw=0,0,,87.0,60.0,1,0.010474923481680776,0.16790434492945244,,,,,,,,,,,,,,,,,,,,,,,,,,,,,,,,,,,,,,,,,,,,,,,,,,,,,,,,,,,,,,,
1790262177.8734949,2213,23.56,0,3,0,CENTER,hold,svm,0,0,0,hover,UP,HOVER,rc lr=0 fb=0 ud=0 yaw=0,0,,87.0,60.0,1,0.010474923481680776,0.16790434492945244,,,,,,,,,,,,,,,,,,,,,,,,,,,,,,,,,,,,,,,,,,,,,,,,,,,,,,,,,,,,,,,
1790262177.8819263,2214,7.46,0,3,0,CENTER,hold,svm,0,0,0,hover,UP,HOVER,rc lr=0 fb=0 ud=0 yaw=0,0,,87.0,60.0,1,0.010474923481680776,0.16790434492945244,,,,,,,,,,,,,,,,,,,,,,,,,,,,,,,,,,,,,,,,,,,,,,,,,,,,,,,,,,,,,,,
1790262177.9158442,2215,20.94,0,3,0,CENTER,hold,svm,0,0,0,hover,UP,HOVER,rc lr=0 fb=0 ud=0 yaw=0,0,,87.0,60.0,1,0.010474923481680776,0.16790434492945244,,,,,,,,,,,,,,,,,,,,,,,,,,,,,,,,,,,,,,,,,,,,,,,,,,,,,,,,,,,,,,,
1790262177.9651594,2216,2.98,0,3,0,CENTER,hold,svm,0,0,0,hover,UP,HOVER,rc lr=0 fb=0 ud=0 yaw=0,0,,87.0,60.0,1,0.010474923481680776,0.16790434492945244,,,,,,,,,,,,,,,,,,,,,,,,,,,,,,,,,,,,,,,,,,,,,,,,,,,,,,,,,,,,,,,
1790262178.0039992,2217,9.97,0,3,0,CENTER,hold,svm,0,0,0,hover,UP,HOVER,rc lr=0 fb=0 ud=0 yaw=0,0,,87.0,60.0,1,0.010474923481680776,0.16790434492945244,,,,,,,,,,,,,,,,,,,,,,,,,,,,,,,,,,,,,,,,,,,,,,,,,,,,,,,,,,,,,,,
1790262178.0313845,2218,2.0,0,3,0,CENTER,hold,svm,0,0,0,hover,UP,HOVER,rc lr=0 fb=0 ud=0 yaw=0,0,,87.0,60.0,1,0.010474923481680776,0.16790434492945244,,,,,,,,,,,,,,,,,,,,,,,,,,,,,,,,,,,,,,,,,,,,,,,,,,,,,,,,,,,,,,,
