t,event,latency_ms
1790601366.439833,llm_explanation,1557.2582999884617
1790601372.0765486,llm_explanation,1134.2945999931544
1790601375.5422387,llm_explanation,1246.0474999970756
1790601377.1648657,llm_explanation,664.0769000223372
1790601378.801331,llm_explanation,1439.9923000019044
1790601384.1585674,llm_explanation,1621.797100000549
1790601385.2041974,llm_explanation,997.9081000201404
1790601391.404458,llm_explanation,2030.1310000068042
1790601392.3585398,llm_explanation,970.6460000015795
1790601393.1946807,llm_explanation,835.8312999771442
1790601394.5773215,llm_explanation,1373.0700000014622
1790601396.7789912,llm_explanation,863.7850000231992
1790601397.8515954,llm_explanation,1090.614499989897
1790601399.0261333,llm_explanation,1099.703399988357
1790601403.416703,rc_send,
1790601403.4765382,llm_explanation,879.8021999828052
1790601403.6159146,rc_send,
1790601403.7694752,rc_send,
1790601403.8761895,rc_send,
1790601403.9844112,rc_send,
1790601404.1007183,rc_send,
1790601404.2414365,rc_send,
1790601404.343047,rc_send,
1790601404.4569285,rc_send,
1790601404.5749116,rc_send,
1790601404.6775446,rc_send,
1790601404.7998762,rc_send,
1790601404.9319189,rc_send,
1790601405.035968,rc_send,
1790601405.148413,rc_send,
1790601405.2636058,rc_send,
1790601405.4196434,rc_send,
1790601405.5310507,rc_send,
1790601405.6477082,rc_send,
1790601405.780659,rc_send,
1790601405.8818212,rc_send,
1790601405.9821274,rc_send,
1790601406.095782,rc_send,
1790601406.1775653,llm_explanation,1104.357699980028
1790601406.2054913,rc_send,
1790601406.3373508,rc_send,
1790601406.455265,rc_send,
1790601406.61402,rc_send,
1790601406.7228007,rc_send,
1790601406.823491,rc_send,
1790601406.979055,rc_send,
1790601407.111265,rc_send,
1790601407.214398,rc_send,
1790601407.3209038,rc_send,
1790601407.4252539,rc_send,
1790601407.5466986,llm_explanation,1352.8179000131786
1790601407.5506876,rc_send,
1790601407.653434,rc_send,
1790601407.7713513,rc_send,
1790601407.8840241,rc_send,
1790601407.99353,rc_send,
1790601408.107413,rc_send,
1790601408.220716,rc_send,
1790601408.3766482,rc_send,
1790601408.5541975,rc_send,
1790601408.7506287,llm_explanation,1203.1686000118498
1790601408.7556157,rc_send,
1790601408.9392028,rc_send,
1790601409.0471864,rc_send,
1790601409.1722062,rc_send,
1790601409.2898684,rc_send,
1790601409.453049,rc_send,
1790601409.663929,rc_send,
1790601409.8433166,rc_send,
1790601410.009102,llm_explanation,1230.8247000037227
1790601410.0140882,rc_send,
1790601410.2073455,rc_send,
1790601410.3503149,rc_send,
1790601410.514932,rc_send,
1790601410.6326315,rc_send,
1790601410.7965183,rc_send,
1790601410.9045165,rc_send,
1790601411.0205183,rc_send,
1790601411.1234152,rc_send,
1790601411.2260087,rc_send,
1790601411.3284752,rc_send,
1790601411.4750123,rc_send,
1790601411.5917974,rc_send,
1790601411.694102,rc_send,
1790601411.8093069,llm_explanation,1817.6794000028167
1790601411.8152912,rc_send,
1790601411.933888,rc_send,
1790601412.034539,rc_send,
1790601412.1362052,rc_send,
1790601412.2869124,rc_send,
1790601412.400222,rc_send,
1790601412.509464,rc_send,
1790601412.6150534,rc_send,
1790601412.733977,rc_send,
1790601412.8802505,rc_send,
1790601412.9903054,rc_send,
1790601413.1352255,rc_send,
1790601413.2410889,rc_send,
1790601413.383959,rc_send,
1790601413.4865518,llm_explanation,1740.218899998581
1790601413.493493,rc_send,
1790601413.6483188,rc_send,
1790601413.7678552,rc_send,
1790601413.8705804,rc_send,
1790601414.0041614,rc_send,
1790601414.1182492,rc_send,
1790601414.27728,rc_send,
1790601414.377669,rc_send,
1790601414.4921412,rc_send,
1790601414.566162,llm_explanation,1065.5999999726191
1790601414.6486537,rc_send,
1790601414.7728333,rc_send,
1790601414.8785474,rc_send,
1790601415.0069435,rc_send,
1790601415.1245286,rc_send,
1790601415.2654448,rc_send,
1790601415.395117,rc_send,
1790601415.5419633,rc_send,
1790601415.661774,rc_send,
1790601415.8038175,rc_send,
1790601415.921877,rc_send,
1790601416.0707862,rc_send,
1790601416.1723032,rc_send,
1790601416.2827084,rc_send,
1790601416.4045424,rc_send,
1790601416.5046992,rc_send,
1790601416.6271644,rc_send,
1790601416.7796977,rc_send,
1790601416.8854373,rc_send,
1790601417.1093028,rc_send,
1790601417.2931879,rc_send,
1790601417.4811974,rc_send,
1790601417.616788,rc_send,
1790601417.7268674,rc_send,
1790601417.8415291,rc_send,
1790601418.044432,llm_explanation,1341.153999994276
1790601418.050417,rc_send,
1790601418.1646378,rc_send,
1790601418.304449,rc_send,
1790601418.4053695,rc_send,
1790601418.5530283,rc_send,
1790601418.6584325,rc_send,
1790601418.7929974,rc_send,
1790601418.896543,rc_send,
1790601419.0560796,rc_send,
1790601419.1601973,rc_send,
1790601419.3299444,rc_send,
1790601419.4367998,rc_send,
1790601419.5612285,rc_send,
1790601419.6624396,rc_send,
1790601419.7644594,rc_send,
1790601419.8846083,rc_send,
1790601419.987221,rc_send,
1790601420.088451,rc_send,
1790601420.211984,rc_send,
1790601420.313519,rc_send,
1790601420.4152858,rc_send,
1790601420.4162805,llm_explanation,1055.1780000096187
1790601420.516412,rc_send,
1790601420.6426806,rc_send,
1790601420.746114,rc_send,
1790601420.8456583,rc_send,
1790601420.9478867,rc_send,
1790601421.0485153,rc_send,
1790601421.1540809,rc_send,
1790601421.2785347,rc_send,
1790601421.327472,debug_overlay_off,
1790601421.4217992,rc_send,
1790601421.5276887,llm_explanation,1097.056500002509
1790601421.5313427,rc_send,
1790601421.676593,rc_send,
1790601421.797359,rc_send,
1790601421.8988762,rc_send,
1790601422.0038288,rc_send,
1790601422.1463034,rc_send,
1790601422.2594187,rc_send,
1790601422.3994343,rc_send,
1790601422.5108473,rc_send,
1790601422.6326015,rc_send,
1790601422.7398133,rc_send,
1790601422.8954735,rc_send,
1790601423.0071342,rc_send,
1790601423.145833,rc_send,
1790601423.2646368,rc_send,
1790601423.406067,rc_send,
1790601423.5314867,rc_send,
1790601423.680932,rc_send,
1790601423.8031068,rc_send,
1790601423.9225101,rc_send,
1790601424.0648983,rc_send,
1790601424.1681514,rc_send,
1790601424.2820246,rc_send,
1790601424.4233046,rc_send,
1790601424.5381052,rc_send,
1790601424.684463,rc_send,
1790601424.8042321,rc_send,
1790601424.9211261,rc_send,
1790601425.0589154,rc_send,
1790601425.1660721,rc_send,
1790601425.3046308,rc_send,
1790601425.4175036,rc_send,
1790601425.553491,rc_send,
1790601425.6857402,rc_send,
1790601425.7912834,rc_send,
1790601425.8938155,rc_send,
1790601426.004726,rc_send,
1790601426.1388328,rc_send,
1790601426.2467995,rc_send,
1790601426.3801167,rc_send,
1790601426.5058954,rc_send,
1790601426.6498804,rc_send,
1790601426.7786524,rc_send,
1790601426.92277,rc_send,
1790601427.0396142,rc_send,
1790601427.1702535,rc_send,
1790601427.2816823,rc_send,
1790601427.430307,rc_send,
1790601427.5473235,rc_send,
1790601427.6630347,rc_send,
1790601427.7655327,rc_send,
1790601427.8674269,rc_send,
1790601428.0091279,rc_send,
1790601428.123647,rc_send,
1790601428.2621756,rc_send,
1790601428.3642735,rc_send,
1790601428.4791458,rc_send,
1790601428.617349,rc_send,
1790601428.7342699,rc_send,
1790601428.8729181,rc_send,
1790601428.9962234,rc_send,
1790601429.0989847,rc_send,
1790601429.2004912,rc_send,
1790601429.3348398,rc_send,
1790601429.4474463,rc_send,
1790601429.5938013,rc_send,
1790601429.6947143,rc_send,
1790601429.812286,rc_send,
1790601429.960257,rc_send,
1790601430.0779283,rc_send,
1790601430.200602,rc_send,
1790601430.3036816,rc_send,
1790601430.4051547,rc_send,
1790601430.5432935,rc_send,
1790601430.6778567,rc_send,
1790601430.779662,rc_send,
1790601430.8820603,rc_send,
1790601431.0411339,rc_send,
1790601431.15388,rc_send,
1790601431.2918143,rc_send,
1790601431.3918579,rc_send,
1790601431.4931846,rc_send,
1790601431.5945504,rc_send,
1790601431.697064,rc_send,
1790601431.8463042,rc_send,
1790601431.961623,rc_send,
1790601432.035398,llm_explanation,1814.3515000119805
1790601432.0623844,rc_send,
1790601432.1846256,rc_send,
1790601432.3071575,rc_send,
1790601432.4574475,rc_send,
1790601432.5682068,rc_send,
1790601432.6702976,rc_send,
1790601432.7704613,rc_send,
1790601432.8877406,rc_send,
1790601433.0409007,rc_send,
1790601433.1498444,rc_send,
1790601433.2837675,rc_send,
1790601433.4028819,rc_send,
1790601433.5390377,rc_send,
1790601433.653603,rc_send,
1790601433.754005,rc_send,
1790601433.868848,rc_send,
1790601434.0100374,rc_send,
1790601434.1334782,rc_send,
1790601434.2734792,rc_send,
1790601434.3972955,rc_send,
1790601434.5398812,rc_send,
1790601434.695159,rc_send,
1790601434.8482723,rc_send,
1790601434.9474244,rc_send,
1790601435.072576,rc_send,
1790601435.2062805,rc_send,
1790601435.323393,rc_send,
1790601435.4413056,rc_send,
1790601435.6099226,rc_send,
1790601435.7412763,rc_send,
1790601435.8779905,rc_send,
1790601435.9902725,rc_send,
1790601436.1279614,rc_send,
1790601436.235413,rc_send,
1790601436.3860989,rc_send,
1790601436.5031629,rc_send,
1790601436.669476,rc_send,
1790601436.8045256,rc_send,
1790601436.9080637,rc_send,
1790601437.0441537,rc_send,
1790601437.1589897,rc_send,
1790601437.2853868,rc_send,
1790601437.4390519,rc_send,
1790601437.5549464,rc_send,
1790601437.6617296,rc_send,
1790601437.8049219,rc_send,
1790601437.9188733,rc_send,
1790601438.0591993,rc_send,
1790601438.2615798,rc_send,
1790601438.4108744,rc_send,
1790601438.5461595,rc_send,
1790601438.7266269,rc_send,
1790601438.8347056,rc_send,
1790601438.9494545,rc_send,
1790601439.0608473,rc_send,
1790601439.1787782,rc_send,
1790601439.3276358,rc_send,
1790601439.4362438,rc_send,
1790601439.5544043,rc_send,
1790601439.668184,rc_send,
1790601439.7818751,rc_send,
1790601439.8979008,rc_send,
1790601440.0033789,rc_send,
1790601440.1049228,rc_send,
1790601440.2271287,rc_send,
1790601440.3291352,rc_send,
1790601440.4998446,rc_send,
1790601440.604846,rc_send,
1790601440.7076085,rc_send,
1790601440.8113296,rc_send,
1790601440.9116042,rc_send,
1790601441.0224884,rc_send,
1790601441.1241217,rc_send,
1790601441.238316,rc_send,
1790601441.363846,rc_send,
1790601441.4665217,rc_send,
1790601441.5845125,rc_send,
1790601441.6953864,rc_send,
1790601441.7975702,rc_send,
1790601441.9244146,rc_send,
1790601442.02486,rc_send,
1790601442.1252105,rc_send,
1790601442.2503843,rc_send,
1790601442.3565834,rc_send,
1790601442.4571524,rc_send,
1790601442.579207,rc_send,
1790601442.6820047,rc_send,
1790601442.7827537,rc_send,
1790601442.8827753,rc_send,
1790601442.984336,rc_send,
1790601443.1359978,rc_send,
1790601443.251367,rc_send,
1790601443.3533216,rc_send,
1790601443.4630911,rc_send,
1790601443.5769606,rc_send,
1790601443.6929626,rc_send,
1790601443.844192,rc_send,
1790601443.9598386,rc_send,
1790601444.0621648,rc_send,
1790601444.197561,rc_send,
1790601444.3126934,rc_send,
1790601444.4539719,rc_send,
1790601444.577775,rc_send,
1790601444.7052195,rc_send,
1790601444.8629596,rc_send,
1790601444.9865518,rc_send,
1790601445.1018639,rc_send,
1790601445.2486303,rc_send,
1790601445.3794985,rc_send,
1790601445.521186,rc_send,
1790601445.6421118,rc_send,
1790601445.794341,rc_send,
1790601445.9015617,rc_send,
1790601446.0167036,rc_send,
1790601446.160109,rc_send,
1790601446.268829,rc_send,
1790601446.377298,rc_send,
1790601446.5252745,rc_send,
1790601446.6403222,rc_send,
1790601446.7967699,rc_send,
1790601446.9076898,rc_send,
1790601447.015123,rc_send,
1790601447.1512768,rc_send,
1790601447.276832,rc_send,
1790601447.3787112,rc_send,
1790601447.5230155,rc_send,
1790601447.6510937,rc_send,
1790601447.775017,rc_send,
1790601447.9148195,rc_send,
1790601448.015797,rc_send,
1790601448.131145,rc_send,
1790601448.2795386,rc_send,
1790601448.4144907,rc_send,
1790601448.5419648,rc_send,
1790601448.648111,rc_send,
1790601448.8023727,rc_send,
1790601448.9093046,rc_send,
1790601449.0304346,rc_send,
1790601449.1711926,rc_send,
1790601449.2733147,rc_send,
1790601449.391781,rc_send,
1790601449.5114465,rc_send,
1790601449.6752844,rc_send,
1790601449.800319,rc_send,
1790601449.941979,rc_send,
1790601450.0622199,rc_send,
1790601450.2021809,rc_send,
1790601450.313508,rc_send,
1790601450.441497,rc_send,
1790601450.577732,rc_send,
1790601450.6989024,rc_send,
1790601450.837184,rc_send,
1790601450.9384608,rc_send,
1790601451.04874,rc_send,
1790601451.1858032,rc_send,
1790601451.3015754,rc_send,
1790601451.4313412,rc_send,
1790601451.5750127,rc_send,
1790601451.6871047,rc_send,
1790601451.7893636,rc_send,
1790601451.9051387,rc_send,
1790601452.0150547,rc_send,
1790601452.1589537,rc_send,
1790601452.2745795,rc_send,
1790601452.3813174,rc_send,
1790601452.5249097,rc_send,
1790601452.6465065,rc_send,
1790601452.7481894,rc_send,
1790601452.8757312,rc_send,
1790601453.0203512,rc_send,
1790601453.1213675,rc_send,
1790601453.2581744,rc_send,
1790601453.434656,rc_send,
1790601453.5516148,rc_send,
1790601453.7058518,rc_send,
1790601453.8214397,rc_send,
1790601453.988683,rc_send,
1790601454.132211,rc_send,
1790601454.3117952,rc_send,
1790601454.425965,rc_send,
1790601454.6152933,rc_send,
1790601454.7665706,rc_send,
1790601454.9326656,rc_send,
1790601455.0680182,rc_send,
1790601455.2341597,rc_send,
1790601455.3706045,rc_send,
1790601455.5220327,rc_send,
1790601455.6728644,rc_send,
1790601455.8446426,rc_send,
1790601455.9845095,rc_send,
1790601456.1396205,rc_send,
1790601456.2932217,llm_explanation,1765.371600020444
1790601456.2976449,rc_send,
1790601456.4620385,rc_send,
1790601456.6408541,rc_send,
1790601456.809683,rc_send,
1790601456.9419804,rc_send,
1790601457.1121874,rc_send,
1790601457.2508733,rc_send,
1790601457.4054284,rc_send,
1790601457.5412378,rc_send,
1790601457.7068279,rc_send,
1790601457.8587258,rc_send,
1790601457.963111,rc_send,
1790601458.0928245,rc_send,
1790601458.2418652,rc_send,
1790601458.3647416,rc_send,
1790601458.4650722,rc_send,
1790601458.56754,rc_send,
1790601458.6678672,rc_send,
1790601458.776629,rc_send,
1790601458.8789034,rc_send,
1790601458.9793122,rc_send,
1790601459.0798569,rc_send,
1790601459.1970532,rc_send,
1790601459.2976108,rc_send,
1790601459.4391315,rc_send,
1790601459.550542,rc_send,
1790601459.6970277,rc_send,
1790601459.7245212,llm_explanation,1129.5831000024918
1790601459.8132813,rc_send,
1790601459.9140234,rc_send,
1790601460.016855,rc_send,
1790601460.1618485,rc_send,
1790601460.2665427,rc_send,
1790601460.3735366,rc_send,
1790601460.493219,rc_send,
1790601460.6356456,rc_send,
1790601460.7634606,rc_send,
1790601460.8115802,llm_explanation,1091.0020000010263
1790601460.8632169,rc_send,
1790601460.9720616,rc_send,
1790601461.0725954,rc_send,
1790601461.2179246,rc_send,
1790601461.3459094,rc_send,
1790601461.4701107,rc_send,
1790601461.5705075,rc_send,
1790601461.7340534,rc_send,
1790601461.8479702,rc_send,
1790601461.9976518,rc_send,
1790601462.1135125,rc_send,
1790601462.2578223,rc_send,
1790601462.3703272,rc_send,
1790601462.471975,rc_send,
1790601462.5807457,rc_send,
1790601462.725168,rc_send,
1790601462.853936,rc_send,
1790601463.005949,rc_send,
1790601463.1565483,rc_send,
1790601463.307525,rc_send,
1790601463.4090393,rc_send,
1790601463.5704172,rc_send,
1790601463.7713234,rc_send,
1790601463.8936791,rc_send,
1790601464.0184145,rc_send,
1790601464.1529756,rc_send,
1790601464.2985518,rc_send,
1790601464.4348614,rc_send,
1790601464.5852013,rc_send,
1790601464.6873772,rc_send,
1790601464.8256586,rc_send,
1790601465.0003173,rc_send,
1790601465.1537135,llm_explanation,1033.815600007074
1790601465.1593003,rc_send,
1790601465.3065536,rc_send,
1790601465.4425979,rc_send,
1790601465.578133,rc_send,
1790601465.6967452,rc_send,
1790601465.844967,rc_send,
1790601465.9588053,rc_send,
1790601466.076024,rc_send,
1790601466.1881058,rc_send,
1790601466.3435702,rc_send,
1790601466.4550037,rc_send,
1790601466.5775776,rc_send,
1790601466.7028658,rc_send,
1790601466.7033887,llm_explanation,1553.9529000234324
1790601466.840002,rc_send,
1790601466.980616,rc_send,
1790601467.1217659,rc_send,
1790601467.2437463,rc_send,
1790601467.378449,rc_send,
1790601467.4264011,llm_explanation,686.95370000205
1790601467.5052695,rc_send,
1790601467.6323512,rc_send,
1790601467.7863529,rc_send,
1790601467.9371858,rc_send,
1790601468.0827599,rc_send,
1790601468.2225997,rc_send,
1790601468.3643694,rc_send,
1790601468.4972644,rc_send,
1790601468.626961,llm_explanation,937.5877999991644
1790601468.633124,rc_send,
1790601468.780389,rc_send,
1790601468.921547,rc_send,
1790601469.0551257,rc_send,
1790601469.1977983,rc_send,
1790601469.2491522,llm_explanation,609.451700001955
1790601469.3422954,rc_send,
1790601469.4679637,rc_send,
1790601469.5876448,rc_send,
1790601469.7337313,rc_send,
1790601469.8895931,rc_send,
1790601470.0497484,rc_send,
1790601470.2082531,rc_send,
1790601470.3817863,rc_send,
1790601470.5558457,rc_send,
1790601470.756442,rc_send,
1790601470.8231466,llm_explanation,1178.775799984578
1790601470.9391441,rc_send,
1790601471.1252196,rc_send,
1790601471.2824378,rc_send,
1790601471.4499218,rc_send,
1790601471.6032996,rc_send,
1790601471.7844174,rc_send,
1790601471.944181,rc_send,
1790601472.1175706,rc_send,
1790601472.2880704,rc_send,
1790601472.4531753,rc_send,
1790601472.601473,rc_send,
1790601472.76999,rc_send,
1790601472.9226959,rc_send,
1790601473.0920904,rc_send,
1790601473.2479358,rc_send,
1790601473.4398665,rc_send,
1790601473.576684,rc_send,
1790601473.7864692,rc_send,
1790601473.955615,rc_send,
1790601474.1404288,rc_send,
1790601474.3072674,rc_send,
1790601474.4555597,rc_send,
1790601474.5806646,rc_send,
1790601474.731266,rc_send,
1790601474.897286,rc_send,
1790601475.0450792,rc_send,
1790601475.1995168,rc_send,
1790601475.3898513,rc_send,
1790601475.5312395,rc_send,
1790601475.6490824,rc_send,
1790601475.8173616,rc_send,
1790601475.9328828,rc_send,
1790601476.0355725,rc_send,
1790601476.1924052,rc_send,
1790601476.297867,rc_send,
1790601476.4165292,rc_send,
1790601476.5425742,rc_send,
1790601476.647008,rc_send,
1790601476.7499578,rc_send,
1790601476.8609068,rc_send,
1790601477.002857,rc_send,
1790601477.1030219,rc_send,
1790601477.2269387,rc_send,
1790601477.3296022,rc_send,
1790601477.4315383,rc_send,
1790601477.5448384,rc_send,
1790601477.650382,rc_send,
1790601477.7541587,rc_send,
1790601477.8740327,rc_send,
1790601477.9819665,rc_send,
1790601478.0859582,rc_send,
1790601478.2104127,rc_send,
1790601478.313197,rc_send,
1790601478.4157152,rc_send,
1790601478.5162766,rc_send,
1790601478.6225507,rc_send,
1790601478.7392752,rc_send,
1790601478.8412685,rc_send,
1790601479.0096447,rc_send,
1790601479.114901,rc_send,
1790601479.222822,rc_send,
1790601479.3253884,rc_send,
1790601479.495917,rc_send,
1790601479.5980325,rc_send,
1790601479.721857,rc_send,
1790601479.8237698,rc_send,
1790601479.925063,rc_send,
1790601480.070948,rc_send,
1790601480.172474,rc_send,
1790601480.3175888,rc_send,
1790601480.4203963,rc_send,
1790601480.562577,rc_send,
1790601480.6819987,rc_send,
1790601480.8098042,rc_send,
1790601480.920826,llm_explanation,1065.7247999915853
1790601480.9258122,rc_send,
1790601481.060625,rc_send,
1790601481.1731987,rc_send,
1790601481.2753682,rc_send,
1790601481.4409297,rc_send,
1790601481.54275,rc_send,
1790601481.6469336,rc_send,
1790601481.8138437,rc_send,
1790601481.919963,rc_send,
1790601482.0422862,llm_explanation,1168.8990000111517
1790601482.0477808,rc_send,
1790601482.1538658,rc_send,
1790601482.2675781,rc_send,
1790601482.383071,rc_send,
1790601482.4856179,rc_send,
1790601482.6023831,rc_send,
1790601482.724517,rc_send,
1790601482.8424656,rc_send,
1790601482.9470994,rc_send,
1790601483.071899,rc_send,
1790601483.1778514,rc_send,
1790601483.2788386,rc_send,
1790601483.38398,rc_send,
1790601483.5492141,rc_send,
1790601483.664208,rc_send,
1790601483.7824063,rc_send,
1790601483.9677355,rc_send,
1790601484.0777724,rc_send,
1790601484.2296746,rc_send,
1790601484.3408012,rc_send,
1790601484.4425251,rc_send,
1790601484.559388,rc_send,
1790601484.73368,rc_send,
1790601484.839006,rc_send,
1790601484.9394114,rc_send,
1790601485.052907,rc_send,
1790601485.1670299,rc_send,
1790601485.2695324,rc_send,
1790601485.42037,rc_send,
1790601485.5294063,rc_send,
1790601485.6454957,rc_send,
1790601485.753957,rc_send,
1790601485.9214225,rc_send,
1790601486.0492053,rc_send,
1790601486.1599765,rc_send,
1790601486.27011,rc_send,
1790601486.3867993,rc_send,
1790601486.4543977,llm_explanation,1443.6557999870274
1790601486.6248674,rc_send,
1790601486.733631,rc_send,
1790601486.8517609,rc_send,
1790601486.9547052,rc_send,
1790601487.0564132,rc_send,
1790601487.168396,rc_send,
1790601487.269532,rc_send,
1790601487.422161,rc_send,
1790601487.5234723,rc_send,
1790601487.6445706,rc_send,
1790601487.7575636,rc_send,
1790601487.9253833,rc_send,
1790601488.0264397,rc_send,
1790601488.1849585,rc_send,
1790601488.2866242,rc_send,
1790601488.4027445,rc_send,
1790601488.5038986,rc_send,
1790601488.6070397,rc_send,
1790601488.7090394,rc_send,
1790601488.8091705,rc_send,
1790601488.9415846,rc_send,
1790601489.0506856,rc_send,
1790601489.1172414,llm_explanation,953.5335999971721
1790601489.1544096,rc_send,
1790601489.2689855,rc_send,
1790601489.4330564,rc_send,
1790601489.5351021,rc_send,
1790601489.6626635,rc_send,
1790601489.770838,rc_send,
1790601489.874168,rc_send,
1790601489.9910977,rc_send,
1790601490.0946481,rc_send,
1790601490.2199087,rc_send,
1790601490.3200037,rc_send,
1790601490.4802654,llm_explanation,1408.607099991059
1790601490.4844196,rc_send,
1790601490.6018274,rc_send,
1790601490.711491,rc_send,
1790601490.8129056,rc_send,
1790601490.9292796,rc_send,
1790601491.0703664,rc_send,
1790601491.1722925,rc_send,
1790601491.3215973,rc_send,
1790601491.4416542,rc_send,
1790601491.548234,rc_send,
1790601491.7359815,llm_explanation,1159.702600009041
1790601491.7409694,rc_send,
1790601491.8584125,rc_send,
1790601492.0441635,rc_send,
1790601492.1527152,rc_send,
1790601492.2604856,rc_send,
1790601492.4053326,rc_send,
1790601492.5153687,rc_send,
1790601492.650937,rc_send,
1790601492.7835143,rc_send,
1790601492.908865,llm_explanation,1264.8877000028733
1790601492.913883,rc_send,
1790601493.0264907,rc_send,
1790601493.1358306,rc_send,
1790601493.2594213,rc_send,
1790601493.4072216,rc_send,
1790601493.5166042,rc_send,
1790601493.616756,rc_send,
1790601493.7055647,llm_explanation,822.0440000004601
1790601493.7270157,rc_send,
1790601493.8294387,rc_send,
1790601493.9401472,rc_send,
1790601494.0533621,rc_send,
1790601494.1566257,rc_send,
1790601494.260483,rc_send,
1790601494.3638027,rc_send,
1790601494.4882467,rc_send,
1790601494.6392906,rc_send,
1790601494.7548056,rc_send,
1790601494.86874,rc_send,
1790601494.9981468,rc_send,
1790601495.1021001,rc_send,
1790601495.2027771,rc_send,
1790601495.306603,rc_send,
1790601495.4128873,rc_send,
1790601495.4595332,llm_explanation,1661.3158000109252
1790601495.5145826,rc_send,
1790601495.6340938,rc_send,
1790601495.737498,rc_send,
1790601495.837694,rc_send,
1790601495.9392376,rc_send,
1790601496.0787866,rc_send,
1790601496.186518,rc_send,
1790601496.289036,rc_send,
1790601496.3991842,rc_send,
1790601496.5001636,rc_send,
1790601496.6022155,rc_send,
1790601496.7045574,rc_send,
1790601496.8508344,rc_send,
1790601496.9345412,llm_explanation,1451.3564999797381
1790601496.9606144,rc_send,
1790601497.1005254,rc_send,
1790601497.203064,rc_send,
1790601497.304394,rc_send,
1790601497.4071944,rc_send,
1790601497.532194,rc_send,
1790601497.632539,rc_send,
1790601497.7374632,rc_send,
1790601497.8386202,rc_send,
1790601497.948082,rc_send,
1790601498.0956526,rc_send,
1790601498.1984453,rc_send,
1790601498.298853,rc_send,
1790601498.4048483,rc_send,
1790601498.536499,rc_send,
1790601498.6437626,rc_send,
1790601498.748434,rc_send,
1790601498.888155,rc_send,
1790601499.000191,rc_send,
1790601499.108475,rc_send,
1790601499.2111626,rc_send,
1790601499.3114955,rc_send,
1790601499.4143474,rc_send,
1790601499.5524592,rc_send,
1790601499.662308,rc_send,
1790601499.7686155,rc_send,
1790601499.869974,rc_send,
1790601500.0010853,rc_send,
1790601500.1133924,rc_send,
1790601500.2154522,rc_send,
1790601500.316268,rc_send,
1790601500.4165795,rc_send,
1790601500.5585349,rc_send,
1790601500.7146149,rc_send,
1790601500.8221545,rc_send,
1790601500.9661276,rc_send,
1790601501.0650158,llm_explanation,1055.035700002918
1790601501.0698817,rc_send,
1790601501.2171986,rc_send,
1790601501.3788457,rc_send,
1790601501.488325,rc_send,
1790601501.640051,rc_send,
1790601501.7535763,rc_send,
1790601501.8893032,rc_send,
1790601502.0366335,rc_send,
1790601502.1456413,rc_send,
1790601502.248717,rc_send,
1790601502.302697,llm_explanation,1208.6050000216346
1790601502.3910387,rc_send,
1790601502.4916635,rc_send,
1790601502.641138,rc_send,
1790601502.8420866,rc_send,
1790601503.0315866,rc_send,
1790601503.2031848,rc_send,
1790601503.3687334,llm_explanation,1019.2046999873128
1790601503.3727252,rc_send,
1790601503.5347507,rc_send,
1790601503.7061036,rc_send,
1790601503.868882,rc_send,
1790601504.047878,rc_send,
1790601504.2260256,rc_send,
1790601504.3924608,llm_explanation,1046.0603999963496
1790601504.3969626,rc_send,
1790601504.5571864,rc_send,
1790601504.7560773,rc_send,
1790601504.9248333,rc_send,
1790601505.108479,rc_send,
1790601505.271442,rc_send,
1790601505.4665713,rc_send,
1790601505.6272879,rc_send,
1790601505.817511,rc_send,
1790601505.993454,rc_send,
1790601506.1665387,rc_send,
1790601506.3242822,rc_send,
1790601506.5267096,llm_explanation,940.7643000013195
1790601506.5306995,rc_send,
1790601506.735088,rc_send,
1790601506.9237282,rc_send,
1790601507.0949378,rc_send,
1790601507.27653,rc_send,
1790601507.463846,rc_send,
1790601507.626222,rc_send,
1790601507.7964363,llm_explanation,1208.0614999867976
1790601507.8014255,rc_send,
1790601507.9831014,rc_send,
1790601508.1597247,rc_send,
1790601508.3355322,rc_send,
1790601508.5112507,rc_send,
1790601508.6899254,rc_send,
1790601508.8262591,rc_send,
1790601509.007632,rc_send,
1790601509.1729205,rc_send,
1790601509.348675,rc_send,
1790601509.5550966,rc_send,
1790601509.7459676,rc_send,
1790601509.9244933,rc_send,
1790601510.1104205,rc_send,
1790601510.2739487,rc_send,
1790601510.477424,rc_send,
1790601510.6342182,rc_send,
1790601510.782663,rc_send,
1790601510.938621,llm_explanation,1592.8248000273015
1790601510.941613,rc_send,
1790601511.0978396,rc_send,
1790601511.2313595,rc_send,
1790601511.3900025,rc_send,
1790601511.5552163,rc_send,
1790601511.7272344,llm_explanation,793.6934000172187
1790601511.7322202,rc_send,
1790601511.9061217,rc_send,
1790601512.1062407,rc_send,
1790601512.2955725,rc_send,
1790601512.465627,rc_send,
1790601512.5686047,rc_send,
1790601512.6773367,rc_send,
1790601512.7780895,rc_send,
1790601512.8792973,rc_send,
1790601512.9796011,rc_send,
1790601513.0828004,rc_send,
1790601513.1890042,rc_send,
1790601513.2963538,rc_send,
1790601513.4044101,rc_send,
1790601513.520735,rc_send,
1790601513.6226892,llm_explanation,1014.0162000025157
1790601513.628356,rc_send,
1790601513.7540162,rc_send,
1790601513.9650385,rc_send,
1790601514.0684166,rc_send,
1790601514.182227,rc_send,
1790601514.3107,rc_send,
1790601514.4261484,rc_send,
1790601514.5733726,rc_send,
1790601514.681221,rc_send,
1790601514.7959557,rc_send,
1790601514.956081,llm_explanation,1273.0235999915749
1790601514.9620647,rc_send,
1790601515.077755,rc_send,
1790601515.186116,rc_send,
1790601515.295823,rc_send,
1790601515.403389,rc_send,
1790601515.5053043,rc_send,
1790601515.60882,rc_send,
1790601515.7475808,rc_send,
1790601515.8505719,rc_send,
1790601515.9512181,rc_send,
1790601516.2230623,llm_explanation,1312.7440999960527
1790601516.2272322,rc_send,
1790601516.4269116,rc_send,
1790601516.610647,rc_send,
1790601516.8176255,rc_send,
1790601517.033411,rc_send,
1790601517.144472,rc_send,
1790601517.2589316,rc_send,
1790601517.276178,llm_explanation,1050.891299993964
1790601517.3947353,rc_send,
1790601517.5346003,rc_send,
1790601517.6422837,rc_send,
1790601517.7617924,rc_send,
1790601517.8724139,rc_send,
1790601517.9751818,rc_send,
1790601518.0855002,rc_send,
1790601518.2003303,rc_send,
1790601518.3025455,rc_send,
1790601518.404494,rc_send,
1790601518.512794,rc_send,
1790601518.622499,rc_send,
1790601518.732814,rc_send,
1790601518.8670456,llm_explanation,1552.9172999958973
1790601518.8720305,rc_send,
1790601518.9865305,rc_send,
1790601519.0961466,rc_send,
1790601519.3376966,rc_send,
1790601519.4479587,rc_send,
1790601519.5487175,rc_send,
1790601519.7343788,rc_send,
1790601519.855463,llm_explanation,1025.255600019591
1790601519.8704693,rc_send,
1790601519.9731772,rc_send,
1790601520.0755467,rc_send,
1790601520.1924763,rc_send,
1790601520.3218062,rc_send,
1790601520.4313858,rc_send,
1790601520.5343325,rc_send,
1790601520.642406,rc_send,
1790601520.7505438,rc_send,
1790601520.8670385,rc_send,
1790601521.0681586,rc_send,
1790601521.281804,llm_explanation,1387.341199995717
1790601521.2857926,rc_send,
1790601521.401697,rc_send,
1790601521.5191655,rc_send,
1790601521.6209464,rc_send,
1790601521.7303026,rc_send,
1790601521.8324718,rc_send,
1790601521.9612136,rc_send,
1790601522.0673134,rc_send,
1790601522.170035,rc_send,
1790601522.2833178,llm_explanation,1026.0390000184998
1790601522.2876704,rc_send,
1790601522.4022212,rc_send,
1790601522.5023425,rc_send,
1790601522.6104274,rc_send,
1790601522.7210097,rc_send,
1790601522.9014568,rc_send,
1790601523.0551527,rc_send,
1790601523.2144017,rc_send,
1790601523.3110619,llm_explanation,989.9933999986388
1790601523.3160486,rc_send,
1790601523.4256861,rc_send,
1790601523.5536025,rc_send,
1790601523.6824164,rc_send,
1790601523.7917285,rc_send,
1790601523.8977191,rc_send,
1790601524.0168407,rc_send,
1790601524.1177788,rc_send,
1790601524.2196763,rc_send,
1790601524.321286,rc_send,
1790601524.4242895,rc_send,
1790601524.5268776,rc_send,
1790601524.616136,llm_explanation,1287.8067000128794
1790601524.6385891,rc_send,
1790601524.7409658,rc_send,
1790601524.8439307,rc_send,
1790601524.946152,rc_send,
1790601525.052122,rc_send,
1790601525.167487,rc_send,
1790601525.2719944,rc_send,
1790601525.3732445,rc_send,
1790601525.5083158,llm_explanation,910.0852999836206
1790601525.5133028,rc_send,
1790601525.6160502,rc_send,
1790601525.7268853,rc_send,
1790601525.8365872,rc_send,
1790601525.937343,rc_send,
1790601526.0519109,rc_send,
1790601526.1549056,rc_send,
1790601526.2707317,rc_send,
1790601526.379947,rc_send,
1790601526.4816852,rc_send,
1790601526.5828311,rc_send,
1790601526.6833286,rc_send,
1790601526.8365405,llm_explanation,1384.9773000110872
1790601526.8412938,rc_send,
1790601526.956851,rc_send,
1790601527.0712843,rc_send,
1790601527.1725233,rc_send,
1790601527.2787507,rc_send,
1790601527.4145498,rc_send,
1790601527.5158484,rc_send,
1790601527.7620625,llm_explanation,935.9675000014249
1790601527.7672384,rc_send,
1790601527.8930888,rc_send,
1790601527.9997365,rc_send,
1790601528.1026537,rc_send,
1790601528.248164,rc_send,
1790601528.3523035,rc_send,
1790601528.459003,rc_send,
1790601528.5584078,rc_send,
1790601528.71959,rc_send,
1790601528.8294308,rc_send,
1790601528.9355931,rc_send,
1790601529.0382292,rc_send,
1790601529.1382544,rc_send,
1790601529.1974106,llm_explanation,1397.2894000180531
1790601529.2712817,rc_send,
1790601529.374231,rc_send,
1790601529.473707,rc_send,
1790601529.6037073,rc_send,
1790601529.7204053,rc_send,
1790601529.8579125,rc_send,
1790601529.9605896,rc_send,
1790601530.1163776,rc_send,
1790601530.2356193,rc_send,
1790601530.3379283,rc_send,
1790601530.4575517,rc_send,
1790601530.596901,rc_send,
1790601530.7038026,rc_send,
1790601530.805067,rc_send,
1790601530.870535,llm_explanation,1655.1785999909043
1790601530.9553275,rc_send,
1790601531.076273,rc_send,
1790601531.1800156,rc_send,
1790601531.3122804,rc_send,
1790601531.4493165,rc_send,
1790601531.5614688,rc_send,
1790601531.6628952,rc_send,
1790601531.8419533,rc_send,
1790601531.9436553,rc_send,
1790601532.0494163,rc_send,
1790601532.1525817,rc_send,
1790601532.270492,rc_send,
1790601532.3962653,rc_send,
1790601532.4995306,rc_send,
1790601532.605491,rc_send,
1790601532.6966336,llm_explanation,1879.8189999943133
1790601532.7055461,rc_send,
1790601532.814325,rc_send,
1790601532.9332263,rc_send,
1790601533.0487583,rc_send,
1790601533.1525884,rc_send,
1790601533.2726963,rc_send,
1790601533.3852854,rc_send,
1790601533.4886825,rc_send,
1790601533.651776,rc_send,
1790601533.75789,rc_send,
1790601533.9003565,rc_send,
1790601534.0009406,rc_send,
1790601534.1337001,rc_send,
1790601534.2489963,rc_send,
1790601534.3895733,rc_send,
1790601534.5164275,rc_send,
1790601534.6178193,rc_send,
1790601534.7335107,rc_send,
1790601534.837287,rc_send,
1790601534.943102,rc_send,
1790601535.051094,rc_send,
1790601535.1548839,rc_send,
1790601535.2724373,rc_send,
1790601535.37486,rc_send,
1790601535.510155,rc_send,
1790601535.627286,rc_send,
1790601535.7742665,rc_send,
1790601535.8818707,rc_send,
1790601536.015027,rc_send,
1790601536.1279366,rc_send,
1790601536.283328,rc_send,
1790601536.39983,rc_send,
1790601536.500716,rc_send,
1790601536.6471384,rc_send,
1790601536.7333357,llm_explanation,1073.7381000071764
1790601536.7622185,rc_send,
1790601536.9033797,rc_send,
1790601537.0129952,rc_send,
1790601537.1556654,rc_send,
1790601537.3145628,rc_send,
1790601537.4302487,rc_send,
1790601537.5319102,rc_send,
1790601537.6904564,rc_send,
1790601537.7954786,rc_send,
1790601537.8563864,llm_explanation,1078.6075000069104
1790601537.9392002,rc_send,
1790601538.0407166,rc_send,
1790601538.1886766,rc_send,
1790601538.2919915,rc_send,
1790601538.3944845,rc_send,
1790601538.495224,rc_send,
1790601538.5990975,rc_send,
1790601538.7024405,rc_send,
1790601538.8036706,rc_send,
1790601538.9053264,rc_send,
1790601538.998177,llm_explanation,1016.1116999806836
1790601539.0063255,rc_send,
1790601539.1066105,rc_send,
1790601539.2088416,rc_send,
1790601539.3118157,rc_send,
1790601539.4142728,rc_send,
1790601539.5298085,rc_send,
1790601539.6318579,rc_send,
1790601539.734098,rc_send,
1790601539.8378105,rc_send,
1790601539.9808939,rc_send,
1790601540.0897167,rc_send,
1790601540.1387105,llm_explanation,1300.1091000041924
1790601540.2379775,rc_send,
1790601540.345757,rc_send,
1790601540.4520502,rc_send,
1790601540.5738852,rc_send,
1790601540.6868708,rc_send,
1790601540.7919624,rc_send,
1790601540.934191,rc_send,
1790601541.0403724,rc_send,
1790601541.190812,rc_send,
1790601541.2926307,rc_send,
1790601541.403255,rc_send,
1790601541.5059047,rc_send,
1790601541.6196444,rc_send,
1790601541.7815707,llm_explanation,1601.0796999908052
1790601541.7865546,rc_send,
1790601541.8885958,rc_send,
1790601542.006281,rc_send,
1790601542.1067789,rc_send,
1790601542.210378,rc_send,
1790601542.3103988,rc_send,
1790601542.4133031,rc_send,
1790601542.514486,rc_send,
1790601542.6247003,rc_send,
1790601542.7272553,rc_send,
1790601542.8340166,rc_send,
1790601542.9515827,llm_explanation,1158.6738000041805
1790601542.9565692,rc_send,
1790601543.084092,rc_send,
1790601543.186494,rc_send,
1790601543.299544,rc_send,
1790601543.4166684,rc_send,
1790601543.5201206,rc_send,
1790601543.6244287,rc_send,
1790601543.7434733,rc_send,
1790601543.8511698,rc_send,
1790601543.9706383,rc_send,
1790601544.0880296,rc_send,
1790601544.1902645,rc_send,
1790601544.29161,rc_send,
1790601544.3968518,rc_send,
1790601544.5543277,rc_send,
1790601544.6544676,rc_send,
1790601544.8092525,rc_send,
1790601544.91471,rc_send,
1790601545.0502222,rc_send,
1790601545.1561847,rc_send,
1790601545.3056455,rc_send,
1790601545.443183,rc_send,
1790601545.4597764,llm_explanation,1554.9582999956328
1790601545.5456622,rc_send,
1790601545.6479232,rc_send,
1790601545.8118477,rc_send,
1790601545.9122171,rc_send,
1790601546.0145874,rc_send,
1790601546.1227624,rc_send,
1790601546.2695858,rc_send,
1790601546.3786983,rc_send,
1790601546.4888833,rc_send,
1790601546.637906,rc_send,
1790601546.7393124,rc_send,
1790601546.902621,llm_explanation,1418.1308999832254
1790601546.907609,rc_send,
1790601547.0101697,rc_send,
1790601547.1179247,rc_send,
1790601547.2692366,rc_send,
1790601547.3749816,rc_send,
1790601547.497438,rc_send,
1790601547.6133726,rc_send,
1790601547.7590034,rc_send,
1790601547.8613842,rc_send,
1790601547.9095001,llm_explanation,1024.4860999810044
1790601548.014654,rc_send,
1790601548.137138,rc_send,
1790601548.2390838,rc_send,
1790601548.3779793,rc_send,
1790601548.4978232,rc_send,
1790601548.601815,rc_send,
1790601548.7084365,rc_send,
1790601548.8470318,rc_send,
1790601548.9967685,rc_send,
1790601549.1817598,rc_send,
1790601549.336729,rc_send,
1790601549.4420485,llm_explanation,1520.095300016692
1790601549.4477413,rc_send,
1790601549.5776865,rc_send,
1790601549.7012658,rc_send,
1790601549.8274193,rc_send,
1790601549.9270725,rc_send,
1790601550.0539238,rc_send,
1790601550.3094468,rc_send,
1790601550.45217,llm_explanation,1038.6852999799885
1790601550.4573498,rc_send,
1790601550.559756,rc_send,
1790601550.6766474,rc_send,
1790601550.7780159,rc_send,
1790601550.88208,rc_send,
1790601550.9858246,rc_send,
1790601551.0866096,rc_send,
1790601551.2214773,rc_send,
1790601551.322021,rc_send,
1790601551.3864315,llm_explanation,880.166899994947
1790601551.4223661,rc_send,
1790601551.5538998,rc_send,
1790601551.662357,rc_send,
1790601551.7648537,rc_send,
1790601551.9017918,rc_send,
1790601552.0047927,rc_send,
1790601552.1042871,rc_send,
1790601552.2227182,rc_send,
1790601552.3238895,rc_send,
1790601552.4244087,rc_send,
1790601552.5390623,llm_explanation,1202.5187000108417
1790601552.5440493,rc_send,
1790601552.6891181,rc_send,
1790601552.8547666,rc_send,
1790601553.0198462,rc_send,
1790601553.122762,rc_send,
1790601553.2692006,rc_send,
1790601553.4143903,rc_send,
1790601553.5713995,rc_send,
1790601553.724874,rc_send,
1790601553.8936167,rc_send,
1790601554.028227,rc_send,
1790601554.2178526,rc_send,
1790601554.3702936,rc_send,
1790601554.5157137,rc_send,
1790601554.6928391,llm_explanation,921.4070000161882
1790601554.6991358,rc_send,
1790601554.8711002,rc_send,
1790601555.0403643,rc_send,
1790601555.1963968,rc_send,
1790601555.340731,rc_send,
1790601555.4668946,rc_send,
1790601555.5873368,llm_explanation,958.8997999962885
1790601555.5933201,rc_send,
1790601555.7491333,rc_send,
1790601555.8781993,rc_send,
1790601556.0643792,rc_send,
1790601556.223022,rc_send,
1790601556.3599336,llm_explanation,708.3419999980833
1790601556.363882,rc_send,
1790601556.4869883,rc_send,
1790601556.6361043,rc_send,
1790601556.7907984,rc_send,
1790601556.926035,rc_send,
1790601557.0454462,rc_send,
1790601557.2321632,rc_send,
1790601557.3519146,rc_send,
1790601557.4699457,rc_send,
1790601557.6262722,rc_send,
1790601557.7982423,rc_send,
1790601557.9275725,llm_explanation,1405.372899986105
1790601557.9313738,rc_send,
1790601558.087583,rc_send,
1790601558.2003562,rc_send,
1790601558.3403072,rc_send,
1790601558.498802,rc_send,
1790601558.6388757,rc_send,
1790601558.815416,rc_send,
1790601558.9488456,rc_send,
1790601559.0629714,rc_send,
1790601559.208035,rc_send,
1790601559.3175468,rc_send,
1790601559.4571166,rc_send,
1790601559.5643494,rc_send,
1790601559.7080512,rc_send,
1790601559.8370314,rc_send,
1790601559.9543772,rc_send,
1790601560.081202,rc_send,
1790601560.1938226,rc_send,
1790601560.2805107,llm_explanation,991.4143000205513
1790601560.3174143,rc_send,
1790601560.4192553,rc_send,
1790601560.525836,rc_send,
1790601560.6327932,rc_send,
1790601560.7904325,rc_send,
1790601560.9059849,rc_send,
1790601561.02967,rc_send,
1790601561.1488955,rc_send,
1790601561.2774575,rc_send,
1790601561.3558083,llm_explanation,1044.7687999985646
1790601561.4153762,rc_send,
1790601561.5641937,rc_send,
1790601561.681934,rc_send,
1790601561.842592,rc_send,
1790601562.0010314,rc_send,
1790601562.1065266,rc_send,
1790601562.2434034,rc_send,
1790601562.3883626,rc_send,
1790601562.4959135,rc_send,
1790601562.599761,rc_send,
1790601562.7543168,rc_send,
1790601562.8545752,rc_send,
1790601562.977113,rc_send,
1790601563.0778227,rc_send,
1790601563.1866822,rc_send,
1790601563.335582,rc_send,
1790601563.5131326,rc_send,
1790601563.6392581,rc_send,
1790601563.7459126,rc_send,
1790601563.8610456,rc_send,
1790601563.9617915,rc_send,
1790601564.1452405,rc_send,
1790601564.2952766,rc_send,
1790601564.396884,rc_send,
1790601564.5549834,rc_send,
1790601564.6593308,rc_send,
1790601564.8103673,rc_send,
1790601564.9590862,rc_send,
1790601565.102332,rc_send,
1790601565.2606373,rc_send,
1790601565.3853903,rc_send,
1790601565.5074277,rc_send,
1790601565.6444185,rc_send,
1790601565.8303068,rc_send,
1790601565.9972103,rc_send,
1790601566.1508539,rc_send,
1790601566.2815824,rc_send,
1790601566.4221556,rc_send,
1790601566.5755212,rc_send,
1790601566.7388158,rc_send,
1790601566.9138813,rc_send,
1790601567.0146923,rc_send,
1790601567.1752198,rc_send,
1790601567.2782044,rc_send,
1790601567.3809674,rc_send,
1790601567.5500488,rc_send,
1790601567.6649895,rc_send,
1790601567.7659087,rc_send,
1790601567.86727,rc_send,
1790601567.9674313,rc_send,
1790601568.0689545,rc_send,
1790601568.1928349,rc_send,
1790601568.2942097,rc_send,
1790601568.3976965,rc_send,
1790601568.5414555,rc_send,
1790601568.6430988,rc_send,
1790601568.753082,rc_send,
1790601568.8777058,rc_send,
1790601568.9984772,rc_send,
1790601569.0998886,rc_send,
1790601569.2256825,rc_send,
1790601569.326016,rc_send,
1790601569.4363909,rc_send,
1790601569.587347,rc_send,
1790601569.750006,rc_send,
1790601569.8721206,rc_send,
1790601569.9872537,rc_send,
1790601570.0962417,rc_send,
1790601570.239812,rc_send,
1790601570.3468332,rc_send,
1790601570.4896326,rc_send,
1790601570.6062443,rc_send,
1790601570.7574074,rc_send,
1790601570.8638778,rc_send,
1790601570.9760265,rc_send,
1790601571.1284468,rc_send,
1790601571.2349424,rc_send,
1790601571.3388183,rc_send,
1790601571.4758644,rc_send,
1790601571.5931177,rc_send,
1790601571.6793098,llm_explanation,1813.7444000167307
1790601571.7441425,rc_send,
1790601571.872753,rc_send,
1790601571.9961703,rc_send,
1790601572.1316774,rc_send,
1790601572.2353234,rc_send,
1790601572.342502,rc_send,
1790601572.4822774,rc_send,
1790601572.599071,rc_send,
1790601572.753155,rc_send,
1790601572.8825798,rc_send,
1790601572.9844096,rc_send,
1790601573.0961862,rc_send,
1790601573.2392676,rc_send,
1790601573.3407044,rc_send,
1790601573.4591947,rc_send,
1790601573.5989437,rc_send,
1790601573.7186294,rc_send,
1790601573.8447866,rc_send,
1790601573.9690068,rc_send,
1790601574.106684,rc_send,
1790601574.215186,rc_send,
1790601574.3231437,rc_send,
1790601574.4335287,rc_send,
1790601574.5789015,rc_send,
1790601574.6809103,rc_send,
1790601574.8109381,rc_send,
1790601574.9281673,rc_send,
1790601575.06725,rc_send,
1790601575.1917336,rc_send,
1790601575.3275974,rc_send,
1790601575.4289815,rc_send,
1790601575.541384,rc_send,
1790601575.68385,rc_send,
1790601575.8127437,rc_send,
1790601575.9375458,rc_send,
1790601576.084966,rc_send,
1790601576.210686,rc_send,
1790601576.3116271,rc_send,
1790601576.4254105,rc_send,
1790601576.5607667,rc_send,
1790601576.680667,rc_send,
1790601576.8335197,rc_send,
1790601576.9379666,rc_send,
1790601577.0465038,rc_send,
1790601577.1840928,rc_send,
1790601577.3037243,rc_send,
1790601577.4044688,rc_send,
1790601577.5161152,rc_send,
1790601577.6488988,rc_send,
1790601577.7794023,rc_send,
1790601577.93421,rc_send,
1790601578.0493803,rc_send,
1790601578.1831849,rc_send,
1790601578.2969756,rc_send,
1790601578.423975,rc_send,
1790601578.5596826,rc_send,
1790601578.6608717,rc_send,
1790601578.82055,rc_send,
1790601578.9685104,rc_send,
1790601579.0793405,rc_send,
1790601579.1814766,rc_send,
1790601579.3078597,rc_send,
1790601579.4292357,rc_send,
1790601579.5323002,rc_send,
1790601579.686212,rc_send,
1790601579.786497,rc_send,
1790601579.925027,rc_send,
1790601580.0257902,rc_send,
1790601580.1439283,rc_send,
1790601580.243623,rc_send,
1790601580.349531,rc_send,
1790601580.4772527,rc_send,
1790601580.5768359,rc_send,
1790601580.6793642,rc_send,
1790601580.8312182,rc_send,
1790601580.931325,rc_send,
1790601581.0315013,rc_send,
1790601581.1472597,rc_send,
1790601581.249812,rc_send,
1790601581.349687,rc_send,
1790601581.476323,rc_send,
1790601581.5765002,rc_send,
1790601581.6784484,rc_send,
1790601581.8027108,rc_send,
1790601581.9593978,rc_send,
1790601582.0924354,rc_send,
1790601582.2306032,rc_send,
1790601582.3313987,rc_send,
1790601582.4731562,rc_send,
1790601582.603614,rc_send,
1790601582.7206454,rc_send,
1790601582.8206549,rc_send,
1790601582.920868,rc_send,
1790601583.0290673,rc_send,
1790601583.175572,rc_send,
1790601583.2817297,rc_send,
1790601583.3973737,rc_send,
1790601583.5196257,rc_send,
1790601583.6196854,rc_send,
1790601583.7198331,rc_send,
1790601583.8502645,rc_send,
1790601583.9528956,rc_send,
1790601584.053253,rc_send,
1790601584.1737204,rc_send,
1790601584.276505,rc_send,
1790601584.3778124,rc_send,
1790601584.5101767,rc_send,
1790601584.6122088,rc_send,
1790601584.713627,rc_send,
1790601584.8489082,rc_send,
1790601584.9489188,rc_send,
1790601585.0491607,rc_send,
1790601585.2397864,rc_send,
1790601585.3553092,rc_send,
1790601585.4793801,rc_send,
1790601585.6358075,rc_send,
1790601585.7615323,rc_send,
1790601585.8888843,rc_send,
1790601586.0226932,rc_send,
1790601586.1489897,rc_send,
1790601586.3060198,rc_send,
1790601586.4154644,rc_send,
1790601586.5491164,rc_send,
1790601586.6770825,rc_send,
1790601586.8215945,rc_send,
1790601586.9749877,rc_send,
1790601587.1398556,rc_send,
1790601587.248548,rc_send,
1790601587.357783,rc_send,
1790601587.477958,rc_send,
1790601587.654201,rc_send,
1790601587.7785165,rc_send,
1790601587.9217842,rc_send,
1790601588.034373,rc_send,
1790601588.1593785,rc_send,
1790601588.310996,rc_send,
1790601588.479007,rc_send,
1790601588.5892305,llm_explanation,1603.049600002123
1790601588.5952144,rc_send,
1790601588.7264268,rc_send,
1790601588.8693023,rc_send,
1790601589.0182047,rc_send,
1790601589.1686082,rc_send,
1790601589.3115754,rc_send,
1790601589.4556777,rc_send,
1790601589.594095,rc_send,
1790601589.7413855,rc_send,
1790601589.9437923,rc_send,
1790601590.1602542,rc_send,
1790601590.3069098,rc_send,
1790601590.4184837,rc_send,
1790601590.5628526,rc_send,
1790601590.7427247,rc_send,
1790601590.9360573,llm_explanation,1148.5708999971393
1790601590.9420414,rc_send,
1790601591.1122372,rc_send,
1790601591.3072782,rc_send,
1790601591.4345849,rc_send,
1790601591.5660427,rc_send,
1790601591.7027726,rc_send,
1790601591.8703678,rc_send,
1790601592.014281,rc_send,
1790601592.2086053,rc_send,
1790601592.36724,rc_send,
1790601592.5385811,rc_send,
1790601592.7033079,rc_send,
1790601592.8753402,llm_explanation,1922.6901000074577
1790601592.880327,rc_send,
1790601593.0292509,rc_send,
1790601593.1825914,rc_send,
1790601593.290156,rc_send,
1790601593.4260097,rc_send,
1790601593.5422857,rc_send,
1790601593.691874,rc_send,
1790601593.873813,rc_send,
1790601594.0238342,rc_send,
1790601594.1812842,rc_send,
1790601594.347374,rc_send,
1790601594.5277681,rc_send,
1790601594.6994286,rc_send,
1790601594.8615494,rc_send,
1790601595.0431476,rc_send,
1790601595.172278,rc_send,
1790601595.2277746,llm_explanation,1051.5703999844845
1790601595.343887,rc_send,
1790601595.494543,rc_send,
1790601595.62934,rc_send,
1790601595.7539737,rc_send,
1790601595.8780644,rc_send,
1790601595.9836328,rc_send,
1790601596.0954,rc_send,
1790601596.2450368,rc_send,
1790601596.41507,rc_send,
1790601596.5156922,rc_send,
1790601596.590299,llm_explanation,1369.8904999764636
1790601596.6188078,rc_send,
1790601596.7210839,rc_send,
1790601596.8224158,rc_send,
1790601596.9241455,rc_send,
1790601597.0451903,rc_send,
1790601597.1508358,rc_send,
1790601597.2527776,rc_send,
1790601597.3563728,rc_send,
1790601597.458733,rc_send,
1790601597.573472,rc_send,
1790601597.6756067,rc_send,
1790601597.7777965,rc_send,
1790601597.888435,rc_send,
1790601597.9683557,llm_explanation,1343.9497000072151
1790601597.9922838,rc_send,
1790601598.093368,rc_send,
1790601598.2092426,rc_send,
1790601598.3096495,rc_send,
1790601598.409795,rc_send,
1790601598.5379686,rc_send,
1790601598.6416266,rc_send,
1790601598.7447412,rc_send,
1790601598.8109927,llm_explanation,828.0750999983866
1790601598.8837988,rc_send,
1790601598.9875038,rc_send,
1790601599.089252,rc_send,
1790601599.210931,rc_send,
1790601599.3119972,rc_send,
1790601599.41233,rc_send,
1790601599.5522437,rc_send,
1790601599.663714,rc_send,
1790601599.7668247,rc_send,
1790601599.8676367,rc_send,
1790601599.9700649,rc_send,
1790601600.0160093,llm_explanation,1223.7555000174325
1790601600.081419,rc_send,
1790601600.196608,rc_send,
1790601600.2973619,rc_send,
1790601608.4902537,llm_explanation,1917.8681000194047
1790601635.9581637,llm_explanation,1059.2179000086617
1790601647.6942914,llm_explanation,1776.5928999870084
1790601675.0709789,llm_explanation,1075.2640000137035
1790601684.8243272,llm_explanation,1809.5923000073526
1790601712.846715,llm_explanation,1181.197300000349
1790601722.7663352,llm_explanation,1929.6016999869607
1790601733.8469532,llm_explanation,1188.1824000156485
1790601734.9621851,llm_explanation,1096.2934999843128
1790601735.9699845,llm_explanation,1016.154999990249
1790601737.0147085,llm_explanation,1047.5448000070173
1790601743.9141364,llm_explanation,1567.2322000027634
1790601747.632061,llm_explanation,1664.4656999851577
1790601756.4196987,rc_send,
1790601756.5392704,rc_send,
1790601756.6713011,rc_send,
1790601756.8030956,rc_send,
1790601756.929776,rc_send,
1790601757.0758786,rc_send,
1790601757.1969974,rc_send,
1790601757.323686,rc_send,
1790601757.4302185,rc_send,
1790601757.549913,rc_send,
1790601757.6519744,llm_explanation,1161.1725999973714
1790601757.657365,rc_send,
1790601757.7709258,rc_send,
1790601757.8771358,rc_send,
1790601757.9917486,rc_send,
1790601758.1026304,rc_send,
1790601758.2275062,rc_send,
1790601758.3339822,rc_send,
1790601758.4466252,rc_send,
1790601758.5501223,rc_send,
1790601758.6689906,rc_send,
1790601758.79167,rc_send,
1790601758.905399,rc_send,
1790601759.035974,rc_send,
1790601759.1000586,llm_explanation,1421.1333999992348
1790601759.1500719,rc_send,
1790601759.2932653,rc_send,
1790601759.3985147,rc_send,
1790601759.505765,rc_send,
1790601759.6075726,rc_send,
1790601759.7216868,rc_send,
1790601759.8473287,rc_send,
1790601759.9810865,rc_send,
1790601760.1081886,rc_send,
1790601760.2484927,rc_send,
1790601760.3850276,rc_send,
1790601760.4965038,rc_send,
1790601760.5990899,rc_send,
1790601760.7139456,rc_send,
1790601760.8220937,rc_send,
1790601760.9316678,rc_send,
1790601761.040786,rc_send,
1790601761.1618245,rc_send,
1790601761.2741568,rc_send,
1790601761.440601,rc_send,
1790601761.5494163,rc_send,
1790601761.6600728,rc_send,
1790601761.7663841,rc_send,
1790601761.8737576,rc_send,
1790601762.0107338,rc_send,
1790601762.183876,rc_send,
1790601762.3396065,rc_send,
1790601762.485673,rc_send,
1790601762.623264,rc_send,
1790601762.7595694,rc_send,
1790601762.9012833,rc_send,
1790601763.050499,rc_send,
1790601763.1572294,rc_send,
1790601763.3109632,rc_send,
1790601763.4547815,rc_send,
1790601763.6191318,rc_send,
1790601763.7303245,rc_send,
1790601763.8381574,rc_send,
1790601763.9771178,rc_send,
1790601764.1185465,rc_send,
1790601764.2684338,rc_send,
1790601764.4100895,rc_send,
1790601764.5488088,rc_send,
1790601764.6573741,rc_send,
1790601764.757446,rc_send,
1790601764.884266,rc_send,
1790601764.986252,rc_send,
1790601765.0872545,rc_send,
1790601765.222382,rc_send,
1790601765.3235915,rc_send,
1790601765.4245222,rc_send,
1790601765.5349698,rc_send,
1790601765.6387475,rc_send,
1790601765.7391117,rc_send,
1790601765.8665957,rc_send,
1790601765.9688098,rc_send,
1790601766.069087,rc_send,
1790601766.1306043,llm_explanation,963.0930000275839
1790601766.169439,rc_send,
1790601766.275345,rc_send,
1790601766.3757513,rc_send,
1790601766.4782221,rc_send,
1790601766.5815172,rc_send,
1790601766.70417,rc_send,
1790601766.8046365,rc_send,
1790601766.9309666,rc_send,
1790601767.056472,rc_send,
1790601767.1905627,rc_send,
1790601767.2658358,llm_explanation,1129.5020000252407
1790601767.3057613,rc_send,
1790601767.419663,rc_send,
1790601767.526448,rc_send,
1790601767.682672,rc_send,
1790601767.7964814,rc_send,
1790601767.9461076,rc_send,
1790601768.0469792,rc_send,
1790601768.2242775,rc_send,
1790601768.3518267,rc_send,
1790601768.4617717,rc_send,
1790601768.5739563,rc_send,
1790601768.6744778,rc_send,
1790601768.7747014,rc_send,
1790601768.8988037,rc_send,
1790601769.0426548,rc_send,
1790601769.163975,rc_send,
1790601769.2930293,rc_send,
1790601769.4068553,rc_send,
1790601769.510523,rc_send,
1790601769.696943,rc_send,
1790601769.8205993,rc_send,
1790601769.9540925,rc_send,
1790601770.0656435,llm_explanation,1505.2437000267673
1790601770.0706294,rc_send,
1790601770.2556615,rc_send,
1790601770.4143767,rc_send,
1790601770.5159702,rc_send,
1790601770.6176765,rc_send,
1790601770.724753,rc_send,
1790601770.8770883,rc_send,
1790601771.0029254,rc_send,
1790601771.0295804,llm_explanation,978.4233999962453
1790601771.1353152,rc_send,
1790601771.2359064,rc_send,
1790601771.354636,rc_send,
1790601771.502119,rc_send,
1790601771.6332796,rc_send,
1790601771.7848923,rc_send,
1790601771.8872998,rc_send,
1790601771.992956,rc_send,
1790601772.1214786,rc_send,
1790601772.1815,llm_explanation,1151.1767999909353
1790601772.228863,rc_send,
1790601772.331831,rc_send,
1790601772.4346943,rc_send,
1790601772.5890439,rc_send,
1790601772.709931,rc_send,
1790601772.8577435,rc_send,
1790601772.9747813,rc_send,
1790601773.1180599,rc_send,
1790601773.23453,rc_send,
1790601773.3583903,rc_send,
1790601773.465319,rc_send,
1790601773.6331198,rc_send,
1790601773.755711,rc_send,
1790601773.8824427,rc_send,
1790601774.040603,rc_send,
1790601774.1707935,rc_send,
1790601774.272423,rc_send,
1790601774.3941798,rc_send,
1790601774.4965703,rc_send,
1790601774.6075966,rc_send,
1790601774.7490494,rc_send,
1790601774.8674514,rc_send,
1790601774.971096,rc_send,
1790601775.1198478,rc_send,
1790601775.2231967,rc_send,
1790601775.3380587,rc_send,
1790601775.4914691,rc_send,
1790601775.6076088,rc_send,
1790601775.75099,rc_send,
1790601775.8606179,rc_send,
1790601775.9982948,rc_send,
1790601776.1187198,rc_send,
1790601776.2703302,rc_send,
1790601776.392904,rc_send,
1790601776.5477288,rc_send,
1790601776.6606379,rc_send,
1790601776.7690032,rc_send,
1790601776.9109206,rc_send,
1790601777.0234928,rc_send,
1790601777.1701527,rc_send,
1790601777.2883987,rc_send,
1790601777.433919,rc_send,
1790601777.559242,rc_send,
1790601777.6982439,rc_send,
1790601777.8067553,rc_send,
1790601777.9457374,rc_send,
1790601778.0628748,rc_send,
1790601778.216903,rc_send,
1790601778.330734,rc_send,
1790601778.4726553,rc_send,
1790601778.5892358,rc_send,
1790601778.7332478,rc_send,
1790601778.8499186,rc_send,
1790601778.96357,rc_send,
1790601779.1099422,rc_send,
1790601779.2390623,rc_send,
1790601779.3903494,rc_send,
1790601779.504754,rc_send,
1790601779.6540253,rc_send,
1790601779.775383,rc_send,
1790601779.8850496,rc_send,
1790601780.030007,rc_send,
1790601780.1505182,rc_send,
1790601780.2547507,rc_send,
1790601780.3991566,rc_send,
1790601780.511773,rc_send,
1790601780.6543782,rc_send,
1790601780.768231,rc_send,
1790601780.886054,rc_send,
1790601781.033861,rc_send,
1790601781.199804,rc_send,
1790601781.3345175,rc_send,
1790601781.4699876,rc_send,
1790601781.621435,rc_send,
1790601781.7360954,rc_send,
1790601781.8370602,rc_send,
1790601781.93829,rc_send,
1790601782.0403833,rc_send,
1790601782.14093,rc_send,
1790601782.143331,llm_explanation,1909.5406999986153
1790601782.2804444,rc_send,
1790601782.3817172,rc_send,
1790601782.4842448,rc_send,
1790601782.6025956,rc_send,
1790601782.7031763,rc_send,
1790601782.8044882,rc_send,
1790601782.9052987,rc_send,
1790601783.0060418,rc_send,
1790601783.1075552,rc_send,
1790601783.2100267,rc_send,
1790601783.3119414,rc_send,
1790601783.4568443,rc_send,
1790601783.5731559,rc_send,
1790601783.7099953,rc_send,
1790601783.8220541,rc_send,
1790601783.9403687,rc_send,
1790601784.0486686,rc_send,
1790601784.1699357,rc_send,
1790601784.2823548,rc_send,
1790601784.4030564,rc_send,
1790601784.5097709,rc_send,
1790601784.6273866,rc_send,
1790601784.7529523,rc_send,
1790601784.8699608,rc_send,
1790601784.9800391,rc_send,
1790601785.1038613,rc_send,
1790601785.2294965,rc_send,
1790601785.3462763,rc_send,
1790601785.4582572,rc_send,
1790601785.5845685,rc_send,
1790601785.6970687,rc_send,
1790601785.8131773,rc_send,
1790601785.9273603,rc_send,
1790601786.047451,rc_send,
1790601786.1793804,rc_send,
1790601786.307435,llm_explanation,1789.916899986565
1790601786.3129964,rc_send,
1790601786.4464922,rc_send,
1790601786.5600119,rc_send,
1790601786.6652281,rc_send,
1790601786.7909503,rc_send,
1790601786.8974009,rc_send,
1790601787.0366483,rc_send,
1790601787.1636362,rc_send,
1790601787.3220553,rc_send,
1790601787.457312,rc_send,
1790601787.6088846,rc_send,
1790601787.7574701,rc_send,
1790601787.865938,rc_send,
1790601787.973772,rc_send,
1790601788.0779376,rc_send,
1790601788.213914,rc_send,
1790601788.324517,rc_send,
1790601788.449345,rc_send,
1790601788.5713058,llm_explanation,1004.3787999893539
1790601788.5762923,rc_send,
1790601788.7070422,rc_send,
1790601788.831728,rc_send,
1790601788.9774606,rc_send,
1790601789.1106844,rc_send,
1790601789.2513971,rc_send,
1790601789.4159877,rc_send,
1790601789.5521863,rc_send,
1790601789.6794875,rc_send,
1790601789.8090281,llm_explanation,1262.0535000169184
1790601789.8143086,rc_send,
1790601789.9414964,rc_send,
1790601790.0754488,rc_send,
1790601790.2062025,rc_send,
1790601790.3400195,rc_send,
1790601790.4710133,rc_send,
1790601790.6211684,rc_send,
1790601790.7427952,rc_send,
1790601790.8812106,rc_send,
1790601791.0245662,rc_send,
1790601791.169727,rc_send,
1790601791.3160286,rc_send,
1790601791.4172072,rc_send,
1790601791.5706558,rc_send,
1790601791.6707525,rc_send,
1790601791.810434,rc_send,
1790601791.9359775,rc_send,
1790601792.0740666,rc_send,
1790601792.2194147,rc_send,
1790601792.3402936,rc_send,
1790601792.4408178,rc_send,
1790601792.5745792,rc_send,
1790601792.7282183,rc_send,
1790601792.8591535,rc_send,
1790601792.9844475,rc_send,
1790601793.119235,rc_send,
1790601793.257013,rc_send,
1790601793.4009137,rc_send,
1790601793.5206099,rc_send,
1790601793.67034,rc_send,
1790601793.8130906,rc_send,
1790601793.9767957,rc_send,
1790601794.0773447,rc_send,
1790601794.1779482,rc_send,
1790601794.305963,rc_send,
1790601794.407387,rc_send,
1790601794.509543,rc_send,
1790601794.6215715,rc_send,
1790601794.7289705,rc_send,
1790601794.8464313,rc_send,
1790601794.9637332,rc_send,
1790601795.0825007,rc_send,
1790601795.115205,llm_explanation,1150.0930000038352
1790601795.2044759,rc_send,
1790601795.3260903,rc_send,
1790601795.4440997,rc_send,
1790601795.5514402,rc_send,
1790601795.6557424,rc_send,
1790601795.7790596,rc_send,
1790601795.879942,rc_send,
1790601796.0047479,rc_send,
1790601796.1067586,rc_send,
1790601796.2290618,rc_send,
1790601796.3389812,rc_send,
1790601796.44233,rc_send,
1790601796.5609422,rc_send,
1790601796.6669965,rc_send,
1790601796.7809846,rc_send,
1790601796.881872,rc_send,
1790601796.983625,rc_send,
1790601797.0859401,rc_send,
1790601797.1862607,rc_send,
1790601797.3348463,rc_send,
1790601797.4382749,rc_send,
1790601797.5528016,rc_send,
1790601797.653546,rc_send,
1790601797.7559319,rc_send,
1790601797.857135,rc_send,
1790601797.9859273,rc_send,
1790601798.105854,rc_send,
1790601798.22728,rc_send,
1790601798.3464413,rc_send,
1790601798.4971857,rc_send,
1790601798.6116207,rc_send,
1790601798.7194476,rc_send,
1790601798.8409507,rc_send,
1790601798.9749753,rc_send,
1790601799.0769897,rc_send,
1790601799.178522,rc_send,
1790601799.237362,llm_explanation,1770.9967000118922
1790601799.3186855,rc_send,
1790601799.4202173,rc_send,
1790601799.543526,rc_send,
1790601799.65187,rc_send,
1790601799.7765882,rc_send,
1790601799.910407,rc_send,
1790601800.038466,rc_send,
1790601800.1818047,rc_send,
1790601800.3235462,rc_send,
1790601800.431968,rc_send,
1790601800.5918052,rc_send,
1790601800.6926615,rc_send,
1790601800.7953436,rc_send,
1790601800.895638,rc_send,
1790601800.9977608,rc_send,
1790601801.0974028,rc_send,
1790601801.200149,rc_send,
1790601801.3282142,rc_send,
1790601801.428506,rc_send,
1790601801.5295458,rc_send,
1790601801.643011,rc_send,
1790601801.769595,rc_send,
1790601801.8905003,rc_send,
1790601802.0199533,rc_send,
1790601802.1581433,rc_send,
1790601802.2842288,rc_send,
1790601802.418325,rc_send,
1790601802.5431604,rc_send,
1790601802.6597414,rc_send,
1790601802.7782834,rc_send,
1790601802.9061463,rc_send,
1790601803.0209742,rc_send,
1790601803.1475499,rc_send,
1790601803.2708707,rc_send,
1790601803.3942068,rc_send,
1790601803.5101185,rc_send,
1790601803.6105075,rc_send,
1790601803.7105486,rc_send,
1790601803.8260207,rc_send,
1790601803.93622,rc_send,
1790601804.0413454,rc_send,
1790601804.1588624,rc_send,
1790601804.2695634,rc_send,
1790601804.3840654,rc_send,
1790601804.491431,rc_send,
1790601804.5931182,rc_send,
1790601804.6960597,rc_send,
1790601804.7968168,rc_send,
1790601804.8946583,llm_explanation,1155.5478000082076
1790601804.8991556,rc_send,
1790601805.009831,rc_send,
1790601805.1443796,rc_send,
1790601805.2629,rc_send,
1790601805.373358,rc_send,
1790601805.4871497,rc_send,
1790601805.523865,llm_explanation,863.9884000003804
1790601805.587723,rc_send,
1790601805.7428823,rc_send,
1790601805.860299,rc_send,
1790601805.9731529,rc_send,
1790601806.0762067,rc_send,
1790601806.1986008,rc_send,
1790601806.3141959,rc_send,
1790601806.4639058,rc_send,
1790601806.5651202,rc_send,
1790601806.67007,rc_send,
1790601806.7269952,llm_explanation,1176.5758999972604
1790601806.7708385,rc_send,
1790601806.8798172,rc_send,
1790601806.990247,rc_send,
1790601807.0934076,rc_send,
1790601807.2277477,rc_send,
1790601807.3477387,rc_send,
1790601807.4732175,rc_send,
1790601807.5864975,rc_send,
1790601807.6897268,rc_send,
1790601807.8028574,rc_send,
1790601807.9331682,rc_send,
1790601808.0451798,rc_send,
1790601808.179013,rc_send,
1790601808.2976274,rc_send,
1790601808.4030974,rc_send,
1790601808.5037591,rc_send,
1790601808.6251278,rc_send,
1790601808.7388778,rc_send,
1790601808.841288,rc_send,
1790601808.9961514,rc_send,
1790601809.105271,rc_send,
1790601809.2338927,rc_send,
1790601809.3439662,rc_send,
1790601809.470084,rc_send,
1790601809.583745,rc_send,
1790601809.6998525,rc_send,
1790601809.8153858,rc_send,
1790601809.937202,rc_send,
1790601810.0489347,rc_send,
1790601810.1737828,rc_send,
1790601810.3177435,rc_send,
1790601810.4758024,rc_send,
1790601810.5892637,rc_send,
1790601810.714986,rc_send,
1790601810.826571,rc_send,
1790601810.940943,rc_send,
1790601811.0525212,rc_send,
1790601811.167255,rc_send,
1790601811.277531,rc_send,
1790601811.3920932,rc_send,
1790601811.499743,llm_explanation,1334.1164000157733
1790601811.5057392,rc_send,
1790601811.61989,rc_send,
1790601811.7237542,rc_send,
1790601811.8498154,rc_send,
1790601811.9642773,rc_send,
1790601812.0879548,rc_send,
1790601812.219469,rc_send,
1790601812.3540914,rc_send,
1790601812.4642868,rc_send,
1790601812.5819032,rc_send,
1790601812.6870568,llm_explanation,1196.279299998423
1790601812.6929224,rc_send,
1790601812.8130906,rc_send,
1790601812.9263914,rc_send,
1790601813.0487535,rc_send,
1790601813.2074716,rc_send,
1790601813.339671,rc_send,
1790601813.4489677,rc_send,
1790601813.563806,rc_send,
1790601813.692526,rc_send,
1790601813.8269558,rc_send,
1790601813.9370685,rc_send,
1790601814.0378604,rc_send,
1790601814.1543605,rc_send,
1790601814.2876632,rc_send,
1790601814.3970373,rc_send,
1790601814.4674225,llm_explanation,1755.8381999842823
1790601814.5183518,rc_send,
1790601814.6278307,rc_send,
1790601814.7488053,rc_send,
1790601814.8667753,rc_send,
1790601814.9766338,rc_send,
1790601815.09435,rc_send,
1790601815.2166264,rc_send,
1790601815.3515913,rc_send,
1790601815.5004053,rc_send,
1790601815.6301289,rc_send,
1790601815.751324,rc_send,
1790601815.8733845,rc_send,
1790601816.0161078,rc_send,
1790601816.1384873,rc_send,
1790601816.2644298,rc_send,
1790601816.3885202,rc_send,
1790601816.5315804,rc_send,
1790601816.6831586,rc_send,
1790601816.8311944,rc_send,
1790601816.9803119,rc_send,
1790601817.1102452,rc_send,
1790601817.2556815,rc_send,
1790601817.3847682,rc_send,
1790601817.5170743,rc_send,
1790601817.6444108,rc_send,
1790601817.7729375,rc_send,
1790601817.8978274,rc_send,
1790601818.0314186,rc_send,
1790601818.168088,rc_send,
1790601818.2987123,rc_send,
1790601818.4198616,rc_send,
1790601818.546771,rc_send,
1790601818.5969057,llm_explanation,1144.4814999995288
1790601818.6477728,rc_send,
1790601818.750657,rc_send,
1790601818.851929,rc_send,
1790601818.952673,rc_send,
1790601819.0603647,rc_send,
1790601819.1960118,rc_send,
1790601819.332802,rc_send,
1790601819.4784093,rc_send,
1790601819.6417053,rc_send,
1790601819.7483327,rc_send,
1790601819.8621843,rc_send,
1790601819.9676175,rc_send,
1790601820.1147902,rc_send,
1790601820.2426481,rc_send,
1790601820.360473,rc_send,
1790601820.4641182,rc_send,
1790601820.5785177,rc_send,
1790601820.6856678,rc_send,
1790601820.7879226,rc_send,
1790601820.9065409,rc_send,
1790601821.0088637,rc_send,
1790601821.1096103,rc_send,
1790601821.2577615,rc_send,
1790601821.3601346,rc_send,
1790601821.462412,rc_send,
1790601821.525368,llm_explanation,1709.7051000164356
1790601821.6010692,rc_send,
1790601821.7447956,rc_send,
1790601821.8788395,rc_send,
1790601822.029358,rc_send,
1790601822.1938848,rc_send,
1790601822.331734,llm_explanation,884.915499977069
1790601822.33672,rc_send,
1790601822.463565,rc_send,
1790601822.6033623,rc_send,
1790601822.7337937,rc_send,
1790601822.8608549,rc_send,
1790601822.9929368,rc_send,
1790601823.121094,rc_send,
1790601823.283381,rc_send,
1790601823.4369376,llm_explanation,1060.1489999971818
1790601823.441924,rc_send,
1790601823.5555449,rc_send,
1790601823.6658378,rc_send,
1790601823.7827885,rc_send,
1790601823.889565,rc_send,
1790601824.005284,rc_send,
1790601824.1128974,rc_send,
1790601824.2310958,rc_send,
1790601824.3619936,rc_send,
1790601824.4733357,rc_send,
1790601824.5998921,rc_send,
1790601824.7435899,rc_send,
1790601824.844357,rc_send,
1790601824.9215455,llm_explanation,1504.5780999935232
1790601824.9930103,rc_send,
1790601825.0970004,rc_send,
1790601825.245519,rc_send,
1790601825.3804321,rc_send,
1790601825.4864643,rc_send,
1790601825.5875707,rc_send,
1790601825.6866984,rc_send,
1790601825.7895186,rc_send,
1790601825.8930466,rc_send,
1790601826.0198717,rc_send,
1790601826.1220481,rc_send,
1790601826.2041085,llm_explanation,1199.619499995606
1790601826.2235005,rc_send,
1790601826.3589952,rc_send,
1790601826.4596715,rc_send,
1790601826.5613515,rc_send,
1790601826.6625483,rc_send,
1790601826.793222,rc_send,
1790601826.8993628,rc_send,
1790601826.9995356,rc_send,
1790601827.1012266,rc_send,
1790601827.2091064,rc_send,
1790601827.3750207,rc_send,
1790601827.5053356,rc_send,
1790601827.6265864,llm_explanation,1483.3980000112206
1790601827.6315706,rc_send,
1790601827.7634811,rc_send,
1790601827.8822973,rc_send,
1790601828.0091345,rc_send,
1790601828.1229854,rc_send,
1790601828.2612453,rc_send,
1790601828.378638,rc_send,
1790601828.517565,rc_send,
1790601828.6516962,rc_send,
1790601828.7113423,llm_explanation,1096.9674000225496
1790601828.7906988,rc_send,
1790601828.9126766,rc_send,
1790601829.0231426,rc_send,
1790601829.1328838,rc_send,
1790601829.2568269,rc_send,
1790601829.367565,rc_send,
1790601829.5010445,rc_send,
1790601829.6040184,llm_explanation,921.2315000186209
1790601829.6090047,rc_send,
1790601829.7429516,rc_send,
1790601829.8790312,rc_send,
1790601830.0246668,rc_send,
1790601830.1555598,rc_send,
1790601830.312896,rc_send,
1790601830.4335403,rc_send,
1790601830.6044939,rc_send,
1790601830.63165,llm_explanation,1035.6830999953672
1790601830.752461,rc_send,
1790601830.8724468,rc_send,
1790601830.9734395,rc_send,
1790601831.07528,rc_send,
1790601831.1765244,rc_send,
1790601831.3096516,rc_send,
1790601831.46906,rc_send,
1790601831.57345,llm_explanation,880.7082000130322
1790601831.5784366,rc_send,
1790601831.680936,rc_send,
1790601831.8167045,rc_send,
1790601831.9179375,rc_send,
1790601832.0204015,rc_send,
1790601832.171711,rc_send,
1790601832.2723722,rc_send,
1790601832.4221857,rc_send,
1790601832.5229104,rc_send,
1790601832.6385534,llm_explanation,1112.0242000033613
1790601832.6465313,rc_send,
1790601832.7481685,rc_send,
1790601832.8488584,rc_send,
1790601832.9493368,rc_send,
1790601833.050812,rc_send,
1790601833.1521845,rc_send,
1790601833.252513,rc_send,
1790601833.3793623,rc_send,
1790601833.4866881,rc_send,
1790601833.6009939,rc_send,
1790601833.7368805,rc_send,
1790601833.8815663,rc_send,
1790601834.0176833,rc_send,
1790601834.1795137,rc_send,
1790601834.3141239,rc_send,
1790601834.4559767,rc_send,
1790601834.59367,rc_send,
1790601834.7122958,rc_send,
1790601834.82926,llm_explanation,1174.841900006868
1790601834.8352487,rc_send,
1790601834.9794896,rc_send,
1790601835.103099,rc_send,
1790601835.2577107,rc_send,
1790601835.3695948,rc_send,
1790601835.4870787,rc_send,
1790601835.602798,rc_send,
1790601835.739886,rc_send,
1790601835.8514874,rc_send,
1790601835.9678783,rc_send,
1790601836.0820744,rc_send,
1790601836.2086747,rc_send,
1790601836.3209198,rc_send,
1790601836.4480596,rc_send,
1790601836.5738287,rc_send,
1790601836.687755,rc_send,
1790601836.821173,rc_send,
1790601836.85754,llm_explanation,2055.120800010627
1790601836.9438741,rc_send,
1790601837.079792,rc_send,
1790601837.2374396,rc_send,
1790601837.3747447,rc_send,
1790601837.5045214,rc_send,
1790601837.6302972,rc_send,
1790601837.7546666,llm_explanation,904.7322999977041
1790601837.7598464,rc_send,
1790601837.887583,rc_send,
1790601838.003169,rc_send,
1790601838.1078103,rc_send,
1790601838.2500103,rc_send,
1790601838.3908577,rc_send,
1790601838.52702,llm_explanation,773.3487999939825
1790601838.532006,rc_send,
1790601838.6624696,rc_send,
1790601838.7930148,rc_send,
1790601838.9128683,rc_send,
1790601839.0414743,rc_send,
1790601839.153665,rc_send,
1790601839.2807574,rc_send,
1790601839.4020786,rc_send,
1790601839.5481577,rc_send,
1790601839.6769345,rc_send,
1790601839.8302574,rc_send,
1790601839.9888542,rc_send,
1790601840.1496701,rc_send,
1790601840.3033195,llm_explanation,850.429800018901
1790601840.308306,rc_send,
1790601840.4500854,rc_send,
1790601840.5933056,rc_send,
1790601840.7396388,rc_send,
1790601840.8948033,rc_send,
1790601841.059225,rc_send,
1790601841.1825738,llm_explanation,692.3831999883987
1790601841.1875606,rc_send,
1790601841.305246,rc_send,
1790601841.4309056,rc_send,
1790601841.5881944,rc_send,
1790601841.739629,rc_send,
1790601841.90469,rc_send,
1790601842.043542,rc_send,
1790601842.1827528,rc_send,
1790601842.3119683,rc_send,
1790601842.4284635,rc_send,
1790601842.4900618,llm_explanation,954.7159999783617
1790601842.555547,rc_send,
1790601842.6563969,rc_send,
1790601842.7724133,rc_send,
1790601842.8788857,rc_send,
1790601842.9956746,rc_send,
1790601843.1113234,rc_send,
1790601843.2359426,rc_send,
1790601843.3379562,rc_send,
1790601843.4682593,rc_send,
1790601843.5738115,rc_send,
1790601843.6881757,rc_send,
1790601843.8069022,rc_send,
1790601843.9223466,rc_send,
1790601844.023035,llm_explanation,1459.3646999855991
1790601844.0282059,rc_send,
1790601844.161667,rc_send,
1790601844.2803512,rc_send,
1790601844.3967583,rc_send,
1790601844.5165272,rc_send,
1790601844.6469524,rc_send,
1790601844.7579744,rc_send,
1790601844.905978,rc_send,
1790601845.0552063,rc_send,
1790601845.2371955,rc_send,
1790601845.3384154,rc_send,
1790601845.4677382,rc_send,
1790601845.5715914,rc_send,
1790601845.7155285,rc_send,
1790601845.818471,rc_send,
1790601845.9190156,rc_send,
1790601846.0478776,rc_send,
1790601846.150336,rc_send,
1790601846.303613,rc_send,
1790601846.4280448,rc_send,
1790601846.5617182,rc_send,
1790601846.7092648,rc_send,
1790601846.8249907,rc_send,
1790601846.936766,rc_send,
1790601847.0427885,rc_send,
1790601847.1554995,rc_send,
1790601847.268768,rc_send,
1790601847.3779407,rc_send,
1790601847.4914706,rc_send,
1790601847.599177,rc_send,
1790601847.717965,rc_send,
1790601847.8485012,rc_send,
1790601847.9795995,rc_send,
1790601848.1009948,rc_send,
1790601848.229894,rc_send,
1790601848.3405712,rc_send,
1790601848.468528,rc_send,
1790601848.5778391,rc_send,
1790601848.695452,rc_send,
1790601848.8191636,rc_send,
1790601848.9322705,rc_send,
1790601849.061276,rc_send,
1790601849.20929,rc_send,
1790601849.3378713,rc_send,
1790601849.4708807,rc_send,
1790601849.5831325,rc_send,
1790601849.7200217,rc_send,
1790601849.8571663,rc_send,
1790601849.9947186,rc_send,
1790601850.127054,rc_send,
1790601850.2779663,rc_send,
1790601850.4049315,rc_send,
1790601850.5397677,rc_send,
1790601850.6693263,rc_send,
1790601850.8089402,rc_send,
1790601850.9622233,rc_send,
1790601851.0906858,rc_send,
1790601851.238874,rc_send,
1790601851.3932083,rc_send,
1790601851.540302,rc_send,
1790601851.6747334,rc_send,
1790601851.8176467,rc_send,
1790601851.9472213,llm_explanation,1152.44609999354
1790601851.9528172,rc_send,
1790601852.0891678,rc_send,
1790601852.2331831,rc_send,
1790601852.3638213,rc_send,
1790601852.494979,rc_send,
1790601852.61616,rc_send,
1790601852.7286232,rc_send,
1790601852.8324695,rc_send,
1790601852.949809,rc_send,
1790601853.0603077,rc_send,
1790601853.1867137,rc_send,
1790601853.3093548,rc_send,
1790601853.418727,rc_send,
1790601853.530053,rc_send,
1790601853.647001,rc_send,
1790601853.6775396,llm_explanation,841.9784999859985
1790601853.7500544,rc_send,
1790601853.8555386,rc_send,
1790601853.9732814,rc_send,
1790601854.08959,rc_send,
1790601854.2100081,rc_send,
1790601854.3390958,rc_send,
1790601854.4437413,rc_send,
1790601854.563838,rc_send,
1790601854.684885,rc_send,
1790601854.807099,rc_send,
1790601854.9181376,rc_send,
1790601855.0285633,rc_send,
1790601855.1302116,llm_explanation,1252.203499985626
1790601855.137345,rc_send,
1790601855.2576017,rc_send,
1790601855.3654013,rc_send,
1790601855.507066,rc_send,
1790601855.6110158,rc_send,
1790601855.7225862,rc_send,
1790601855.8410869,rc_send,
1790601855.9757807,rc_send,
1790601856.0858688,rc_send,
1790601856.215839,rc_send,
1790601856.3396678,rc_send,
1790601856.3794498,llm_explanation,1252.9342000198085
1790601856.4605496,rc_send,
1790601856.5861404,rc_send,
1790601856.7162461,rc_send,
1790601856.8354445,rc_send,
1790601856.9491448,rc_send,
1790601857.0532231,rc_send,
1790601857.1569922,rc_send,
1790601857.2598376,rc_send,
1790601857.3728287,rc_send,
1790601857.4947295,rc_send,
1790601857.6035278,rc_send,
1790601857.7038665,rc_send,
1790601857.875663,rc_send,
1790601858.014662,rc_send,
1790601858.027365,llm_explanation,1666.3562000030652
1790601858.1197731,rc_send,
1790601858.2473853,rc_send,
1790601858.3467782,rc_send,
1790601858.4485536,rc_send,
1790601858.5768397,rc_send,
1790601858.6901498,rc_send,
1790601858.7919388,rc_send,
1790601858.9114172,rc_send,
1790601858.9340982,llm_explanation,904.9871999886818
1790601859.036659,rc_send,
1790601859.1471546,rc_send,
1790601859.2491782,rc_send,
1790601859.3514893,rc_send,
1790601859.4537206,rc_send,
1790601859.5832825,rc_send,
1790601859.685718,rc_send,
1790601859.787681,rc_send,
1790601859.9034865,rc_send,
1790601860.038482,rc_send,
1790601860.2117124,llm_explanation,1240.3237000107765
1790601860.2176979,rc_send,
1790601860.3850033,rc_send,
1790601860.5297585,rc_send,
1790601860.640535,rc_send,
1790601860.7621553,rc_send,
1790601860.8791778,rc_send,
1790601861.0404246,rc_send,
1790601861.2168088,rc_send,
1790601861.3659315,rc_send,
1790601861.4858208,rc_send,
1790601861.604224,rc_send,
1790601861.731937,rc_send,
1790601861.8578484,rc_send,
1790601861.993561,rc_send,
1790601862.122366,rc_send,
1790601862.2254324,rc_send,
1790601862.3341396,rc_send,
1790601862.4373894,rc_send,
1790601862.5471892,rc_send,
1790601862.6745358,rc_send,
1790601862.7768338,rc_send,
1790601862.9208078,rc_send,
1790601863.0365195,rc_send,
1790601863.188416,rc_send,
1790601863.2891145,rc_send,
1790601863.3899689,rc_send,
1790601863.4923172,rc_send,
1790601863.607421,rc_send,
1790601863.7098403,rc_send,
1790601863.8108976,rc_send,
1790601863.9604244,rc_send,
1790601864.0625727,rc_send,
1790601864.2110558,rc_send,
1790601864.3131914,rc_send,
1790601864.460415,rc_send,
1790601864.5646267,rc_send,
1790601864.6661162,rc_send,
1790601864.7681339,rc_send,
1790601864.8703067,rc_send,
1790601864.9699526,rc_send,
1790601865.1010823,rc_send,
1790601865.2057493,rc_send,
1790601865.3072507,rc_send,
1790601865.4311507,rc_send,
1790601865.5316827,rc_send,
1790601865.6363084,rc_send,
1790601865.7650826,rc_send,
1790601865.8687053,rc_send,
1790601866.033767,rc_send,
1790601866.1446435,rc_send,
1790601866.2752545,rc_send,
1790601866.3850307,rc_send,
1790601866.5073702,rc_send,
1790601866.6248822,rc_send,
1790601866.751461,rc_send,
1790601866.8536549,rc_send,
1790601866.9551315,rc_send,
1790601867.08254,rc_send,
1790601867.199078,rc_send,
1790601867.2995036,rc_send,
1790601867.427897,rc_send,
1790601867.5357025,rc_send,
1790601867.637951,rc_send,
1790601867.7648354,rc_send,
1790601867.8667016,rc_send,
1790601867.970812,rc_send,
1790601868.0961664,rc_send,
1790601868.2034707,rc_send,
1790601868.3045619,rc_send,
1790601868.4272964,rc_send,
1790601868.5430913,rc_send,
1790601868.6530814,rc_send,
1790601868.7820137,rc_send,
1790601868.9012177,rc_send,
1790601869.0230625,llm_explanation,1599.4018999917898
1790601869.0266,rc_send,
1790601869.1282473,rc_send,
1790601869.26854,rc_send,
1790601869.3857958,rc_send,
1790601869.4929032,rc_send,
1790601869.603497,rc_send,
1790601869.7266133,rc_send,
1790601869.8514354,rc_send,
1790601869.9510014,rc_send,
1790601870.0601141,rc_send,
1790601870.16836,llm_explanation,1100.127200013958
1790601870.1724877,rc_send,
1790601870.2725527,rc_send,
1790601870.3924932,rc_send,
1790601870.4986055,rc_send,
1790601870.6004982,rc_send,
1790601870.7245665,rc_send,
1790601870.8342628,rc_send,
1790601870.93547,rc_send,
1790601871.0629103,rc_send,
1790601871.166649,rc_send,
1790601871.3210156,rc_send,
1790601871.4593787,rc_send,
1790601871.577056,rc_send,
1790601871.721637,rc_send,
1790601871.8614836,rc_send,
1790601871.982149,rc_send,
1790601872.0983424,rc_send,
1790601872.2601633,rc_send,
1790601872.373068,rc_send,
1790601872.491285,rc_send,
1790601872.6049683,rc_send,
1790601872.7416408,rc_send,
1790601872.8550096,rc_send,
1790601872.9916732,rc_send,
1790601873.1080503,rc_send,
1790601873.2570448,rc_send,
1790601873.3595257,rc_send,
1790601873.4617217,rc_send,
1790601873.5654743,rc_send,
1790601873.6680803,rc_send,
1790601873.8270936,rc_send,
1790601873.928002,rc_send,
1790601874.0295331,rc_send,
1790601874.1649354,rc_send,
1790601874.2726963,llm_explanation,1259.8523999913596
1790601874.2765012,rc_send,
1790601874.377401,rc_send,
1790601874.477516,rc_send,
1790601874.5783014,rc_send,
1790601874.679049,rc_send,
1790601874.8058803,rc_send,
1790601874.9327104,rc_send,
1790601875.0413249,llm_explanation,709.8086999903899
1790601875.0453417,rc_send,
1790601875.1459856,rc_send,
1790601875.271679,rc_send,
1790601875.372479,rc_send,
1790601875.4950109,rc_send,
1790601875.602422,rc_send,
1790601875.733717,rc_send,
1790601875.8410642,rc_send,
1790601875.9736083,rc_send,
1790601876.0262978,llm_explanation,1039.3802000035066
1790601876.099382,rc_send,
1790601876.2202952,rc_send,
1790601876.3536336,rc_send,
1790601876.4696546,rc_send,
1790601876.5783217,rc_send,
1790601876.6889389,rc_send,
1790601876.7957854,rc_send,
1790601876.9054234,rc_send,
1790601877.0067315,rc_send,
1790601877.1196258,rc_send,
1790601877.2492967,rc_send,
1790601877.3649416,rc_send,
1790601877.4757578,rc_send,
1790601877.6284854,rc_send,
1790601877.7290432,rc_send,
1790601877.8329623,rc_send,
1790601877.9819317,rc_send,
1790601878.1168969,rc_send,
1790601878.2241461,rc_send,
1790601878.3774629,rc_send,
1790601878.4805639,rc_send,
1790601878.6179104,rc_send,
1790601878.7308602,rc_send,
1790601878.835428,rc_send,
1790601878.937236,rc_send,
1790601879.0380578,rc_send,
1790601879.1389308,rc_send,
1790601879.2880614,rc_send,
1790601879.3875875,rc_send,
1790601879.4877894,rc_send,
1790601879.616413,rc_send,
1790601879.717535,rc_send,
1790601879.8242207,rc_send,
1790601879.9342308,rc_send,
1790601880.0377648,rc_send,
1790601880.1700325,rc_send,
1790601880.2700856,rc_send,
1790601880.3713562,rc_send,
1790601880.5183713,rc_send,
1790601880.6475344,rc_send,
1790601880.7501864,rc_send,
1790601880.8503704,rc_send,
1790601880.9608896,rc_send,
1790601881.061082,rc_send,
1790601881.210306,rc_send,
1790601881.3642256,rc_send,
1790601881.4728892,rc_send,
1790601881.5929642,rc_send,
1790601881.6966875,rc_send,
1790601881.8267338,rc_send,
1790601881.9272387,rc_send,
1790601882.0274441,rc_send,
1790601882.1475444,rc_send,
1790601882.250821,rc_send,
1790601882.3822618,rc_send,
1790601882.489253,llm_explanation,898.2778000063263
1790601882.494238,rc_send,
1790601882.5969832,rc_send,
1790601882.6991296,rc_send,
1790601882.8037882,rc_send,
1790601882.906298,rc_send,
1790601883.008431,rc_send,
1790601883.130698,rc_send,
1790601883.2334273,rc_send,
1790601883.3355322,rc_send,
1790601883.4638104,rc_send,
1790601883.5652301,rc_send,
1790601883.6660905,rc_send,
1790601883.724775,llm_explanation,1279.5939999923576
1790601883.7994893,rc_send,
1790601883.9004726,rc_send,
1790601884.0039854,rc_send,
1790601884.1102772,rc_send,
1790601884.2466762,rc_send,
1790601884.3863854,rc_send,
1790601884.5002007,rc_send,
1790601884.6470268,rc_send,
1790601884.761061,rc_send,
1790601884.864138,rc_send,
1790601884.990835,rc_send,
1790601885.095039,rc_send,
1790601885.1963048,rc_send,
1790601885.300411,rc_send,
1790601885.400661,rc_send,
1790601885.5034597,rc_send,
1790601885.6341057,rc_send,
1790601885.7374723,rc_send,
1790601885.840123,rc_send,
1790601885.970112,rc_send,
1790601886.0762913,rc_send,
1790601886.1802495,rc_send,
1790601886.3284311,rc_send,
1790601886.4303844,rc_send,
1790601886.5477784,rc_send,
1790601886.66022,rc_send,
1790601886.7892468,rc_send,
1790601886.891894,rc_send,
1790601887.043627,rc_send,
1790601887.1614554,rc_send,
1790601887.2920222,rc_send,
1790601887.3930473,rc_send,
1790601887.4950538,rc_send,
1790601887.6000156,rc_send,
1790601887.704282,rc_send,
1790601887.8045957,rc_send,
1790601887.909232,rc_send,
1790601888.0520043,rc_send,
1790601888.214259,rc_send,
1790601888.3563762,rc_send,
1790601888.5027008,rc_send,
1790601888.6900027,rc_send,
1790601888.8196876,rc_send,
1790601888.9364169,rc_send,
1790601889.0491877,rc_send,
1790601889.153162,rc_send,
1790601889.2540631,rc_send,
1790601889.3544676,rc_send,
1790601889.4765294,rc_send,
1790601889.5808136,rc_send,
1790601889.6925552,rc_send,
1790601889.8009064,rc_send,
1790601889.9047868,rc_send,
1790601890.0259655,rc_send,
1790601890.168385,rc_send,
1790601890.3423965,rc_send,
1790601890.4782126,rc_send,
1790601890.57882,rc_send,
1790601890.6861324,rc_send,
1790601890.8239512,rc_send,
1790601890.9292483,rc_send,
1790601891.0736985,rc_send,
1790601891.2254913,rc_send,
1790601891.3557236,rc_send,
1790601891.487014,rc_send,
1790601891.589386,rc_send,
1790601891.7069702,rc_send,
1790601891.8231616,rc_send,
1790601891.9258866,rc_send,
1790601892.0324836,rc_send,
1790601892.154496,rc_send,
1790601892.2582428,rc_send,
1790601892.3611624,rc_send,
1790601892.4631512,rc_send,
1790601892.565621,rc_send,
1790601892.6695127,rc_send,
1790601892.7722876,rc_send,
1790601892.8733506,rc_send,
1790601892.9914796,rc_send,
1790601893.103407,rc_send,
1790601893.208373,rc_send,
1790601893.3438084,rc_send,
1790601893.4541953,rc_send,
1790601893.5683293,rc_send,
1790601893.6972601,llm_explanation,2120.7975999859627
1790601893.701052,rc_send,
1790601893.8562508,rc_send,
1790601894.0144305,rc_send,
1790601894.1621027,rc_send,
1790601894.2859383,rc_send,
1790601894.467813,rc_send,
1790601894.6550064,rc_send,
1790601894.8162742,llm_explanation,1131.3769999833312
1790601894.8207686,rc_send,
1790601894.9628215,rc_send,
1790601895.1391518,rc_send,
1790601895.284859,rc_send,
1790601895.3905509,rc_send,
1790601895.5005236,rc_send,
1790601895.6475298,rc_send,
1790601895.7704391,rc_send,
1790601895.8738563,llm_explanation,1100.8806999889202
1790601895.877847,rc_send,
1790601896.0645916,rc_send,
1790601896.1880872,rc_send,
1790601896.3089285,rc_send,
1790601896.409337,rc_send,
1790601896.5104532,rc_send,
1790601896.622221,rc_send,
1790601896.7331607,rc_send,
1790601896.8548794,rc_send,
1790601896.962894,rc_send,
1790601897.0989316,rc_send,
1790601897.222339,rc_send,
1790601897.3364062,rc_send,
1790601897.4630458,rc_send,
1790601897.6336637,rc_send,
1790601897.7595007,rc_send,
1790601897.8946354,rc_send,
1790601897.9976768,rc_send,
1790601898.1186407,rc_send,
1790601898.2410777,rc_send,
1790601898.3509421,rc_send,
1790601898.4655268,rc_send,
1790601898.6035514,rc_send,
1790601898.7184772,rc_send,
1790601898.851877,rc_send,
1790601898.9645946,rc_send,
1790601899.1015859,rc_send,
1790601899.2126567,rc_send,
1790601899.3212981,rc_send,
1790601899.4225793,rc_send,
1790601899.542618,rc_send,
1790601899.6482992,rc_send,
1790601899.7500894,rc_send,
1790601899.8695014,rc_send,
1790601900.041103,rc_send,
1790601900.1724975,rc_send,
1790601900.2853243,rc_send,
1790601900.402837,rc_send,
1790601900.5441751,rc_send,
1790601900.6691682,rc_send,
1790601900.7848964,rc_send,
1790601900.8953145,rc_send,
1790601901.0124454,rc_send,
1790601901.120162,rc_send,
1790601901.2572532,rc_send,
1790601901.374479,rc_send,
1790601901.4894235,rc_send,
1790601901.607126,rc_send,
1790601901.7218647,rc_send,
1790601901.833982,rc_send,
1790601901.9472294,rc_send,
1790601902.0584855,rc_send,
1790601902.174895,rc_send,
1790601902.333003,rc_send,
1790601902.4532313,rc_send,
1790601902.5581353,rc_send,
1790601902.6784205,rc_send,
1790601902.7927248,rc_send,
1790601902.907491,rc_send,
1790601903.0852664,rc_send,
1790601903.2122142,rc_send,
1790601903.324826,rc_send,
1790601903.4288008,rc_send,
1790601903.572233,rc_send,
1790601903.6830199,rc_send,
1790601903.8243847,llm_explanation,854.1463000001386
1790601903.8295364,rc_send,
1790601903.9565883,rc_send,
1790601904.1072588,rc_send,
1790601904.227312,rc_send,
1790601904.3611646,rc_send,
1790601904.4634087,rc_send,
1790601904.5917504,rc_send,
1790601904.6746194,llm_explanation,838.6532999866176
1790601904.7007494,rc_send,
1790601904.849736,rc_send,
1790601904.9517672,rc_send,
1790601905.077273,rc_send,
1790601905.1878288,rc_send,
1790601905.2879384,rc_send,
1790601905.406555,rc_send,
1790601905.5082107,rc_send,
1790601905.6100316,rc_send,
1790601905.7470412,rc_send,
1790601905.8453312,llm_explanation,1108.891899988521
1790601905.8492935,rc_send,
1790601905.9509063,rc_send,
1790601906.0799258,rc_send,
1790601906.2426515,rc_send,
1790601906.4144416,rc_send,
1790601906.5736508,rc_send,
1790601906.7337177,rc_send,
1790601906.9058895,rc_send,
1790601907.0759587,rc_send,
1790601907.2505734,rc_send,
1790601907.4073086,rc_send,
1790601907.5899804,rc_send,
1790601907.7395432,rc_send,
1790601907.91703,rc_send,
1790601908.092277,rc_send,
1790601908.2544205,rc_send,
1790601908.418866,rc_send,
1790601908.5832925,rc_send,
1790601908.7522836,rc_send,
1790601908.911822,rc_send,
1790601909.0876896,rc_send,
1790601909.2567375,rc_send,
1790601909.4171724,rc_send,
1790601909.577274,rc_send,
1790601909.74831,rc_send,
1790601909.911523,rc_send,
1790601910.0861046,rc_send,
1790601910.2583313,rc_send,
1790601910.416437,rc_send,
1790601910.580683,rc_send,
1790601910.7446184,rc_send,
1790601910.90962,rc_send,
1790601911.0880134,rc_send,
1790601911.2616377,rc_send,
1790601911.4371388,rc_send,
1790601911.6010387,rc_send,
1790601911.7740781,rc_send,
1790601911.9370325,rc_send,
1790601912.11468,rc_send,
1790601912.2692635,rc_send,
1790601912.3800426,rc_send,
1790601912.5222375,rc_send,
1790601912.6228623,rc_send,
1790601912.7566836,rc_send,
1790601912.8584974,rc_send,
1790601912.9597507,rc_send,
1790601913.0643773,rc_send,
1790601913.1725228,rc_send,
1790601913.2731059,rc_send,
1790601913.3941183,rc_send,
1790601913.4996612,rc_send,
1790601913.6018164,rc_send,
1790601913.7416823,rc_send,
1790601913.841874,rc_send,
1790601913.9440107,rc_send,
1790601914.0747106,rc_send,
1790601914.1762981,rc_send,
1790601914.3129025,rc_send,
1790601914.4158306,rc_send,
1790601914.5176704,rc_send,
1790601914.6393185,rc_send,
1790601914.7763205,llm_explanation,960.2936999872327
1790601914.7818148,rc_send,
1790601914.942129,rc_send,
1790601915.116628,rc_send,
1790601915.267585,rc_send,
1790601915.4080405,rc_send,
1790601915.5286586,rc_send,
1790601915.641942,rc_send,
1790601915.7651978,rc_send,
1790601915.894221,llm_explanation,1143.5803000058513
1790601915.898688,rc_send,
1790601916.0129752,rc_send,
1790601916.1540935,rc_send,
1790601916.2900603,rc_send,
1790601916.4622183,rc_send,
1790601916.613443,rc_send,
1790601916.7277617,llm_explanation,759.888200002024
1790601916.7342756,rc_send,
1790601916.8369076,rc_send,
1790601916.9713788,rc_send,
1790601917.1046839,rc_send,
1790601917.2597623,rc_send,
1790601917.3754716,rc_send,
1790601917.4878821,llm_explanation,801.1230999836698
1790601917.4943616,rc_send,
1790601917.6163244,rc_send,
1790601917.72304,rc_send,
1790601917.8691807,rc_send,
1790601918.0077205,rc_send,
1790601918.1286035,rc_send,
1790601918.2597928,rc_send,
1790601918.3842602,rc_send,
1790601918.4827137,llm_explanation,1014.5032999862451
1790601918.4959564,rc_send,
1790601918.615149,rc_send,
1790601918.770535,rc_send,
1790601918.934378,rc_send,
1790601919.0925126,rc_send,
1790601919.2114894,rc_send,
1790601919.3268125,llm_explanation,867.4972000007983
1790601919.3317988,rc_send,
1790601919.4676733,rc_send,
1790601919.6021087,rc_send,
1790601919.7170875,rc_send,
1790601919.8408265,rc_send,
1790601919.9797723,rc_send,
1790601920.106378,rc_send,
1790601920.2851646,rc_send,
1790601920.3926713,llm_explanation,833.2113999931607
1790601920.3981655,rc_send,
1790601920.5039935,rc_send,
1790601920.6343782,rc_send,
1790601920.7822657,rc_send,
1790601920.9344385,rc_send,
1790601921.060435,rc_send,
1790601921.1800134,rc_send,
1790601921.3170564,rc_send,
1790601921.470018,rc_send,
1790601921.608253,rc_send,
1790601921.7586076,rc_send,
1790601921.8769627,rc_send,
1790601922.0035152,rc_send,
1790601922.1401117,rc_send,
1790601922.2756708,rc_send,
1790601922.4032228,rc_send,
1790601922.527285,llm_explanation,2013.4732000005897
1790601922.5344682,rc_send,
1790601922.672192,rc_send,
1790601922.8039267,rc_send,
1790601922.9659948,rc_send,
1790601923.135159,rc_send,
1790601923.3262935,rc_send,
1790601923.4333942,llm_explanation,903.9215999946464
1790601923.438888,rc_send,
1790601923.5712235,rc_send,
1790601923.696484,rc_send,
1790601923.8547082,rc_send,
1790601923.9707909,rc_send,
1790601924.1401236,rc_send,
1790601924.3054407,llm_explanation,779.5044000085909
1790601924.3104267,rc_send,
1790601924.448142,rc_send,
1790601924.5790882,rc_send,
1790601924.7199507,rc_send,
1790601924.8351293,rc_send,
1790601925.025051,rc_send,
1790601925.1328793,rc_send,
1790601925.3176932,rc_send,
1790601925.4439583,rc_send,
1790601925.5718331,rc_send,
1790601925.7010922,rc_send,
1790601925.838918,rc_send,
1790601925.9919186,llm_explanation,1712.7813999832142
1790601925.9969027,rc_send,
1790601926.1406476,rc_send,
1790601926.2999914,rc_send,
1790601926.433182,rc_send,
1790601926.5882254,rc_send,
1790601926.731024,rc_send,
1790601926.8421094,llm_explanation,860.8047000016086
1790601926.8496275,rc_send,
1790601926.9727798,rc_send,
1790601927.1456547,rc_send,
1790601927.3206282,rc_send,
1790601927.454758,rc_send,
1790601927.58603,rc_send,
1790601927.7030647,llm_explanation,800.3685000003316
1790601927.709078,rc_send,
1790601927.8427918,rc_send,
1790601927.989133,rc_send,
1790601928.1574752,rc_send,
1790601928.3311489,rc_send,
1790601928.4987645,rc_send,
1790601928.6372974,rc_send,
1790601928.818788,rc_send,
1790601928.985557,rc_send,
1790601929.1964483,rc_send,
1790601929.3444598,rc_send,
1790601929.5289829,rc_send,
1790601929.648209,rc_send,
1790601929.8105092,rc_send,
1790601929.9735198,llm_explanation,844.9614999990445
1790601929.9785066,rc_send,
1790601930.1805527,rc_send,
1790601930.3338652,rc_send,
1790601930.4873343,rc_send,
1790601930.682609,rc_send,
1790601930.8273618,llm_explanation,801.65870001656
1790601930.8333464,rc_send,
1790601931.033885,rc_send,
1790601931.2312603,rc_send,
1790601931.3997214,rc_send,
1790601931.598682,rc_send,
1790601931.777857,rc_send,
1790601931.943415,rc_send,
1790601932.0791867,rc_send,
1790601932.2390718,rc_send,
1790601932.3970768,rc_send,
1790601932.5306945,rc_send,
1790601932.6328416,rc_send,
1790601932.7576041,rc_send,
1790601932.8996382,rc_send,
1790601933.0392647,rc_send,
1790601933.1787238,rc_send,
1790601933.356618,rc_send,
1790601933.5159025,rc_send,
1790601933.6926107,rc_send,
1790601933.8637648,rc_send,
1790601934.0323596,rc_send,
1790601934.2139482,rc_send,
1790601934.413284,rc_send,
1790601934.5135622,rc_send,
1790601934.6164322,rc_send,
1790601934.7164912,rc_send,
1790601934.9007285,llm_explanation,1593.174600013299
1790601934.9067123,rc_send,
1790601935.0652208,rc_send,
1790601935.247014,rc_send,
1790601935.4026604,rc_send,
1790601935.566258,llm_explanation,735.2053000067826
1790601935.5722404,rc_send,
1790601935.730305,rc_send,
1790601935.8967247,rc_send,
1790601936.0333014,rc_send,
1790601936.2178488,rc_send,
1790601936.3620918,rc_send,
1790601936.523536,rc_send,
1790601936.6834807,rc_send,
1790601936.850809,rc_send,
1790601937.019999,rc_send,
1790601937.1435177,rc_send,
1790601937.2622144,rc_send,
1790601937.3617957,rc_send,
1790601937.4633045,llm_explanation,1905.0742000108585
1790601937.4682932,rc_send,
1790601937.576037,rc_send,
1790601937.6808674,rc_send,
1790601937.823006,rc_send,
1790601937.923688,rc_send,
1790601938.0968564,rc_send,
1790601938.200364,rc_send,
1790601938.3132956,rc_send,
1790601938.465021,rc_send,
1790601938.5798662,rc_send,
1790601938.6871855,rc_send,
1790601938.8034651,rc_send,
1790601938.9062405,rc_send,
1790601939.0075693,rc_send,
1790601939.1662323,rc_send,
1790601939.2915177,rc_send,
1790601939.3934438,rc_send,
1790601939.4949777,rc_send,
1790601939.5971708,rc_send,
1790601939.6986885,rc_send,
1790601939.8013704,rc_send,
1790601939.9352841,rc_send,
1790601940.0488417,rc_send,
1790601940.2074444,rc_send,
1790601940.3100069,rc_send,
1790601940.4105344,rc_send,
1790601940.5203547,rc_send,
1790601940.6510751,rc_send,
1790601940.7405605,llm_explanation,1565.5603999912273
1790601940.7636316,rc_send,
1790601940.913484,rc_send,
1790601941.0939455,rc_send,
1790601941.2677596,rc_send,
1790601941.4411926,rc_send,
1790601941.6199076,rc_send,
1790601941.7682533,llm_explanation,1080.2904999873135
1790601941.7724876,rc_send,
1790601941.8937283,rc_send,
1790601942.0021534,rc_send,
1790601942.1071928,rc_send,
1790601942.2178435,rc_send,
1790601942.3408146,rc_send,
1790601942.4463515,rc_send,
1790601942.55106,rc_send,
1790601942.7655468,rc_send,
1790601942.8908617,rc_send,
1790601943.0064108,rc_send,
1790601943.2044132,rc_send,
1790601943.3405497,rc_send,
1790601943.4582114,rc_send,
1790601943.5631235,rc_send,
1790601943.6965241,rc_send,
1790601943.8276832,rc_send,
1790601943.937108,rc_send,
1790601944.037372,rc_send,
1790601944.1388357,rc_send,
1790601944.2485607,llm_explanation,1320.79800000065
1790601944.2545433,rc_send,
1790601944.355755,rc_send,
1790601944.5172324,rc_send,
1790601944.6239321,rc_send,
1790601944.7290037,rc_send,
1790601944.829392,rc_send,
1790601944.931922,rc_send,
1790601945.040518,rc_send,
1790601945.217695,rc_send,
1790601945.3416803,rc_send,
1790601945.4549966,rc_send,
1790601945.5404794,llm_explanation,1422.6411000126973
1790601945.5630991,rc_send,
1790601945.6751382,rc_send,
1790601945.7909362,rc_send,
1790601945.9020927,rc_send,
1790601946.0169241,rc_send,
1790601946.1176872,rc_send,
1790601946.2345912,rc_send,
1790601946.4056265,rc_send,
1790601946.52568,rc_send,
1790601946.6354735,rc_send,
1790601946.7345276,rc_send,
1790601946.8420064,rc_send,
1790601946.952875,rc_send,
1790601947.0573697,rc_send,
1790601947.1741314,rc_send,
1790601947.28495,rc_send,
1790601947.3853645,llm_explanation,1805.1459999987856
1790601947.3893533,rc_send,
1790601947.5125208,rc_send,
1790601947.6159806,rc_send,
1790601947.726132,rc_send,
1790601947.8309042,rc_send,
1790601947.938132,rc_send,
1790601948.0451922,rc_send,
1790601948.2260127,rc_send,
1790601948.3328269,rc_send,
1790601948.448958,rc_send,
1790601948.560682,rc_send,
1790601948.631925,llm_explanation,1277.7007999829948
1790601948.6623542,rc_send,
1790601948.762691,rc_send,
1790601948.8804915,rc_send,
1790601949.0342295,rc_send,
1790601949.1411033,rc_send,
1790601949.2579353,rc_send,
1790601949.375071,rc_send,
1790601949.4868672,rc_send,
1790601949.5933907,rc_send,
1790601949.7716887,rc_send,
1790601949.901471,rc_send,
1790601950.0432122,llm_explanation,1396.3258000148926
1790601950.0488417,rc_send,
1790601950.1735783,rc_send,
1790601950.2913783,rc_send,
1790601950.3961306,rc_send,
1790601950.5112383,rc_send,
1790601950.6760263,rc_send,
1790601950.7792938,rc_send,
1790601950.8829339,rc_send,
1790601950.9865324,rc_send,
1790601951.093368,rc_send,
1790601951.222923,rc_send,
1790601951.3328602,rc_send,
1790601951.4433994,rc_send,
1790601951.6302228,rc_send,
1790601951.7305048,rc_send,
1790601951.8337185,rc_send,
1790601951.9414773,rc_send,
1790601952.0804493,rc_send,
1790601952.2289903,rc_send,
1790601952.3294418,rc_send,
1790601952.429599,rc_send,
1790601952.5488613,rc_send,
1790601952.7174113,rc_send,
1790601952.827146,rc_send,
1790601952.930521,rc_send,
1790601953.045498,rc_send,
1790601953.1527777,rc_send,
1790601953.2918572,llm_explanation,1453.411499998765
1790601953.295845,rc_send,
1790601953.3965964,rc_send,
1790601953.5167482,rc_send,
1790601953.633527,rc_send,
1790601953.741769,rc_send,
1790601953.8746803,rc_send,
1790601953.9770281,rc_send,
1790601954.1019228,rc_send,
1790601954.2060437,rc_send,
1790601954.3561175,rc_send,
1790601954.467463,rc_send,
1790601954.5888457,llm_explanation,1299.7215999930631
1790601954.5943408,rc_send,
1790601954.7120934,rc_send,
1790601954.860848,rc_send,
1790601954.963491,rc_send,
1790601955.0641305,rc_send,
1790601955.1642327,rc_send,
1790601955.2653565,rc_send,
1790601955.3713531,rc_send,
1790601955.515461,rc_send,
1790601955.63227,rc_send,
1790601955.77001,llm_explanation,1180.3999000112526
1790601955.7749968,rc_send,
1790601955.9294348,rc_send,
1790601956.0782027,rc_send,
1790601956.1830573,rc_send,
1790601956.2838697,rc_send,
1790601956.422087,rc_send,
1790601956.522857,rc_send,
1790601956.6512241,rc_send,
1790601956.7548544,rc_send,
1790601956.8585114,rc_send,
1790601956.989906,rc_send,
1790601957.0882404,llm_explanation,1285.9024000063073
1790601957.093227,rc_send,
1790601957.197967,rc_send,
1790601957.301503,rc_send,
1790601957.4643998,rc_send,
1790601957.5722854,rc_send,
1790601957.7180965,rc_send,
1790601957.81985,rc_send,
1790601957.9670942,rc_send,
1790601958.069816,rc_send,
1790601958.1171565,llm_explanation,1061.1569000175223
1790601958.218965,rc_send,
1790601958.3503668,rc_send,
1790601958.4624605,rc_send,
1790601958.564916,rc_send,
1790601958.7105355,rc_send,
1790601958.8134556,rc_send,
1790601958.94769,rc_send,
1790601959.0506597,rc_send,
1790601959.1507325,rc_send,
1790601959.2525547,rc_send,
1790601959.354484,rc_send,
1790601959.4546227,rc_send,
1790601959.5577013,rc_send,
1790601959.668233,llm_explanation,1112.1226999966893
1790601959.6721926,rc_send,
1790601959.7762456,rc_send,
1790601959.9175167,rc_send,
1790601960.0222573,rc_send,
1790601960.1483498,rc_send,
1790601960.2592316,rc_send,
1790601960.3633847,rc_send,
1790601960.415359,llm_explanation,1173.6896999937017
1790601960.4841795,rc_send,
1790601960.585588,rc_send,
1790601960.6863086,rc_send,
1790601960.7874038,rc_send,
1790601960.888686,rc_send,
1790601960.987737,rc_send,
1790601961.0890083,rc_send,
1790601961.1924198,rc_send,
1790601961.2926557,rc_send,
1790601961.3927095,rc_send,
1790601961.4930098,rc_send,
1790601961.622817,rc_send,
1790601961.7231889,rc_send,
1790601961.8241687,rc_send,
1790601961.924819,rc_send,
1790601962.026289,rc_send,
1790601962.0779812,llm_explanation,1706.4160999725573
1790601962.1545525,rc_send,
1790601962.2722762,rc_send,
1790601962.4196203,rc_send,
1790601962.5236409,rc_send,
1790601962.6227572,rc_send,
1790601962.724419,rc_send,
1790601962.8247974,rc_send,
1790601962.924956,rc_send,
1790601963.02591,rc_send,
1790601963.129285,rc_send,
1790601963.2482824,rc_send,
1790601963.4023552,rc_send,
1790601963.5069766,rc_send,
1790601963.6481848,rc_send,
1790601963.7489786,rc_send,
1790601963.8502371,rc_send,
1790601963.9821517,rc_send,
1790601964.0826943,rc_send,
1790601964.1860468,rc_send,
1790601964.2913113,rc_send,
1790601964.391396,rc_send,
1790601964.493664,rc_send,
1790601964.6230142,rc_send,
1790601964.73243,rc_send,
1790601964.881384,rc_send,
1790601965.0230658,rc_send,
1790601965.1345472,rc_send,
1790601965.294802,rc_send,
1790601965.3971326,rc_send,
1790601965.5071354,rc_send,
1790601965.6237133,rc_send,
1790601965.7270272,rc_send,
1790601965.8298807,rc_send,
1790601965.9325306,rc_send,
1790601965.9816139,llm_explanation,1112.115800002357
1790601966.0326228,rc_send,
1790601966.1518142,rc_send,
1790601966.2670755,rc_send,
1790601966.3899536,rc_send,
1790601966.4994826,rc_send,
1790601966.6459875,rc_send,
1790601966.7620175,rc_send,
1790601966.865212,rc_send,
1790601966.9984381,rc_send,
1790601967.1009138,rc_send,
1790601967.2512264,rc_send,
1790601967.33535,llm_explanation,1320.656500000041
1790601967.361794,rc_send,
1790601967.4625237,rc_send,
1790601967.564937,rc_send,
1790601967.6867537,rc_send,
1790601967.7945487,rc_send,
1790601967.8971567,rc_send,
1790601968.018547,rc_send,
1790601968.1316202,rc_send,
1790601968.2324634,rc_send,
1790601968.3499784,rc_send,
1790601968.4610586,rc_send,
1790601968.5701597,rc_send,
1790601968.6732643,rc_send,
1790601968.7750137,rc_send,
1790601968.87584,rc_send,
1790601968.9759526,rc_send,
1790601969.0762484,rc_send,
1790601969.17781,rc_send,
1790601969.2779367,rc_send,
1790601969.3795953,rc_send,
1790601969.486386,rc_send,
1790601969.5986478,rc_send,
1790601969.7227035,rc_send,
1790601969.8264906,rc_send,
1790601969.928812,rc_send,
1790601970.0309455,rc_send,
1790601970.1456347,rc_send,
1790601970.2566211,rc_send,
1790601970.3916202,rc_send,
1790601970.492547,rc_send,
1790601970.5954754,rc_send,
1790601970.697574,rc_send,
1790601970.797739,rc_send,
1790601970.9002063,rc_send,
1790601971.002759,rc_send,
1790601971.1045706,rc_send,
1790601971.203723,rc_send,
1790601971.3062146,rc_send,
1790601971.4072855,rc_send,
1790601971.509895,rc_send,
1790601971.638892,rc_send,
1790601971.740198,rc_send,
1790601971.9481828,rc_send,
1790601972.1091392,rc_send,
1790601972.2811475,rc_send,
1790601972.4411507,rc_send,
1790601972.5848198,rc_send,
1790601972.706856,llm_explanation,980.8276999974623
1790601972.713461,rc_send,
1790601972.8230336,rc_send,
1790601972.923403,rc_send,
1790601973.0246053,rc_send,
1790601973.1246538,rc_send,
1790601973.2258859,rc_send,
1790601973.3267035,rc_send,
1790601973.4281983,rc_send,
1790601973.5300806,rc_send,
1790601973.6325605,rc_send,
1790601973.734016,rc_send,
1790601973.8359709,rc_send,
1790601973.9362006,rc_send,
1790601974.0390785,rc_send,
1790601974.1405094,rc_send,
1790601974.2616882,rc_send,
1790601974.3615155,rc_send,
1790601974.4640315,rc_send,
1790601974.5662684,rc_send,
1790601974.667499,rc_send,
1790601974.7687433,rc_send,
1790601974.869718,rc_send,
1790601974.970774,rc_send,
1790601975.0720155,rc_send,
1790601975.1723735,rc_send,
1790601975.273607,rc_send,
1790601975.375694,rc_send,
1790601975.477483,rc_send,
1790601975.5778792,rc_send,
1790601975.6818988,rc_send,
1790601975.781991,rc_send,
1790601975.8844478,rc_send,
1790601975.9853675,rc_send,
1790601976.087106,rc_send,
1790601976.1887877,rc_send,
1790601976.2905467,rc_send,
1790601976.392359,rc_send,
1790601976.4949164,rc_send,
1790601976.5952199,rc_send,
1790601976.6982017,rc_send,
1790601976.799097,rc_send,
1790601976.8985796,rc_send,
1790601977.0000794,rc_send,
1790601977.102677,rc_send,
1790601977.2110913,llm_explanation,1413.3122999919578
1790601977.2188387,rc_send,
1790601977.3211884,rc_send,
1790601977.4229367,rc_send,
1790601977.5224574,rc_send,
1790601977.6246252,rc_send,
1790601977.725062,rc_send,
1790601977.8277972,rc_send,
1790601977.9297252,rc_send,
1790601978.0297542,rc_send,
1790601978.1315205,rc_send,
1790601978.2329216,rc_send,
1790601978.333095,rc_send,
1790601978.4464185,rc_send,
1790601978.5555327,rc_send,
1790601978.6574848,rc_send,
1790601978.760075,rc_send,
1790601978.8627205,rc_send,
1790601978.9642112,rc_send,
1790601979.0181034,video_reopen,
1790601979.0670009,rc_send,
1790601979.1681983,rc_send,
1790601979.2704408,rc_send,
1790601979.370913,rc_send,
1790601979.4718919,rc_send,
1790601979.5731502,rc_send,
1790601979.6734307,rc_send,
1790601979.775034,rc_send,
1790601979.8752532,rc_send,
1790601979.9780526,rc_send,
1790601980.0801756,rc_send,
1790601980.1825104,rc_send,
1790601980.2841904,rc_send,
1790601980.3854256,rc_send,
1790601980.4881647,rc_send,
1790601980.5907643,rc_send,
1790601980.6938217,rc_send,
1790601980.7949936,rc_send,
1790601980.8957565,rc_send,
1790601980.9960003,rc_send,
1790601981.0981948,rc_send,
1790601981.1993937,rc_send,
1790601981.3004787,rc_send,
1790601981.4017036,rc_send,
1790601981.503438,rc_send,
1790601981.604899,rc_send,
1790601981.706755,rc_send,
1790601981.8076932,rc_send,
1790601981.9100268,rc_send,
1790601982.011266,rc_send,
1790601982.1139603,rc_send,
1790601982.2162304,rc_send,
1790601982.316958,rc_send,
1790601982.4185464,rc_send,
1790601982.5213075,rc_send,
1790601982.622524,rc_send,
1790601982.7244387,rc_send,
1790601982.8246357,rc_send,
1790601982.9268978,rc_send,
1790601983.0293355,rc_send,
1790601983.130534,rc_send,
1790601983.2329876,rc_send,
1790601983.3341951,rc_send,
1790601983.4351485,rc_send,
1790601983.5378776,rc_send,
1790601983.6388185,rc_send,
1790601983.7390316,rc_send,
1790601983.840406,rc_send,
1790601983.940893,rc_send,
1790601984.0433872,rc_send,
1790601984.143121,rc_send,
1790601984.2480896,rc_send,
1790601984.3488762,rc_send,
1790601984.4490087,rc_send,
1790601984.5522406,rc_send,
1790601984.6553214,rc_send,
1790601984.7794409,llm_explanation,2157.7889999898616
1790601984.7854729,rc_send,
1790601984.9921765,rc_send,
1790601985.1124868,rc_send,
1790601985.29052,rc_send,
1790601985.4555645,rc_send,
1790601985.613433,rc_send,
1790601985.759968,rc_send,
1790601985.9059765,rc_send,
1790601986.0393147,rc_send,
1790601986.180518,rc_send,
1790601986.2335155,llm_explanation,1431.6429999889806
1790601986.3097203,rc_send,
1790601986.4425735,rc_send,
1790601986.5712154,rc_send,
1790601986.7032835,rc_send,
1790601986.8303711,rc_send,
1790601986.9770496,rc_send,
1790601987.1210358,rc_send,
1790601987.2545903,rc_send,
1790601987.3828058,rc_send,
1790601987.5387166,rc_send,
1790601987.6773994,rc_send,
1790601987.825342,rc_send,
1790601987.9512143,rc_send,
1790601988.0784605,rc_send,
1790601988.201876,rc_send,
1790601988.334425,rc_send,
1790601988.4716556,rc_send,
1790601988.6165082,rc_send,
1790601988.7412271,llm_explanation,1466.6404000017792
1790601988.7465453,rc_send,
1790601988.8787172,rc_send,
1790601989.0004258,rc_send,
1790601989.1384566,rc_send,
1790601989.267232,rc_send,
1790601989.424446,rc_send,
1790601989.56074,rc_send,
1790601989.6959343,rc_send,
1790601989.748387,llm_explanation,1024.8206999967806
1790601989.8301506,rc_send,
1790601989.9653916,rc_send,
1790601990.0656369,rc_send,
1790601990.2138011,rc_send,
1790601990.315255,rc_send,
1790601990.4160402,rc_send,
1790601990.5187085,rc_send,
1790601990.6209044,rc_send,
1790601990.7939548,rc_send,
1790601990.9130776,rc_send,
1790601991.0449617,rc_send,
1790601991.1738298,rc_send,
1790601991.2905269,rc_send,
1790601991.413139,rc_send,
1790601991.5551162,rc_send,
1790601991.5921988,llm_explanation,848.3975999988616
1790601991.6573708,rc_send,
1790601991.798218,rc_send,
1790601991.9328687,rc_send,
1790601992.0329134,rc_send,
1790601992.132924,rc_send,
1790601992.2707105,rc_send,
1790601992.40489,rc_send,
1790601992.5314357,rc_send,
1790601992.6327944,rc_send,
1790601992.750158,rc_send,
1790601992.8909051,rc_send,
1790601993.008845,rc_send,
1790601993.1464002,rc_send,
1790601993.269285,rc_send,
1790601993.3875487,rc_send,
1790601993.4356105,llm_explanation,850.7749999989755
1790601993.4959953,rc_send,
1790601993.640876,rc_send,
1790601993.7585216,rc_send,
1790601993.8966475,rc_send,
1790601994.0198982,rc_send,
1790601994.141465,rc_send,
1790601994.2724745,rc_send,
1790601994.380595,rc_send,
1790601994.4929678,rc_send,
1790601994.6341994,rc_send,
1790601994.7454011,rc_send,
1790601994.8813233,rc_send,
1790601994.9611318,llm_explanation,658.5405000078026
1790601994.9890914,rc_send,
1790601995.134245,rc_send,
1790601995.2496123,rc_send,
1790601995.3977997,rc_send,
1790601995.5239058,rc_send,
1790601995.6338286,rc_send,
1790601995.7738676,rc_send,
1790601995.8928058,rc_send,
1790601995.99402,rc_send,
1790601996.095711,rc_send,
1790601996.2114644,rc_send,
1790601996.3305368,rc_send,
1790601996.3778393,llm_explanation,1070.3788999817334
1790601996.4323,rc_send,
1790601996.5367212,rc_send,
1790601996.6613696,rc_send,
1790601996.7951453,rc_send,
1790601996.9190228,rc_send,
1790601997.0582492,rc_send,
1790601997.159608,rc_send,
1790601997.262232,rc_send,
1790601997.3631978,rc_send,
1790601997.5285106,rc_send,
1790601997.6464975,rc_send,
1790601997.7873032,rc_send,
1790601997.9086912,rc_send,
1790601998.0480757,rc_send,
1790601998.168924,rc_send,
1790601998.3180044,rc_send,
1790601998.4366853,rc_send,
1790601998.5603387,rc_send,
1790601998.6636405,rc_send,
1790601998.8076847,rc_send,
1790601998.9272106,rc_send,
1790601999.064381,rc_send,
1790601999.1657505,rc_send,
1790601999.2909687,rc_send,
1790601999.4314742,rc_send,
1790601999.555299,rc_send,
1790601999.673274,rc_send,
1790601999.8069727,rc_send,
1790601999.9148166,rc_send,
1790602000.049772,rc_send,
1790602000.1779244,rc_send,
1790602000.348909,rc_send,
1790602000.4793048,rc_send,
1790602000.596666,rc_send,
1790602000.7253482,rc_send,
1790602000.8524594,rc_send,
1790602000.9971166,rc_send,
1790602001.1031759,rc_send,
1790602001.223281,rc_send,
1790602001.3409996,rc_send,
1790602001.5083468,rc_send,
1790602001.6146865,rc_send,
1790602001.7236965,rc_send,
1790602001.8565922,rc_send,
1790602002.0077264,rc_send,
1790602002.1256301,rc_send,
1790602002.2281518,rc_send,
1790602002.3283179,rc_send,
1790602002.429658,rc_send,
1790602002.53633,rc_send,
1790602002.637847,rc_send,
1790602002.7569973,rc_send,
1790602002.9102464,rc_send,
1790602003.0383356,rc_send,
1790602003.142,rc_send,
1790602003.265506,rc_send,
1790602003.3685532,rc_send,
1790602003.474292,rc_send,
1790602003.5934339,rc_send,
1790602003.699294,rc_send,
1790602003.8541114,rc_send,
1790602003.9755516,rc_send,
1790602004.0934372,rc_send,
1790602004.199271,rc_send,
1790602004.3530374,rc_send,
1790602004.4805374,rc_send,
1790602004.594357,rc_send,
1790602004.6974685,rc_send,
1790602004.865968,rc_send,
1790602004.986883,rc_send,
1790602005.0943975,rc_send,
1790602005.1996684,rc_send,
1790602005.3506649,rc_send,
1790602005.4526694,rc_send,
1790602005.5625842,rc_send,
1790602005.6624768,rc_send,
1790602005.7648509,rc_send,
1790602005.8650315,rc_send,
1790602005.9675024,rc_send,
1790602006.070622,rc_send,
1790602006.170892,rc_send,
1790602006.2730205,rc_send,
1790602006.3759725,rc_send,
1790602006.4774168,rc_send,
1790602006.5791543,rc_send,
1790602006.6803718,rc_send,
1790602006.779935,rc_send,
1790602006.8813567,rc_send,
1790602006.9527729,llm_explanation,2059.055799996713
1790602006.9816778,rc_send,
1790602007.0824564,rc_send,
1790602007.1837888,rc_send,
1790602007.285095,rc_send,
1790602007.4943452,rc_send,
1790602007.6446056,rc_send,
1790602007.793624,rc_send,
1790602007.8944273,rc_send,
1790602007.995265,rc_send,
1790602008.1068208,rc_send,
1790602008.2244499,rc_send,
1790602008.354098,rc_send,
1790602008.4551249,rc_send,
1790602008.5572555,rc_send,
1790602008.6571434,rc_send,
1790602008.7839692,rc_send,
1790602008.8891106,rc_send,
1790602009.016248,rc_send,
1790602009.133334,rc_send,
1790602009.2542593,rc_send,
1790602009.3555653,rc_send,
1790602009.4561856,rc_send,
1790602009.5565455,rc_send,
1790602009.658332,rc_send,
1790602009.758556,rc_send,
1790602009.8588097,rc_send,
1790602009.961705,rc_send,
1790602010.0618124,rc_send,
1790602010.1620672,rc_send,
1790602010.3154314,rc_send,
1790602010.4165368,rc_send,
1790602010.516755,rc_send,
1790602010.6173508,rc_send,
1790602010.7221014,rc_send,
1790602010.8237185,rc_send,
1790602010.9254534,rc_send,
1790602011.0795753,rc_send,
1790602011.1814537,rc_send,
1790602011.2831004,rc_send,
1790602011.3365347,llm_explanation,2022.2020999935921
1790602011.3855987,rc_send,
1790602011.489554,rc_send,
1790602011.6144888,rc_send,
1790602011.719167,rc_send,
1790602011.8316064,rc_send,
1790602011.9352577,rc_send,
1790602012.0647364,rc_send,
1790602012.2170775,rc_send,
1790602012.317432,rc_send,
1790602012.41995,rc_send,
1790602012.524628,rc_send,
1790602012.6251857,rc_send,
1790602012.730007,rc_send,
1790602012.8326678,rc_send,
1790602012.9506223,rc_send,
1790602013.058473,llm_explanation,1821.7149999982212
1790602013.065955,rc_send,
1790602013.1936617,rc_send,
1790602013.3034928,rc_send,
1790602013.4286916,rc_send,
1790602013.534442,rc_send,
1790602013.6543434,rc_send,
1790602013.7898147,rc_send,
1790602013.9227173,rc_send,
1790602014.0264714,rc_send,
1790602014.1271322,rc_send,
1790602014.2340815,rc_send,
1790602014.3000488,llm_explanation,1253.784500004258
1790602014.3359323,rc_send,
1790602014.4377153,rc_send,
1790602014.565192,rc_send,
1790602014.6670907,rc_send,
1790602014.7703028,rc_send,
1790602014.9081779,rc_send,
1790602015.0083776,rc_send,
1790602015.1101832,rc_send,
1790602015.2116385,rc_send,
1790602015.313064,rc_send,
1790602015.4147773,rc_send,
1790602015.5160937,rc_send,
1790602015.6240256,rc_send,
1790602015.7141972,llm_explanation,1399.8742999974638
1790602015.7777276,rc_send,
1790602015.8881128,rc_send,
1790602016.0267994,rc_send,
1790602016.1297648,rc_send,
1790602016.2308664,rc_send,
1790602016.3310504,rc_send,
1790602016.4322693,rc_send,
1790602016.5344503,rc_send,
1790602016.6350086,rc_send,
1790602016.7394757,rc_send,
1790602016.8407,rc_send,
1790602016.9414883,rc_send,
1790602016.9977083,llm_explanation,1284.5996999822091
1790602017.0434194,rc_send,
1790602017.1505203,rc_send,
1790602017.253355,rc_send,
1790602017.3555603,rc_send,
1790602017.4557056,rc_send,
1790602017.5840633,rc_send,
1790602017.7247028,rc_send,
1790602017.8291144,rc_send,
1790602017.9496,rc_send,
1790602018.0790553,rc_send,
1790602018.2171512,rc_send,
1790602018.3448992,rc_send,
1790602018.4456666,rc_send,
1790602018.5607529,rc_send,
1790602018.7037964,rc_send,
1790602018.8283749,rc_send,
1790602018.9639487,rc_send,
1790602019.0782332,rc_send,
1790602019.2126129,rc_send,
1790602019.3131073,rc_send,
1790602019.4138787,rc_send,
1790602019.5151157,rc_send,
1790602019.6238034,rc_send,
1790602019.7256393,rc_send,
1790602019.8249419,rc_send,
1790602019.936762,rc_send,
1790602020.0387335,rc_send,
1790602020.1422963,rc_send,
1790602020.2691932,rc_send,
1790602020.3790054,rc_send,
1790602020.5000937,rc_send,
1790602020.6446226,rc_send,
1790602020.7583628,rc_send,
1790602020.8605015,rc_send,
1790602020.9862475,rc_send,
1790602021.1443822,rc_send,
1790602021.273477,rc_send,
1790602021.374877,rc_send,
1790602021.484341,rc_send,
1790602021.587547,rc_send,
1790602021.688203,rc_send,
1790602021.7901433,rc_send,
1790602021.89195,rc_send,
1790602021.9929354,rc_send,
1790602022.093361,rc_send,
1790602022.1953456,rc_send,
1790602022.2967048,rc_send,
1790602022.4443462,rc_send,
1790602022.547888,rc_send,
1790602022.6656032,rc_send,
1790602022.7866929,rc_send,
1790602022.8868666,rc_send,
1790602022.987777,rc_send,
1790602023.0995224,rc_send,
1790602023.2425082,rc_send,
1790602023.3647358,rc_send,
1790602023.4796586,rc_send,
1790602023.6234462,rc_send,
1790602023.7370307,rc_send,
1790602023.8718293,rc_send,
1790602023.9833581,rc_send,
1790602024.1235907,rc_send,
1790602024.291475,rc_send,
1790602024.4299078,rc_send,
1790602024.5632215,rc_send,
1790602024.670805,rc_send,
1790602024.8058903,rc_send,
1790602024.9098709,rc_send,
1790602025.039993,rc_send,
1790602025.154547,rc_send,
1790602025.2659256,rc_send,
1790602025.38512,rc_send,
1790602025.5180235,rc_send,
1790602025.6366937,rc_send,
1790602025.7627664,rc_send,
1790602025.896006,rc_send,
1790602026.0234437,rc_send,
1790602026.1624837,rc_send,
1790602026.2835255,rc_send,
1790602026.4262223,rc_send,
1790602026.5336208,rc_send,
1790602026.6805425,rc_send,
1790602026.8119845,rc_send,
1790602026.9375703,rc_send,
1790602027.0730133,rc_send,
1790602027.1982126,rc_send,
1790602027.355958,rc_send,
1790602027.5135965,rc_send,
1790602027.6586204,rc_send,
1790602027.7589986,rc_send,
1790602027.9158912,rc_send,
1790602028.0636318,llm_explanation,1585.433300002478
1790602028.0686162,rc_send,
1790602028.1990073,rc_send,
1790602028.33601,rc_send,
1790602028.4631855,rc_send,
1790602028.5828187,rc_send,
1790602028.6957173,rc_send,
1790602028.8295739,rc_send,
1790602028.9554791,rc_send,
1790602029.107562,rc_send,
1790602029.2436497,rc_send,
1790602029.3551967,rc_send,
1790602029.489737,rc_send,
1790602029.608507,rc_send,
1790602029.7174952,rc_send,
1790602029.8393803,rc_send,
1790602029.946242,rc_send,
1790602030.0599158,rc_send,
1790602030.1696203,rc_send,
1790602030.284425,rc_send,
1790602030.4063811,rc_send,
1790602030.5609982,rc_send,
1790602030.68531,rc_send,
1790602030.8057613,rc_send,
1790602030.9216337,rc_send,
1790602031.03779,rc_send,
1790602031.164393,rc_send,
1790602031.31728,rc_send,
1790602031.454985,rc_send,
1790602031.5963845,rc_send,
1790602031.6694796,llm_explanation,1235.4793999984395
1790602031.7420678,rc_send,
1790602031.8971388,rc_send,
1790602032.0211177,rc_send,
1790602032.1427326,rc_send,
1790602032.27031,rc_send,
1790602032.4001782,rc_send,
1790602032.554913,rc_send,
1790602032.6604044,rc_send,
1790602032.8042521,rc_send,
1790602032.9480433,llm_explanation,1246.6637000034098
1790602032.953059,rc_send,
1790602033.0785515,rc_send,
1790602033.2282512,rc_send,
1790602033.374775,rc_send,
1790602033.5338116,rc_send,
1790602033.6562414,rc_send,
1790602033.7966645,rc_send,
1790602033.918938,rc_send,
1790602034.0582712,llm_explanation,1134.6432999998797
1790602034.06587,rc_send,
1790602034.209139,rc_send,
1790602034.343199,rc_send,
1790602034.5040066,rc_send,
1790602034.6532578,rc_send,
1790602034.7556596,rc_send,
1790602034.8721523,rc_send,
1790602035.0424645,rc_send,
1790602035.1573293,rc_send,
1790602035.2692683,rc_send,
1790602035.3712754,rc_send,
1790602035.5210564,rc_send,
1790602035.651737,rc_send,
1790602035.7825458,rc_send,
1790602035.8945003,rc_send,
1790602035.9487922,llm_explanation,974.1824000084307
1790602036.029426,rc_send,
1790602036.1505806,rc_send,
1790602036.295683,rc_send,
1790602036.440768,rc_send,
1790602036.5901494,rc_send,
1790602036.6906502,rc_send,
1790602036.839271,rc_send,
1790602036.9679873,rc_send,
1790602037.0732841,rc_send,
1790602037.1784575,llm_explanation,1245.410700008506
1790602037.183417,rc_send,
1790602037.3034286,rc_send,
1790602037.4179952,rc_send,
1790602037.5420048,rc_send,
1790602037.6525521,rc_send,
1790602037.786969,rc_send,
1790602037.9409614,rc_send,
1790602038.0856254,rc_send,
1790602038.2246606,rc_send,
1790602038.3744617,rc_send,
1790602038.5590107,rc_send,
1790602038.7231424,rc_send,
1790602038.8431375,rc_send,
1790602038.9759834,rc_send,
1790602039.1226342,rc_send,
1790602039.2539206,rc_send,
1790602039.385276,rc_send,
1790602039.5273569,rc_send,
1790602039.677307,rc_send,
1790602039.8041909,llm_explanation,1316.866500012111
1790602039.8099208,rc_send,
1790602039.9432986,rc_send,
1790602040.0941746,rc_send,
1790602040.2506783,rc_send,
1790602040.3866246,rc_send,
1790602040.5479658,rc_send,
1790602040.713462,rc_send,
1790602040.8437726,rc_send,
1790602040.991576,rc_send,
1790602041.1183746,rc_send,
1790602041.2790895,llm_explanation,1438.6909000168089
1790602041.2840762,rc_send,
1790602041.4120855,rc_send,
1790602041.56009,rc_send,
1790602041.7125332,rc_send,
1790602041.845421,rc_send,
1790602041.9926584,rc_send,
1790602042.1218169,rc_send,
1790602042.2625148,rc_send,
1790602042.3953261,rc_send,
1790602042.5455158,rc_send,
1790602042.6945508,rc_send,
1790602042.8177402,rc_send,
1790602042.9194949,rc_send,
1790602043.0862832,rc_send,
1790602043.2244902,rc_send,
1790602043.3573298,rc_send,
1790602043.4837635,rc_send,
1790602043.5864813,rc_send,
1790602043.68784,rc_send,
1790602043.8161848,rc_send,
1790602043.9467258,rc_send,
1790602044.065319,rc_send,
1790602044.1684606,rc_send,
1790602044.2838776,rc_send,
1790602044.3917336,rc_send,
1790602044.5126188,rc_send,
1790602044.5886662,llm_explanation,1335.2190000005066
1790602044.6273828,rc_send,
1790602044.7331076,rc_send,
1790602044.8431406,rc_send,
1790602044.9481514,rc_send,
1790602045.0679083,rc_send,
1790602045.1790528,rc_send,
1790602045.2945037,rc_send,
1790602045.4105473,rc_send,
1790602045.5728507,rc_send,
1790602045.6811903,rc_send,
1790602045.7958,rc_send,
1790602045.9453027,rc_send,
1790602046.0764985,rc_send,
1790602046.1899846,rc_send,
1790602046.2903476,rc_send,
1790602046.4304233,rc_send,
1790602046.5512638,rc_send,
1790602046.6759927,rc_send,
1790602046.8072078,rc_send,
1790602046.9237525,rc_send,
1790602047.042463,rc_send,
1790602047.1648102,rc_send,
1790602047.3137066,rc_send,
1790602047.354143,llm_explanation,1143.346400000155
1790602047.4239633,rc_send,
1790602047.5788856,rc_send,
1790602047.6953907,rc_send,
1790602047.7989085,rc_send,
1790602047.9072058,rc_send,
1790602048.080959,rc_send,
1790602048.1929297,rc_send,
1790602048.311693,rc_send,
1790602048.435785,rc_send,
1790602048.5670733,rc_send,
1790602048.6792715,rc_send,
1790602048.8093665,llm_explanation,1452.4203999899328
1790602048.8133295,rc_send,
1790602048.918402,rc_send,
1790602049.0211642,rc_send,
1790602049.123381,rc_send,
1790602049.2251518,rc_send,
1790602049.3270726,rc_send,
1790602049.4304996,rc_send,
1790602049.5725994,rc_send,
1790602049.6728554,rc_send,
1790602049.7847726,rc_send,
1790602049.830696,llm_explanation,1012.7691999950912
1790602049.8931797,rc_send,
1790602049.9963589,rc_send,
1790602050.096986,rc_send,
1790602050.228583,rc_send,
1790602050.329435,rc_send,
1790602050.4311185,rc_send,
1790602050.5335033,rc_send,
1790602050.6357083,rc_send,
1790602050.757741,rc_send,
1790602050.8620458,rc_send,
1790602051.0081162,rc_send,
1790602051.115689,rc_send,
1790602051.2234821,rc_send,
1790602051.3261828,rc_send,
1790602051.443037,rc_send,
1790602051.5456476,rc_send,
1790602051.6464067,rc_send,
1790602051.7557492,rc_send,
1790602051.8585615,rc_send,
1790602052.0122101,rc_send,
1790602052.0884345,llm_explanation,1090.0739000062458
1790602052.1228614,rc_send,
1790602052.256808,rc_send,
1790602052.3744414,rc_send,
1790602052.5255136,rc_send,
1790602052.6462991,rc_send,
1790602052.7822702,rc_send,
1790602052.8980663,rc_send,
1790602053.0338001,rc_send,
1790602053.1346977,rc_send,
1790602053.2558277,rc_send,
1790602053.3724566,rc_send,
1790602053.5263164,rc_send,
1790602053.6309626,rc_send,
1790602053.7647004,rc_send,
1790602053.8714352,rc_send,
1790602054.0096657,rc_send,
1790602054.1182628,rc_send,
1790602054.2299833,rc_send,
1790602054.3702397,rc_send,
1790602054.4875312,rc_send,
1790602062.145094,llm_explanation,1739.7929999860935
