t,seq,dt_s,fps_inst,frame_age_ms,camera_to_command_ms,command_exec_ms,command_exec_ms_ran,face_detect_ms,face_detect_ms_ran,face_id_ms,face_id_ms_ran,flying,hand_detect_ms,hand_detect_ms_ran,mode,mode_manager_ms,mode_manager_ms_ran,rule_infer_ms,rule_infer_ms_ran
1787921841.3766234,5,,,0.9973049163818359,0.04189999890513718,0.0043000036384910345,1,,0,,0,0,,0,hover,0.01889999839477241,1,,
1787921841.4519982,15,0.07537484169006348,13.267026206329374,1.6474723815917969,38.7955000041984,0.0052000104915350676,1,,0,,0,0,38.750800013076514,1,hover,0.023800006601959467,1,,
1787921841.4769287,30,0.024930477142333984,40.1115467742861,11.004447937011719,0.11059999815188348,0.015600002370774746,1,,0,,0,0,,0,hover,0.0501000031363219,1,,
1787921841.5584254,36,0.0814967155456543,12.270433149416949,0.9984970092773438,57.685600011609495,0.00580001506023109,1,11.807900009443983,1,,0,0,45.84090001299046,1,hover,0.01920000067912042,1,,
1787921841.5732608,58,0.014835357666015625,67.40653124196452,2.703428268432617,0.05549998604692519,0.006799993570894003,1,,0,,0,0,,0,hover,0.022899999748915434,1,,
1787921841.6115797,63,0.03831887245178223,26.096801289190584,1.9962787628173828,23.872699995990843,0.0038999714888632298,1,,0,,0,0,23.842800001148134,1,hover,0.014400022337213159,1,,
1787921841.624135,77,0.012555360794067383,79.64725318546932,3.034830093383789,0.038700003642588854,0.005099980626255274,1,,0,,0,0,,0,hover,0.017000013031065464,1,,
1787921841.66598,82,0.041845083236694336,23.89767023149546,2.0346641540527344,28.447699995012954,0.0051000097300857306,1,6.6330999834463,1,,0,0,21.784700016723946,1,hover,0.017699989257380366,1,,
1787921841.6769855,100,0.011005401611328125,90.86447140381283,1.0259151458740234,0.04850002005696297,0.006299989763647318,1,,0,,0,0,,0,hover,0.021400017431005836,1,,
1787921841.710672,104,0.03368639945983887,29.685570913929407,1.96075439453125,23.661899991566315,0.005599984433501959,1,,0,,0,0,23.624499997822568,1,hover,0.01920000067912042,1,,
1787921841.7203672,118,0.009695291519165039,103.14285011680806,0.9984970092773438,0.033199990866705775,0.0045000051613897085,1,,0,,0,0,,0,hover,0.014499993994832039,1,,
1787921841.7572525,123,0.03688526153564453,27.111099619929156,0.9973049163818359,25.57710002292879,0.005500012775883079,1,5.998500011628494,1,,0,0,19.444000005023554,1,hover,0.01969997538253665,1,,
1787921841.7721064,127,0.014853954315185547,67.32214054123463,22.924184799194336,0.14650000957772136,0.004799978341907263,1,,0,,0,0,,0,hover,0.015400000847876072,1,,
1787921841.8530908,128,0.08098435401916504,12.348064167596483,15.957355499267578,17.87570002488792,0.0047000066842883825,1,,0,,0,0,17.771000013453886,1,hover,0.014999997802078724,1,,
1787921841.8650565,129,0.011965751647949219,83.57184984458436,14.992237091064453,0.10810000821948051,0.004999979864805937,1,,0,,0,0,,0,hover,0.015400000847876072,1,,
1787921841.9109561,130,0.04589962959289551,21.786668190341633,0.9970664978027344,22.581700002774596,0.0045000051613897085,1,4.7048999986145645,1,,0,0,17.778199980966747,1,hover,0.01680001150816679,1,,
1787921841.9188795,131,0.007923364639282227,126.2090091174435,0.0,0.11900000390596688,0.00589998671784997,1,,0,,0,0,,0,hover,0.01850002445280552,1,,
1787921842.0060987,132,0.08721923828125,11.465360391882434,2.0830631256103516,18.46220000879839,0.004299974534660578,1,,0,,0,0,18.366400006925687,1,hover,0.015500001609325409,1,,
1787921842.0208938,133,0.014795064926147461,67.59010555152688,2.994060516357422,0.12119999155402184,0.0051000097300857306,1,,0,,0,0,,0,hover,0.017300015315413475,1,,
1787921842.074007,134,0.05311322212219238,18.82770353678408,1.6319751739501953,23.06990002398379,0.0044000043999403715,1,4.769699997268617,1,,0,0,18.220400001155213,1,hover,0.014599994756281376,1,,
1787921842.097843,135,0.02383589744567871,41.95352838209553,13.693809509277344,0.10390000534243882,0.005500012775883079,1,,0,,0,0,,0,hover,0.016400008462369442,1,,
1787921842.178159,136,0.08031606674194336,12.45080891738653,7.962703704833984,18.914900021627545,0.0042000028770416975,1,,0,,0,0,18.82550001027994,1,hover,0.014999997802078724,1,,
1787921842.1910913,137,0.012932300567626953,77.32576232439807,4.947900772094727,0.10350000229664147,0.005099980626255274,1,,0,,0,0,,0,hover,0.0171000137925148,1,,
1787921842.2457652,138,0.05467391014099121,18.290259420283537,0.995635986328125,24.255900003481656,0.004799978341907263,1,4.9638000200502574,1,,0,0,19.209599995519966,1,hover,0.015900004655122757,1,,
1787921842.2534328,139,0.00766754150390625,130.41990049751243,0.9970664978027344,0.13639999087899923,0.008100003469735384,1,,0,,0,0,,0,hover,0.022899999748915434,1,,
1787921842.342464,140,0.08903121948242188,11.232015082051502,1.9965171813964844,19.46109998971224,0.0045000051613897085,1,,0,,0,0,19.369499990716577,1,hover,0.016200006939470768,1,,
1787921842.361239,141,0.018774986267089844,53.26235586935541,10.795116424560547,0.15089998487383127,0.0050000089686363935,1,,0,,0,0,,0,hover,0.017499987734481692,1,,
1787921842.4161427,142,0.05490374565124512,18.213693585718442,6.889104843139648,23.71609999681823,0.0047000066842883825,1,5.113699997309595,1,,0,0,18.516299984185025,1,hover,0.014999997802078724,1,,
1787921842.4263175,143,0.010174751281738281,98.28250070297122,7.378816604614258,0.14930000179447234,0.006999995093792677,1,,0,,0,0,,0,hover,0.047200010158121586,1,,
1787921842.5161333,145,0.08981585502624512,11.133891668768166,3.07464599609375,17.954899987671524,0.0042000028770416975,1,,0,,0,0,17.85500001278706,1,hover,0.015700003132224083,1,,
1787921842.55658,146,0.04044675827026367,24.723860273746507,1.9943714141845703,0.09879999561235309,0.0053000112529844046,1,,0,,0,0,,0,hover,0.016300007700920105,1,,
1787921842.6146235,147,0.058043479919433594,17.228463927180716,2.2077560424804688,26.992400002200156,0.005500012775883079,1,5.333100009011105,1,,0,0,21.56190000823699,1,hover,0.017499987734481692,1,,
1787921842.6542082,148,0.03958463668823242,25.26232608564717,2.9914379119873047,0.13169998419471085,0.006200018106028438,1,,0,,0,0,,0,hover,0.01789999078027904,1,,
1787921842.707793,149,0.05358481407165527,18.662003728570728,1.638650894165039,20.8625000086613,0.005099980626255274,1,,0,,0,0,20.752100012032315,1,hover,0.0171000137925148,1,,
1787921842.7192047,150,0.011411666870117188,87.62961724887181,0.5664825439453125,0.10979999206028879,0.005499983672052622,1,,0,,0,0,,0,hover,0.018999999156221747,1,,
1787921842.7799094,151,0.060704708099365234,16.473186863251826,0.9975433349609375,27.079700026661158,0.005600013537332416,1,5.916599999181926,1,,0,0,21.057400008430704,1,hover,0.017999991541728377,1,,
1787921842.8231137,152,0.043204307556152344,23.14584023133126,1.0094642639160156,0.10810000821948051,0.005499983672052622,1,,0,,0,0,,0,hover,0.016900012269616127,1,,
1787921842.873675,153,0.05056142807006836,19.77792238411845,3.9908885955810547,17.78230001218617,0.004599976819008589,1,,0,,0,0,17.680400022072718,1,hover,0.01650000922381878,1,,
1787921842.886606,154,0.012930870056152344,77.33431669002138,0.0,0.1815000141505152,0.006799993570894003,1,,0,,0,0,,0,hover,0.02750000567175448,1,,
1787921842.944406,155,0.0578000545501709,17.301021734019166,1.1436939239501953,24.454500002320856,0.004399975296109915,1,5.8213000011164695,1,,0,0,18.53940001456067,1,hover,0.015400000847876072,1,,
1787921842.994171,156,0.04976487159729004,20.09449573370255,9.563922882080078,0.09439999121241271,0.0044000043999403715,1,,0,,0,0,,0,hover,0.014300021575763822,1,,
1787921843.0435238,157,0.04935288429260254,20.26224027903247,5.491733551025391,19.44299999740906,0.0043000036384910345,1,,0,,0,0,19.33780001127161,1,hover,0.01610000617802143,1,,
1787921843.0505738,158,0.007050037384033203,141.8432194792019,1.0495185852050781,0.09469999349676073,0.004499976057559252,1,,0,,0,0,,0,hover,0.014100020052865148,1,,
1787921843.1084964,159,0.0579226016998291,17.264417872357942,3.988504409790039,22.845399973448366,0.0048000074457377195,1,4.823499999474734,1,,0,0,17.92759998352267,1,hover,0.016300007700920105,1,,
1787921843.164238,160,0.05574154853820801,17.939939349093443,10.280847549438477,0.12929999502375722,0.0050000089686363935,1,,0,,0,0,,0,hover,0.018799997633323073,1,,
1787921843.2087672,161,0.04452919960021973,22.45717437047904,1.9948482513427734,20.226499997079372,0.0045000051613897085,1,,0,,0,0,20.103199989534914,1,hover,0.019199971575289965,1,,
1787921843.218428,162,0.009660720825195312,103.51194471865745,2.056598663330078,0.13000000035390258,0.0049000082071870565,1,,0,,0,0,,0,hover,0.018699996871873736,1,,
1787921843.2794511,163,0.06102323532104492,16.387200625122095,1.7633438110351562,25.65820000017993,0.006699992809444666,1,5.282699974486604,1,,0,0,20.26700001442805,1,hover,0.019500002963468432,1,,
1787921843.3236036,164,0.04415249824523926,22.648775035234273,2.498626708984375,0.15139998868107796,0.006399990525096655,1,,0,,0,0,,0,hover,0.019500002963468432,1,,
1787921843.3748798,165,0.051276206970214844,19.502222552867,1.4452934265136719,20.66249999916181,0.0052000104915350676,1,,0,,0,0,20.550300017930567,1,hover,0.017399986973032355,1,,
1787921843.3868508,166,0.011970996856689453,83.53523202549293,0.9984970092773438,0.11320001794956625,0.0050000089686363935,1,,0,,0,0,,0,hover,0.014999997802078724,1,,
1787921843.448724,167,0.06187319755554199,16.162086969924665,9.973287582397461,22.680900001432747,0.0043000036384910345,1,4.664199979742989,1,,0,0,17.923400009749457,1,hover,0.015400000847876072,1,,
1787921843.4889007,168,0.0401766300201416,24.890091565635885,5.827903747558594,0.11839999933727086,0.005999987479299307,1,,0,,0,0,,0,hover,0.017700018361210823,1,,
1787921843.5210135,169,0.032112836837768555,31.14019496477122,10.210752487182617,17.15090000652708,0.0039000005926936865,1,,0,,0,0,17.049999994924292,1,hover,0.014299992471933365,1,,
1787921843.552756,170,0.03174257278442383,31.50343252865448,0.0,0.10439998004585505,0.0051000097300857306,1,,0,,0,0,,0,hover,0.015099998563528061,1,,
1787921843.6142151,171,0.06145906448364258,16.270992869833734,1.9948482513427734,27.808799990452826,0.0044000043999403715,1,6.467400002293289,1,,0,0,21.21080001234077,1,hover,0.03470000228844583,1,,
1787921843.6549218,172,0.040706634521484375,24.56602005435292,2.991199493408203,0.14059999375604093,0.006300018867477775,1,,0,,0,0,,0,hover,0.021199986804276705,1,,
1787921843.7038472,173,0.04892539978027344,20.43928111964446,0.9973049163818359,18.731299991486594,0.004999979864805937,1,,0,,0,0,18.60439998563379,1,hover,0.020000006770715117,1,,
1787921843.7218,174,0.017952919006347656,55.70124833997344,1.995086669921875,0.1196000084746629,0.005699985194951296,1,,0,,0,0,,0,hover,0.01750001683831215,1,,
1787921843.7756648,175,0.05386471748352051,18.56502821732876,2.3484230041503906,24.310799984959885,0.0051000097300857306,1,5.219299986492842,1,,0,0,18.986200011568144,1,hover,0.017699989257380366,1,,
1787921843.8270953,176,0.051430463790893555,19.443728994274853,10.997533798217773,0.13609998859465122,0.005900015821680427,1,,0,,0,0,,0,hover,0.015700003132224083,1,,
1787921843.876381,177,0.0492856502532959,20.289881433249967,7.977724075317383,17.89489999646321,0.004399975296109915,1,,0,,0,0,17.78379999450408,1,hover,0.016700010746717453,1,,
1787921843.8903544,178,0.013973474502563477,71.56416250063984,5.019187927246094,0.15669999993406236,0.00790000194683671,1,,0,,0,0,,0,hover,0.01920000067912042,1,,
1787921843.9433048,179,0.052950382232666016,18.885604934936286,4.709959030151367,22.13830000255257,0.0048000074457377195,1,4.752700013341382,1,,0,0,17.28559998446144,1,hover,0.01689998316578567,1,,
1787921843.987285,180,0.04398012161254883,22.737545130267907,1.9943714141845703,0.11640001321211457,0.005399982910603285,1,,0,,0,0,,0,hover,0.017600017599761486,1,,
1787921844.0433183,181,0.05603337287902832,17.84650733338723,0.9968280792236328,22.501400002511218,0.004399975296109915,1,,0,,0,0,22.384700016118586,1,hover,0.016400008462369442,1,,
1787921844.0598464,182,0.01652812957763672,60.50291385378801,9.546041488647461,0.1084999821614474,0.005400012014433742,1,,0,,0,0,,0,hover,0.0171000137925148,1,,
1787921844.11475,183,0.054903507232666016,18.21377267871566,5.928993225097656,24.041199998464435,0.0045000051613897085,1,4.96479999856092,1,,0,0,18.975999992107973,1,hover,0.01650000922381878,1,,
1787921844.1562023,184,0.04145240783691406,24.12405098237703,1.9953250885009766,0.11449999874457717,0.0049000082071870565,1,,0,,0,0,,0,hover,0.017399986973032355,1,,
1787921844.2046492,185,0.0484468936920166,20.641158262016425,1.092672348022461,19.24310001777485,0.0045000051613897085,1,,0,,0,0,19.14079999551177,1,hover,0.016099977074190974,1,,
1787921844.2176156,186,0.012966394424438477,77.12244184977476,1.0297298431396484,0.12260000221431255,0.0047000066842883825,1,,0,,0,0,,0,hover,0.017699989257380366,1,,
1787921844.2878966,187,0.0702810287475586,14.228590813488024,9.941339492797852,25.638399994932115,0.0044000043999403715,1,4.928400012431666,1,,0,0,20.6043999933172,1,hover,0.017700018361210823,1,,
1787921844.3241053,188,0.0362086296081543,27.617725686442352,5.98454475402832,0.11409999569877982,0.0044000043999403715,1,,0,,0,0,,0,hover,0.01680001150816679,1,,
1787921844.3764422,189,0.052336931228637695,19.106966658618695,5.756616592407227,21.374700008891523,0.0048000074457377195,1,,0,,0,0,21.255600004224107,1,hover,0.018699996871873736,1,,
1787921844.399413,190,0.022970914840698242,43.53331188308925,13.958930969238281,0.1168999879155308,0.005299982149153948,1,,0,,0,0,,0,hover,0.01819999306462705,1,,
1787921844.4428923,191,0.043479204177856445,22.999501000740274,2.0377635955810547,23.03730000858195,0.0050000089686363935,1,4.977399978088215,1,,0,0,17.94800002244301,1,hover,0.01889999839477241,1,,
1787921844.491771,192,0.04887866973876953,20.458821922619165,7.921457290649414,0.0934000127017498,0.0047000066842883825,1,,0,,0,0,,0,hover,0.01309998333454132,1,,
1787921844.524714,193,0.032943010330200195,30.355452946668308,13.401269912719727,17.623199993977323,0.0046000059228390455,1,,0,,0,0,17.51989999320358,1,hover,0.01920000067912042,1,,
1787921844.5553799,194,0.030665874481201172,32.609538026154155,1.9969940185546875,0.16110000433400273,0.007599999662488699,1,,0,,0,0,,0,hover,0.021099986042827368,1,,
1787921844.609458,195,0.054078102111816406,18.49177321223878,1.2135505676269531,22.70269999280572,0.0049000082071870565,1,4.608999995980412,1,,0,0,17.996400012634695,1,hover,0.015500001609325409,1,,
1787921844.6611295,196,0.051671504974365234,19.353026402000683,11.551380157470703,0.1894999877549708,0.006699992809444666,1,,0,,0,0,,0,hover,0.0213000166695565,1,,
1787921844.7055178,197,0.0443882942199707,22.528462009474804,2.994060516357422,18.276599992532283,0.0045000051613897085,1,,0,,0,0,18.166900001233444,1,hover,0.017399986973032355,1,,
1787921844.7214766,198,0.015958786010742188,62.66140791203538,1.9969940185546875,0.12470001820474863,0.012200005585327744,1,,0,,0,0,,0,hover,0.023500004317611456,1,,
1787921844.7809489,199,0.05947232246398926,16.81454428832007,4.986763000488281,26.666700025089085,0.0044000043999403715,1,4.795599990757182,1,,0,0,21.765300014521927,1,hover,0.016400008462369442,1,,
1787921844.820239,200,0.03929018974304199,25.451645984404866,0.9980201721191406,0.13059997581876814,0.0049000082071870565,1,,0,,0,0,,0,hover,0.018999999156221747,1,,
1787921844.8716822,201,0.05144309997558594,19.43895294946424,0.9968280792236328,18.824099999619648,0.004799978341907263,1,,0,,0,0,18.720399995800108,1,hover,0.015199999324977398,1,,
1787921844.8940463,202,0.022364139556884766,44.714441056693886,9.973526000976562,0.11419999646022916,0.005600013537332416,1,,0,,0,0,,0,hover,0.018399994587525725,1,,
1787921844.9479604,203,0.05391407012939453,18.548033891709267,7.688760757446289,22.505900007672608,0.0048000074457377195,1,4.742299992358312,1,,0,0,17.658500000834465,1,hover,0.017099984688684344,1,,
1787921844.9847248,204,0.03676438331604004,27.2002386495548,0.9989738464355469,0.11939997784793377,0.0049000082071870565,1,,0,,0,0,,0,hover,0.01729998621158302,1,,
1787921845.0400896,205,0.05536484718322754,18.062002351249046,2.3508071899414062,18.13609999953769,0.0044000043999403715,1,,0,,0,0,18.021700001554564,1,hover,0.01750001683831215,1,,
1787921845.0530553,206,0.012965679168701172,77.12669633334559,1.995086669921875,0.10800000745803118,0.004999979864805937,1,,0,,0,0,,0,hover,0.016200006939470768,1,,
1787921845.1154218,207,0.062366485595703125,16.03425285950211,7.83085823059082,22.97080002608709,0.0047000066842883825,1,4.881300003034994,1,,0,0,17.99410002422519,1,hover,0.015900004655122757,1,,
1787921845.1551373,208,0.03971552848815918,25.17906818986787,2.027750015258789,0.11870000162161887,0.0050000089686363935,1,,0,,0,0,,0,hover,0.021299987565726042,1,,
1787921845.2202518,209,0.06511449813842773,15.357562886748928,15.416145324707031,19.564199988963082,0.004299974534660578,1,,0,,0,0,19.454299996141344,1,hover,0.016700010746717453,1,,
1787921845.229202,210,0.008950233459472656,111.72892914224826,9.796619415283203,0.12569999671541154,0.0049000082071870565,1,,0,,0,0,,0,hover,0.01479999627918005,1,,
1787921845.2804363,211,0.05123424530029297,19.518195186419224,0.9901523590087891,27.0928000099957,0.0052000104915350676,1,5.053100001532584,1,,0,0,21.933100011665374,1,hover,0.018699996871873736,1,,
1787921845.3243155,212,0.04387927055358887,22.78980455654385,3.988027572631836,0.11319998884573579,0.0052000104915350676,1,,0,,0,0,,0,hover,0.016000005416572094,1,,
1787921845.3735628,213,0.04924726486206055,20.305696220916158,1.1029243469238281,19.938399986131117,0.006900023436173797,1,,0,,0,0,19.79409999330528,1,hover,0.02409997978247702,1,,
1787921845.3855324,214,0.011969566345214844,83.54521552067564,0.9970664978027344,0.11950000771321356,0.005699985194951296,1,,0,,0,0,,0,hover,0.018699996871873736,1,,
1787921845.4432633,215,0.057730913162231445,17.321742290648835,0.9984970092773438,23.24029998271726,0.0042000028770416975,1,4.77519998094067,1,,0,0,18.358200002694502,1,hover,0.014899997040629387,1,,
1787921845.4945843,217,0.05132102966308594,19.485189727580185,0.9975433349609375,0.1100999943446368,0.0049000082071870565,1,,0,,0,0,,0,hover,0.014699995517730713,1,,
1787921845.5766876,218,0.08210325241088867,12.17978546081785,6.333351135253906,18.624300020746887,0.0044000043999403715,1,,0,,0,0,18.51260001421906,1,hover,0.01759998849593103,1,,
1787921845.5846667,219,0.007979154586791992,125.32656049242537,0.9975433349609375,0.10830000974237919,0.005299982149153948,1,,0,,0,0,,0,hover,0.015600002370774746,1,,
1787921845.6782956,220,0.0936288833618164,10.680464874665146,2.992868423461914,23.10839999699965,0.0049000082071870565,1,4.7805999929551035,1,,0,0,18.214500014437363,1,hover,0.01650000922381878,1,,
1787921845.6885166,221,0.010221004486083984,97.83774201073011,4.282236099243164,0.10280002607032657,0.0045000051613897085,1,,0,,0,0,,0,hover,0.014899997040629387,1,,
1787921845.7450662,222,0.0565495491027832,17.683606958252174,8.975028991699219,17.619599995668977,0.0048999791033566,1,,0,,0,0,17.504099989309907,1,hover,0.016000005416572094,1,,
1787921845.7535856,223,0.008519411087036133,117.37900540116979,3.988981246948242,0.10699999984353781,0.004999979864805937,1,,0,,0,0,,0,search_360,0.022099993657320738,1,,
1787921845.8439784,224,0.0903928279876709,11.06282458754797,0.9963512420654297,22.914900007890537,0.00589998671784997,1,4.987499996786937,1,,0,0,17.822800000431016,1,search_360,0.015600002370774746,1,,
1787921845.8533964,225,0.009418010711669922,106.17953521340692,0.9999275207519531,0.11550000635907054,0.0052000104915350676,1,,0,,0,0,,0,search_360,0.014999997802078724,1,,
1787921845.906705,226,0.05330848693847656,18.75873913199041,1.8317699432373047,20.731700002215803,0.0046000059228390455,1,,0,,0,0,20.623200020054355,1,search_360,0.013400014722719789,1,,
1787921845.9216666,227,0.014961719512939453,66.83723746693438,2.9926300048828125,0.13190001482143998,0.006099988240748644,1,,0,,0,0,,0,search_360,0.014499993994832039,1,,
1787921846.0129662,228,0.09129953384399414,10.952958442358815,4.982709884643555,22.855799994431436,0.0045000051613897085,1,4.757999995490536,1,,0,0,17.98540001618676,1,search_360,0.01580000389367342,1,,
1787921846.0220542,229,0.00908803939819336,110.03473424628784,3.0243396759033203,0.12370001059025526,0.005799985956400633,1,,0,,0,0,,0,search_360,0.014400022337213159,1,,
1787921846.069776,230,0.04772186279296875,20.954756195043966,2.015352249145508,18.53199998731725,0.0041000021155923605,1,,0,,0,0,18.428899988066405,1,search_360,0.01209997572004795,1,,
1787921846.098699,231,0.02892303466796875,34.57451859667634,12.964487075805664,0.11630001245066524,0.005099980626255274,1,,0,,0,0,,0,search_360,0.013800017768517137,1,,
1787921846.1834931,232,0.0847940444946289,11.793281072509082,9.75179672241211,22.087699995609,0.004699977580457926,1,4.759299976285547,1,,0,0,17.231600009836257,1,search_360,0.013800017768517137,1,,
1787921846.2080967,233,0.024603605270385742,40.644449827995544,22.60875701904297,0.09529999806545675,0.0050000089686363935,1,,0,,0,0,,0,search_360,0.011600001016631722,1,,
1787921846.2418034,234,0.0337066650390625,29.667722951561792,5.242586135864258,18.255699978908524,0.0045000051613897085,1,,0,,0,0,18.153299984987825,1,search_360,0.013999990187585354,1,,
1787921846.2546184,235,0.012814998626708984,78.03356279069767,2.878904342651367,0.09889999637380242,0.0049000082071870565,1,,0,,0,0,,0,search_360,0.012399978004395962,1,,
1787921846.345359,236,0.09074068069458008,11.020415455840082,1.995086669921875,23.610500007634982,0.0043000036384910345,1,4.805500007933006,1,,0,0,18.71579998987727,1,search_360,0.01170000177808106,1,,
1787921846.363709,237,0.018349885940551758,54.496251542909114,12.584447860717773,0.15550001990050077,0.009399984264746308,1,,0,,0,0,,0,search_360,0.024600012693554163,1,,
1787921846.410002,238,0.046293020248413086,21.601528581066813,1.7118453979492188,22.638200025539845,0.006499991286545992,1,,0,,0,0,22.500600025523454,1,search_360,0.01960000372491777,1,,
1787921846.4199755,239,0.009973526000976562,100.26544272327405,0.0,0.10010000551119447,0.0049000082071870565,1,,0,,0,0,,0,search_360,0.010799994925037026,1,,
1787921846.509996,240,0.09002041816711426,11.108590921490679,0.6206035614013672,22.868900006869808,0.0049000082071870565,1,4.665000014938414,1,,0,0,18.100299988873303,1,search_360,0.012999982573091984,1,,
1787921846.5318613,241,0.021865367889404297,45.73442372696543,37.85300254821777,0.1173000200651586,0.005499983672052622,1,,0,,0,0,,0,search_360,0.01170000177808106,1,,
1787921846.5745535,242,0.04269218444824219,23.423491042308896,2.027750015258789,18.61480000661686,0.0052000104915350676,1,,0,,0,0,18.50520001607947,1,search_360,0.014199991710484028,1,,
1787921846.584752,243,0.010198593139648438,98.05273985412381,0.9970664978027344,0.10619999375194311,0.0048999791033566,1,,0,,0,0,,0,search_360,0.013100012438371778,1,,
1787921846.6783297,244,0.09357762336730957,10.686315424733689,2.9914379119873047,23.408700013533235,0.0045000051613897085,1,4.944599990267307,1,,0,0,18.364899995503947,1,search_360,0.013199984095990658,1,,
1787921846.688356,245,0.010026216506958008,99.73852043849428,1.300811767578125,0.09220000356435776,0.0043000036384910345,1,,0,,0,0,,0,search_360,0.010499992640689015,1,,
1787921846.7513082,246,0.06295228004455566,15.885048155400108,11.959552764892578,18.51560000795871,0.004499976057559252,1,,0,,0,0,18.409300013445318,1,search_360,0.012900010915473104,1,,
1787921846.7643716,247,0.013063430786132812,76.54956928018689,13.324975967407227,0.14589997590519488,0.006799993570894003,1,,0,,0,0,,0,search_360,0.02020000829361379,1,,
1787921846.856167,248,0.09179544448852539,10.893786783994514,1.9953250885009766,33.532300003571436,0.005399982910603285,1,5.114900006446987,1,,0,0,28.29990000464022,1,search_360,0.015400000847876072,1,,
1787921846.8661451,249,0.009978055953979492,100.21992306038088,15.989065170288086,0.09919999865815043,0.005299982149153948,1,,0,,0,0,,0,search_360,0.012900010915473104,1,,
1787921846.9067316,250,0.04058647155761719,24.63875182104422,1.9955635070800781,18.35999998729676,0.005199981387704611,1,,0,,0,0,18.218399985926226,1,search_360,0.028000009479001164,1,,
1787921846.9237664,251,0.01703476905822754,58.70346680849277,2.643585205078125,0.10350000229664147,0.0051000097300857306,1,,0,,0,0,,0,search_360,0.0137000170070678,1,,
1787921847.016558,252,0.09279155731201172,10.776842516367076,8.009910583496094,22.826300002634525,0.0051000097300857306,1,4.80179997975938,1,,0,0,17.922300001373515,1,search_360,0.014699995517730713,1,,
1787921847.0259304,253,0.009372472763061523,106.69542876039786,7.112264633178711,0.10579999070614576,0.0047000066842883825,1,,0,,0,0,,0,search_360,0.011699972674250603,1,,
1787921847.073863,254,0.04793262481689453,20.862617138536837,2.9904842376708984,17.744700016919523,0.0048000074457377195,1,,0,,0,0,17.640600010054186,1,search_360,0.012599979527294636,1,,
1787921847.0867121,255,0.012849092483520508,77.82650808082683,3.026723861694336,0.17049998859874904,0.007299997378140688,1,,0,,0,0,,0,search_360,0.016400008462369442,1,,
1787921847.178759,256,0.09204697608947754,10.864017944792824,1.9974708557128906,24.60639999480918,0.0048999791033566,1,4.9273000040557235,1,,0,0,19.582599983550608,1,search_360,0.012600008631125093,1,,
1787921847.196167,257,0.017407894134521484,57.44520228997179,10.00523567199707,0.1145999995060265,0.005399982910603285,1,,0,,0,0,,0,search_360,0.01300001167692244,1,,
1787921847.2468,258,0.05063295364379883,19.749983519329472,9.949684143066406,18.516699987230822,0.0049000082071870565,1,,0,,0,0,18.406399991363287,1,search_360,0.013299984857439995,1,,
1787921847.2563999,259,0.009599924087524414,104.16749037625729,3.9811134338378906,0.10430000838823617,0.004599976819008589,1,,0,,0,0,,0,search_360,0.012200005585327744,1,,
1787921847.358124,260,0.10172414779663086,9.830507521176013,13.675212860107422,23.094799980754033,0.0044000043999403715,1,4.616799997165799,1,,0,0,18.381899979431182,1,search_360,0.013500015484169126,1,,
1787921847.3656235,261,0.0074994564056396484,133.34299793355586,13.170719146728516,0.09529999806545675,0.0047000066842883825,1,,0,,0,0,,0,search_360,0.01170000177808106,1,,
1787921847.4044182,262,0.038794755935668945,25.776679756878508,0.9980201721191406,18.76000000629574,0.004399975296109915,1,,0,,0,0,18.653700011782348,1,search_360,0.013100012438371778,1,,
1787921847.419472,263,0.015053749084472656,66.42863477985429,0.0,0.16690001939423382,0.006399990525096655,1,,0,,0,0,,0,search_360,0.020500010577961802,1,,
1787921847.5105999,264,0.09112787246704102,10.973590987342302,0.0,25.178999989293516,0.0049000082071870565,1,4.987700027413666,1,,0,0,20.072399987839162,1,search_360,0.014399993233382702,1,,
1787921847.522182,265,0.011582136154174805,86.33985878671854,27.011394500732422,0.15860001440159976,0.0050000089686363935,1,,0,,0,0,,0,search_360,0.014599994756281376,1,,
1787921847.5853543,266,0.0631723403930664,15.829712715689679,12.001276016235352,18.768400012049824,0.004999979864805937,1,,0,,0,0,18.657200009329244,1,search_360,0.013500015484169126,1,,
1787921847.592944,267,0.007589578628540039,131.7596205195866,8.656501770019531,0.10410000686533749,0.0048000074457377195,1,,0,,0,0,,0,search_360,0.012300006346777081,1,,
1787921847.677944,268,0.08500003814697266,11.764700602497504,1.1112689971923828,25.04079998470843,0.0052000104915350676,1,5.378900008508936,1,,0,0,19.551699981093407,1,search_360,0.014199991710484028,1,,
1787921847.6864326,269,0.008488655090332031,117.8042916526233,3.50189208984375,0.10239999392069876,0.0048999791033566,1,,0,,0,0,,0,search_360,0.011299998732283711,1,,
1787921847.73777,270,0.051337480545043945,19.478945779635435,4.022836685180664,17.92320000822656,0.0045000051613897085,1,,0,,0,0,17.821399989770725,1,search_360,0.014299992471933365,1,,
1787921847.7521079,271,0.014337778091430664,69.74581372532717,1.1272430419921875,0.19409999367780983,0.022499996703118086,1,,0,,0,0,,0,search_360,0.032499985536560416,1,,
1787921847.8543386,272,0.10223078727722168,9.781789093419343,11.002779006958008,24.764700006926432,0.0043000036384910345,1,5.850299989106134,1,,0,0,18.809600005624816,1,search_360,0.012300006346777081,1,,
1787921847.8867958,273,0.03245711326599121,30.809887244279576,27.359485626220703,8.713899995200336,0.005900015821680427,1,,0,8.681500010425225,1,0,,0,search_360,0.014899997040629387,1,,
1787921847.9263964,274,0.03960061073303223,25.252135800164965,9.971380233764648,31.548700004350394,0.006400019628927112,1,,0,7.906900020316243,1,0,23.610600008396432,1,search_360,0.016299978597089648,1,,
1787921847.9443483,275,0.01795196533203125,55.70420739481513,19.951343536376953,7.996399974217638,0.006300018867477775,1,,0,7.962800009408966,1,0,,0,search_360,0.017399986973032355,1,,
1787921848.018773,276,0.07442474365234375,13.436391594054331,1.9941329956054688,32.10759998182766,0.005700014298781753,1,4.795799992280081,1,8.076600002823398,1,0,19.212599989259616,1,search_360,0.015400000847876072,1,,
1787921848.0342824,277,0.015509366989135742,64.47716407126715,10.524988174438477,7.801600004313514,0.005900015821680427,1,,0,7.769299991196021,1,0,,0,search_360,0.01719998545013368,1,,
1787921848.0862784,278,0.05199599266052246,19.232251349232186,1.9958019256591797,32.313199975760654,0.006999995093792677,1,,0,9.905000013532117,1,0,22.37520000198856,1,search_360,0.016000005416572094,1,,
1787921848.1062694,279,0.019990921020507812,50.022707756893425,12.018680572509766,8.683199994266033,0.005500012775883079,1,,0,8.648800023365766,1,0,,0,search_360,0.01719998545013368,1,,
1787921848.192496,280,0.0862267017364502,11.59733562645682,0.5033016204833984,37.79750000103377,0.005900015821680427,1,5.220399994868785,1,7.416000007651746,1,0,25.137599994195625,1,search_360,0.016299978597089648,1,,
1787921848.2094524,281,0.016956329345703125,58.97502812148481,15.956878662109375,8.224000019254163,0.005900015821680427,1,,0,8.19029999547638,1,0,,0,search_360,0.018099992303177714,1,,
1787921848.2531486,282,0.04369616508483887,22.885303505660893,0.9999275207519531,33.6601999879349,0.008500006515532732,1,,0,9.035900002345443,1,0,24.580500001320615,1,search_360,0.025299988919869065,1,,
1787921848.2701006,283,0.016952037811279297,58.98995808838007,11.967658996582031,8.293499995488673,0.005700014298781753,1,,0,8.259199996246025,1,0,,0,search_360,0.017799990018829703,1,,
1787921848.3585463,284,0.08844566345214844,11.306376830346553,1.9943714141845703,35.859899973729625,0.006099988240748644,1,4.991800000425428,1,9.343499987153336,1,0,21.498799993423745,1,search_360,0.018000020645558834,1,,
1787921848.3764982,285,0.01795196533203125,55.70420739481513,17.46082305908203,8.447200001683086,0.006799993570894003,1,,0,8.408900001086295,1,0,,0,search_360,0.02169999061152339,1,,
1787921848.4231646,286,0.04666638374328613,21.428701343156238,0.9968280792236328,35.98389998660423,0.010399991879239678,1,,0,9.385499986819923,1,0,26.55339997727424,1,search_360,0.02230002428404987,1,,
1787921848.442114,287,0.018949508666992188,52.771816809260194,14.96267318725586,9.17850001133047,0.008300004992634058,1,,0,9.135200001765043,1,0,,0,search_360,0.024199980543926358,1,,
1787921848.5218391,288,0.07972502708435059,12.543112703392136,1.9938945770263672,34.85309999086894,0.006600021151825786,1,4.959200014127418,1,7.548199995653704,1,0,22.320699994452298,1,search_360,0.016799982404336333,1,,
1787921848.5394497,289,0.017610549926757812,56.784143831907286,35.86077690124512,8.75030001043342,0.006299989763647318,1,,0,8.715899981325492,1,0,,0,search_360,0.017700018361210823,1,,
1787921848.5863237,290,0.046874046325683594,21.333767369941608,0.9968280792236328,32.990000006975606,0.006599992047995329,1,,0,8.236399997258559,1,0,24.72190000116825,1,search_360,0.015600002370774746,1,,
1787921848.608141,291,0.02181720733642578,45.835380513179174,15.832662582397461,9.108999976888299,0.006799993570894003,1,,0,9.073599998373538,1,0,,0,search_360,0.016900012269616127,1,,
1787921848.7035658,292,0.09542489051818848,10.479446133704442,1.9938945770263672,53.1075999897439,8.193999994546175,1,4.851299978327006,1,18.967200012411922,1,0,21.057600009953603,1,face,0.03369999467395246,1,,
1787921848.7215183,293,0.017952442169189453,55.702727828096364,29.567718505859375,9.855799988145009,1.353600004222244,1,,0,8.470000000670552,1,0,,0,face,0.02169999061152339,1,,
1787921848.7753327,294,0.05381441116333008,18.582383015674704,11.966943740844727,43.46190000069328,8.837000001221895,1,,0,8.689199981745332,1,0,25.903600006131455,1,face,0.02160001895390451,1,,
1787921848.7942822,295,0.018949508666992188,52.771816809260194,37.859439849853516,9.529399976599962,1.4842000091448426,1,,0,8.015100000193343,1,0,,0,face,0.019800005247816443,1,,
1787921848.865552,296,0.07126975059509277,14.031198252416141,1.9936561584472656,44.432399998186156,7.125099975382909,1,6.465100013883784,1,9.597299998858944,1,0,21.21799997985363,1,face,0.02440001117065549,1,,
1787921848.8843431,297,0.01879119873046875,53.21640276086074,25.149822235107422,10.429899994051084,2.061500010313466,1,,0,8.325600007083267,1,0,,0,face,0.02750000567175448,1,,
1787921848.9367101,298,0.05236697196960449,19.096005791215745,8.977174758911133,41.17680000490509,7.406999997328967,1,,0,8.228199993027374,1,0,25.511199986794963,1,face,0.020400009816512465,1,,
1787921848.955659,299,0.018948793411254883,52.773808774865685,28.266191482543945,10.670699994079769,1.8737000063993037,1,,0,8.755399991059676,1,0,,0,face,0.031100003980100155,1,,
1787921849.0316947,300,0.07603573799133301,13.15171031961294,2.0668506622314453,44.81540000415407,6.851600017398596,1,5.92790002701804,1,7.826699991710484,1,0,24.18549999129027,1,face,0.020799983758479357,1,,
1787921849.0512168,301,0.01952219009399414,51.22376102195843,23.007869720458984,10.410099988803267,1.437900005839765,1,,0,8.940500003518537,1,0,,0,face,0.020800012862309813,1,,
1787921849.1003785,302,0.049161672592163086,20.341049180645882,9.974002838134766,40.10070001822896,7.123400020645931,1,,0,7.9614000278525054,1,0,24.986300006275997,1,face,0.019799976143985987,1,,
1787921849.1190743,303,0.018695831298828125,53.487859620485615,26.458263397216797,10.361300024669617,2.216799999587238,1,,0,8.103899977868423,1,0,,0,face,0.029700022423639894,1,,
1787921849.1719499,304,0.052875518798828125,18.912343986725343,10.970354080200195,43.20469999220222,7.076399982906878,1,6.282999995164573,1,7.940200011944398,1,0,21.88179999939166,1,face,0.020400009816512465,1,,
1787921849.1968834,305,0.024933576583862305,40.10656059055833,0.9970664978027344,10.8155999914743,1.795999996829778,1,,0,8.978899975772947,1,0,,0,face,0.02370000584051013,1,,
1787921849.257718,306,0.060834646224975586,16.438001403046727,0.9980201721191406,39.255900017451495,8.077299979049712,1,,0,9.34160000178963,1,0,21.80640000733547,1,face,0.01810002140700817,1,,
1787921849.2776673,307,0.01994919776916504,50.1273290069676,16.448020935058594,11.63069999893196,4.147300001932308,1,,0,7.446199975674972,1,0,,0,face,0.025300018023699522,1,,
1787921849.3356404,308,0.05797314643859863,17.2493656361939,1.9931793212890625,48.01150001003407,7.936600013636053,1,7.137000007787719,1,8.967699977802113,1,0,23.943300009705126,1,face,0.023200002033263445,1,,
1787921849.3645642,309,0.028923749923706055,34.57366360301694,1.9927024841308594,11.772300000302494,2.2948000114411116,1,,0,9.435999993002042,1,0,,0,face,0.02609999501146376,1,,
1787921849.4251614,310,0.06059718132019043,16.5024177397969,1.9946098327636719,39.86950000398792,7.200899999588728,1,,0,9.061999997356907,1,0,23.574799997732043,1,face,0.02020000829361379,1,,
1787921849.4447293,311,0.01956796646118164,51.10393059921534,16.956567764282227,9.829200018430129,1.5386000159196556,1,,0,8.255099994130433,1,0,,0,face,0.023900007363408804,1,,
1787921849.5047293,312,0.059999942779541016,16.666682561253765,2.991914749145508,49.07639999873936,8.247899997513741,1,5.836199998157099,1,8.651199983432889,1,0,26.314100017771125,1,face,0.02260002656839788,1,,
1787921849.5270934,313,0.022364139556884766,44.714441056693886,23.167848587036133,10.753000009572133,1.3642999983858317,1,,0,9.35469998512417,1,0,,0,face,0.0219999928958714,1,,
1787921849.5939205,314,0.06682705879211426,14.963998387401755,0.9970664978027344,40.093100018566474,6.74869999056682,1,,0,8.35640000877902,1,0,24.955300003057346,1,face,0.018799997633323073,1,,
1787921849.6143217,315,0.0204012393951416,49.01662985426965,20.399808883666992,10.765599989099428,1.749299990478903,1,,0,8.978999976534396,1,0,,0,face,0.024900014977902174,1,,
1787921849.6733024,316,0.058980703353881836,16.954697776322543,8.976936340332031,48.08390000835061,6.7340999958105385,1,7.4754999950528145,1,8.812900021439418,1,0,25.03930000239052,1,face,0.01930000144056976,1,,
1787921849.6947517,317,0.02144932746887207,46.62150836436392,0.9975433349609375,9.499500010861084,1.4425000117626041,1,,0,8.018199994694442,1,0,,0,face,0.020400009816512465,1,,
1787921849.7579646,318,0.06321287155151367,15.819562937986076,1.9943714141845703,37.522200000239536,7.233599986648187,1,,0,8.062700013397262,1,0,22.193699987838045,1,face,0.022499996703118086,1,,
1787921849.7759166,319,0.01795196533203125,55.70420739481513,13.962745666503906,9.693600004538894,1.347100012935698,1,,0,8.313600003020838,1,0,,0,face,0.022299995180219412,1,,
1787921849.8290064,320,0.05308985710144043,18.835989671045244,0.9973049163818359,42.70419999375008,7.712599996011704,1,5.985800002235919,1,7.884299993747845,1,0,21.097699995152652,1,face,0.020400009816512465,1,,
1787921849.8654165,321,0.03641009330749512,27.46491176374292,1.9943714141845703,9.90890001412481,1.3939000200480223,1,,0,8.479500014800578,1,0,,0,face,0.02099998528137803,1,,
1787921849.935321,322,0.06990456581115723,14.305217240050341,3.8738250732421875,43.743700021877885,7.854299998143688,1,,0,9.158000000752509,1,0,26.6958000138402,1,face,0.023299973690882325,1,,
1787921849.9562654,323,0.02094435691833496,47.74555761722085,25.931119918823242,10.816500027431175,1.7373999871779233,1,,0,9.035399998538196,1,0,,0,face,0.029199989512562752,1,,
1787921850.0160694,324,0.05980396270751953,16.721299972890655,16.530513763427734,48.16889998619445,8.148099994286895,1,7.112599996617064,1,9.15779999922961,1,0,23.721500008832663,1,face,0.024299981305375695,1,,
1787921850.0370145,325,0.020945072174072266,47.743927148548664,5.985736846923828,10.467200016137213,1.6864000062923878,1,,0,8.742000005440786,1,0,,0,face,0.025899993488565087,1,,
1787921850.0972438,326,0.06022930145263672,16.60321431398939,1.9936561584472656,42.11129999021068,8.799499977612868,1,,0,9.597600001143292,1,0,23.67460000095889,1,face,0.02680000034160912,1,,
1787921850.120185,327,0.022941112518310547,43.58986510361456,21.94046974182129,11.735599982785061,2.4036999966483563,1,,0,9.281000006012619,1,0,,0,face,0.030700000934302807,1,,
1787921850.1875963,328,0.06741142272949219,14.834281187222365,15.793561935424805,50.85630001849495,7.997399981832132,1,6.600900000194088,1,7.8125,1,0,28.421299997717142,1,face,0.0213000166695565,1,,
1787921850.2071168,329,0.01952052116394043,51.22814045801527,8.975744247436523,11.291000002529472,1.6586999990977347,1,,0,9.59500001044944,1,0,,0,face,0.025399989681318402,1,,
1787921850.2559216,330,0.04880475997924805,20.489804691698176,0.9973049163818359,37.90500000468455,7.75770001928322,1,,0,8.195900009013712,1,0,21.909400005824864,1,face,0.03029999788850546,1,,
1787921850.2773519,331,0.021430253982543945,46.66300272570507,12.964725494384766,10.963300010189414,1.3522999943234026,1,,0,9.58000001264736,1,0,,0,face,0.02020000829361379,1,,
1787921850.3359146,332,0.0585627555847168,17.075699222407685,2.991199493408203,47.12430000654422,7.422599999699742,1,6.388099980540574,1,8.16810000105761,1,0,25.12220002245158,1,face,0.020400009816512465,1,,
1787921850.3673213,333,0.03140664100646973,31.84039960828671,2.991914749145508,9.623499994631857,1.3469000114127994,1,,0,8.243399992352352,1,0,,0,face,0.020700012100860476,1,,
1787921850.4261642,334,0.05884289741516113,16.9944044893742,0.0,38.24130000430159,6.466599996201694,1,,0,8.238399983383715,1,0,23.506700003053993,1,face,0.020000006770715117,1,,
1787921850.4441717,335,0.018007516860961914,55.5323650518344,16.012907028198242,9.168499993393198,1.3096000184305012,1,,0,7.826899993233383,1,0,,0,face,0.02099998528137803,1,,
1787921850.4996862,336,0.05551457405090332,18.013287809486997,1.9931793212890625,44.596899999305606,8.141300000716,1,6.576699990546331,1,8.219699986511841,1,0,21.63290002499707,1,face,0.023500004317611456,1,,
1787921850.5187957,337,0.019109487533569336,52.330027073898016,14.348268508911133,10.411700000986457,1.4190000074449927,1,,0,8.961199986515567,1,0,,0,face,0.0213000166695565,1,,
1787921850.600671,338,0.08187532424926758,12.213692088174485,1.9948482513427734,44.93259999435395,8.046000002650544,1,,0,11.637000017799437,1,0,25.215000001480803,1,face,0.023899978259578347,1,,
1787921850.6216156,339,0.020944595336914062,47.74501411529005,27.095556259155273,10.20389999030158,1.3487999967765063,1,,0,8.824000018648803,1,0,,0,face,0.019099999917671084,1,,
1787921850.6756756,340,0.05405998229980469,18.497971280386693,10.96963882446289,45.602900005178526,9.564600011799484,1,5.792100011603907,1,9.508099989034235,1,0,20.712300000013784,1,face,0.023200002033263445,1,,
1787921850.6961327,341,0.020457029342651367,48.88295281050779,1.0013580322265625,9.791499993298203,1.8477000121492893,1,,0,7.9067000187933445,1,0,,0,face,0.024699984351173043,1,,
1787921850.7588382,342,0.06270551681518555,15.947560131708022,1.9922256469726562,37.6418000087142,7.423499977448955,1,,0,8.81410000147298,1,0,21.371400012867525,1,face,0.02300000051036477,1,,
1787921850.7797832,343,0.020945072174072266,47.743927148548664,15.956401824951172,11.578300007386133,1.9243000133428723,1,,0,9.616499999538064,1,0,,0,face,0.02549999044276774,1,,
1787921850.835231,344,0.05544781684875488,18.03497516823254,4.987001419067383,43.899200012674555,7.295300019904971,1,7.347999984631315,1,8.913099998608232,1,0,20.313200016971678,1,face,0.027000001864507794,1,,
1787921850.865471,345,0.03023982048034668,33.06897938266251,1.9948482513427734,11.204400012502447,1.9235000072512776,1,,0,9.23769999644719,1,0,,0,face,0.02710000262595713,1,,
1787921850.9273734,346,0.061902523040771484,16.154430399248184,0.9996891021728516,39.76309997960925,8.397900004638359,1,,0,8.683300024131313,1,0,22.633899992797524,1,face,0.03139997716061771,1,,
1787921850.9473212,347,0.01994776725769043,50.13092378118016,16.954898834228516,9.918499999912456,1.3599999947473407,1,,0,8.525999990524724,1,0,,0,face,0.02030000905506313,1,,
1787921851.0047777,348,0.05745649337768555,17.40447321465621,6.591320037841797,46.03950001182966,7.297100004507229,1,6.032100005540997,1,7.964499993249774,1,0,24.724200018681586,1,face,0.01889999839477241,1,,
1787921851.0337007,349,0.02892303466796875,34.57451859667634,2.99072265625,10.187999985646456,1.6042999923229218,1,,0,8.543899981305003,1,0,,0,face,0.02500001573935151,1,,
1787921851.0919056,350,0.05820488929748535,17.180687259604554,1.0046958923339844,38.69030001806095,7.354300003498793,1,,0,9.111000021221116,1,0,22.194699995452538,1,face,0.019899976905435324,1,,
1787921851.1128507,351,0.020945072174072266,47.743927148548664,18.37158203125,11.001500010024756,2.2295000089798123,1,,0,8.7311000097543,1,0,,0,face,0.028699985705316067,1,,
1787921851.1697106,352,0.05685997009277344,17.587065177283552,6.982326507568359,45.963100012158975,7.111999992048368,1,6.0261000180616975,1,7.825399981811643,1,0,24.976499989861622,1,face,0.020500010577961802,1,,
1787921851.1986332,353,0.028922557830810547,34.575088615942626,2.9916763305664062,11.193199985427782,1.4195000112522393,1,,0,9.73419999354519,1,0,,0,face,0.01930000144056976,1,,
1787921851.2582684,354,0.059635162353515625,16.768630461203863,1.9936561584472656,38.776199973654,8.146999985910952,1,,0,7.754299993393943,1,0,22.836299991467968,1,face,0.028300011763349175,1,,
1787921851.2778933,355,0.019624948501586914,50.95554772636157,17.953157424926758,10.52229999913834,1.7371999856550246,1,,0,8.749600005103275,1,0,,0,face,0.022799998987466097,1,,
1787921851.3429847,356,0.06509137153625488,15.36301934340123,7.978677749633789,49.731000006431714,8.870699995895848,1,6.385499989846721,1,9.693700005300343,1,0,24.75190002587624,1,face,0.02649999805726111,1,,
1787921851.3663535,357,0.02336883544921875,42.79203395364022,0.9970664978027344,13.175700005376711,1.7465999990236014,1,,0,11.390100000426173,1,0,,0,face,0.026299996534362435,1,,
1787921851.4342022,358,0.06784868240356445,14.73867972928336,0.9982585906982422,45.85829999996349,9.25550001556985,1,,0,9.283600025810301,1,0,27.284699986921623,1,face,0.023399974452331662,1,,
1787921851.4561603,359,0.021958112716674805,45.541254519593046,26.943683624267578,10.504799982300028,1.3179999950807542,1,,0,9.156899992376566,1,0,,0,face,0.019500002963468432,1,,
1787921851.5124745,360,0.05631422996520996,17.75750109018243,15.547513961791992,45.063699973979965,7.226099987747148,1,5.857299984199926,1,7.3905000172089785,1,0,24.569000001065433,1,face,0.01829999382607639,1,,
1787921851.5324206,361,0.01994609832763672,50.1351183361224,27.924776077270508,10.723100014729425,1.3652000052388757,1,,0,9.325999999418855,1,0,,0,face,0.021599989850074053,1,,
1787921851.5913901,362,0.05896949768066406,16.95791959116344,0.0,38.48920000018552,8.342600020114332,1,,0,8.23459998355247,1,0,21.870900003705174,1,face,0.030099996365606785,1,,
1787921851.6103399,363,0.01894974708557129,52.77115285414124,13.962030410766602,10.635300015565008,1.3232000055722892,1,,0,9.278699988499284,1,0,,0,face,0.021799991372972727,1,,
1787921851.6663954,364,0.056055545806884766,17.839448097518652,1.9948482513427734,46.579400019254535,7.116100023267791,1,5.7649000082165,1,7.94730000779964,1,0,25.726199994096532,1,face,0.020799983758479357,1,,
1787921851.6973307,365,0.030935287475585938,32.325544114926934,0.995635986328125,11.05870000901632,1.7506000003777444,1,,0,9.266400011256337,1,0,,0,face,0.02549999044276774,1,,
1787921851.764463,366,0.06713223457336426,14.895973690659261,1.9955635070800781,41.28309999941848,7.265899999765679,1,,0,8.010400022612885,1,0,25.97669998067431,1,face,0.019599974621087313,1,,
1787921851.7834122,367,0.018949270248413086,52.77248078108683,20.943880081176758,9.789899981115013,1.6675999795552343,1,,0,8.089299983112141,1,0,,0,face,0.02230002428404987,1,,
1787921851.839538,368,0.05612587928771973,17.817092804438232,8.97669792175293,46.52200001874007,8.167199994204566,1,6.3439999939873815,1,7.63169999117963,1,0,24.356400012038648,1,face,0.01920000067912042,1,,
1787921851.8634741,369,0.023936033248901367,41.77801683350764,0.9973049163818359,11.139899987028912,1.727399998344481,1,,0,9.367399994516745,1,0,,0,face,0.02820001100189984,1,,
1787921851.9258158,370,0.06234169006347656,16.040630258528378,2.496957778930664,39.786000008462,7.318999996641651,1,,0,8.071099990047514,1,0,24.365399993257597,1,face,0.020700012100860476,1,,
1787921851.9453356,371,0.019519805908203125,51.23001758843072,18.79429817199707,10.343299974920228,1.5916999836917967,1,,0,8.713599992915988,1,0,,0,face,0.024100008886307478,1,,
1787921852.018677,372,0.07334136962890625,13.63486944762301,4.986286163330078,63.43810001271777,7.2392000001855195,1,6.183799996506423,1,7.914600020740181,1,0,42.078400001628324,1,face,0.0185999961104244,1,,
1787921852.0391295,373,0.020452499389648438,48.893779725822995,9.481668472290039,11.36380000389181,1.6974000027403235,1,,0,9.629700012737885,1,0,,0,face,0.02509998739697039,1,,
1787921852.1052048,374,0.06607532501220703,15.134242621057949,1.9938945770263672,54.61309998645447,7.1539000200573355,1,,0,8.164700004272163,1,0,39.26140000112355,1,face,0.022199994418770075,1,,
1787921852.1267896,375,0.021584749221801758,46.329007102382555,31.277179718017578,12.151900009484962,1.6786000051070005,1,,0,10.435600008349866,1,0,,0,face,0.02519998815841973,1,,
1787921852.1837394,376,0.05694985389709473,17.559307558662844,20.943641662597656,46.290500002214685,7.1629000012762845,1,6.764000019757077,1,7.568500004708767,1,0,24.77099999669008,1,face,0.021499989088624716,1,,
1787921852.2057686,377,0.02202916145324707,45.394374276221086,6.489753723144531,11.81279998854734,1.6830000095069408,1,,0,10.09130000602454,1,0,,0,face,0.02549999044276774,1,,
1787921852.2562253,378,0.05045676231384277,19.818949019756086,1.9941329956054688,36.329700000351295,8.392799994908273,1,,0,8.37850000243634,1,0,19.52329999767244,1,face,0.02400000812485814,1,,
1787921852.275176,379,0.018950700759887695,52.7684972007297,13.470172882080078,9.329799999250099,1.4919000095687807,1,,0,7.806200010236353,1,0,,0,face,0.02099998528137803,1,,
1787921852.335217,380,0.060040950775146484,16.655299209784378,1.9936561584472656,47.70280001685023,7.953799999086186,1,5.671899998560548,1,8.832999999867752,1,0,25.218700000550598,1,face,0.02160001895390451,1,,
1787921852.365137,381,0.029920101165771484,33.422346885110045,1.995086669921875,10.695900011342019,1.5488000062759966,1,,0,9.107599995331839,1,0,,0,face,0.02400000812485814,1,,
1787921852.4303157,382,0.06517863273620605,15.342451322157151,2.9921531677246094,41.64239999954589,7.5653999811038375,1,,0,8.597100008046255,1,0,25.448800006415695,1,face,0.01920000067912042,1,,
1787921852.4492652,383,0.018949508666992188,52.771816809260194,17.951488494873047,10.90889997431077,1.7540999979246408,1,,0,9.115799999563023,1,0,,0,face,0.02379997749812901,1,,
1787921852.5023768,384,0.05311155319213867,18.828295161739224,10.970354080200195,41.53789998963475,6.679800018901005,1,5.089900019811466,1,8.846099983202294,1,0,20.900499977869913,1,face,0.01889999839477241,1,,
1787921852.5213263,385,0.018949508666992188,52.771816809260194,17.95172691345215,10.592799982987344,1.7536999948788434,1,,0,8.790499996393919,1,0,,0,face,0.036699988413602114,1,,
1787921852.5972953,386,0.07596898078918457,13.163267291620246,1.9927024841308594,39.60580000421032,6.7251999862492085,1,,0,8.956599980592728,1,0,23.887499992270023,1,face,0.023800006601959467,1,,
1787921852.6187823,387,0.021486997604370117,46.53977342076939,22.483110427856445,12.148200010415167,2.342300023883581,1,,0,9.762500005308539,1,0,,0,face,0.030899973353371024,1,,
1787921852.667666,388,0.048883676528930664,20.456726478176684,8.975982666015625,40.78760000993498,7.036299997707829,1,5.960899987258017,1,8.355199999641627,1,0,19.413200003327802,1,face,0.01920000067912042,1,,
1787921852.6978629,389,0.0301969051361084,33.115976471517115,2.759695053100586,11.281499988399446,1.6524000093340874,1,,0,9.586300002411008,1,0,,0,face,0.024399982066825032,1,,
1787921852.7605288,390,0.06266593933105469,15.957632019479531,1.995086669921875,41.06519999913871,8.495799993397668,1,,0,9.270499984268099,1,0,23.26269997865893,1,face,0.02400000812485814,1,,
1787921852.7782872,391,0.01775836944580078,56.31147629020998,17.95196533203125,9.793900011572987,1.3153000036254525,1,,0,8.440299978246912,1,0,,0,face,0.023300002794712782,1,,
1787921852.8381314,392,0.059844255447387695,16.7100416326368,4.985809326171875,50.86930000106804,7.776800019200891,1,6.031400000210851,1,8.01099999807775,1,0,29.02469999389723,1,face,0.022899999748915434,1,,
1787921852.8636837,393,0.02555227279663086,39.13546195905723,1.9960403442382812,11.353199981385842,1.6826000064611435,1,,0,9.625600010622293,1,0,,0,face,0.025299988919869065,1,,
1787921852.9226527,394,0.05896902084350586,16.958056716828256,0.9973049163818359,36.63280000910163,7.71019997773692,1,,0,7.5588999898172915,1,0,21.33230000617914,1,face,0.020500010577961802,1,,
1787921852.942078,395,0.019425392150878906,51.479012224458735,14.960527420043945,10.02590000280179,1.4149000053294003,1,,0,8.578099979786202,1,0,,0,face,0.021100015146657825,1,,
1787921852.999935,396,0.05785679817199707,17.284053587396823,1.9936561584472656,47.75259998859838,6.873500009533018,1,6.081300001824275,1,8.230600011302158,1,0,26.54449999681674,1,face,0.020299979951232672,1,,
1787921853.0318496,397,0.031914710998535156,31.333512625130734,1.9922256469726562,9.656200010795146,1.3134999899193645,1,,0,8.30889999633655,1,0,,0,face,0.020400009816512465,1,,
1787921853.0882661,398,0.05641651153564453,17.725307233294455,0.9970664978027344,36.74690000480041,7.531600014772266,1,,0,8.18740000249818,1,0,20.996200008084998,1,face,0.02099998528137803,1,,
1787921853.1077228,399,0.01945662498474121,51.396375310941465,13.472795486450195,10.285900003509596,1.4528999745380133,1,,0,8.789300016360357,1,0,,0,face,0.03200001083314419,1,,
1787921853.160002,400,0.05227923393249512,19.128053813704252,0.9968280792236328,41.78589998628013,6.676599994534627,1,6.443599995691329,1,8.33710000733845,1,0,20.305799989728257,1,face,0.02020000829361379,1,,
1787921853.198899,401,0.038897037506103516,25.708898777781865,2.992391586303711,10.882200003834441,1.7779000045266002,1,,0,9.060599986696616,1,0,,0,face,0.023100001271814108,1,,
1787921853.2649267,402,0.06602764129638672,15.145172239474254,2.991914749145508,43.83579999557696,8.140999998431653,1,,0,9.583899984136224,1,0,26.07620001072064,1,face,0.022499996703118086,1,,
1787921853.2878664,403,0.022939682006835938,43.592583354119895,27.553319931030273,11.000400001648813,1.5067000058479607,1,,0,9.461999987252057,1,0,,0,face,0.020000006770715117,1,,
1787921853.358805,404,0.0709385871887207,14.09670025341301,14.470815658569336,60.851800022646785,7.4096999887842685,1,6.128500011982396,1,8.534499997040257,1,0,38.75770000740886,1,face,0.019099999917671084,1,,
1787921853.3777547,405,0.01894974708557129,52.77115285414124,19.312620162963867,9.948099992470816,1.3864999928046018,1,,0,8.52380000287667,1,0,,0,face,0.02190002123825252,1,,
1787921853.4186306,406,0.040875911712646484,24.464286130910025,4.98652458190918,30.547200003638864,1.8730000010691583,1,,0,8.033399994019419,1,0,20.608599996194243,1,face,0.021400017431005836,1,,
1787921853.4447227,407,0.026092052459716797,38.325846598073795,10.969161987304688,16.234699985943735,7.7160999935586005,1,,0,8.48669998231344,1,0,,0,face,0.02090001362375915,1,,
1787921853.5153706,408,0.0706479549407959,14.154691396771723,2.9916763305664062,60.63349999021739,7.0764000120107085,1,6.400100013706833,1,8.328900003107265,1,0,38.79759999108501,1,face,0.027999980375170708,1,,
1787921853.5333211,409,0.01795053482055664,55.70864656660911,29.218435287475586,9.128400008194149,1.6313999949488789,1,,0,7.4647000001277775,1,0,,0,face,0.021899992134422064,1,,
1787921853.615105,410,0.08178377151489258,12.22736468955706,2.9921531677246094,59.84380000154488,7.233100011944771,1,,0,9.517500002402812,1,0,43.04829999455251,1,face,0.034199998481199145,1,,
1787921853.6352255,412,0.020120620727539062,49.70025594843113,9.426355361938477,9.645000012824312,1.2488000211305916,1,,0,8.365799993043765,1,0,,0,face,0.019800005247816443,1,,
1787921853.7288737,413,0.09364819526672363,10.678262374964676,2.992868423461914,41.22390001430176,6.8962999794166535,1,5.106099997647107,1,8.206900005461648,1,0,20.992600009776652,1,face,0.01920000067912042,1,,
1787921853.748823,414,0.01994919776916504,50.1273290069676,19.035816192626953,11.690999992424622,1.8585999787319452,1,,0,9.79790001292713,1,0,,0,face,0.024500011932104826,1,,
1787921853.8200052,415,0.0711822509765625,14.048445873526259,9.973764419555664,60.31810000422411,7.834000018192455,1,,0,9.425099997315556,1,0,43.020699988119304,1,face,0.02479998511262238,1,,
1787921853.8422062,416,0.022201061248779297,45.04289181468674,48.969268798828125,11.124999989988282,1.8174000142607838,1,,0,9.269100002711639,1,0,,0,face,0.02519998815841973,1,,
1787921853.920713,417,0.0785067081451416,12.737765009217052,1.9946098327636719,66.75549998180941,8.010399993509054,1,6.018699990818277,1,9.770200005732477,1,0,42.928799986839294,1,face,0.02440001117065549,1,,
1787921853.9406593,419,0.01994633674621582,50.134519071012775,13.961553573608398,9.124600008362904,1.409800024703145,1,,0,7.683000003453344,1,0,,0,face,0.019799976143985987,1,,
1787921853.9934783,420,0.052819013595581055,18.932576205543945,0.9961128234863281,41.2429999851156,8.390100003452972,1,,0,8.13699999707751,1,0,24.684300005901605,1,face,0.020799983758479357,1,,
1787921854.0295365,421,0.03605818748474121,27.73295247918857,2.031564712524414,10.179300006711856,1.6175000055227429,1,,0,8.52070000837557,1,0,,0,face,0.022899999748915434,1,,
1787921854.1002662,422,0.07072973251342773,14.138325771416628,0.99945068359375,48.3861000102479,6.909100018674508,1,6.504799996037036,1,8.507999998982996,1,0,26.44100002362393,1,face,0.020899984519928694,1,,
1787921854.1212106,423,0.02094435691833496,47.74555761722085,25.739192962646484,11.708899983204901,1.7531999910715967,1,,0,9.918800002196804,1,0,,0,face,0.024100008886307478,1,,
1787921854.1749732,424,0.05376267433166504,18.60026519199812,17.951250076293945,41.31719999713823,7.610900007421151,1,,0,9.2644999967888,1,0,24.40659998683259,1,face,0.023200002033263445,1,,
1787921854.1989107,425,0.023937463760375977,41.77552016414179,1.9938945770263672,10.570299986284226,1.9548000127542764,1,,0,8.576199994422495,1,0,,0,face,0.025299988919869065,1,,
1787921854.2800558,426,0.08114504814147949,12.323610902990184,1.0001659393310547,59.87289999029599,7.069399987813085,1,5.272500013234094,1,7.635999994818121,1,0,39.87159999087453,1,face,0.02090001362375915,1,,
1787921854.304909,428,0.024853229522705078,40.236219566009865,11.968135833740234,10.77120000263676,1.5395999944303185,1,,0,9.198300016578287,1,0,,0,face,0.02139998832717538,1,,
1787921854.4088442,429,0.10393524169921875,9.621375614769141,0.995635986328125,57.276699983049184,7.732900005066767,1,,0,8.36219999473542,1,0,41.14990000380203,1,face,0.021599989850074053,1,,
1787921854.4300892,431,0.02124500274658203,47.06989271445886,1.9938945770263672,10.552199993981048,1.7109000182244927,1,,0,8.790899999439716,1,0,,0,face,0.03709999145939946,1,,
1787921854.4997666,432,0.06967735290527344,14.351865538857409,1.9938945770263672,49.256600002991036,8.634300000267103,1,5.919800023548305,1,9.42749998648651,1,0,25.241299998015165,1,face,0.029799994081258774,1,,
1787921854.5230074,433,0.02324080467224121,43.027770083812925,18.972158432006836,9.811899974010885,1.3161000097170472,1,,0,8.462600002530962,1,0,,0,face,0.020799983758479357,1,,
1787921854.599728,434,0.0767207145690918,13.034289443425836,1.9931793212890625,43.72929999954067,7.656000001588836,1,,0,8.263700001407415,1,0,27.777499984949827,1,face,0.020700012100860476,1,,
1787921854.6206825,435,0.020954370498657227,47.72274118490368,27.797460556030273,9.715599997434765,1.282899989746511,1,,0,8.399999991524965,1,0,,0,face,0.021400017431005836,1,,
1787921854.6717174,436,0.05103492736816406,19.594423889075756,15.956640243530273,39.48639999725856,6.86870000208728,1,5.657000001519918,1,7.9267999972216785,1,0,19.010999996680766,1,face,0.01990000600926578,1,,
1787921854.6990483,437,0.027330875396728516,36.58865607062477,0.9970664978027344,11.702399991918355,2.0380999776534736,1,,0,9.62299999082461,1,0,,0,face,0.02600002335384488,1,,
1787921854.775537,438,0.07648873329162598,13.073820901012104,2.991199493408203,54.1654999833554,7.369900005869567,1,,0,7.073799992213026,1,0,39.69239999423735,1,face,0.019400002202019095,1,,
1787921854.7964807,440,0.020943641662597656,47.74718819725878,4.986286163330078,9.627300023566931,1.950199977727607,1,,0,7.6379999809432775,1,0,,0,face,0.025800021830946207,1,,
1787921854.9196897,441,0.12320899963378906,8.116290230196448,1.993417739868164,67.14179998380132,7.120800000848249,1,5.279999983031303,1,6.793300010031089,1,0,47.92589999851771,1,face,0.01889999839477241,1,,
1787921854.939634,443,0.019944429397583008,50.13931359305703,11.967658996582031,10.498199990252033,1.5700999938417226,1,,0,8.892699988791719,1,0,,0,face,0.024300010409206152,1,,
1787921855.004505,444,0.06487083435058594,15.415248007997413,0.995635986328125,53.97579999407753,7.628000021213666,1,,0,9.668499988038093,1,0,36.64319997187704,1,face,0.023600005079060793,1,,
1787921855.031404,445,0.026899099349975586,37.175965893479166,1.9953250885009766,10.80839999485761,1.5659999917261302,1,,0,9.205700014717877,1,0,,0,face,0.02269999822601676,1,,
1787921855.1121614,446,0.08075737953186035,12.382769299807215,0.9975433349609375,61.00849999347702,7.044600002700463,1,4.945900000166148,1,7.666599994990975,1,0,41.32669998216443,1,face,0.021100015146657825,1,,
1787921855.1321082,448,0.019946813583374023,50.133320583770605,7.993936538696289,9.98910001362674,1.392900012433529,1,,0,8.562600007280707,1,0,,0,face,0.022199994418770075,1,,
1787921855.2461336,449,0.11402535438537598,8.769979320741777,1.9915103912353516,60.5236999981571,7.871200010413304,1,,0,8.268300007330254,1,0,44.35499999090098,1,face,0.019800005247816443,1,,
1787921855.266664,451,0.02053046226501465,48.7081093007862,7.977962493896484,10.483199992449954,1.516699994681403,1,,0,8.930499985581264,1,0,,0,face,0.023300002794712782,1,,
1787921855.3439689,452,0.07730484008789062,12.935800641500123,0.9965896606445312,60.97109999973327,7.268299988936633,1,5.013999994844198,1,8.400499995332211,1,0,40.26529999100603,1,face,0.020700012100860476,1,,
1787921855.3625956,453,0.018626689910888672,53.68640401402862,2.991914749145508,9.408799989614636,1.3541000080294907,1,,0,8.02290000137873,1,0,,0,face,0.021000014385208488,1,,
1787921855.441903,454,0.07930755615234375,12.609139009139009,1.9943714141845703,56.38420002651401,7.453599973814562,1,,0,7.898699986981228,1,0,40.9986000158824,1,face,0.021000014385208488,1,,
1787921855.4618502,456,0.019947052001953125,50.132721361637024,3.9892196655273438,10.181999998167157,1.650799997150898,1,,0,8.49690000177361,1,0,,0,face,0.021700019715353847,1,,
1787921855.5615819,457,0.0997316837310791,10.026903814202555,1.9946098327636719,64.44320001173764,7.513000018661842,1,5.512699979590252,1,8.867099997587502,1,0,42.527200013864785,1,face,0.01990000600926578,1,,
1787921855.5815163,458,0.019934415817260742,50.164499886378586,16.95537567138672,10.479199991095811,1.4849999861326069,1,,0,8.95339998533018,1,0,,0,face,0.02750000567175448,1,,
1787921855.643407,459,0.06189084053039551,16.157479708308134,7.978200912475586,53.2664000056684,7.039699994493276,1,,0,7.919899973785505,1,0,38.276499981293455,1,face,0.020400009816512465,1,,
1787921855.6638465,460,0.02043938636779785,48.92514784961915,36.00907325744629,11.488899996038526,1.8071999948006123,1,,0,9.643199999118224,1,0,,0,face,0.02579999272711575,1,,
1787921855.7428036,461,0.07895708084106445,12.665108554518827,0.9975433349609375,60.304900020128116,6.801699986681342,1,5.064900004072115,1,8.021799993002787,1,0,40.39629999897443,1,face,0.017700018361210823,1,,
1787921855.7627501,463,0.019946575164794922,50.13391982022902,3.9892196655273438,10.856400011107326,1.2946999922860414,1,,0,9.527299989713356,1,0,,0,face,0.019500002963468432,1,,
1787921855.8448975,464,0.08214735984802246,12.173245760424436,2.9921531677246094,55.674800009001046,7.350400002906099,1,,0,8.336499973665923,1,0,39.959499990800396,1,face,0.018600025214254856,1,,
1787921855.8625185,465,0.01762104034423828,56.75033825837528,4.986763000488281,8.286099997349083,1.3183999981265515,1,,0,6.936299992958084,1,0,,0,face,0.0213000166695565,1,,
1787921855.9477818,466,0.08526325225830078,11.728382081539063,0.0,61.71150002046488,7.3185999935958534,1,4.67449999996461,1,8.72519999393262,1,0,40.971400012494996,1,face,0.018999999156221747,1,,
1787921855.9652073,468,0.017425537109375,57.38704028021016,8.449554443359375,9.408699988853186,1.3069999986328185,1,,0,8.072399999946356,1,0,,0,face,0.01990000600926578,1,,
1787921856.0724607,469,0.1072533130645752,9.323721304515031,1.9943714141845703,53.93200000980869,7.645600009709597,1,,0,7.450000004610047,1,0,38.80609999760054,1,face,0.021199986804276705,1,,
1787921856.0924072,471,0.019946575164794922,50.13391982022902,0.0,10.560499998973683,1.6653000202495605,1,,0,8.856500004185364,1,0,,0,face,0.024299981305375695,1,,
1787921856.180278,472,0.08787083625793457,11.380340083080771,3.5653114318847656,58.18249998264946,7.074799999827519,1,4.669799993280321,1,7.710200006840751,1,0,38.70499998447485,1,face,0.02020000829361379,1,,
1787921856.199733,473,0.0194549560546875,51.40078431372549,5.983114242553711,9.663900011219084,1.4104999718256295,1,,0,8.220199990319088,1,0,,0,face,0.021800020476803184,1,,
1787921856.2716317,474,0.0718986988067627,13.908457546465936,0.9984970092773438,53.77510000835173,7.082600001012906,1,,0,7.749400014290586,1,0,38.911999989068136,1,face,0.021099986042827368,1,,
1787921856.2948766,475,0.023244857788085938,43.02026749815377,30.916929244995117,13.785600021947175,1.8542000034358352,1,,0,11.88989999354817,1,0,,0,face,0.025999994250014424,1,,
1787921856.374069,476,0.0791923999786377,12.627474357005873,23.244857788085938,69.17430000612512,7.883500016760081,1,5.630900006508455,1,7.587499974761158,1,0,48.04850000073202,1,face,0.01990000600926578,1,,
1787921856.398666,478,0.0245969295501709,40.655480919286205,0.9970664978027344,12.320600013481453,1.6774999967310578,1,,0,10.606600000755861,1,0,,0,face,0.02030000905506313,1,,
1787921856.483026,479,0.08436012268066406,11.853941983766306,2.9921531677246094,63.47009999444708,7.273900002473965,1,,0,10.276300017721951,1,0,45.88389999116771,1,face,0.02609999501146376,1,,
1787921856.501975,480,0.018949031829833984,52.77314476962178,43.10250282287598,10.197099996730685,1.6996999911498278,1,,0,8.46149999415502,1,0,,0,face,0.019099999917671084,1,,
1787921856.5752268,481,0.07325172424316406,13.6515557870069,18.399477005004883,63.13239998416975,8.25839999015443,1,6.095399992773309,1,8.895900013158098,1,0,39.8538000008557,1,face,0.025299988919869065,1,,
1787921856.5966392,483,0.021412372589111328,46.701970827302084,3.99017333984375,9.548200003337115,1.3135999906808138,1,,0,8.2037000101991,1,0,,0,face,0.019700004486367106,1,,
1787921856.672749,484,0.0761098861694336,13.13889759043693,0.9975433349609375,54.689899989170954,6.84800001909025,1,,0,7.601099991006777,1,0,40.21099998499267,1,face,0.018999999156221747,1,,
1787921856.6926095,485,0.019860506057739258,50.35118425949268,0.9982585906982422,10.129300004336983,1.2700999795924872,1,,0,8.81840000511147,1,0,,0,face,0.028400012524798512,1,,
1787921856.7676394,486,0.07502985000610352,13.32802877679553,1.9962787628173828,46.90429999027401,7.180100015830249,1,6.4131999970413744,1,7.956100016599521,1,0,25.331699987873435,1,face,0.020499981474131346,1,,
1787921856.7884328,487,0.020793437957763672,48.092095305799525,25.780200958251953,11.748299992177635,1.6344999894499779,1,,0,10.045100003480911,1,0,,0,face,0.055800017435103655,1,,
1787921856.8486574,488,0.06022453308105469,16.604528899445764,14.959335327148438,51.71990001690574,7.129299978259951,1,,0,8.129399997415021,1,0,36.42940000281669,1,face,0.020100007532164454,1,,
1787921856.8680532,489,0.019395828247070312,51.55747861146622,7.979869842529297,10.08840001304634,1.3822000182699412,1,,0,8.674300013808534,1,0,,0,face,0.021299987565726042,1,,
1787921856.9473062,490,0.07925295829772949,12.617825523222757,1.9984245300292969,62.568800000008196,6.901099986862391,1,5.152699974132702,1,7.770000025629997,1,0,42.72340002353303,1,face,0.018999999156221747,1,,
1787921856.9682498,492,0.020943641662597656,47.74718819725878,6.980419158935547,10.48540000920184,1.7096000083256513,1,,0,8.740700024645776,1,0,,0,face,0.024999986635521054,1,,
1787921857.0595927,493,0.09134292602539062,10.947755272499478,2.991914749145508,39.711999997962266,7.398699992336333,1,,0,10.079600004246458,1,0,22.20350000425242,1,face,0.01960000372491777,1,,
1787921857.0790482,494,0.019455432891845703,51.399524521457806,16.95537567138672,11.285899992799386,1.9812000100500882,1,,0,9.265800006687641,1,0,,0,face,0.028799986466765404,1,,
1787921857.1354067,495,0.05635857582092285,17.74352856568733,7.979393005371094,46.18189999018796,7.716799998888746,1,6.000399996992201,1,8.374400000320747,1,0,24.06559998053126,1,face,0.02190002123825252,1,,
1787921857.1541889,496,0.01878213882446289,53.24207265987966,22.938966751098633,10.466400010045618,1.6399000014644116,1,,0,8.788399980403483,1,0,,0,face,0.02370000584051013,1,,
1787921857.2258532,497,0.07166433334350586,13.953942684525353,2.3391246795654297,40.192399988882244,7.453600002918392,1,,0,8.201599994208664,1,0,24.506199988536537,1,face,0.019099999917671084,1,,
1787921857.246801,498,0.020947694778442383,47.73794971602873,18.94974708557129,10.682699998142198,1.5408000035677105,1,,0,9.106300014536828,1,0,,0,face,0.023200002033263445,1,,
1787921857.3064642,499,0.05966329574584961,16.76072344812704,7.9784393310546875,49.07670000102371,7.162299996707588,1,6.546799995703623,1,8.064499997999519,1,0,27.28060001390986,1,face,0.019800005247816443,1,,
1787921857.32592,500,0.019455909729003906,51.39826479094162,31.42094612121582,9.610100009012967,1.3984999968670309,1,,0,8.178200019756332,1,0,,0,face,0.020799983758479357,1,,
1787921857.397393,501,0.0714728832244873,13.991320272600817,1.9943714141845703,44.20480001135729,8.304899994982406,1,,0,9.747000003699213,1,0,26.11609999439679,1,face,0.024199980543926358,1,,
1787921857.4173405,502,0.019947528839111328,50.131522960342316,23.935556411743164,9.552400006214157,1.4625999901909381,1,,0,8.051800017710775,1,0,,0,face,0.022799998987466097,1,,
1787921857.472683,503,0.05534243583679199,18.069316698474516,9.684324264526367,47.08530000061728,8.149900007992983,1,6.158499978482723,1,8.451400004560128,1,0,24.30119999917224,1,face,0.021000014385208488,1,,
1787921857.4946249,504,0.0219419002532959,45.57490410839826,32.692909240722656,11.103600001661107,1.8344999989494681,1,,0,9.228800015989691,1,0,,0,face,0.02710000262595713,1,,
1787921857.5472918,505,0.05266690254211426,18.98725673491745,10.482311248779297,43.023800011724234,8.09710001340136,1,,0,10.012300015660003,1,0,24.881699995603412,1,face,0.02169999061152339,1,,
1787921857.57023,506,0.022938251495361328,43.5953019436649,6.981134414672852,11.931100016226992,1.8212000140920281,1,,0,10.066900023957714,1,0,,0,face,0.029099988751113415,1,,
1787921857.6274488,507,0.05721879005432129,17.47677640597851,2.9926300048828125,43.79599998355843,7.337199989706278,1,6.304500013357028,1,8.491799992043525,1,0,21.63869998184964,1,face,0.020400009816512465,1,,
1787921857.6488702,508,0.021421432495117188,46.682218858516606,22.41802215576172,11.2379000056535,1.9511999853421003,1,,0,9.246400004485622,1,0,,0,face,0.026299996534362435,1,,
1787921857.7037807,509,0.05491042137145996,18.211479260651902,9.972810745239258,43.82679998525418,8.11170000815764,1,,0,10.290700010955334,1,0,25.386599998455495,1,face,0.025599991204217076,1,,
1787921857.7277696,510,0.023988962173461914,41.6858383772126,0.9963512420654297,9.108300000661984,1.2658999767154455,1,,0,7.809799979440868,1,0,,0,face,0.018200022168457508,1,,
1787921857.7980044,511,0.07023477554321289,14.237961070790872,1.9941329956054688,46.223599987570196,7.886200008215383,1,6.1258999921847135,1,8.288700017146766,1,0,23.899099993286654,1,face,0.02069998299703002,1,,
1787921857.8179507,512,0.01994633674621582,50.134519071012775,25.494813919067383,9.195699996780604,1.1765999952331185,1,,0,7.9907000181265175,1,0,,0,face,0.018099992303177714,1,,
1787921857.868065,513,0.05011439323425293,19.954347153833346,11.217355728149414,40.742000011960045,7.126400014385581,1,,0,8.316899999044836,1,0,25.266200012993068,1,face,0.02099998528137803,1,,
1787921857.8971388,514,0.029073715209960938,34.39532900347701,2.6378631591796875,10.096599988173693,1.6767999914009124,1,,0,8.377799997106194,1,0,,0,face,0.02400000812485814,1,,
1787921857.9639606,515,0.06682181358337402,14.965172993281502,1.9946098327636719,44.5604000124149,7.426800002576783,1,5.934599990723655,1,7.8332000121008605,1,0,23.341799998888746,1,face,0.02099998528137803,1,,
1787921857.9843855,516,0.020424842834472656,48.959985058598306,23.93484115600586,10.91790001373738,1.9924000080209225,1,,0,8.888400014257059,1,0,,0,face,0.023100001271814108,1,,
1787921858.0347114,517,0.050325870513916016,19.87049582626657,8.979082107543945,41.98170002200641,8.518499991623685,1,,0,8.552099985536188,1,0,24.87180000753142,1,face,0.027400004910305142,1,,
1787921858.0598977,518,0.02518630027770996,39.70412442374502,1.9941329956054688,10.057300009066239,1.3712999934796244,1,,0,8.651799988001585,1,0,,0,face,0.019800005247816443,1,,
1787921858.1301184,519,0.0702207088470459,14.240813236137944,1.995086669921875,43.99629999534227,7.146099989768118,1,6.328899995423853,1,8.650200004922226,1,0,21.848599979421124,1,face,0.020000006770715117,1,,
1787921858.147448,520,0.017329692840576172,57.704427262471455,21.825790405273438,8.828100020764396,1.3672999921254814,1,,0,7.416200009174645,1,0,,0,face,0.0337999954354018,1,,
1787921858.1903007,521,0.04285264015197754,23.335785063732008,6.980657577514648,32.87640001508407,1.680699991993606,1,,0,9.39039999502711,1,0,21.769899991340935,1,face,0.023600005079060793,1,,
1787921858.2370992,522,0.0467984676361084,21.36822102329752,1.001596450805664,18.41640000930056,8.894499973393977,1,,0,9.48509998852387,1,0,,0,face,0.02260002656839788,1,,
1787921858.29656,523,0.05946087837219238,16.81778048653352,1.992940902709961,42.52220000489615,1.4681000029668212,1,6.614499987335876,1,8.837500005029142,1,0,25.57699999306351,1,face,0.02239999594166875,1,,
1787921858.323994,524,0.02743387222290039,36.4512888255436,24.253368377685547,16.768200002843514,7.983499992405996,1,,0,8.741300000110641,1,0,,0,face,0.026399997295811772,1,,
1787921858.3632593,525,0.03926539421081543,25.467718333120814,15.467166900634766,30.176400003256276,1.409599994076416,1,,0,8.356799982720986,1,0,20.37930002552457,1,face,0.02120001590810716,1,,
1787921858.3985057,526,0.03524637222290039,28.37171422000352,2.9938220977783203,14.592499996069819,7.5462000095285475,1,,0,7.012099988060072,1,0,,0,face,0.020500010577961802,1,,
1787921858.479772,527,0.08126640319824219,12.305208064402564,2.9909610748291016,59.97999999090098,7.592399982968345,1,5.486999987624586,1,7.8406000102404505,1,0,39.03630000422709,1,face,0.020400009816512465,1,,
1787921858.500718,529,0.020946025848388672,47.741753363534954,7.978200912475586,10.02000001608394,1.670800003921613,1,,0,8.31609999295324,1,0,,0,face,0.020400009816512465,1,,
1787921858.5859776,530,0.08525943756103516,11.72890683549401,1.9943714141845703,55.434999987483025,7.634000008692965,1,,0,7.561899983556941,1,0,40.209800004959106,1,face,0.019099999917671084,1,,
1787921858.6069481,531,0.020970582962036133,47.685846493172804,8.977174758911133,11.235200014198199,1.835799979744479,1,,0,9.36230001389049,1,0,,0,face,0.026699999580159783,1,,
1787921858.6807046,532,0.07375645637512207,13.55813509957751,3.9894580841064453,62.395399989327416,8.237100002588704,1,6.618999992497265,1,8.086999994702637,1,0,39.43000000435859,1,face,0.019400002202019095,1,,
1787921858.6986113,533,0.017906665802001953,55.84512555588102,40.79842567443848,9.493899997323751,1.2540000025182962,1,,0,8.20810001459904,1,0,,0,face,0.02039998071268201,1,,
1787921858.7819266,534,0.08331537246704102,12.002586922306481,2.992391586303711,63.35340000805445,8.443500002613291,1,,0,8.8392999896314,1,0,46.03460000362247,1,face,0.022799998987466097,1,,
1787921858.8008747,536,0.018948078155517578,52.77580089085739,7.978677749633789,10.412300005555153,1.6013999993447214,1,,0,8.774299989454448,1,0,,0,face,0.02540001878514886,1,,
1787921858.8582304,537,0.057355642318725586,17.43507629891049,1.9922256469726562,40.93280000961386,6.833599996753037,1,5.929900013143197,1,8.358899998711422,1,0,19.78830000734888,1,face,0.01889999839477241,1,,
1787921858.8955083,538,0.037277936935424805,26.825518851331903,0.9970664978027344,10.542500007431954,1.8427000031806529,1,,0,8.660399995278567,1,0,,0,face,0.024900014977902174,1,,
1787921858.965098,539,0.06958961486816406,14.369960257640127,1.9941329956054688,45.76939999242313,7.87480000872165,1,,0,10.547999991104007,1,0,27.308199991239235,1,face,0.025699991965666413,1,,
1787921858.9840481,540,0.018950223922729492,52.76982499402388,26.378393173217773,10.163099999772385,1.6619999951217324,1,,0,8.460900018690154,1,0,,0,face,0.02929999027401209,1,,
1787921859.0375779,541,0.05352973937988281,18.681204347051487,10.97249984741211,43.83380000945181,8.73860000865534,1,6.074900011299178,1,7.744700007606298,1,0,21.25369998975657,1,face,0.018999999156221747,1,,
1787921859.0645075,542,0.026929616928100586,37.133836796486975,1.9958019256591797,8.930299984058365,1.2667000119108707,1,,0,7.629200001247227,1,0,,0,face,0.02020000829361379,1,,
1787921859.1267202,543,0.06221270561218262,16.073887000410057,2.415180206298828,39.63919999659993,8.515800000168383,1,,0,9.318700002040714,1,0,21.769799990579486,1,face,0.023199972929432988,1,,
1787921859.1486597,544,0.021939516067504883,45.57985677182382,18.45836639404297,12.066600000252947,1.8556999857537448,1,,0,10.171700007049367,1,0,,0,face,0.025399989681318402,1,,
1787921859.202786,545,0.05412626266479492,18.47531957255244,11.234760284423828,43.77999997814186,7.560199999716133,1,5.934400018304586,1,7.661099982215092,1,0,22.601099975872785,1,face,0.01960000372491777,1,,
1787921859.2303069,546,0.02752089500427246,36.336027583578066,0.9250640869140625,12.466400017729029,2.178099995944649,1,,0,10.236200003419071,1,0,,0,face,0.03399999695830047,1,,
1787921859.3048053,547,0.07449841499328613,13.423104371953698,1.9941329956054688,54.84319999231957,8.807500009424984,1,,0,8.001000009244308,1,0,38.001000008080155,1,face,0.02449998282827437,1,,
1787921859.3241765,548,0.01937127113342285,51.622838434934586,31.204938888549805,10.010600002715364,1.5708999999333173,1,,0,8.4052000020165,1,0,,0,face,0.02139998832717538,1,,
1787921859.380681,549,0.05650448799133301,17.697709253703632,18.94831657409668,47.01420001219958,7.181199995102361,1,6.1961000028532,1,8.666200010338798,1,0,24.945199984358624,1,face,0.02269999822601676,1,,
1787921859.409717,550,0.02903604507446289,34.43995204703332,16.95871353149414,9.85110001056455,1.7878999933600426,1,,0,8.033599995542318,1,0,,0,face,0.019099999917671084,1,,
1787921859.4601648,551,0.050447702407836914,19.82250830604037,2.9909610748291016,41.11599997850135,8.25399998575449,1,,0,9.261900006094947,1,0,23.563899972941726,1,face,0.026399997295811772,1,,
1787921859.4811091,552,0.02094435691833496,47.74555761722085,19.778013229370117,10.715700016589835,1.6549000283703208,1,,0,9.024300001328811,1,0,,0,face,0.023399974452331662,1,,
1787921859.5390463,553,0.0579371452331543,17.26008411314947,8.963584899902344,47.29859999497421,7.168200012529269,1,6.024700007401407,1,8.798799972282723,1,0,25.28370000072755,1,face,0.02030000905506313,1,,
1787921859.5588784,554,0.019832134246826172,50.423216561275275,19.92487907409668,11.22310000937432,1.5992000116966665,1,,0,9.587999986251816,1,0,,0,face,0.02340000355616212,1,,
1787921859.6272483,555,0.06836986541748047,14.626326875061025,0.9973049163818359,41.384799988009036,7.531800016295165,1,,0,9.662600001320243,1,0,24.151899997377768,1,face,0.025399989681318402,1,,
1787921859.6502535,556,0.023005247116088867,43.468344197904464,25.00009536743164,10.517400020034984,1.6924999945331365,1,,0,8.773499983362854,1,0,,0,face,0.03759999526664615,1,,
1787921859.7061975,557,0.055943965911865234,17.87502876673798,11.966228485107422,46.37590001220815,8.823200012557209,1,6.10420000157319,1,10.302599985152483,1,0,21.11890001106076,1,face,0.023600005079060793,1,,
1787921859.7263367,558,0.020139217376708984,49.654362495560555,0.0,9.897800016915426,1.3713000225834548,1,,0,8.490899985190481,1,0,,0,face,0.0219999928958714,1,,
1787921859.797579,559,0.0712423324584961,14.036598262452646,1.9946098327636719,42.9131000128109,7.54719998803921,1,,0,9.082700009457767,1,0,26.2360000051558,1,face,0.03429999924264848,1,,
1787921859.8155308,560,0.01795172691345215,55.70494720764991,24.001121520996094,9.621900011552498,1.3163999828975648,1,,0,8.274099993286654,1,0,,0,face,0.01990000600926578,1,,
1787921859.8693204,561,0.053789615631103516,18.59094898275786,10.904788970947266,43.75959999742918,7.119199988665059,1,5.712200014386326,1,8.80649997270666,1,0,22.09049998782575,1,face,0.02820001100189984,1,,
1787921859.897113,562,0.027792692184448242,35.98068130152439,2.995014190673828,9.523300017463043,1.2971999822184443,1,,0,8.19320001755841,1,0,,0,face,0.019700004486367106,1,,
1787921859.9616637,563,0.06455063819885254,15.491713605052725,1.9943714141845703,42.567199998302385,7.2441000083927065,1,,0,9.132000006502494,1,0,26.15160000277683,1,face,0.025399989681318402,1,,
1787921859.9796107,564,0.017946958541870117,55.71974759216207,20.93648910522461,9.667900012573227,1.312199980020523,1,,0,8.325300004798919,1,0,,0,face,0.02020000829361379,1,,
1787921860.037209,565,0.05759835243225098,17.361607715710825,4.986286163330078,47.813700017286465,7.642500015208498,1,6.294799997704104,1,7.874600007198751,1,0,25.978200021199882,1,face,0.020299979951232672,1,,
1787921860.0611455,566,0.02393651008605957,41.777184577228404,0.9975433349609375,9.496100014075637,1.6894000000320375,1,,0,7.765899994410574,1,0,,0,face,0.0213000166695565,1,,
1787921860.1293197,567,0.06817412376403809,14.66832200823241,2.4957656860351562,43.14599998178892,7.79030000558123,1,,0,9.96820000000298,1,0,25.350499985506758,1,face,0.024199980543926358,1,,
1787921860.1497731,568,0.020453453063964844,48.89149997668672,24.44291114807129,9.489300020504743,1.6135999758262187,1,,0,7.840999984182417,1,0,,0,face,0.022000021999701858,1,,
1787921860.2062829,569,0.05650973320007324,17.696066560064803,8.688211441040039,46.59990000072867,7.528899994213134,1,5.5970000103116035,1,8.523900003638119,1,0,24.926999991293997,1,face,0.020499981474131346,1,,
1787921860.2292202,570,0.022937297821044922,43.597114525081594,1.0004043579101562,10.974399978294969,1.6273999935947359,1,,0,9.293299983255565,1,0,,0,face,0.04060001811012626,1,,
1787921860.2955728,571,0.06635260581970215,15.07099815668534,2.991914749145508,42.46240001521073,6.8777999840676785,1,,0,9.28379999822937,1,0,26.266500004567206,1,face,0.02269999822601676,1,,
1787921860.3155193,572,0.019946575164794922,50.13391982022902,23.030757904052734,10.416300006909296,1.5543999907094985,1,,0,8.823699987260625,1,0,,0,face,0.02030000905506313,1,,
1787921860.368618,573,0.05309867858886719,18.832860375731887,7.978916168212891,42.76169999502599,7.057199982227758,1,5.963299976428971,1,6.423900020308793,1,0,23.29680000548251,1,face,0.01819999306462705,1,,
1787921860.394023,574,0.025404930114746094,39.362438529974845,1.9922256469726562,9.374300017952919,1.5815000224392861,1,,0,7.7535000164061785,1,0,,0,face,0.020499981474131346,1,,
1787921860.4568965,575,0.06287360191345215,15.904926226058071,2.990245819091797,37.60500001953915,7.4668000161182135,1,,0,8.888599986676127,1,0,21.21380000608042,1,face,0.022299995180219412,1,,
1787921860.4778407,576,0.02094411849975586,47.74610113152563,16.46280288696289,10.751599998911843,1.7345999949611723,1,,0,8.981899998616427,1,0,,0,face,0.02400000812485814,1,,
1787921860.5554833,577,0.07764267921447754,12.879514335635346,5.775928497314453,67.04829999944195,8.410699985688552,1,7.086800003889948,1,7.676100009121001,1,0,43.85270000784658,1,face,0.019099999917671084,1,,
1787921860.5748804,578,0.01939702033996582,51.5543100163477,36.96155548095703,10.526199999731034,1.649299985729158,1,,0,8.843099989462644,1,0,,0,face,0.023200002033263445,1,,
1787921860.6267416,579,0.05186128616333008,19.282205937790202,1.9943714141845703,39.11429998697713,6.977100012591109,1,,0,9.127500001341105,1,0,22.975899977609515,1,face,0.022099993657320738,1,,
1787921860.6490664,580,0.022324800491333008,44.79323344404455,21.32725715637207,11.997499997960404,1.8149999959859997,1,,0,10.150999994948506,1,0,,0,face,0.01990000600926578,1,,
1787921860.7010326,581,0.051966190338134766,19.243280938879256,8.975982666015625,41.13509997841902,7.189299998572096,1,5.605299986200407,1,8.247199992183596,1,0,20.06999999866821,1,face,0.020500010577961802,1,,
1787921860.7283938,582,0.027361154556274414,36.5481653174859,0.9977817535400391,11.184000002685934,1.5628999972250313,1,,0,9.582500002579764,1,0,,0,face,0.02400000812485814,1,,
1787921860.7912905,583,0.062896728515625,15.899078117418728,1.9941329956054688,40.43330001877621,6.930300005478784,1,,0,9.08380001783371,1,0,24.383300013141707,1,face,0.024399982066825032,1,,
1787921860.8112378,584,0.019947290420532227,50.132122153827765,18.94974708557129,10.749599983682856,1.7057000077329576,1,,0,9.008799999719486,1,0,,0,face,0.022299995180219412,1,,
1787921860.8678114,585,0.05657362937927246,17.6760800212401,0.9965896606445312,47.23809999995865,7.481500011635944,1,6.717299984302372,1,8.527500001946464,1,0,24.485400004778057,1,face,0.023500004317611456,1,,
1787921860.8927433,586,0.024931907653808594,40.109245304670466,1.9917488098144531,10.30589998117648,1.6032999847084284,1,,0,8.662000007461756,1,0,,0,face,0.023800006601959467,1,,
1787921860.9593315,587,0.06658816337585449,15.017684064291366,0.9975433349609375,39.77319999830797,8.610299992142245,1,,0,8.979599981103092,1,0,22.15130001422949,1,face,0.021100015146657825,1,,
1787921860.9802752,588,0.020943641662597656,47.74718819725878,19.947290420532227,10.683100001187995,1.584099984029308,1,,0,9.060399985173717,1,0,,0,face,0.024800014216452837,1,,
1787921861.0378573,589,0.05758213996887207,17.366495940244373,7.978916168212891,46.29530000966042,7.564400002593175,1,7.0204999938141555,1,8.080300001893193,1,0,23.60810001846403,1,face,0.019400002202019095,1,,
1787921861.0617933,590,0.023936033248901367,41.77801683350764,2.9916763305664062,8.670099981827661,1.3919000048190355,1,,0,7.240800012368709,1,0,,0,face,0.022499996703118086,1,,
1787921861.1230788,591,0.06128549575805664,16.317074499124683,1.9943714141845703,36.261400004150346,6.605200003832579,1,,0,8.705300017027184,1,0,20.920600014505908,1,face,0.020899984519928694,1,,
1787921861.1430848,592,0.02000594139099121,49.985150933727404,17.50349998474121,10.87199998437427,1.8560000171419233,1,,0,8.98139999480918,1,0,,0,face,0.023300002794712782,1,,
1787921861.195712,593,0.0526273250579834,19.001535778195574,3.9894580841064453,41.71769999084063,7.41690001450479,1,5.297199997585267,1,8.61999997869134,1,0,20.361200004117563,1,face,0.01990000600926578,1,,
1787921861.2280557,594,0.03234362602233887,30.91799290869017,1.996755599975586,10.164700011955574,1.6927999968174845,1,,0,8.435700001427904,1,0,,0,face,0.022199994418770075,1,,
1787921861.2919807,595,0.06392502784729004,15.643325215108105,2.9921531677246094,37.32489998219535,7.169199991039932,1,,0,9.964299999410287,1,0,20.161299995379522,1,face,0.019700004486367106,1,,
1787921861.3109288,596,0.018948078155517578,52.77580089085739,15.956640243530273,10.336199979064986,2.075900003546849,1,,0,8.222299977205694,1,0,,0,face,0.024300010409206152,1,,
1787921861.3773196,597,0.0663907527923584,15.062338623084575,3.9887428283691406,55.79549999674782,7.794099976308644,1,7.308300002478063,1,8.396599994739518,1,0,32.271499978378415,1,face,0.022100022761151195,1,,
1787921861.3955543,598,0.018234729766845703,54.84040689312518,3.991365432739258,8.952900010626763,1.2267999991308898,1,,0,7.691200007684529,1,0,,0,face,0.020000006770715117,1,,
1787921861.4588044,599,0.06325006484985352,15.810260469674695,1.9948482513427734,38.19849999854341,6.9531000044662505,1,,0,8.978800004115328,1,0,22.236499993596226,1,face,0.01930000144056976,1,,
1787921861.4785159,600,0.01971149444580078,50.7318206008999,17.95196533203125,9.483400004683062,1.3945999962743372,1,,0,8.054900012211874,1,0,,0,face,0.020100007532164454,1,,
1787921861.5298908,601,0.05137491226196289,19.464753436481935,2.992868423461914,41.63699998753145,7.876600022427738,1,6.088299996918067,1,8.180400007404387,1,0,19.46829998632893,1,face,0.02069998299703002,1,,
1787921861.5488403,602,0.018949508666992188,52.771816809260194,11.967658996582031,10.0158000132069,1.3555999903474003,1,,0,8.626700000604615,1,0,,0,face,0.02269999822601676,1,,
1787921861.6277628,603,0.07892251014709473,12.670656294841779,1.9955635070800781,40.01829997287132,7.049999985611066,1,,0,9.530999988783151,1,0,23.404599982313812,1,face,0.02190002123825252,1,,
1787921861.646712,604,0.018949270248413086,52.77248078108683,21.941661834716797,9.790100011741742,1.3469999830704182,1,,0,8.410599984927103,1,0,,0,face,0.02090001362375915,1,,
1787921861.6986923,605,0.05198025703430176,19.23807339659941,5.694866180419922,42.62330001802184,7.004900020547211,1,5.228099995292723,1,7.69689999287948,1,0,22.670900012599304,1,face,0.01960000372491777,1,,
1787921861.7286122,606,0.029919862747192383,33.42261321348601,2.9916763305664062,9.657699993113056,1.3815000129397959,1,,0,8.237400004873052,1,0,,0,face,0.020899984519928694,1,,
1787921861.7937553,607,0.06514310836791992,15.350817992167771,1.9943714141845703,41.19560000253841,7.337800023378804,1,,0,8.60230001853779,1,0,25.22109998972155,1,face,0.023599975975230336,1,,
1787921861.8127046,608,0.018949270248413086,52.77248078108683,17.95172691345215,9.53410001238808,1.4077999803703278,1,,0,8.090599993010983,1,0,,0,face,0.02340000355616212,1,,
1787921861.8624766,609,0.049772024154663086,20.091608026480294,4.987001419067383,39.8163000063505,6.913299992447719,1,5.443000001832843,1,8.094599994365126,1,0,19.34369999798946,1,face,0.01920000067912042,1,,
1787921861.8957183,610,0.03324174880981445,30.082653163685396,0.9989738464355469,10.543800017330796,1.5845000161789358,1,,0,8.918300009099767,1,0,,0,face,0.02099998528137803,1,,
1787921861.9588604,611,0.06314206123352051,15.837303700011706,0.9970664978027344,40.813100000377744,7.3472999793011695,1,,0,8.712000009836629,1,0,24.7248999949079,1,face,0.019099999917671084,1,,
1787921861.9788098,612,0.01994943618774414,50.12672992805412,17.189741134643555,11.5726999938488,1.6565000114496797,1,,0,9.87789998180233,1,0,,0,face,0.024800014216452837,1,,
1787921862.0368521,613,0.058042287826538086,17.22881777142458,3.9892196655273438,47.05739999189973,7.223799999337643,1,5.392799997935072,1,8.949600014602765,1,0,25.466999999480322,1,face,0.02169999061152339,1,,
1787921862.06378,614,0.026927947998046875,37.136138263210086,1.9938945770263672,9.541799983708188,1.3965000107418746,1,,0,8.11179997981526,1,0,,0,face,0.020100007532164454,1,,
1787921862.1281238,615,0.06434369087219238,15.541539293826446,2.991914749145508,39.50509999413043,7.750599994324148,1,,0,9.090799983823672,1,0,22.630799998296425,1,face,0.020100007532164454,1,,
1787921862.1480706,616,0.019946813583374023,50.133320583770605,18.949270248413086,9.99190000584349,1.5122000186238438,1,,0,8.444199978839606,1,0,,0,face,0.02239999594166875,1,,
1787921862.2088838,617,0.060813188552856445,16.443801481167842,7.979869842529297,48.95950001082383,7.040399999823421,1,6.789800012484193,1,8.414799987804145,1,0,26.690300001064315,1,face,0.021700019715353847,1,,
1787921862.2334213,618,0.02453756332397461,40.75384286519365,1.9953250885009766,12.000300019280985,1.9508000114001334,1,,0,10.006999975303188,1,0,,0,face,0.024900014977902174,1,,
1787921862.2973926,619,0.06397128105163574,15.63201460969383,1.9955635070800781,41.04909999296069,7.68660000176169,1,,0,10.035699990112334,1,0,23.269299999810755,1,face,0.042800005758181214,1,,
1787921862.3199515,620,0.022558927536010742,44.32834842896247,22.61662483215332,11.800800013588741,1.9598999933805317,1,,0,9.801600011996925,1,0,,0,face,0.021499989088624716,1,,
1787921862.3789835,621,0.05903196334838867,16.9399752825144,13.154268264770508,46.099500003037974,7.183099980466068,1,6.4171999983955175,1,8.26149998465553,1,0,24.212799995439127,1,face,0.022100022761151195,1,,
1787921862.4057157,622,0.026732206344604492,37.40806079038199,4.987955093383789,15.24570002220571,2.6344000070821494,1,,0,12.56849998026155,1,0,,0,face,0.028600014047697186,1,,
1787921862.4637568,623,0.05804109573364258,17.2291716302035,2.991914749145508,40.975799987791106,8.750599983613938,1,,0,9.871199988992885,1,0,22.315000009257346,1,face,0.025800021830946207,1,,
1787921862.4866948,624,0.022938013076782227,43.59575507488904,24.933576583862305,9.128399979090318,1.355199987301603,1,,0,7.737500010989606,1,0,,0,face,0.02440001117065549,1,,
1787921862.5395706,625,0.05287575721740723,18.91225871032614,11.966466903686523,42.17860000790097,6.965800013858825,1,5.291600013151765,1,9.263499989174306,1,0,20.63310000812635,1,face,0.021899992134422064,1,,
1787921862.5587955,626,0.019224882125854492,52.0159236063744,21.940946578979492,10.606999974697828,1.815399999031797,1,,0,8.739600016269833,1,0,,0,face,0.040399987483397126,1,,
1787921862.627388,627,0.06859254837036133,14.578843092409402,0.9968280792236328,39.829100016504526,7.087300007697195,1,,0,9.0261000150349,1,0,23.682700004428625,1,face,0.0219999928958714,1,,
1787921862.6463373,628,0.018949270248413086,52.77248078108683,18.28455924987793,10.409100010292605,1.4462000108323991,1,,0,8.927099988795817,1,0,,0,face,0.023500004317611456,1,,
1787921862.7218971,629,0.07555985450744629,13.234541100147986,6.42848014831543,63.59059998067096,8.129299996653572,1,6.987700005993247,1,8.7933000177145,1,0,39.65559997595847,1,face,0.021799991372972727,1,,
1787921862.7438388,630,0.021941661834716797,45.57539932630664,15.957117080688477,10.60979999601841,1.5510999946855009,1,,0,9.021000005304813,1,0,,0,face,0.02370000584051013,1,,
1787921862.8121254,631,0.06828665733337402,14.644149224028071,2.991914749145508,56.581700016977265,7.994999992661178,1,,0,7.789199997205287,1,0,40.76780000468716,1,face,0.01990000600926578,1,,
1787921862.8360233,633,0.023897886276245117,41.84470494338305,8.964061737060547,10.062099987408146,1.571700006024912,1,,0,8.452200010651723,1,0,,0,face,0.02239999594166875,1,,
1787921862.9541607,634,0.11813735961914062,8.464722787303433,2.9926300048828125,65.38139999611303,8.295000006910414,1,5.62420001369901,1,9.109300008276477,1,0,42.32299997238442,1,face,0.026399997295811772,1,,
1787921862.9780965,636,0.023935794830322266,41.778432974082115,13.962984085083008,11.951299995416775,1.9696999806910753,1,,0,9.930700005497783,1,0,,0,face,0.03500000457279384,1,,
1787921863.0499666,637,0.07187008857727051,13.913994260976297,4.986763000488281,58.76069999067113,7.353799999691546,1,,0,8.338800020283088,1,0,43.03440000512637,1,face,0.022599997464567423,1,,
1787921863.0709114,638,0.020944833755493164,47.74447062573279,7.978200912475586,9.909999993396923,1.645500015001744,1,,0,8.227100013755262,1,0,,0,face,0.023399974452331662,1,,
1787921863.1455922,639,0.07468080520629883,13.390321612596333,0.0,59.007000003475696,6.916800019098446,1,5.963900010101497,1,8.810400002403185,1,0,37.29179999209009,1,face,0.02139998832717538,1,,
1787921863.166046,641,0.020453691482543945,48.89093007262003,1.9943714141845703,9.846399974776432,1.6128999995999038,1,,0,8.198399998946115,1,0,,0,face,0.021799991372972727,1,,
1787921863.2623012,642,0.09625530242919922,10.38903805570142,0.995635986328125,42.3233000037726,7.26879999274388,1,,0,9.29399998858571,1,0,25.72810000856407,1,face,0.021500018192455173,1,,
1787921863.282229,643,0.0199277400970459,50.181304810786884,19.94776725769043,9.81859999592416,1.5832999779377133,1,,0,8.201000018743798,1,0,,0,face,0.022799998987466097,1,,
1787921863.3372147,644,0.054985761642456055,18.18652629570692,8.976459503173828,43.44969999510795,8.291799982544035,1,5.569899978581816,1,8.853000006638467,1,0,20.710700016934425,1,face,0.02090001362375915,1,,
1787921863.358159,645,0.02094435691833496,47.74555761722085,28.92303466796875,10.883700015256181,1.6317999979946762,1,,0,9.211600001435727,1,0,,0,face,0.02609999501146376,1,,
1787921863.4255855,646,0.06742644309997559,14.830976602417904,0.9982585906982422,39.929999999003485,7.560900005046278,1,,0,9.07050000387244,1,0,23.26099999481812,1,face,0.02649999805726111,1,,
1787921863.4445343,647,0.018948793411254883,52.773808774865685,16.954660415649414,9.391600004164502,1.4465000131167471,1,,0,7.910499989520758,1,0,,0,face,0.024600012693554163,1,,
1787921863.5010216,648,0.056487321853637695,17.703087474939327,5.984067916870117,44.19789998792112,7.613099995069206,1,6.047200004104525,1,9.489799995208159,1,0,21.022900007665157,1,face,0.022099993657320738,1,,
1787921863.5229683,649,0.02194666862487793,45.56500200975546,27.932405471801758,10.607800009893253,1.9838000007439405,1,,0,8.583199989516288,1,0,,0,face,0.025899993488565087,1,,
1787921863.5788705,650,0.05590224266052246,17.888369990318633,6.980180740356445,44.7567000228446,8.657400001538917,1,,0,10.32669999403879,1,0,25.740800017956644,1,face,0.019800005247816443,1,,
1787921863.5993557,651,0.02048516273498535,48.815819182737634,6.979942321777344,9.279899997636676,2.2040999901946634,1,,0,7.042899989755824,1,0,,0,face,0.0213000166695565,1,,
1787921863.6685686,652,0.0692129135131836,14.448170857733379,2.9914379119873047,46.797400020295754,7.51019999734126,1,6.906700000399724,1,9.773700003279373,1,0,22.583100013434887,1,face,0.02099998528137803,1,,
1787921863.6875188,653,0.018950223922729492,52.76982499402388,29.317855834960938,9.101900010136887,1.2704999826382846,1,,0,7.799899991368875,1,0,,0,face,0.021000014385208488,1,,
1787921863.7797897,654,0.0922708511352539,10.837658780606287,1.9938945770263672,58.56950001907535,6.636699981754646,1,,0,8.79180000629276,1,0,43.11290002078749,1,face,0.018699996871873736,1,,
1787921863.796445,656,0.01665520668029785,60.04128433800478,5.984306335449219,7.972100022016093,0.08150000940077007,1,,0,7.855600008042529,1,0,,0,gesture,0.024999986635521054,1,0.06999998004175723,1
1787921863.8582356,657,0.06179070472717285,16.183663941289275,1.0001659393310547,38.4446999814827,0.07869998808018863,1,6.365400011418387,1,8.849500009091571,1,0,23.12479997635819,1,gesture,0.02400000812485814,1,0.06600000779144466,1
1787921863.8950582,658,0.03682255744934082,27.157266340768558,1.9922256469726562,8.724699990125373,0.055800017435103655,1,,0,8.633999997982755,1,0,,0,gesture,0.022299995180219412,1,0.045900000259280205,1
1787921863.947825,659,0.05276679992675781,18.951310319898788,0.9982585906982422,29.569600010290742,0.08489997708238661,1,,0,9.773500001756474,1,0,19.584199995733798,1,gesture,0.11610001092776656,1,0.07280000136233866,1
1787921863.9731412,660,0.025316238403320312,39.50033903412944,12.967348098754883,10.132099996553734,0.06640001083724201,1,,0,10.028000018792227,1,0,,0,gesture,0.025299988919869065,1,0.05570001667365432,1
1787921864.0203855,661,0.04724431037902832,21.166569942015673,2.991914749145508,34.62239998043515,0.06399999256245792,1,5.62710000667721,1,8.353999990504235,1,0,20.55129999644123,1,gesture,0.023100001271814108,1,0.05339999916031957,1
1787921864.0620775,662,0.04169201850891113,23.985406218369178,1.291513442993164,9.886199986794963,0.06890000076964498,1,,0,9.778100007679313,1,0,,0,gesture,0.024299981305375695,1,0.056599994422867894,1
1787921864.1156373,663,0.05355978012084961,18.670726387293787,0.9970664978027344,29.133100004401058,0.06150000263005495,1,,0,9.48659999994561,1,0,19.552100013243034,1,gesture,0.022799998987466097,1,0.051000009989365935,1
1787921864.135784,664,0.020146608352661133,49.63614631779505,9.087562561035156,8.43770001665689,0.05050000618211925,1,,0,8.356599981198087,1,0,,0,gesture,0.019099999917671084,1,0.041799998143687844,1
1787921864.1896667,665,0.05388283729553223,18.558785138118857,2.5022029876708984,37.12570000789128,0.05440000677481294,1,6.583600013982505,1,9.049899992533028,1,0,21.415800001705065,1,gesture,0.019800005247816443,1,0.04499999340623617,1
1787921864.2330596,666,0.04339289665222168,23.04524650692571,2.9921531677246094,9.318600001279265,0.05390000296756625,1,,0,9.229699993738905,1,0,,0,gesture,0.02030000905506313,1,0.04420001641847193,1
1787921864.2856314,667,0.052571773529052734,19.021614316423435,1.5380382537841797,31.695500016212463,0.05229999078437686,1,,0,8.093399985227734,1,0,23.505099990870804,1,gesture,0.017600017599761486,1,0.04300000728107989,1
1787921864.3040192,668,0.018387794494628906,54.38390124993517,12.47715950012207,8.549999998649582,0.0543000060133636,1,,0,8.464099984848872,1,0,,0,gesture,0.02060001133941114,1,0.045100023271515965,1
1787921864.3545682,669,0.05054903030395508,19.78277316076937,1.0004043579101562,38.5130999784451,0.05329999839887023,1,6.69979999656789,1,8.111600007396191,1,0,23.62699998775497,1,gesture,0.019099999917671084,1,0.04409998655319214,1
1787921864.3944616,670,0.039893388748168945,25.066810100104586,0.9965896606445312,8.483399986289442,0.05629999213851988,1,,0,8.390999981202185,1,0,,0,gesture,0.02090001362375915,1,0.04630000330507755,1
1787921864.4449234,671,0.050461769104003906,19.81698259406951,0.9965896606445312,25.67180001642555,0.050799979362636805,1,,0,7.120800000848249,1,0,18.470200011506677,1,gesture,0.019700004486367106,1,0.04199999966658652,1
1787921864.4658675,672,0.02094411849975586,47.74610113152563,5.983591079711914,9.802900021895766,0.08299999171867967,1,,0,9.6672999789007,1,0,,0,gesture,0.03940000897273421,1,0.07109998841769993,1
1787921864.5227451,673,0.05687761306762695,17.581609812124313,1.9941329956054688,37.06140001304448,0.07139999070204794,1,5.8308999869041145,1,9.28070000372827,1,0,21.8520000053104,1,gesture,0.02340000355616212,1,0.056899996707215905,1
1787921864.5446863,674,0.021941184997558594,45.576389794410396,6.981372833251953,9.750299999723211,0.05750000127591193,1,,0,9.656400012318045,1,0,,0,gesture,0.02069998299703002,1,0.04779998562298715,1
1787921864.6208675,675,0.07618117332458496,13.126602759704188,1.995086669921875,31.392799981404096,0.0523999915458262,1,,0,9.522500011371449,1,0,21.789199992781505,1,gesture,0.01889999839477241,1,0.0433000095654279,1
1787921864.6400347,676,0.019167184829711914,52.17250258107049,14.178037643432617,9.369900013552979,0.05199998850002885,1,,0,9.286899992730469,1,0,,0,gesture,0.01960000372491777,1,0.04270000499673188,1
1787921864.6832142,677,0.04317951202392578,23.159131567904232,0.9970664978027344,33.308699988992885,0.06009999196976423,1,5.723900016164407,1,8.750999986659735,1,0,18.750499992165715,1,gesture,0.020800012862309813,1,0.04980000085197389,1
1787921864.7290945,678,0.04588031768798828,21.795838616475088,0.9970664978027344,9.826599998632446,0.07090001599863172,1,,0,9.71330000902526,1,0,,0,gesture,0.025399989681318402,1,0.05810000584460795,1
1787921864.7815466,679,0.05245208740234375,19.065018181818182,2.4976730346679688,29.15340001345612,0.06130000110715628,1,,0,9.16369998594746,1,0,19.887200003722683,1,gesture,0.021800020476803184,1,0.05040000542066991,1
1787921864.8014934,680,0.019946813583374023,50.133320583770605,8.975744247436523,8.796499983873218,0.06320001557469368,1,,0,8.693299983860925,1,0,,0,gesture,0.023300002794712782,1,0.05299999611452222,1
1787921864.854339,681,0.05284547805786133,18.923094969546582,1.9943714141845703,34.701600001426414,0.0543000060133636,1,5.616399983409792,1,7.894500013208017,1,0,21.11420000437647,1,gesture,0.019700004486367106,1,0.044400017941370606,1
1787921864.8932352,682,0.03889632225036621,25.70937153294962,0.9970664978027344,8.372900018002838,0.05339999916031957,1,,0,8.286900003440678,1,0,,0,gesture,0.019500002963468432,1,0.04349998198449612,1
1787921864.9457726,683,0.05253744125366211,19.034044600150665,0.9973049163818359,29.303899995284155,0.05390000296756625,1,,0,8.3769999910146,1,0,20.842500001890585,1,gesture,0.020000006770715117,1,0.04469999112188816,1
1787921864.965228,684,0.019455432891845703,51.399524521457806,6.490945816040039,8.681100007379428,0.05669999518431723,1,,0,8.589799981564283,1,0,,0,gesture,0.02220002352260053,1,0.04680000711232424,1
1787921865.020569,685,0.05534100532531738,18.069783772838697,0.5052089691162109,31.859999988228083,0.05140001303516328,1,5.64190000295639,1,8.20800001383759,1,0,17.935299983946607,1,gesture,0.02099998528137803,1,0.04270000499673188,1
1787921865.063925,686,0.04335594177246094,23.064889358145265,2.992391586303711,8.482399978674948,0.07330000516958535,1,,0,8.367400005226955,1,0,,0,gesture,0.02579999272711575,1,0.060699996538460255,1
1787921865.1151326,687,0.051207542419433594,19.528373219107923,0.9968280792236328,30.06469999672845,0.05950001650489867,1,,0,9.510700008831918,1,0,20.461499982047826,1,gesture,0.021599989850074053,1,0.04959999932907522,1
1787921865.1369123,688,0.021779775619506836,45.914155291129816,6.979227066040039,9.028000000398606,0.08570001227781177,1,,0,8.907300012651831,1,0,,0,gesture,0.02139998832717538,1,0.07670000195503235,1
1787921865.1902816,689,0.05336928367614746,18.73736972128284,1.9969940185546875,34.41039999597706,0.0523999915458262,1,6.067299982532859,1,7.810300012351945,1,0,20.45780001208186,1,gesture,0.01990000600926578,1,0.043100008042529225,1
1787921865.230281,690,0.03999948501586914,25.000321869225726,1.9960403442382812,10.245900019071996,0.08139997953549027,1,,0,10.10590000078082,1,0,,0,gesture,0.026699999580159783,1,0.06790002225898206,1
1787921865.2831483,691,0.05286717414855957,18.91532914526407,0.9973049163818359,30.808800016529858,0.05129998316988349,1,,0,8.302299975184724,1,0,22.426100011216477,1,gesture,0.01850002445280552,1,0.042400002712383866,1
1787921865.3017657,692,0.01861739158630371,53.71321730889905,7.647037506103516,8.184699981939048,0.06520000169984996,1,,0,8.084300003247336,1,0,,0,gesture,0.023300002794712782,1,0.05420000525191426,1
1787921865.355382,693,0.05361628532409668,18.651049656932717,1.9958019256591797,33.79200000199489,0.06210000719875097,1,6.063800014089793,1,9.006300009787083,1,0,18.63559999037534,1,gesture,0.021799991372972727,1,0.05140001303516328,1
1787921865.3983877,694,0.04300570487976074,23.2527289762112,2.9914379119873047,9.511600015684962,0.06680001388303936,1,,0,9.402800002135336,1,0,,0,gesture,0.024300010409206152,1,0.05509998300112784,1
1787921865.4508102,695,0.052422523498535156,19.07576997944296,0.0,29.722699982812628,0.011099997209385037,1,,0,9.309800021583214,1,0,20.35849998355843,1,gesture,0.032199983252212405,1,,
1787921865.4717596,696,0.020949363708496094,47.73414667455729,10.97249984741211,10.191400011535734,0.008899980457499623,1,,0,10.146799992071465,1,0,,0,gesture,0.024900014977902174,1,,
1787921865.5290418,697,0.057282209396362305,17.457427193154054,1.9977092742919922,39.064799988409504,0.005900015821680427,1,6.377900019288063,1,8.498299983330071,1,0,24.162399990018457,1,gesture,0.0185999961104244,1,,
1787921865.5470774,698,0.0180356502532959,55.4457414041535,11.968612670898438,8.276500011561438,0.00589998671784997,1,,0,8.241800009272993,1,0,,0,gesture,0.01990000600926578,1,,
1787921865.642752,699,0.09567451477050781,10.45210422439744,2.991914749145508,50.618199980817735,0.010199990356341004,1,,0,8.556499989936128,1,0,42.00909999781288,1,gesture,0.03170000854879618,1,,
1787921865.6635048,701,0.020752906799316406,48.18602086301181,2.83050537109375,10.4810000048019,0.006199989002197981,1,,0,10.444400017149746,1,0,,0,gesture,0.01889999839477241,1,,
1787921865.7713077,702,0.1078028678894043,9.276191065954821,2.9921531677246094,50.46949998359196,0.005799985956400633,1,4.875700018601492,1,7.783999986713752,1,0,37.7833999809809,1,gesture,0.01930000144056976,1,,
1787921865.7892606,703,0.017952919006347656,55.70124833997344,31.91399574279785,8.158300013747066,0.005999987479299307,1,,0,8.118600002489984,1,0,,0,gesture,0.021099986042827368,1,,
1787921865.851386,704,0.062125444412231445,16.096464330533095,14.95981216430664,51.60619999514893,0.00680002267472446,1,,0,9.389300015754998,1,0,42.17940001399256,1,gesture,0.020099978428333998,1,,
1787921865.870957,705,0.01957082748413086,51.09645981044271,44.75998878479004,8.69259997853078,0.007399998139590025,1,,0,8.649900002637878,1,0,,0,gesture,0.023500004317611456,1,,
1787921865.922267,706,0.051310062408447266,19.4893545838948,1.9931793212890625,33.90830001444556,0.006199989002197981,1,5.763100023614243,1,8.12949999817647,1,0,19.98969999840483,1,gesture,0.01829999382607639,1,,
1787921865.9402163,707,0.017949342727661133,55.712346416948925,14.546871185302734,8.887200005119666,0.007199996616691351,1,,0,8.85109999217093,1,0,,0,gesture,0.018999999156221747,1,,
1787921865.9875405,708,0.047324180603027344,21.130846583237613,1.007080078125,34.552000026451424,0.00689999433234334,1,,0,9.809600014705211,1,0,24.703800008865073,1,gesture,0.02139998832717538,1,,
1787921866.0084906,709,0.0209500789642334,47.732516985125926,15.956640243530273,9.318099997472018,0.006999995093792677,1,,0,9.277899982407689,1,0,,0,gesture,0.022799998987466097,1,,
1787921866.1124768,710,0.10398626327514648,9.616654820589247,2.992868423461914,56.58229999244213,0.007499998901039362,1,5.3696999966632575,1,9.716800006572157,1,0,41.460400010691956,1,gesture,0.025999994250014424,1,,
1787921866.1344178,712,0.021940946578979492,45.57688504460648,6.981611251831055,10.51059999736026,0.008800008799880743,1,,0,10.459899989655241,1,0,,0,gesture,0.026900001103058457,1,,
1787921866.2018695,713,0.06745171546936035,14.825419828710594,1.9946098327636719,47.8397999831941,0.008100003469735384,1,,0,8.935299993027002,1,0,38.86249999050051,1,gesture,0.02400000812485814,1,,
1787921866.2322977,714,0.030428171157836914,32.86428207639569,29.633045196533203,18.53070000652224,8.189000014681369,1,,0,10.295199987012893,1,0,,0,face,0.030499999411404133,1,,
1787921866.3116522,715,0.07935452461242676,12.601675895408263,0.0,60.102000017650425,7.490500021958724,1,4.956599994329736,1,7.454999984474853,1,0,40.17780002322979,1,face,0.018799997633323073,1,,
1787921866.3334043,717,0.021752119064331055,45.972532471091135,2.9938220977783203,11.536699981661513,2.1379999816417694,1,,0,9.355799993500113,1,0,,0,face,0.0315000070258975,1,,
1787921866.412811,718,0.07940673828125,12.593389700230592,1.993417739868164,56.70970000210218,7.606700004544109,1,,0,8.216399990487844,1,0,40.856100007658824,1,face,0.02060001133941114,1,,
1787921866.4343665,719,0.021555423736572266,46.39203627917266,2.991914749145508,10.879800014663488,1.66529999114573,1,,0,9.179699991364032,1,0,,0,face,0.023300002794712782,1,,
1787921866.5256867,720,0.09132027626037598,10.950470595914105,1.9991397857666016,70.13899998855777,7.6920000137761235,1,5.334700021194294,1,8.2408000016585,1,0,48.849099985091016,1,face,0.019799976143985987,1,,
1787921866.5448463,722,0.019159555435180664,52.19327783377509,40.154218673706055,9.802099986700341,1.411700010066852,1,,0,8.359700004803017,1,0,,0,face,0.02139998832717538,1,,
1787921866.6445782,723,0.0997319221496582,10.026879843941995,0.9980201721191406,57.96380000538193,8.961499988799915,1,,0,8.085999987088144,1,0,40.88449999107979,1,face,0.02090001362375915,1,,
1787921866.6665196,725,0.021941423416137695,45.57589455497723,3.9894580841064453,9.730799996759742,1.8430000054650009,1,,0,7.846099993912503,1,0,,0,face,0.029499991796910763,1,,
1787921866.7519484,726,0.08542871475219727,11.705665980117997,1.027822494506836,63.91359999543056,7.217999984277412,1,5.097700020996854,1,7.960799994179979,1,0,43.613099987851456,1,face,0.02020000829361379,1,,
1787921866.7743983,727,0.022449970245361328,44.54348888086489,10.969877243041992,10.621099994750693,1.563700003316626,1,,0,9.005899977637455,1,0,,0,face,0.03660001675598323,1,,
1787921866.8415625,728,0.06716418266296387,14.888888100047213,1.9948482513427734,53.30509998020716,6.603699992410839,1,,0,7.696199987549335,1,0,38.97460000007413,1,face,0.02020000829361379,1,,
1787921866.863141,729,0.021578550338745117,46.342316063950854,31.91399574279785,11.36400000541471,1.6568000137340277,1,,0,9.665700024925172,1,0,,0,face,0.024399982066825032,1,,
1787921866.939908,730,0.0767669677734375,13.026436096203538,21.033763885498047,65.9565000096336,7.305499981157482,1,5.580500001087785,1,7.666999998036772,1,0,45.38029999821447,1,face,0.02060001133941114,1,,
1787921866.9605281,731,0.020620107650756836,48.496352052909685,29.103755950927734,11.030099994968623,1.3447999954223633,1,,0,9.653300017816946,1,0,,0,face,0.01920000067912042,1,,
1787921867.0170255,732,0.05649733543395996,17.699949782037162,19.459247589111328,45.87020000326447,8.490100008202717,1,,0,10.425199987366796,1,0,26.920200005406514,1,face,0.021899992134422064,1,,
1787921867.0399637,734,0.022938251495361328,43.5953019436649,7.978200912475586,10.611000005155802,1.738199993269518,1,,0,8.838699985062703,1,0,,0,face,0.021700019715353847,1,,
1787921867.1313598,735,0.09139609336853027,10.94138669546594,1.9936561584472656,41.321299999253824,7.508899987442419,1,5.317400005878881,1,7.999599998584017,1,0,20.47420002054423,1,face,0.018699996871873736,1,,
1787921867.153035,736,0.02167510986328125,46.13586765223513,21.601200103759766,12.147799978265539,1.8602999916765839,1,,0,10.24969998979941,1,0,,0,face,0.027600006433203816,1,,
1787921867.1934354,737,0.04040050506591797,24.75216580506574,10.9710693359375,28.69870001450181,0.007099995855242014,1,,0,8.346299990080297,1,0,20.315100002335384,1,face,0.019800005247816443,1,,
1787921867.2145398,738,0.02110433578491211,47.383628188617,16.9522762298584,10.036199993919581,0.008500006515532732,1,,0,9.992900013457984,1,0,,0,face,0.022499996703118086,1,,
1787921867.291782,739,0.07724213600158691,12.946301743642296,1.9938945770263672,37.35269999015145,0.006199989002197981,1,6.14130002213642,1,9.41259998944588,1,0,21.771799976704642,1,face,0.019400002202019095,1,,
1787921867.3101106,740,0.01832866668701172,54.559342317498306,17.1968936920166,8.677200006786734,0.007800001185387373,1,,0,8.635700010927394,1,0,,0,face,0.0219999928958714,1,,
1787921867.357554,741,0.047443389892578125,21.077751869421885,1.9955635070800781,35.834800015436485,0.007299997378140688,1,,0,10.05399998393841,1,0,25.742300000274554,1,face,0.01990000600926578,1,,
1787921867.3775012,742,0.019947290420532227,50.132122153827765,15.466451644897461,8.67909999215044,0.022099993657320738,1,,0,8.622599998489022,1,0,,0,face,0.02190002123825252,1,,
1787921867.4596813,743,0.08218002319335938,12.168407371303903,0.9977817535400391,39.14999999688007,0.006199989002197981,1,5.249200010439381,1,8.540499984519556,1,0,25.33529998618178,1,face,0.017400016076862812,1,,
1787921867.4776337,744,0.017952442169189453,55.702727828096364,19.075393676757812,8.921700005885214,0.005400012014433742,1,,0,8.888599986676127,1,0,,0,face,0.018799997633323073,1,,
1787921867.520026,745,0.04239225387573242,23.589215212085083,1.9955635070800781,32.532499986700714,0.006999995093792677,1,,0,9.218199993483722,1,0,23.276899999473244,1,face,0.02090001362375915,1,,
1787921867.5364876,746,0.016461610794067383,60.747396625389236,34.91830825805664,7.410799997160211,0.006199989002197981,1,,0,7.378000009339303,1,0,,0,face,0.01789999078027904,1,,
1787921867.6239214,747,0.0874338150024414,11.437222543384125,1.76239013671875,39.227800007211044,0.006999995093792677,1,4.735799971967936,1,8.498100010911003,1,0,25.965700013330206,1,face,0.01920000067912042,1,,
1787921867.6428711,748,0.01894974708557129,52.77115285414124,17.771005630493164,9.14589999592863,0.00890000956133008,1,,0,9.083299984922633,1,0,,0,face,0.040000013541430235,1,,
1787921867.6862407,749,0.04336953163146973,23.05766196641104,4.9877166748046875,32.221000001300126,0.005900015821680427,1,,0,8.349000010639429,1,0,23.84030001121573,1,face,0.01729998621158302,1,,
1787921867.7031946,750,0.01695394515991211,58.983321614400225,9.971857070922852,8.555299980798736,0.00580001506023109,1,,0,8.52219999069348,1,0,,0,face,0.01789999078027904,1,,
1787921867.7925756,751,0.08938097953796387,11.188062663547537,1.9948482513427734,38.228899997193366,0.007399998139590025,1,5.624899989925325,1,8.47189998603426,1,0,24.099500005831942,1,face,0.023500004317611456,1,,
1787921867.8115258,752,0.018950223922729492,52.76982499402388,18.814802169799805,8.741800003917888,0.006099988240748644,1,,0,8.703700004843995,1,0,,0,face,0.020000006770715117,1,,
1787921867.8584006,753,0.0468747615814209,21.333441840829675,4.98652458190918,34.72340002190322,0.006399990525096655,1,,0,9.609100001398474,1,0,25.07620002143085,1,face,0.01960000372491777,1,,
1787921867.8760023,754,0.017601728439331055,56.81260243542336,16.604900360107422,7.391200022539124,0.006399990525096655,1,,0,7.352499989792705,1,0,,0,face,0.02220002352260053,1,,
1787921867.9574146,755,0.08141231536865234,12.283153911933182,0.9977817535400391,38.67390000959858,0.005600013537332416,1,6.082199979573488,1,8.708600013051182,1,0,23.8596000126563,1,face,0.01659998088143766,1,,
1787921867.9734619,756,0.016047239303588867,62.31601467900813,18.04208755493164,8.447000000160187,0.006299989763647318,1,,0,8.4080999949947,1,0,,0,hover,0.023200002033263445,1,,
1787921868.022917,757,0.04945516586303711,20.220334570698547,1.9938945770263672,33.91490000649355,0.006400019628927112,1,,0,8.216299989726394,1,0,25.660800019977614,1,hover,0.02139998832717538,1,,
1787921868.04176,758,0.01884293556213379,53.07028709526401,12.855768203735352,8.953699987614527,0.006200018106028438,1,,0,8.913500001654029,1,0,,0,hover,0.02340000355616212,1,,
1787921868.1192489,759,0.07748889923095703,12.905074274180645,1.9946098327636719,33.245099999476224,0.006100017344579101,1,4.929399990942329,1,7.729400007519871,1,0,20.55870002368465,1,hover,0.01999997766688466,1,,
1787921868.1384146,760,0.019165754318237305,52.176396681055394,10.189056396484375,9.113899985095486,0.008500006515532732,1,,0,9.064899990335107,1,0,,0,hover,0.0281000102404505,1,,
1787921868.1869822,761,0.04856753349304199,20.589886454564645,1.9946098327636719,35.11689999140799,0.00580001506023109,1,,0,9.086300007766113,1,0,25.99610001198016,1,hover,0.019799976143985987,1,,
1787921868.2042012,762,0.017219066619873047,58.07515715432971,12.119770050048828,8.968499983893707,0.007199996616691351,1,,0,8.92359999124892,1,0,,0,hover,0.02710000262595713,1,,
1787921868.292132,763,0.08793067932128906,11.3725949545563,2.9892921447753906,36.38179998961277,0.006300018867477775,1,5.558800010476261,1,8.491399988997728,1,0,22.29829999851063,1,hover,0.02549999044276774,1,,
1787921868.3104434,764,0.018311500549316406,54.610489037029325,14.96124267578125,8.311100013088435,0.007399998139590025,1,,0,8.268600009614602,1,0,,0,hover,0.024299981305375695,1,,
1787921868.3598201,765,0.049376726150512695,20.25245653087141,1.995086669921875,36.95110001717694,0.007700000423938036,1,,0,10.467899992363527,1,0,26.418200024636462,1,hover,0.02680000034160912,1,,
1787921868.378775,766,0.018954753875732422,52.75721365500239,18.948793411254883,8.341900014784187,0.00580001506023109,1,,0,8.303099981276318,1,0,,0,hover,0.021599989850074053,1,,
1787921868.4593697,767,0.08059477806091309,12.407751768287092,0.9963512420654297,37.31700000935234,0.008500006515532732,1,5.435900005977601,1,8.958099992014468,1,0,22.88760000374168,1,hover,0.024900014977902174,1,,
1787921868.481391,768,0.02202129364013672,45.41059287168161,22.215604782104492,8.04060001973994,0.005499983672052622,1,,0,8.003399998415262,1,0,,0,hover,0.02160001895390451,1,,
1787921868.5267768,769,0.04538583755493164,22.033304966327314,4.987478256225586,35.316399997100234,0.008199975127354264,1,,0,9.668399987276644,1,0,25.601500004995614,1,hover,0.026300025638192892,1,,
1787921868.546267,770,0.01949024200439453,51.30772618290356,41.93711280822754,9.473100013565272,0.01069999416358769,1,,0,9.428299992578104,1,0,,0,hover,0.024900014977902174,1,,
1787921868.6266015,771,0.08033442497253418,12.44796362632699,1.9943714141845703,37.37379997619428,0.007499998901039362,1,5.270699999528006,1,8.181899989722297,1,0,23.89059998677112,1,hover,0.02090001362375915,1,,
1787921868.6440403,772,0.017438888549804688,57.343104013999785,16.945838928222656,8.206400001654401,0.006399990525096655,1,,0,8.167400024831295,1,0,,0,hover,0.02239999594166875,1,,
1787921868.6871486,773,0.043108224868774414,23.197429331504516,2.9921531677246094,32.471599988639355,0.007399998139590025,1,,0,8.897899999283254,1,0,23.53229999425821,1,hover,0.023800006601959467,1,,
1787921868.707742,774,0.02059340476989746,48.55923589001447,11.967658996582031,9.446000010939315,0.007499998901039362,1,,0,9.39920000382699,1,0,,0,hover,0.027600006433203816,1,,
1787921868.7896883,775,0.08194637298583984,12.203102633630873,2.9942989349365234,34.554800018668175,0.007700000423938036,1,4.825899988645688,1,8.581300004152581,1,0,21.111800015205517,1,hover,0.02609999501146376,1,,
1787921868.8096354,776,0.019947052001953125,50.132721361637024,15.957355499267578,8.742700010770932,0.007700000423938036,1,,0,8.695399999851361,1,0,,0,hover,0.027000001864507794,1,,
1787921868.8527105,777,0.0430750846862793,23.21527647091382,0.9973049163818359,30.636100011179224,0.009600014891475439,1,,0,10.479700024006888,1,0,20.103300019400194,1,hover,0.03259998629800975,1,,
1787921868.8722641,778,0.019553661346435547,51.141317336064574,9.57798957824707,10.234599991235882,0.007399998139590025,1,,0,10.190800006967038,1,0,,0,hover,0.025999994250014424,1,,
1787921868.9608014,779,0.08853721618652344,11.294685365906203,1.3954639434814453,37.38500000326894,0.007800001185387373,1,5.6995999766513705,1,9.522900014417246,1,0,22.12780000991188,1,hover,0.024999986635521054,1,,
1787921868.981066,780,0.020264625549316406,49.34707515647795,17.95172691345215,8.501999982399866,0.006200018106028438,1,,0,8.460699988063425,1,0,,0,hover,0.02239999594166875,1,,
1787921869.021232,781,0.04016590118408203,24.896740033715602,4.946708679199219,28.611599991563708,0.006299989763647318,1,,0,8.746300009079278,1,0,19.828699994832277,1,hover,0.021199986804276705,1,,
1787921869.0401804,782,0.01894855499267578,52.77447279681917,10.970592498779297,9.251699986634776,0.008500006515532732,1,,0,9.204400004819036,1,0,,0,hover,0.02859998494386673,1,,
1787921869.126191,783,0.08601045608520508,11.626493399934581,1.9943714141845703,36.07090000878088,0.006199989002197981,1,5.643299984512851,1,8.787200000369921,1,0,21.610399999190122,1,hover,0.02220002352260053,1,,
1787921869.1464314,784,0.02024054527282715,49.40578361505389,16.19696617126465,10.245100012980402,0.006799993570894003,1,,0,10.204599995631725,1,0,,0,hover,0.023600005079060793,1,,
1787921869.194036,785,0.04760456085205078,21.006390608409962,3.720521926879883,35.417000006418675,0.008399976650252938,1,,0,9.43629999528639,1,0,25.933500000974163,1,hover,0.028600014047697186,1,,
1787921869.2139807,786,0.01994466781616211,50.138714227651995,14.957427978515625,8.968699985416606,0.006199989002197981,1,,0,8.930199983296916,1,0,,0,hover,0.02190002123825252,1,,
1787921869.2949102,787,0.08092951774597168,12.35643097662936,1.993417739868164,38.0499999737367,0.006699992809444666,1,5.783600005088374,1,8.744899998418987,1,0,23.489799990784377,1,hover,0.023100001271814108,1,,
1787921869.3153658,788,0.020455598831176758,48.886371318344466,18.947362899780273,9.480599983362481,0.009300012607127428,1,,0,9.428000019397587,1,0,,0,hover,0.03179998020641506,1,,
1787921869.3651257,789,0.049759864807128906,20.096517622707324,7.44938850402832,34.73300000769086,0.008300004992634058,1,,0,9.674500004621223,1,0,25.0141000142321,1,hover,0.02579999272711575,1,,
1787921869.3879247,790,0.022799015045166016,43.86154393156673,24.34253692626953,9.919500007526949,0.008700008038431406,1,,0,9.867599990684539,1,0,,0,hover,0.02880001557059586,1,,
1787921869.4849997,791,0.09707498550415039,10.30131495571787,0.9953975677490234,61.238499998580664,7.18440001946874,1,5.278399999951944,1,7.594299997435883,1,0,41.15599999204278,1,face,0.022599997464567423,1,,
1787921869.506941,794,0.021941423416137695,45.57589455497723,1.9938945770263672,9.664200013503432,1.3931999856140465,1,,0,8.238399983383715,1,0,,0,face,0.020400009816512465,1,,
1787921869.6387632,795,0.1318221092224121,7.585980879070794,1.9948482513427734,51.019900012761354,7.721000001765788,1,,0,7.917299983091652,1,0,35.34950001630932,1,face,0.021800020476803184,1,,
1787921869.660597,796,0.02183389663696289,45.800345061040865,29.28924560546875,11.70749997254461,1.6522999794688076,1,,0,10.018200002377853,1,0,,0,face,0.024800014216452837,1,,
1787921869.7217677,797,0.06117057800292969,16.34772847744068,20.944833755493164,49.139599985210225,7.2509000019636005,1,6.891900004120544,1,7.9993999970611185,1,0,26.97119998629205,1,face,0.023500004317611456,1,,
1787921869.7399924,798,0.018224716186523438,54.8705389848247,43.49064826965332,9.576400014339015,1.3364999904297292,1,,0,8.20809998549521,1,0,,0,face,0.02090001362375915,1,,
1787921869.7885153,799,0.04852294921875,20.60880503144654,0.9973049163818359,32.38660001079552,0.005799985956400633,1,,0,9.214599995175377,1,0,23.13810001942329,1,face,0.017600017599761486,1,,
1787921869.8076787,800,0.01916337013244629,52.18288813964194,12.784719467163086,9.052999987034127,0.007000024197623134,1,,0,9.013000002596527,1,0,,0,face,0.021799991372972727,1,,
1787921869.877393,801,0.06971430778503418,14.344257753853414,0.9977817535400391,57.40150000201538,0.008400005754083395,1,6.212000007508323,1,9.711199993034825,1,0,41.44390000146814,1,face,0.023500004317611456,1,,
1787921869.8993342,802,0.021941184997558594,45.576389794410396,36.18264198303223,9.712500002933666,0.00790000194683671,1,,0,9.667700011050329,1,0,,0,face,0.02400000812485814,1,,
1787921869.9529817,803,0.053647518157958984,18.64019127698721,1.9946098327636719,29.543500015279278,0.006699992809444666,1,,0,8.689899987075478,1,0,20.81790001830086,1,face,0.01930000144056976,1,,
1787921869.9723928,804,0.019411087036132812,51.51694998526088,10.434865951538086,8.990699978312477,0.005900015821680427,1,,0,8.95630000741221,1,0,,0,face,0.01789999078027904,1,,
1787921870.0219347,805,0.04954195022583008,20.18491390511757,0.9970664978027344,35.125299997162074,0.006299989763647318,1,5.722599977161735,1,9.176899999147281,1,0,20.199600025080144,1,face,0.018300022929906845,1,,
1787921870.0398889,806,0.017954111099243164,55.69754996348184,13.075590133666992,8.27930000377819,0.006499991286545992,1,,0,8.244099997682497,1,0,,0,face,0.019099999917671084,1,,
1787921870.1229472,807,0.08305835723876953,12.039727647457315,0.9968280792236328,34.364999999525025,0.006500020390376449,1,,0,9.225199988577515,1,0,25.106500019319355,1,face,0.017499987734481692,1,,
1787921870.1434007,808,0.020453453063964844,48.89149997668672,15.955448150634766,9.495100006461143,0.007199996616691351,1,,0,9.456200001295656,1,0,,0,face,0.021099986042827368,1,,
1787921870.1881871,809,0.04478645324707031,22.328180230824923,3.9892196655273438,33.461300015915185,0.005999987479299307,1,5.881799996132031,1,8.319900021888316,1,0,19.233200000599027,1,face,0.018499995348975062,1,,
1787921870.2096553,810,0.021468162536621094,46.580605037537204,14.487028121948242,9.566900000208989,0.00689999433234334,1,,0,9.527699992759153,1,0,,0,face,0.0213000166695565,1,,
1787921870.2817705,811,0.07211518287658691,13.866705458007822,0.9970664978027344,28.65580000798218,0.00589998671784997,1,,0,7.879899989347905,1,0,20.742799999425188,1,face,0.018200022168457508,1,,
1787921870.301509,812,0.019738435745239258,50.66257594607979,7.767915725708008,9.530300012556836,0.005799985956400633,1,,0,9.49409999884665,1,0,,0,face,0.017699989257380366,1,,
1787921870.3600433,813,0.05853438377380371,17.083975870734918,0.9989738464355469,40.322699991520494,0.006699992809444666,1,6.523800024297088,1,8.931999997003004,1,0,24.83929999289103,1,face,0.01920000067912042,1,,
1787921870.3806148,814,0.020571470260620117,48.61101259807842,19.945859909057617,9.45709997904487,0.006100017344579101,1,,0,9.421299997484311,1,0,,0,face,0.018799997633323073,1,,
1787921870.4552562,815,0.07464146614074707,13.397378852585213,0.9980201721191406,34.52039998956025,0.007399998139590025,1,,0,9.38440000754781,1,0,25.095999997574836,1,face,0.02300000051036477,1,,
1787921870.479193,816,0.023936748504638672,41.77676846152314,17.95363426208496,10.167299973545596,0.007399998139590025,1,,0,10.126899986062199,1,0,,0,face,0.020100007532164454,1,,
1787921870.5413811,817,0.062188148498535156,16.080234323482955,7.979869842529297,48.383799992734566,0.011500000255182385,1,6.5833999833557755,1,12.796299997717142,1,0,28.95820001140237,1,face,0.03170000854879618,1,,
1787921870.566426,818,0.025044918060302734,39.92826000038079,60.75239181518555,10.809400002472103,0.007399998139590025,1,,0,10.766300023533404,1,0,,0,face,0.02300000051036477,1,,
1787921870.621723,819,0.055296897888183594,18.084197092251177,0.9963512420654297,37.51769999507815,0.006999995093792677,1,,0,9.792400000151247,1,0,27.685900015057996,1,face,0.02120001590810716,1,,
1787921870.6416702,820,0.019947290420532227,50.132122153827765,14.958858489990234,9.358300012536347,0.006699992809444666,1,,0,9.322400001110509,1,0,,0,face,0.019500002963468432,1,,
1787921870.6932616,821,0.05159139633178711,19.38307685198022,3.1642913818359375,41.83940001530573,0.006199989002197981,1,7.499200000893325,1,8.324499998707324,1,0,25.985300017055124,1,hover,0.022599997464567423,1,,
1787921870.7132087,822,0.019947052001953125,50.132721361637024,17.94886589050293,9.212900011334568,0.008300004992634058,1,,0,9.161800000583753,1,0,,0,hover,0.02780000795610249,1,,
1787921870.7940257,823,0.08081698417663574,12.373636682784072,2.9900074005126953,37.588999985018745,0.008100003469735384,1,,0,10.554699983913451,1,0,26.990899990778416,1,hover,0.024500011932104826,1,,
1787921870.8149712,824,0.02094554901123047,47.74284023129809,19.94466781616211,10.108199989190325,0.006100017344579101,1,,0,10.068100003991276,1,0,,0,hover,0.022299995180219412,1,,
1787921870.8633325,825,0.04836130142211914,20.677690024748326,7.978200912475586,37.0950999786146,0.007599999662488699,1,6.828399986261502,1,8.711200003745034,1,0,21.52169999317266,1,hover,0.024300010409206152,1,,
1787921870.8832812,826,0.019948720932006836,50.12852720775418,20.437955856323242,9.113800013437867,0.011199997970834374,1,,0,9.051300003193319,1,0,,0,hover,0.0391000066883862,1,,
1787921870.950331,827,0.06704974174499512,14.914300547244752,1.9943714141845703,28.795400023227558,0.006199989002197981,1,,0,8.07780001196079,1,0,20.679400011431426,1,hover,0.022599997464567423,1,,
1787921870.970206,828,0.019875049591064453,50.31433986708572,6.981611251831055,8.629999996628612,0.006700021913275123,1,,0,8.590699988417327,1,0,,0,hover,0.02239999594166875,1,,
1787921871.02865,829,0.05844402313232422,17.110389504430266,0.9970664978027344,39.85080000711605,0.00689999433234334,1,7.098500005668029,1,8.7370999972336,1,0,23.984500003280118,1,hover,0.022199994418770075,1,,
1787921871.0488627,830,0.020212650299072266,49.473967302838,19.53411102294922,8.942699991166592,0.007599999662488699,1,,0,8.897599996998906,1,0,,0,hover,0.026399997295811772,1,,
1787921871.1226647,831,0.07380199432373047,13.549769341103802,1.9946098327636719,33.224300015717745,0.008700008038431406,1,,0,8.543300005840138,1,0,24.629200022900477,1,hover,0.0323000131174922,1,,
1787921871.1427703,832,0.020105600357055664,49.73738571547155,11.967897415161133,8.54879998951219,0.006300018867477775,1,,0,8.51039998815395,1,0,,0,hover,0.021499989088624716,1,,
1787921871.198112,833,0.05534172058105469,18.069550232638292,0.9968280792236328,42.811799998162314,0.006000016583129764,1,7.142899994505569,1,8.40069999685511,1,0,27.238600014243275,1,hover,0.021499989088624716,1,,
1787921871.2164614,834,0.018349409103393555,54.49766771045827,21.830081939697266,8.798199996817857,0.007700000423938036,1,,0,8.75619999715127,1,0,,0,hover,0.02340000355616212,1,,
1787921871.2898228,835,0.07336139678955078,13.631147221319466,2.99072265625,33.74600000097416,0.007199996616691351,1,,0,8.773699984885752,1,0,24.91780000855215,1,hover,0.03789999755099416,1,,
1787921871.3077765,836,0.01795363426208496,55.699029255142555,9.972810745239258,7.784899993566796,0.007700000423938036,1,,0,7.74289999390021,1,0,,0,hover,0.024900014977902174,1,,
1787921871.3642204,837,0.05644392967224121,17.716697008992874,2.8519630432128906,39.88769999705255,0.006599992047995329,1,6.480899988673627,1,7.4025999929290265,1,0,25.976100005209446,1,hover,0.020100007532164454,1,,
1787921871.3831704,838,0.01894998550415039,52.770488915729345,19.946575164794922,9.779500018339604,0.007599999662488699,1,,0,9.73409999278374,1,0,,0,hover,0.025899993488565087,1,,
1787921871.4534516,839,0.0702812671661377,14.228542545143682,1.9938945770263672,30.999100010376424,0.008299975888803601,1,,0,9.339699987322092,1,0,21.612700016703457,1,hover,0.028600014047697186,1,,
1787921871.4715788,840,0.0181272029876709,55.16570872407308,10.150909423828125,7.862999977078289,0.006599992047995329,1,,0,7.823100022505969,1,0,,0,hover,0.022899999748915434,1,,
1787921871.5287042,841,0.05712532997131348,17.505369343199735,0.9999275207519531,41.83309999643825,0.006299989763647318,1,6.695499992929399,1,8.426400017924607,1,0,26.681199989980087,1,hover,0.022199994418770075,1,,
1787921871.5467305,842,0.018026351928710938,55.47434133954079,45.15814781188965,8.41260000015609,0.006500020390376449,1,,0,8.373599994229153,1,0,,0,hover,0.022499996703118086,1,,
1787921871.6188726,843,0.07214212417602539,13.861526970844652,1.9924640655517578,30.45449999626726,0.006399990525096655,1,,0,7.703600014792755,1,0,22.715400002198294,1,hover,0.02020000829361379,1,,
1787921871.6378236,844,0.018950939178466797,52.76783332913972,8.975744247436523,9.48519998928532,0.006000016583129764,1,,0,9.446299984119833,1,0,,0,hover,0.022199994418770075,1,,
1787921871.6964035,845,0.05857992172241211,17.07069539523488,1.9946098327636719,40.36000001360662,0.006799993570894003,1,6.322799978079274,1,8.96380000631325,1,0,25.04070001305081,1,hover,0.023800006601959467,1,,
1787921871.7164707,846,0.020067214965820312,49.832525425339796,21.065235137939453,9.885100007522851,0.007399998139590025,1,,0,9.839700011070818,1,0,,0,hover,0.026699999580159783,1,,
1787921871.7898893,847,0.07341861724853516,13.620523478599727,0.9961128234863281,35.26229999260977,0.006900023436173797,1,,0,9.259099984774366,1,0,25.964200001908466,1,hover,0.022099993657320738,1,,
1787921871.8078413,848,0.01795196533203125,55.70420739481513,11.968135833740234,8.132100017974153,0.006599992047995329,1,,0,8.094699995126575,1,0,,0,hover,0.020400009816512465,1,,
1787921871.8624508,849,0.05460953712463379,18.31181974162734,1.9941329956054688,40.89329999987967,0.005599984433501959,1,7.113900006515905,1,7.72809999762103,1,0,26.024799997685477,1,hover,0.019400002202019095,1,,
1787921871.8827233,850,0.020272493362426758,49.32792341436451,21.275043487548828,8.694900025147945,0.005699985194951296,1,,0,8.656799996970221,1,0,,0,hover,0.022100022761151195,1,,
1787921871.9622793,851,0.07955598831176758,12.569764026827938,0.9987354278564453,40.43409999576397,7.1579000214114785,1,,0,8.901299996068701,1,0,24.33809998910874,1,face,0.025399989681318402,1,,
1787921871.980618,852,0.018338680267333984,54.529550950362726,18.952369689941406,8.678599988343194,1.3455000007525086,1,,0,7.287499989615753,1,0,,0,face,0.01990000600926578,1,,
1787921872.0379882,853,0.05737018585205078,17.43065644895856,5.495309829711914,46.63669998990372,7.413500017719343,1,6.22280000243336,1,8.264499978395179,1,0,24.714200000744313,1,face,0.018999999156221747,1,,
1787921872.0558703,854,0.017882108688354492,55.921816460674904,26.715517044067383,9.597299998858944,1.651700004003942,1,,0,7.915299996966496,1,0,,0,face,0.019899976905435324,1,,
1787921872.127583,855,0.07171273231506348,13.944525159166847,0.0,42.602600005920976,8.019399974728003,1,,0,9.177200001431629,1,0,25.370399991516024,1,face,0.02500001573935151,1,,
1787921872.1477776,856,0.020194530487060547,49.518358480319236,15.956878662109375,11.181400011992082,1.6321000002790242,1,,0,9.512900025583804,1,0,,0,face,0.023299973690882325,1,,
1787921872.2075558,857,0.05977821350097656,16.728502600427554,8.202075958251953,49.82159999781288,9.340700024040416,1,6.774299981771037,1,8.994100004201755,1,0,24.687500001164153,1,face,0.022299995180219412,1,,
1787921872.2257524,858,0.018196582794189453,54.955373286863555,29.8764705657959,9.46159998420626,1.3577000063378364,1,,0,8.068199997069314,1,0,,0,face,0.02069998299703002,1,,
1787921872.2925725,859,0.06682014465332031,14.965546770188109,1.9943714141845703,39.744599984260276,6.987699976889417,1,,0,7.523500011302531,1,0,25.198499992256984,1,face,0.024100008886307478,1,,
1787921872.316291,860,0.023718595504760742,42.161012434285254,19.728660583496094,10.482599987881258,1.6982000088319182,1,,0,8.749799977522343,1,0,,0,face,0.022799998987466097,1,,
1787921872.3766139,861,0.06032276153564453,16.577490395712456,8.48698616027832,47.86930000409484,7.768699986627325,1,6.097600009525195,1,7.902699988335371,1,0,26.07629998237826,1,face,0.021100015146657825,1,,
1787921872.39656,862,0.01994609832763672,50.1351183361224,32.379150390625,11.376899987226352,1.9680999976117164,1,,0,9.371699998155236,1,0,,0,face,0.025699991965666413,1,,
1787921872.4836345,863,0.08707451820373535,11.48441611425536,0.9975433349609375,60.282799997366965,8.187200000975281,1,,0,7.89989999611862,1,0,44.15949998656288,1,face,0.024600012693554163,1,,
1787921872.5076063,866,0.0239717960357666,41.715689492267146,0.9975433349609375,12.099000014131889,1.9314999808557332,1,,0,10.122599982423708,1,0,,0,face,0.027900008717551827,1,,
1787921872.6303651,867,0.12275886535644531,8.14605118006246,0.9961128234863281,44.12199999205768,7.946199999423698,1,5.4253000125754625,1,9.114199987379834,1,0,21.61339999292977,1,face,0.019500002963468432,1,,
1787921872.6573992,868,0.02703404426574707,36.99039589378158,23.93651008605957,16.134400008013472,2.0297000010032207,1,,0,14.058200002182275,1,0,,0,face,0.02950002090074122,1,,
1787921872.7144513,869,0.0570521354675293,17.527827693130625,19.950151443481445,42.35589999007061,7.401899987598881,1,,0,7.966000004671514,1,0,26.957199996104464,1,face,0.020800012862309813,1,,
1787921872.7337341,870,0.019282817840576172,51.85964044610401,37.91046142578125,11.363400000846013,1.8915999971795827,1,,0,9.432399994693696,1,0,,0,face,0.028600014047697186,1,,
1787921872.8112588,871,0.07752466201782227,12.899121053505636,0.9970664978027344,61.48199999006465,7.276700023794547,1,5.75170002412051,1,9.591599984560162,1,0,38.84139997535385,1,face,0.01789999078027904,1,,
1787921872.8312058,873,0.019947052001953125,50.132721361637024,3.9894580841064453,10.555099986959249,1.7632000090088695,1,,0,8.741800003917888,1,0,,0,face,0.021799991372972727,1,,
1787921872.895303,874,0.06409716606140137,15.60131377792987,0.9973049163818359,43.55189998750575,8.066800015512854,1,,0,10.06739999866113,1,0,25.379099999554455,1,face,0.02789997961372137,1,,
1787921872.933639,875,0.03833603858947754,26.085115645581585,2.5551319122314453,10.473100002855062,1.6763000166974962,1,,0,8.759499993175268,1,0,,0,face,0.02509998739697039,1,,
1787921872.9973242,876,0.06368517875671387,15.702240607977837,1.7137527465820312,42.915600002743304,7.478900020942092,1,5.1509999902918935,1,9.355800022603944,1,0,20.907700003590435,1,face,0.01939997309818864,1,,
1787921873.0167806,877,0.01945638656616211,51.39700512217239,19.94633674621582,9.83049999922514,1.352099992800504,1,,0,8.445999992545694,1,0,,0,face,0.021000014385208488,1,,
1787921873.0657651,878,0.048984527587890625,20.41460945409236,7.978677749633789,38.263299997197464,7.580799981951714,1,,0,9.140899986959994,1,0,21.510399994440377,1,face,0.020500010577961802,1,,
1787921873.1004515,879,0.03468632698059082,28.829803759837784,0.9975433349609375,10.79790000221692,1.4463000115938485,1,,0,9.313199989264831,1,0,,0,face,0.02300000051036477,1,,
1787921873.1721478,880,0.07169628143310547,13.947724763564294,0.9975433349609375,50.65910000121221,8.197499992093071,1,6.503900018287823,1,10.601099987979978,1,0,25.321499997517094,1,face,0.032100011594593525,1,,
1787921873.1920588,881,0.01991105079650879,50.22336642199418,30.426502227783203,9.755400009453297,1.5170000260695815,1,,0,8.206200000131503,1,0,,0,face,0.01999997766688466,1,,
1787921873.2399542,882,0.04789543151855469,20.87881804786747,15.465021133422852,37.49030001927167,7.879999990109354,1,,0,8.902500005206093,1,0,20.676100015407428,1,face,0.020899984519928694,1,,
1787921873.264478,883,0.02452373504638672,40.7768228660315,2.9904842376708984,9.012000024085864,1.40310000278987,1,,0,7.573700015200302,1,0,,0,face,0.02099998528137803,1,,
1787921873.3382313,884,0.07375335693359375,13.558704872245785,1.995086669921875,50.53179999231361,7.4865999922621995,1,6.7399999825283885,1,12.245000019902363,1,0,24.03470000717789,1,face,0.022899999748915434,1,,
1787921873.3596835,885,0.02145218849182129,46.61529057425786,28.197526931762695,11.029599991161376,1.5315999917220324,1,,0,9.463800000958145,1,0,,0,face,0.020700012100860476,1,,
1787921873.4070795,886,0.047395944595336914,21.098851569220244,15.958786010742188,38.746300007915124,7.582499994896352,1,,0,8.849400008330122,1,0,22.278299991739914,1,face,0.02479998511262238,1,,
1787921873.43473,887,0.02765059471130371,36.165587411079976,1.993417739868164,10.585600015474483,1.3626999862026423,1,,0,9.18880000244826,1,0,,0,face,0.021000014385208488,1,,
1787921873.5089588,888,0.07422876358032227,13.47186658872351,0.9977817535400391,54.1322999924887,9.873800008790568,1,6.756400020094588,1,9.739499975694343,1,0,27.73979998892173,1,face,0.020000006770715117,1,,
1787921873.527597,890,0.018638134002685547,53.65343976258091,24.121999740600586,9.53549999394454,1.5756000066176057,1,,0,7.92659999569878,1,0,,0,face,0.02099998528137803,1,,
1787921873.619182,891,0.09158515930175781,10.918799591811233,1.9941329956054688,31.45450001466088,0.006399990525096655,1,,0,9.208900009980425,1,0,22.208700014743954,1,face,0.01920000067912042,1,,
1787921873.6381328,892,0.018950700759887695,52.7684972007297,11.968851089477539,9.714100015116856,0.008100003469735384,1,,0,9.667700011050329,1,0,,0,face,0.02519998815841973,1,,
1787921873.6969423,893,0.058809518814086914,17.00405002736505,1.9979476928710938,43.750899989390746,7.760100008454174,1,6.2935999885667115,1,9.216700011165813,1,0,20.45660000294447,1,face,0.021299987565726042,1,,
1787921873.7168896,894,0.019947290420532227,50.132122153827765,21.941184997558594,10.042100009741262,0.007399998139590025,1,,0,9.997699991799891,1,0,,0,face,0.023800006601959467,1,,
1787921873.7889378,895,0.07204818725585938,13.87959972467835,2.9921531677246094,35.436299978755414,0.006499991286545992,1,,0,9.028700005728751,1,0,26.371599989943206,1,face,0.018999999156221747,1,,
1787921873.813386,896,0.024448156356811523,40.90287976751217,17.951488494873047,11.310000001685694,0.00680002267472446,1,,0,11.27339998492971,1,0,,0,face,0.018799997633323073,1,,
1787921873.866247,897,0.05286097526550293,18.917547301716166,5.985021591186523,41.9947000045795,0.007800001185387373,1,6.006300012813881,1,9.535099990898743,1,0,26.41990000847727,1,face,0.022899999748915434,1,,
1787921873.8865228,898,0.02027583122253418,49.31980292322707,25.005340576171875,9.230700001353398,0.006100017344579101,1,,0,9.192700003040954,1,0,,0,face,0.020199979189783335,1,,
1787921873.955825,899,0.06930232048034668,14.429531263438548,1.9948482513427734,34.05339998425916,0.006100017344579101,1,,0,9.462499991059303,1,0,24.557900003856048,1,face,0.01819999306462705,1,,
1787921873.973739,900,0.017913818359375,55.82282793867121,14.960050582885742,8.96519998786971,0.005799985956400633,1,,0,8.930599986342713,1,0,,0,face,0.019700004486367106,1,,
1787921874.0221262,901,0.04838728904724121,20.666584545037963,1.9962787628173828,34.63000000920147,0.006399990525096655,1,6.063599983463064,1,8.068399998592213,1,0,20.47310001216829,1,face,0.0171000137925148,1,,
1787921874.0384758,902,0.01634955406188965,61.16374772147284,11.87586784362793,7.673399988561869,0.005700014298781753,1,,0,7.639699993887916,1,0,,0,face,0.01789999078027904,1,,
1787921874.123542,903,0.08506631851196289,11.755534005616687,0.99945068359375,36.011099989991635,0.006200018106028438,1,,0,11.50009999400936,1,0,24.47619999293238,1,face,0.018999999156221747,1,,
1787921874.1417534,904,0.01821136474609375,54.91076665270214,14.223575592041016,8.733299997402355,0.006799993570894003,1,,0,8.696800010511652,1,0,,0,face,0.019500002963468432,1,,
1787921874.1871634,905,0.0454099178314209,22.02162099725406,0.9977817535400391,34.637800010386854,0.006599992047995329,1,5.317900009686127,1,8.662299980642274,1,0,20.63000001362525,1,face,0.01930000144056976,1,,
1787921874.2058487,906,0.018685340881347656,53.517889042004796,12.726545333862305,9.087799990084022,0.005799985956400633,1,,0,9.054399997694418,1,0,,0,face,0.018399994587525725,1,,
1787921874.2841432,907,0.07829451560974121,12.772286694824158,0.9982585906982422,31.45429998403415,0.006599992047995329,1,,0,8.581100002629682,1,0,22.838600008981302,1,face,0.019099999917671084,1,,
1787921874.3041975,908,0.020054340362548828,49.86451720284376,10.080575942993164,9.812300006160513,0.006999995093792677,1,,0,9.773800004040822,1,0,,0,face,0.020000006770715117,1,,
1787921874.3580375,909,0.053839921951293945,18.573578188033885,1.993417739868164,37.42260002763942,0.00580001506023109,1,6.578200001968071,1,9.385399986058474,1,0,21.433600020827726,1,face,0.018099992303177714,1,,
1787921874.3739946,910,0.015957117080688477,62.66796157121726,13.4735107421875,7.93839999823831,0.006099988240748644,1,,0,7.907100021839142,1,0,,0,face,0.017499987734481692,1,,
1787921874.4548328,911,0.08083820343017578,12.370388721760161,0.9944438934326172,31.553199980407953,0.006499991286545992,1,,0,9.599800017895177,1,0,21.921299980022013,1,face,0.016400008462369442,1,,
1787921874.4722927,912,0.017459869384765625,57.27419707231811,11.475563049316406,9.118399990256876,0.006400019628927112,1,,0,9.061799995834008,1,0,,0,hover,0.03789999755099416,1,,
1787921874.5281894,913,0.055896759033203125,17.89012488910121,2.991914749145508,37.696999992476776,0.006300018867477775,1,6.30720000481233,1,8.443400001851842,1,0,22.91619998868555,1,hover,0.022199994418770075,1,,
1787921874.5468543,914,0.018664836883544922,53.576680377078915,43.59626770019531,8.7682000012137,0.006200018106028438,1,,0,8.728599990718067,1,0,,0,hover,0.02269999822601676,1,,
1787921874.6253314,915,0.07847714424133301,12.742563579082322,2.9921531677246094,36.5522000065539,0.006699992809444666,1,,0,8.854499988956377,1,0,27.654899982735515,1,hover,0.024600012693554163,1,,
1787921874.6438434,916,0.01851201057434082,54.01898383669264,17.347335815429688,9.041799989063293,0.006200018106028438,1,,0,9.002500009955838,1,0,,0,hover,0.021799991372972727,1,,
1787921874.6907198,917,0.04687643051147461,21.332682311534274,0.0,37.205300002824515,0.006399990525096655,1,5.974100000457838,1,9.34009999036789,1,0,21.860700013348833,1,hover,0.022199994418770075,1,,
1787921874.7101781,918,0.019458293914794922,51.39196706447423,13.962745666503906,9.061699995072559,0.007200025720521808,1,,0,9.018800017656758,1,0,,0,hover,0.023999979021027684,1,,
1787921874.7541225,919,0.043944358825683594,22.756049393433017,1.995086669921875,32.391500019002706,0.007199996616691351,1,,0,8.586300013121217,1,0,23.763800010783598,1,hover,0.023200002033263445,1,,
1787921874.7980065,920,0.0438840389251709,22.787328251739893,2.9931068420410156,8.690299990121275,0.008500006515532732,1,,0,8.636100013973191,1,0,,0,hover,0.03060000017285347,1,,
1787921874.8594096,921,0.06140303611755371,16.285839646195004,1.9898414611816406,36.267500021494925,0.006999995093792677,1,5.894700007047504,1,9.876800002530217,1,0,20.46400000108406,1,hover,0.023300002794712782,1,,
1787921874.8775442,922,0.018134593963623047,55.14322526360075,16.954898834228516,8.44800000777468,0.006099988240748644,1,,0,8.409200003370643,1,0,,0,hover,0.022199994418770075,1,,
1787921874.9190288,923,0.04148459434509277,24.1053339387008,0.9963512420654297,31.387499999254942,0.005900015821680427,1,,0,7.27169998572208,1,0,24.08179998747073,1,hover,0.019099999917671084,1,,
1787921874.9654152,924,0.0463864803314209,21.558005540735714,1.9946098327636719,8.487899991450831,0.006200018106028438,1,,0,8.445899991784245,1,0,,0,hover,0.022599997464567423,1,,
1787921875.0276055,925,0.06219029426574707,16.079679503153212,1.992940902709961,39.33560001314618,0.00689999433234334,1,6.667900015600026,1,9.942499978933483,1,0,22.69230000092648,1,hover,0.024100008886307478,1,,
1787921875.0475514,926,0.019945859909057617,50.1357176155584,18.946170806884766,9.914399997796863,0.007700000423938036,1,,0,9.868399996776134,1,0,,0,hover,0.0261999957729131,1,,
1787921875.0888906,927,0.04133915901184082,24.190138936149353,5.984306335449219,30.361900018760934,0.006799993570894003,1,,0,8.763299993006513,1,0,21.558500011451542,1,hover,0.022599997464567423,1,,
1787921875.1330838,928,0.044193267822265625,22.627880880448856,1.9876956939697266,9.340499993413687,0.006700021913275123,1,,0,9.296400006860495,1,0,,0,hover,0.024299981305375695,1,,
1787921875.1960652,929,0.06298136711120605,15.877711867294057,2.9914379119873047,39.44149997550994,0.006199989002197981,1,6.076799996662885,1,8.776200003921986,1,0,24.558699980843812,1,hover,0.02190002123825252,1,,
1787921875.2135258,930,0.01746058464050293,57.271850890967436,19.603967666625977,8.108100009849295,0.005999987479299307,1,,0,8.0702000122983,1,0,,0,hover,0.022299995180219412,1,,
1787921875.2614987,931,0.047972917556762695,20.8450945018463,7.568597793579102,36.8134000163991,7.297700009075925,1,,0,6.83910000952892,1,0,22.630699997534975,1,face,0.0357000099029392,1,,
1787921875.3035023,932,0.042003631591796875,23.807465262010716,1.9977092742919922,14.131000003544614,2.1511999948415905,1,,0,11.839000013424084,1,0,,0,face,0.12569999671541154,1,,
1787921875.3708446,933,0.06734228134155273,14.849511778909132,1.9943714141845703,49.018200021237135,6.923699984326959,1,6.994800001848489,1,8.530499995686114,1,0,26.545300002908334,1,face,0.0213000166695565,1,,
1787921875.3931012,934,0.02225661277770996,44.93046673308267,29.253482818603516,12.195799994515255,2.1794000058434904,1,,0,9.876900003291667,1,0,,0,face,0.02030000905506313,1,,
1787921875.450588,935,0.057486772537231445,17.39530601326327,17.951250076293945,47.5072999834083,8.24649998685345,1,,0,9.536500001559034,1,0,29.690700001083314,1,face,0.02230002428404987,1,,
1787921875.469661,936,0.019073009490966797,52.43011075276882,8.975982666015625,9.266999986721203,1.3439000176731497,1,,0,7.872499991208315,1,0,,0,face,0.02579999272711575,1,,
1787921875.5309222,937,0.06126117706298828,16.323551847066334,1.9943714141845703,43.93830001936294,8.017399988602847,1,5.800899991299957,1,8.237200003350154,1,0,21.859100001165643,1,face,0.021000014385208488,1,,
1787921875.5498714,938,0.018949270248413086,52.77248078108683,46.30231857299805,9.87789998180233,1.4779999910388142,1,,0,8.36659999913536,1,0,,0,face,0.022899999748915434,1,,
1787921875.6020672,939,0.05219578742980957,19.158634235468767,6.980180740356445,39.944899996044114,8.64809998893179,1,,0,9.533100004773587,1,0,21.72630000859499,1,face,0.025200017262250185,1,,
1787921875.6302853,940,0.02821803092956543,35.43833382620084,0.9977817535400391,10.777600022265688,1.3453999999910593,1,,0,9.395300003234297,1,0,,0,face,0.022199994418770075,1,,
1787921875.7020023,941,0.0717170238494873,13.94369072116967,0.9975433349609375,50.66060001263395,9.58890002220869,1,6.168099993374199,1,9.46440000552684,1,0,25.409900001250207,1,face,0.02509998739697039,1,,
1787921875.7254488,942,0.02344655990600586,42.65017998413699,28.433561325073242,11.55809999909252,1.7282000044360757,1,,0,9.778199979336932,1,0,,0,face,0.02400000812485814,1,,
1787921875.784923,943,0.05947422981262207,16.814005043034157,19.583702087402344,48.63639999530278,9.2702999827452,1,,0,9.251900017261505,1,0,30.067100015003234,1,face,0.03440000000409782,1,,
1787921875.8053741,944,0.020451068878173828,48.897199748187184,11.968612670898438,10.001500020734966,1.4679000014439225,1,,0,8.497399976477027,1,0,,0,face,0.022299995180219412,1,,
1787921875.8667204,945,0.06134629249572754,16.30090359689862,1.993417739868164,49.28840001230128,8.180700009688735,1,7.325200014747679,1,9.664000011980534,1,0,24.090499995509163,1,face,0.024899985874071717,1,,
1787921875.886999,946,0.020278453826904297,49.313424412726036,25.264501571655273,10.91339997947216,1.513900002464652,1,,0,9.364400000777096,1,0,,0,face,0.02169999061152339,1,,
1787921875.937796,947,0.050797224044799805,19.686115113653965,13.962984085083008,40.52929999306798,7.9923000012058765,1,,0,9.225299989338964,1,0,23.275599989574403,1,face,0.025100016500800848,1,,
1787921875.964099,948,0.026302814483642578,38.018745127898335,2.992391586303711,10.555500019108877,1.4905999996699393,1,,0,9.019699995405972,1,0,,0,face,0.02160001895390451,1,,
1787921876.0388508,949,0.0747518539428711,13.377594631488972,2.990245819091797,49.794299993664026,7.151900004828349,1,6.372499978169799,1,8.03480000467971,1,0,28.2125000085216,1,face,0.020100007532164454,1,,
1787921876.0578003,950,0.018949508666992188,52.771816809260194,29.85978126525879,9.41709999460727,1.4817999908700585,1,,0,7.905100006610155,1,0,,0,face,0.019400002202019095,1,,
1787921876.0970361,951,0.039235830307006836,25.48690806783863,13.305425643920898,30.3935999982059,1.4529000036418438,1,,0,7.508499984396622,1,0,21.401200006948784,1,face,0.020800012862309813,1,,
1787921876.1429796,952,0.045943498611450195,21.765865252385822,2.992868423461914,17.267600022023544,7.218599988846108,1,,0,10.013699997216463,1,0,,0,face,0.02120001590810716,1,,
1787921876.195717,953,0.05273747444152832,18.961848487999386,2.9914379119873047,38.73209998710081,1.7979999829549342,1,6.171500019263476,1,9.506799979135394,1,0,21.230699989246204,1,face,0.022000021999701858,1,,
1787921876.2240105,954,0.028293371200561523,35.3439677764576,16.4644718170166,17.542600020533428,8.367799979168922,1,,0,9.140799986198545,1,0,,0,face,0.021700019715353847,1,,
1787921876.2617507,955,0.037740230560302734,26.496923446245592,11.967658996582031,28.44560000812635,1.59119997988455,1,,0,7.847200002288446,1,0,18.972999998368323,1,face,0.0247000134550035,1,,
1787921876.3058743,956,0.04412364959716797,22.663583115395422,0.9982585906982422,16.63850000477396,8.43170000007376,1,,0,8.173300011549145,1,0,,0,face,0.020100007532164454,1,,
1787921876.3643315,957,0.058457136154174805,17.106551326130667,0.9970664978027344,44.23199998564087,1.504300016677007,1,7.193099998403341,1,9.133899991866201,1,0,26.376299996627495,1,face,0.021799991372972727,1,,
1787921876.3917663,958,0.027434825897216797,36.45002172590597,21.451234817504883,18.327800004044548,9.253900003386661,1,,0,9.025800012750551,1,0,,0,face,0.03489997470751405,1,,
1787921876.4418974,959,0.05013108253479004,19.947704087698856,20.125150680541992,35.54520002217032,1.6525999817531556,1,,0,8.736400021007285,1,0,25.128800014499575,1,face,0.015400000847876072,1,,
1787921876.4744658,960,0.03256845474243164,30.70455776635774,2.0952224731445312,18.050999991828576,8.093400014331564,1,,0,9.893799986457452,1,0,,0,face,0.04889999399892986,1,,
1787921876.5698545,961,0.09538865089416504,10.48342743739518,1.989126205444336,81.69880000059493,7.118800014723092,1,5.374500004108995,1,9.209100011503324,1,0,59.97279999428429,1,face,0.021099986042827368,1,,
1787921876.590767,963,0.02091240882873535,47.81849896822592,25.438308715820312,11.125000019092113,1.7285000067204237,1,,0,9.357000002637506,1,0,,0,face,0.028300011763349175,1,,
1787921876.6633418,964,0.07257485389709473,13.7788772047398,1.9958019256591797,38.60490000806749,7.4557000189088285,1,,0,8.712499984540045,1,0,22.40330001222901,1,face,0.022099993657320738,1,,
1787921876.6841161,965,0.020774364471435547,48.13624991392568,18.93019676208496,9.794399986276403,1.323700009379536,1,,0,8.428999979514629,1,0,,0,face,0.030800001695752144,1,,
1787921876.7449028,966,0.06078672409057617,16.45096055036516,5.985260009765625,51.05650000041351,7.509199989726767,1,7.95180001296103,1,8.314499980770051,1,0,27.257499983534217,1,face,0.020500010577961802,1,,
1787921876.767152,967,0.022249221801757812,44.94539219888556,31.662702560424805,12.498199997935444,2.085100015392527,1,,0,10.370799980591983,1,0,,0,face,0.026399997295811772,1,,
1787921876.8252397,968,0.05808758735656738,17.2153819001219,0.9884834289550781,35.516300005838275,0.00680002267472446,1,,0,9.608399996068329,1,0,25.8734000090044,1,face,0.018099992303177714,1,,
1787921876.8464186,969,0.0211789608001709,47.216669856243875,15.228509902954102,10.293200000887737,0.007299997378140688,1,,0,10.2513000019826,1,0,,0,face,0.022799998987466097,1,,
1787921876.9052613,970,0.05884265899658203,16.99447334727152,5.984306335449219,45.58589999214746,7.452799996826798,1,5.92650001635775,1,9.630699991248548,1,0,22.549599991180003,1,face,0.02269999822601676,1,,
1787921876.9257882,971,0.020526885986328125,48.71659542835904,26.92699432373047,10.173499991651624,1.8238000047858804,1,,0,8.312699996167794,1,0,,0,face,0.024599983589723706,1,,
1787921876.994144,972,0.06835579872131348,14.629336774733611,1.995086669921875,37.32480001053773,7.8193000226747245,1,,0,8.855899999616668,1,0,20.614000008208677,1,face,0.02509998739697039,1,,
1787921877.0125284,973,0.018384456634521484,54.39377512644275,18.216371536254883,9.372899978188798,1.3772000093013048,1,,0,7.960099988849834,1,0,,0,face,0.0219999928958714,1,,
1787921877.0697305,974,0.05720210075378418,17.481875435035406,4.986047744750977,44.78919997927733,7.475699996575713,1,7.460099994204938,1,8.569800003897399,1,0,21.260299981804565,1,face,0.02060001133941114,1,,
1787921877.0882928,975,0.01856231689453125,53.87258528565557,25.284767150878906,9.972100000595674,1.3980000221636146,1,,0,8.542499999748543,1,0,,0,face,0.021599989850074053,1,,
1787921877.1592746,976,0.07098174095153809,14.088130082393128,1.9958019256591797,34.37599999597296,0.006000016583129764,1,,0,8.940600004279986,1,0,25.39910000632517,1,face,0.01920000067912042,1,,
1787921877.176638,977,0.017363309860229492,57.5927060018949,16.855239868164062,8.34880000911653,0.00689999433234334,1,,0,8.310999983223155,1,0,,0,face,0.01990000600926578,1,,
1787921877.233127,978,0.05648922920227051,17.702489733384542,1.9953250885009766,45.40689999703318,7.190000003902242,1,6.318100000498816,1,9.075199981452897,1,0,22.8021000220906,1,face,0.01889999839477241,1,,
1787921877.254396,979,0.021268844604492188,47.01712850865393,24.274587631225586,10.77730001998134,1.657599990721792,1,,0,9.083500015549362,1,0,,0,face,0.024899985874071717,1,,
1787921877.3294315,980,0.07503557205200195,13.32701241095316,1.9955635070800781,39.30800000671297,7.9160000022966415,1,,0,10.089099989272654,1,0,21.266000025207177,1,face,0.02609999501146376,1,,
1787921877.3498847,981,0.020453214645385742,48.89206989403989,18.949270248413086,10.598700027912855,1.9925000087823719,1,,0,8.564000017940998,1,0,,0,face,0.030199997127056122,1,,
1787921877.405542,982,0.055657148361206055,17.967144013742114,7.487058639526367,44.02900001150556,7.598700001835823,1,6.418999982997775,1,9.150099998805672,1,0,20.831700006965548,1,face,0.025900022592395544,1,,
1787921877.4289868,983,0.02344489097595215,42.653216047185644,27.437448501586914,10.679799976060167,1.5745999990031123,1,,0,9.069499996257946,1,0,,0,face,0.023100001271814108,1,,
1787921877.4947925,984,0.06580567359924316,15.196258093033197,2.9888153076171875,36.606599984224886,8.733599999686703,1,,0,8.00519998301752,1,0,19.826299976557493,1,face,0.030399998649954796,1,,
1787921877.5151427,986,0.020350217819213867,49.13952316794564,10.971307754516602,9.585499996319413,1.7117000243160874,1,,0,7.840400008717552,1,0,,0,face,0.02069998299703002,1,,
1787921877.6063502,987,0.09120750427246094,10.964010121499822,2.9916763305664062,47.03929999959655,7.650500017916784,1,5.472299992106855,1,8.869399985997006,1,0,25.017200008733198,1,face,0.02720000338740647,1,,
1787921877.6367767,988,0.030426502227783203,32.866084721591,1.9938945770263672,11.977200018009171,1.5562000044155866,1,,0,10.379599989391863,1,0,,0,face,0.025500019546598196,1,,
1787921877.7020874,989,0.06531071662902832,15.311422866175306,2.9916763305664062,44.14149999502115,7.856100011849776,1,,0,9.848699992289767,1,0,26.4008000085596,1,face,0.022499996703118086,1,,
1787921877.7230318,990,0.02094435691833496,47.74555761722085,25.93088150024414,11.071800021454692,1.7880000232253224,1,,0,9.248999995179474,1,0,,0,face,0.02300000051036477,1,,
1787921877.7843912,991,0.061359405517578125,16.297419956481193,15.957832336425781,49.62579999119043,8.428000001003966,1,7.562300015706569,1,8.6748999892734,1,0,24.934899993240833,1,face,0.022299995180219412,1,,
1787921877.8053358,992,0.020944595336914062,47.74501411529005,8.975505828857422,9.348199993837625,1.3521999935619533,1,,0,7.964100019307807,1,0,,0,face,0.02039998071268201,1,,
1787921877.8624694,993,0.05713367462158203,17.502812599108648,0.9992122650146484,41.38519999105483,7.335600006626919,1,,0,9.317499992903322,1,0,24.69219997874461,1,face,0.027000001864507794,1,,
1787921877.8824165,994,0.019947052001953125,50.132721361637024,20.94411849975586,9.483499976340681,1.437600003555417,1,,0,8.010699995793402,1,0,,0,face,0.02300000051036477,1,,
1787921877.9439952,995,0.06157875061035156,16.239368127613442,8.157730102539062,49.99400000087917,8.258899993961677,1,7.8407000110019,1,9.233899996615946,1,0,24.633599998196587,1,face,0.023900007363408804,1,,
1787921877.968374,996,0.02437877655029297,41.019285686343544,4.988431930541992,11.71939997584559,1.7500999965704978,1,,0,9.921600023517385,1,0,,0,face,0.0329999893438071,1,,
1787921878.02424,997,0.05586600303649902,17.89997396711321,0.9965896606445312,38.08500000741333,8.815900015179068,1,,0,8.42889997875318,1,0,20.807200024137273,1,face,0.02269999822601676,1,,
1787921878.0501258,998,0.025885820388793945,38.6311882328019,19.943714141845703,12.15520000550896,2.1056999976281077,1,,0,10.009000019636005,1,0,,0,face,0.027700007194653153,1,,
1787921878.1140194,999,0.06389355659484863,15.651030452742463,8.975028991699219,52.98259999835864,8.569799974793568,1,6.338999985018745,1,8.165300008840859,1,0,29.88529999856837,1,face,0.021000014385208488,1,,
1787921878.1337516,1000,0.019732236862182617,50.67849159648635,6.766557693481445,9.523200016701594,0.006299989763647318,1,,0,9.485699993092567,1,0,,0,face,0.01960000372491777,1,,
1787921878.187715,1001,0.053963422775268555,18.531070650661178,2.9909610748291016,35.677799984114245,0.007099995855242014,1,,0,9.282700018957257,1,0,26.355599984526634,1,face,0.02269999822601676,1,,
1787921878.206664,1002,0.018949031829833984,52.77314476962178,12.964963912963867,8.42450000345707,0.006599992047995329,1,,0,8.384199987631291,1,0,,0,face,0.021400017431005836,1,,
1787921878.2677739,1003,0.06110978126525879,16.363992462340967,0.9965896606445312,46.34030000306666,7.834499992895871,1,6.007099989801645,1,8.122900006128475,1,0,24.35140000307001,1,face,0.021499989088624716,1,,
1787921878.2952087,1004,0.027434825897216797,36.45002172590597,1.9955635070800781,8.367000002181157,0.006499991286545992,1,,0,8.32819999777712,1,0,,0,face,0.019700004486367106,1,,
1787921878.3513854,1005,0.05617666244506836,17.80098632555534,1.9948482513427734,32.720599992899224,0.007399998139590025,1,,0,8.521100011421368,1,0,24.16030000313185,1,face,0.02239999594166875,1,,
1787921878.3706694,1006,0.01928400993347168,51.85643460306863,9.310483932495117,9.035600000061095,0.006400019628927112,1,,0,8.997500000987202,1,0,,0,face,0.02099998528137803,1,,
1787921878.4376686,1007,0.06699919700622559,14.925552016796257,1.9953250885009766,47.89990000426769,6.910800002515316,1,6.225600023753941,1,9.069399995496497,1,0,25.66590000060387,1,face,0.02509998739697039,1,,
1787921878.464722,1008,0.027053356170654297,36.963990482065746,0.9987354278564453,10.64970000879839,1.3601000246126205,1,,0,9.252399991964921,1,0,,0,face,0.023100001271814108,1,,
1787921878.5274317,1009,0.06270980834960938,15.94646876330677,1.9946098327636719,39.6552000020165,7.723699993221089,1,,0,8.863600000040606,1,0,23.03150002262555,1,face,0.025200017262250185,1,,
1787921878.547378,1010,0.01994633674621582,50.134519071012775,43.88141632080078,9.445100004086271,1.3660000113304704,1,,0,8.043199981329963,1,0,,0,face,0.02300000051036477,1,,
1787921878.6050978,1011,0.05771970748901367,17.32510512445579,5.985260009765625,45.79789997660555,8.204399986425415,1,6.386799999745563,1,7.17840000288561,1,0,23.99429999059066,1,face,0.030700000934302807,1,,
1787921878.6330833,1012,0.027985572814941406,35.73269722269552,0.9970664978027344,10.814799985382706,1.5824000001884997,1,,0,9.182499983580783,1,0,,0,face,0.035200006095692515,1,,
1787921878.698892,1013,0.06580877304077148,15.195542384302701,1.9941329956054688,42.96399999293499,7.041400007437915,1,,0,9.051600005477667,1,0,26.83749998686835,1,face,0.0219999928958714,1,,
1787921878.719393,1014,0.020500898361206055,48.778350215730285,21.493911743164062,10.812199994688854,1.779900019755587,1,,0,8.995300013339147,1,0,,0,face,0.024699984351173043,1,,
1787921878.7748697,1015,0.05547666549682617,18.025596726919538,9.972810745239258,45.472500001778826,7.976100023370236,1,6.867600022815168,1,8.55629998841323,1,0,22.04789998359047,1,face,0.021899992134422064,1,,
1787921878.7974987,1016,0.0226290225982666,44.19103810858365,3.023386001586914,9.711099992273375,1.4678000006824732,1,,0,8.202500001061708,1,0,,0,face,0.02649999805726111,1,,
1787921878.85781,1017,0.060311317443847656,16.580635979823217,0.9982585906982422,38.90220000175759,7.4656000069808215,1,,0,8.82590000401251,1,0,22.574000002350658,1,face,0.024500011932104826,1,,
1787921878.879751,1018,0.021940946578979492,45.57688504460648,15.512943267822266,10.720599995693192,1.514800009317696,1,,0,9.166500007268041,1,0,,0,face,0.024999986635521054,1,,
1787921878.9356635,1019,0.05591249465942383,17.885090015947874,6.04557991027832,44.822400028351694,7.1810999943409115,1,5.2930999954696745,1,8.763199992245063,1,0,23.561600013636053,1,face,0.02090001362375915,1,,
1787921878.965159,1020,0.0294954776763916,33.90350246134198,2.9909610748291016,10.29119998565875,0.007700000423938036,1,,0,10.246199992252514,1,0,,0,face,0.02230002428404987,1,,
1787921879.018936,1021,0.05377697944641113,18.595317369888765,0.9968280792236328,34.480600006645545,0.009499985026195645,1,,0,10.139799996977672,1,0,24.291799985803664,1,face,0.02720000338740647,1,,
1787921879.0457873,1022,0.026851415634155273,37.24198431936638,12.384414672851562,11.4365000044927,0.006999995093792677,1,,0,11.397599999327213,1,0,,0,face,0.019500002963468432,1,,
1787921879.1061156,1023,0.06032824516296387,16.575983559586618,6.982088088989258,48.317500011762604,7.6111000089440495,1,6.552599981660023,1,7.975800021085888,1,0,26.153600018005818,1,face,0.021799991372972727,1,,
1787921879.1304123,1024,0.02429676055908203,41.15775012756604,0.0,12.247299979208037,1.9840000022668391,1,,0,10.22900000680238,1,0,,0,face,0.020799983758479357,1,,
1787921879.1923647,1025,0.06195235252380371,16.14143707643344,0.9970664978027344,42.352299991762266,8.261100010713562,1,,0,8.832699997583404,1,0,25.22599999792874,1,face,0.021599989850074053,1,,
1787921879.2134573,1026,0.021092653274536133,47.409872384677115,22.451162338256836,9.500300016952679,1.3166999851819128,1,,0,8.148099994286895,1,0,,0,face,0.023500004317611456,1,,
1787921879.2696478,1027,0.05619049072265625,17.796605566870333,6.493091583251953,45.46880000270903,8.147899992763996,1,5.739399988669902,1,9.42459999350831,1,0,22.13100000517443,1,face,0.023100001271814108,1,,
1787921879.2955785,1028,0.02593064308166504,38.564411875580404,0.9982585906982422,10.90170000679791,1.6315999964717776,1,,0,9.230700001353398,1,0,,0,face,0.024500011932104826,1,,
1787921879.3651905,1029,0.06961202621459961,14.3653338995938,2.991914749145508,43.94250002223998,13.198999979067594,1,,0,8.199699979741126,1,0,22.515200020279735,1,face,0.018200022168457508,1,,
1787921879.3870869,1030,0.0218963623046875,45.669686411149826,24.891138076782227,11.319000012008473,1.4094999933149666,1,,0,9.874100011074916,1,0,,0,face,0.020299979951232672,1,,
1787921879.4434528,1031,0.056365966796875,17.74120194910666,13.47804069519043,45.124500000383705,7.4619000079110265,1,5.857999989530072,1,7.595300005050376,1,0,24.185100017348304,1,face,0.021599989850074053,1,,
1787921879.4638195,1032,0.020366668701171875,49.09983142910657,4.233360290527344,9.21399999060668,1.2820000119972974,1,,0,7.899500022176653,1,0,,0,face,0.02139998832717538,1,,
1787921879.526614,1033,0.06279444694519043,15.924975035974773,0.9965896606445312,43.793899996671826,8.107600006042048,1,,0,9.027199994307011,1,0,26.624999998603016,1,face,0.023100001271814108,1,,
1787921879.5491781,1034,0.022564172744750977,44.318043976712,43.73574256896973,11.853000003611669,1.683499984210357,1,,0,10.127599991392344,1,0,,0,face,0.02980002318508923,1,,
1787921879.6105614,1035,0.06138324737548828,16.29108987803931,9.97471809387207,48.11040000640787,7.056200003717095,1,6.03610000689514,1,8.802700001979247,1,0,26.184999995166436,1,face,0.027700007194653153,1,,
1787921879.6303704,1036,0.01980900764465332,50.48208461214419,0.9973049163818359,10.046900017187,1.4313000137917697,1,,0,8.577999979024753,1,0,,0,face,0.023500004317611456,1,,
1787921879.693056,1037,0.06268572807312012,15.952594485838059,0.9975433349609375,43.49349997937679,7.625899976119399,1,,0,9.967799996957183,1,0,25.866699987091124,1,face,0.021500018192455173,1,,
1787921879.712681,1038,0.019624948501586914,50.95554772636157,22.49002456665039,8.156900003086776,1.219500001752749,1,,0,6.90569999278523,1,0,,0,face,0.021500018192455173,1,,
1787921879.7684498,1039,0.055768728256225586,17.93119605319972,5.984306335449219,45.15749998972751,7.318199990550056,1,6.081700004870072,1,7.756100007100031,1,0,23.978699988219887,1,face,0.020000006770715117,1,,
1787921879.7956142,1040,0.027164459228515625,36.81280719000141,1.995086669921875,10.156499978620559,1.4626999909523875,1,,0,8.655699988594279,1,0,,0,face,0.023600005079060793,1,,
1787921879.8603408,1041,0.06472659111022949,15.449600895820364,1.9938945770263672,39.478300022892654,7.915900001535192,1,,0,9.72830000682734,1,0,21.802300005219877,1,face,0.021199986804276705,1,,
1787921879.8802874,1042,0.019946575164794922,50.13391982022902,20.127534866333008,9.414800006197765,1.432000019121915,1,,0,7.950100000016391,1,0,,0,face,0.021099986042827368,1,,
1787921879.934405,1043,0.054117679595947266,18.478249759897086,6.244897842407227,43.31639999873005,8.012700011022389,1,5.710199999157339,1,7.806300010997802,1,0,21.7619999893941,1,face,0.021499989088624716,1,,
1787921879.9623601,1044,0.027955055236816406,35.7717053866885,0.9980201721191406,10.451000009197742,1.2545999779831618,1,,0,9.162400005152449,1,0,,0,face,0.02060001133941114,1,,
1787921880.0390017,1045,0.07664155960083008,13.047751183669407,0.0,52.50099999830127,7.957399997394532,1,,0,9.855000011157244,1,0,34.64590001385659,1,face,0.03170000854879618,1,,
1787921880.0605145,1046,0.021512746810913086,46.48406866819607,30.425548553466797,10.111500014318153,1.5078000142239034,1,,0,8.566800010157749,1,0,,0,face,0.02099998528137803,1,,
1787921880.1169002,1047,0.05638575553894043,17.734975623575576,16.034841537475586,46.32689998834394,7.362000003922731,1,6.599600019399077,1,7.969800004502758,1,0,24.37109997845255,1,face,0.02169999061152339,1,,
1787921880.1378431,1048,0.02094292640686035,47.74881888867385,8.975505828857422,10.715599986724555,1.741899992339313,1,,0,8.935800025938079,1,0,,0,face,0.024899985874071717,1,,
1787921880.191686,1049,0.053842782974243164,18.572591251057197,1.9953250885009766,40.113499999279156,7.371399988187477,1,,0,9.341800003312528,1,0,23.366999987047166,1,face,0.021899992134422064,1,,
1787921880.2116327,1050,0.019946813583374023,50.133320583770605,18.457412719726562,10.014300001785159,1.4069000026211143,1,,0,8.57400000677444,1,0,,0,face,0.02269999822601676,1,,
1787921880.2694325,1051,0.0577998161315918,17.301093099038898,7.978677749633789,45.03520001890138,8.550200000172481,1,6.69979999656789,1,7.196499995188788,1,0,22.56490002037026,1,face,0.021099986042827368,1,,
1787921880.295365,1052,0.02593255043029785,38.56157544888709,0.9968280792236328,10.105199995450675,1.4051999896764755,1,,0,8.664599998155609,1,0,,0,face,0.021000014385208488,1,,
1787921880.3599668,1053,0.06460165977478027,15.479478445078406,2.9916763305664062,39.713700010906905,7.428500015521422,1,,0,8.97260001511313,1,0,23.280900000827387,1,face,0.021899992134422064,1,,
1787921880.3839018,1054,0.02393507957458496,41.77968144554791,20.943880081176758,11.441599985118955,1.7782000068109483,1,,0,9.620700002415106,1,0,,0,face,0.02609999501146376,1,,
1787921880.4371414,1055,0.05323958396911621,18.78301679780388,10.845184326171875,41.99460000381805,0.006500020390376449,1,6.116700009442866,1,8.303999988129362,1,0,27.547100005904213,1,face,0.01889999839477241,1,,
1787921880.461033,1056,0.023891687393188477,41.85556187567983,0.9977817535400391,8.733499998925254,0.006099988240748644,1,,0,8.68949998402968,1,0,,0,face,0.021400017431005836,1,,
1787921880.525399,1057,0.06436586380004883,15.536185502092826,2.674579620361328,36.57600001315586,0.00869997893460095,1,,0,10.561499977484345,1,0,25.9698000154458,1,face,0.026100024115294218,1,,
1787921880.54557,1058,0.020170927047729492,49.57630344077633,43.80059242248535,8.944900007918477,0.008599978173151612,1,,0,8.897399995476007,1,0,,0,face,0.025500019546598196,1,,
1787921880.6077332,1059,0.062163352966308594,16.08664835923477,5.316972732543945,51.16689999704249,8.986700006062165,1,6.523099989863113,1,9.61700000334531,1,0,26.009900000644848,1,face,0.026399997295811772,1,,
1787921880.6306732,1060,0.02293992042541504,43.5921302888263,2.991199493408203,11.573800002224743,1.9803000031970441,1,,0,9.551399998599663,1,0,,0,face,0.027300004148855805,1,,
1787921880.696666,1061,0.06599283218383789,15.15316083441115,0.9891986846923828,42.663400003220886,8.541300019714981,1,,0,8.792800013907254,1,0,25.29230000800453,1,face,0.02519998815841973,1,,
1787921880.7158668,1062,0.019200801849365234,52.08115826855738,23.217201232910156,11.194799997610971,1.6914000152610242,1,,0,9.46440000552684,1,0,,0,face,0.025299988919869065,1,,
1787921880.769814,1063,0.05394721031188965,18.536639693111358,8.341312408447266,43.35349999018945,7.093100022757426,1,6.017899984726682,1,8.559100009733811,1,0,21.659899997757748,1,face,0.020899984519928694,1,,
1787921880.7992432,1064,0.029429197311401367,33.97985984526269,1.9948482513427734,10.756099974969402,1.4330999983940274,1,,0,9.28080000448972,1,0,,0,face,0.022099993657320738,1,,
1787921880.8651388,1065,0.06589555740356445,15.175529874885125,1.9927024841308594,44.509600003948435,8.185699989553541,1,,0,8.722500002477318,1,0,27.568899997277185,1,face,0.021500018192455173,1,,
1787921880.8840883,1066,0.018949508666992188,52.771816809260194,25.931835174560547,10.252099978970364,1.836699986597523,1,,0,8.367200003704056,1,0,,0,face,0.0281000102404505,1,,
1787921880.940201,1067,0.05611276626586914,17.821256490223238,9.97304916381836,45.85980001138523,7.975299988174811,1,5.511900002602488,1,8.26450000749901,1,0,24.082699994323775,1,face,0.02239999594166875,1,,
1787921880.9601471,1068,0.01994609832763672,50.1351183361224,1.9941329956054688,8.60229998943396,1.4933000202290714,1,,0,7.072800013702363,1,0,,0,face,0.02139998832717538,1,,
1787921881.0265934,1069,0.06644630432128906,15.049745959755432,2.991199493408203,38.77849999116734,7.6360999955795705,1,,0,9.403300005942583,1,0,21.703000005800277,1,face,0.024100008886307478,1,,
1787921881.044546,1070,0.017952442169189453,55.702727828096364,15.956878662109375,8.668599999509752,0.005799985956400633,1,,0,8.63190001109615,1,0,,0,face,0.019500002963468432,1,,
1787921881.1030803,1071,0.05853438377380371,17.083975870734918,0.9965896606445312,49.07489998731762,7.196799997473136,1,6.71169999986887,1,9.241699997801334,1,0,25.897699990309775,1,face,0.024300010409206152,1,,
1787921881.131221,1072,0.028140783309936523,35.53561352526031,0.9970664978027344,11.190099990926683,1.512399991042912,1,,0,9.640200005378574,1,0,,0,face,0.023200002033263445,1,,
1787921881.1970003,1073,0.06577920913696289,15.202371891061189,0.9980201721191406,43.311200017342344,7.211500022094697,1,,0,12.141099985456094,1,0,23.827900004107505,1,face,0.019700004486367106,1,,
1787921881.2189415,1074,0.021941184997558594,45.576389794410396,22.45306968688965,10.907900024903938,1.6986000118777156,1,,0,9.17410000693053,1,0,,0,face,0.022199994418770075,1,,
1787921881.2737324,1075,0.05479097366333008,18.251181410730602,8.975028991699219,43.930400017416105,7.159899978432804,1,5.980100017040968,1,8.675899996887892,1,0,22.088199999416247,1,face,0.023800006601959467,1,,
1787921881.301658,1076,0.027925491333007812,35.809575848644215,2.9921531677246094,9.96530000702478,1.451799995265901,1,,0,8.475899987388402,1,0,,0,face,0.02239999594166875,1,,
1787921881.365226,1077,0.063568115234375,15.731156985117618,2.9921531677246094,42.561099980957806,8.536199980881065,1,,0,9.919500007526949,1,0,24.070499988738447,1,face,0.024100008886307478,1,,
1787921881.3861692,1078,0.020943164825439453,47.748275312492886,22.938251495361328,10.602900001686066,1.713800011202693,1,,0,8.853100007399917,1,0,,0,face,0.023499975213781,1,,
1787921881.4432864,1079,0.05711722373962402,17.507853752812366,9.482383728027344,47.06750001059845,7.409300014842302,1,6.158600008348003,1,8.239399990998209,1,0,25.235900015104562,1,face,0.02139998832717538,1,,
1787921881.4642313,1080,0.020944833755493164,47.74447062573279,2.991199493408203,10.085500020068139,1.41639998764731,1,,0,8.632900018710643,1,0,,0,face,0.02269999822601676,1,,
1787921881.52918,1081,0.06494879722595215,15.396743938476222,2.992391586303711,39.100199996028095,7.9457999963779,1,,0,7.802899985108525,1,0,23.309200012590736,1,face,0.03220001235604286,1,,
1787921881.5481298,1082,0.01894974708557129,52.77115285414124,45.3031063079834,10.850100021343678,1.5943000034894794,1,,0,9.215800004312769,1,0,,0,face,0.02479998511262238,1,,
1787921881.6066804,1083,0.05855059623718262,17.079245375215308,8.438825607299805,46.96839998359792,9.42300001042895,1,6.427000014809892,1,8.63619998563081,1,0,22.457599989138544,1,face,0.021199986804276705,1,,
1787921881.6316144,1084,0.024934053421020508,40.10579359539496,1.9943714141845703,10.677100013708696,1.2875999964307994,1,,0,9.352900000521913,1,0,,0,face,0.021099986042827368,1,,
1787921881.6939547,1085,0.06234025955200195,16.040998340179137,0.0,41.09569999855012,7.466799987014383,1,,0,9.416099986992776,1,0,24.175800004741177,1,face,0.02120001590810716,1,,
1787921881.7139022,1086,0.019947528839111328,50.131522960342316,19.947052001953125,9.902799996780232,1.2713999894913286,1,,0,8.598099986556917,1,0,,0,face,0.020800012862309813,1,,
1787921881.759718,1087,0.04581570625305176,21.826576119480656,4.98652458190918,36.90989999449812,0.00689999433234334,1,6.197599985171109,1,7.808800000930205,1,0,22.87600000272505,1,face,0.01930000144056976,1,,
1787921881.7968166,1088,0.03709864616394043,26.95516153287533,1.993417739868164,8.944300003349781,0.006399990525096655,1,,0,8.903599984478205,1,0,,0,face,0.01990000600926578,1,,
1787921881.8562768,1089,0.05946016311645508,16.817982790283647,0.9977817535400391,36.34630001033656,0.00689999433234334,1,,0,9.622499987017363,1,0,26.68640000047162,1,face,0.017300015315413475,1,,
1787921881.8756082,1090,0.01933145523071289,51.72916306948521,15.34128189086914,9.244600019883364,0.006299989763647318,1,,0,9.208400006173179,1,0,,0,face,0.019400002202019095,1,,
1787921881.930076,1091,0.05446767807006836,18.359512199392437,1.9943714141845703,42.92920001898892,0.006799993570894003,1,6.42570000491105,1,7.261599996127188,1,0,29.213400004664436,1,face,0.020000006770715117,1,,
1787921881.963286,1092,0.033210039138793945,30.11137673824241,2.9909610748291016,9.189600008539855,0.007000024197623134,1,,0,9.146900003543124,1,0,,0,face,0.021599989850074053,1,,
1787921882.0262613,1093,0.06297540664672852,15.879214652946565,1.9922256469726562,35.76320002321154,0.005700014298781753,1,,0,9.590000001480803,1,0,26.137800014112145,1,face,0.018099992303177714,1,,
1787921882.0430825,1094,0.01682114601135254,59.44898161665698,15.593528747558594,7.9146999923978,0.005599984433501959,1,,0,7.880200020736083,1,0,,0,face,0.019500002963468432,1,,
1787921882.0914423,1095,0.04835987091064453,20.678301682147154,1.9927024841308594,38.759600021876395,0.006099988240748644,1,6.365300010656938,1,8.103599975584075,1,0,24.26430000923574,1,face,0.018600025214254856,1,,
1787921882.1287048,1096,0.0372624397277832,26.83667541109476,2.9916763305664062,7.678199996007606,0.006300018867477775,1,,0,7.638100010808557,1,0,,0,face,0.01999997766688466,1,,
1787921882.1912212,1097,0.06251645088195801,15.995789682433747,2.0897388458251953,36.31229998427443,0.007800001185387373,1,,0,10.0187000061851,1,0,26.247299974784255,1,face,0.02649999805726111,1,,
1787921882.2126756,1098,0.021454334259033203,46.61062831996088,18.94974708557129,9.51190001796931,0.007199996616691351,1,,0,9.467800002312288,1,0,,0,face,0.022899999748915434,1,,
1787921882.2635622,1099,0.05088663101196289,19.651526935727205,5.991458892822266,39.544900006148964,0.006999995093792677,1,6.325900001684204,1,10.224099998595193,1,0,22.966100019402802,1,face,0.01990000600926578,1,,
1787921882.2969806,1100,0.03341841697692871,29.92361968223619,2.9921531677246094,10.653299978002906,0.00790000194683671,1,,0,10.607200005324557,1,0,,0,face,0.023500004317611456,1,,
1787921882.3525808,1101,0.05560016632080078,17.985557709130205,1.5435218811035156,33.11829999438487,0.006699992809444666,1,,0,9.497499995632097,1,0,23.583099973620847,1,face,0.020500010577961802,1,,
1787921882.3733575,1102,0.020776748657226562,48.13072615441109,12.569427490234375,10.18759998260066,0.007700000423938036,1,,0,10.146699991310015,1,0,,0,face,0.021100015146657825,1,,
1787921882.4242263,1103,0.05086874961853027,19.658434844557764,1.9943714141845703,40.180500014685094,0.007099995855242014,1,5.804299988085404,1,8.386600005906075,1,0,25.96070000436157,1,face,0.02030000905506313,1,,
1787921882.473152,1104,0.04892563819885254,20.439181517379843,1.9955635070800781,18.78520002355799,8.330199983902276,1,,0,10.413100011646748,1,0,,0,face,0.026399997295811772,1,,
1787921882.5218756,1105,0.048723697662353516,20.523893874595082,0.9968280792236328,35.64149999874644,2.315299992915243,1,,0,10.197099996730685,1,0,23.100799997337162,1,face,0.018399994587525725,1,,
1787921882.5498533,1106,0.027977705001831055,35.74274587334998,37.802934646606445,18.200799997430295,8.406799985095859,1,,0,9.756999992532656,1,0,,0,face,0.024300010409206152,1,,
1787921882.6037092,1107,0.05385589599609375,18.568069131605043,6.982564926147461,44.346800015773624,1.8734000041149557,1,6.373100011842325,1,9.101999981794506,1,0,26.963200012687594,1,face,0.030800001695752144,1,,
1787921882.637224,1108,0.03351473808288574,29.837619423636454,2.995014190673828,17.26789999520406,7.407400000374764,1,,0,9.82139998814091,1,0,,0,face,0.0213000166695565,1,,
1787921882.687226,1109,0.050002098083496094,19.99916080181572,1.9936561584472656,33.95969999837689,1.3924000086262822,1,,0,9.476100007304922,1,0,23.059300001477823,1,face,0.021599989850074053,1,,
1787921882.7129562,1110,0.025730133056640625,38.86493699036323,12.964248657226562,16.815800016047433,8.275500003946945,1,,0,8.507499995175749,1,0,,0,face,0.02030000905506313,1,,
1787921882.7620149,1111,0.04905867576599121,20.383754440702347,8.977174758911133,37.14870000840165,1.4633999962825328,1,6.474900001194328,1,8.15189999411814,1,0,21.033900004113093,1,face,0.0213000166695565,1,,
1787921882.8016267,1112,0.03961181640625,25.244992295839754,1.9943714141845703,16.56020001973957,7.248499983688816,1,,0,9.27330000558868,1,0,,0,face,0.02239999594166875,1,,
1787921882.85258,1113,0.05095338821411133,19.625780248369317,1.9962787628173828,34.27659999579191,1.4578999835066497,1,,0,10.127599991392344,1,0,22.657900000922382,1,face,0.022100022761151195,1,,
1787921882.8802986,1114,0.027718544006347656,36.076931016686736,13.9617919921875,17.123800003901124,7.635400019353256,1,,0,9.452199999941513,1,0,,0,face,0.022599997464567423,1,,
1787921882.9298182,1115,0.04951953887939453,20.194049109292248,4.98652458190918,40.553900005761534,1.3821000175084919,1,6.6213000100106,1,8.383299980778247,1,0,24.14570000837557,1,face,0.018999999156221747,1,,
1787921882.9677167,1116,0.03789854049682617,26.386240390543414,1.993417739868164,16.55959998606704,7.9301999940071255,1,,0,8.592400001361966,1,0,,0,face,0.0219999928958714,1,,
1787921883.019662,1117,0.05194520950317383,19.251053361116977,0.9970664978027344,34.13720001117326,0.007099995855242014,1,,0,9.628300002077594,1,0,24.47010000469163,1,face,0.02060001133941114,1,,
1787921883.038612,1118,0.01894998550415039,52.770488915729345,12.96544075012207,7.7600000076927245,0.007099995855242014,1,,0,7.72069999948144,1,0,,0,face,0.020099978428333998,1,,
1787921883.0894015,1119,0.050789594650268555,19.689072277223076,0.9970664978027344,38.76039999886416,0.007700000423938036,1,6.538899993756786,1,9.097500005736947,1,0,23.091900016879663,1,face,0.022599997464567423,1,,
1787921883.127473,1120,0.038071632385253906,26.266275894892413,1.9938945770263672,8.749600005103275,0.006200018106028438,1,,0,8.711499976925552,1,0,,0,face,0.01920000067912042,1,,
1787921883.1849885,1121,0.05751538276672363,17.386652959537717,0.9975433349609375,33.59849998378195,0.006000016583129764,1,,0,8.604600006947294,1,0,24.96069998596795,1,face,0.018099992303177714,1,,
1787921883.2027779,1122,0.017789363861083984,56.213364784088775,9.97304916381836,8.871700003510341,0.006299989763647318,1,,0,8.83469998370856,1,0,,0,face,0.020700012100860476,1,,
1787921883.2606435,1123,0.05786561965942383,17.281418671149456,1.9948482513427734,39.721300010569394,0.007099995855242014,1,6.888400006573647,1,9.200000000419095,1,0,23.601900000358,1,face,0.02169999061152339,1,,
1787921883.2789676,1124,0.01832413673400879,54.572830061022415,20.318031311035156,8.439600002020597,0.006699992809444666,1,,0,8.401700004469603,1,0,,0,face,0.02099998528137803,1,,
1787921883.3572628,1125,0.07829523086547852,12.772170015286516,1.995086669921875,36.522500013234094,0.006599992047995329,1,,0,9.84220000100322,1,0,26.644400000805035,1,face,0.019700004486367106,1,,
1787921883.3774326,1126,0.020169734954833984,49.579233551620604,16.41845703125,9.61710000410676,0.007700000423938036,1,,0,9.57409999682568,1,0,,0,face,0.02400000812485814,1,,
1787921883.422776,1127,0.04534339904785156,22.053926723593992,5.984306335449219,34.38560001086444,0.006099988240748644,1,5.924700002651662,1,8.676600002218038,1,0,19.757900008698925,1,face,0.01829999382607639,1,,
1787921883.4422324,1128,0.01945638656616211,51.39700512217239,16.4644718170166,9.817299986025319,0.007099995855242014,1,,0,9.775000013178214,1,0,,0,face,0.02340000355616212,1,,
1787921883.5198123,1129,0.07757997512817383,12.88992421495172,0.9908676147460938,34.771000006003305,0.00589998671784997,1,,0,8.533500018529594,1,0,26.187799987383187,1,face,0.03470000228844583,1,,
1787921883.5373602,1130,0.0175478458404541,56.98705180636133,35.9044075012207,8.998300007078797,0.02139998832717538,1,,0,8.948200003942475,1,0,,0,face,0.01889999839477241,1,,
1787921883.5917933,1131,0.05443310737609863,18.371172402314407,2.991914749145508,38.587799994274974,0.006900023436173797,1,6.457399984356016,1,8.616000006441027,1,0,23.487200000090525,1,face,0.0185999961104244,1,,
1787921883.6107433,1132,0.01894998550415039,52.770488915729345,15.957355499267578,9.523500018985942,0.007399998139590025,1,,0,9.476000006543472,1,0,,0,face,0.026399997295811772,1,,
1787921883.6962204,1133,0.08547711372375488,11.699037981462524,1.9938945770263672,42.429399996763095,8.173199981683865,1,,0,9.10729999304749,1,0,25.116500008152798,1,face,0.02160001895390451,1,,
1787921883.7131739,1134,0.016953468322753906,58.98498059290094,19.945859909057617,7.935200002975762,0.006499991286545992,1,,0,7.897700008470565,1,0,,0,face,0.019099999917671084,1,,
1787921883.768567,1135,0.055393218994140625,18.052751187934714,8.596181869506836,43.794099998194724,0.007099995855242014,1,6.919299979927018,1,9.026300016557798,1,0,27.8186000068672,1,face,0.021099986042827368,1,,
1787921883.7875168,1136,0.01894974708557129,52.77115285414124,27.846097946166992,8.789499988779426,0.006000016583129764,1,,0,8.752800000365824,1,0,,0,face,0.018699996871873736,1,,
1787921883.8457184,1137,0.05820155143737793,17.181672572353193,1.9948482513427734,26.79909998551011,0.006100017344579101,1,,0,7.918699993751943,1,0,18.848199979402125,1,face,0.017999991541728377,1,,
1787921883.8636692,1138,0.017950773239135742,55.70790665550995,5.984783172607422,8.391999988816679,0.006500020390376449,1,,0,8.353600016562268,1,0,,0,face,0.021299987565726042,1,,
1787921883.9240925,1139,0.06042337417602539,16.549886755526092,2.992391586303711,37.36119999666698,0.006000016583129764,1,5.84500000695698,1,8.510100014973432,1,0,22.98109998810105,1,face,0.017499987734481692,1,,
1787921883.9409482,1140,0.016855716705322266,59.32705309909757,16.954421997070312,8.026200026506558,0.005900015821680427,1,,0,7.993799983523786,1,0,,0,face,0.018099992303177714,1,,
1787921884.0188205,1141,0.07787227630615234,12.841540628253016,0.9963512420654297,33.78950001206249,0.005599984433501959,1,,0,8.69839999359101,1,0,25.059600011445582,1,face,0.0171000137925148,1,,
1787921884.0371287,1142,0.018308162689208984,54.62044537049095,10.970830917358398,8.970900002168491,0.007599999662488699,1,,0,8.933299977798015,1,0,,0,face,0.020800012862309813,1,,
1787921884.09766,1143,0.0605313777923584,16.520357481871855,1.9948482513427734,42.684200016083196,0.008100003469735384,1,6.820999988121912,1,9.385500015923753,1,0,26.44050001981668,1,face,0.026699999580159783,1,,
1787921884.116978,1144,0.0193178653717041,51.76555384140698,22.460222244262695,10.245099983876571,0.006900023436173797,1,,0,10.204699996393174,1,0,,0,face,0.02069998299703002,1,,
1787921884.18282,1145,0.0658421516418457,15.187839022023304,1.9946098327636719,28.648900013649836,0.00790000194683671,1,,0,7.440299988957122,1,0,21.16760000353679,1,face,0.02400000812485814,1,,
1787921884.200772,1146,0.01795196533203125,55.70420739481513,8.976936340332031,8.304300019517541,0.005499983672052622,1,,0,8.269700017990544,1,0,,0,face,0.01889999839477241,1,,
1787921884.2603374,1147,0.05956530570983887,16.788296275541857,0.9970664978027344,41.7306000017561,0.007399998139590025,1,6.458799995016307,1,9.641900018323213,1,0,25.60069999890402,1,face,0.01999997766688466,1,,
1787921884.2792857,1148,0.01894831657409668,52.775136835482854,19.455671310424805,9.279000019887462,0.007399998139590025,1,,0,9.240400017006323,1,0,,0,face,0.021299987565726042,1,,
1787921884.3516238,1149,0.07233810424804688,13.823973000052733,1.9948482513427734,32.8266000142321,0.007099995855242014,1,,0,8.932800003094599,1,0,23.85700002196245,1,face,0.02069998299703002,1,,
1787921884.3706772,1150,0.01905345916748047,52.48390810350868,10.077238082885742,8.759399992413819,0.007399998139590025,1,,0,8.715600008144975,1,0,,0,face,0.02300000051036477,1,,
1787921884.4175854,1151,0.04690814018249512,21.3182615236827,2.992391586303711,34.5882999827154,0.006399990525096655,1,6.0258000157773495,1,8.463699981803074,1,0,20.072099985554814,1,face,0.01850002445280552,1,,
1787921884.4355373,1152,0.01795196533203125,55.70420739481513,9.973526000976562,8.34310002392158,0.006499991286545992,1,,0,8.304799994220957,1,0,,0,face,0.01990000600926578,1,,
1787921884.5279448,1153,0.0924074649810791,10.821636544241908,1.9948482513427734,42.30420000385493,7.799400016665459,1,,0,8.060799998929724,1,0,26.41099999891594,1,face,0.0219999928958714,1,,
1787921884.5451195,1154,0.017174720764160156,58.22510966738853,42.899370193481445,9.101799980271608,1.3758999994024634,1,,0,7.694400002947077,1,0,,0,face,0.021899992134422064,1,,
1787921884.594984,1155,0.04986453056335449,20.05433498926592,6.982088088989258,39.26690001389943,0.006299989763647318,1,6.171699991682544,1,7.9953999957069755,1,0,25.072500022361055,1,face,0.01920000067912042,1,,
1787921884.6159277,1156,0.020943641662597656,47.74718819725878,24.9330997467041,8.690200018463656,0.006599992047995329,1,,0,8.646300004329532,1,0,,0,face,0.02020000829361379,1,,
1787921884.6813748,1157,0.06544709205627441,15.279517677273638,2.9916763305664062,28.59199998783879,0.010000017937272787,1,,0,7.341899996390566,1,0,21.20029999059625,1,face,0.02989999484270811,1,,
1787921884.7008429,1158,0.019468069076538086,51.366162513012064,7.979154586791992,8.417800010647625,0.006499991286545992,1,,0,8.379299979424104,1,0,,0,face,0.02020000829361379,1,,
1787921884.7631795,1159,0.06233668327331543,16.041918618215476,2.5098323822021484,44.85400000703521,8.051900018472224,1,6.298399996012449,1,8.995000011054799,1,0,21.482100011780858,1,face,0.023899978259578347,1,,
1787921884.783082,1160,0.019902467727661133,50.245025575907135,21.941423416137695,10.428600013256073,1.3908999972045422,1,,0,9.001600003102794,1,0,,0,face,0.023100001271814108,1,,
1787921884.8605423,1161,0.07746028900146484,12.909840808637947,2.992391586303711,40.48200001125224,8.325799979502335,1,,0,8.669800008647144,1,0,23.453500005416572,1,face,0.02239999594166875,1,,
1787921884.8808277,1162,0.020285367965698242,49.2966162453134,22.60446548461914,11.00100000621751,1.7475000058766454,1,,0,9.213099983753636,1,0,,0,face,0.028400012524798512,1,,
1787921884.9413211,1163,0.06049346923828125,16.530710051708915,9.973526000976562,49.779499997384846,9.32820001617074,1,6.407700013369322,1,7.269199995789677,1,0,26.75049999379553,1,face,0.02139998832717538,1,,
1787921884.9607708,1164,0.019449710845947266,51.41464610556768,34.56425666809082,11.247899994486943,1.6638000088278204,1,,0,9.549199981847778,1,0,,0,face,0.0247000134550035,1,,
1787921885.028205,1165,0.06743407249450684,14.829298646933415,1.9941329956054688,43.91340000438504,8.254900021711364,1,,0,9.912700013956055,1,0,25.708500004839152,1,face,0.02519998815841973,1,,
1787921885.0487447,1166,0.02053976058959961,48.68605919907139,22.496938705444336,10.355500009609386,1.5620999911334366,1,,0,8.757300005527213,1,0,,0,face,0.02400000812485814,1,,
1787921885.0973153,1167,0.04857063293457031,20.58857255055959,8.97669792175293,37.255500006722286,0.010000017937272787,1,6.430699984775856,1,9.835300006670877,1,0,20.955400017555803,1,face,0.022199994418770075,1,,
1787921885.1258433,1168,0.02852797508239746,35.05331160419539,24.496078491210938,18.154899997171015,9.050900000147521,1,,0,9.068300016224384,1,0,,0,face,0.023800006601959467,1,,
1787921885.1817791,1169,0.05593585968017578,17.87761921811331,0.0,33.945700008189306,1.576699985889718,1,,0,8.327899995492771,1,0,24.008300009882078,1,face,0.022899999748915434,1,,
1787921885.2095704,1170,0.027791261672973633,35.982533350491146,9.837627410888672,16.71529997838661,7.635899994056672,1,,0,9.039500000653788,1,0,,0,face,0.02649999805726111,1,,
1787921885.258303,1171,0.04873251914978027,20.52017867015005,3.9894580841064453,38.64320000866428,1.4691000105813146,1,5.896299990126863,1,11.241900007007644,1,0,20.01080001355149,1,face,0.022499996703118086,1,,
1787921885.285112,1172,0.026808977127075195,37.30093823647116,20.04241943359375,17.028700007358566,7.695599982980639,1,,0,9.296100004576147,1,0,,0,face,0.024600012693554163,1,,
1787921885.359826,1173,0.07471418380737305,13.38433947934417,0.9951591491699219,41.909499996108934,8.715600008144975,1,,0,9.358100011013448,1,0,23.79739997559227,1,face,0.026599998818710446,1,,
1787921885.3827653,1174,0.022939205169677734,43.593489512960694,24.932384490966797,11.077000002842396,2.387099986663088,1,,0,8.637799997814,1,0,,0,face,0.02239999594166875,1,,
1787921885.450144,1175,0.06737875938415527,14.841472433449985,9.973526000976562,55.943400016985834,9.062600001925603,1,7.237799989525229,1,10.296499996911734,1,0,29.31500002159737,1,face,0.026299996534362435,1,,
1787921885.474081,1176,0.023936986923217773,41.77635235410711,45.88437080383301,12.540800002170727,1.8683999951463193,1,,0,10.61279998975806,1,0,,0,face,0.04549999721348286,1,,
1787921885.5262625,1177,0.05218148231506348,19.163886413999496,2.9921531677246094,39.8628999828361,7.93839999823831,1,,0,8.398200006922707,1,0,23.48929998697713,1,face,0.022599997464567423,1,,
1787921885.5472076,1178,0.020945072174072266,47.743927148548664,45.35388946533203,9.662399999797344,0.008300004992634058,1,,0,9.614700014935806,1,0,,0,face,0.02710000262595713,1,,
1787921885.6077578,1179,0.06055021286010742,16.51521857256483,11.67440414428711,47.974999994039536,8.257399982539937,1,6.880399974761531,1,9.247100009815767,1,0,23.560000001452863,1,face,0.027300004148855805,1,,
1787921885.6277735,1180,0.020015716552734375,49.96073947017343,33.908843994140625,10.720200021751225,1.542700018035248,1,,0,9.143200004473329,1,0,,0,face,0.022099993657320738,1,,
1787921885.6941092,1181,0.06633567810058594,15.074844015066564,0.0,43.52499998640269,7.673699990846217,1,,0,9.604599996237084,1,0,26.211399992462248,1,face,0.023100001271814108,1,,
1787921885.714865,1182,0.020755767822265625,48.17937879066348,21.51775360107422,10.796199989272282,1.6494000155944377,1,,0,9.10729999304749,1,0,,0,face,0.02099998528137803,1,,
1787921885.770719,1183,0.055854082107543945,17.903794356060768,7.982492446899414,46.44279999774881,7.898699986981228,1,6.815100001404062,1,8.38730001123622,1,0,23.316899983910844,1,face,0.021899992134422064,1,,
1787921885.79056,1184,0.01984095573425293,50.400797894711545,31.105756759643555,10.019000008469447,1.513900002464652,1,,0,8.470999979181215,1,0,,0,face,0.021400017431005836,1,,
1787921885.8514452,1185,0.06088519096374512,16.424355153874167,2.0008087158203125,34.78660000837408,0.00790000194683671,1,,0,9.44069999968633,1,0,25.304800015874207,1,face,0.022499996703118086,1,,
1787921885.8724058,1186,0.020960569381713867,47.70862765170904,12.982845306396484,10.322099988115951,0.006799993570894003,1,,0,10.28380001662299,1,0,,0,face,0.020400009816512465,1,,
1787921885.930091,1187,0.057685136795043945,17.335488057400525,1.9948482513427734,44.928799994522706,7.543700019596145,1,6.114899995736778,1,9.983399999327958,1,0,21.258499997202307,1,face,0.025699991965666413,1,,
1787921885.9471438,1188,0.017052888870239258,58.64109052778749,25.03037452697754,8.65110001177527,1.1784999805968255,1,,0,7.443100010277703,1,0,,0,face,0.019800005247816443,1,,
1787921886.0205073,1189,0.0733635425567627,13.630748531892145,0.0,36.6857000044547,7.581600017147139,1,,0,8.298700005980209,1,0,20.7722999912221,1,face,0.021599989850074053,1,,
1787921886.0382648,1190,0.017757415771484375,56.31450053705693,12.771129608154297,8.585000003222376,0.006299989763647318,1,,0,8.55329999467358,1,0,,0,face,0.01650000922381878,1,,
1787921886.100458,1191,0.06219315528869629,16.078939802267143,1.9974708557128906,49.61410001851618,7.434899976942688,1,6.60799999604933,1,8.500099997036159,1,0,27.04660000745207,1,face,0.021700019715353847,1,,
1787921886.1196,1192,0.01914215087890625,52.24073335990435,24.978160858154297,10.65859998925589,1.5109000087250024,1,,0,9.11189999897033,1,0,,0,face,0.0247000134550035,1,,
1787921886.1934536,1193,0.0738534927368164,13.540321018581889,0.9975433349609375,41.423399990890175,7.856700016418472,1,,0,10.076000005938113,1,0,23.459199990611523,1,face,0.020599982235580683,1,,
1787921886.2143977,1194,0.02094411849975586,47.74610113152563,19.94633674621582,10.426799999549985,1.420600019628182,1,,0,8.96659999853,1,0,,0,face,0.026699999580159783,1,,
1787921886.275924,1195,0.06152629852294922,16.253212431217545,6.928443908691406,51.13350000465289,9.023400023579597,1,6.790799990994856,1,8.340200001839548,1,0,26.95470000617206,1,face,0.020799983758479357,1,,
1787921886.295022,1196,0.01909804344177246,52.361384717176634,34.14320945739746,9.673799999291077,1.3261999993119389,1,,0,8.313600003020838,1,0,,0,face,0.023300002794712782,1,,
1787921886.3568075,1197,0.06178545951843262,16.18503783566856,0.5204677581787109,38.615900004515424,8.186999999452382,1,,0,9.5370999770239,1,0,20.842199999606237,1,face,0.03700001980178058,1,,
1787921886.3802907,1198,0.0234832763671875,42.58349577647823,18.474578857421875,11.852399999042973,1.8532999965827912,1,,0,9.95489998604171,1,0,,0,face,0.0281000102404505,1,,
1787921886.4441895,1199,0.06389880180358887,15.649745719392115,10.96963882446289,50.44260001159273,7.331300002988428,1,6.381799990776926,1,8.245699980761856,1,0,28.459700028179213,1,face,0.0213000166695565,1,,
1787921886.4644918,1200,0.020302295684814453,49.25551354017427,36.443233489990234,9.582400001818314,1.4685999776702374,1,,0,8.076800004346296,1,0,,0,face,0.024500011932104826,1,,
1787921886.5304282,1201,0.06593632698059082,15.166146580994154,2.991199493408203,43.137600005138665,7.393899984890595,1,,0,9.560100006638095,1,0,26.147800002945587,1,face,0.023800006601959467,1,,
1787921886.5488882,1202,0.01846003532409668,54.17107727278598,47.24717140197754,8.561899972846732,0.007599999662488699,1,,0,8.523399999830872,1,0,,0,face,0.020400009816512465,1,,
1787921886.60183,1203,0.05294179916381836,18.888666720707576,9.97304916381836,41.724200011231005,0.006599992047995329,1,5.363100004615262,1,9.31920000584796,1,0,27.012200007447973,1,face,0.021499989088624716,1,,
1787921886.622776,1204,0.020946025848388672,47.741753363534954,29.952526092529297,10.14589998521842,0.023500004317611456,1,,0,10.083099972689524,1,0,,0,face,0.024500011932104826,1,,
1787921886.6850083,1205,0.062232255935668945,16.068837373238168,2.504587173461914,32.689499988919124,0.007000024197623134,1,,0,8.520200004568323,1,0,24.132699996698648,1,face,0.02099998528137803,1,,
1787921886.7043564,1206,0.01934814453125,51.68454258675079,9.387969970703125,8.389499998884276,0.006499991286545992,1,,0,8.351500000571832,1,0,,0,face,0.01990000600926578,1,,
1787921886.7721481,1207,0.06779170036315918,14.751068267103705,2.9914379119873047,49.36100001214072,7.39909999538213,1,6.48199999704957,1,8.412399998633191,1,0,27.042900008382276,1,face,0.02169999061152339,1,,
1787921886.79168,1208,0.019531965255737305,51.19812506866204,28.89847755432129,10.052500001620501,1.3290000206325203,1,,0,8.68970001465641,1,0,,0,face,0.021299987565726042,1,,
1787921886.8615117,1209,0.06983160972595215,14.320162515577255,1.9979476928710938,39.193600008729845,7.07910000346601,1,,0,9.105500008445233,1,0,22.974499996053055,1,face,0.02340000355616212,1,,
1787921886.8810453,1210,0.019533634185791016,51.193750762846335,20.453691482543945,9.866300009889528,1.6540999931748956,1,,0,8.176800009096041,1,0,,0,face,0.024300010409206152,1,,
1787921886.935402,1211,0.05435657501220703,18.39703844061968,7.978677749633789,43.413199979113415,7.700199988903478,1,6.27899999381043,1,8.198499999707565,1,0,21.211499988567084,1,face,0.021500018192455173,1,,
1787921886.9573438,1212,0.0219419002532959,45.57490410839826,30.91716766357422,10.360100015532225,1.7819999775383621,1,,0,8.541799994418398,1,0,,0,face,0.024200009647756815,1,,
1787921887.0423424,1213,0.08499860763549805,11.764898600319766,0.9970664978027344,56.624599994393066,7.6966999913565814,1,,0,7.733799982815981,1,0,41.16090000024997,1,face,0.021700019715353847,1,,
1787921887.0598335,1215,0.01749110221862793,57.171925902702995,4.987239837646484,7.501700019929558,0.05669999518431723,1,,0,7.4034999997820705,1,0,,0,gesture,0.028799986466765404,1,0.045599997974932194,1
1787921887.1189606,1216,0.059127092361450195,16.912720718395786,1.9962787628173828,34.34169999673031,0.006499991286545992,1,6.620800006203353,1,8.44380000489764,1,0,19.249499979196116,1,gesture,0.019400002202019095,1,,
1787921887.1682315,1217,0.0492708683013916,20.295968682406112,2.99072265625,12.061300018103793,0.00689999433234334,1,,0,12.01569999102503,1,0,,0,gesture,0.02340000355616212,1,,
1787921887.239174,1218,0.07094240188598633,14.095942249137972,1.9958019256591797,53.69959998643026,0.006300018867477775,1,,0,8.105699991574511,1,0,45.5591999925673,1,gesture,0.01920000067912042,1,,
1787921887.2586305,1220,0.01945662498474121,51.396375310941465,0.0,8.77710001077503,0.0549999822396785,1,,0,8.690000016940758,1,0,,0,gesture,0.019400002202019095,1,0.04360001184977591,1
1787921887.3560753,1221,0.09744477272033691,10.262223124784384,2.065420150756836,34.9483999889344,0.00790000194683671,1,5.2715000056196,1,9.844299987889826,1,0,19.79859999846667,1,gesture,0.024300010409206152,1,,
1787921887.375745,1222,0.019669771194458008,50.83943224930607,16.84737205505371,9.438000008231029,0.007399998139590025,1,,0,9.387199999764562,1,0,,0,gesture,0.03159997868351638,1,,
1787921887.4409716,1223,0.06522655487060547,15.331179179764602,6.313562393188477,53.80100000184029,0.006499991286545992,1,,0,8.203500008676201,1,0,45.56120000779629,1,gesture,0.018799997633323073,1,,
1787921887.459921,1224,0.018949270248413086,52.77248078108683,34.287214279174805,9.395900007802993,0.0788999896030873,1,,0,9.277000004658476,1,0,,0,gesture,0.02549999044276774,1,0.06649998249486089,1
1787921887.5197608,1225,0.05983996391296387,16.711240024383734,3.989696502685547,33.87199999997392,0.06089999806135893,1,5.704700015485287,1,8.46449998789467,1,0,19.620099978055805,1,gesture,0.019400002202019095,1,0.05119998240843415,1
1787921887.538151,1226,0.018390178680419922,54.37685067544792,36.34023666381836,9.03339998330921,0.05599998985417187,1,,0,8.943199994973838,1,0,,0,gesture,0.021800020476803184,1,0.046200002543628216,1
1787921887.5797997,1227,0.04164862632751465,24.0103957363742,0.9973049163818359,29.276899993419647,0.07949999417178333,1,,0,8.330199983902276,1,0,20.829200017033145,1,gesture,0.02720000338740647,1,0.0659999786876142,1
1787921887.5972505,1228,0.017450809478759766,57.303932016285486,8.475542068481445,8.005700015928596,0.051499984692782164,1,,0,7.922599994344637,1,0,,0,gesture,0.020100007532164454,1,0.0425000034738332,1
1787921887.6887255,1229,0.09147500991821289,10.931947434540781,1.9905567169189453,37.56009999779053,0.0675999908708036,1,5.209900002228096,1,10.322600021027029,1,0,21.93519999855198,1,gesture,0.022299995180219412,1,0.05640002200379968,1
1787921887.7084415,1230,0.01971602439880371,50.720164459761776,18.718719482421875,9.2927000077907,0.060200021835044026,1,,0,9.197499981382862,1,0,,0,gesture,0.022199994418770075,1,0.04980000085197389,1
1787921887.7491179,1231,0.04067635536193848,24.58430680679214,3.988504409790039,29.613599996082485,0.09040001896210015,1,,0,8.292799990158528,1,0,21.19580001453869,1,gesture,0.021299987565726042,1,0.07509998977184296,1
1787921887.7699387,1232,0.02082085609436035,48.028764786039005,12.628316879272461,8.76359999529086,0.05160001455806196,1,,0,8.643799985293299,1,0,,0,gesture,0.05750000127591193,1,0.04270000499673188,1
1787921887.8561757,1233,0.08623695373535156,11.595956915046557,2.991914749145508,39.22949999105185,0.054599979193881154,1,5.675200023688376,1,8.731299982173368,1,0,24.745099974097684,1,gesture,0.021100015146657825,1,0.04450001870281994,1
1787921887.875329,1234,0.019153356552124023,52.21016991348727,17.951011657714844,9.169099997961894,0.06089999806135893,1,,0,9.05849999981001,1,0,,0,gesture,0.03560000914148986,1,0.05080000846646726,1
1787921887.9109535,1235,0.03562450408935547,28.070566189265158,5.983829498291016,24.892200017347932,0.05370000144466758,1,,0,7.792300020810217,1,0,17.01630000025034,1,gesture,0.020099978428333998,1,0.04429998807609081,1
1787921887.929903,1236,0.018949508666992188,52.771816809260194,5.979061126708984,8.650900010252371,0.04939999780617654,1,,0,8.571199985453859,1,0,,0,gesture,0.018999999156221747,1,0.039799982914701104,1
1787921888.0129445,1237,0.08304142951965332,12.042181905880259,1.9948482513427734,30.41610002401285,0.05140001303516328,1,4.65819999226369,1,8.162500016624108,1,0,17.521900008432567,1,gesture,0.020099978428333998,1,0.041799998143687844,1
1787921888.0314052,1238,0.018460750579833984,54.16897843213225,3.989696502685547,8.106499997666106,0.05520001286640763,1,,0,8.016400010092184,1,0,,0,gesture,0.020599982235580683,1,0.04260000423528254,1
1787921888.0822682,1239,0.050863027572631836,19.66064640119999,1.9936561584472656,32.94929998810403,0.06829999620094895,1,,0,10.407399997347966,1,0,22.43719997932203,1,gesture,0.02500001573935151,1,0.056200020480901,1
1787921888.1017337,1240,0.01946544647216797,51.37308314144334,10.486841201782227,8.180100005120039,0.05129998316988349,1,,0,8.093700016615912,1,0,,0,gesture,0.020000006770715117,1,0.04149999585933983,1
1787921888.1851838,1241,0.0834500789642334,11.983212148050798,2.9938220977783203,36.23719999450259,0.048200017772614956,1,5.00940001802519,1,8.180700009688735,1,0,22.980499983532354,1,gesture,0.016399979358538985,1,0.03999998443759978,1
1787921888.2046278,1242,0.019443988800048828,51.42977658974422,12.463092803955078,10.28829999268055,0.06859999848529696,1,,0,10.179900011280552,1,0,,0,gesture,0.026699999580159783,1,0.056800025049597025,1
1787921888.2495573,1243,0.04492950439453125,22.25708948887757,4.9877166748046875,31.79829998407513,0.05460000829771161,1,,0,9.25699999788776,1,0,22.448400006396696,1,gesture,0.019400002202019095,1,0.044599990360438824,1
1787921888.268015,1244,0.018457651138305664,54.1780745831019,10.479211807250977,8.927799994125962,0.06289998418651521,1,,0,8.825400000205263,1,0,,0,gesture,0.026699999580159783,1,0.05250002141110599,1
1787921888.3514755,1245,0.08346056938171387,11.981705940998518,0.9973049163818359,34.20000002370216,0.05139998393133283,1,5.386200005887076,1,8.069200004683807,1,0,20.671000005677342,1,gesture,0.01990000600926578,1,0.041799998143687844,1
1787921888.3692713,1246,0.017795801162719727,56.193030639996785,11.84391975402832,8.955700002843514,0.04919999628327787,1,,0,8.875999978045002,1,0,,0,gesture,0.019700004486367106,1,0.04049998824484646,1
1787921888.4127045,1247,0.043433189392089844,23.02386755374042,1.9948482513427734,28.95479998551309,0.05889998283237219,1,,0,9.651499975007027,1,0,19.209399993997067,1,gesture,0.02260002656839788,1,0.048200017772614956,1
1787921888.4311628,1248,0.01845836639404297,54.175975200206665,6.98089599609375,8.621300017694011,0.059399986639618874,1,,0,8.526799996616319,1,0,,0,gesture,0.021899992134422064,1,0.048999994760379195,1
1787921888.5155914,1249,0.08442854881286621,11.844334814003203,0.9973049163818359,33.76159997424111,0.06459999713115394,1,5.532300012419,1,7.953499996801838,1,0,20.189299975754693,1,gesture,0.019800005247816443,1,0.055899989092722535,1
1787921888.5333755,1250,0.01778411865234375,56.22994422994423,30.748367309570312,8.14869999885559,0.0501000031363219,1,,0,8.064699999522418,1,0,,0,gesture,0.01920000067912042,1,0.040799990529194474,1
1787921888.5808995,1251,0.04752397537231445,21.042010735965484,1.9969940185546875,28.635900001972914,0.09670000872574747,1,,0,9.522100008325651,1,0,18.974600010551512,1,gesture,0.029999995604157448,1,0.08179998258128762,1
1787921888.6028423,1252,0.021942853927612305,45.57292334437985,9.973526000976562,10.460299992701039,0.08880000677891076,1,,0,10.32240001950413,1,0,,0,gesture,0.03259998629800975,1,0.07420001202262938,1
1787921888.6849787,1253,0.08213639259338379,12.174871192000117,0.5099773406982422,36.77159998915158,0.05870001041330397,1,6.248699995921925,1,9.406199998920783,1,0,21.03440000792034,1,gesture,0.02069998299703002,1,0.04759998410008848,1
1787921888.7049277,1254,0.019948959350585938,50.12792810020078,10.9710693359375,10.179399978369474,0.06560000474564731,1,,0,10.072700009914115,1,0,,0,gesture,0.025399989681318402,1,0.053499999921768904,1
1787921888.7489066,1255,0.04397892951965332,22.738161454182727,2.9916763305664062,31.62929997779429,0.059200014220550656,1,,0,10.118600010173395,1,0,21.417299984022975,1,gesture,0.020499981474131346,1,0.04839999019168317,1
1787921888.7688498,1256,0.0199432373046875,50.14231063504208,10.966777801513672,8.297599997604266,0.05420000525191426,1,,0,8.209399995394051,1,0,,0,gesture,0.021099986042827368,1,0.04429998807609081,1
1787921888.8538074,1257,0.08495759963989258,11.770577373168171,1.9955635070800781,36.05970001081005,0.0509000092279166,1,4.9128000100608915,1,7.807099987985566,1,0,23.26700001140125,1,gesture,0.019700004486367106,1,0.041099992813542485,1
1787921888.8712735,1258,0.017466068267822266,57.253869884517734,14.47439193725586,8.64670000737533,0.052099989261478186,1,,0,8.562799979699776,1,0,,0,gesture,0.020800012862309813,1,0.042800005758181214,1
1787921888.9150827,1259,0.04380917549133301,22.826268442277236,0.9992122650146484,31.131800002185628,0.05729999975301325,1,,0,9.30010000593029,1,0,21.741800010204315,1,gesture,0.022199994418770075,1,0.04709998029284179,1
1787921888.9357285,1260,0.020645856857299805,48.435868121716034,7.978200912475586,10.32669999403879,0.06660001236014068,1,,0,10.223500023130327,1,0,,0,gesture,0.02449998282827437,1,0.055199983762577176,1
1787921889.0216792,1261,0.08595061302185059,11.634588339070687,1.9927024841308594,34.205100004328415,0.05479998071677983,1,5.405300005804747,1,9.159000008367002,1,0,19.56469999277033,1,gesture,0.018799997633323073,1,0.04539999645203352,1
1787921889.0419247,1262,0.02024555206298828,49.3935654058128,16.253232955932617,10.524300014367327,0.07320000440813601,1,,0,10.408500005723909,1,0,,0,gesture,0.02759997732937336,1,0.06150000263005495,1
1787921889.0793357,1263,0.03741097450256348,26.73012433641572,4.988908767700195,26.13280000514351,0.0591999851167202,1,,0,8.587000018451363,1,0,17.453000007662922,1,gesture,0.02269999822601676,1,0.04870002157986164,1
1787921889.0997548,1264,0.02041912078857422,48.97370510485265,7.453441619873047,8.857400011038408,0.06239998037926853,1,,0,8.758700016187504,1,0,,0,gesture,0.023800006601959467,1,0.051300012273713946,1
1787921889.188585,1265,0.08883023262023926,11.257428585998749,2.9909610748291016,35.184199979994446,0.05609999061562121,1,5.6409000244457275,1,10.241099982522428,1,0,19.180299976142123,1,gesture,0.06330001633614302,1,0.04569999873638153,1
1787921889.20953,1266,0.020945072174072266,47.743927148548664,16.95728302001953,9.12370000150986,0.04980000085197389,1,,0,9.043400001246482,1,0,,0,gesture,0.01990000600926578,1,0.04089999129064381,1
1787921889.247191,1267,0.037660837173461914,26.55278201581403,1.9936561584472656,28.39810002478771,0.06569997640326619,1,,0,9.399600006872788,1,0,18.895900022471324,1,gesture,0.02540001878514886,1,0.05390000296756625,1
1787921889.2666469,1268,0.019455909729003906,51.39826479094162,9.972572326660156,9.311400004662573,0.06250001024454832,1,,0,9.211700002197176,1,0,,0,gesture,0.024200009647756815,1,0.05169998621568084,1
1787921889.3550954,1269,0.08844852447509766,11.306011105719985,0.9970664978027344,35.551799985114485,0.06690001464448869,1,5.2924999909009784,1,10.071600001538172,1,0,20.101800007978454,1,gesture,0.016699981642886996,1,0.054500007536262274,1
1787921889.37197,1270,0.01687455177307129,59.26083332155926,14.383316040039062,8.169899985659868,0.05160001455806196,1,,0,8.08659999165684,1,0,,0,gesture,0.020100007532164454,1,0.04230000195093453,1
1787921889.4157505,1271,0.04378056526184082,22.841185215842813,0.9973049163818359,33.12030000961386,0.09089999366551638,1,,0,9.2304999998305,1,0,23.759400006383657,1,gesture,0.025299988919869065,1,0.07749997894279659,1
1787921889.4357316,1272,0.01998114585876465,50.047179829847146,11.46841049194336,8.544000011170283,0.05219999002292752,1,,0,8.45989998197183,1,0,,0,gesture,0.02020000829361379,1,0.042100000428035855,1
1787921889.5172794,1273,0.08154773712158203,12.26275596720813,1.9907951354980469,34.84239999670535,0.04980000085197389,1,4.7627000021748245,1,8.023200003663078,1,0,21.984699997119606,1,gesture,0.019700004486367106,1,0.04090002039447427,1
1787921889.5372267,1274,0.019947290420532227,50.132122153827765,35.9039306640625,8.335899998201057,0.06329998723231256,1,,0,8.237500005634502,1,0,,0,gesture,0.02400000812485814,1,0.05220001912675798,1
1787921889.5877137,1275,0.05048704147338867,19.80706277921023,3.0901432037353516,32.4327000125777,0.05709999823011458,1,,0,8.917400002246723,1,0,23.423400009050965,1,gesture,0.021199986804276705,1,0.047200010158121586,1
1787921889.607303,1276,0.01958918571472168,51.048574175723864,16.592025756835938,9.225100016919896,0.04839999019168317,1,,0,9.146099997451529,1,0,,0,gesture,0.01960000372491777,1,0.03959998139180243,1
1787921889.6860743,1277,0.07877135276794434,12.694970504644497,2.5022029876708984,35.1090999902226,0.006999995093792677,1,7.27030000416562,1,8.215099980589002,1,0,19.578400009777397,1,gesture,0.03640001523308456,1,,
1787921889.7050147,1278,0.018940448760986328,52.79705948994235,12.965679168701172,8.494300011079758,0.0672000169288367,1,,0,8.389599999645725,1,0,,0,gesture,0.02379997749812901,1,0.055100012104958296,1
1787921889.747779,1279,0.04276418685913086,23.384052719021444,2.991914749145508,29.696300014620647,0.05319999763742089,1,,0,8.404100022744387,1,0,21.20779998949729,1,gesture,0.020899984519928694,1,0.043899985030293465,1
1787921889.7697198,1280,0.021940946578979492,45.57688504460648,9.973287582397461,9.288000001106411,0.006999995093792677,1,,0,9.247499983757734,1,0,,0,gesture,0.02030000905506313,1,,
1787921889.8561487,1281,0.08642888069152832,11.570206532803324,2.9916763305664062,36.33200001786463,0.05409997538663447,1,5.870399996638298,1,8.37999998475425,1,0,22.00350002385676,1,gesture,0.021800020476803184,1,0.043800013372674584,1
1787921889.8772495,1282,0.021100759506225586,47.39165903980656,18.948793411254883,10.132099996553734,0.04839999019168317,1,,0,10.051399993244559,1,0,,0,gesture,0.020100007532164454,1,0.03920000744983554,1
1787921889.91815,1283,0.040900468826293945,24.44959749109584,7.978916168212891,30.308600020362064,0.057600002037361264,1,,0,8.339599997270852,1,0,21.88030001707375,1,gesture,0.021199986804276705,1,0.047999987145885825,1
1787921889.9380963,1284,0.01994633674621582,50.134519071012775,10.970592498779297,9.035299997776747,0.05649999366141856,1,,0,8.944000001065433,1,0,,0,gesture,0.02169999061152339,1,0.04630000330507755,1
1787921890.0267594,1285,0.08866310119628906,11.27864902656771,0.9970664978027344,41.621800017310306,0.006399990525096655,1,6.089800008339807,1,9.307799977250397,1,0,26.198300009127706,1,gesture,0.017900019884109497,1,,
1787921890.0460331,1286,0.019273757934570312,51.884017812963876,21.719694137573242,8.374199998797849,0.023399974452331662,1,,0,8.319600019603968,1,0,,0,gesture,0.020000006770715117,1,,
1787921890.0894258,1287,0.04339265823364258,23.045373127767828,7.979393005371094,31.329699995694682,0.005999987479299307,1,,0,8.239499991759658,1,0,23.057899990817532,1,gesture,0.017200014553964138,1,,
1787921890.1066213,1288,0.017195463180541992,58.154874311939324,16.50691032409668,7.849400019040331,0.00580001506023109,1,,0,7.815299992216751,1,0,,0,gesture,0.017799990018829703,1,,
1787921890.1858892,1289,0.07926797866821289,12.615434590373985,0.9970664978027344,35.46389998518862,0.006000016583129764,1,5.158499989192933,1,10.29570001992397,1,0,19.98539999476634,1,gesture,0.016799982404336333,1,,
1787921890.203878,1290,0.01798868179321289,55.59051027170312,13.993263244628906,8.552999992389232,0.005600013537332416,1,,0,8.519700000761077,1,0,,0,gesture,0.01789999078027904,1,,
1787921890.248353,1291,0.04447507858276367,22.484502149649945,1.9943714141845703,30.639200005680323,0.007599999662488699,1,,0,8.446400024695322,1,0,22.14580000145361,1,gesture,0.020299979951232672,1,,
1787921890.26694,1292,0.018587112426757812,53.80071831708568,8.484840393066406,8.908699994208291,0.006999995093792677,1,,0,8.872000005794689,1,0,,0,gesture,0.01960000372491777,1,,
1787921890.351707,1293,0.08476686477661133,11.797062479959948,1.9943714141845703,33.54889998445287,0.05360000068321824,1,5.320099997334182,1,8.60800000373274,1,0,19.545599992852658,1,gesture,0.01930000144056976,1,0.044199987314641476,1
1787921890.3721688,1294,0.0204617977142334,48.87156123649837,13.96942138671875,9.500499989371747,0.06650001159869134,1,,0,9.398299996973947,1,0,,0,gesture,0.023800006601959467,1,0.0549999822396785,1
1787921890.4144607,1295,0.042291879653930664,23.64520111621614,2.992391586303711,29.072899982566014,0.05110001075081527,1,,0,8.177800016710535,1,0,20.81339998403564,1,gesture,0.02069998299703002,1,0.042400002712383866,1
1787921890.4343286,1296,0.019867897033691406,50.332453319253105,9.895086288452148,9.333599999081343,0.07249999907799065,1,,0,9.220600011758506,1,0,,0,gesture,0.026299996534362435,1,0.06070002564229071,1
1787921890.523266,1297,0.08893752098083496,11.24384836648965,1.9943714141845703,38.33389998180792,0.05160001455806196,1,5.2115000144112855,1,8.51919999695383,1,0,24.528799986001104,1,gesture,0.020599982235580683,1,0.04149999585933983,1
1787921890.543213,1298,0.019946813583374023,50.133320583770605,41.42570495605469,9.302199992816895,0.08239998714998364,1,,0,9.18289998662658,1,0,,0,gesture,0.025800021830946207,1,0.07090001599863172,1
1787921890.5861084,1299,0.04289555549621582,23.312438513314472,6.982564926147461,29.501199984224513,0.05189998773857951,1,,0,8.207100006984547,1,0,21.212599996943027,1,gesture,0.019400002202019095,1,0.04230000195093453,1
1787921890.605056,1300,0.018947601318359375,52.7771290517415,12.970209121704102,8.688600006280467,0.08100000559352338,1,,0,8.561199996620417,1,0,,0,gesture,0.03369999467395246,1,0.0672000169288367,1
1787921890.690763,1301,0.08570694923400879,11.667665328626548,1.9943714141845703,34.14519998477772,0.06390002090483904,1,5.265699990559369,1,8.23030000901781,1,0,20.563700003549457,1,gesture,0.019599974621087313,1,0.054800009820610285,1
1787921890.7099326,1302,0.01916956901550293,52.166013705956246,16.710281372070312,8.934800018323585,0.0467000063508749,1,,0,8.857300010276958,1,0,,0,gesture,0.019199971575289965,1,0.03809999907389283,1
1787921890.7480595,1303,0.03812694549560547,26.228169789139297,1.2314319610595703,27.96809998108074,0.05339999916031957,1,,0,7.98880000365898,1,0,19.895599980372936,1,gesture,0.020000006770715117,1,0.043400010326877236,1
1787921890.7693164,1304,0.02125692367553711,47.0434958164158,7.977724075317383,9.722900023916736,0.0659999786876142,1,,0,9.593900002073497,1,0,,0,gesture,0.025500019546598196,1,0.05500001134350896,1
1787921890.856168,1305,0.08685159683227539,11.513893082831434,0.9968280792236328,37.82530000898987,0.04919999628327787,1,5.376900022383779,1,10.57109999237582,1,0,21.807199984323233,1,gesture,0.01889999839477241,1,0.03999998443759978,1
1787921890.8734825,1306,0.017314434051513672,57.755280768913,16.81208610534668,7.777799997711554,0.04980000085197389,1,,0,7.697699998971075,1,0,,0,gesture,0.019400002202019095,1,0.040700018871575594,1
1787921890.912378,1307,0.038895606994628906,25.709844305504475,2.991914749145508,27.869799989275634,0.05640002200379968,1,,0,9.057499992195517,1,0,18.722399981925264,1,gesture,0.022499996703118086,1,0.04600000102072954,1
1787921890.9333482,1308,0.02097010612487793,47.686930816895,5.986928939819336,8.913800003938377,0.0543000060133636,1,,0,8.823999989544973,1,0,,0,gesture,0.021400017431005836,1,0.04400001489557326,1
1787921891.0211103,1309,0.08776211738586426,11.394437939587233,2.991914749145508,35.265999991679564,0.0509000092279166,1,5.3666000021621585,1,8.427099994150922,1,0,21.39889998943545,1,gesture,0.020400009816512465,1,0.040799990529194474,1
1787921891.0400598,1310,0.018949508666992188,52.771816809260194,16.954898834228516,8.98010001401417,0.05160001455806196,1,,0,8.897499996237457,1,0,,0,gesture,0.020400009816512465,1,0.04230000195093453,1
1787921891.0818076,1311,0.0417478084564209,23.95335316927751,3.1065940856933594,29.752700007520616,0.07579999510198832,1,,0,9.651799977291375,1,0,19.986200000857934,1,gesture,0.026100024115294218,1,0.06260001100599766,1
1787921891.1027496,1312,0.020941972732543945,47.75099331716702,11.967182159423828,9.628700005123392,0.059699988923966885,1,,0,9.529900009511039,1,0,,0,gesture,0.02300000051036477,1,0.04990000161342323,1
1787921891.1849353,1313,0.08218574523925781,12.1675601661677,0.9980201721191406,32.75129999383353,0.05329999839887023,1,5.211499985307455,1,8.283000002847984,1,0,19.18220001971349,1,gesture,0.01920000067912042,1,0.04379998426884413,1
1787921891.2038937,1314,0.018958330154418945,52.74726159186086,12.592792510986328,8.71189997997135,0.06709998706355691,1,,0,8.607800002209842,1,0,,0,gesture,0.025300018023699522,1,0.05540001438930631,1
1787921891.2515304,1315,0.04763674736022949,20.99219731435464,2.9916763305664062,33.36679999483749,0.05740000051446259,1,,0,9.831500006839633,1,0,23.446800012607127,1,gesture,0.020500010577961802,1,0.04730001091957092,1
1787921891.2710445,1316,0.019514083862304688,51.24503958557326,12.96544075012207,8.955299999797717,0.05810000584460795,1,,0,8.860800007823855,1,0,,0,gesture,0.024599983589723706,1,0.04700000863522291,1
1787921891.3529959,1317,0.08195137977600098,12.202357089451283,0.9896755218505859,35.187400004360825,0.052000017603859305,1,5.696599982911721,1,8.827300014672801,1,0,20.58840001700446,1,gesture,0.020499981474131346,1,0.04220000118948519,1
1787921891.3743675,1318,0.02137160301208496,46.79106192617053,19.866466522216797,9.128000005148351,0.05879998207092285,1,,0,9.03180000022985,1,0,,0,gesture,0.02300000051036477,1,0.04850002005696297,1
1787921891.414814,1319,0.04044651985168457,24.72400601255563,1.9948482513427734,29.780600016238168,0.06749999010935426,1,,0,9.098400012589991,1,0,20.578700001351535,1,gesture,0.024999986635521054,1,0.05679999594576657,1
1787921891.4339502,1320,0.01913619041442871,52.25700509574773,9.973764419555664,9.301400015829131,0.06379999103955925,1,,0,9.200100001180544,1,0,,0,gesture,0.024699984351173043,1,0.05269999383017421,1
1787921891.5178847,1321,0.08393454551696777,11.914045567779302,1.9941329956054688,33.78470000461675,0.04990000161342323,1,5.441499990411103,1,7.8480000083800405,1,0,20.423400012077764,1,gesture,0.019599974621087313,1,0.041099992813542485,1
1787921891.5368338,1322,0.018949031829833984,52.77314476962178,34.27743911743164,9.76809998974204,0.06230000872164965,1,,0,9.667800011811778,1,0,,0,gesture,0.02300000051036477,1,0.05119998240843415,1
1787921891.5800927,1323,0.0432589054107666,23.116627443631813,1.9955635070800781,26.878199976636097,0.04810001701116562,1,,0,8.103600004687905,1,0,18.698899977607653,1,gesture,0.018799997633323073,1,0.039300008211284876,1
1787921891.5990415,1324,0.018948793411254883,52.773808774865685,5.983591079711914,10.000300011597574,0.07430001278407872,1,,0,9.887799998978153,1,0,,0,gesture,0.025899993488565087,1,0.06150000263005495,1
1787921891.6913948,1325,0.09235334396362305,10.82797825267582,1.9962787628173828,37.193500000284985,0.0619000056758523,1,6.644199980655685,1,8.758100011618808,1,0,21.704999991925433,1,gesture,0.021899992134422064,1,0.052099989261478186,1
1787921891.709665,1326,0.018270254135131836,54.73377614803409,19.94609832763672,8.792899985564873,0.05600001895800233,1,,0,8.705400017788634,1,0,,0,gesture,0.020299979951232672,1,0.04630000330507755,1
1787921891.7590406,1327,0.04937553405761719,20.252945493877235,3.9894580841064453,38.8694999855943,0.06220000796020031,1,,0,10.31779998447746,1,0,28.45579999848269,1,gesture,0.020800012862309813,1,0.04980000085197389,1
1787921891.776085,1328,0.0170443058013916,58.67062065492593,20.043611526489258,8.698699995875359,0.07430001278407872,1,,0,8.59179999679327,1,0,,0,gesture,0.021799991372972727,1,0.06439999560825527,1
1787921891.8246865,1329,0.048601627349853516,20.57544272749571,3.988981246948242,38.9267000136897,0.07100001676008105,1,6.8518000189214945,1,9.829599992372096,1,0,22.144999995362014,1,gesture,0.026399997295811772,1,0.05859998054802418,1
1787921891.8635814,1330,0.0388948917388916,25.710317095447383,2.9921531677246094,9.697500005131587,0.06079999729990959,1,,0,9.597299998858944,1,0,,0,gesture,0.022199994418770075,1,0.05080000846646726,1
1787921891.9161894,1331,0.05260801315307617,19.008511062568545,2.989053726196289,31.440300022950396,0.0974999857135117,1,,0,9.67040000250563,1,0,21.63000000291504,1,gesture,0.031000003218650818,1,0.08450000314041972,1
1787921891.9381335,1332,0.021944046020507812,45.57044763146458,12.965679168701172,10.450299974763766,0.08209998486563563,1,,0,10.322799993446097,1,0,,0,gesture,0.028300011763349175,1,0.06880000000819564,1
1787921891.9914243,1333,0.05329084396362305,18.764949579004824,2.9914379119873047,38.144700025441125,0.07869998808018863,1,6.457200011936948,1,9.73409999278374,1,0,21.847099997103214,1,gesture,0.024600012693554163,1,0.06690001464448869,1
1787921892.0288334,1334,0.037409067153930664,26.731487205633982,2.9888153076171875,9.738299995660782,0.07690000347793102,1,,0,9.615000017220154,1,0,,0,gesture,0.02859998494386673,1,0.06579997716471553,1
1787921892.0779324,1335,0.049098968505859375,20.36702664905602,0.9977817535400391,30.543700006091967,0.06250001024454832,1,,0,9.013200004119426,1,0,21.435400005429983,1,gesture,0.022599997464567423,1,0.052099989261478186,1
1787921892.0968835,1336,0.0189511775970459,52.76716947425365,5.984783172607422,8.448699984000996,0.05900001269765198,1,,0,8.355400001164526,1,0,,0,gesture,0.023699976736679673,1,0.04939999780617654,1
1787921892.1552727,1337,0.05838918685913086,17.126458746764012,1.992940902709961,34.743600001093,0.06439999560825527,1,5.8902000018861145,1,8.945700014010072,1,0,19.817199994577095,1,gesture,0.023100001271814108,1,0.053099996875971556,1
1787921892.1920362,1338,0.03676342964172363,27.200944246645523,0.9965896606445312,8.956700010458007,0.05750000127591193,1,,0,8.860799978720024,1,0,,0,gesture,0.0213000166695565,1,0.04700000863522291,1
1787921892.2448938,1339,0.05285763740539551,18.918741909147908,0.9968280792236328,27.032999991206452,0.06479999865405262,1,,0,8.53990000905469,1,0,18.394499988062307,1,gesture,0.023500004317611456,1,0.05409997538663447,1
1787921892.2623198,1340,0.017426013946533203,57.38546996853195,5.492448806762695,8.097200014162809,0.0523999915458262,1,,0,8.014399994863197,1,0,,0,gesture,0.01990000600926578,1,0.04290000651963055,1
1787921892.3257868,1341,0.06346702575683594,15.756213373403456,1.9946098327636719,38.999699987471104,0.06739998934790492,1,6.271799997193739,1,9.379900002386421,1,0,23.25379999820143,1,gesture,0.024200009647756815,1,0.05590001819655299,1
1787921892.3608286,1342,0.03504180908203125,28.53733942956673,2.988100051879883,10.022000002209097,0.06320001557469368,1,,0,9.913899993989617,1,0,,0,gesture,0.02269999822601676,1,0.05190001684240997,1
1787921892.4176905,1343,0.05686187744140625,17.586475244867838,1.9938945770263672,31.640000001061708,0.08999998681247234,1,,0,10.093699995195493,1,0,21.416100003989413,1,gesture,0.027600006433203816,1,0.07300000288523734,1
1787921892.4381573,1344,0.02046680450439453,48.859605796561205,12.200117111206055,9.100700000999495,0.06309998570941389,1,,0,9.0007999970112,1,0,,0,gesture,0.023300002794712782,1,0.05260002217255533,1
1787921892.4891152,1345,0.05095791816711426,19.624035595813467,1.9938945770263672,38.09950000140816,0.05669999518431723,1,7.370000006631017,1,9.01849998626858,1,0,21.630600007483736,1,gesture,0.0213000166695565,1,0.04680000711232424,1
1787921892.5090632,1346,0.01994800567626953,50.13032461634077,7.977962493896484,8.1754999991972,0.05609999061562121,1,,0,8.086199988611042,1,0,,0,gesture,0.021000014385208488,1,0.04680000711232424,1
1787921892.584949,1347,0.07588577270507812,13.17770069873825,1.9958019256591797,31.954500009305775,0.05880001117475331,1,,0,9.54440000350587,1,0,22.319400013657287,1,gesture,0.021099986042827368,1,0.048699992476031184,1
1787921892.6029005,1348,0.017951488494873047,55.705687040136,10.96963882446289,8.907799987355247,0.05709999823011458,1,,0,8.814800006803125,1,0,,0,gesture,0.02500001573935151,1,0.0475000124424696,1
1787921892.657298,1349,0.0543975830078125,18.383169705469847,1.9953250885009766,39.560999983223155,0.00689999433234334,1,6.974999996600673,1,8.298100001411512,1,0,24.261599988676608,1,gesture,0.017700018361210823,1,,
1787921892.6951969,1350,0.03789877891540527,26.386074396542504,2.992391586303711,8.88079998549074,0.006399990525096655,1,,0,8.832500025164336,1,0,,0,gesture,0.019400002202019095,1,,
1787921892.7522054,1351,0.05700850486755371,17.541242351878417,0.9984970092773438,32.64099999796599,0.006200018106028438,1,,0,8.973000018158928,1,0,23.634799988940358,1,gesture,0.01689998316578567,1,,
1787921892.7710428,1352,0.018837451934814453,53.085735982786986,13.855218887329102,9.169800003292039,0.007800001185387373,1,,0,9.12209998932667,1,0,,0,gesture,0.021899992134422064,1,,
1787921892.8244767,1353,0.053433895111083984,18.71471278522921,1.6841888427734375,36.31679998943582,0.07380000897683203,1,6.484399986220524,1,8.05110001238063,1,0,21.67899999767542,1,gesture,0.025899993488565087,1,0.06220000796020031,1
1787921892.8623812,1354,0.03790450096130371,26.382091166980118,0.9970664978027344,8.714499999769032,0.006500020390376449,1,,0,8.674599986989051,1,0,,0,gesture,0.01889999839477241,1,,
1787921892.9183457,1355,0.05596446990966797,17.868479798237992,2.989053726196289,30.228699994040653,0.006000016583129764,1,,0,8.8081999856513,1,0,21.388099994510412,1,gesture,0.016300007700920105,1,,
1787921892.937804,1356,0.019458293914794922,51.39196706447423,9.973526000976562,9.837999998126179,0.007199996616691351,1,,0,9.798900020541623,1,0,,0,gesture,0.02069998299703002,1,,
1787921892.993056,1357,0.0552520751953125,18.098867716100525,1.0251998901367188,36.96860000491142,0.1215000229422003,1,6.31900000735186,1,9.897700016153976,1,0,20.581599994329736,1,gesture,0.04609997267834842,1,0.11180000728927553,1
1787921893.0284705,1358,0.03541445732116699,28.23705558809471,0.9961128234863281,8.67030001245439,0.05800000508315861,1,,0,8.576599997468293,1,0,,0,gesture,0.01999997766688466,1,0.04879999323748052,1
1787921893.0853462,1359,0.05687570571899414,17.582199418161085,0.9996891021728516,32.690699998056516,0.059200014220550656,1,,0,9.29099999484606,1,0,23.3072999981232,1,gesture,0.020100007532164454,1,0.04919999628327787,1
1787921893.1030989,1360,0.017752647399902344,56.32962664517862,10.77127456665039,8.214399975258857,0.0557999883312732,1,,0,8.12660000519827,1,0,,0,gesture,0.02120001590810716,1,0.04610000178217888,1
1787921893.1567562,1361,0.05365729331970215,18.63679545000111,1.9948482513427734,35.42850000667386,0.0675999908708036,1,7.046800019452348,1,9.233499993570149,1,0,19.05360000091605,1,gesture,0.02440001117065549,1,0.05609999061562121,1
1787921893.1983578,1362,0.04160165786743164,24.037503581867156,1.9938945770263672,9.777899977052584,0.09319998207502067,1,,0,9.634399990318343,1,0,,0,gesture,0.02910001785494387,1,0.07929999264888465,1
1787921893.2529945,1363,0.05463671684265137,18.30271029791022,0.9973049163818359,32.523300003958866,0.05729999975301325,1,,0,9.338100004242733,1,0,23.095900018233806,1,gesture,0.02060001133941114,1,0.04770001396536827,1
1787921893.271237,1364,0.018242359161376953,54.81747131243955,12.96544075012207,8.617999992566183,0.05390000296756625,1,,0,8.529799990355968,1,0,,0,gesture,0.0213000166695565,1,0.04470002022571862,1
1787921893.3179705,1365,0.04673361778259277,21.397872611789914,1.9953250885009766,32.78599999612197,0.05370000144466758,1,6.805300014093518,1,8.096099976683035,1,0,17.808000004151836,1,gesture,0.020700012100860476,1,0.0439999857917428,1
1787921893.3608727,1366,0.042902231216430664,23.308811025591154,0.9970664978027344,8.582699985709041,0.07270000060088933,1,,0,8.469400025205687,1,0,,0,gesture,0.021899992134422064,1,0.06260001100599766,1
1787921893.414717,1367,0.05384421348571777,18.57209782189967,0.9973049163818359,27.734700008295476,0.08960001287050545,1,,0,7.561000005807728,1,0,20.044300006702542,1,gesture,0.02819998189806938,1,0.07589999586343765,1
1787921893.4336665,1368,0.018949508666992188,52.771816809260194,8.975505828857422,8.784899982856587,0.05560001591220498,1,,0,8.696000004420057,1,0,,0,gesture,0.02139998832717538,1,0.046200002543628216,1
1787921893.4895272,1369,0.05586075782775879,17.901654737363263,2.9914379119873047,39.05079999822192,0.05740000051446259,1,6.632600008742884,1,8.619200001703575,1,0,23.71759997913614,1,gesture,0.021499989088624716,1,0.047200010158121586,1
1787921893.5104694,1370,0.020942211151123047,47.75044969147749,7.97724723815918,9.141300019109622,0.07189999450929463,1,,0,9.033499984070659,1,0,,0,gesture,0.022899999748915434,1,0.062099978094920516,1
1787921893.579461,1371,0.06899166107177734,14.494505342603984,0.9970664978027344,26.90759999677539,0.007099995855242014,1,,0,7.9314000031445175,1,0,18.939599976874888,1,gesture,0.020000006770715117,1,,
1787921893.5979407,1372,0.018479585647583008,54.11376743345934,6.980657577514648,8.71339999139309,0.006999995093792677,1,,0,8.671499992487952,1,0,,0,gesture,0.02269999822601676,1,,
1787921893.6737185,1373,0.07577776908874512,13.196482451586515,2.991914749145508,54.385900002671406,0.006199989002197981,1,5.87889997405,1,9.465300012379885,1,0,39.01410000980832,1,gesture,0.019700004486367106,1,,
1787921893.6936393,1374,0.019920825958251953,50.198721784714074,0.0,9.234099998138845,0.0675999908708036,1,,0,9.128400008194149,1,0,,0,gesture,0.023600005079060793,1,0.05549998604692519,1
1787921893.7435055,1375,0.0498661994934082,20.05366380752938,1.9943714141845703,26.949199993396178,0.006699992809444666,1,,0,8.800500014331192,1,0,18.111599987605587,1,gesture,0.021199986804276705,1,,
1787921893.7670414,1376,0.023535966873168945,42.48816313299634,6.580352783203125,10.214799985988066,0.00689999433234334,1,,0,10.135499993339181,1,0,,0,gesture,0.020899984519928694,1,,
1787921893.8203747,1377,0.053333282470703125,18.750017881410486,3.989696502685547,35.31279999879189,0.005999987479299307,1,6.489699997473508,1,7.630400010384619,1,0,21.165299986023456,1,gesture,0.019700004486367106,1,,
1787921893.861459,1378,0.04108428955078125,24.34020427112349,1.9960403442382812,8.572099992306903,0.007099995855242014,1,,0,8.530299994163215,1,0,,0,gesture,0.021000014385208488,1,,
1787921893.9229393,1379,0.06148028373718262,16.26537711300787,1.9946098327636719,37.68310000305064,0.006399990525096655,1,,0,8.7057999917306,1,0,28.940799995325506,1,gesture,0.020500010577961802,1,,
1787921893.9408915,1380,0.01795220375061035,55.70346760163088,17.41313934326172,7.732700003543869,0.005699985194951296,1,,0,7.69689999287948,1,0,,0,gesture,0.019500002963468432,1,,
1787921893.9906628,1381,0.04977130889892578,20.091896759853608,3.989696502685547,38.09649997856468,0.00689999433234334,1,6.1904000176582485,1,9.114099986618385,1,0,22.762499982491136,1,gesture,0.020800012862309813,1,,
1787921894.0269494,1382,0.03628659248352051,27.55838814168479,0.9984970092773438,8.899700012989342,0.006399990525096655,1,,0,8.853500010445714,1,0,,0,gesture,0.021599989850074053,1,,
1787921894.0863173,1383,0.05936789512634277,16.844120848008288,1.9941329956054688,33.85179999168031,0.006499991286545992,1,,0,8.419200021307915,1,0,25.398099998710677,1,gesture,0.01819999306462705,1,,
1787921894.10427,1384,0.017952680587768555,55.70198807421081,11.968135833740234,8.985499996924773,0.007899972843006253,1,,0,8.943399996496737,1,0,,0,gesture,0.024600012693554163,1,,
1787921894.1580474,1385,0.053777456283569336,18.595152487819153,1.9948482513427734,41.22610000194982,0.006299989763647318,1,7.105199998477474,1,9.263599989935756,1,0,24.828199995681643,1,gesture,0.021000014385208488,1,,
1787921894.1935701,1386,0.0355226993560791,28.151013806017733,1.2938976287841797,9.618099982617423,0.006699992809444666,1,,0,9.573799994541332,1,0,,0,gesture,0.023500004317611456,1,,
1787921894.250941,1387,0.057370901107788086,17.430439137102034,2.9931068420410156,31.261399999493733,0.006599992047995329,1,,0,8.597099978942424,1,0,22.631100000580773,1,gesture,0.017000013031065464,1,,
1787921894.2698913,1388,0.018950223922729492,52.76982499402388,11.967658996582031,9.853099996689707,0.007299997378140688,1,,0,9.812400006921962,1,0,,0,gesture,0.02139998832717538,1,,
1787921894.3237476,1389,0.05385637283325195,18.567904732391874,0.0,38.28720000456087,0.006399990525096655,1,5.9123999963048846,1,8.014399994863197,1,0,24.33559999917634,1,gesture,0.016900012269616127,1,,
1787921894.3583014,1390,0.03455376625061035,28.940405301906452,1.9953250885009766,8.692300005350262,0.007099995855242014,1,,0,8.650700008729473,1,0,,0,gesture,0.022299995180219412,1,,
1787921894.4173033,1391,0.059001922607421875,16.94860024568436,1.9941329956054688,31.226000020978972,0.006599992047995329,1,,0,8.97110000369139,1,0,22.222300001885742,1,gesture,0.017000013031065464,1,,
1787921894.4351823,1392,0.017879009246826172,55.93151086811575,9.89532470703125,8.747699990635738,0.008500006515532732,1,,0,8.697500015841797,1,0,,0,gesture,0.03060000017285347,1,,
1787921894.488568,1393,0.05338573455810547,18.7315957769878,1.9938945770263672,38.19530000328086,0.006100017344579101,1,5.468400020617992,1,8.423799998126924,1,0,24.27880000323057,1,gesture,0.016699981642886996,1,,
1787921894.507818,1394,0.019249916076660156,51.9482784245727,5.986928939819336,9.29420001921244,0.006999995093792677,1,,0,9.24970000050962,1,0,,0,hover,0.026699999580159783,1,,
1787921894.5832577,1395,0.0754396915435791,13.255621537401593,2.99072265625,29.904099996201694,0.006299989763647318,1,,0,8.085299981757998,1,0,21.782199997687712,1,hover,0.021500018192455173,1,,
1787921894.601719,1396,0.018461227416992188,54.167579295381756,10.010480880737305,9.501799999270588,0.010099989594891667,1,,0,9.442800015676767,1,0,,0,hover,0.03409999771974981,1,,
1787921894.669547,1397,0.06782817840576172,14.743135132095103,2.992868423461914,51.82510000304319,6.586500006960705,1,6.409499997971579,1,8.99040000513196,1,0,29.809400002704933,1,face,0.02509998739697039,1,,
1787921894.690836,1398,0.02128887176513672,46.972897907987274,1.9948482513427734,9.540700004436076,1.297099981456995,1,,0,8.208999992348254,1,0,,0,face,0.02060001133941114,1,,
1787921894.7548945,1399,0.06405854225158691,15.61072051987301,0.9970664978027344,39.61340000387281,8.193600020604208,1,,0,10.114700009580702,1,0,21.273399994242936,1,face,0.021499989088624716,1,,
1787921894.7722538,1400,0.017359256744384766,57.606153000961406,17.358064651489258,7.811999996192753,0.006799993570894003,1,,0,7.775800011586398,1,0,,0,face,0.018399994587525725,1,,
1787921894.8260438,1401,0.05379009246826172,18.590784178146553,0.0,41.46320000290871,0.005499983672052622,1,5.661399976816028,1,11.353000008966774,1,0,24.425200012046844,1,face,0.01680001150816679,1,,
1787921894.8589892,1402,0.03294539451599121,30.353256189256275,2.4979114532470703,8.724400016944855,0.008600007276982069,1,,0,8.68359999731183,1,0,,0,face,0.019400002202019095,1,,
1787921894.9161327,1403,0.057143449783325195,17.499818505738975,0.9977817535400391,34.23799999291077,0.006199989002197981,1,,0,8.669700007885695,1,0,25.534699991112575,1,face,0.017799990018829703,1,,
1787921894.934085,1404,0.01795220375061035,55.70346760163088,11.96908950805664,8.425200008787215,0.007800001185387373,1,,0,8.382400003029034,1,0,,0,face,0.023900007363408804,1,,
1787921894.9861338,1405,0.05204892158508301,19.21269393382774,0.9980201721191406,35.97890000673942,0.006499991286545992,1,5.838399985805154,1,8.100100007141009,1,0,22.01380001497455,1,face,0.018499995348975062,1,,
1787921895.0260427,1406,0.03990888595581055,25.057076288906146,1.9946098327636719,9.008599998196587,0.006199989002197981,1,,0,8.966099994722754,1,0,,0,face,0.020700012100860476,1,,
1787921895.0861943,1407,0.06015157699584961,16.624668046009813,2.992391586303711,35.10360000655055,0.006599992047995329,1,,0,8.910100004868582,1,0,26.15639998111874,1,face,0.020000006770715117,1,,
1787921895.1066487,1408,0.02045440673828125,48.88922044013428,13.981103897094727,10.039499989943579,0.007499998901039362,1,,0,9.995499975048006,1,0,,0,face,0.024600012693554163,1,,
1787921895.1568923,1409,0.05024361610412598,19.90302604668378,1.9946098327636719,38.254500017501414,0.007099995855242014,1,6.699199991999194,1,9.98889998300001,1,0,21.536300017032772,1,face,0.02120001590810716,1,,
1787921895.1939275,1410,0.037035226821899414,27.001319711337285,0.9963512420654297,10.090099996887147,0.006799993570894003,1,,0,10.041000001365319,1,0,,0,face,0.02300000051036477,1,,
1787921895.2529624,1411,0.05903482437133789,16.939154315253827,2.9935836791992188,32.71940001286566,0.006499991286545992,1,,0,8.871099998941645,1,0,23.813200008589774,1,face,0.019500002963468432,1,,
1787921895.2719119,1412,0.018949508666992188,52.771816809260194,14.959335327148438,9.829999995417893,0.007800001185387373,1,,0,9.78760002180934,1,0,,0,face,0.022599997464567423,1,,
1787921895.324656,1413,0.052744150161743164,18.95944852525709,0.9973049163818359,39.937199995620176,0.006500020390376449,1,5.62569999601692,1,8.179299999028444,1,0,26.10449999338016,1,face,0.01920000067912042,1,,
1787921895.3583336,1414,0.03367757797241211,29.69334673708355,2.9914379119873047,8.182599995052442,0.006399990525096655,1,,0,8.140599995385855,1,0,,0,face,0.019700004486367106,1,,
1787921895.4167793,1415,0.05844569206237793,17.10990091335936,2.991914749145508,31.948399991961196,0.006200018106028438,1,,0,9.14000000921078,1,0,22.776099998736754,1,face,0.017799990018829703,1,,
1787921895.4371428,1416,0.020363569259643555,49.1073046797251,13.3819580078125,9.81270000920631,0.006199989002197981,1,,0,9.777500003110617,1,0,,0,face,0.01889999839477241,1,,
1787921895.485859,1417,0.048716068267822266,20.527108109430824,0.9970664978027344,36.32780001498759,0.006099988240748644,1,6.730499997502193,1,8.462700003292412,1,0,21.10820001689717,1,face,0.018499995348975062,1,,
1787921895.5063179,1418,0.02045893669128418,48.878395543694865,2.991914749145508,9.217699989676476,0.006399990525096655,1,,0,9.176300023682415,1,0,,0,face,0.021099986042827368,1,,
1787921895.5874364,1419,0.08111858367919922,12.327631408786843,2.4924278259277344,33.93909998703748,0.007199996616691351,1,,0,8.991400012746453,1,0,24.910999985877424,1,face,0.020000006770715117,1,,
1787921895.6074252,1420,0.0199887752532959,50.02807762497167,14.958381652832031,9.89280000794679,0.010399991879239678,1,,0,9.840300015639514,1,0,,0,face,0.02989999484270811,1,,
1787921895.6588259,1421,0.05140066146850586,19.455002551138737,4.986763000488281,41.35270000551827,0.008500006515532732,1,6.192500004544854,1,8.579499990446493,1,0,26.552299998002127,1,face,0.017999991541728377,1,,
1787921895.6942422,1422,0.035416364669799805,28.235534881216047,0.9975433349609375,9.90299999830313,0.009499985026195645,1,,0,9.84809998772107,1,0,,0,face,0.028400012524798512,1,,
1787921895.750117,1423,0.05587482452392578,17.897147928792094,0.9980201721191406,35.32689998974092,0.00689999433234334,1,,0,8.647200011182576,1,0,26.641800010111183,1,face,0.02060001133941114,1,,
1787921895.7690666,1424,0.018949508666992188,52.771816809260194,8.977174758911133,8.931899996241555,0.007099995855242014,1,,0,8.888000011211261,1,0,,0,face,0.025899993488565087,1,,
1787921895.8255289,1425,0.05646228790283203,17.71093657630268,0.9965896606445312,42.09199998877011,0.006699992809444666,1,6.436399999074638,1,9.13419999415055,1,0,26.49249997921288,1,face,0.020500010577961802,1,,
1787921895.8608634,1426,0.03533458709716797,28.30088256727214,3.0012130737304688,8.258099987870082,0.006799993570894003,1,,0,8.218300004955381,1,0,,0,face,0.01920000067912042,1,,
1787921895.9181519,1427,0.057288408279418945,17.45553821503631,2.992391586303711,30.975400004535913,0.006399990525096655,1,,0,8.72369998251088,1,0,22.21080000163056,1,hover,0.024600012693554163,1,,
1787921895.9358199,1428,0.01766800880432129,56.59947371972201,11.96742057800293,9.291700000176206,0.008100003469735384,1,,0,9.247700014384463,1,0,,0,hover,0.025999994250014424,1,,
1787921895.9877536,1429,0.05193376541137695,19.255295511096012,0.9965896606445312,37.20429999521002,0.006599992047995329,1,6.349899980705231,1,8.410700014792383,1,0,22.412999998778105,1,hover,0.022299995180219412,1,,
1787921896.028213,1430,0.040459394454956055,24.716138574770625,2.991914749145508,8.713999995961785,0.006300018867477775,1,,0,8.669899980304763,1,0,,0,hover,0.022899999748915434,1,,
1787921896.0840826,1431,0.05586957931518555,17.898828168340916,2.5043487548828125,30.65910001168959,0.006599992047995329,1,,0,9.62450000224635,1,0,20.99760001874529,1,hover,0.020899984519928694,1,,
1787921896.1025455,1432,0.0184628963470459,54.16268288588437,12.475013732910156,8.91790000605397,0.007099995855242014,1,,0,8.875900006387383,1,0,,0,hover,0.02479998511262238,1,,
1787921896.1589139,1433,0.056368350982666016,17.74045155778129,2.0580291748046875,39.72790000261739,0.0053000112529844046,1,5.965500022284687,1,9.022199985338375,1,0,24.71139997942373,1,hover,0.021799991372972727,1,,
1787921896.1938217,1434,0.03490781784057617,28.646878030789406,1.9924640655517578,7.653900014702231,0.005499983672052622,1,,0,7.612200017319992,1,0,,0,hover,0.020400009816512465,1,,
1787921896.2531276,1435,0.05930590629577637,16.861726975601716,1.995086669921875,33.347299991874024,0.007599999662488699,1,,0,9.05999998212792,1,0,24.24189998419024,1,hover,0.02609999501146376,1,,
1787921896.2760665,1436,0.022938966751098633,43.59394260650848,15.957117080688477,10.325100010959432,0.007599999662488699,1,,0,10.278399975504726,1,0,,0,hover,0.02720000338740647,1,,
1787921896.329483,1437,0.05341649055480957,18.720810551451716,7.833003997802734,40.61229998478666,0.007399998139590025,1,6.215100002009422,1,8.139700017636642,1,0,26.22569998493418,1,hover,0.022899999748915434,1,,
1787921896.360907,1438,0.03142404556274414,31.82276444970486,0.9968280792236328,9.76230000378564,0.00790000194683671,1,,0,9.710300015285611,1,0,,0,hover,0.0295999925583601,1,,
1787921896.4157834,1439,0.05487632751464844,18.222793785408918,1.995086669921875,29.352599987760186,0.00689999433234334,1,,0,8.175100025255233,1,0,21.137200004886836,1,hover,0.02300000051036477,1,,
1787921896.444406,1440,0.02862262725830078,34.93739379602172,18.650531768798828,10.82470000255853,0.022299995180219412,1,,0,10.727899993071333,1,0,,0,hover,0.025300018023699522,1,,
1787921896.5068655,1441,0.062459468841552734,16.010382709734554,10.086536407470703,50.55040001752786,7.866900006774813,1,6.7829000181518495,1,9.361399977933615,1,0,26.511000003665686,1,face,0.025100016500800848,1,,
1787921896.53196,1442,0.02509450912475586,39.84935489387577,25.930166244506836,13.91660000081174,2.8101000061724335,1,,0,11.06459999573417,1,0,,0,face,0.027000001864507794,1,,
1787921896.59024,1443,0.058279991149902344,17.158547560995565,0.9977817535400391,38.860300002852455,7.263000006787479,1,,0,8.388999995077029,1,0,23.17830000538379,1,face,0.020100007532164454,1,,
1787921896.6156938,1444,0.025453805923461914,39.28685568700181,22.75371551513672,12.538199982373044,1.916699984576553,1,,0,10.579199995845556,1,0,,0,face,0.029000017093494534,1,,
1787921896.677529,1445,0.061835289001464844,16.171995249772515,12.964487075805664,50.39580000448041,8.377499994821846,1,6.90870001562871,1,9.392599982675165,1,0,25.693500007037073,1,face,0.020400009816512465,1,,
1787921896.7004998,1446,0.02297067642211914,43.53376372656882,7.976055145263672,9.731800004374236,1.5565000066999346,1,,0,8.1415000022389,1,0,,0,face,0.02060001133941114,1,,
1787921896.7568512,1447,0.056351423263549805,17.745780711218295,1.996755599975586,41.02100001182407,7.371099985903129,1,,0,9.023099992191419,1,0,24.59479999379255,1,face,0.021700019715353847,1,,
1787921896.7777932,1448,0.020941972732543945,47.75099331716702,19.44732666015625,9.951400017598644,0.00790000194683671,1,,0,9.907200001180172,1,0,,0,face,0.024199980543926358,1,,
1787921896.8268983,1449,0.049105167388916016,20.36445557918451,7.9803466796875,37.211199989542365,0.006400019628927112,1,6.449899985454977,1,8.48819999373518,1,0,22.245700005441904,1,face,0.01920000067912042,1,,
1787921896.8578165,1450,0.030918121337890625,32.34349167180753,0.9984970092773438,9.594700008165091,0.009700015652924776,1,,0,9.528599999612197,1,0,,0,face,0.04149999585933983,1,,
1787921896.9174933,1451,0.0596768856048584,16.756906629165453,3.5152435302734375,31.361900008050725,0.005999987479299307,1,,0,8.54740000795573,1,0,22.781900013796985,1,face,0.017799990018829703,1,,
1787921896.9364429,1452,0.018949508666992188,52.771816809260194,13.96322250366211,8.170300017809495,0.006499991286545992,1,,0,8.134700008668005,1,0,,0,face,0.018999999156221747,1,,
1787921896.9992526,1453,0.06280970573425293,15.92110627346333,1.995086669921875,40.72760001872666,0.007599999662488699,1,6.7752000177279115,1,9.505099995294586,1,0,24.415799998678267,1,face,0.022099993657320738,1,,
1787921897.0271778,1454,0.02792525291442871,35.80988158153116,0.9970664978027344,9.37109999358654,0.007399998139590025,1,,0,9.326200000941753,1,0,,0,face,0.023500004317611456,1,,
1787921897.079462,1455,0.05228424072265625,19.126222092514226,0.9984970092773438,31.814999994821846,0.00689999433234334,1,,0,9.098899987293407,1,0,22.679599991533905,1,face,0.019700004486367106,1,,
1787921897.1266603,1456,0.04719829559326172,21.18720575458164,2.991914749145508,10.7533999835141,0.007599999662488699,1,,0,10.706900007789955,1,0,,0,face,0.023100001271814108,1,,
1787921897.17783,1457,0.051169633865356445,19.54284063535255,23.936986923217773,37.28629997931421,0.006500020390376449,1,6.688499997835606,1,8.924800000386313,1,0,21.64609997998923,1,face,0.018699996871873736,1,,
1787921897.1987858,1458,0.020955801010131836,47.71948347460037,6.98089599609375,9.83339999220334,0.007599999662488699,1,,0,9.79329997790046,1,0,,0,face,0.022400025045499206,1,,
1787921897.2761946,1459,0.0774087905883789,12.918429449666744,0.99945068359375,31.767500011483207,0.005699985194951296,1,,0,7.7705000003334135,1,0,23.9646999980323,1,face,0.01780001912266016,1,,
1787921897.296143,1460,0.019948482513427734,50.1291263296283,39.0009880065918,8.842800016282126,0.006699992809444666,1,,0,8.804499986581504,1,0,,0,face,0.020700012100860476,1,,
1787921897.3530054,1461,0.05686235427856445,17.58632776794774,1.9943714141845703,41.58590000588447,0.007299997378140688,1,6.402700004400685,1,8.996099990326911,1,0,26.155700004892424,1,face,0.022500025806948543,1,,
1787921897.373847,1462,0.020841598510742188,47.98096458314267,11.358976364135742,9.017400006996468,0.00790000194683671,1,,0,8.973799995146692,1,0,,0,face,0.023600005079060793,1,,
1787921897.4419806,1463,0.06813359260559082,14.6770478666634,1.995086669921875,38.71160000562668,0.006299989763647318,1,,0,9.324800019385293,1,0,29.35210001305677,1,face,0.01819999306462705,1,,
1787921897.4612718,1464,0.019291162490844727,51.83720786523797,37.062883377075195,9.083900018595159,0.00589998671784997,1,,0,9.048700012499467,1,0,,0,face,0.018999999156221747,1,,
1787921897.51389,1465,0.05261826515197754,19.004807496250514,9.97304916381836,39.80379999848083,0.006399990525096655,1,6.296499981544912,1,7.86150002386421,1,0,25.620900007197633,1,face,0.016999983927235007,1,,
1787921897.5335548,1466,0.019664764404296875,50.85237633365664,20.907163619995117,9.282900020480156,0.006999995093792677,1,,0,9.243200009223074,1,0,,0,face,0.0219999928958714,1,,
1787921897.5860822,1467,0.052527427673339844,19.03767316036965,1.9946098327636719,34.120399999665096,0.007299997378140688,1,,0,8.432000002358109,1,0,25.647400005254894,1,face,0.02269999822601676,1,,
1787921897.6090224,1468,0.02294015884399414,43.591677232950175,8.975744247436523,9.195199992973357,0.007199996616691351,1,,0,9.153499995591119,1,0,,0,face,0.0213000166695565,1,,
1787921897.6579435,1469,0.04892110824584961,20.441074126419416,4.986047744750977,37.648199999239296,0.007200025720521808,1,6.495200010249391,1,9.750199998961762,1,0,21.372999995946884,1,face,0.020799983758479357,1,,
1787921897.6911566,1470,0.033213138580322266,30.108566752329406,1.9941329956054688,8.36219999473542,0.007299997378140688,1,,0,8.31780000589788,1,0,,0,face,0.02340000355616212,1,,
1787921897.7737722,1471,0.08261561393737793,12.104249455290535,3.9894580841064453,34.45669999928214,0.006100017344579101,1,,0,8.759100019233301,1,0,25.65830000094138,1,hover,0.023899978259578347,1,,
1787921897.7937186,1472,0.01994633674621582,50.134519071012775,34.90495681762695,8.41539999237284,0.006099988240748644,1,,0,8.370800002012402,1,0,,0,hover,0.026699999580159783,1,,
1787921897.8481977,1473,0.054479122161865234,18.35565553036735,0.9965896606445312,36.36719999485649,0.006099988240748644,1,6.280800007516518,1,8.180500008165836,1,0,21.87579998280853,1,hover,0.022199994418770075,1,,
1787921897.883698,1474,0.035500288009643555,28.168785552622918,1.9953250885009766,9.099200018681586,0.007700000423938036,1,,0,9.051899978658184,1,0,,0,hover,0.026399997295811772,1,,
1787921897.9270866,1475,0.04338860511779785,23.047525894991345,14.959573745727539,29.985200002556667,0.006700021913275123,1,,0,8.42299999203533,1,0,21.523700008401647,1,hover,0.0219999928958714,1,,
1787921897.946819,1476,0.01973247528076172,50.67787927118071,25.20895004272461,8.983500010799617,0.006300018867477775,1,,0,8.945000008679926,1,0,,0,hover,0.02169999061152339,1,,
1787921898.0163314,1477,0.06951236724853516,14.385929289741936,0.9953975677490234,40.68030000780709,0.00790000194683671,1,6.005900009768084,1,8.558599976822734,1,0,26.078599999891594,1,hover,0.027300004148855805,1,,
1787921898.053703,1478,0.03737163543701172,26.75826166841044,0.5180835723876953,9.515099984128028,0.007299997378140688,1,,0,9.469099983107299,1,0,,0,hover,0.02540001878514886,1,,
1787921898.0990899,1479,0.04538679122924805,22.032841999096476,18.441438674926758,33.59070001170039,0.00689999433234334,1,,0,8.746199979213998,1,0,24.80179999838583,1,hover,0.024300010409206152,1,,
1787921898.1223755,1480,0.023285627365112305,42.94494558039051,2.9914379119873047,8.44070001039654,0.005999987479299307,1,,0,8.399799990002066,1,0,,0,hover,0.02060001133941114,1,,
1787921898.1677775,1481,0.04540205001831055,22.025437168513363,16.954660415649414,36.0369999834802,0.006999995093792677,1,6.442099984269589,1,8.774300018558279,1,0,20.787799992831424,1,hover,0.023900007363408804,1,,
1787921898.2209642,1482,0.053186655044555664,18.80170879635648,0.9980201721191406,9.336799994343892,0.005500012775883079,1,,0,9.296400006860495,1,0,,0,hover,0.022299995180219412,1,,
1787921898.270154,1483,0.04918980598449707,20.329415414144254,18.27526092529297,37.80130000086501,0.006699992809444666,1,,0,9.390099992742762,1,0,28.36970001226291,1,hover,0.024600012693554163,1,,
1787921898.2948737,1485,0.024719715118408203,40.45354063386123,1.9943714141845703,9.522899985313416,0.008400005754083395,1,,0,9.466899995459244,1,0,,0,hover,0.031800009310245514,1,,
1787921898.3924057,1486,0.09753203392028809,10.253041588544022,1.9941329956054688,41.590800014091656,0.006699992809444666,1,6.246900011319667,1,9.726299991598353,1,0,25.584899995010346,1,hover,0.024300010409206152,1,,
1787921898.4280279,1487,0.03562211990356445,28.072444950137207,0.9970664978027344,8.892799989553168,0.006399990525096655,1,,0,8.845699980156496,1,0,,0,hover,0.025200017262250185,1,,
1787921898.4768972,1488,0.04886937141418457,20.462714601435312,20.663022994995117,35.6366999913007,0.007299997378140688,1,,0,9.504999994533136,1,0,26.087600010214373,1,hover,0.02570002106949687,1,,
1787921898.512605,1489,0.035707712173461914,28.005154604757994,0.9965896606445312,9.737999993376434,0.007800001185387373,1,,0,9.6897000039462,1,0,,0,hover,0.025300018023699522,1,,
1787921898.5696087,1490,0.05700373649597168,17.542709679578067,20.10202407836914,46.0095000162255,7.746899995254353,1,6.540300004417077,1,7.575999974505976,1,0,24.11920001031831,1,face,0.024100008886307478,1,,
1787921898.5906446,1491,0.02103590965270996,47.53775883759676,26.526451110839844,10.089099989272654,1.492999988840893,1,,0,8.560300018871203,1,0,,0,face,0.01960000372491777,1,,
1787921898.6394627,1492,0.048818111419677734,20.4842008615048,16.95394515991211,39.02639998705126,7.680100010475144,1,,0,9.060900018084794,1,0,22.249900008318946,1,face,0.023699976736679673,1,,
1787921898.6765704,1493,0.03710770606994629,26.948580386916046,1.9984245300292969,11.57729999977164,1.5446000033989549,1,,0,9.992300008889288,1,0,,0,face,0.024199980543926358,1,,
1787921898.7682738,1494,0.09170341491699219,10.904719316125544,1.9953250885009766,46.8375000054948,7.442499976605177,1,6.120100006228313,1,8.846900018397719,1,0,24.398299981839955,1,face,0.027000001864507794,1,,
1787921898.7886446,1495,0.0203707218170166,49.090062148149016,55.00507354736328,9.925500024110079,1.4020999951753765,1,,0,8.489400002872571,1,0,,0,face,0.0219999928958714,1,,
1787921898.858366,1496,0.06972146034240723,14.342786210858556,0.9965896606445312,59.24090000917204,15.068700013216585,1,,0,10.776499984785914,1,0,33.35539999534376,1,face,0.02710000262595713,1,,
1787921898.882521,1498,0.0241549015045166,41.39946502423184,22.15862274169922,10.334599995985627,0.007399998139590025,1,,0,10.291699989465997,1,0,,0,face,0.022299995180219412,1,,
1787921898.9381802,1499,0.05565929412841797,17.966451347600362,1.9946098327636719,35.20459998981096,0.006200018106028438,1,6.389599991962314,1,7.425399991916493,1,0,21.362800005590543,1,face,0.019099999917671084,1,,
1787921898.980149,1500,0.04196882247924805,23.827211270806114,2.2246837615966797,8.71169997844845,0.00580001506023109,1,,0,8.674000011524186,1,0,,0,face,0.017099984688684344,1,,
1787921899.0259788,1501,0.04582977294921875,21.819876810387882,17.54903793334961,35.89970001485199,0.007199996616691351,1,,0,9.150700003374368,1,0,26.707100012572482,1,face,0.022599997464567423,1,,
1787921899.0598876,1502,0.033908843994140625,29.490831364607942,1.9946098327636719,10.241400013910607,0.007499998901039362,1,,0,10.193199996137992,1,0,,0,face,0.023900007363408804,1,,
1787921899.1167886,1503,0.056900978088378906,17.574390346099054,21.872758865356445,43.58430000138469,7.716299995081499,1,5.890700005693361,1,8.275600004708394,1,0,21.677599987015128,1,face,0.020100007532164454,1,,
1787921899.1367362,1505,0.019947528839111328,50.131522960342316,11.960983276367188,9.676100016804412,1.3959999778307974,1,,0,8.246099983807653,1,0,,0,face,0.022100022761151195,1,,
1787921899.242206,1506,0.10546994209289551,9.481374315340222,1.9931793212890625,38.90350001165643,7.877900003222749,1,,0,9.316700015915558,1,0,21.671099995728582,1,face,0.026599998818710446,1,,
1787921899.2636466,1507,0.021440505981445312,46.640690330041814,36.399126052856445,10.837000008905306,1.6759000136516988,1,,0,9.084799996344373,1,0,,0,face,0.06250001024454832,1,,
1787921899.3751478,1508,0.11150121688842773,8.96851198494665,2.3758411407470703,34.6787000016775,0.006999995093792677,1,5.509599985089153,1,8.537200017599389,1,0,20.6019000033848,1,face,0.021199986804276705,1,,
1787921899.3966389,1510,0.021491050720214844,46.53099622808964,38.41042518615723,9.484599984716624,0.008800008799880743,1,,0,9.438200009753928,1,0,,0,face,0.024699984351173043,1,,
1787921899.4756021,1511,0.0789632797241211,12.664114300897355,2.991914749145508,30.813300021691248,0.005999987479299307,1,,0,8.337400009622797,1,0,22.443800000473857,1,face,0.016900012269616127,1,,
1787921899.4958878,1513,0.020285606384277344,49.29603685769357,37.264347076416016,9.734399995068088,0.007700000423938036,1,,0,9.691799990832806,1,0,,0,face,0.023500004317611456,1,,
1787921899.5524783,1514,0.05659055709838867,17.670792642337734,2.9909610748291016,42.86759998649359,0.006000016583129764,1,7.5474999903235584,1,8.096100005786866,1,0,27.19930000603199,1,face,0.01729998621158302,1,,
1787921899.601042,1515,0.04856371879577637,20.59150379741864,2.99072265625,11.383700009901077,0.010000017937272787,1,,0,11.328200023854151,1,0,,0,face,0.027699978090822697,1,,
1787921899.6448703,1516,0.04382824897766113,22.816334745877963,22.93872833251953,30.538499995600432,0.006500020390376449,1,,0,9.141999995335937,1,0,21.358199999667704,1,face,0.018399994587525725,1,,
1787921899.6648173,1517,0.019947052001953125,50.132721361637024,38.84267807006836,10.030999983428046,0.007099995855242014,1,,0,9.992700011935085,1,0,,0,face,0.020500010577961802,1,,
1787921899.726162,1518,0.06134462356567383,16.301347076152943,0.9984970092773438,37.3093000089284,0.005999987479299307,1,6.6337000171188265,1,8.386299974517897,1,0,22.263599996222183,1,face,0.018000020645558834,1,,
1787921899.768859,1519,0.04269695281982422,23.420875120055392,0.9968280792236328,9.085699974093586,0.008700008038431406,1,,0,9.0290000080131,1,0,,0,face,0.02759997732937336,1,,
1787921899.8107467,1520,0.041887760162353516,23.873322329102397,20.754575729370117,29.75489999516867,0.006499991286545992,1,,0,7.939000002807006,1,0,21.781599993119016,1,face,0.018799997633323073,1,,
1787921899.8291306,1521,0.01838397979736328,54.3951859729211,39.325714111328125,8.07319997693412,0.00580001506023109,1,,0,8.038500003749505,1,0,,0,face,0.017999991541728377,1,,
1787921899.8868206,1522,0.05768990516662598,17.334055188887834,0.99945068359375,38.00430000410415,0.006500020390376449,1,6.255199987208471,1,9.378699993249029,1,0,22.343300021020696,1,face,0.0185999961104244,1,,
1787921899.9067662,1523,0.019945621490478516,50.13631690932129,14.958381652832031,8.306699979584664,0.005700014298781753,1,,0,8.269300014944747,1,0,,0,face,0.020099978428333998,1,,
1787921899.9712539,1524,0.06448769569396973,15.506834121435517,2.9921531677246094,38.53820002404973,0.006999995093792677,1,,0,8.802700001979247,1,0,29.696200013859197,1,face,0.021899992134422064,1,,
1787921899.993388,1525,0.022134065628051758,45.17922810948221,34.038543701171875,8.812399988528341,0.006400019628927112,1,,0,8.763499994529411,1,0,,0,face,0.030700000934302807,1,,
1787921900.0572958,1526,0.06390786170959473,15.647527131233469,1.9943714141845703,38.43010001583025,0.006499991286545992,1,6.725999992340803,1,7.952900021336973,1,0,23.724099999526516,1,face,0.018999999156221747,1,,
1787921900.0789225,1527,0.021626710891723633,46.23911629496522,1.9955635070800781,10.039499989943579,0.00790000194683671,1,,0,9.987800003727898,1,0,,0,hover,0.02710000262595713,1,,
1787921900.122316,1528,0.04339337348937988,23.044993269415677,6.981134414672852,31.50159999495372,0.005999987479299307,1,,0,8.838500012643635,1,0,22.627399972407147,1,hover,0.01889999839477241,1,,
1787921900.1435814,1529,0.021265506744384766,47.0245083750028,14.960289001464844,11.948400002438575,0.008100003469735384,1,,0,11.897699994733557,1,0,,0,hover,0.0295999925583601,1,,
1787921900.221331,1530,0.07774949073791504,12.86182057926128,1.9941329956054688,34.72270001657307,0.006199989002197981,1,5.197200021939352,1,7.657299982383847,1,0,21.839799999725074,1,hover,0.020800012862309813,1,,
1787921900.2501895,1531,0.028858661651611328,34.65164157895607,2.990245819091797,9.565799991833046,0.008200004231184721,1,,0,9.511500014923513,1,0,,0,hover,0.027600006433203816,1,,
1787921900.2903736,1532,0.04018402099609375,24.885513575090183,9.97161865234375,29.666900023585185,0.006699992809444666,1,,0,8.736200019484386,1,0,20.891400024993345,1,hover,0.022599997464567423,1,,
1787921900.3083262,1533,0.017952680587768555,55.70198807421081,14.960289001464844,8.401400002185255,0.00589998671784997,1,,0,8.361899992451072,1,0,,0,hover,0.022899999748915434,1,,
1787921900.3559897,1534,0.04766345024108887,20.980436685591375,1.9946098327636719,36.64919998846017,0.005299982149153948,1,6.27470001927577,1,6.795099994633347,1,0,23.553499981062487,1,hover,0.01930000144056976,1,,
1787921900.3954535,1535,0.03946375846862793,25.339705056094925,0.9973049163818359,8.40669998433441,0.006100017344579101,1,,0,8.364000008441508,1,0,,0,hover,0.022899999748915434,1,,
1787921900.4685185,1536,0.07306504249572754,13.686435617394936,1.9881725311279297,36.57690002000891,0.00689999433234334,1,,0,7.662100018933415,1,0,28.8767000020016,1,hover,0.021899992134422064,1,,
1787921900.4894607,1537,0.020942211151123047,47.75044969147749,28.77974510192871,10.015099978772923,0.007599999662488699,1,,0,9.968600003048778,1,0,,0,hover,0.026900001103058457,1,,
1787921900.536334,1538,0.04687333106994629,21.334092908988257,2.9935836791992188,36.02679999312386,0.008000002708286047,1,5.7490000035613775,1,8.976699988124892,1,0,21.26519999001175,1,hover,0.025900022592395544,1,,
1787921900.5763748,1539,0.04004073143005371,24.974568752493404,0.9982585906982422,10.002499999245629,0.007800001185387373,1,,0,9.95350000448525,1,0,,0,hover,0.025999994250014424,1,,
1787921900.6193008,1540,0.04292607307434082,23.295864922658225,0.9996891021728516,33.1704999844078,0.006600021151825786,1,,0,8.893299993360415,1,0,24.237899982836097,1,hover,0.022599997464567423,1,,
1787921900.6481936,1541,0.02889275550842285,34.610752155794856,1.9958019256591797,9.198999992804602,0.006999995093792677,1,,0,9.15180001175031,1,0,,0,hover,0.0261999957729131,1,,
1787921900.6940079,1542,0.04581427574157715,21.82725763560385,7.980108261108398,36.15439997520298,0.00790000194683671,1,6.497400027001277,1,8.584099996369332,1,0,21.037799975601956,1,hover,0.025299988919869065,1,,
1787921900.7322416,1543,0.03823375701904297,26.154897607941933,2.9921531677246094,9.675999986939132,0.007599999662488699,1,,0,9.627000021282583,1,0,,0,hover,0.026299996534362435,1,,
1787921900.7843757,1544,0.052134037017822266,19.18132677233772,0.0,31.62949997931719,0.007299997378140688,1,,0,9.353600005852059,1,0,22.234000003663823,1,hover,0.02300000051036477,1,,
1787921900.8132963,1545,0.028920650482177734,34.57736888097476,0.9973049163818359,9.175699990009889,0.007299997378140688,1,,0,9.128599980613217,1,0,,0,hover,0.025500019546598196,1,,
1787921900.8671498,1546,0.053853511810302734,18.56889117134028,7.194757461547852,42.110800015507266,7.334699999773875,1,5.887299979804084,1,7.423000002745539,1,0,21.437000017613173,1,face,0.026100024115294218,1,,
1787921900.8980675,1547,0.030917644500732422,32.34399049954503,1.9969940185546875,10.581899987300858,1.3915000017732382,1,,0,9.151600010227412,1,0,,0,face,0.022599997464567423,1,,
1787921900.983571,1548,0.08550357818603516,11.695416978038525,1.9941329956054688,41.58380001899786,8.283300005132332,1,,0,7.9969000071287155,1,0,25.27189999818802,1,face,0.020800012862309813,1,,
1787921901.0025258,1550,0.018954753875732422,52.75721365500239,3.9911270141601562,9.718200017232448,1.3826999929733574,1,,0,8.304099988890812,1,0,,0,face,0.021100015146657825,1,,
1787921901.0965886,1551,0.09406280517578125,10.631194744099279,0.9980201721191406,46.434200019575655,7.885800005169585,1,5.798099999083206,1,7.875299983425066,1,0,24.850200017681345,1,face,0.022199994418770075,1,,
1787921901.127536,1552,0.030947446823120117,32.31284330870627,2.99072265625,9.517700003925711,1.303199998801574,1,,0,8.181799988960847,1,0,,0,face,0.02030000905506313,1,,
1787921901.1804118,1553,0.05287575721740723,18.91225871032614,17.96722412109375,43.271200003800914,7.7015999995637685,1,,0,9.040600009029731,1,0,26.495099999010563,1,face,0.022499996703118086,1,,
1787921901.201135,1554,0.02072310447692871,48.255318169790264,8.17728042602539,11.064099991926923,1.6469999973196536,1,,0,9.379700000863522,1,0,,0,face,0.025100016500800848,1,,
1787921901.264563,1555,0.06342816352844238,15.76586715381695,0.9970664978027344,45.7944999798201,8.13239999115467,1,6.6389999992679805,1,8.72220000019297,1,0,22.26989998598583,1,face,0.0281000102404505,1,,
1787921901.2986696,1556,0.03410649299621582,29.31993037545525,3.1757354736328125,12.100499996449798,1.7749000107869506,1,,0,10.289600002579391,1,0,,0,face,0.02099998528137803,1,,
1787921901.3560493,1557,0.057379722595214844,17.427759402994997,22.97496795654297,46.47520001162775,9.534299984807149,1,,0,10.702199972001836,1,0,26.197200000751764,1,face,0.02880001557059586,1,,
1787921901.375505,1558,0.019455671310424805,51.39889464848106,14.467239379882812,10.02909999806434,1.4592000225093216,1,,0,8.5356000054162,1,0,,0,face,0.021499989088624716,1,,
1787921901.463611,1559,0.08810591697692871,11.349975510292442,0.5047321319580078,44.960200000787154,7.6397999946493655,1,5.6813999835867435,1,7.6812000188510865,1,0,23.933099990244955,1,face,0.021599989850074053,1,,
1787921901.482545,1560,0.018934011459350586,52.81500975886168,49.81851577758789,9.81420002062805,1.368099998217076,1,,0,8.414200012339279,1,0,,0,face,0.02020000829361379,1,,
1787921901.5413601,1562,0.05881524085998535,17.002395729035346,0.9975433349609375,48.54349998640828,8.685799984959885,1,,0,9.905800019623712,1,0,29.91199999814853,1,face,0.025999994250014424,1,,
1787921901.5732749,1563,0.031914710998535156,31.333512625130734,2.9916763305664062,13.049100001808256,2.142900018952787,1,,0,10.85429999511689,1,0,,0,face,0.0295999925583601,1,,
1787921901.638029,1564,0.06475424766540527,15.443002367460853,3.9899349212646484,51.71839997638017,7.845999993151054,1,6.239700014702976,1,9.349899977678433,1,0,28.259299986530095,1,face,0.020400009816512465,1,,
1787921901.6599383,1565,0.021909236907958984,45.64284936992622,19.94609832763672,11.606400017626584,1.8191999988630414,1,,0,9.734699997352436,1,0,,0,face,0.029400020139291883,1,,
1787921901.7157285,1566,0.05579018592834473,17.92429946880569,21.9113826751709,45.514199999161065,8.476700022583827,1,,0,8.84070000029169,1,0,28.1564999895636,1,face,0.02929999027401209,1,,
1787921901.7388084,1567,0.023079872131347656,43.32779637205074,2.9926300048828125,11.06620000791736,1.5076000127010047,1,,0,9.518700011540204,1,0,,0,face,0.025299988919869065,1,,
1787921901.803659,1568,0.0648505687713623,15.4200652198689,2.5815963745117188,49.889400019310415,7.516299985582009,1,6.443999998737127,1,9.788499999558553,1,0,26.11800000886433,1,face,0.019700004486367106,1,,
1787921901.8251095,1569,0.021450519561767578,46.61891741691675,18.459320068359375,11.505600006785244,1.360700000077486,1,,0,10.10759998462163,1,0,,0,face,0.021500018192455173,1,,
1787921901.8728147,1570,0.04770517349243164,20.96208706082263,18.948078155517578,38.59559999546036,6.800000002840534,1,,0,8.386100002098829,1,0,23.379299993393943,1,face,0.020599982235580683,1,,
1787921901.893058,1571,0.020243406295776367,49.39880104113913,0.5204677581787109,9.81849999516271,1.6389999946113676,1,,0,8.136399992508814,1,0,,0,face,0.028400012524798512,1,,
1787921901.9748452,1572,0.081787109375,12.226865671641791,1.9946098327636719,44.29199997684918,7.757899991702288,1,6.359600025461987,1,9.229499992216006,1,0,20.918999973218888,1,face,0.022899999748915434,1,,
1787921901.994911,1573,0.020065784454345703,49.83607803997053,34.52038764953613,11.571700015338138,1.5304999833460897,1,,0,10.008999990532175,1,0,,0,face,0.020100007532164454,1,,
1787921902.0495756,1574,0.05466461181640625,18.293370551290998,22.942066192626953,42.88629998336546,8.151099988026544,1,,0,8.732399990549311,1,0,25.97119999700226,1,face,0.020100007532164454,1,,
1787921902.0704362,1575,0.020860671997070312,47.9370942671665,7.9803466796875,10.727799992309883,1.5577999874949455,1,,0,9.133000014116988,1,0,,0,face,0.024899985874071717,1,,
1787921902.133793,1576,0.06335687637329102,15.783606409320459,0.9968280792236328,50.21049999049865,7.949699996970594,1,7.431400008499622,1,10.111299983691424,1,0,24.69079999718815,1,face,0.024300010409206152,1,,
1787921902.1540518,1577,0.020258665084838867,49.361593955584844,27.677059173583984,11.476899991976097,1.586200000019744,1,,0,9.85269999364391,1,0,,0,face,0.02440001117065549,1,,
1787921902.2079077,1578,0.05385589599609375,18.568069131605043,16.95418357849121,42.16919999453239,8.536499983165413,1,,0,9.29109999560751,1,0,24.30730001651682,1,face,0.02269999822601676,1,,
1787921902.2288518,1579,0.02094411849975586,47.74610113152563,0.9975433349609375,10.871100006625056,1.5220000059343874,1,,0,9.30890001473017,1,0,,0,face,0.024899985874071717,1,,
1787921902.2995846,1580,0.07073283195495605,14.137706244206623,1.9943714141845703,46.731999987969175,7.627999992109835,1,6.922200002009049,1,9.658099996158853,1,0,22.495999990496784,1,face,0.02400000812485814,1,,
1787921902.3198304,1581,0.020245790481567383,49.392983737060895,25.34198760986328,11.232599994400516,1.6899000038392842,1,,0,9.506899979896843,1,0,,0,face,0.024300010409206152,1,,
1787921902.3758903,1582,0.056059837341308594,17.838082438800335,14.958620071411133,44.70180001226254,8.43770001665689,1,,0,9.413699997821823,1,0,26.814800017746165,1,face,0.02509998739697039,1,,
1787921902.395655,1583,0.01976466178894043,50.59535096925174,2.9959678649902344,9.611799992853776,1.4707999944221228,1,,0,8.108600013656542,1,0,,0,face,0.020799983758479357,1,,
1787921902.4693093,1584,0.0736544132232666,13.576918968436113,2.991199493408203,48.7610999844037,7.7296999807003886,1,6.518200010759756,1,9.610799985239282,1,0,24.869799992302433,1,face,0.028700014809146523,1,,
1787921902.491758,1585,0.02244877815246582,44.54585426468558,32.485246658325195,10.790200001792982,1.3162999821361154,1,,0,9.420699992915615,1,0,,0,face,0.021000014385208488,1,,
1787921902.5392163,1586,0.04745817184448242,21.071186713153214,17.534255981445312,39.320799987763166,8.037299994612113,1,,0,9.493300021858886,1,0,21.7531000089366,1,face,0.02549999044276774,1,,
1787921902.562155,1587,0.02293872833251953,43.59439570947491,24.932861328125,11.930200009373948,1.6214000061154366,1,,0,10.27339999563992,1,0,,0,face,0.021799991372972727,1,,
1787921902.6303031,1588,0.06814813613891602,14.673915629351303,1.9938945770263672,45.61749999993481,7.137000007787719,1,6.215000001247972,1,9.687999991001561,1,0,22.553600021637976,1,face,0.020899984519928694,1,,
1787921902.6519043,1589,0.021601200103759766,46.29372420034878,25.918960571289062,11.467300006188452,1.6067000105977058,1,,0,9.82439998188056,1,0,,0,face,0.023800006601959467,1,,
1787921902.7015424,1590,0.04963803291320801,20.14584263942324,13.962745666503906,39.23090000171214,8.238399983383715,1,,0,8.86010000249371,1,0,22.099400026490912,1,face,0.021800020476803184,1,,
1787921902.729973,1591,0.028430700302124023,35.17324544852281,2.9916763305664062,10.472900001332164,1.4651000092271715,1,,0,8.968699985416606,1,0,,0,face,0.022899999748915434,1,,
1787921902.7986372,1592,0.0686640739440918,14.563656692060361,1.9936561584472656,47.51510001369752,8.73100000899285,1,5.6967999844346195,1,10.336400009691715,1,0,22.72050001192838,1,face,0.0261999957729131,1,,
1787921902.8205779,1593,0.02194070816040039,45.57738030556582,26.927709579467773,10.62759998603724,1.5284999972209334,1,,0,9.06310000573285,1,0,,0,face,0.02239999594166875,1,,
1787921902.8673263,1594,0.04674839973449707,21.39110655507785,13.773441314697266,37.61020000092685,7.83469999441877,1,,0,8.9297000085935,1,0,20.812900009332225,1,face,0.02269999822601676,1,,
1787921902.903596,1595,0.0362696647644043,27.57125014790371,3.731250762939453,11.043300008168444,1.4472999901045114,1,,0,9.53710000612773,1,0,,0,face,0.023900007363408804,1,,
1787921902.9715812,1596,0.06798529624938965,14.709062917541933,2.9947757720947266,49.964800011366606,7.747499999823049,1,8.200799988117069,1,8.886800002073869,1,0,25.101000006543472,1,face,0.02600002335384488,1,,
1787921902.9895344,1597,0.017953157424926758,55.70050862538346,32.08422660827637,10.118200007127598,1.4622000162489712,1,,0,8.615300001110882,1,0,,0,face,0.030700000934302807,1,,
1787921903.0413957,1598,0.05186128616333008,19.282205937790202,14.95814323425293,42.53289999905974,7.471599994460121,1,,0,8.607700001448393,1,0,26.42280000145547,1,face,0.020500010577961802,1,,
1787921903.0603454,1599,0.01894974708557129,52.77115285414124,0.0,9.68090002425015,1.3083000085316598,1,,0,8.32960000843741,1,0,,0,face,0.031499977922067046,1,,
1787921903.127307,1600,0.06696152687072754,14.933948593056252,0.9973049163818359,44.72090001218021,7.718199980445206,1,6.520700000692159,1,8.750700013479218,1,0,21.70549999573268,1,face,0.022899999748915434,1,,
1787921903.1471715,1601,0.019864559173583984,50.34091072757387,22.851228713989258,11.006399989128113,1.5901000006124377,1,,0,9.378399990964681,1,0,,0,face,0.024100008886307478,1,,
1787921903.1967914,1602,0.04961991310119629,20.15319934076811,7.978200912475586,39.033800014294684,8.015699975658208,1,,0,8.216400019591674,1,0,22.765900008380413,1,face,0.023200002033263445,1,,
1787921903.229707,1603,0.032915592193603516,30.380738530182967,2.9883384704589844,10.324000002583489,1.5119000163394958,1,,0,8.764099999098107,1,0,,0,face,0.03480000304989517,1,,
1787921903.2959816,1604,0.06627464294433594,15.088727084352605,0.9975433349609375,46.46159999538213,7.964799995534122,1,6.780000025173649,1,8.888499985914677,1,0,22.80339997378178,1,face,0.022199994418770075,1,,
1787921903.3189197,1605,0.022938013076782227,43.59575507488904,23.935556411743164,12.802999990526587,1.5879999846220016,1,,0,11.176800006069243,1,0,,0,face,0.025100016500800848,1,,
1787921903.3705757,1606,0.05165600776672363,19.358832461772078,15.752077102661133,40.27769999811426,7.954900007462129,1,,0,8.553799998480827,1,0,23.736400005873293,1,face,0.02169999061152339,1,,
1787921903.3943093,1607,0.02373361587524414,42.13432985755329,0.9980201721191406,10.364399990066886,1.3956000038888305,1,,0,8.854999992763624,1,0,,0,face,0.0213000166695565,1,,
1787921903.4639719,1608,0.06966257095336914,14.354910912911638,1.5571117401123047,44.99359999317676,7.231800002045929,1,7.198100007371977,1,8.54579999577254,1,0,21.993600006680936,1,face,0.021499989088624716,1,,
1787921903.4864225,1609,0.022450685501098633,44.542069771146394,28.93829345703125,11.13870000699535,1.3280999846756458,1,,0,9.778799983905628,1,0,,0,face,0.01990000600926578,1,,
1787921903.5402954,1610,0.05387282371520996,18.562234741700927,14.469623565673828,42.80990001279861,8.692800009157509,1,,0,9.338900010334328,1,0,24.745000002440065,1,face,0.02139998832717538,1,,
1787921903.562236,1611,0.02194070816040039,45.57738030556582,24.933576583862305,11.73119997838512,1.832399982959032,1,,0,9.856300021056086,1,0,,0,face,0.03090000245720148,1,,
1787921903.633757,1612,0.07152104377746582,13.98189885359406,2.591848373413086,45.84100001375191,6.951300019863993,1,6.845900003099814,1,9.153099992545322,1,0,22.86690002074465,1,face,0.02099998528137803,1,,
1787921903.6537037,1613,0.019946575164794922,50.13391982022902,26.84473991394043,10.638299980200827,1.5291000017896295,1,,0,9.071500011486933,1,0,,0,face,0.02579999272711575,1,,
1787921903.7063627,1614,0.052659034729003906,18.990093630584784,18.94831657409668,41.48660000646487,7.243000000016764,1,,0,7.318699994357303,1,0,26.894500013440847,1,face,0.01960000372491777,1,,
1787921903.73231,1615,0.02594733238220215,38.53960728101368,0.9970664978027344,12.006100005237386,2.0228000066708773,1,,0,9.94150000042282,1,0,,0,face,0.026699999580159783,1,,
1787921903.7961862,1616,0.06387615203857422,15.65529494319115,1.5037059783935547,47.126200021011755,7.969199999934062,1,6.768999999621883,1,9.925399994244799,1,0,22.418800013838336,1,face,0.04040001658722758,1,,
1787921903.8201225,1617,0.02393627166748047,41.77760070122316,25.929927825927734,11.191900004632771,1.4733000134583563,1,,0,9.674600005382672,1,0,,0,face,0.029399991035461426,1,,
1787921903.869706,1618,0.04958343505859375,20.16802585013079,14.538764953613281,39.15140000754036,7.569900015369058,1,,0,7.9882999998517334,1,0,23.5619000159204,1,face,0.020799983758479357,1,,
1787921903.894639,1619,0.0249330997467041,40.10732761505876,1.993417739868164,10.641800006851554,1.4897999935783446,1,,0,9.11489999270998,1,0,,0,face,0.023300002794712782,1,,
1787921903.9639573,1620,0.06931829452514648,14.426206052101175,0.9713172912597656,47.29550000047311,8.058300008997321,1,5.515700002433732,1,8.833700005197898,1,0,24.863400001777336,1,face,0.021799991372972727,1,,
1787921903.9847567,1621,0.02079939842224121,48.078313598276,25.786161422729492,10.315199993783608,1.5424999874085188,1,,0,8.738999982597306,1,0,,0,face,0.022400025045499206,1,,
1787921904.0326574,1622,0.04790067672729492,20.876531780399183,13.991117477416992,37.5021000218112,8.007100026588887,1,,0,9.205699985614046,1,0,20.248500019079074,1,face,0.02579999272711575,1,,
1787921904.0641487,1623,0.03149127960205078,31.754822688592107,1.9941329956054688,11.537399986991659,1.719699997920543,1,,0,9.776699997019023,1,0,,0,face,0.023100001271814108,1,,
1787921904.1283615,1624,0.06421279907226562,15.573219271668746,1.9946098327636719,44.57399999955669,7.498699997086078,1,6.048300012480468,1,9.131800004979596,1,0,21.870600001420826,1,face,0.021599989850074053,1,,
1787921904.1501698,1625,0.021808385848999023,45.853920914825466,22.995948791503906,10.234599991235882,2.0318000169936568,1,,0,8.155100018484518,1,0,,0,face,0.032199983252212405,1,,
1787921904.2031634,1626,0.0529935359954834,18.870225985396207,12.965917587280273,40.374599979259074,7.872999995015562,1,,0,10.686399997211993,1,0,21.782999974675477,1,face,0.02090001362375915,1,,
1787921904.2314878,1627,0.028324365615844727,35.30529204299627,0.9975433349609375,11.287000001175329,1.9457000016700476,1,,0,9.301699989009649,1,0,,0,face,0.02400000812485814,1,,
1787921904.2999673,1628,0.06847953796386719,14.602902264434727,2.987384796142578,47.0731999957934,7.267800014233217,1,7.041700009722263,1,8.007099997485057,1,0,24.731899990001693,1,face,0.022099993657320738,1,,
1787921904.3209112,1629,0.020943880081176758,47.746644658204794,27.384042739868164,11.006600019754842,1.820999983465299,1,,0,9.151400008704513,1,0,,0,face,0.02340000355616212,1,,
1787921904.3690305,1630,0.048119306564331055,20.781679359055033,15.465497970581055,37.86549999495037,7.340200012549758,1,,0,8.127400011289865,1,0,22.367400000803173,1,face,0.020499981474131346,1,,
1787921904.3994193,1631,0.030388832092285156,32.90682567079868,1.9960403442382812,11.506999988341704,1.6023000061977655,1,,0,9.86310001462698,1,0,,0,face,0.025699991965666413,1,,
1787921904.4791367,1632,0.07971739768981934,12.544313148442244,2.9921531677246094,56.592300010379404,7.405799988191575,1,6.3452000031247735,1,9.105000004637986,1,0,33.70990001712926,1,face,0.022799998987466097,1,,
1787921904.503058,1634,0.02392125129699707,41.803833235326366,7.979393005371094,12.681899999734014,2.1563000045716763,1,,0,10.493500012671575,1,0,,0,face,0.020299979951232672,1,,
1787921904.5668113,1635,0.06375336647033691,15.685446202519811,0.9973049163818359,40.396600001258776,7.262500002980232,1,,0,8.33839998813346,1,0,24.76339999702759,1,face,0.021800020476803184,1,,
1787921904.5968082,1636,0.029996871948242188,33.336809308831945,1.9941329956054688,9.660600015195087,1.303899975027889,1,,0,8.321800007252023,1,0,,0,face,0.02120001590810716,1,,
1787921904.665656,1637,0.0688478946685791,14.524772395928926,1.9943714141845703,46.34420000365935,7.4804000032600015,1,5.708199983928353,1,11.583000014070421,1,0,21.54990000417456,1,face,0.02020000829361379,1,,
1787921904.6859035,1638,0.020247459411621094,49.38891243935754,26.263713836669922,11.06609997805208,1.3655000075232238,1,,0,9.66599999810569,1,0,,0,face,0.022899999748915434,1,,
1787921904.766127,1639,0.08022356033325195,12.465166041571317,1.5895366668701172,45.93899997416884,8.848800003761426,1,,0,9.640600008424371,1,0,27.408699999796227,1,face,0.025899993488565087,1,,
1787921904.7910624,1640,0.024935245513916016,40.10387623582506,26.926279067993164,11.979300004895777,1.666500000283122,1,,0,10.272099985741079,1,0,,0,face,0.025699991965666413,1,,
1787921904.8563957,1641,0.06533336639404297,15.30611470360693,18.95284652709961,52.122200024314225,9.116899978835136,1,6.9204000174067914,1,9.415099979378283,1,0,26.644500001566485,1,face,0.02220002352260053,1,,
1787921904.8790312,1642,0.022635459899902344,44.178470613018746,48.700571060180664,11.60699999309145,1.5808000171091408,1,,0,9.987199999159202,1,0,,0,face,0.024699984351173043,1,,
1787921904.9354877,1643,0.056456565856933594,17.712731633980304,3.988981246948242,45.8912999893073,7.223799999337643,1,,0,8.322999987285584,1,0,30.310300004202873,1,face,0.02060001133941114,1,,
1787921904.956608,1644,0.021120309829711914,47.34779025794435,26.72100067138672,11.960600008023903,1.5579000173602253,1,,0,10.365699999965727,1,0,,0,face,0.02300000051036477,1,,
1787921905.0151222,1645,0.05851411819458008,17.08989267640755,16.95418357849121,46.70119998627342,7.136500003980473,1,7.301600009668618,1,10.382599983131513,1,0,21.84629999101162,1,face,0.031400006264448166,1,,
1787921905.0360653,1646,0.020943164825439453,47.748275312492886,39.565324783325195,11.28239999525249,1.889200008008629,1,,0,9.355599991977215,1,0,,0,face,0.025299988919869065,1,,
1787921905.0918264,1647,0.055761098861694336,17.933649451211952,1.9969940185546875,37.617399997543544,7.406399992760271,1,,0,9.280199999921024,1,0,20.899900002405047,1,face,0.02120001590810716,1,,
1787921905.1127706,1648,0.02094411849975586,47.74610113152563,12.867212295532227,12.321599991992116,2.0056000212207437,1,,0,10.276799992425367,1,0,,0,face,0.026699999580159783,1,,
1787921905.1721203,1649,0.059349775314331055,16.8492634505144,7.978200912475586,47.425199998542666,8.309500000905246,1,5.58559998171404,1,8.423699997365475,1,0,25.07010000408627,1,face,0.03290001768618822,1,,
1787921905.1930232,1650,0.02090287208557129,47.8403157186363,31.009674072265625,10.75340001261793,1.5214000013656914,1,,0,9.193600009893999,1,0,,0,face,0.023900007363408804,1,,
1787921905.2652743,1651,0.0722510814666748,13.840623277884657,1.9979476928710938,45.008699991740286,7.529399998020381,1,,0,9.591400012141094,1,0,27.854599989950657,1,face,0.021899992134422064,1,,
1787921905.285322,1652,0.020047664642333984,49.88112170872678,23.037433624267578,10.686099994927645,1.8505000043660402,1,,0,8.799600007478148,1,0,,0,face,0.02139998832717538,1,,
1787921905.3446887,1653,0.059366703033447266,16.844459080649955,7.980108261108398,50.290899991523474,8.208799990825355,1,6.783699995139614,1,8.532100007869303,1,0,26.737600011983886,1,face,0.02549999044276774,1,,
1787921905.363189,1654,0.018500328063964844,54.05309552038765,33.908843994140625,9.466399991651997,1.2753999908454716,1,,0,8.15919999149628,1,0,,0,face,0.02060001133941114,1,,
1787921905.4245808,1655,0.06139183044433594,16.288812253394227,0.9968280792236328,39.856499992311,7.675700006075203,1,,0,9.392399981152266,1,0,22.749299998395145,1,face,0.026699999580159783,1,,
1787921905.445523,1656,0.020942211151123047,47.75044969147749,16.953706741333008,11.666700011119246,1.6096000035759062,1,,0,9.980699978768826,1,0,,0,face,0.06330001633614302,1,,
1787921905.5021458,1657,0.05662274360656738,17.660747895727454,6.005048751831055,45.2923999982886,8.205899997847155,1,6.24350001453422,1,9.277999983169138,1,0,21.536899992497638,1,face,0.025300018023699522,1,,
1787921905.5230925,1658,0.020946741104125977,47.7401231546718,28.688907623291016,11.122999974759296,1.8638999899849296,1,,0,9.22310000169091,1,0,,0,face,0.02340000355616212,1,,
1787921905.5755618,1659,0.05246925354003906,19.05878076265949,8.481979370117188,41.95409998646937,6.968100002268329,1,,0,8.447000000160187,1,0,26.507899980060756,1,face,0.020000006770715117,1,,
1787921905.5941637,1660,0.01860189437866211,53.75796570198149,2.140522003173828,9.783500019693747,1.3516999897547066,1,,0,8.395599987125024,1,0,,0,face,0.021100015146657825,1,,
1787921905.664243,1661,0.07007932662963867,14.26954350296325,1.9941329956054688,43.23619999922812,7.352700020419434,1,6.124699983047321,1,8.984000014606863,1,0,20.752000011270866,1,face,0.020099978428333998,1,,
1787921905.6832805,1662,0.019037485122680664,52.52794649901689,24.932384490966797,10.284099989803508,1.3279000122565776,1,,0,8.92379999277182,1,0,,0,face,0.0219999928958714,1,,
1787921905.750422,1663,0.06714153289794922,14.893910770847834,1.9960403442382812,31.550000014249235,0.00689999433234334,1,,0,9.001400001579896,1,0,22.512600000482053,1,face,0.019099999917671084,1,,
1787921905.76937,1664,0.018948078155517578,52.77580089085739,11.967182159423828,9.109100006753579,0.007199996616691351,1,,0,9.068500017747283,1,0,,0,face,0.022299995180219412,1,,
1787921905.8375278,1665,0.06815767288208008,14.671862428902244,0.9944438934326172,51.90340001718141,8.28509998973459,1,6.8509000120684505,1,10.08390000788495,1,0,26.654999994207174,1,face,0.025399989681318402,1,,
1787921905.8574774,1666,0.019949674606323242,50.126130863459814,30.53593635559082,10.499299998627976,1.4344999799504876,1,,0,9.030999994138256,1,0,,0,face,0.02269999822601676,1,,
1787921905.9320858,1667,0.07460832595825195,13.403329818170198,2.9916763305664062,45.01460000756197,7.750600023427978,1,,0,9.261900006094947,1,0,27.96810001018457,1,face,0.021799991372972727,1,,
1787921905.951538,1668,0.019452333450317383,51.40771427520867,24.134159088134766,10.769999993499368,1.8252000154461712,1,,0,8.909399999538437,1,0,,0,face,0.023900007363408804,1,,
1787921906.0098128,1669,0.05827474594116211,17.160091972081073,8.975744247436523,48.783999984152615,8.398000005399808,1,6.77979999454692,1,7.803899992723018,1,0,25.776599999517202,1,face,0.023200002033263445,1,,
1787921906.0290818,1670,0.01926898956298828,51.896857213561,34.90638732910156,10.150899994187057,1.3526999973692,1,,0,8.764199999859557,1,0,,0,face,0.021099986042827368,1,,
1787921906.102876,1671,0.07379412651062012,13.551213996090658,0.9970664978027344,50.43540001497604,7.913100009318441,1,,0,9.950300009222701,1,0,32.53610001411289,1,face,0.023300002794712782,1,,
1787921906.1198304,1672,0.016954421997070312,58.981662729215884,26.438474655151367,9.123299998464063,1.264699996681884,1,,0,7.826699991710484,1,0,,0,face,0.01990000600926578,1,,
1787921906.1738174,1673,0.05398702621459961,18.522968759660483,12.171745300292969,44.43509998964146,7.162699999753386,1,6.558099994435906,1,8.117899997159839,1,0,22.57080000708811,1,face,0.022799998987466097,1,,
1787921906.1927662,1674,0.018948793411254883,52.773808774865685,31.334400177001953,9.868499997537583,1.4566000027116388,1,,0,8.379099977901205,1,0,,0,face,0.022799998987466097,1,,
1787921906.2497325,1675,0.056966304779052734,17.55423673483054,1.8737316131591797,29.97599999071099,0.006399990525096655,1,,0,7.309999986318871,1,0,22.631800005910918,1,face,0.018400023691356182,1,,
1787921906.2696805,1676,0.01994800567626953,50.13032461634077,7.978200912475586,9.833199990680441,0.010000017937272787,1,,0,9.77420000708662,1,0,,0,face,0.03579998156055808,1,,
1787921906.3309162,1677,0.061235666275024414,16.33035224126989,0.9973049163818359,44.72400000668131,7.147399999666959,1,7.612899993546307,1,7.883799989940599,1,0,22.058500006096438,1,face,0.0185999961104244,1,,
1787921906.3513265,1678,0.02041029930114746,48.99487191467988,22.446393966674805,11.29439999931492,1.7408000130672008,1,,0,9.517300000879914,1,0,,0,face,0.02449998282827437,1,,
1787921906.4281232,1679,0.0767967700958252,13.02138096110323,1.9953250885009766,41.61479999311268,7.11320000118576,1,,0,9.284600004320964,1,0,25.183699995977804,1,face,0.022299995180219412,1,,
1787921906.4480238,1680,0.01990056037902832,50.249841258431275,21.94070816040039,10.990299982950091,1.9787000201176852,1,,0,8.971799979917705,1,0,,0,face,0.029499991796910763,1,,
1787921906.5086465,1681,0.0606226921081543,16.495473315766706,12.47406005859375,48.6901999975089,7.647799997357652,1,6.68939997558482,1,8.763300022110343,1,0,25.564800016582012,1,face,0.021899992134422064,1,,
1787921906.5285943,1682,0.01994776725769043,50.13092378118016,36.177873611450195,10.459800017997622,1.3389999803621322,1,,0,9.087399987038225,1,0,,0,face,0.021100015146657825,1,,
1787921906.5809567,1683,0.05236244201660156,19.097657815175026,12.963056564331055,42.272599996067584,7.628600025782362,1,,0,9.506099973805249,1,0,25.106799992499873,1,face,0.01920000067912042,1,,
1787921906.6051672,1684,0.024210453033447266,41.30447284974297,8.508920669555664,12.408800015691668,2.1889999916311353,1,,0,10.154400020837784,1,0,,0,face,0.05370000144466758,1,,
1787921906.6608841,1685,0.05571699142456055,17.947846328960093,1.9941329956054688,44.3960000120569,7.985300006112084,1,6.236599991098046,1,8.75490001635626,1,0,21.39730000635609,1,face,0.01819999306462705,1,,
1787921906.6803396,1686,0.019455432891845703,51.399524521457806,22.938251495361328,9.453100006794557,1.5295999764930457,1,,0,7.891499990364537,1,0,,0,face,0.0213000166695565,1,,
1787921906.7442696,1687,0.06393003463745117,15.642100081300207,1.031637191772461,27.548299985937774,0.006799993570894003,1,,0,7.019899989245459,1,0,20.49369999440387,1,face,0.018300022929906845,1,,
1787921906.765216,1688,0.020946502685546875,47.74066654525587,8.975982666015625,9.406900004250929,0.006599992047995329,1,,0,9.36820000060834,1,0,,0,face,0.02069998299703002,1,,
1787921906.8335238,1689,0.06830763816833496,14.639651242744405,1.9946098327636719,49.299500009510666,8.560999995097518,1,6.280200002947822,1,8.46579999779351,1,0,25.970299990149215,1,face,0.019800005247816443,1,,
1787921906.8534694,1690,0.019945621490478516,50.13631690932129,27.924776077270508,10.267700010444969,1.7835000180639327,1,,0,8.436500007519498,1,0,,0,face,0.030399998649954796,1,,
1787921906.9244313,1691,0.07096195220947266,14.09205875633324,2.9931068420410156,39.11139999399893,7.379999995464459,1,,0,7.968699996126816,1,0,23.732700006803498,1,face,0.020100007532164454,1,,
1787921906.945883,1692,0.021451711654663086,46.61632675743262,17.951488494873047,11.636000010184944,1.7143000150099397,1,,0,9.881999983917922,1,0,,0,face,0.02680000034160912,1,,
1787921907.0059671,1693,0.06008410453796387,16.643336997194567,7.559776306152344,47.445999982301146,7.669099984923378,1,6.124099978478625,1,8.518500020727515,1,0,25.107699999352917,1,face,0.02370000584051013,1,,
1787921907.0259156,1694,0.019948482513427734,50.1291263296283,32.75299072265625,9.850600006757304,1.664000010350719,1,,0,8.151300018653274,1,0,,0,face,0.020599982235580683,1,,
1787921907.0862107,1695,0.06029510498046875,16.585094267999494,0.9977817535400391,34.00149999652058,0.006499991286545992,1,,0,8.995400014100596,1,0,24.969799997052178,1,face,0.01930000144056976,1,,
1787921907.1056664,1696,0.019455671310424805,51.39889464848106,12.96544075012207,8.366299996851012,0.005799985956400633,1,,0,8.33260000217706,1,0,,0,face,0.018999999156221747,1,,
1787921907.1689982,1697,0.06333184242248535,15.789845388185956,1.9941329956054688,50.124800007324666,8.492100023431703,1,6.374300020979717,1,9.847499983152375,1,0,25.385199987795204,1,face,0.022299995180219412,1,,
1787921907.1889439,1698,0.019945621490478516,50.13631690932129,30.05814552307129,9.702800016384572,1.2926000053994358,1,,0,8.377599995583296,1,0,,0,face,0.020499981474131346,1,,
1787921907.2619917,1699,0.07304787635803223,13.689651908546436,1.9936561584472656,41.752400022232905,7.617899973411113,1,,0,9.805499983485788,1,0,24.29070000653155,1,face,0.025100016500800848,1,,
1787921907.2829363,1700,0.020944595336914062,47.74501411529005,22.939443588256836,10.422499995911494,1.988399977562949,1,,0,8.403899992117658,1,0,,0,face,0.02030000905506313,1,,
1787921907.3435328,1701,0.060596466064453125,16.502612527541707,8.73708724975586,49.42490000394173,7.913700013887137,1,5.993900005705655,1,8.093200012808666,1,0,27.400499995565042,1,face,0.02039998071268201,1,,
1787921907.3634799,1702,0.019947052001953125,50.132721361637024,35.9036922454834,9.092099993722513,1.3221999979577959,1,,0,7.73840001784265,1,0,,0,face,0.020499981474131346,1,,
1787921907.4255626,1703,0.062082767486572266,16.10752935935544,1.7342567443847656,41.30529999383725,7.849500019801781,1,,0,8.91790000605397,1,0,24.506299989297986,1,face,0.021499989088624716,1,,
1787921907.4470465,1704,0.021483898162841797,46.5464876262346,20.312070846557617,9.92670000414364,1.3225000002421439,1,,0,8.573099999921396,1,0,,0,face,0.020400009816512465,1,,
1787921907.505894,1705,0.05884742736816406,16.99309629533595,8.977174758911133,47.75050000171177,7.9209000105038285,1,7.052800006931648,1,7.269399997312576,1,0,25.48229999956675,1,face,0.02169999061152339,1,,
1787921907.5275543,1706,0.021660327911376953,46.16735277930655,31.912803649902344,10.760400007711723,1.7835000180639327,1,,0,8.923399989726022,1,0,,0,face,0.0405999890062958,1,,
1787921907.584423,1707,0.056868791580200195,17.58433707158579,13.276100158691406,44.980799983022735,9.976099972845986,1,,0,9.47940000332892,1,0,25.487000006251037,1,face,0.024800014216452837,1,,
1787921907.6063652,1708,0.021942138671875,45.574408901251736,9.974002838134766,10.890900011872873,1.4279999886639416,1,,0,9.422299975994974,1,0,,0,face,0.029300019377842546,1,,
1787921907.6696312,1709,0.06326603889465332,15.806268536349144,2.0198822021484375,50.53330000373535,8.034200000111014,1,6.660200015176088,1,9.399899980053306,1,0,26.411400001961738,1,face,0.024500011932104826,1,,
1787921907.6915731,1710,0.0219419002532959,45.57490410839826,33.39529037475586,10.902000009082258,1.7826999828685075,1,,0,9.080199990421534,1,0,,0,face,0.024600012693554163,1,,
1787921907.7656436,1711,0.07407045364379883,13.500659855668642,1.9946098327636719,45.52509999484755,7.609899999806657,1,,0,10.174499999266118,1,0,27.700599981471896,1,face,0.027400004910305142,1,,
1787921907.7845929,1712,0.018949270248413086,52.77248078108683,24.93453025817871,9.471500001382083,1.8072999955620617,1,,0,7.630200008861721,1,0,,0,face,0.022299995180219412,1,,
1787921907.8391128,1713,0.0545198917388916,18.341929305165017,9.148597717285156,44.3459999805782,7.809400005498901,1,7.031999994069338,1,8.420099999057129,1,0,21.055799996247515,1,face,0.025999994250014424,1,,
1787921907.8610528,1714,0.021939992904663086,45.57886615302696,29.412269592285156,11.63059999817051,1.8370000179857016,1,,0,9.735200001159683,1,0,,0,face,0.027799978852272034,1,,
1787921907.929184,1715,0.0681312084197998,14.677561475768382,2.9900074005126953,41.38839998631738,7.893400004832074,1,,0,8.499400020809844,1,0,24.964199983514845,1,face,0.02039998071268201,1,,
1787921907.9506364,1716,0.02145242691040039,46.61477249994443,23.314476013183594,11.16540000657551,1.8485999898985028,1,,0,9.278700017603114,1,0,,0,face,0.026399997295811772,1,,
1787921908.012731,1717,0.062094688415527344,16.104437038288463,10.968446731567383,51.153000007616356,7.723200018517673,1,7.295899995369837,1,10.440600017318502,1,0,25.669299997389317,1,face,0.020799983758479357,1,,
1787921908.037617,1718,0.024885892868041992,40.183408540032,42.841196060180664,11.921900004381314,1.8235000025015324,1,,0,10.059599997475743,1,0,,0,face,0.025899993488565087,1,,
1787921908.0868845,1719,0.04926753044128418,20.297343728072086,1.9943714141845703,31.89750001183711,0.00680002267472446,1,,0,9.053199988557026,1,0,22.80640002572909,1,face,0.01889999839477241,1,,
1787921908.1078281,1720,0.020943641662597656,47.74718819725878,12.964963912963867,9.477199986577034,0.007299997378140688,1,,0,9.43619999452494,1,0,,0,face,0.02169999061152339,1,,
1787921908.169609,1721,0.06178092956542969,16.186224568552994,3.989696502685547,49.00800000177696,7.765899994410574,1,6.734599999617785,1,8.868200005963445,1,0,25.607599993236363,1,face,0.02850001328624785,1,,
1787921908.1955128,1722,0.025903701782226562,38.60452102201605,31.888246536254883,11.845600005472079,1.639699999941513,1,,0,10.120699997060001,1,0,,0,face,0.021099986042827368,1,,
1787921908.25334,1723,0.05782723426818848,17.292889979179122,0.9961128234863281,33.14819998922758,0.006799993570894003,1,,0,9.449899982428178,1,0,23.660399980144575,1,face,0.020000006770715117,1,,
1787921908.273019,1724,0.01967906951904297,50.815410709958805,16.68381690979004,8.574300009058788,0.006399990525096655,1,,0,8.53399999323301,1,0,,0,face,0.02120001590810716,1,,
1787921908.3336074,1725,0.06058835983276367,16.504820443402092,0.9970664978027344,48.37689999840222,7.917100010672584,1,6.821399991167709,1,8.467000006930903,1,0,25.137899996479973,1,face,0.030700000934302807,1,,
1787921908.3565454,1726,0.022938013076782227,43.59575507488904,27.926206588745117,11.54609999503009,1.8906999903265387,1,,0,9.607600019080564,1,0,,0,face,0.02889998722821474,1,,
1787921908.4220586,1727,0.06551313400268555,15.264114825570816,1.9946098327636719,35.757600009674206,0.006099988240748644,1,,0,9.403000003658235,1,0,26.318200019886717,1,face,0.020799983758479357,1,,
1787921908.443004,1728,0.020945310592651367,47.743383683737235,17.952680587768555,9.06290000420995,0.006799993570894003,1,,0,9.019699995405972,1,0,,0,face,0.020100007532164454,1,,
1787921908.5061212,1729,0.06311726570129395,15.84352536329056,7.488727569580078,49.58890000125393,8.56230000499636,1,6.159500015201047,1,9.246300003724173,1,0,25.59299999848008,1,face,0.024899985874071717,1,,
1787921908.5266483,1730,0.020527124404907227,48.7160295945271,33.908843994140625,10.083300003316253,1.6439000028185546,1,,0,8.392099989578128,1,0,,0,face,0.031400006264448166,1,,
1787921908.586621,1731,0.05997276306152344,16.674235918964474,14.756917953491211,47.05819999799132,8.317400002852082,1,,0,9.595299983629957,1,0,29.110799980117008,1,face,0.022899999748915434,1,,
1787921908.6087751,1732,0.02215409278869629,45.13838637121856,14.104127883911133,10.142799990717322,0.009499985026195645,1,,0,10.0867000001017,1,0,,0,face,0.03160000778734684,1,,
1787921908.6607797,1733,0.05200457572937012,19.2290771720543,3.8497447967529297,39.967199991224334,0.006400019628927112,1,6.458699994254857,1,9.207199997035787,1,0,24.27439999883063,1,face,0.018999999156221747,1,,
1787921908.679729,1734,0.018949270248413086,52.77248078108683,19.94633674621582,9.208000003127381,0.007399998139590025,1,,0,9.168400021735579,1,0,,0,face,0.020599982235580683,1,,
1787921908.7523112,1735,0.07258224487304688,13.777474115730278,1.9948482513427734,32.748599973274395,0.00689999433234334,1,,0,8.593700011260808,1,0,24.120199988828972,1,face,0.018499995348975062,1,,
1787921908.771112,1736,0.018800735473632812,53.18940854215278,12.859582901000977,7.6317999919410795,0.006799993570894003,1,,0,7.592200010549277,1,0,,0,face,0.02060001133941114,1,,
1787921908.831948,1737,0.060836076736450195,16.437614876648443,1.9941329956054688,45.60919999494217,6.77379997796379,1,6.053300021449104,1,7.811699993908405,1,0,24.948299978859723,1,face,0.01960000372491777,1,,
1787921908.8530252,1738,0.02107715606689453,47.444731007646716,25.066852569580078,11.272299976553768,1.5329000016208738,1,,0,9.703999996418133,1,0,,0,face,0.02370000584051013,1,,
1787921908.897203,1739,0.04417777061462402,22.63581855959416,14.961004257202148,31.924399983836338,0.005400012014433742,1,,0,8.056500024395064,1,0,23.83609997923486,1,face,0.017799990018829703,1,,
1787921908.9276397,1740,0.03043675422668457,32.855014452338615,1.9938945770263672,9.040200005983934,0.006199989002197981,1,,0,8.99929998558946,1,0,,0,face,0.020700012100860476,1,,
1787921909.0028412,1741,0.07520151138305664,13.297605082779043,1.9938945770263672,49.831500014988706,9.165800001937896,1,6.88660002197139,1,9.185699978843331,1,0,24.56789999268949,1,face,0.022599997464567423,1,,
1787921909.02578,1742,0.02293872833251953,43.59439570947491,32.97162055969238,11.20840001385659,1.3975999900139868,1,,0,9.770600008778274,1,0,,0,face,0.022899999748915434,1,,
1787921909.074341,1743,0.04856109619140625,20.59261586802828,19.945144653320312,37.29780000867322,7.619200012413785,1,,0,8.540400012861937,1,0,21.107500011567026,1,face,0.02099998528137803,1,,
1787921909.0922933,1744,0.01795220375061035,55.70346760163088,0.9965896606445312,8.02579999435693,0.006400019628927112,1,,0,7.989099976839498,1,0,,0,face,0.01960000372491777,1,,
1787921909.1647155,1745,0.07242226600646973,13.807908190979092,2.99072265625,45.145099982619286,7.627699989825487,1,6.418600009055808,1,9.016600000904873,1,0,22.057099995436147,1,face,0.02239999594166875,1,,
1787921909.1845074,1746,0.019791841506958008,50.525869442135566,25.66695213317871,10.027699987404048,2.344899985473603,1,,0,7.644900004379451,1,0,,0,face,0.025899993488565087,1,,
1787921909.2390578,1747,0.0545504093170166,18.331668130821107,10.970354080200195,43.92979998374358,7.775899983244017,1,,0,10.00969999586232,1,0,26.10709998407401,1,face,0.024300010409206152,1,,
1787921909.2628946,1748,0.023836851119995117,41.95184988847658,0.9973049163818359,10.521499993046746,1.6848999948706478,1,,0,8.790599997155368,1,0,,0,face,0.027700007194653153,1,,
1787921909.3267663,1749,0.06387162208557129,15.656405260230612,0.0,42.73590000229888,7.427999982610345,1,5.5302999971900135,1,9.19790001353249,1,0,20.55449999170378,1,face,0.02239999594166875,1,,
1787921909.3477106,1750,0.02094435691833496,47.74555761722085,20.6606388092041,10.909999982686713,1.7838999920058995,1,,0,9.087200014619157,1,0,,0,face,0.025599991204217076,1,,
1787921909.3997974,1751,0.052086830139160156,19.198711024040133,9.972333908081055,38.81229998660274,7.615000009536743,1,,0,6.858699984150007,1,0,24.308199994266033,1,face,0.019500002963468432,1,,
1787921909.4277246,1752,0.027927160263061523,35.80743586460068,0.9984970092773438,10.152300004847348,1.334200002020225,1,,0,8.784200006630272,1,0,,0,face,0.02039998071268201,1,,
1787921909.4986217,1753,0.07089710235595703,14.104948816938164,1.9943714141845703,48.053700011223555,7.848399982322007,1,5.7440999953541905,1,8.890700002666563,1,0,25.54299999610521,1,face,0.024600012693554163,1,,
1787921909.5205626,1755,0.021940946578979492,45.57688504460648,18.948793411254883,10.110000002896413,1.336699991952628,1,,0,8.737600001040846,1,0,,0,face,0.021500018192455173,1,,
1787921909.6264243,1756,0.10586166381835938,9.44629022377572,1.9946098327636719,38.84329998982139,7.278000004589558,1,,0,9.216100006597117,1,0,22.316199989290908,1,face,0.020199979189783335,1,,
1787921909.6463706,1757,0.01994633674621582,50.134519071012775,20.21312713623047,10.223499994026497,1.84910002280958,1,,0,8.339299994986504,1,0,,0,face,0.022799998987466097,1,,
1787921909.7078195,1758,0.06144881248474121,16.273707490251613,9.973526000976562,50.638799992157146,7.972599996719509,1,6.846900010714307,1,8.163899998180568,1,0,27.631400007521734,1,face,0.021299987565726042,1,,
1787921909.729273,1759,0.0214536190032959,46.61218230110132,36.803483963012695,10.848800011444837,1.5470999933313578,1,,0,9.265000000596046,1,0,,0,face,0.02400000812485814,1,,
1787921909.7904904,1760,0.061217308044433594,16.335249489803868,0.9977817535400391,39.404200011631474,8.161600009771064,1,,0,9.324599988758564,1,0,21.876200014958158,1,face,0.030399998649954796,1,,
1787921909.8103495,1761,0.01985907554626465,50.35481121315805,16.956090927124023,9.941800002707168,1.4226000057533383,1,,0,8.482899982482195,1,0,,0,face,0.024600012693554163,1,,
1787921909.8664286,1762,0.05607914924621582,17.83193956116371,4.216432571411133,46.07749998103827,7.6194000139366835,1,7.32210002024658,1,9.405899996636435,1,0,21.7026999744121,1,face,0.024399982066825032,1,,
1787921909.8918476,1763,0.025418996810913086,39.34065563007081,33.52546691894531,10.138399986317381,1.6343999886885285,1,,0,8.469599997624755,1,0,,0,face,0.022599997464567423,1,,
1787921909.9688747,1764,0.0770270824432373,12.982446800278574,8.977413177490234,41.77660000277683,8.247899997513741,1,,0,9.321400022599846,1,0,24.171700002625585,1,face,0.02409997978247702,1,,
1787921909.9908178,1765,0.021943092346191406,45.572428180277285,32.09209442138672,9.894799994071946,1.4708999951835722,1,,0,8.390100003452972,1,0,,0,face,0.022499996703118086,1,,
1787921910.0524526,1766,0.06163477897644043,16.22460592228691,17.952680587768555,50.369200005661696,7.92070000898093,1,6.177899980684742,1,8.967300003860146,1,0,27.27660001255572,1,face,0.02340000355616212,1,,
1787921910.0724006,1767,0.01994800567626953,50.13032461634077,44.09050941467285,9.966400015400723,1.8774000054690987,1,,0,8.057300001382828,1,0,,0,face,0.01920000067912042,1,,
1787921910.1228514,1768,0.050450801849365234,19.821290511611203,0.9984970092773438,38.467499980470166,7.856499985791743,1,,0,8.36970002274029,1,0,22.20649999799207,1,face,0.022899999748915434,1,,
1787921910.1467876,1769,0.02393627166748047,41.77760070122316,16.954898834228516,12.058299995260313,1.9351000082679093,1,,0,10.081399988848716,1,0,,0,face,0.027400004910305142,1,,
1787921910.2074172,1770,0.06062960624694824,16.493592188722722,10.970354080200195,46.828199992887676,8.0704000138212,1,6.993999995756894,1,9.53569999546744,1,0,22.19899999909103,1,face,0.0261999957729131,1,,
1787921910.2273636,1771,0.01994633674621582,50.134519071012775,33.91218185424805,10.392999975010753,1.690899982349947,1,,0,8.663999993586913,1,0,,0,face,0.02540001878514886,1,,
1787921910.3009825,1772,0.07361888885498047,13.5834704320228,2.993345260620117,48.96439998992719,7.991700025741011,1,,0,8.98749998304993,1,0,31.951199984177947,1,face,0.022599997464567423,1,,
1787921910.3233485,1773,0.022366046905517578,44.71062786483317,26.927947998046875,11.228000017581508,2.391899994108826,1,,0,8.751400018809363,1,0,,0,face,0.05299999611452222,1,,
1787921910.3815668,1774,0.05821824073791504,17.176747138440117,18.37944984436035,45.47459998866543,7.8532999905291945,1,6.081799976527691,1,8.547000004909933,1,0,22.96910001314245,1,face,0.020700012100860476,1,,
1787921910.402169,1775,0.02060222625732422,48.53844373466648,42.88434982299805,10.452999995322898,1.4778999902773649,1,,0,8.937899983720854,1,0,,0,face,0.024800014216452837,1,,
1787921910.4577813,1776,0.05561232566833496,17.981625259908682,0.9975433349609375,39.01509998831898,7.893100002547726,1,,0,9.604999999282882,1,0,21.47760000661947,1,face,0.02780000795610249,1,,
1787921910.4832413,1777,0.025460004806518555,39.27729030687256,20.80821990966797,10.915999999269843,1.669599994784221,1,,0,9.212400007527322,1,0,,0,face,0.022499996703118086,1,,
1787921910.5415516,1779,0.05831027030944824,17.149637528570434,2.9926300048828125,46.324399998411536,7.754899997962639,1,6.842600007075816,1,9.054399997694418,1,0,22.64919999288395,1,face,0.020500010577961802,1,,
1787921910.5971427,1780,0.05559110641479492,17.988488887745213,1.9941329956054688,9.894699993310496,1.5011999930720776,1,,0,8.356699981959537,1,0,,0,face,0.022799998987466097,1,,
1787921910.665611,1781,0.06846833229064941,14.605292206548574,1.9946098327636719,42.903699999442324,8.165900013409555,1,,0,8.323499991092831,1,0,26.382300013210624,1,face,0.021499989088624716,1,,
1787921910.6870394,1782,0.021428346633911133,46.66715622461809,28.92279624938965,10.817999980645254,2.112899994244799,1,,0,8.6689000017941,1,0,,0,face,0.02440001117065549,1,,
1787921910.7448046,1783,0.05776524543762207,17.311447262521412,20.9348201751709,43.659100017976016,7.687399978749454,1,6.569999997736886,1,8.705399988684803,1,0,20.670900004915893,1,face,0.022100022761151195,1,,
1787921910.766707,1784,0.02190232276916504,45.657257932836224,5.219221115112305,10.885900002904236,1.4930000179447234,1,,0,9.355599991977215,1,0,,0,face,0.02400000812485814,1,,
1787921910.832532,1785,0.06582498550415039,15.191799775435546,1.9948482513427734,46.166300016921014,6.838700006483123,1,,0,8.757899980992079,1,0,30.537800019374117,1,face,0.020700012100860476,1,,
1787921910.8514817,1786,0.01894974708557129,52.77115285414124,24.932861328125,9.512999997241423,1.270200009457767,1,,0,8.210500003769994,1,0,,0,face,0.020500010577961802,1,,
1787921910.9092805,1787,0.05779886245727539,17.301378565005404,15.166044235229492,48.08670000056736,9.14310000371188,1,6.3975999946706,1,8.566200005589053,1,0,23.953700001584366,1,face,0.022799998987466097,1,,
1787921910.9312215,1788,0.021940946578979492,45.57688504460648,4.98652458190918,9.777800005394965,1.539600023534149,1,,0,8.201899996493012,1,0,,0,face,0.02239999594166875,1,,
1787921910.9838214,1789,0.05259990692138672,19.011440485903364,0.9980201721191406,32.764800009317696,0.007800001185387373,1,,0,10.366400005295873,1,0,22.35749998362735,1,face,0.021799991372972727,1,,
1787921911.0057635,1790,0.021942138671875,45.574408901251736,12.96687126159668,8.807499980321154,0.006400019628927112,1,,0,8.770000014919788,1,0,,0,face,0.020499981474131346,1,,
1787921911.0626204,1791,0.05685687065124512,17.588023901876507,0.9973049163818359,46.0715000226628,7.501199987018481,1,5.496500001754612,1,8.55470000533387,1,0,24.493400007486343,1,face,0.022799998987466097,1,,
1787921911.1001475,1792,0.03752708435058594,26.647420584498093,2.991914749145508,12.33300002058968,2.17349999002181,1,,0,10.12520000222139,1,0,,0,face,0.01889999839477241,1,,
1787921911.1612587,1793,0.0611112117767334,16.363609408588516,2.5014877319335938,42.33510000631213,7.19170001684688,1,,0,8.062600012635812,1,0,27.045800001360476,1,face,0.023599975975230336,1,,
1787921911.1802084,1794,0.01894974708557129,52.77115285414124,23.44536781311035,9.167899988824502,0.006699992809444666,1,,0,9.131499973591417,1,0,,0,face,0.020000006770715117,1,,
1787921911.2445438,1795,0.06433534622192383,15.543555117439094,9.482145309448242,52.37059999490157,8.501100004650652,1,6.960900005651638,1,10.371100011980161,1,0,26.504799985559657,1,face,0.029799994081258774,1,,
1787921911.2671638,1796,0.022619962692260742,44.20873781291173,5.983591079711914,10.81420000991784,1.4088000170886517,1,,0,9.371599997393787,1,0,,0,face,0.022299995180219412,1,,
1787921911.3205693,1797,0.0534055233001709,18.72465502078134,1.0356903076171875,38.09330001240596,0.008600007276982069,1,,0,10.704200016334653,1,0,27.345700014848262,1,face,0.023200002033263445,1,,
1787921911.3430178,1798,0.02244853973388672,44.54632737159608,17.462968826293945,9.636000002501532,0.008400005754083395,1,,0,9.589599998435006,1,0,,0,face,0.024899985874071717,1,,
1787921911.4007204,1799,0.05770254135131836,17.330259232631743,10.202169418334961,42.79629999655299,0.006500020390376449,1,6.7922000016551465,1,7.958000001963228,1,0,28.0174000072293,1,face,0.020799983758479357,1,,
1787921911.4301648,1800,0.029444456100463867,33.96225070648345,1.5227794647216797,8.415300020715222,0.006799993570894003,1,,0,8.359800005564466,1,0,,0,face,0.019700004486367106,1,,
1787921911.4838676,1801,0.05370283126831055,18.62099215968319,1.993417739868164,28.71660000528209,0.007199996616691351,1,,0,8.668300026329234,1,0,20.012499997392297,1,face,0.019799976143985987,1,,
1787921911.5043216,1803,0.020453929901123047,48.89036018183938,3.9892196655273438,9.065199992619455,0.007000024197623134,1,,0,9.025699982885271,1,0,,0,face,0.021599989850074053,1,,
1787921911.6190658,1804,0.11474418640136719,8.715038481357736,0.9961128234863281,35.43590000481345,0.00689999433234334,1,5.254499992588535,1,7.915199996205047,1,0,22.238000005017966,1,face,0.019800005247816443,1,,
1787921911.6370149,1805,0.01794910430908203,55.71308644599118,9.97018814086914,8.120799990138039,0.006500020390376449,1,,0,8.06740002008155,1,0,,0,face,0.035999983083456755,1,,
1787921911.6812217,1806,0.044206857681274414,22.620924726427457,0.9975433349609375,30.560200015315786,0.006499991286545992,1,,0,9.579799982020631,1,0,20.94389998819679,1,face,0.02120001590810716,1,,
1787921911.7030313,1807,0.02180957794189453,45.851414578687304,10.835886001586914,10.189599997829646,0.007199996616691351,1,,0,10.148100001970306,1,0,,0,face,0.021500018192455173,1,,
1787921911.7946808,1808,0.09164953231811523,10.91113041940032,1.9965171813964844,41.21250001480803,0.008200004231184721,1,6.477300019469112,1,9.0094999759458,1,0,25.69260000018403,1,face,0.02300000051036477,1,,
1787921911.8166225,1809,0.021941661834716797,45.57539932630664,24.932861328125,9.251700015738606,0.007299997378140688,1,,0,9.208999981638044,1,0,,0,face,0.02340000355616212,1,,
1787921911.8565578,1810,0.03993535041809082,25.040471400170745,10.213375091552734,28.81129999877885,0.006399990525096655,1,,0,7.939000002807006,1,0,20.840999990468845,1,face,0.01650000922381878,1,,
1787921911.8755083,1811,0.018950462341308594,52.76916108902421,21.943092346191406,8.680099999764934,0.006400019628927112,1,,0,8.642899978440255,1,0,,0,face,0.019400002202019095,1,,
1787921911.9564104,1812,0.080902099609375,12.360618634477555,3.121614456176758,38.83870001300238,0.007299997378140688,1,6.302199995843694,1,8.41690000379458,1,0,24.09099999931641,1,face,0.01960000372491777,1,,
1787921911.986283,1813,0.029872655868530273,33.47542998523485,18.462657928466797,17.52590000978671,8.406100008869544,1,,0,9.085800003958866,1,0,,0,face,0.02169999061152339,1,,
1787921912.0258758,1814,0.039592742919921875,25.25715386838809,13.658761978149414,29.623899987200275,0.00589998671784997,1,,0,7.866600004490465,1,0,21.724199992604554,1,face,0.018799997633323073,1,,
1787921912.044825,1815,0.018949270248413086,52.77248078108683,22.938251495361328,8.846200013067573,0.006399990525096655,1,,0,8.809299994027242,1,0,,0,face,0.019700004486367106,1,,
1787921912.120813,1816,0.0759878158569336,13.160004518128993,2.9914379119873047,34.27560001728125,0.006099988240748644,1,5.399400019086897,1,8.103499974822626,1,0,20.746499998494983,1,face,0.01850002445280552,1,,
1787921912.1392019,1817,0.018388986587524414,54.38037573415966,14.400005340576172,9.100299997953698,0.006399990525096655,1,,0,9.064700017916039,1,0,,0,face,0.01930000144056976,1,,
1787921912.18564,1818,0.04643821716308594,21.53398776029901,4.986763000488281,34.93219998199493,0.006700021913275123,1,,0,9.484000009251758,1,0,25.41089997976087,1,face,0.020099978428333998,1,,
1787921912.2080705,1819,0.022430419921875,44.582312925170065,14.450311660766602,9.71779998508282,0.006900023436173797,1,,0,9.657699993113056,1,0,,0,face,0.040799990529194474,1,,
1787921912.2967663,1820,0.08869576454162598,11.274495520366004,0.9973049163818359,47.12219999055378,7.719599991105497,1,5.44050001190044,1,8.86900001205504,1,0,25.063199980650097,1,face,0.02680000034160912,1,,
1787921912.3167126,1821,0.01994633674621582,50.134519071012775,22.452354431152344,10.38019999396056,1.6110999858938158,1,,0,8.733599999686703,1,0,,0,face,0.0247000134550035,1,,
1787921912.3679516,1822,0.051239013671875,19.51637879690292,13.471126556396484,39.31779999402352,7.8575999941676855,1,,0,8.758200012380257,1,0,22.669099998893216,1,face,0.02300000051036477,1,,
1787921912.388911,1823,0.02095937728881836,47.711341144352176,32.442569732666016,10.261500021442771,0.008200004231184721,1,,0,10.216199996648356,1,0,,0,face,0.024100008886307478,1,,
1787921912.4627452,1824,0.07383418083190918,13.543862594976153,1.9941329956054688,45.0544000195805,7.607399980770424,1,6.653299991739914,1,9.337700001196936,1,0,21.428200008813292,1,face,0.024800014216452837,1,,
1787921912.4840982,1825,0.02135300636291504,46.8318129542993,24.444103240966797,10.139799996977672,0.007599999662488699,1,,0,10.098800004925579,1,0,,0,face,0.02139998832717538,1,,
1787921912.5335894,1827,0.049491167068481445,20.205625755729088,3.9920806884765625,36.689900007331744,0.00589998671784997,1,,0,8.704900013981387,1,0,27.947800001129508,1,face,0.020500010577961802,1,,
1787921912.5948012,1828,0.06121182441711426,16.336712874063746,1.9946098327636719,8.849200006807223,0.006599992047995329,1,,0,8.808999991742894,1,0,,0,face,0.020800012862309813,1,,
1787921912.6621404,1829,0.06733918190002441,14.850195262019325,1.993417739868164,41.46430001128465,6.587900017620996,1,6.22570002451539,1,6.950899987714365,1,0,21.678499993868172,1,face,0.0185999961104244,1,,
1787921912.684082,1830,0.021941661834716797,45.57539932630664,24.93596076965332,11.962299991864711,1.8454999953974038,1,,0,10.06900001084432,1,0,,0,face,0.03470000228844583,1,,
1787921912.7394576,1831,0.05537557601928711,18.05850289758979,14.960050582885742,41.06960000353865,7.982500013895333,1,,0,8.722800004761666,1,0,24.330499989446253,1,face,0.021799991372972727,1,,
1787921912.761677,1832,0.022219419479370117,45.00567627018617,1.9948482513427734,10.475799994310364,1.4820999931544065,1,,0,8.957300015026703,1,0,,0,face,0.023500004317611456,1,,
1787921912.8317876,1833,0.07011055946350098,14.263186710421165,2.9838085174560547,45.12640001485124,0.00589998671784997,1,6.360900006256998,1,10.210200009169057,1,0,28.529300005175173,1,face,0.01819999306462705,1,,
1787921912.8522666,1834,0.02047896385192871,48.8305954944991,27.247905731201172,9.440599998924881,0.006399990525096655,1,,0,9.404700016602874,1,0,,0,face,0.018499995348975062,1,,
1787921912.8992858,1835,0.047019243240356445,21.267888019552462,13.962268829345703,35.991699987789616,0.006399990525096655,1,,0,8.699500001966953,1,0,27.25839999038726,1,face,0.01810002140700817,1,,
1787921912.9281063,1836,0.028820514678955078,34.69750665938684,0.9970664978027344,8.8275000161957,0.006099988240748644,1,,0,8.788399980403483,1,0,,0,face,0.018300022929906845,1,,
1787921913.0017834,1837,0.07367706298828125,13.572745158952056,1.9943714141845703,48.441699997056276,7.075800007442012,1,6.391100003384054,1,8.892899990314618,1,0,26.057700015371665,1,face,0.021499989088624716,1,,
1787921913.0237243,1838,0.021940946578979492,45.57688504460648,27.927875518798828,11.994700005743653,1.8044000025838614,1,,0,10.145600012037903,1,0,,0,face,0.030099996365606785,1,,
1787921913.079653,1839,0.055928707122802734,17.87990553409895,19.94609832763672,42.15510000358336,8.072799973888323,1,,0,8.408900001086295,1,0,25.641099986387417,1,face,0.021500018192455173,1,,
1787921913.101594,1840,0.021940946578979492,45.57688504460648,6.981372833251953,9.083899989491329,0.006700021913275123,1,,0,9.043199999723583,1,0,,0,face,0.02239999594166875,1,,
1787921913.1689332,1841,0.06733918190002441,14.850195262019325,1.9946098327636719,47.48489998746663,8.444399980362505,1,7.0361999969463795,1,10.029300028691068,1,0,21.948799985693768,1,face,0.022099993657320738,1,,
1787921913.1908746,1842,0.021941423416137695,45.57589455497723,28.92303466796875,10.411800001747906,1.4722000050824136,1,,0,8.903600013582036,1,0,,0,face,0.02479998511262238,1,,
1787921913.2410176,1843,0.05014300346374512,19.942961747854408,17.953157424926758,39.181700005428866,7.121600006939843,1,,0,9.159000008367002,1,0,22.86860000458546,1,face,0.021899992134422064,1,,
1787921913.2624419,1844,0.021424293518066406,46.675984865346095,0.0,10.178099997574463,1.601299998583272,1,,0,8.541799994418398,1,0,,0,face,0.021899992134422064,1,,
1787921913.3318124,1845,0.06937050819396973,14.415347761383828,0.9989738464355469,44.63200000463985,7.753899990348145,1,6.17529998999089,1,9.960499999579042,1,0,20.71569999679923,1,face,0.022400025045499206,1,,
1787921913.3562558,1846,0.024443387985229492,40.91085902675497,25.636911392211914,11.91509998170659,1.8392000056337565,1,,0,10.030799981905147,1,0,,0,face,0.028300011763349175,1,,
1787921913.4102101,1847,0.053954362869262695,18.5341823500559,17.95220375061035,41.59510001773015,7.716799998888746,1,,0,8.67769998149015,1,0,25.167500018142164,1,face,0.022899999748915434,1,,
1787921913.4301577,1848,0.019947528839111328,50.131522960342316,1.9943714141845703,10.677299986127764,1.8150000250898302,1,,0,8.824799995636567,1,0,,0,face,0.02340000355616212,1,,
1787921913.508486,1849,0.07832837104797363,12.766766200046876,1.9960403442382812,53.93829999957234,7.900399999925867,1,6.700600002659485,1,9.423600014997646,1,0,29.88999997614883,1,face,0.020899984519928694,1,,
1787921913.528433,1851,0.019947052001953125,50.132721361637024,24.93453025817871,10.376199992606416,1.3964000099804252,1,,0,8.94739999785088,1,0,,0,face,0.02139998832717538,1,,
1787921913.623921,1852,0.09548783302307129,10.472538420244442,0.9973049163818359,38.7707999907434,6.923900014953688,1,,0,9.452400001464412,1,0,22.361299983458593,1,face,0.022299995180219412,1,,
1787921913.6408768,1853,0.016955852508544922,58.97668663348238,14.957427978515625,8.955699973739684,1.2815000081900507,1,,0,7.641700009116903,1,0,,0,face,0.02069998299703002,1,,
1787921913.7022295,1854,0.06135272979736328,16.299193260068705,0.9970664978027344,50.77020000317134,7.439300010446459,1,6.795199995394796,1,8.752499998081475,1,0,27.75780000956729,1,face,0.022599997464567423,1,,
1787921913.7221763,1855,0.019946813583374023,50.133320583770605,27.147293090820312,10.705199994845316,1.4059999957680702,1,,0,9.260599996196106,1,0,,0,face,0.027600006433203816,1,,
1787921913.7966716,1856,0.07449531555175781,13.423662851729523,0.9968280792236328,42.25960001349449,8.086299989372492,1,,0,9.515700017800555,1,0,24.624899990158156,1,face,0.02239999594166875,1,,
1787921913.8144658,1857,0.017794132232666016,56.19830104242035,19.788265228271484,9.418400004506111,1.5534999838564545,1,,0,7.83170000067912,1,0,,0,face,0.02239999594166875,1,,
1787921913.870862,1858,0.0563962459564209,17.731676693032558,7.976055145263672,47.09140001796186,7.495900004869327,1,8.625599992228672,1,8.49110001581721,1,0,22.440000000642613,1,face,0.0363999861292541,1,,
1787921913.889811,1859,0.018949031829833984,52.77314476962178,24.93453025817871,9.60959997610189,1.4082000125199556,1,,0,8.167099993443117,1,0,,0,face,0.022299995180219412,1,,
1787921913.9618082,1860,0.07199716567993164,13.889435654252958,2.9926300048828125,39.91399999358691,6.953900010557845,1,,0,8.586599986301735,1,0,24.34299999731593,1,face,0.019800005247816443,1,,
1787921913.9807749,1861,0.0189666748046875,52.72405470635559,19.807815551757812,11.190699995495379,1.6074000159278512,1,,0,9.548200003337115,1,0,,0,face,0.02449998282827437,1,,
1787921914.042176,1862,0.0614011287689209,16.286345545265693,7.979631423950195,49.72979999729432,8.66140000289306,1,6.575799983693287,1,7.80950000626035,1,0,26.6614000138361,1,face,0.018999999156221747,1,,
1787921914.0618377,1863,0.019661664962768555,50.86039264190525,35.469770431518555,9.98889998300001,1.3157000066712499,1,,0,8.632900018710643,1,0,,0,face,0.02829998265951872,1,,
1787921914.1335301,1864,0.07169246673583984,13.948466910542068,1.9948482513427734,45.129100006306544,8.385299996007234,1,,0,9.986499993829057,1,0,26.721600006567314,1,face,0.023600005079060793,1,,
1787921914.1529713,1865,0.01944112777709961,51.4373451718133,24.713993072509766,9.130999998888,2.0949000027030706,1,,0,6.991499976720661,1,0,,0,face,0.03360002301633358,1,,
1787921914.2114027,1866,0.058431386947631836,17.114089742491196,11.46388053894043,49.18930001440458,7.702700007939711,1,6.135000003268942,1,8.494600013364106,1,0,26.835299999220297,1,face,0.01829999382607639,1,,
1787921914.2293563,1867,0.01795363426208496,55.699029255142555,35.97855567932129,9.431400016183034,1.2626999814528972,1,,0,8.139200013829395,1,0,,0,face,0.020500010577961802,1,,
1787921914.298847,1868,0.06949067115783691,14.390420805242481,1.996755599975586,42.023299989523366,7.56950001232326,1,,0,8.499799994751811,1,0,25.915699981851503,1,face,0.020599982235580683,1,,
1787921914.317796,1869,0.018949031829833984,52.77314476962178,22.372961044311523,10.142799990717322,1.7973000067286193,1,,0,8.314300008350983,1,0,,0,face,0.019799976143985987,1,,
1787921914.3706605,1870,0.05286455154418945,18.916267532584676,7.9784393310546875,44.169000000692904,7.674199994653463,1,6.548800010932609,1,8.950499992351979,1,0,20.969999983208254,1,face,0.02269999822601676,1,,
1787921914.3911455,1871,0.02048492431640625,48.816387337057726,30.93266487121582,10.987799993017688,1.4352999860420823,1,,0,9.517999977106228,1,0,,0,face,0.021700019715353847,1,,
1787921914.4617238,1872,0.07057833671569824,14.168653534981607,1.9938945770263672,41.34080000221729,8.200600015698,1,,0,9.244899993063882,1,0,23.85820000199601,1,face,0.02579999272711575,1,,
1787921914.4814448,1873,0.019721031188964844,50.70728758644035,19.947528839111328,10.277299996232614,1.5379000105895102,1,,0,8.704300009412691,1,0,,0,face,0.022099993657320738,1,,
1787921914.5426373,1874,0.06119251251220703,16.341868619964156,8.973360061645508,49.22210000222549,8.43180000083521,1,6.691099988529459,1,8.57999999425374,1,0,25.49400000134483,1,face,0.021000014385208488,1,,
1787921914.567572,1875,0.024934768676757812,40.10464315765318,61.80000305175781,12.21429998986423,2.0135999948251992,1,,0,10.157200013054535,1,0,,0,face,0.029699993319809437,1,,
1787921914.6268,1876,0.059227943420410156,16.88392238950165,0.9975433349609375,40.42360000312328,7.940100011182949,1,,0,9.607100015273318,1,0,22.842999984277412,1,face,0.02169999061152339,1,,
1787921914.646748,1877,0.01994800567626953,50.13032461634077,17.95053482055664,10.385900008259341,1.341200026217848,1,,0,9.011000016471371,1,0,,0,face,0.020599982235580683,1,,
1787921914.7060366,1878,0.05928850173950195,16.866676854033795,7.978916168212891,49.725000018952414,7.579400000395253,1,8.2348000141792,1,8.129800000460818,1,0,25.758000003406778,1,face,0.020199979189783335,1,,
1787921914.7245946,1879,0.018558025360107422,53.88504329504869,29.528379440307617,10.064200003398582,1.3549000141210854,1,,0,8.674600016092882,1,0,,0,face,0.023999979021027684,1,,
1787921914.794265,1880,0.06967043876647949,14.353289827150185,1.9943714141845703,39.298999996390194,7.367899990640581,1,,0,9.26900000195019,1,0,22.630500025115907,1,face,0.021499989088624716,1,,
1787921914.8134387,1881,0.019173622131347656,52.1549863218105,17.951011657714844,10.31340000918135,1.3136999914422631,1,,0,8.966900000814348,1,0,,0,face,0.021299987565726042,1,,
1787921914.8690274,1882,0.055588722229003906,17.98926040933967,5.984067916870117,46.180699981050566,8.45249998383224,1,7.4702000129036605,1,8.613199985120445,1,0,21.61969998269342,1,face,0.021700019715353847,1,,
1787921914.8889728,1883,0.019945383071899414,50.136916217411574,29.656171798706055,9.660899988375604,1.5054999967105687,1,,0,8.121899998513982,1,0,,0,face,0.023500004317611456,1,,
1787921914.9586165,1884,0.06964373588562012,14.35879318195045,0.9973049163818359,37.593499990180135,0.007199996616691351,1,,0,10.692999989259988,1,0,26.860299985855818,1,face,0.02120001590810716,1,,
1787921914.9772508,1885,0.018634319305419922,53.66442334757798,16.787290573120117,8.720000012544915,0.006799993570894003,1,,0,8.677600009832531,1,0,,0,face,0.021499989088624716,1,,
1787921915.0356064,1886,0.05835556983947754,17.13632482299059,3.99017333984375,46.63339999387972,8.026700001209974,1,6.219000002602115,1,8.313099999213591,1,0,24.050100008025765,1,face,0.021799991372972727,1,,
1787921915.0566492,1887,0.021042823791503906,47.522139134375706,27.518033981323242,12.078500003553927,1.796900003682822,1,,0,10.247500002151355,1,0,,0,face,0.02030000905506313,1,,
1787921915.1268916,1888,0.07024240493774414,14.23641461146298,2.992391586303711,37.86280000349507,7.983100018464029,1,,0,8.684600004926324,1,0,21.162299992283806,1,face,0.021099986042827368,1,,
1787921915.1492183,1889,0.02232670783996582,44.78940680228523,18.32866668701172,11.856700002681464,2.2446000075433403,1,,0,9.576699987519532,1,0,,0,face,0.022799998987466097,1,,
1787921915.2028153,1890,0.05359697341918945,18.657769948665937,9.974002838134766,43.32040000008419,7.855200004996732,1,6.754300004104152,1,7.420600013574585,1,0,21.264699986204505,1,face,0.022499996703118086,1,,
1787921915.2227807,1891,0.019965410232543945,50.08662423424607,26.927471160888672,10.989400005200878,1.5841000131331384,1,,0,9.362000011606142,1,0,,0,face,0.029499991796910763,1,,
1787921915.291638,1892,0.06885719299316406,14.522811002465305,0.9977817535400391,38.836700026877224,0.007399998139590025,1,,0,9.431500016944483,1,0,29.3637000140734,1,face,0.02169999061152339,1,,
1787921915.309592,1893,0.017954111099243164,55.69754996348184,15.958547592163086,8.398600009968504,0.005600013537332416,1,,0,8.364199980860576,1,0,,0,face,0.018799997633323073,1,,
1787921915.3650916,1894,0.05549955368041992,18.018162916376696,2.05230712890625,44.969399983529,7.010100001934916,1,6.174100009957328,1,10.069599986309186,1,0,21.689699991839007,1,face,0.022799998987466097,1,,
1787921915.3830602,1895,0.01796865463256836,55.65246928323116,20.94244956970215,9.58299997728318,1.3418000016827136,1,,0,8.209400024497882,1,0,,0,face,0.021799991372972727,1,,
1787921915.46109,1896,0.07802987098693848,12.815604938875156,1.5053749084472656,39.1836000198964,7.615600014105439,1,,0,9.64530001510866,1,0,21.888500021304935,1,face,0.02239999594166875,1,,
1787921915.481037,1897,0.019946813583374023,50.133320583770605,18.942594528198242,10.566499986452982,1.5651000139769167,1,,0,8.952500007580966,1,0,,0,face,0.021899992134422064,1,,
1787921915.5419166,1899,0.06087970733642578,16.425834547362815,0.9822845458984375,49.259699997492135,6.616599974222481,1,7.288699998753145,1,8.243500022217631,1,0,27.089199982583523,1,face,0.01920000067912042,1,,
1787921915.5992756,1900,0.05735898017883301,17.43406170894626,2.992391586303711,10.44240000192076,1.4358999906107783,1,,0,8.969400019850582,1,0,,0,face,0.022199994418770075,1,,
1787921915.659736,1901,0.06046032905578613,16.539771046851403,0.9982585906982422,40.76879998319782,7.6283999951556325,1,,0,9.37720001093112,1,0,23.72929998091422,1,face,0.02269999822601676,1,,
1787921915.6796815,1902,0.019945621490478516,50.13631690932129,17.95172691345215,10.186999978031963,1.5202999929897487,1,,0,8.629799995105714,1,0,,0,face,0.025899993488565087,1,,
1787921915.737427,1903,0.05774545669555664,17.31737970784717,4.987239837646484,47.471199999563396,7.423300005029887,1,5.774899997049943,1,8.567599987145513,1,0,25.680299993837252,1,face,0.022099993657320738,1,,
1787921915.7653532,1904,0.027926206588745117,35.808658681305545,2.9921531677246094,10.559099988313392,1.5258000057656318,1,,0,8.99629999184981,1,0,,0,face,0.02269999822601676,1,,
1787921915.82555,1905,0.060196876525878906,16.612157602065874,0.9975433349609375,41.76069999812171,7.408600009512156,1,,0,9.689500002423301,1,0,24.628299986943603,1,face,0.022499996703118086,1,,
1787921915.8454974,1906,0.019947290420532227,50.132122153827765,18.7528133392334,10.741899983258918,1.6985000111162663,1,,0,9.006500011309981,1,0,,0,face,0.023499975213781,1,,
1787921915.8982232,1907,0.052725791931152344,18.96604988514479,5.983829498291016,42.50750000937842,8.559900015825406,1,5.675599997630343,1,7.78000001446344,1,0,20.47119999770075,1,face,0.018399994587525725,1,,
1787921915.932763,1908,0.03453993797302246,28.951991771990254,2.992391586303711,11.886399996001273,1.5515999984927475,1,,0,10.296199994627386,1,0,,0,face,0.02239999594166875,1,,
1787921915.9895065,1909,0.05674338340759277,17.6232000974794,1.995086669921875,38.57659999630414,7.541700004367158,1,,0,9.764799993718043,1,0,21.235299995169044,1,face,0.022799998987466097,1,,
1787921916.0070026,1910,0.017496109008789062,57.155565245830154,14.469385147094727,9.234700002707541,1.3482999929692596,1,,0,7.856599986553192,1,0,,0,face,0.020400009816512465,1,,
1787921916.0655665,1911,0.058563947677612305,17.075351639627904,0.0,46.565900003770366,8.107600006042048,1,7.405499985907227,1,9.013600007165223,1,0,22.014200018020347,1,face,0.022199994418770075,1,,
1787921916.0969899,1912,0.031423330307006836,31.823488797335337,0.9942054748535156,11.623400001553819,1.5875999815762043,1,,0,9.99640001100488,1,0,,0,face,0.022799998987466097,1,,
1787921916.1632297,1913,0.06623983383178711,15.096656228629017,2.9914379119873047,40.57790001388639,6.7644000228028744,1,,0,8.75200002337806,1,0,25.030900025740266,1,face,0.020099978428333998,1,,
1787921916.182179,1914,0.018949270248413086,52.77248078108683,22.18174934387207,9.721399983391166,0.007800001185387373,1,,0,9.675900015281513,1,0,,0,face,0.027000001864507794,1,,
1787921916.2389653,1915,0.056786298751831055,17.609881643637767,10.402917861938477,44.02589998790063,7.673699990846217,1,5.908799997996539,1,7.59019999532029,1,0,22.829199995612726,1,face,0.020800012862309813,1,,
1787921916.2654436,1916,0.026478290557861328,37.76678852491491,1.9941329956054688,9.493000019574538,0.006299989763647318,1,,0,9.454800019739196,1,0,,0,face,0.018699996871873736,1,,
1787921916.3316474,1917,0.06620383262634277,15.10486569023945,1.9936561584472656,42.783400014741346,0.007199996616691351,1,,0,10.27800000156276,1,0,32.46499999659136,1,face,0.022199994418770075,1,,
1787921916.351556,1918,0.019908666610717773,50.22938098032406,24.390220642089844,9.156099986284971,0.006400019628927112,1,,0,9.120300004724413,1,0,,0,face,0.017999991541728377,1,,
1787921916.407425,1919,0.05586886405944824,17.899057316360192,10.482072830200195,46.176600008038804,8.065399975748733,1,7.532400020863861,1,8.637799997814,1,0,21.918099984759465,1,face,0.02020000829361379,1,,
1787921916.4357586,1920,0.028333663940429688,35.29370582295523,1.9941329956054688,10.79790000221692,1.4627999917138368,1,,0,9.298299992224202,1,0,,0,face,0.023500004317611456,1,,
1787921916.488515,1921,0.052756309509277344,18.95507872521195,0.9977817535400391,36.44150000764057,7.872899994254112,1,,0,8.879600005457178,1,0,19.652699993457645,1,face,0.023900007363408804,1,,
1787921916.5095882,1923,0.021073341369628906,47.45331945512966,5.983591079711914,11.07950002187863,1.6083999944385141,1,,0,9.43339997320436,1,0,,0,face,0.023900007363408804,1,,
1787921916.6309955,1924,0.12140727043151855,8.236739006203617,0.9953975677490234,43.23800001293421,7.147500000428408,1,4.9922000034712255,1,8.748199994442984,1,0,22.326600010273978,1,face,0.020800012862309813,1,,
1787921916.6509445,1925,0.019948959350585938,50.12792810020078,19.866943359375,11.416199995437637,1.7674000118859112,1,,0,9.607099986169487,1,0,,0,face,0.03029999788850546,1,,
1787921916.7084146,1926,0.057470083236694336,17.40035760660784,11.966228485107422,46.010499994736165,7.300299999769777,1,,0,11.780100001487881,1,0,26.896399998804554,1,face,0.024100008886307478,1,,
1787921916.7273636,1927,0.018949031829833984,52.77314476962178,31.550884246826172,10.453900002175942,1.3843999768141657,1,,0,9.035399998538196,1,0,,0,face,0.022000021999701858,1,,
1787921916.803452,1928,0.07608842849731445,13.142602886525578,2.9921531677246094,49.24760002177209,8.212699991418049,1,6.758700008504093,1,8.703800005605444,1,0,25.546899996697903,1,face,0.022299995180219412,1,,
1787921916.821403,1929,0.017951011657714844,55.70716676406524,28.923511505126953,8.450199995422736,0.00969998654909432,1,,0,8.39169998653233,1,0,,0,face,0.03630001447163522,1,,
1787921916.8603003,1930,0.03889727592468262,25.70874119658958,10.969877243041992,29.767300002276897,0.006099988240748644,1,,0,8.78290002583526,1,0,20.947299984982237,1,face,0.018799997633323073,1,,
1787921916.8793683,1931,0.019068002700805664,52.44387761481426,20.662307739257812,9.256300021661445,0.007499998901039362,1,,0,9.21419999212958,1,0,,0,face,0.023600005079060793,1,,
1787921916.9705322,1932,0.09116387367248535,10.969257445033463,1.9927024841308594,49.08520000753924,7.175100006861612,1,5.796899989945814,1,10.324700007913634,1,0,25.763300014659762,1,face,0.022199994418770075,1,,
1787921916.9889903,1933,0.018458127975463867,54.17667497642697,27.024507522583008,10.435200005304068,0.007599999662488699,1,,0,10.391299991169944,1,0,,0,face,0.024900014977902174,1,,
1787921917.0337722,1934,0.04478192329406738,22.330438856619583,16.376733779907227,31.961900007445365,0.006599992047995329,1,,0,8.474600006593391,1,0,23.45100001548417,1,face,0.020499981474131346,1,,
1787921917.0507267,1935,0.016954421997070312,58.981662729215884,24.610519409179688,7.915299996966496,0.006399990525096655,1,,0,7.879400014644489,1,0,,0,face,0.01920000067912042,1,,
1787921917.133467,1936,0.08274030685424805,12.086007872336747,1.992940902709961,45.30480000539683,8.128600020427257,1,5.354099994292483,1,8.406000008108094,1,0,23.391199996694922,1,face,0.022199994418770075,1,,
1787921917.1499333,1937,0.016466379165649414,60.729805255918336,21.453380584716797,7.729199976893142,0.006499991286545992,1,,0,7.690099999308586,1,0,,0,face,0.02220002352260053,1,,
1787921917.1964474,1938,0.046514034271240234,21.49888771566527,9.972572326660156,36.311800009571016,0.00689999433234334,1,,0,9.339500014903024,1,0,26.93269998417236,1,face,0.022299995180219412,1,,
1787921917.2163944,1939,0.019947052001953125,50.132721361637024,23.82063865661621,8.17699998151511,0.008100003469735384,1,,0,8.132000017212704,1,0,,0,face,0.025899993488565087,1,,
1787921917.2994454,1940,0.08305096626281738,12.040799102029334,2.991199493408203,44.136400014394894,7.170500000938773,1,5.91160001931712,1,10.183999984292313,1,0,20.849599997745827,1,face,0.017900019884109497,1,,
1787921917.317398,1941,0.017952680587768555,55.70198807421081,21.845102310180664,9.960199997294694,1.503400009823963,1,,0,8.425100008025765,1,0,,0,face,0.021799991372972727,1,,
1787921917.3595312,1942,0.04213309288024902,23.734312665870675,10.969877243041992,32.73799997987226,1.6561000084038824,1,,0,9.637100010877475,1,0,21.403799997642636,1,face,0.028399983420968056,1,,
1787921917.3880606,1943,0.02852940559387207,35.051553973307925,20.941495895385742,16.981399996438995,7.647899998119101,1,,0,9.29260000702925,1,0,,0,face,0.02579999272711575,1,,
1787921917.438999,1944,0.05093836784362793,19.63156736921428,16.0214900970459,40.223099989816546,1.4440000231843442,1,6.576699990546331,1,9.668200014857575,1,0,22.50829999684356,1,face,0.023399974452331662,1,,
1787921917.468431,1945,0.029432058334350586,33.976556740949555,1.9953250885009766,17.457399982959032,8.284599985927343,1,,0,9.126299992203712,1,0,,0,face,0.031400006264448166,1,,
1787921917.516303,1946,0.047872066497802734,20.88900841675382,1.9898414611816406,32.33289998024702,1.3749999925494194,1,,0,8.938599989051,1,0,21.987399988574907,1,face,0.021000014385208488,1,,
1787921917.5362527,1947,0.019949674606323242,50.126130863459814,34.90567207336426,9.963100019376725,0.00689999433234334,1,,0,9.92380001116544,1,0,,0,face,0.021299987565726042,1,,
1787921917.598398,1948,0.062145233154296875,16.091338776011295,0.0,45.78710001078434,7.710600009886548,1,6.29229997866787,1,9.4628999941051,1,0,22.297400020761415,1,face,0.020700012100860476,1,,
1787921917.6306148,1949,0.032216787338256836,31.0397181910351,2.9916763305664062,10.946499998681247,1.5193999861367047,1,,0,9.38740000128746,1,0,,0,face,0.024800014216452837,1,,
1787921917.6925979,1950,0.06198310852050781,16.133427701018555,2.99072265625,42.80769999604672,7.942399999592453,1,,0,10.644699999829754,1,0,24.176099977921695,1,face,0.03190001007169485,1,,
1787921917.713542,1951,0.02094411849975586,47.74610113152563,20.13874053955078,11.36689999839291,1.7228000215254724,1,,0,9.595599985914305,1,0,,0,face,0.03649998689070344,1,,
1787921917.7731075,1952,0.05956554412841797,16.78822907827535,7.979869842529297,47.877200006041676,7.704000017838553,1,6.737599993357435,1,9.119800000917166,1,0,24.28929999587126,1,face,0.02400000812485814,1,,
1787921917.7935631,1953,0.020455598831176758,48.886371318344466,0.9975433349609375,10.071699973195791,1.753599994117394,1,,0,8.27930000377819,1,0,,0,face,0.021799991372972727,1,,
1787921917.8623786,1954,0.06881546974182129,14.531616273953428,1.9946098327636719,44.9019999941811,7.995799998752773,1,,0,10.140400001546368,1,0,26.72529997653328,1,face,0.027400004910305142,1,,
1787921917.8842568,1955,0.02187824249267578,45.70751057059413,22.938251495361328,13.010900001972914,2.2490999836008996,1,,0,10.717700002714992,1,0,,0,face,0.030399998649954796,1,,
1787921917.9412005,1956,0.056943655014038086,17.561219063888228,11.063575744628906,47.126299992669374,7.555699994554743,1,6.203199998708442,1,8.321700006490573,1,0,25.01979999942705,1,face,0.022599997464567423,1,,
1787921917.9636908,1957,0.022490262985229492,44.463686380935215,2.9947757720947266,11.810099997092038,1.487100002123043,1,,0,10.28539999970235,1,0,,0,face,0.024200009647756815,1,,
1787921918.0250094,1958,0.06131863594055176,16.308255796320992,1.9943714141845703,43.15589999896474,8.88360000681132,1,,0,10.743799997726455,1,0,23.488300008466467,1,face,0.02859998494386673,1,,
1787921918.0445964,1959,0.019587039947509766,51.05416656523115,16.54052734375,9.778000006917864,1.3057999894954264,1,,0,8.44059998053126,1,0,,0,face,0.021800020476803184,1,,
1787921918.1053002,1960,0.06070375442504883,16.47344566199285,2.9916763305664062,51.58900000969879,9.391200001118705,1,7.438999979058281,1,10.437000019010156,1,0,24.293200025567785,1,face,0.025999994250014424,1,,
1787921918.1286676,1961,0.02336740493774414,42.794653606774816,0.9968280792236328,10.834199987584725,1.553200010675937,1,,0,9.236700017936528,1,0,,0,face,0.024599983589723706,1,,
1787921918.1906967,1962,0.062029123306274414,16.121459512855107,1.9946098327636719,39.75170000921935,7.594099995912984,1,,0,9.48080001398921,1,0,22.643700009211898,1,face,0.02269999822601676,1,,
1787921918.2103844,1963,0.019687652587890625,50.79325712071304,19.304752349853516,10.5372000252828,1.5578999882563949,1,,0,8.944800007157028,1,0,,0,face,0.02400000812485814,1,,
1787921918.2712967,1964,0.060912370681762695,16.41702643990841,7.9784393310546875,50.266800011741,8.13850000849925,1,8.135300013236701,1,8.796099980827421,1,0,25.170600012643263,1,face,0.023100001271814108,1,,
1787921918.2927487,1965,0.021451950073242188,46.61580866008713,0.9975433349609375,10.582599992631003,2.0152000070083886,1,,0,8.530299994163215,1,0,,0,face,0.0219999928958714,1,,
1787921918.3640845,1966,0.0713357925415039,14.018208312723091,3.048419952392578,43.2423000165727,8.259800000814721,1,,0,9.340699994936585,1,0,25.604199996450916,1,face,0.022000021999701858,1,,
1787921918.3864448,1967,0.02236032485961914,44.72206939202013,25.440692901611328,11.2039000086952,1.4229999796953052,1,,0,9.743700007675216,1,0,,0,face,0.024200009647756815,1,,
1787921918.444115,1968,0.05767011642456055,17.340003141975973,13.595104217529297,47.55360001581721,9.923000005073845,1,6.832399987615645,1,10.388099995907396,1,0,20.381600013934076,1,face,0.02549999044276774,1,,
1787921918.464061,1969,0.01994609832763672,50.1351183361224,4.986047744750977,9.606300009181723,1.3710000202991068,1,,0,8.204100013244897,1,0,,0,face,0.020499981474131346,1,,
1787921918.5212383,1970,0.05717730522155762,17.48945663187654,2.981424331665039,37.243800004944205,8.105199987767264,1,,0,7.920299976831302,1,0,21.146000013686717,1,face,0.04450001870281994,1,,
1787921918.5431802,1971,0.0219419002532959,45.57490410839826,41.45169258117676,10.71639999281615,1.9164000113960356,1,,0,8.76060000155121,1,0,,0,face,0.024699984351173043,1,,
1787921918.6077154,1972,0.06453514099121094,15.495433722476726,4.985570907592773,52.494200004730374,8.769300009589642,1,7.294700015336275,1,9.26150000304915,1,0,27.138799981912598,1,face,0.025999994250014424,1,,
1787921918.6278238,1973,0.020108461380004883,49.73030910233457,1.1546611785888672,10.155500000109896,1.5650000132154673,1,,0,8.537399990018457,1,0,,0,face,0.03580001066438854,1,,
1787921918.6884196,1974,0.06059575080871582,16.502807319884955,1.9946098327636719,38.270499993814155,7.50440001138486,1,,0,8.766799990553409,1,0,21.962700004223734,1,face,0.027000001864507794,1,,
1787921918.7063987,1975,0.017979145050048828,55.619997347831855,13.959646224975586,9.397199988598004,1.319700008025393,1,,0,8.04659997811541,1,0,,0,face,0.021100015146657825,1,,
1787921918.7602434,1976,0.05384469032287598,18.571933351340103,1.9924640655517578,43.441399990115315,8.333100005984306,1,6.248699995921925,1,8.197499992093071,1,0,20.636900007957593,1,face,0.022299995180219412,1,,
1787921918.7952178,1977,0.03497433662414551,28.592393638414922,1.5082359313964844,11.488599993754178,1.621500006876886,1,,0,9.824799984926358,1,0,,0,face,0.02519998815841973,1,,
1787921918.862098,1978,0.0668802261352539,14.95210255386502,2.9916763305664062,43.112599989399314,7.306599989533424,1,,0,9.543699998175725,1,0,26.230599993141368,1,face,0.02030000905506313,1,,
1787921918.8840394,1979,0.021941423416137695,45.57589455497723,24.932861328125,10.71039997623302,1.5595000004395843,1,,0,9.111100021982566,1,0,,0,face,0.028099981136620045,1,,
1787921918.9359014,1980,0.05186200141906738,19.28194000689576,9.97304916381836,43.20169999846257,7.20799999544397,1,6.71610000426881,1,8.124799991492182,1,0,21.130300010554492,1,face,0.019700004486367106,1,,
1787921918.960345,1981,0.024443626403808594,40.91045998985604,1.9943714141845703,10.374000004958361,0.008000002708286047,1,,0,10.319900000467896,1,0,,0,face,0.024899985874071717,1,,
1787921919.0166464,1982,0.05630135536193848,17.7615617523132,1.9943714141845703,31.179799989331514,0.006699992809444666,1,,0,8.70299999951385,1,0,22.44030000292696,1,face,0.019700004486367106,1,,
1787921919.035596,1983,0.018949508666992188,52.771816809260194,8.97526741027832,9.524699999019504,0.007199996616691351,1,,0,9.484200010774657,1,0,,0,face,0.02300000051036477,1,,
1787921919.0996108,1984,0.06401491165161133,15.621360308084231,2.0666122436523438,48.04369999328628,8.250300015788525,1,6.590800010599196,1,7.819499995093793,1,0,25.35909999278374,1,face,0.021199986804276705,1,,
1787921919.1285324,1985,0.02892160415649414,34.57622871086344,2.991914749145508,9.22429998172447,0.00689999433234334,1,,0,9.182299982057884,1,0,,0,face,0.021700019715353847,1,,
1787921919.1855273,1986,0.05699491500854492,17.54542488308081,1.9969940185546875,34.94690000661649,0.00680002267472446,1,,0,8.733399998163804,1,0,26.178100000834092,1,face,0.01930000144056976,1,,
1787921919.2059822,1987,0.020454883575439453,48.888080751567706,11.96742057800293,9.86910000210628,0.007199996616691351,1,,0,9.828399983234704,1,0,,0,face,0.02190002123825252,1,,
1787921919.2612674,1988,0.05528521537780762,18.088018526584527,1.9936561584472656,43.041199998697266,0.005999987479299307,1,6.356800004141405,1,8.327299990924075,1,0,28.32979999948293,1,face,0.019500002963468432,1,,
1787921919.2931807,1989,0.03191328048706055,31.33491714853497,1.9938945770263672,8.36370000615716,0.006300018867477775,1,,0,8.323399990331382,1,0,,0,face,0.019500002963468432,1,,
1787921919.3523932,1990,0.059212446212768555,16.888341285659642,1.9941329956054688,34.603699983563274,0.00689999433234334,1,,0,10.269300022628158,1,0,24.292699992656708,1,face,0.02300000051036477,1,,
1787921919.3719432,1991,0.019550085067749023,51.15067256917767,17.077207565307617,8.552899991627783,0.006599992047995329,1,,0,8.500199997797608,1,0,,0,face,0.035900011425837874,1,,
1787921919.427071,1992,0.055127859115600586,18.13964873736609,0.9977817535400391,43.36650000186637,0.007099995855242014,1,6.377999990945682,1,9.52960000722669,1,0,27.428500005044043,1,face,0.021499989088624716,1,,
1787921919.4602506,1993,0.033179521560668945,30.139072324219452,1.9946098327636719,9.778799983905628,0.05120001151226461,1,,0,9.688899997854605,1,0,,0,face,0.02099998528137803,1,,
1787921919.5183258,1994,0.0580751895904541,17.219057002689,2.9921531677246094,31.261399999493733,0.006200018106028438,1,,0,8.053599973209202,1,0,23.17360002780333,1,face,0.018999999156221747,1,,
1787921919.5387025,1995,0.02037668228149414,49.07570261858517,34.90471839904785,9.752600017236546,0.0481999886687845,1,,0,9.672999993199483,1,0,,0,face,0.018699996871873736,1,,
1787921919.5944767,1996,0.05577421188354492,17.92943308796498,1.995086669921875,41.20189999230206,0.007599999662488699,1,6.238200003281236,1,9.93110000854358,1,0,25.000900001032278,1,face,0.022299995180219412,1,,
1787921919.6293857,1997,0.03490900993347168,28.645899780766158,2.991914749145508,9.408899990376085,0.006600021151825786,1,,0,9.36680001905188,1,0,,0,face,0.019499973859637976,1,,
1787921919.6854782,1998,0.05609250068664551,17.827695106452612,2.9914379119873047,32.48110000276938,0.007299997378140688,1,,0,9.635700000217184,1,0,22.80629999586381,1,face,0.02099998528137803,1,,
1787921919.706422,1999,0.020943880081176758,47.746644658204794,13.962268829345703,10.324300004867837,0.008100003469735384,1,,0,10.275500011630356,1,0,,0,face,0.02680000034160912,1,,
1787921919.7588966,2000,0.0524744987487793,19.056875698565158,1.9948482513427734,38.97190000861883,0.007299997378140688,1,6.57090000458993,1,9.395700006280094,1,0,22.974699997575954,1,face,0.021199986804276705,1,,
1787921919.7957985,2001,0.03690195083618164,27.09883833619765,1.993417739868164,8.188500010874122,0.006599992047995329,1,,0,8.148399996571243,1,0,,0,face,0.018999999156221747,1,,
1787921919.8534427,2002,0.05764412879943848,17.34782051229025,0.9984970092773438,33.63069999613799,0.00689999433234334,1,,0,9.34000001871027,1,0,24.254200019640848,1,face,0.01920000067912042,1,,
1787921919.8723934,2003,0.018950700759887695,52.7684972007297,11.967658996582031,8.965899993199855,0.006299989763647318,1,,0,8.92520000343211,1,0,,0,hover,0.023600005079060793,1,,
1787921919.925371,2004,0.052977561950683594,18.875915825097657,1.9941329956054688,36.78979998221621,0.006100017344579101,1,6.807900004787371,1,7.950400002300739,1,0,22.003599995514378,1,hover,0.020299979951232672,1,,
1787921919.9630575,2005,0.03768658638000488,26.53463993572427,1.995086669921875,9.997699991799891,0.006200018106028438,1,,0,9.953999979188666,1,0,,0,hover,0.023100001271814108,1,,
1787921920.0189078,2006,0.05585026741027832,17.90501722496617,1.993417739868164,31.14929998992011,0.007700000423938036,1,,0,9.220800013281405,1,0,21.888099989155307,1,hover,0.022799998987466097,1,,
1787921920.0375078,2007,0.018599987030029297,53.76347835003973,11.967897415161133,9.168399992631748,0.005900015821680427,1,,0,9.131700004218146,1,0,,0,hover,0.021899992134422064,1,,
1787921920.0890853,2008,0.05157756805419922,19.38827357949818,1.9946098327636719,36.55980000621639,0.005699985194951296,1,6.319900014204904,1,8.281199989141896,1,0,21.929699985776097,1,hover,0.021500018192455173,1,,
1787921920.1275098,2009,0.03842449188232422,26.025067632970142,0.0,8.243399992352352,0.006400019628927112,1,,0,8.202700002584606,1,0,,0,hover,0.02099998528137803,1,,
1787921920.1801317,2010,0.05262184143066406,19.00351589401573,2.9921531677246094,29.231200023787096,0.006999995093792677,1,,0,8.541699993656948,1,0,20.651700004236773,1,hover,0.02160001895390451,1,,
1787921920.200081,2011,0.01994943618774414,50.12672992805412,6.982088088989258,10.396099998615682,0.007199996616691351,1,,0,10.350800002925098,1,0,,0,hover,0.026299996534362435,1,,
1787921920.2527957,2012,0.05271458625793457,18.970081546442575,0.9934902191162109,36.84449999127537,0.006199989002197981,1,6.164600024931133,1,7.682399998884648,1,0,22.96779997413978,1,hover,0.0219999928958714,1,,
1787921920.292909,2013,0.040113210678100586,24.929443021272295,1.9941329956054688,8.595400024205446,0.006399990525096655,1,,0,8.537499990779907,1,0,,0,hover,0.03740002284757793,1,,
1787921920.3751047,2014,0.08219575881958008,12.166077841011273,1.9869804382324219,56.72590000904165,0.005499983672052622,1,,0,9.513600001810119,1,0,47.1759999927599,1,hover,0.020700012100860476,1,,
1787921920.395454,2016,0.02034926414489746,49.14182610631393,3.8864612579345703,9.55340001382865,0.007700000423938036,1,,0,9.508200018899515,1,0,,0,hover,0.024599983589723706,1,,
1787921920.4859095,2017,0.09045553207397461,11.05515579945071,2.50244140625,33.69460001704283,0.006299989763647318,1,5.2092999976594,1,8.893099991837516,1,0,19.56169999903068,1,hover,0.022700027329847217,1,,
1787921920.5040781,2019,0.01816868782043457,55.03974804802834,2.9916763305664062,9.190199984004721,0.006799993570894003,1,,0,9.14740000735037,1,0,,0,hover,0.024300010409206152,1,,
1787921920.580309,2020,0.07623076438903809,13.118063396250019,1.0466575622558594,30.2912000042852,0.012600008631125093,1,,0,8.859199995640665,1,0,21.37950001633726,1,hover,0.029799994081258774,1,,
1787921920.626555,2021,0.04624605178833008,21.623467546527813,1.9984245300292969,9.452800004510209,0.005600013537332416,1,,0,9.410800004843622,1,0,,0,hover,0.021199986804276705,1,,
1787921920.6878695,2022,0.06131458282470703,16.3093338310547,1.9958019256591797,40.239699999801815,0.007299997378140688,1,5.824600026244298,1,9.812799980863929,1,0,24.567399988882244,1,hover,0.025500019546598196,1,,
1787921920.7062206,2023,0.018351078033447266,54.49271144601793,13.962268829345703,9.392800013301894,0.005599984433501959,1,,0,9.354199981316924,1,0,,0,hover,0.022000021999701858,1,,
1787921920.750753,2024,0.04453229904174805,22.455611354413165,2.9921531677246094,30.20239999750629,0.005599984433501959,1,,0,8.379500010050833,1,0,21.784499986097217,1,hover,0.0219999928958714,1,,
1787921920.796353,2025,0.045600175857543945,21.9297399888111,2.9921531677246094,11.58469999791123,0.009200011845678091,1,,0,11.528699978953227,1,0,,0,hover,0.0315000070258975,1,,
1787921920.8537214,2026,0.05736827850341797,17.43123597373452,1.9953250885009766,35.42490000836551,0.007100024959072471,1,6.879199994727969,1,9.536500001559034,1,0,18.97790000657551,1,hover,0.022199994418770075,1,,
1787921920.8756835,2027,0.02196216583251953,45.5328498849277,17.972707748413086,9.24819998908788,0.006399990525096655,1,,0,9.205799986375496,1,0,,0,hover,0.023500004317611456,1,,
1787921920.9185688,2028,0.04288530349731445,23.318011496936744,4.98652458190918,30.915699986508116,0.006400019628927112,1,,0,8.705300017027184,1,0,22.169499978190288,1,hover,0.02479998511262238,1,,
1787921920.9599683,2029,0.041399478912353516,24.154893401366028,2.9914379119873047,10.358700004871935,0.008000002708286047,1,,0,10.305600007995963,1,0,,0,hover,0.02680000034160912,1,,
1787921921.0253603,2030,0.06539201736450195,15.292386445671116,1.992940902709961,39.62399999727495,0.007099995855242014,1,7.080800016410649,1,8.553499996196479,1,0,23.958299978403375,1,hover,0.022899999748915434,1,,
1787921921.0467043,2031,0.02134394645690918,46.85169174402109,20.714998245239258,10.539600014453754,0.007799972081556916,1,,0,10.491900000488386,1,0,,0,hover,0.026100024115294218,1,,
1787921921.0925777,2032,0.045873403549194336,21.799123732504533,11.963129043579102,33.33849998307414,0.008100003469735384,1,,0,10.739899997133762,1,0,22.551899979589507,1,hover,0.02710000262595713,1,,
1787921921.1244006,2033,0.031822919845581055,31.423892114628206,0.9973049163818359,9.852799994405359,0.008199975127354264,1,,0,9.801599982893094,1,0,,0,hover,0.026200024876743555,1,,
1787921921.1844964,2034,0.060095787048339844,16.64010156311989,2.992391586303711,32.97729999758303,0.006199989002197981,1,5.736299994168803,1,8.963500004028901,1,0,18.24869998381473,1,hover,0.021000014385208488,1,,
1787921921.2024472,2035,0.017950773239135742,55.70790665550995,10.9710693359375,8.822800009511411,0.006199989002197981,1,,0,8.782499993685633,1,0,,0,hover,0.02440001117065549,1,,
1787921921.2476623,2036,0.04521512985229492,22.116490724824146,1.9977092742919922,31.810999993467703,0.007700000423938036,1,,0,9.09109998610802,1,0,22.677900007693097,1,hover,0.024300010409206152,1,,
1787921921.2909162,2037,0.04325389862060547,23.119303274170434,0.9989738464355469,10.122499981662259,0.008100003469735384,1,,0,10.067700000945479,1,0,,0,hover,0.026599998818710446,1,,
1787921921.353945,2038,0.06302881240844727,15.86575982932494,1.9948482513427734,35.3643000125885,0.009800016414374113,1,5.653000000165775,1,10.562100011156872,1,0,19.10400000633672,1,hover,0.03279998782090843,1,,
1787921921.3753915,2039,0.02144646644592285,46.62772781341367,17.766475677490234,8.79469999927096,0.007299997378140688,1,,0,8.751199988182634,1,0,,0,hover,0.02269999822601676,1,,
1787921921.4133055,2040,0.03791403770446777,26.375455122843864,2.9931068420410156,25.478099996689707,0.006299989763647318,1,,0,7.298700016690418,1,0,18.141399981686845,1,hover,0.022299995180219412,1,,
1787921921.458963,2041,0.04565739631652832,21.90225638508415,0.0,9.212800010573119,0.00689999433234334,1,,0,9.168899996438995,1,0,,0,hover,0.02269999822601676,1,,
1787921921.51825,2042,0.059287071228027344,16.867083822606848,1.0077953338623047,35.02499999012798,0.008499977411702275,1,5.391399987274781,1,9.930500003974885,1,0,19.664499995997176,1,hover,0.027900008717551827,1,,
1787921921.53921,2043,0.020960092544555664,47.7097130117275,38.8941764831543,8.575900021241978,0.00580001506023109,1,,0,8.538299996871501,1,0,,0,hover,0.021499989088624716,1,,
1787921921.5868504,2044,0.047640323638916016,20.990621465533636,2.994060516357422,32.506999996257946,0.012400007108226418,1,,0,8.474200003547594,1,0,23.977200005901977,1,hover,0.03259998629800975,1,,
1787921921.626816,2045,0.03996562957763672,25.02149998806882,1.9941329956054688,10.484900005394593,0.00790000194683671,1,,0,10.434499999973923,1,0,,0,hover,0.027700007194653153,1,,
1787921921.684662,2046,0.0578460693359375,17.28725929833817,1.9927024841308594,32.625699997879565,0.007499998901039362,1,5.350000021280721,1,9.027699998114258,1,0,18.215799995232373,1,hover,0.023100001271814108,1,,
1787921921.7038882,2047,0.01922607421875,52.01269841269841,12.96544075012207,9.502200002316386,0.01930000144056976,1,,0,9.447899996303022,1,0,,0,hover,0.023500004317611456,1,,
1787921921.743781,2048,0.03989291191101074,25.0671097219151,1.9955635070800781,27.957500016782433,0.006399990525096655,1,,0,8.269600017229095,1,0,19.648600020445883,1,hover,0.022499996703118086,1,,
1787921921.7962492,2049,0.052468061447143555,19.059213784892783,1.9943714141845703,10.375200014095753,0.00790000194683671,1,,0,10.326099989470094,1,0,,0,hover,0.026699999580159783,1,,
1787921921.8577447,2050,0.06149554252624512,16.261341211409253,2.992391586303711,39.95389997726306,0.008800008799880743,1,6.651299976510927,1,10.174499999266118,1,0,23.090300004696473,1,hover,0.026599998818710446,1,,
1787921921.8771565,2051,0.019411802291870117,51.51505176924305,20.942211151123047,7.918899995274842,0.00580001506023109,1,,0,7.881199999246746,1,0,,0,hover,0.021099986042827368,1,,
1787921921.9201183,2052,0.042961835861206055,23.27647271011959,3.99017333984375,32.961799995973706,0.008000002708286047,1,,0,10.254599998006597,1,0,22.661800001515076,1,hover,0.026299996534362435,1,,
1787921921.9627242,2053,0.04260587692260742,23.47094044834417,0.5209445953369141,10.704900021664798,0.006999995093792677,1,,0,10.655099991708994,1,0,,0,hover,0.024800014216452837,1,,
1787921922.0213351,2054,0.05861091613769531,17.06166813108139,1.9946098327636719,36.452800006372854,0.006699992809444666,1,6.631500000366941,1,9.95789997978136,1,0,19.830400007776916,1,hover,0.024300010409206152,1,,
1787921922.04128,2055,0.01994490623474121,50.13811487657642,14.959335327148438,9.240399987902492,0.006700021913275123,1,,0,9.196900005917996,1,0,,0,hover,0.02509998739697039,1,,
1787921922.0806205,2056,0.03934049606323242,25.41909991151837,2.9916763305664062,28.154100000392646,0.006299989763647318,1,,0,8.765400008996949,1,0,19.350299990037456,1,hover,0.022299995180219412,1,,
1787921922.1274955,2057,0.046875,21.333333333333332,2.9921531677246094,7.795400015311316,0.007299997378140688,1,,0,7.75180000346154,1,0,,0,hover,0.023600005079060793,1,,
1787921922.183996,2058,0.05650043487548828,17.69897881677779,1.0020732879638672,34.56980001647025,0.007399998139590025,1,5.996499996399507,1,9.522499982267618,1,0,19.01780001935549,1,hover,0.02370000584051013,1,,
1787921922.2050455,2059,0.02104949951171875,47.5070677781805,12.92109489440918,9.278200013795868,0.006799993570894003,1,,0,9.228299983078614,1,0,,0,hover,0.023600005079060793,1,,
1787921922.2494354,2060,0.044389963150024414,22.527615006579477,2.992391586303711,29.91650000330992,0.006199989002197981,1,,0,8.915500016883016,1,0,20.96170000731945,1,hover,0.023100001271814108,1,,
1787921922.295151,2061,0.0457155704498291,21.874385251245144,2.989530563354492,8.87180000427179,0.008100003469735384,1,,0,8.747200015932322,1,0,,0,hover,0.10189999011345208,1,,
1787921922.355753,2062,0.06060194969177246,16.501119272335288,0.9996891021728516,37.31680000782944,0.006500020390376449,1,6.386900000507012,1,8.204699988709763,1,0,22.694600018439814,1,hover,0.022499996703118086,1,,
1787921922.3738441,2063,0.018091201782226562,55.27548761201898,16.862869262695312,8.586399984778836,0.007199996616691351,1,,0,8.54290000279434,1,0,,0,hover,0.023900007363408804,1,,
1787921922.4147518,2064,0.04090762138366699,24.44532256278449,0.9980201721191406,29.140700004063547,0.006400019628927112,1,,0,8.472999994410202,1,0,20.630200015148148,1,hover,0.021799991372972727,1,,
1787921922.4586875,2065,0.04393577575683594,22.76049489906664,1.9915103912353516,8.516600006259978,0.00589998671784997,1,,0,8.474400005070493,1,0,,0,hover,0.022099993657320738,1,,
1787921922.5207953,2066,0.06210780143737793,16.101036856187548,1.1606216430664062,35.513500013621524,0.006099988240748644,1,6.018899992341176,1,8.383399981539696,1,0,21.08160001807846,1,hover,0.021800020476803184,1,,
1787921922.539741,2067,0.018945693969726562,52.78244236383771,38.89298439025879,9.222000022418797,0.00689999433234334,1,,0,9.178800013614818,1,0,,0,hover,0.023500004317611456,1,,
1787921922.580722,2068,0.04098105430603027,24.40151960299499,0.9868144989013672,29.80519999982789,0.006000016583129764,1,,0,8.82739998633042,1,0,20.93810000224039,1,hover,0.02340000355616212,1,,
1787921922.6268125,2069,0.04609036445617676,21.69650884298846,0.9968280792236328,9.222399996360764,0.007299997378140688,1,,0,9.177800006000325,1,0,,0,hover,0.022299995180219412,1,,
1787921922.688547,2070,0.06173443794250488,16.198414261604352,2.992868423461914,37.820199999259785,0.006999995093792677,1,6.363599997712299,1,10.330999997677281,1,0,21.094099996844307,1,hover,0.02269999822601676,1,,
1787921922.7069054,2071,0.018358469009399414,54.47077310684277,15.679597854614258,9.037300013005733,0.006799993570894003,1,,0,8.99619999108836,1,0,,0,hover,0.022899999748915434,1,,
1787921922.7487955,2072,0.04189014434814453,23.871963574274332,2.9926300048828125,30.642199999419972,0.01270000939257443,1,,0,8.211500011384487,1,0,22.374399995896965,1,hover,0.03329999162815511,1,,
1787921922.7921531,2073,0.04335761070251465,23.064001539688213,0.9984970092773438,8.736199990380555,0.04849999095313251,1,,0,8.646100002806634,1,0,,0,gesture,0.027400004910305142,1,0.03890000516548753,1
1787921922.8563468,2074,0.0641937255859375,15.577846446398858,0.99945068359375,36.646799999289215,0.013599987141788006,1,5.5235000036191195,1,8.767999999690801,1,0,22.30699997744523,1,gesture,0.031800009310245514,1,,
1787921922.8752966,2075,0.01894974708557129,52.77115285414124,15.956878662109375,8.381599996937439,0.005999987479299307,1,,0,8.345600013853982,1,0,,0,gesture,0.01930000144056976,1,,
1787921922.9207015,2076,0.045404911041259766,22.024049316852373,0.9963512420654297,35.529399989172816,0.007099995855242014,1,,0,9.057599992956966,1,0,26.432299986481667,1,gesture,0.022199994418770075,1,,
1787921922.9632158,2077,0.04251432418823242,23.52148409022084,1.9941329956054688,9.573299990734085,0.007199996616691351,1,,0,9.522100008325651,1,0,,0,gesture,0.023500004317611456,1,,
1787921923.0341213,2078,0.07090544700622559,14.103288847642393,1.995086669921875,48.092300014104694,0.008199975127354264,1,6.316699989838526,1,9.582600003341213,1,0,32.15870002168231,1,gesture,0.024300010409206152,1,,
1787921923.0541248,2079,0.020003557205200195,49.99110856843184,26.928424835205078,8.985699998447672,0.005599984433501959,1,,0,8.948700007749721,1,0,,0,gesture,0.01960000372491777,1,,
1787921923.0947223,2080,0.04059743881225586,24.632095749304078,12.398481369018555,31.532399996649474,0.007399998139590025,1,,0,8.892400015611202,1,0,22.60019999812357,1,gesture,0.022499996703118086,1,,
1787921923.1306262,2081,0.0359039306640625,27.852103697407564,0.9973049163818359,8.53839999763295,0.006099988240748644,1,,0,8.495799993397668,1,0,,0,gesture,0.022499996703118086,1,,
1787921923.1954472,2082,0.06482100486755371,15.427098084074165,2.9916763305664062,39.541700010886416,0.006600021151825786,1,6.757399998605251,1,8.631000004243106,1,0,24.1204000194557,1,gesture,0.024299981305375695,1,,
1787921923.2133987,2083,0.017951488494873047,55.705687040136,20.94268798828125,8.536699984688312,0.006799993570894003,1,,0,8.498699986375868,1,0,,0,gesture,0.02090001362375915,1,,
1787921923.2618754,2084,0.0484766960144043,20.628468567718837,5.980253219604492,37.02570000314154,0.006299989763647318,1,,0,9.308700013207272,1,0,27.682999992975965,1,gesture,0.01819999306462705,1,,
1787921923.2957842,2085,0.033908843994140625,29.490831364607942,2.9921531677246094,7.976299995789304,0.006999995093792677,1,,0,7.932299980893731,1,0,,0,gesture,0.022499996703118086,1,,
1787921923.3782976,2086,0.08251333236694336,12.119253595927024,1.99127197265625,57.49400000786409,0.006399990525096655,1,5.382799979997799,1,9.880199999315664,1,0,42.20540000824258,1,gesture,0.017700018361210823,1,,
1787921923.3984015,2088,0.020103931427001953,49.74151466995565,7.550239562988281,8.368400012841448,0.005999987479299307,1,,0,8.332299999892712,1,0,,0,gesture,0.01789999078027904,1,,
1787921923.4832814,2089,0.08487987518310547,11.781355684639843,0.9973049163818359,31.59820000291802,0.010199990356341004,1,,0,9.71479999134317,1,0,21.835300023667514,1,gesture,0.027600006433203816,1,,
1787921923.504226,2091,0.020944595336914062,47.74501411529005,2.992868423461914,8.792199980234727,0.006700021913275123,1,,0,8.752900001127273,1,0,,0,gesture,0.019599974621087313,1,,
1787921923.6131675,2092,0.10894155502319336,9.179233762425207,1.9969940185546875,59.52239999896847,0.007399998139590025,1,6.951499992283061,1,10.368099989136681,1,0,42.17339999740943,1,gesture,0.020500010577961802,1,,
1787921923.6347451,2093,0.02157759666442871,46.344364275217394,7.979154586791992,10.877299995627254,0.00689999433234334,1,,0,10.838800022611395,1,0,,0,gesture,0.019099999917671084,1,,
1787921923.682917,2094,0.0481719970703125,20.758948368704466,0.9999275207519531,31.84879999025725,0.008499977411702275,1,,0,9.528700000373647,1,0,22.274799994193017,1,gesture,0.02649999805726111,1,,
1787921923.7128913,2095,0.02997422218322754,33.36199998409176,18.948793411254883,10.534299974096939,0.007800001185387373,1,,0,10.490399989066646,1,0,,0,gesture,0.023200002033263445,1,,
1787921923.766049,2096,0.05315756797790527,18.811996824528276,12.279510498046875,36.95959999458864,0.007100024959072471,1,6.066300004022196,1,8.588099997723475,1,0,22.275399998761714,1,gesture,0.020599982235580683,1,,
1787921923.7945092,2097,0.028460264205932617,35.13670824572132,0.0,10.358600004110485,0.008100003469735384,1,,0,10.313100006897002,1,0,,0,gesture,0.022199994418770075,1,,
1787921923.8530211,2098,0.058511972427368164,17.09051940167144,1.9931793212890625,33.935199986444786,0.007299997378140688,1,,0,10.088599985465407,1,0,23.807499994290993,1,gesture,0.020400009816512465,1,,
1787921923.8721554,2099,0.0191342830657959,52.262214192262164,14.253616333007812,8.543799980543554,0.006399990525096655,1,,0,8.506400015903637,1,0,,0,gesture,0.019400002202019095,1,,
1787921923.9239457,2100,0.05179023742675781,19.30865834346113,2.9904842376708984,38.82570000132546,0.007499998901039362,1,6.684099993435666,1,9.196700004395097,1,0,22.916399990208447,1,gesture,0.018999999156221747,1,,
1787921923.9633741,2101,0.0394284725189209,25.36238246409675,0.9975433349609375,8.954599994467571,0.006699992809444666,1,,0,8.914000005461276,1,0,,0,gesture,0.02020000829361379,1,,
1787921924.0181873,2102,0.05481314659118652,18.243798471529296,2.9931068420410156,31.11079998780042,0.009400013368576765,1,,0,9.903400001348928,1,0,21.150799992028624,1,hover,0.03579998156055808,1,,
1787921924.037643,2103,0.019455671310424805,51.39889464848106,9.48190689086914,9.680599992861971,0.006499991286545992,1,,0,9.638899995479733,1,0,,0,hover,0.023900007363408804,1,,
1787921924.093492,2104,0.05584907531738281,17.905399405758,2.9897689819335938,41.273700015153736,0.008499977411702275,1,6.468900013715029,1,9.312899986980483,1,0,25.451299996348098,1,hover,0.02950002090074122,1,,
1787921924.1214318,2105,0.027939796447753906,35.79124142403659,2.99072265625,0.04509999416768551,0.005500012775883079,1,,0,,0,0,,0,hover,0.01650000922381878,1,,
1787921924.1739082,2106,0.05247640609741211,19.05618304240761,0.9963512420654297,22.914100001798943,0.005199981387704611,1,,0,,0,0,22.873899986734614,1,hover,0.01750001683831215,1,,
1787921924.1848783,2107,0.010970115661621094,91.15674171955142,3.9877891540527344,0.051000009989365935,0.007399998139590025,1,,0,,0,0,,0,hover,0.019400002202019095,1,,
1787921924.2420619,2108,0.05718350410461426,17.487560716295942,2.4480819702148438,23.35430000675842,0.0053000112529844046,1,5.44490001630038,1,,0,0,17.874999990453944,1,hover,0.01789999078027904,1,,
1787921924.2843814,2109,0.042319536209106445,23.629748564796817,1.996755599975586,0.0433000095654279,0.005299982149153948,1,,0,,0,0,,0,hover,0.017200014553964138,1,,
1787921924.3369384,2110,0.05255699157714844,19.026964253311558,0.9987354278564453,19.906500005163252,0.0051000097300857306,1,,0,,0,0,19.869299983838573,1,hover,0.015799974789842963,1,,
1787921924.3512907,2111,0.01435232162475586,69.67513870892721,0.9975433349609375,0.03819999983534217,0.0046000059228390455,1,,0,,0,0,,0,hover,0.01479999627918005,1,,
1787921924.4207985,2112,0.06950783729553223,14.386866847089735,0.6964206695556641,34.25480000441894,0.0052000104915350676,1,5.570599983911961,1,9.81570000294596,1,0,18.84319999953732,1,hover,0.018699996871873736,1,,
1787921924.4641523,2113,0.04335379600524902,23.06603093945743,2.048015594482422,9.784199995920062,0.007399998139590025,1,,0,9.730700025102124,1,0,,0,hover,0.026299996534362435,1,,
1787921924.524982,2114,0.06082963943481445,16.43935438860538,3.6377906799316406,37.17940000933595,0.005999987479299307,1,,0,9.249499998986721,1,0,27.890800003660843,1,hover,0.02160001895390451,1,,
1787921924.545046,2115,0.020064115524291992,49.840223397302594,40.91238975524902,10.379399987868965,0.007599999662488699,1,,0,10.332100006053224,1,0,,0,hover,0.02710000262595713,1,,
1787921924.598746,2116,0.05369997024536133,18.621984247493717,1.9931793212890625,41.86689999187365,0.008600007276982069,1,7.710999983828515,1,11.042199999792501,1,0,23.0745000008028,1,hover,0.02850001328624785,1,,
1787921924.6287546,2117,0.030008554458618164,33.323831088865056,2.991199493408203,7.571800000732765,0.006399990525096655,1,,0,7.526800007326528,1,0,,0,hover,0.0213000166695565,1,,
1787921924.6846056,2118,0.055850982666015625,17.904787924322108,1.995086669921875,30.78160001314245,0.007599999662488699,1,,0,9.345099999336526,1,0,21.392199996626005,1,hover,0.023900007363408804,1,,
1787921924.7015603,2119,0.016954660415649414,58.980833321614895,8.976459503173828,8.001200010767207,0.007299997378140688,1,,0,7.944900018628687,1,0,,0,hover,0.02519998815841973,1,,
1787921924.752023,2120,0.05046272277832031,19.816608081037156,0.9965896606445312,32.45759999845177,0.007200025720521808,1,5.9009999968111515,1,8.788600011030212,1,0,17.735300003550947,1,hover,0.02379997749812901,1,,
1787921924.7949243,2121,0.04290127754211426,23.309329169005395,0.9973049163818359,9.321499994257465,0.007299997378140688,1,,0,9.270999988075346,1,0,,0,hover,0.027400004910305142,1,,
1787921924.853855,2122,0.05893063545227051,16.969102612340343,1.9938945770263672,33.625800017034635,0.006499991286545992,1,,0,8.53709998773411,1,0,25.050399999599904,1,hover,0.022000021999701858,1,,
1787921924.8736246,2123,0.019769668579101562,50.58253738543174,14.532804489135742,10.298300010617822,0.007700000423938036,1,,0,10.24979999056086,1,0,,0,hover,0.028700014809146523,1,,
1787921924.9214938,2124,0.047869205474853516,20.890256900656446,2.990245819091797,35.560899996198714,0.006700021913275123,1,5.968100012978539,1,8.013699989533052,1,0,21.549199998844415,1,hover,0.021499989088624716,1,,
1787921924.9574025,2125,0.03590869903564453,27.848405173558547,0.9970664978027344,8.528999984264374,0.006100017344579101,1,,0,8.486300008371472,1,0,,0,hover,0.0219999928958714,1,,
1787921925.0122542,2126,0.05485177040100098,18.230952122226327,0.9970664978027344,26.82569998432882,0.006600021151825786,1,,0,8.110599999781698,1,0,18.676799983950332,1,hover,0.022199994418770075,1,,
1787921925.0328202,2127,0.02056598663330078,48.62397403199629,5.608797073364258,9.840700018685311,0.007700000423938036,1,,0,9.791099990252405,1,0,,0,hover,0.027300004148855805,1,,
1787921925.0891027,2128,0.05628252029418945,17.76750569755916,0.9965896606445312,35.52760000457056,0.006400019628927112,1,6.454299989854917,1,8.610299992142245,1,0,20.4313000140246,1,hover,0.02340000355616212,1,,
1787921925.129713,2129,0.040610313415527344,24.624286687175633,2.992391586303711,9.220700012519956,0.008600007276982069,1,,0,9.168999997200444,1,0,,0,hover,0.027600006433203816,1,,
1787921925.1824272,2130,0.05271410942077637,18.97025314451897,2.8688907623291016,28.40519999153912,0.006999995093792677,1,,0,8.968799986178055,1,0,19.397500000195578,1,hover,0.022199994418770075,1,,
1787921925.2023742,2131,0.019947052001953125,50.132721361637024,10.970115661621094,9.751800011144951,0.007399998139590025,1,,0,9.706300013931468,1,0,,0,hover,0.025899993488565087,1,,
1787921925.2512572,2132,0.04888296127319336,20.45702580110228,1.9941329956054688,33.68759999284521,0.006400019628927112,1,6.7851000057999045,1,8.047499984968454,1,0,18.824500002665445,1,hover,0.02239999594166875,1,,
1787921925.294638,2133,0.0433807373046875,23.051705944424903,2.487659454345703,8.69990000501275,0.04569999873638153,1,,0,8.613299985881895,1,0,,0,gesture,0.025200017262250185,1,0.03680001827888191,1
1787921925.353269,2134,0.058631181716918945,17.055770849514268,1.9948482513427734,34.42899999208748,0.06920000305399299,1,,0,9.790799987968057,1,0,24.523800006136298,1,gesture,0.032100011594593525,1,0.05750000127591193,1
1787921925.372221,2135,0.018951892852783203,52.76517800981256,16.61515235900879,8.773499983362854,0.06009999196976423,1,,0,8.676600002218038,1,0,,0,gesture,0.02269999822601676,1,0.04959999932907522,1
1787921925.4224758,2136,0.05025482177734375,19.898588128131166,2.988576889038086,36.790299986023456,0.05390000296756625,1,6.421400001272559,1,8.139199984725565,1,0,22.15309999883175,1,gesture,0.020400009816512465,1,0.04470002022571862,1
1787921925.4603758,2137,0.03789997100830078,26.385244457864673,1.9962787628173828,8.25990000157617,0.04980000085197389,1,,0,8.174800022970885,1,0,,0,gesture,0.020199979189783335,1,0.04089999129064381,1
1787921925.517032,2138,0.0566561222076416,17.650343176242355,0.9980201721191406,32.89759997278452,0.06319998647086322,1,,0,9.315600007539615,1,0,23.484199977247044,1,gesture,0.02269999822601676,1,0.052000017603859305,1
1787921925.5370045,2139,0.019972562789916992,50.068687254539164,34.90638732910156,9.622300014598295,0.006799993570894003,1,,0,9.582300001056865,1,0,,0,gesture,0.018699996871873736,1,,
1787921925.589502,2140,0.05249762535095215,19.04848063726492,1.9943714141845703,38.51630000281148,0.028799986466765404,1,6.319499982055277,1,9.138300025369972,1,0,23.0093999998644,1,gesture,0.018499995348975062,1,,
1787921925.6291747,2141,0.0396726131439209,25.206305326354126,2.991199493408203,9.781200002180412,0.008399976650252938,1,,0,9.733800019603223,1,0,,0,gesture,0.023200002033263445,1,,
1787921925.6811018,2142,0.05192708969116211,19.257770962084134,2.9914379119873047,29.265400022268295,0.009799987310543656,1,,0,9.581199992680922,1,0,19.636100012576208,1,gesture,0.02680000034160912,1,,
1787921925.7010486,2143,0.019946813583374023,50.133320583770605,9.973526000976562,9.41269999020733,0.009799987310543656,1,,0,9.3607000017073,1,0,,0,gesture,0.030000024707987905,1,,
1787921925.753258,2144,0.05220937728881836,19.15364733174416,2.992391586303711,35.365200019441545,0.05089998012408614,1,5.946199991740286,1,8.360200008610263,1,0,20.986000017728657,1,gesture,0.019800005247816443,1,0.04120002267882228,1
1787921925.7976725,2145,0.044414520263671875,22.51515932319849,2.992868423461914,13.162799994461238,0.07189999450929463,1,,0,13.045699975918978,1,0,,0,gesture,0.026300025638192892,1,0.05830000736750662,1
1787921925.848046,2146,0.05037355422973633,19.851686371768537,1.9807815551757812,30.966699996497482,0.051799986977130175,1,,0,8.578300010412931,1,0,22.30689997668378,1,gesture,0.019400002202019095,1,0.04220000118948519,1
1787921925.8668587,2147,0.01881265640258789,53.155704255696655,11.642932891845703,8.829300000797957,0.079699995694682,1,,0,8.70900001609698,1,0,,0,gesture,0.02829998265951872,1,0.06580000626854599,1
1787921925.9197185,2148,0.05285978317260742,18.917973929908438,0.9975433349609375,33.426999987568706,0.05120001151226461,1,6.298100022831932,1,8.735899988096207,1,0,18.320799979846925,1,gesture,0.019099999917671084,1,0.042800005758181214,1
1787921925.9369223,2149,0.017203807830810547,58.12666648188697,14.211177825927734,9.017400006996468,0.006600021151825786,1,,0,8.984300016891211,1,0,,0,gesture,0.016399979358538985,1,,
1787921926.0141714,2150,0.07724905014038086,12.945142991179175,2.993345260620117,27.641499997116625,0.006700021913275123,1,,0,8.623700006864965,1,0,18.978700012667105,1,gesture,0.022499996703118086,1,,
1787921926.0321248,2151,0.01795339584350586,55.699768930440094,8.977890014648438,8.305999974254519,0.007399998139590025,1,,0,8.268400008091703,1,0,,0,gesture,0.01960000372491777,1,,
1787921926.0839179,2152,0.05179309844970703,19.307591743541586,0.9975433349609375,36.74820001469925,0.007800001185387373,1,6.274100014707074,1,9.406899975147098,1,0,21.037900005467236,1,gesture,0.019400002202019095,1,,
1787921926.1048594,2153,0.020941495895385742,47.75208060568111,14.957904815673828,9.991200000513345,0.08549998165108263,1,,0,9.868299996014684,1,0,,0,gesture,0.0247000134550035,1,0.07530002039857209,1
1787921926.179861,2154,0.07500171661376953,13.333028164536843,0.9965896606445312,31.299900001613423,0.053800002206116915,1,,0,8.295699983136728,1,0,22.918500006198883,1,gesture,0.020700012100860476,1,0.04490002174861729,1
1787921926.1978133,2155,0.01795220375061035,55.70346760163088,6.981134414672852,8.009100012714043,0.05219999002292752,1,,0,7.9258999903686345,1,0,,0,gesture,0.020000006770715117,1,0.04339998122304678,1
1787921926.2601595,2156,0.06234622001647949,16.039464778067984,3.0982494354248047,43.400099995778874,0.006900023436173797,1,11.936499999137595,1,8.295599982375279,1,0,23.140300007071346,1,gesture,0.01920000067912042,1,,
1787921926.2816088,2157,0.02144932746887207,46.62150836436392,22.938966751098633,9.484600013820454,0.00790000194683671,1,,0,9.440499998163432,1,0,,0,gesture,0.022799998987466097,1,,
1787921926.350426,2158,0.068817138671875,14.531263858093126,0.9973049163818359,33.1898000149522,0.007499998901039362,1,,0,9.925799997290596,1,0,23.22689999709837,1,gesture,0.019099999917671084,1,,
1787921926.3713486,2159,0.02092266082763672,47.79506814348876,13.962984085083008,9.765799972228706,0.009000010322779417,1,,0,9.720100002596155,1,0,,0,gesture,0.023999979021027684,1,,
1787921926.4218035,2160,0.05045485496520996,19.81969823695912,0.5218982696533203,38.83160001714714,0.006499991286545992,1,6.898099993122742,1,8.817900001304224,1,0,23.090300004696473,1,gesture,0.017200014553964138,1,,
1787921926.4443262,2161,0.022522687911987305,44.39967396021891,20.526647567749023,9.906799998134375,0.006199989002197981,1,,0,9.869900008197874,1,0,,0,gesture,0.01920000067912042,1,,
1787921926.516367,2162,0.07204079627990723,13.881023692667155,1.9938945770263672,32.7951000072062,0.007399998139590025,1,,0,9.458099986659363,1,0,23.29529999406077,1,gesture,0.021700019715353847,1,,
1787921926.5373113,2163,0.02094435691833496,47.74555761722085,36.13734245300293,9.125699987635016,0.007199996616691351,1,,0,9.087800019187853,1,0,,0,gesture,0.01920000067912042,1,,
1787921926.5909226,2164,0.05361127853393555,18.652791489891577,0.9975433349609375,38.25469998992048,0.007700000423938036,1,6.811600003857166,1,10.12530000298284,1,0,21.287999988999218,1,gesture,0.020299979951232672,1,,
1787921926.6148572,2165,0.023934602737426758,41.78051380131289,20.943880081176758,9.864899999229237,0.007199996616691351,1,,0,9.819700004300103,1,0,,0,gesture,0.0219999928958714,1,,
1787921926.68996,2166,0.0751028060913086,13.315081713248086,3.596782684326172,33.22759998263791,0.006599992047995329,1,,0,9.753699996508658,1,0,23.43279999331571,1,gesture,0.02020000829361379,1,,
1787921926.7089093,2167,0.018949270248413086,52.77248078108683,16.955852508544922,7.673499989323318,0.006100017344579101,1,,0,7.638500013854355,1,0,,0,gesture,0.017799990018829703,1,,
1787921926.7575932,2168,0.048683881759643555,20.54067925267514,2.9914379119873047,38.20210002595559,0.006000016583129764,1,6.374300020979717,1,9.462199988774955,1,0,22.340800001984462,1,gesture,0.017499987734481692,1,,
1787921926.777537,2169,0.019943952560424805,50.140512366857536,17.951250076293945,9.159700013697147,0.00689999433234334,1,,0,9.121700015384704,1,0,,0,gesture,0.018799997633323073,1,,
1787921926.852233,2170,0.07469582557678223,13.3876289910213,1.9946098327636719,31.228100007865578,0.006799993570894003,1,,0,8.999000012408942,1,0,22.193799988599494,1,gesture,0.017799990018829703,1,,
1787921926.8736603,2171,0.021427392959594727,46.66923325136582,14.958858489990234,10.139199992408976,0.008100003469735384,1,,0,10.09419999900274,1,0,,0,gesture,0.024699984351173043,1,,
1787921926.9206612,2172,0.047000885009765625,21.27619511403295,3.99017333984375,34.582899999804795,0.007099995855242014,1,5.767499998910353,1,8.991599985165522,1,0,19.778399990173057,1,gesture,0.036200013710185885,1,,
1787921926.9426,2173,0.021938800811767578,45.58134278076029,15.959024429321289,10.029999975813553,0.008500006515532732,1,,0,9.98010000330396,1,0,,0,gesture,0.026900001103058457,1,,
1787921927.0156915,2174,0.07309150695800781,13.681480128389135,1.9943714141845703,27.893299993593246,0.008300004992634058,1,,0,8.896100014680997,1,0,18.95550001063384,1,gesture,0.02300000051036477,1,,
1787921927.0400937,2175,0.024402141571044922,40.980009770395704,10.928153991699219,11.541099986061454,0.007299997378140688,1,,0,11.494500009575859,1,0,,0,hover,0.026299996534362435,1,,
1787921927.0913994,2176,0.05130577087402344,19.49098479497379,3.988981246948242,39.01509998831898,0.007800001185387373,1,6.7968000075779855,1,9.322700003394857,1,0,22.860099998069927,1,hover,0.02579999272711575,1,,
1787921927.1126704,2177,0.0212709903717041,47.01238553190535,20.272254943847656,9.03640000615269,0.00689999433234334,1,,0,8.993199997348711,1,0,,0,hover,0.024300010409206152,1,,
1787921927.1815896,2178,0.06891918182373047,14.509748571270428,0.9973049163818359,29.927199997473508,0.06160000339150429,1,,0,9.54739999724552,1,0,20.2755999926012,1,gesture,0.03130000550299883,1,0.05160001455806196,1
1787921927.2017047,2179,0.020115137100219727,49.713804833528904,10.632514953613281,10.070299991639331,0.08060000254772604,1,,0,9.951100015314296,1,0,,0,gesture,0.026900001103058457,1,0.06839999696239829,1
1787921927.2513895,2180,0.049684762954711914,20.126894857312866,1.9955635070800781,33.86779999709688,0.006300018867477775,1,6.4033000089693815,1,8.897799998521805,1,0,18.539899989264086,1,gesture,0.01889999839477241,1,,
1787921927.2697005,2181,0.018311023712158203,54.611911148147186,14.27149772644043,8.26889998279512,0.006199989002197981,1,,0,8.234100008849055,1,0,,0,gesture,0.01920000067912042,1,,
1787921927.3514102,2182,0.08170962333679199,12.23846052842741,0.9968280792236328,35.36280000116676,0.007499998901039362,1,,0,13.154099986422807,1,0,22.17049998580478,1,gesture,0.021299987565726042,1,,
1787921927.3741472,2183,0.02273702621459961,43.981125348656754,16.75128936767578,9.740700013935566,0.006799993570894003,1,,0,9.699399990495294,1,0,,0,gesture,0.020500010577961802,1,,
1787921927.4361184,2184,0.061971187591552734,16.13653116656279,6.493568420410156,48.90920000616461,0.009100011084228754,1,7.669300015550107,1,12.354799982858822,1,0,28.846100001828745,1,gesture,0.02720000338740647,1,,
1787921927.4585705,2185,0.022452116012573242,44.53923182296036,32.541751861572266,8.608700009062886,0.009300012607127428,1,,0,8.555400010664016,1,0,,0,gesture,0.031899980967864394,1,,
1787921927.5206535,2186,0.06208300590515137,16.107467501296107,2.991914749145508,35.37889997824095,0.010799994925037026,1,,0,10.173499991651624,1,0,24.999999994179234,1,gesture,0.18370000179857016,1,,
1787921927.543634,2187,0.022980451583862305,43.51524583190679,41.182756423950195,10.06749999942258,0.010399991879239678,1,,0,10.014299972681329,1,0,,0,gesture,0.02880001557059586,1,,
1787921927.5993946,2188,0.05576062202453613,17.93380281087922,8.975028991699219,40.82390002440661,0.006599992047995329,1,6.246299977647141,1,10.62909999745898,1,0,23.9189000276383,1,gesture,0.021400017431005836,1,,
1787921927.6232085,2189,0.023813962936401367,41.99217083988266,29.706239700317383,11.213699996005744,0.008099974365904927,1,,0,11.166099982801825,1,0,,0,gesture,0.026500027161091566,1,,
1787921927.6833558,2190,0.06014728546142578,16.62585422315242,1.9936561584472656,33.57910001068376,0.005799985956400633,1,,0,9.266899985959753,1,0,24.279900011606514,1,gesture,0.01810002140700817,1,,
1787921927.7022994,2191,0.01894354820251465,52.788421118872314,11.96146011352539,8.641499996883795,0.006300018867477775,1,,0,8.604400005424395,1,0,,0,gesture,0.02039998071268201,1,,
1787921927.7592158,2192,0.05691647529602051,17.56960519426118,1.9948482513427734,42.51289999228902,0.006499991286545992,1,6.84940000064671,1,9.214399993652478,1,0,26.42000000923872,1,gesture,0.020500010577961802,1,,
1787921927.7783127,2193,0.019096851348876953,52.36465329970786,19.095897674560547,7.870500005083159,0.006500020390376449,1,,0,7.832300005247816,1,0,,0,gesture,0.020599982235580683,1,,
1787921927.851174,2194,0.0728614330291748,13.724682022100568,1.9965171813964844,33.24029999203049,0.008000002708286047,1,,0,9.590300003765151,1,0,23.603800014825538,1,gesture,0.026900001103058457,1,,
1787921927.8711214,2195,0.019947290420532227,50.132122153827765,18.364667892456055,7.91620000381954,0.007399998139590025,1,,0,7.87770000169985,1,0,,0,gesture,0.02120001590810716,1,,
1787921927.9277422,2196,0.05662083625793457,17.661342821651893,1.995086669921875,41.86530000879429,0.008000002708286047,1,7.0448999758809805,1,8.957300015026703,1,0,25.83180001238361,1,gesture,0.021599989850074053,1,,
1787921927.9486876,2197,0.020945310592651367,47.743383683737235,23.159503936767578,9.34150000102818,0.007399998139590025,1,,0,9.30010000593029,1,0,,0,gesture,0.022899999748915434,1,,
1787921928.0181825,2198,0.06949496269226074,14.389532151103152,1.5556812286376953,35.82790002110414,0.007700000423938036,1,,0,9.177400002954528,1,0,26.610000000800937,1,gesture,0.022499996703118086,1,,
1787921928.0384223,2199,0.020239830017089844,49.40752956697922,15.027046203613281,9.490500000538304,0.007100024959072471,1,,0,9.447099990211427,1,0,,0,gesture,0.025699991965666413,1,,
1787921928.0873542,2200,0.04893183708190918,20.436592199186297,2.0906925201416016,37.235099996905774,0.007700000423938036,1,6.803700001910329,1,9.47940000332892,1,0,20.918299996992573,1,gesture,0.02370000584051013,1,,
1787921928.1084805,2201,0.021126270294189453,47.33443177970884,16.95537567138672,10.39479998871684,0.013899989426136017,1,,0,10.323299997253343,1,0,,0,gesture,0.04490002174861729,1,,
1787921928.181834,2202,0.07335352897644043,13.632609282113453,0.995635986328125,31.89149999525398,0.011099997209385037,1,,0,9.450000012293458,1,0,22.384900017641485,1,gesture,0.03440000000409782,1,,
1787921928.2033887,2203,0.02155470848083496,46.39357571869435,9.483575820922852,10.966700006974861,0.007599999662488699,1,,0,10.92230001813732,1,0,,0,gesture,0.02509998739697039,1,,
1787921928.250092,2204,0.046703338623046875,21.411745487217186,0.5040168762207031,35.204999992856756,0.00689999433234334,1,5.949599988525733,1,8.29860000521876,1,0,20.928300014929846,1,gesture,0.01990000600926578,1,,
1787921928.2680447,2205,0.017952680587768555,55.70198807421081,11.968612670898438,8.984800020698458,0.006299989763647318,1,,0,8.946299989474937,1,0,,0,gesture,0.021500018192455173,1,,
1787921928.352536,2206,0.08449125289916992,11.83554469470797,2.989530563354492,33.554800000274554,0.006399990525096655,1,,0,9.113000007346272,1,0,24.402799987001345,1,gesture,0.021100015146657825,1,,
1787921928.3728652,2207,0.02032923698425293,49.19023772385565,18.335819244384766,10.420500009786338,0.00589998671784997,1,,0,10.384299996076152,1,0,,0,gesture,0.02090001362375915,1,,
1787921928.4294744,2208,0.056609153747558594,17.664987617715934,1.9931793212890625,46.672700002091005,6.978300021728501,1,5.917700007557869,1,9.197399980621412,1,0,24.54869999201037,1,face,0.027300004148855805,1,,
1787921928.449929,2209,0.02045464515686035,48.88865058920891,24.932861328125,10.69999998435378,1.5255000034812838,1,,0,9.131300001172349,1,0,,0,face,0.029699993319809437,1,,
1787921928.5261512,2210,0.07622218132019043,13.11954056784663,0.9961128234863281,41.959800000768155,7.576100004371256,1,,0,7.413500017719343,1,0,26.936800015391782,1,face,0.021499989088624716,1,,
1787921928.5467625,2211,0.020611286163330078,48.517108155002894,44.542551040649414,10.228200000710785,1.4889999874867499,1,,0,8.703900006366894,1,0,,0,face,0.02370000584051013,1,,
1787921928.606555,2212,0.059792518615722656,16.72450037481857,6.902933120727539,50.15369999455288,8.420199999818578,1,6.7430999770294875,1,7.831199996871874,1,0,27.13550001499243,1,face,0.01960000372491777,1,,
1787921928.6265,2213,0.01994490623474121,50.13811487657642,32.93919563293457,10.547400015639141,1.2109000235795975,1,,0,9.30460001109168,1,0,,0,face,0.021299987565726042,1,,
1787921928.697328,2214,0.07082819938659668,14.118670369435328,2.9921531677246094,44.142099999589846,8.220499992603436,1,,0,10.171000001719221,1,0,25.711099995533004,1,face,0.02720000338740647,1,,
1787921928.720703,2215,0.02337479591369629,42.78112218357626,26.27873420715332,12.539999996079132,1.8128000083379447,1,,0,10.680699982913211,1,0,,0,face,0.03339999238960445,1,,
1787921928.7767718,2216,0.05606889724731445,17.83520006803589,17.95220375061035,45.16119998879731,7.967300014570355,1,5.826000007800758,1,8.87920000241138,1,0,22.461999993538484,1,face,0.023899978259578347,1,,
1787921928.7973294,2217,0.020557641983032227,48.64371122064367,37.839651107788086,12.094999983673915,1.7183999880217016,1,,0,10.339599975850433,1,0,,0,face,0.025800021830946207,1,,
1787921928.858051,2218,0.060721635818481445,16.468594538351297,4.985809326171875,38.230699981795624,8.600400004070252,1,,0,8.298000000650063,1,0,21.282199973938987,1,face,0.039399979868903756,1,,
1787921928.8799248,2219,0.02187371253967285,45.71697640198376,20.25294303894043,11.220299988053739,1.7294000135734677,1,,0,9.451699996134266,1,0,,0,face,0.02449998282827437,1,,
1787921928.9348147,2220,0.05488991737365723,18.21828211532197,8.975744247436523,44.50600000564009,8.142700011376292,1,6.139600009191781,1,8.999699988635257,1,0,21.197800000663847,1,face,0.023100001271814108,1,,
1787921928.9540439,2221,0.01922917366027832,52.00431478060332,28.95665168762207,9.273900010157377,1.5201000205706805,1,,0,7.7191999880596995,1,0,,0,face,0.022499996703118086,1,,
1787921929.0290897,2222,0.07504582405090332,13.325191809762838,1.995086669921875,46.1180999991484,8.526999998139217,1,,0,11.577999975997955,1,0,25.978100020438433,1,face,0.023500004317611456,1,,
1787921929.0494933,2223,0.020403623580932617,49.010902207317216,21.898984909057617,10.563199990428984,1.6401000029873103,1,,0,8.88810001197271,1,0,,0,face,0.022299995180219412,1,,
1787921929.1114485,2224,0.06195521354675293,16.140691682797208,13.965368270874023,50.02180000883527,7.7886999933980405,1,6.268199998885393,1,7.53689999692142,1,0,28.40370000922121,1,face,0.021500018192455173,1,,
1787921929.1313956,2225,0.019947052001953125,50.132721361637024,39.01553153991699,10.952899989206344,1.5138000017032027,1,,0,9.40660000196658,1,0,,0,face,0.022000021999701858,1,,
1787921929.192607,2226,0.061211347579956055,16.33684013726002,1.9981861114501953,41.335899994010106,7.73400001344271,1,,0,8.867800002917647,1,0,24.703799979761243,1,face,0.019799976143985987,1,,
1787921929.2140572,2227,0.021450281143188477,46.619435583367604,19.454240798950195,11.362699995515868,1.6992999881040305,1,,0,9.627699997508898,1,0,,0,face,0.02370000584051013,1,,
1787921929.2708788,2228,0.056821584701538086,17.59894598597725,7.980585098266602,46.88350000651553,7.518800004618242,1,6.326000002445653,1,7.997100008651614,1,0,25.018699991051108,1,face,0.020100007532164454,1,,
1787921929.2888315,2229,0.017952680587768555,55.70198807421081,32.91654586791992,9.280300000682473,1.618299982510507,1,,0,7.61840000632219,1,0,,0,face,0.031200004741549492,1,,
1787921929.3613837,2230,0.07255220413208008,13.783178773997227,1.9938945770263672,43.16850000759587,8.608500007539988,1,,0,9.992399980546907,1,0,24.53080000123009,1,face,0.022899999748915434,1,,
1787921929.3828325,2231,0.021448850631713867,46.62254482398319,25.437593460083008,11.15949999075383,1.6309000202454627,1,,0,9.493399993516505,1,0,,0,face,0.023500004317611456,1,,
1787921929.4415462,2232,0.058713674545288086,17.031807457880397,13.960599899291992,47.39920000429265,7.224500004667789,1,6.709300010697916,1,8.417500008363277,1,0,25.0225999916438,1,face,0.022499996703118086,1,,
1787921929.4594982,2233,0.01795196533203125,55.70420739481513,36.834001541137695,9.68529999954626,1.4878000074531883,1,,0,8.166999992681667,1,0,,0,face,0.01920000067912042,1,,
1787921929.529775,2234,0.07027673721313477,14.229459699689919,1.9924640655517578,43.926100013777614,6.686900014756247,1,,0,9.014700015541166,1,0,28.190900018671528,1,face,0.022499996703118086,1,,
1787921929.5477266,2235,0.01795172691345215,55.70494720764991,47.33538627624512,9.342299978015944,1.6555000038351864,1,,0,7.657099980860949,1,0,,0,face,0.01889999839477241,1,,
1787921929.600979,2236,0.053252458572387695,18.778475713767644,9.371757507324219,42.45280000031926,7.88799999281764,1,5.539099976886064,1,7.872600021073595,1,0,21.12930000294,1,face,0.020899984519928694,1,,
1787921929.6206355,2237,0.01965641975402832,50.87396446115592,29.915332794189453,10.426199994981289,1.4565000019501895,1,,0,8.933300006901845,1,0,,0,face,0.022899999748915434,1,,
1787921929.6938121,2238,0.07317662239074707,13.665566506475523,1.992940902709961,42.85519997938536,6.686599983368069,1,,0,9.17120001395233,1,0,26.96359998662956,1,face,0.023300002794712782,1,,
1787921929.71243,2239,0.018617868423461914,53.71184161661694,21.60954475402832,9.31189997936599,1.32310000481084,1,,0,7.956500019645318,1,0,,0,face,0.020799983758479357,1,,
1787921929.7716978,2240,0.05926775932312012,16.872579821149134,6.980657577514648,49.77479999070056,8.332199999131262,1,6.548900011694059,1,9.376800007885322,1,0,25.485799997113645,1,face,0.027999980375170708,1,,
1787921929.7936394,2241,0.021941661834716797,45.57539932630664,31.914710998535156,10.716199991293252,1.812600006815046,1,,0,8.86000000173226,1,0,,0,face,0.027999980375170708,1,,
1787921929.8570573,2242,0.06341791152954102,15.768415828928472,0.9989738464355469,41.95910002454184,8.033899997826666,1,,0,8.613800018792972,1,0,25.27900002314709,1,face,0.020799983758479357,1,,
1787921929.877003,2243,0.019945621490478516,50.13631690932129,19.457578659057617,10.07479999680072,1.3381000026129186,1,,0,8.702599996468052,1,0,,0,face,0.0213000166695565,1,,
1787921929.9319124,2244,0.054909467697143555,18.211795559839693,6.550788879394531,44.63059999397956,7.9095000110100955,1,6.630299991229549,1,8.670600014738739,1,0,21.395399991888553,1,face,0.021899992134422064,1,,
1787921929.9528549,2245,0.02094244956970215,47.749906078165736,25.909423828125,10.432499984744936,1.3179999950807542,1,,0,9.075600013602525,1,0,,0,face,0.023900007363408804,1,,
1787921930.0228236,2246,0.06996870040893555,14.292104814802194,2.0172595977783203,37.961000023642555,6.8743999872822315,1,,0,8.463400008622557,1,0,22.59300000150688,1,face,0.01990000600926578,1,,
1787921930.0437677,2247,0.02094411849975586,47.74610113152563,20.09272575378418,11.292100010905415,2.2695000225212425,1,,0,8.979300007922575,1,0,,0,face,0.02819998189806938,1,,
1787921930.101843,2248,0.0580754280090332,17.218986312842283,7.488489151000977,46.86339999898337,7.235099998069927,1,5.996499996399507,1,8.267500001238659,1,0,25.34150000428781,1,face,0.020100007532164454,1,,
1787921930.1241882,2249,0.02234506607055664,44.75260877915537,32.3183536529541,11.209200019948184,1.8791000184137374,1,,0,9.282399987569079,1,0,,0,face,0.029999995604157448,1,,
1787921930.1960554,2250,0.07186722755432129,13.914548174884635,2.987384796142578,42.812999978195876,8.08820000384003,1,,0,8.295599982375279,1,0,26.39339998131618,1,face,0.023200002033263445,1,,
1787921930.2195008,2251,0.02344536781311035,42.6523485564945,26.474952697753906,13.092199980746955,1.4584999880753458,1,,0,11.595899995882064,1,0,,0,face,0.023300002794712782,1,,
1787921930.2783434,2252,0.05884265899658203,16.99447334727152,16.95418357849121,48.2532000169158,7.6286999974399805,1,5.9560000081546605,1,8.364099980099127,1,0,26.28230000846088,1,face,0.01930000144056976,1,,
1787921930.2982905,2253,0.019947052001953125,50.132721361637024,42.88530349731445,10.617499996442348,1.4448000001721084,1,,0,9.137500019278377,1,0,,0,face,0.022299995180219412,1,,
1787921930.3607137,2254,0.0624232292175293,16.01967749081437,1.993417739868164,44.50130002805963,8.203100005630404,1,,0,9.540200000628829,1,0,26.723100017989054,1,face,0.02269999822601676,1,,
1787921930.3825135,2255,0.021799802780151367,45.87197462678405,24.441003799438477,11.501400003908202,2.3886999988462776,1,,0,9.07050000387244,1,0,,0,face,0.030499999411404133,1,,
1787921930.4356987,2256,0.053185224533081055,18.802214501849154,11.478662490844727,42.76660000323318,7.487099996069446,1,6.500999996205792,1,8.401200000662357,1,0,20.353600004455075,1,face,0.02039998071268201,1,,
1787921930.4569838,2257,0.021285057067871094,46.98131636722076,29.230833053588867,11.56840001931414,1.5811999910511076,1,,0,9.948599996278062,1,0,,0,face,0.024500011932104826,1,,
1787921930.520183,2258,0.06319928169250488,15.822964648007938,2.991914749145508,37.318000016966835,7.819700025720522,1,,0,8.46299997647293,1,0,21.00170002086088,1,face,0.02269999822601676,1,,
1787921930.5391326,2259,0.018949508666992188,52.771816809260194,38.4068489074707,10.304099996574223,1.3993000029586256,1,,0,8.869799989042804,1,0,,0,face,0.022899999748915434,1,,
1787921930.6029902,2260,0.0638575553894043,15.659854090905696,4.9877166748046875,51.04680001386441,9.70299998880364,1,7.251300005009398,1,10.413600015453994,1,0,23.64780000061728,1,face,0.027300004148855805,1,,
1787921930.6249313,2261,0.021941184997558594,45.576389794410396,33.419132232666016,11.155199987115338,1.4130999916233122,1,,0,9.704800002509728,1,0,,0,face,0.023200002033263445,1,,
1787921930.6953328,2262,0.07040143013000488,14.204256904346648,1.9938945770263672,43.789600022137165,8.300899993628263,1,,0,8.782099990639836,1,0,26.67040002415888,1,face,0.02169999061152339,1,,
1787921930.7162776,2263,0.020944833755493164,47.74447062573279,24.933815002441406,11.152399994898587,1.4804000093135983,1,,0,9.635199996409938,1,0,,0,face,0.02269999822601676,1,,
1787921930.7788763,2264,0.06259870529174805,15.97477128862956,14.959573745727539,52.16110000037588,7.743099995423108,1,7.872499991208315,1,10.000700014643371,1,0,26.517099991906434,1,face,0.02479998511262238,1,,
1787921930.7988217,2265,0.019945383071899414,50.136916217411574,39.65926170349121,10.426900000311434,1.2999000027775764,1,,0,9.095099987462163,1,0,,0,face,0.020700012100860476,1,,
1787921930.8589911,2266,0.06016945838928223,16.619727462564736,1.9946098327636719,42.928800015943125,7.8461999946739525,1,,0,9.466899995459244,1,0,25.5786000052467,1,face,0.022099993657320738,1,,
1787921930.8785994,2267,0.019608259201049805,50.99891784103206,22.59993553161621,10.865099990041927,1.5227999829221517,1,,0,9.305800020229071,1,0,,0,face,0.021799991372972727,1,,
1787921930.9387333,2268,0.060133934020996094,16.629545634763303,6.981134414672852,49.999100010609254,8.509700011927634,1,6.033700017724186,1,8.832299994537607,1,0,26.598700002068654,1,face,0.021599989850074053,1,,
1787921930.9586892,2269,0.019955873489379883,50.11056020836071,32.91177749633789,9.90589999128133,1.298599992878735,1,,0,8.573599974624813,1,0,,0,face,0.020700012100860476,1,,
1787921931.0215302,2270,0.06284093856811523,15.913193258819156,0.9970664978027344,38.18679999676533,8.658699982333928,1,,0,8.875700004864484,1,0,20.61669999966398,1,face,0.024900014977902174,1,,
1787921931.0408494,2271,0.01931929588317871,51.761720822894944,13.963699340820312,9.495400008745492,1.2654000020120293,1,,0,8.199900010367855,1,0,,0,face,0.019700004486367106,1,,
1787921931.0961006,2272,0.055251121520996094,18.099180115646845,0.9968280792236328,45.60660000424832,8.050599979469553,1,6.5135999757330865,1,9.480300010181963,1,0,21.538800006965175,1,face,0.020400009816512465,1,,
1787921931.1170444,2273,0.020943880081176758,47.746644658204794,22.938966751098633,10.54739998653531,1.4161000144667923,1,,0,9.097300004214048,1,0,,0,face,0.022599997464567423,1,,
1787921931.1971538,2274,0.0801093578338623,12.482936164260439,1.9943714141845703,44.63300001225434,7.679899979848415,1,,0,9.520199993858114,1,0,27.397300000302494,1,face,0.02340000355616212,1,,
1787921931.2166116,2275,0.01945781707763672,51.39322648630103,24.445533752441406,10.249299986753613,2.0178999984636903,1,,0,8.195299975341186,1,0,,0,face,0.02440001117065549,1,,
1787921931.2711587,2276,0.05454707145690918,18.332789887537317,10.852336883544922,43.92660001758486,8.010799996554852,1,6.389199988916516,1,8.454900002107024,1,0,21.047100017312914,1,face,0.02169999061152339,1,,
1787921931.290616,2277,0.019457340240478516,51.39448596985663,28.733491897583008,9.751700010383502,1.4029000012669712,1,,0,8.316999999806285,1,0,,0,face,0.02090001362375915,1,,
1787921931.3626192,2278,0.07200312614440918,13.888285877954855,1.9941329956054688,41.3927000190597,8.270999998785555,1,,0,9.640399977797642,1,0,23.448300024028867,1,face,0.022000021999701858,1,,
1787921931.3825665,2279,0.019947290420532227,50.132122153827765,22.936582565307617,10.646999988239259,1.7657999997027218,1,,0,8.843899995554239,1,0,,0,face,0.02400000812485814,1,,
1787921931.4389582,2280,0.05639171600341797,17.733101080651434,9.974479675292969,45.87470000842586,7.738099986454472,1,6.912899989401922,1,6.997799995588139,1,0,24.20360001269728,1,face,0.01960000372491777,1,,
1787921931.4589047,2281,0.019946575164794922,50.13391982022902,29.591798782348633,10.761899990029633,1.6496000171173364,1,,0,9.07780000125058,1,0,,0,face,0.022899999748915434,1,,
1787921931.5276604,2282,0.0687556266784668,14.544264205116825,0.0,42.44759998982772,6.934500008355826,1,,0,9.13700001547113,1,0,26.341899996623397,1,face,0.022199994418770075,1,,
1787921931.5487006,2283,0.02104020118713379,47.52806264093644,46.4017391204834,10.60519999009557,1.6771999944467098,1,,0,8.891799981938675,1,0,,0,face,0.02400000812485814,1,,
1787921931.6025665,2284,0.053865909576416016,18.564617359359094,9.973526000976562,43.3698000269942,8.637299994006753,1,6.350199982989579,1,8.193500019842759,1,0,20.161000022199005,1,face,0.02409997978247702,1,,
1787921931.6304312,2285,0.027864694595336914,35.88770716932054,36.418914794921875,11.09440001891926,1.636900007724762,1,,0,9.421199996722862,1,0,,0,face,0.024900014977902174,1,,
1787921931.6886742,2286,0.0582430362701416,17.169434563160845,2.991914749145508,37.10799998953007,7.776200014632195,1,,0,8.142500009853393,1,0,21.159900003112853,1,face,0.01999997766688466,1,,
1787921931.7086203,2287,0.01994609832763672,50.1351183361224,17.83895492553711,10.764999984530732,1.4417000056710094,1,,0,9.291599999414757,1,0,,0,face,0.020799983758479357,1,,
1787921931.7688909,2288,0.06027054786682129,16.591851831340268,3.420114517211914,50.19209999591112,7.758499996270984,1,6.1923000030219555,1,7.675600005313754,1,0,28.54329999536276,1,face,0.019700004486367106,1,,
1787921931.7885756,2289,0.019684791564941406,50.80063950390001,27.92501449584961,11.316799995256588,1.7337999888695776,1,,0,9.550699993269518,1,0,,0,face,0.021000014385208488,1,,
1787921931.862822,2290,0.07424640655517578,13.468665305126327,1.9953250885009766,43.736399995395914,7.481500011635944,1,,0,9.64830000884831,1,0,26.57550000003539,1,face,0.01789999078027904,1,,
1787921931.884346,2291,0.02152395248413086,46.45986840647777,23.804664611816406,10.747799999080598,1.6063000075519085,1,,0,9.101800009375438,1,0,,0,face,0.025599991204217076,1,,
1787921931.9409664,2292,0.05662035942077637,17.66149155939583,9.972810745239258,46.5346000273712,7.796499994583428,1,6.550999998580664,1,8.785800018813461,1,0,23.37690000422299,1,face,0.021799991372972727,1,,
1787921931.9607894,2293,0.019823074340820312,50.44626190705282,31.91375732421875,10.06599998800084,1.3274999801069498,1,,0,8.703600004082546,1,0,,0,face,0.02020000829361379,1,,
1787921932.022919,2294,0.06212949752807617,16.095414252273688,0.9968280792236328,38.108899985672906,8.281799993710592,1,,0,9.18449999880977,1,0,20.606699981726706,1,face,0.02570002106949687,1,,
1787921932.0428665,2295,0.019947528839111328,50.131522960342316,16.952991485595703,9.878699987893924,1.2562000192701817,1,,0,8.589600009145215,1,0,,0,face,0.021599989850074053,1,,
1787921932.1004698,2296,0.05760335922241211,17.3600986730462,2.730846405029297,47.99540000385605,8.302300004288554,1,5.8320999960415065,1,8.929100004024804,1,0,24.90409999154508,1,face,0.02440001117065549,1,,
1787921932.1224115,2297,0.021941661834716797,45.57539932630664,27.701377868652344,10.525799996685237,1.597599999513477,1,,0,8.89270001789555,1,0,,0,face,0.023500004317611456,1,,
1787921932.2041152,2298,0.08170366287231445,12.239353351425487,2.993345260620117,49.09590000170283,9.723099996335804,1,,0,10.726299980888143,1,0,28.607799991732463,1,face,0.02540001878514886,1,,
1787921932.225566,2299,0.02145075798034668,46.618399261984415,30.425310134887695,11.294700001599267,1.564000005600974,1,,0,9.691700019175187,1,0,,0,face,0.024599983589723706,1,,
1787921932.2840574,2300,0.05849146842956543,17.096510428767665,18.761157989501953,48.296499997377396,7.634999987203628,1,6.446299987146631,1,7.824100001016632,1,0,26.36820002226159,1,face,0.020000006770715117,1,,
1787921932.3059983,2301,0.021940946578979492,45.57688504460648,43.210506439208984,11.782300018239766,2.0135000231675804,1,,0,9.730099991429597,1,0,,0,face,0.025399989681318402,1,,
1787921932.3593414,2302,0.05334305763244629,18.74658192431292,1.9924640655517578,36.80410000379197,0.007199996616691351,1,,0,9.952499996870756,1,0,26.810699986526743,1,face,0.022199994418770075,1,,
1787921932.3776076,2303,0.01826620101928711,54.745921111024096,18.266677856445312,7.3296999908052385,0.006399990525096655,1,,0,7.291600020835176,1,0,,0,face,0.018499995348975062,1,,
1787921932.4323123,2304,0.05470466613769531,18.279976290924306,2.499103546142578,44.48660000343807,7.188999996287748,1,6.028299976605922,1,8.469899999909103,1,0,22.77690000482835,1,face,0.01990000600926578,1,,
1787921932.4512603,2305,0.018948078155517578,52.77580089085739,22.2628116607666,10.309500008588657,1.572999986819923,1,,0,8.702299994183704,1,0,,0,face,0.02300000051036477,1,,
1787921932.5268772,2306,0.07561683654785156,13.224568041367133,0.9973049163818359,38.37039999780245,7.741900015389547,1,,0,9.154700004728511,1,0,21.439300006022677,1,face,0.023200002033263445,1,,
1787921932.5457604,2307,0.018883228302001953,52.957046539228806,44.85297203063965,10.385799978394061,1.4186000043991953,1,,0,8.935099991504103,1,0,,0,face,0.021599989850074053,1,,
1787921932.6050088,2308,0.05924844741821289,16.878079402509396,5.9833526611328125,47.72969998884946,8.423899998888373,1,6.594399979803711,1,9.988800011342391,1,0,22.68930000718683,1,face,0.030399998649954796,1,,
1787921932.6270256,2309,0.02201676368713379,45.419936109155884,28.189659118652344,12.014800013275817,1.725200010696426,1,,0,10.250599996652454,1,0,,0,face,0.02519998815841973,1,,
1787921932.7016876,2310,0.0746619701385498,13.393699605626606,1.9958019256591797,44.5326000044588,7.120099995518103,1,,0,9.501699998509139,1,0,27.87920000264421,1,face,0.020800012862309813,1,,
1787921932.7236283,2311,0.02194070816040039,45.57738030556582,27.925491333007812,11.43660000525415,1.3251000200398266,1,,0,10.079200001200661,1,0,,0,face,0.020599982235580683,1,,
1787921932.7804801,2312,0.056851863861083984,17.589572831657257,13.961553573608398,45.976499997777864,7.803400018019602,1,6.369300012011081,1,8.250599988969043,1,0,23.52950000204146,1,face,0.02099998528137803,1,,
1787921932.8024218,2313,0.021941661834716797,45.57539932630664,39.52670097351074,10.204799997154623,1.4866999990772456,1,,0,8.686000015586615,1,0,,0,face,0.022199994418770075,1,,
1787921932.8637369,2314,0.061315059661865234,16.309206996041592,0.9999275207519531,42.40060001029633,7.557799981441349,1,,0,9.072599990759045,1,0,25.737499992828816,1,face,0.02160001895390451,1,,
1787921932.8841898,2315,0.02045297622680664,48.89263982468002,21.450281143188477,10.595900006592274,1.5522000030614436,1,,0,9.006999986013398,1,0,,0,face,0.022799998987466097,1,,
1787921932.9417582,2316,0.05756831169128418,17.370667483920666,8.975744247436523,47.028500004671514,7.701499998802319,1,6.080699997255579,1,8.196600014343858,1,0,25.026799994520843,1,face,0.020400009816512465,1,,
1787921932.962702,2317,0.020943880081176758,47.746644658204794,30.856609344482422,10.58460000785999,1.660300011280924,1,,0,8.887100004358217,1,0,,0,face,0.02449998282827437,1,,
1787921933.0310936,2318,0.06839156150817871,14.621686914991894,1.9941329956054688,41.28320000017993,7.958799978950992,1,,0,8.981199993286282,1,0,24.31169999181293,1,face,0.02020000829361379,1,,
1787921933.0570235,2319,0.025929927825927734,38.56547564317108,25.933504104614258,11.162600014358759,1.6580999945290387,1,,0,9.45409998530522,1,0,,0,face,0.03530000685714185,1,,
1787921933.1139834,2320,0.05695986747741699,17.556220621413352,15.956640243530273,46.269900019979104,7.253000017954037,1,5.916499998420477,1,8.198600000469014,1,0,24.878000025637448,1,face,0.020599982235580683,1,,
1787921933.1369221,2321,0.02293872833251953,43.59439570947491,36.49544715881348,12.29879999300465,2.1132999972905964,1,,0,10.151199996471405,1,0,,0,face,0.0219999928958714,1,,
1787921933.1926181,2322,0.05569601058959961,17.954607330291175,2.9914379119873047,35.7330999977421,0.006599992047995329,1,,0,8.176800009096041,1,0,27.518199989572167,1,face,0.01990000600926578,1,,
1787921933.2115672,2323,0.018949031829833984,52.77314476962178,16.953706741333008,7.348300016019493,0.00689999433234334,1,,0,7.3062000155914575,1,0,,0,face,0.02509998739697039,1,,
1787921933.270358,2324,0.05879092216491699,17.009428720897695,3.5958290100097656,47.784099995624274,8.107900008326396,1,5.9735999966505915,1,9.757599997101352,1,0,23.914999997941777,1,face,0.026599998818710446,1,,
1787921933.2942965,2325,0.023938417434692383,41.77385588367113,28.433799743652344,11.502200009999797,1.4891000173520297,1,,0,9.975799999665469,1,0,,0,face,0.023500004317611456,1,,
1787921933.360703,2326,0.0664064884185791,15.058769463861932,1.993417739868164,39.98290002346039,8.39339999947697,1,,0,9.61720000486821,1,0,21.93970000371337,1,face,0.020400009816512465,1,,
1787921933.3826456,2327,0.021942615509033203,45.573418519242885,20.45416831970215,10.855300002731383,1.8927000055555254,1,,0,8.925500005716458,1,0,,0,face,0.024300010409206152,1,,
1787921933.438315,2328,0.055669307708740234,17.96321961163884,8.949995040893555,43.95039999508299,7.9372999898623675,1,6.491200008895248,1,8.193999994546175,1,0,21.303299989085644,1,face,0.021400017431005836,1,,
1787921933.4602554,2329,0.02194046974182129,45.57787557728878,32.74130821228027,11.061500001233071,1.6444000066258013,1,,0,9.377699985634536,1,0,,0,face,0.027700007194653153,1,,
1787921933.5266244,2330,0.06636905670166016,15.067262512034256,1.2171268463134766,39.28939998149872,7.460399996489286,1,,0,9.149599994998425,1,0,22.64459998696111,1,face,0.02340000355616212,1,,
1787921933.548256,2331,0.021631479263305664,46.22892349744845,41.742563247680664,11.499600019305944,1.8976999854203314,1,,0,9.5564000075683,1,0,,0,face,0.03399999695830047,1,,
1787921933.6080737,2332,0.05981779098510742,16.717434454391096,6.981134414672852,48.804799997014925,7.492900011129677,1,6.558499997481704,1,8.15490001696162,1,0,26.570399990305305,1,face,0.02479998511262238,1,,
1787921933.6288965,2333,0.020822763442993164,48.024365389239385,34.44027900695801,10.578499990515411,1.5050999936647713,1,,0,9.037899988470599,1,0,,0,face,0.02300000051036477,1,,
1787921933.6917303,2334,0.06283378601074219,15.915004705096683,1.9953250885009766,38.66360001848079,7.494400022551417,1,,0,8.649399998830631,1,0,22.488900023745373,1,face,0.020199979189783335,1,,
1787921933.7143555,2335,0.022625207901000977,44.1984888879522,19.628047943115234,11.555599980056286,2.1006999886594713,1,,0,9.418900008313358,1,0,,0,face,0.02340000355616212,1,,
1787921933.776461,2336,0.062105417251586914,16.10165496431711,9.972572326660156,50.653599988436326,8.2465999876149,1,6.928899994818494,1,8.414899988565594,1,0,27.03779999865219,1,face,0.022100022761151195,1,,
1787921933.7993991,2337,0.022938251495361328,43.5953019436649,37.17184066772461,11.056900024414062,1.7011000018101186,1,,0,9.316499985288829,1,0,,0,face,0.025200017262250185,1,,
1787921933.8691335,2338,0.06973433494567871,14.340138194176152,1.9938945770263672,47.66119999112561,9.324299986474216,1,,0,11.756299994885921,1,0,26.537300000200048,1,face,0.02880001557059586,1,,
1787921933.8905852,2339,0.021451711654663086,46.61632675743262,31.656742095947266,10.742699989350513,1.357600005576387,1,,0,9.347200015326962,1,0,,0,face,0.022799998987466097,1,,
1787921933.9539013,2340,0.06331610679626465,15.79376955721155,17.435789108276367,52.46060001081787,8.364800014533103,1,7.210200012195855,1,8.90739998430945,1,0,27.953000011621043,1,face,0.0219999928958714,1,,
1787921933.9770255,2341,0.023124217987060547,43.244705639756674,48.056840896606445,10.487399995326996,1.4251000247895718,1,,0,9.029300010297447,1,0,,0,face,0.02099998528137803,1,,
1787921934.0303128,2342,0.05328726768493652,18.766208954689645,3.989696502685547,42.97070001484826,8.122299972455949,1,,0,9.320399985881522,1,0,25.49410000210628,1,face,0.022800028091296554,1,,
1787921934.052254,2343,0.021941184997558594,45.576389794410396,25.929927825927734,11.113699991255999,1.4655999839305878,1,,0,9.614399983547628,1,0,,0,face,0.021100015146657825,1,,
1787921934.1095998,2344,0.05734586715698242,17.43804827752509,14.755964279174805,45.26049998821691,7.6077000121586025,1,5.543000006582588,1,8.44070001039654,1,0,23.646999994525686,1,face,0.019499973859637976,1,,
1787921934.1305437,2345,0.020943880081176758,47.746644658204794,37.09578514099121,10.34300000173971,1.8906000186689198,1,,0,8.408699999563396,1,0,,0,face,0.03169997944496572,1,,
1787921934.1920426,2346,0.06149888038635254,16.260458624900657,0.9973049163818359,38.54349997709505,8.046799979638308,1,,0,9.181300003547221,1,0,21.283899986883625,1,face,0.02090001362375915,1,,
1787921934.2164867,2347,0.024444103240966797,40.90966193941049,21.740436553955078,12.480700010200962,2.1339000086300075,1,,0,10.305700008757412,1,0,,0,face,0.027799978852272034,1,,
1787921934.278199,2348,0.06171226501464844,16.20423427600062,12.96687126159668,47.624099999666214,8.088699978543445,1,5.878099997062236,1,8.704300009412691,1,0,24.92809999966994,1,face,0.02269999822601676,1,,
1787921934.3001394,2349,0.02194046974182129,45.57787557728878,39.40272331237793,10.894000006373972,1.9477999885566533,1,,0,8.904999995138496,1,0,,0,face,0.02780000795610249,1,,
1787921934.3651226,2350,0.06498312950134277,15.388609438690338,1.9941329956054688,44.19350001262501,7.978800014825538,1,,0,9.177600004477426,1,0,27.004800009308383,1,face,0.02099998528137803,1,,
1787921934.3860874,2351,0.020964860916137695,47.698861633288985,28.943777084350586,10.582799994153902,1.5208999975584447,1,,0,9.028300002682954,1,0,,0,face,0.021500018192455173,1,,
1787921934.4483688,2352,0.06228137016296387,16.056165710282627,16.4642333984375,49.56429998856038,8.428100001765415,1,6.131999980425462,1,8.733700000448152,1,0,26.243300002533942,1,face,0.024200009647756815,1,,
1787921934.4693134,2354,0.020944595336914062,47.74501411529005,8.975744247436523,11.219000007258728,1.510200003394857,1,,0,9.67640001908876,1,0,,0,face,0.0219999928958714,1,,
1787921934.53266,2355,0.06334662437438965,15.78616082350063,0.9982585906982422,40.15119999530725,7.349599996814504,1,,0,9.86890000058338,1,0,22.903100005351007,1,face,0.019400002202019095,1,,
1787921934.561744,2356,0.029083967208862305,34.38320476772115,0.9968280792236328,12.084600020898506,1.6460999904666096,1,,0,10.397700010798872,1,0,,0,face,0.025299988919869065,1,,
1787921934.6312296,2357,0.06948566436767578,14.391457707140994,0.5161762237548828,46.82650000904687,7.734199985861778,1,5.951799976173788,1,9.404000011272728,1,0,23.70990000781603,1,face,0.023300002794712782,1,,
1787921934.650179,2358,0.018949270248413086,52.77248078108683,25.441884994506836,9.547300025587901,1.6090999997686595,1,,0,7.9058000119403005,1,0,,0,face,0.021099986042827368,1,,
1787921934.7309675,2359,0.08078861236572266,12.377982127890643,2.991199493408203,44.46430000825785,7.236500008730218,1,,0,9.699900023406371,1,0,27.49569999286905,1,face,0.021599989850074053,1,,
1787921934.7503097,2360,0.01934218406677246,51.7004696340306,24.925708770751953,10.064000001875684,1.53489998774603,1,,0,8.496599999489263,1,0,,0,face,0.021499989088624716,1,,
1787921934.8053749,2361,0.055065155029296875,18.160304814686526,8.980035781860352,46.02469998644665,7.882700010668486,1,7.387799996649846,1,9.042600024258718,1,0,21.68169998913072,1,face,0.02729997504502535,1,,
1787921934.8268027,2362,0.02142786979675293,46.66819471488178,30.015945434570312,12.060100008966401,1.7863000102806836,1,,0,10.23339998209849,1,0,,0,face,0.026900001103058457,1,,
1787921934.894934,2363,0.0681312084197998,14.677561475768382,2.9916763305664062,41.343400022014976,10.618500004056841,1,,0,7.974399981321767,1,0,22.717900021234527,1,face,0.02169999061152339,1,,
1787921934.918335,2364,0.02340102195739746,42.73317643223197,20.781993865966797,14.227200008463115,2.550999983213842,1,,0,11.637800023891032,1,0,,0,face,0.023300002794712782,1,,
1787921934.9758039,2365,0.05746889114379883,17.400718546975217,10.970115661621094,45.50199999357574,8.154600014677271,1,6.4897999982349575,1,8.70879998547025,1,0,22.125499992398545,1,face,0.02030000905506313,1,,
1787921934.9952304,2366,0.019426584243774414,51.475853266405664,32.912254333496094,10.21709997439757,1.4608000055886805,1,,0,8.724700019229203,1,0,,0,face,0.020799983758479357,1,,
1787921935.0575562,2367,0.06232571601867676,16.044741462742863,2.994060516357422,37.53909998340532,7.533399999374524,1,,0,9.531999996397644,1,0,20.436699996935204,1,face,0.02440001117065549,1,,
1787921935.079005,2368,0.021448850631713867,46.62254482398319,19.947528839111328,11.83060000767,1.8573999986983836,1,,0,9.923600009642541,1,0,,0,face,0.03519997699186206,1,,
1787921935.1406624,2369,0.06165742874145508,16.218645837361276,8.97669792175293,48.70760001358576,7.0349999878089875,1,6.813299987697974,1,8.483400015393272,1,0,26.346700004069135,1,face,0.02680000034160912,1,,
1787921935.1611006,2370,0.020438194274902344,48.92800149316411,33.4017276763916,11.1979000212159,1.7042999970726669,1,,0,9.454499988351017,1,0,,0,face,0.025899993488565087,1,,
1787921935.2215483,2371,0.06044769287109375,16.54322857503471,1.9946098327636719,38.07460001553409,7.8492999891750515,1,,0,9.091399988392368,1,0,21.096899989061058,1,face,0.024800014216452837,1,,
1787921935.2416818,2372,0.020133495330810547,49.668474528100795,15.466451644897461,10.773299989523366,1.797599979909137,1,,0,8.934199984651059,1,0,,0,face,0.02950002090074122,1,,
1787921935.3026676,2373,0.06098580360412598,16.397258720918867,4.987001419067383,48.990200011758134,7.834599993657321,1,7.0112000103108585,1,8.64059999003075,1,0,25.478800002019852,1,face,0.021899992134422064,1,,
1787921935.322124,2374,0.01945638656616211,51.39700512217239,29.068708419799805,9.821099985856563,1.3054000155534595,1,,0,8.267899975180626,1,0,,0,face,0.23800000781193376,1,,
1787921935.395794,2375,0.0736699104309082,13.574062926788223,1.995086669921875,44.23369999858551,7.884000020567328,1,,0,9.181200002785772,1,0,27.13269999367185,1,face,0.021899992134422064,1,,
1787921935.4152057,2376,0.019411802291870117,51.51505176924305,21.91305160522461,10.180800018133596,1.3211999903433025,1,,0,8.826900011627004,1,0,,0,face,0.021199986804276705,1,,
1787921935.4726868,2377,0.05748105049133301,17.397037657667372,7.488250732421875,47.63549999915995,7.836400007363409,1,6.266500015044585,1,8.558699977584183,1,0,24.950499995611608,1,face,0.020700012100860476,1,,
1787921935.4933465,2378,0.020659685134887695,48.403448236067995,34.906625747680664,11.352599976817146,2.005899994401261,1,,0,9.302399994339794,1,0,,0,face,0.03190001007169485,1,,
1787921935.5436723,2379,0.050325870513916016,19.87049582626657,9.973287582397461,39.54140000860207,8.060600026510656,1,,0,8.357000013347715,1,0,23.091500013833866,1,face,0.021099986042827368,1,,
1787921935.5646157,2380,0.020943403244018555,47.747731748688,4.985809326171875,10.419800004456192,1.5183000068645924,1,,0,8.866599993780255,1,0,,0,face,0.02269999822601676,1,,
1787921935.629262,2381,0.06464624404907227,15.468802785215345,1.9979476928710938,44.85269999713637,8.40059999609366,1,5.172400007722899,1,8.926899987272918,1,0,22.329700004775077,1,face,0.02030000905506313,1,,
1787921935.647213,2382,0.017951011657714844,55.70716676406524,21.940946578979492,9.077400027308613,1.6122999950312078,1,,0,7.426099997246638,1,0,,0,face,0.028400012524798512,1,,
1787921935.7266974,2383,0.07948446273803711,12.581075163026199,3.3121109008789062,41.430700017372146,8.970199996838346,1,,0,9.28969998494722,1,0,23.13680000952445,1,face,0.02190002123825252,1,,
1787921935.7456455,2384,0.018948078155517578,52.77580089085739,13.964653015136719,10.344900016207248,1.6820000018924475,1,,0,8.631400007288903,1,0,,0,face,0.021199986804276705,1,,
1787921935.8082798,2385,0.06263422966003418,15.965710848968623,6.495952606201172,52.17149999225512,7.783700013533235,1,6.865799980005249,1,8.628500014310703,1,0,28.857800003606826,1,face,0.032899988582357764,1,,
1787921935.8286738,2386,0.020394086837768555,49.03382083026456,35.35151481628418,9.216600010404363,1.465099980123341,1,,0,7.718099979683757,1,0,,0,face,0.0213000166695565,1,,
1787921935.8942714,2387,0.0655975341796875,15.244475459409164,2.9859542846679688,42.574599996441975,7.634099980350584,1,,0,9.757599997101352,1,0,25.152299989713356,1,face,0.01960000372491777,1,,
1787921935.913303,2388,0.019031524658203125,52.54439767488475,20.943880081176758,10.359999985666946,1.6782000020612031,1,,0,8.650399977341294,1,0,,0,face,0.02120001590810716,1,,
1787921935.9701643,2389,0.05686140060424805,17.586622724261407,5.983591079711914,47.24960000021383,7.427800010191277,1,6.334699981380254,1,8.79630001145415,1,0,24.66120000462979,1,face,0.026699999580159783,1,,
1787921935.9901109,2390,0.019946575164794922,50.13391982022902,30.92789649963379,10.54020001902245,1.7319000035058707,1,,0,8.774400019319728,1,0,,0,face,0.022799998987466097,1,,
1787921936.0592234,2391,0.06911253929138184,14.469154371306649,2.9904842376708984,39.15239998605102,7.36950000282377,1,,0,8.989800000563264,1,0,22.76039999560453,1,face,0.02099998528137803,1,,
1787921936.0789533,2392,0.0197298526763916,50.68461566348048,20.213842391967773,10.86299997405149,1.5996999864000827,1,,0,9.228200011420995,1,0,,0,face,0.023500004317611456,1,,
1787921936.1402593,2393,0.061305999755859375,16.311617198680853,5.983829498291016,51.859700004570186,7.856700016418472,1,6.877000007079914,1,9.325499995611608,1,0,27.776100003393367,1,face,0.021199986804276705,1,,
1787921936.1621387,2394,0.02187943458557129,45.70502021379769,34.905433654785156,12.096599995857105,1.821299985749647,1,,0,10.245500016026199,1,0,,0,face,0.019400002202019095,1,,
1787921936.2261446,2395,0.06400585174560547,15.623571481784996,2.9914379119873047,41.01839999202639,7.858099997974932,1,,0,9.545399982016534,1,0,23.58290000120178,1,face,0.021500018192455173,1,,
1787921936.2460923,2396,0.01994776725769043,50.13092378118016,20.452022552490234,10.938199993688613,1.9005000067409128,1,,0,8.994600008009002,1,0,,0,face,0.022799998987466097,1,,
1787921936.3077886,2397,0.06169629096984863,16.208429782087002,8.626461029052734,50.37589999847114,8.509600011166185,1,6.561099988175556,1,8.896000013919547,1,0,26.380700001027435,1,face,0.02509998739697039,1,,
1787921936.3287334,2398,0.020944833755493164,47.74447062573279,35.86935997009277,9.894900023937225,1.453999982913956,1,,0,8.407799992710352,1,0,,0,face,0.02190002123825252,1,,
1787921936.394291,2399,0.06555747985839844,15.2537895318728,1.9946098327636719,42.94430001755245,8.46449998789467,1,,0,8.718700002646074,1,0,25.728700013132766,1,face,0.02139998832717538,1,,
1787921936.415235,2400,0.02094411849975586,47.74610113152563,20.458221435546875,10.872199985897169,1.971099991351366,1,,0,8.866199990734458,1,0,,0,face,0.02190002123825252,1,,
1787921936.4765828,2401,0.06134772300720215,16.300523491028365,9.485244750976562,50.985499983653426,7.429899997077882,1,10.579399997368455,1,7.460099994204938,1,0,25.492799992207438,1,face,0.02060001133941114,1,,
1787921936.4960384,2402,0.019455671310424805,51.39889464848106,36.77940368652344,10.357499995734543,1.8151999975088984,1,,0,8.512100001098588,1,0,,0,face,0.019099999917671084,1,,
1787921936.534771,2403,0.03873252868652344,25.818092283449058,13.962745666503906,30.48839999246411,1.3417000009212643,1,,0,8.243799995398149,1,0,20.872099994448945,1,face,0.021000014385208488,1,,
1787921936.5676897,2404,0.032918691635131836,30.377878048250537,1.9955635070800781,16.24729999457486,7.873700000345707,1,,0,8.337199978996068,1,0,,0,face,0.02190002123825252,1,,
1787921936.624868,2405,0.05717825889587402,17.489164925799443,2.9931068420410156,39.78009999264032,1.6059000045061111,1,5.737799976486713,1,9.340700024040416,1,0,23.066599998855963,1,face,0.02609999501146376,1,,
1787921936.6507983,2406,0.025930404663085938,38.56476645825671,20.27606964111328,15.702299977419898,7.049899984849617,1,,0,8.62010000855662,1,0,,0,face,0.020500010577961802,1,,
1787921936.7304227,2407,0.07962441444396973,12.558962059352814,0.9970664978027344,48.49720001220703,8.151599991833791,1,,0,10.538900009123608,1,0,29.769300017505884,1,face,0.025100016500800848,1,,
1787921936.7501557,2408,0.019732952117919922,50.67665466495904,25.932788848876953,10.51649998407811,1.632600004086271,1,,0,8.850399986840785,1,0,,0,face,0.02340000355616212,1,,
1787921936.8136342,2409,0.06347846984863281,15.753372795288604,14.957904815673828,51.94939998909831,8.753699978115037,1,6.683200015686452,1,8.798299997579306,1,0,27.68959998502396,1,face,0.021000014385208488,1,,
1787921936.8340993,2410,0.02046513557434082,48.86359029323019,42.48929023742676,10.59940000413917,1.4956000086385757,1,,0,9.070700005395338,1,0,,0,face,0.02139998832717538,1,,
1787921936.8924534,2411,0.05835413932800293,17.13674490817348,0.9975433349609375,43.50440000416711,7.59920000564307,1,,0,9.515399986412376,1,0,26.355200010584667,1,face,0.023500004317611456,1,,
1787921936.913397,2412,0.020943641662597656,47.74718819725878,23.432493209838867,10.074299992993474,1.6348999924957752,1,,0,8.402499981457368,1,0,,0,face,0.019700004486367106,1,,
1787921936.97898,2413,0.0655829906463623,15.24785603926202,10.972023010253906,52.9153999814298,8.308299991767853,1,6.73400002415292,1,8.598299988079816,1,0,29.25259998301044,1,face,0.019099999917671084,1,,
1787921937.0009222,2414,0.021942138671875,45.574408901251736,38.48147392272949,11.357799987308681,1.6240999975707382,1,,0,9.687499987194315,1,0,,0,face,0.023500004317611456,1,,
1787921937.0680046,2415,0.06708240509033203,14.907038569255484,1.995086669921875,47.07850000704639,8.814700006041676,1,,0,10.663699998985976,1,0,27.56230000522919,1,face,0.023800006601959467,1,,
1787921937.0934467,2416,0.025442123413085938,39.30489541944674,33.908843994140625,12.302499992074445,1.8600999901536852,1,,0,10.401499981526285,1,0,,0,face,0.025800021830946207,1,,
1787921937.1557934,2417,0.062346696853637695,16.039342105766327,21.78478240966797,50.01300000003539,8.293000020785257,1,6.749899999704212,1,9.193100006086752,1,0,25.752699992153794,1,face,0.02139998832717538,1,,
1787921937.1777344,2418,0.021940946578979492,45.57688504460648,50.04405975341797,11.249400005908683,1.6923999937716872,1,,0,9.510200005024672,1,0,,0,face,0.03060000017285347,1,,
1787921937.227284,2419,0.04954957962036133,20.181805933810015,6.981134414672852,38.55979998479597,7.656500005396083,1,,0,8.036900020670146,1,0,22.835599986137822,1,face,0.020299979951232672,1,,
1787921937.2503135,2420,0.023029565811157227,43.42244262006564,23.533344268798828,11.324599996441975,1.4236999850254506,1,,0,9.868599998299032,1,0,,0,face,0.02139998832717538,1,,
1787921937.3069391,2421,0.0566256046295166,17.65985558198775,15.956640243530273,45.103599986759946,7.902200013631955,1,6.314400001429021,1,8.183900004951283,1,0,22.678599983919412,1,face,0.021799991372972727,1,,
1787921937.3279414,2422,0.02100229263305664,47.613849472130774,35.73942184448242,10.782800003653392,1.5696999907959253,1,,0,9.178699983749539,1,0,,0,face,0.022100022761151195,1,,
1787921937.395121,2423,0.06717967987060547,14.885453487216616,0.0,49.17869999189861,8.248900005128235,1,,0,9.882999991532415,1,0,31.006400007754564,1,face,0.025399989681318402,1,,
1787921937.4168932,2424,0.021772146224975586,45.930244527425835,26.943683624267578,10.865400021430105,1.6146999842021614,1,,0,9.214599995175377,1,0,,0,face,0.022599997464567423,1,,
1787921937.4778292,2425,0.06093597412109375,16.41066733441843,15.111684799194336,48.49250000552274,8.281199989141896,1,6.007799995131791,1,9.331599983852357,1,0,24.844500003382564,1,face,0.0247000134550035,1,,
1787921937.496778,2426,0.018948793411254883,52.773808774865685,40.48562049865723,9.133199986536056,1.3504000089596957,1,,0,7.750799995847046,1,0,,0,face,0.020400009816512465,1,,
1787921937.5440361,2427,0.04725813865661621,21.16037635900411,14.734268188476562,37.03830001177266,7.012600020971149,1,,0,7.278200006112456,1,0,22.717800020473078,1,face,0.019799976143985987,1,,
1787921937.565978,2428,0.0219419002532959,45.57490410839826,2.9921531677246094,12.522300006821752,1.9357000128366053,1,,0,10.547299985773861,1,0,,0,face,0.0261999957729131,1,,
1787921937.6307926,2429,0.06481456756591797,15.428630284125186,0.9970664978027344,47.31809999793768,7.618100004037842,1,6.32060001953505,1,8.447299973340705,1,0,24.910699983593076,1,face,0.018200022168457508,1,,
1787921937.6509764,2430,0.020183801651000977,49.54468029814428,28.162002563476562,9.659400006057695,1.4324999938253313,1,,0,8.192099980078638,1,0,,0,face,0.02120001590810716,1,,
1787921937.7270741,2431,0.07609772682189941,13.140997001663655,2.9938220977783203,43.20909999660216,7.30279998970218,1,,0,10.674499993911013,1,0,25.201800017384812,1,face,0.019400002202019095,1,,
1787921937.737275,2432,0.010200738906860352,98.03211405866541,21.68750762939453,0.16769999638199806,0.005700014298781753,1,,0,,0,0,,0,face,0.015700003132224083,1,,
1787921937.780967,2433,0.04369211196899414,22.887426469785765,1.9948482513427734,30.828899994958192,0.007399998139590025,1,6.961900013266131,1,,0,0,23.627399990800768,1,face,0.022899999748915434,1,,
1787921937.7925632,2434,0.011596202850341797,86.23512479953945,10.59722900390625,0.11130000348202884,0.0045000051613897085,1,,0,,0,0,,0,face,0.012300006346777081,1,,
1787921937.8695874,2435,0.07702422142028809,12.982929026227083,0.9975433349609375,19.70539998728782,0.0041000021155923605,1,,0,,0,0,19.553199992515147,1,face,0.014999997802078724,1,,
1787921937.8839848,2436,0.014397382736206055,69.45706857436203,2.031564712524414,0.11719999019987881,0.005099980626255274,1,,0,,0,0,,0,face,0.011900003300979733,1,,
1787921937.9441795,2437,0.06019473075866699,16.612749777205664,4.023075103759766,24.38000001711771,0.0049000082071870565,1,5.361499992432073,1,,0,0,18.89070001197979,1,face,0.014199991710484028,1,,
1787921937.9664686,2438,0.022289037704467773,44.86510423909207,17.302274703979492,0.16039999900385737,0.005599984433501959,1,,0,,0,0,,0,face,0.013300013961270452,1,,
1787921938.0471232,2439,0.08065462112426758,12.398545626533448,12.000799179077148,19.29490000475198,0.004799978341907263,1,,0,,0,0,19.16630001505837,1,face,0.0137000170070678,1,,
1787921938.057128,2440,0.010004758834838867,99.95243428734838,5.983591079711914,0.12760001118294895,0.004699977580457926,1,,0,,0,0,,0,face,0.012500007869675756,1,,
1787921938.1115103,2441,0.05438232421875,18.388327721661057,1.0292530059814453,25.45820001978427,0.0051000097300857306,1,5.259600002318621,1,,0,0,20.054200023878366,1,face,0.014999997802078724,1,,
1787921938.1358802,2442,0.02436995506286621,41.03413393337573,18.706798553466797,0.14810002176091075,0.0052000104915350676,1,,0,,0,0,,0,face,0.012299977242946625,1,,
1787921938.2030208,2443,0.06714057922363281,14.894122326070281,0.54931640625,18.166800000471994,0.0040000013541430235,1,,0,,0,0,18.02220000536181,1,face,0.013800017768517137,1,,
1787921938.2279882,2444,0.024967432022094727,40.05217673628021,10.971307754516602,0.15880001592449844,0.005799985956400633,1,,0,,0,0,,0,face,0.016000005416572094,1,,
1787921938.2747097,2445,0.046721458435058594,21.4034414484293,0.9982585906982422,23.739199998090044,0.0045000051613897085,1,4.928999987896532,1,,0,0,18.64870000281371,1,face,0.015700003132224083,1,,
1787921938.2897015,2446,0.01499176025390625,66.70330788804071,7.012844085693359,0.14470002497546375,0.005500012775883079,1,,0,,0,0,,0,face,0.013699987903237343,1,,
1787921938.370791,2447,0.08108949661254883,12.332053370340534,0.9918212890625,18.494199990527704,0.0043000036384910345,1,,0,,0,0,18.37049997993745,1,face,0.013599987141788006,1,,
1787921938.3852758,2448,0.014484882354736328,69.03749547354907,1.0294914245605469,0.1838000025600195,0.0051000097300857306,1,,0,,0,0,,0,face,0.014299992471933365,1,,
1787921938.4464073,2449,0.06113147735595703,16.35818473970765,1.0311603546142578,27.900999994017184,0.0052000104915350676,1,5.048799997894093,1,,0,0,22.722499998053536,1,face,0.014199991710484028,1,,
1787921938.4563847,2450,0.009977340698242188,100.22710762760467,5.9566497802734375,0.12670000432990491,0.0049000082071870565,1,,0,,0,0,,0,face,0.012999982573091984,1,,
1787921938.5152035,2451,0.058818817138671875,17.001361956028276,2.988576889038086,20.141999993938953,0.004999979864805937,1,,0,,0,0,20.00150000094436,1,hover,0.01990000600926578,1,,
1787921938.5521362,2452,0.03693270683288574,27.07627156939325,0.9977817535400391,0.14180000289343297,0.005199981387704611,1,,0,,0,0,,0,hover,0.0171000137925148,1,,
1787921938.607634,2453,0.05549788475036621,18.01870475781334,2.9599666595458984,23.978900018846616,0.0045000051613897085,1,4.761999996844679,1,,0,0,19.085200008703396,1,hover,0.016299978597089648,1,,
1787921938.616121,2454,0.00848698616027832,117.82745737000309,0.0,0.12229999992996454,0.0049000082071870565,1,,0,,0,0,,0,hover,0.014899997040629387,1,,
1787921938.7101204,2455,0.09399938583374023,10.638367380067063,11.518478393554688,17.72589999018237,0.0045000051613897085,1,,0,,0,0,17.579800012754276,1,hover,0.016000005416572094,1,,
1787921938.7240818,2456,0.013961315155029297,71.62648997575054,9.972572326660156,0.14139999984763563,0.0052000104915350676,1,,0,,0,0,,0,hover,0.020799983758479357,1,,
1787921938.7726789,2457,0.048597097396850586,20.5773606566224,1.0311603546142578,24.174599995603785,0.0053000112529844046,1,5.185499991057441,1,,0,0,18.851300003007054,1,hover,0.01659998088143766,1,,
1787921938.7826169,2458,0.00993800163269043,100.62385145023151,0.9982585906982422,0.145500001963228,0.0049000082071870565,1,,0,,0,0,,0,hover,0.014999997802078724,1,,
1787921938.8691657,2459,0.0865488052368164,11.5541745176468,0.0,18.617199995787814,0.004299974534660578,1,,0,,0,0,18.487099994672462,1,hover,0.015900004655122757,1,,
1787921938.8944025,2460,0.025236845016479492,39.62460439674637,14.739036560058594,0.14139999984763563,0.0053000112529844046,1,,0,,0,0,,0,hover,0.016700010746717453,1,,
