t,seq,dt_s,fps_inst,frame_age_ms,camera_to_command_ms,command_exec_ms,command_exec_ms_ran,face_detect_ms,face_detect_ms_ran,face_id_ms,face_id_ms_ran,flying,hand_detect_ms,hand_detect_ms_ran,mode,mode_manager_ms,mode_manager_ms_ran,rule_infer_ms,rule_infer_ms_ran
1790072344.8287957,7,,,3.0105113983154297,0.058999983593821526,0.004800036549568176,1,,0,,0,0,,0,hover,0.030399998649954796,1,,
1790072344.9085643,18,0.07976865768432617,12.536252069796218,10.971546173095703,40.75300006661564,0.005700043402612209,1,,0,,0,0,40.69360007997602,1,hover,0.029399991035461426,1,,
1790072344.9295163,38,0.02095198631286621,47.72817169062006,2.0003318786621094,0.061700004152953625,0.007500057108700275,1,,0,,0,0,,0,hover,0.027699978090822697,1,,
1790072344.9923396,43,0.06282329559326172,15.917662239089184,2.9914379119873047,37.98869997262955,0.004999921657145023,1,9.767399984411895,1,,0,0,28.189899981953204,1,hover,0.018400023691356182,1,,
1790072345.0072997,59,0.014960050582885742,66.84469377022009,0.9973049163818359,0.03439991269260645,0.004599918611347675,1,,0,,0,0,,0,hover,0.015199999324977398,1,,
1790072345.0600724,64,0.05277276039123535,18.94916984797488,2.986431121826172,34.30920001119375,0.00909995287656784,1,,0,,0,0,34.24529999028891,1,hover,0.03170000854879618,1,,
1790072345.0769646,79,0.016892194747924805,59.19893861766242,3.8895606994628906,0.0510999234393239,0.0075999414548277855,1,,0,,0,0,,0,hover,0.02220005262643099,1,,
1790072345.1291518,84,0.052187204360961914,19.161785197063352,3.5893917083740234,34.21960002742708,0.006500049494206905,1,7.094200002029538,1,,0,0,27.089199982583523,1,hover,0.021399930119514465,1,,
1790072345.1406288,102,0.011476993560791016,87.13083219078483,0.9980201721191406,0.08540006820112467,0.012299977242946625,1,,0,,0,0,,0,hover,0.03720005042850971,1,,
1790072345.1805222,106,0.039893388748168945,25.066810100104586,2.9866695404052734,25.98749997559935,0.005399924702942371,1,,0,,0,0,25.95020004082471,1,hover,0.018000020645558834,1,,
1790072345.1935034,121,0.012981176376342773,77.0346208239205,3.003358840942383,0.06370001938194036,0.00909995287656784,1,,0,,0,0,,0,hover,0.02819998189806938,1,,
1790072345.2422447,127,0.04874134063720703,20.51646481050304,2.9993057250976562,33.25640002731234,0.006700051017105579,1,8.656199905090034,1,,0,0,24.45230004377663,1,hover,0.023799948394298553,1,,
1790072345.251221,128,0.008976221084594727,111.40545565619273,20.053863525390625,0.23210002109408379,0.005800044164061546,1,,0,,0,0,,0,hover,0.019999919459223747,1,,
1790072345.3230295,129,0.0718085765838623,13.925913137021187,2.990245819091797,25.557400076650083,0.005800044164061546,1,,0,,0,0,25.41270002257079,1,hover,0.022799940779805183,1,,
1790072345.3444657,130,0.021436214447021484,46.65002780558336,5.016565322875977,0.1303000608459115,0.005600042641162872,1,,0,,0,0,,0,hover,0.020099920220673084,1,,
1790072345.3938756,131,0.04940986633300781,20.2388728044779,1.0306835174560547,30.163199990056455,0.006499933078885078,1,6.428200053051114,1,,0,0,23.576200008392334,1,hover,0.021300045773386955,1,,
1790072345.4038894,132,0.010013818740844727,99.86200328563605,7.984399795532227,0.15089998487383127,0.00600004568696022,1,,0,,0,0,,0,hover,0.019799917936325073,1,,
1790072345.489988,133,0.08609867095947266,11.614581141103887,1.9652843475341797,24.335799971595407,0.004599918611347675,1,,0,,0,0,24.217500002123415,1,hover,0.019600032828748226,1,,
1790072345.4999614,134,0.009973287582397461,100.26783964045804,2.966642379760742,0.15789992175996304,0.0068999361246824265,1,,0,,0,0,,0,hover,0.025300076231360435,1,,
1790072345.560283,135,0.06032156944274902,16.577818005035432,3.439664840698242,29.623499955050647,0.005500041879713535,1,5.862200050614774,1,,0,0,23.633599979802966,1,hover,0.019300030544400215,1,,
1790072345.5702555,136,0.009972572326660156,100.27503107965956,5.9833526611328125,0.14460005331784487,0.005700043402612209,1,,0,,0,0,,0,hover,0.020499923266470432,1,,
1790072345.6271448,137,0.05688929557800293,17.577999337834385,1.9979476928710938,26.872900081798434,0.004700035788118839,1,,0,,0,0,26.757400017231703,1,hover,0.016700010746717453,1,,
1790072345.6670387,138,0.03989386558532715,25.06651048545662,1.9965171813964844,0.14539994299411774,0.0065999338403344154,1,,0,,0,0,,0,hover,0.021600048057734966,1,,
1790072345.7326934,139,0.06565475463867188,15.231189355644647,0.5512237548828125,34.26970005966723,0.004800036549568176,1,8.082999964244664,1,,0,0,26.0766000719741,1,hover,0.01810002140700817,1,,
1790072345.74167,140,0.008976459503173828,111.40249667994688,9.973526000976562,0.1202999847009778,0.006100046448409557,1,,0,,0,0,,0,hover,0.017999904230237007,1,,
1790072345.7926207,141,0.05095076560974121,19.6267904521696,0.9970664978027344,24.60810006596148,0.004700035788118839,1,,0,,0,0,24.46860005147755,1,hover,0.021699932403862476,1,,
1790072345.829482,142,0.036861419677734375,27.12863499948256,1.1510848999023438,0.13729999773204327,0.00600004568696022,1,,0,,0,0,,0,hover,0.020099920220673084,1,,
1790072345.9030085,143,0.07352638244628906,13.600560325819087,3.0221939086914062,30.693599954247475,0.0065999338403344154,1,6.626100046560168,1,,0,0,23.95579998847097,1,hover,0.01750001683831215,1,,
1790072345.9113903,144,0.008381843566894531,119.30549550574582,17.575740814208984,0.15580002218484879,0.005400041118264198,1,,0,,0,0,,0,hover,0.018999911844730377,1,,
1790072345.956328,145,0.0449376106262207,22.25307456414936,1.0259151458740234,23.96479994058609,0.004799920134246349,1,,0,,0,0,23.847399977967143,1,hover,0.017400016076862812,1,,
1790072345.9983673,146,0.04203939437866211,23.787212322629674,1.951456069946289,0.13219995889812708,0.005499925464391708,1,,0,,0,0,,0,hover,0.018300022929906845,1,,
1790072346.0693974,147,0.0710301399230957,14.078530622109144,1.9924640655517578,36.759500042535365,0.005800044164061546,1,7.928699953481555,1,,0,0,28.693500091321766,1,hover,0.020999927073717117,1,,
1790072346.0853155,149,0.01591801643371582,62.821897700891185,16.9522762298584,0.1680999994277954,0.007200054824352264,1,,0,,0,0,,0,hover,0.023499946109950542,1,,
1790072346.1897013,150,0.1043858528137207,9.579842220425466,0.9965896606445312,25.334400008432567,0.0071999384090304375,1,,0,,0,0,25.13369999360293,1,hover,0.040100072510540485,1,,
1790072346.1998851,151,0.01018381118774414,98.19506484993211,1.6448497772216797,0.12880004942417145,0.005700043402612209,1,,0,,0,0,,0,hover,0.019299914129078388,1,,
1790072346.2616315,152,0.06174635887145996,16.19528694933644,0.9961128234863281,28.87380006723106,0.006700051017105579,1,6.027500028721988,1,,0,0,22.70239999052137,1,hover,0.02259993925690651,1,,
1790072346.2707214,153,0.009089946746826172,110.01164559618108,8.092164993286133,0.1870999112725258,0.005199923180043697,1,,0,,0,0,,0,hover,0.019000028260052204,1,,
1790072346.3597806,154,0.08905911445617676,11.228497005683446,1.8930435180664062,26.543300016783178,0.004800036549568176,1,,0,,0,0,26.40510001219809,1,hover,0.018999911844730377,1,,
1790072346.368795,155,0.009014368057250977,110.93401042079928,5.024433135986328,0.1314000692218542,0.00600004568696022,1,,0,,0,0,,0,hover,0.02080004196614027,1,,
1790072346.4301713,156,0.061376333236694336,16.292925094491338,2.732515335083008,31.129300012253225,0.005600042641162872,1,6.700899917632341,1,,0,0,24.296200019307435,1,hover,0.020699924789369106,1,,
1790072346.4391437,157,0.008972406387329102,111.45282066271623,10.003805160522461,0.13470009434968233,0.005500041879713535,1,,0,,0,0,,0,hover,0.01880002673715353,1,,
1790072346.5265737,158,0.08743000030517578,11.437721565932568,3.0274391174316406,26.068400009535253,0.006100046448409557,1,,0,,0,0,25.801199954003096,1,hover,0.02559996210038662,1,,
1790072346.5377648,159,0.011191129684448242,89.35648394725068,8.697748184204102,0.19429996609687805,0.009299954399466515,1,,0,,0,0,,0,hover,0.03200001083314419,1,,
1790072346.5952618,160,0.05749702453613281,17.39220434566263,2.9909610748291016,29.512799927033484,0.004899920895695686,1,6.719099939800799,1,,0,0,22.670699981972575,1,hover,0.017600017599761486,1,,
1790072346.6062615,161,0.010999679565429688,90.91173920582625,11.96599006652832,0.16029994003474712,0.006199930794537067,1,,0,,0,0,,0,hover,0.021600048057734966,1,,
1790072346.6893282,162,0.08306670188903809,12.038518169841593,2.0046234130859375,23.581900051794946,0.00400003045797348,1,,0,,0,0,23.450700100511312,1,hover,0.030199997127056122,1,,
1790072346.7005012,163,0.011173009872436523,89.50139769114226,2.0253658294677734,0.1357999863103032,0.006199930794537067,1,,0,,0,0,,0,hover,0.02080004196614027,1,,
1790072346.764238,164,0.0637369155883789,15.689494710696811,2.0294189453125,30.40669998154044,0.005199923180043697,1,6.980199948884547,1,,0,0,23.230500053614378,1,hover,0.02050003968179226,1,,
1790072346.7732406,165,0.009002447128295898,111.08090786302603,9.97304916381836,0.11789996642619371,0.004799920134246349,1,,0,,0,0,,0,hover,0.016000005416572094,1,,
1790072346.8593388,166,0.08609819412231445,11.614645466075176,1.5103816986083984,26.96379995904863,0.005999929271638393,1,,0,,0,0,26.835200027562678,1,hover,0.01950003206729889,1,,
1790072346.871813,167,0.012474298477172852,80.16482865388659,8.975982666015625,0.1268000341951847,0.004999921657145023,1,,0,,0,0,,0,hover,0.016600009985268116,1,,
1790072346.9292004,168,0.057387351989746094,17.425442459493144,0.9789466857910156,31.569399987347424,0.005699926987290382,1,6.988400011323392,1,,0,0,24.235500022768974,1,hover,0.021200045011937618,1,,
1790072346.9401155,169,0.010915040969848633,91.61669688298639,10.915040969848633,0.1406000228598714,0.006800051778554916,1,,0,,0,0,,0,hover,0.02159993164241314,1,,
1790072347.0192354,170,0.07911992073059082,12.639041985457416,1.0268688201904297,22.664699936285615,0.005499925464391708,1,,0,,0,0,22.52929995302111,1,hover,0.019200029782950878,1,,
1790072347.032207,171,0.012971639633178711,77.09125663977062,1.992940902709961,0.12240000069141388,0.004900037311017513,1,,0,,0,0,,0,hover,0.019000028260052204,1,,
1790072347.0941172,172,0.061910152435302734,16.152439634921247,2.762317657470703,30.392799992114305,0.004799920134246349,1,6.087500019930303,1,,0,0,24.182399967685342,1,hover,0.017600017599761486,1,,
1790072347.1050835,173,0.010966300964355469,91.18845116966693,36.958932876586914,0.11730007827281952,0.004800036549568176,1,,0,,0,0,,0,hover,0.016600009985268116,1,,
1790072347.1886103,174,0.0835268497467041,11.972198197735324,1.0280609130859375,24.661600007675588,0.00600004568696022,1,,0,,0,0,24.497500038705766,1,hover,0.021699932403862476,1,,
1790072347.201573,175,0.012962579727172852,77.14513785429197,0.9977817535400391,0.16089994460344315,0.006900052540004253,1,,0,,0,0,,0,hover,0.024099950678646564,1,,
1790072347.2656107,176,0.06403779983520508,15.615776971935338,3.023386001586914,32.14819997083396,0.004800036549568176,1,6.877999985590577,1,,0,0,25.16069996636361,1,hover,0.017099897377192974,1,,
1790072347.27658,177,0.010969400405883789,91.16268556152058,13.992547988891602,0.12960005551576614,0.005400041118264198,1,,0,,0,0,,0,hover,0.015600002370774746,1,,
1790072347.355237,178,0.07865691184997559,12.713440897696652,2.025127410888672,24.408399942331016,0.004999921657145023,1,,0,,0,0,24.2743999697268,1,hover,0.018200022168457508,1,,
1790072347.3684113,179,0.013174295425415039,75.90538755270825,7.6160430908203125,0.11899997480213642,0.005799927748739719,1,,0,,0,0,,0,hover,0.018900027498602867,1,,
1790072347.4308987,180,0.06248736381530762,16.003235517434785,1.9898414611816406,31.948599964380264,0.005999929271638393,1,7.104099960997701,1,,0,0,24.71749996766448,1,hover,0.02150004729628563,1,,
1790072347.4438987,181,0.013000011444091797,76.92300920661702,15.991449356079102,0.14680007006973028,0.006100046448409557,1,,0,,0,0,,0,hover,0.022499938495457172,1,,
1790072347.5243177,182,0.08041906356811523,12.434862526756438,3.0193328857421875,23.980800062417984,0.004900037311017513,1,,0,,0,0,23.84810009971261,1,hover,0.01789990346878767,1,,
1790072347.5362887,183,0.011970996856689453,83.53523202549293,9.012937545776367,0.12669991701841354,0.005299923941493034,1,,0,,0,0,,0,hover,0.019400031305849552,1,,
1790072347.5995052,184,0.0632164478302002,15.818667994222116,2.0279884338378906,32.855500001460314,0.0074999406933784485,1,7.292800000868738,1,,0,0,25.341799948364496,1,hover,0.0415000831708312,1,,
1790072347.615457,185,0.015951871871948242,62.68856771339322,16.992568969726562,0.17120002303272486,0.005600042641162872,1,,0,,0,0,,0,hover,0.021999934688210487,1,,
1790072347.6868205,186,0.07136344909667969,14.012775624749432,2.9914379119873047,22.432400030083954,0.004299916326999664,1,,0,,0,0,22.28500007186085,1,hover,0.017900019884109497,1,,
1790072347.6995542,187,0.012733697891235352,78.53178303282219,2.5174617767333984,0.13999990187585354,0.005900044925510883,1,,0,,0,0,,0,hover,0.019600032828748226,1,,
1790072347.7604055,188,0.060851335525512695,16.43349305917431,3.019571304321289,28.85140001308173,0.005499925464391708,1,6.186499958857894,1,,0,0,22.515800083056092,1,hover,0.020900042727589607,1,,
1790072347.7741024,189,0.013696908950805664,73.00917335375725,10.608673095703125,0.15670002903789282,0.005400041118264198,1,,0,,0,0,,0,hover,0.020499923266470432,1,,
1790072347.8534303,190,0.07932782173156738,12.605917799984972,0.9968280792236328,22.876599919982255,0.005299923941493034,1,,0,,0,0,22.68759999424219,1,hover,0.019200029782950878,1,,
1790072347.8649104,191,0.011480093002319336,87.10730825943386,4.986763000488281,0.12159999459981918,0.004600035026669502,1,,0,,0,0,,0,hover,0.01780001912266016,1,,
1790072347.932965,192,0.0680546760559082,14.694067446276302,3.0438899993896484,31.107100076042116,0.005700043402612209,1,6.952700088731945,1,,0,0,24.017799994908273,1,hover,0.019499915651977062,1,,
1790072347.9444437,193,0.011478662490844727,87.118163879946,14.28365707397461,0.15109998639672995,0.006600050255656242,1,,0,,0,0,,0,hover,0.021399930119514465,1,,
1790072348.0207007,194,0.07625699043273926,13.113551876690272,1.9969940185546875,23.266399977728724,0.004400033503770828,1,,0,,0,0,23.132800008170307,1,hover,0.01889991108328104,1,,
1790072348.032701,195,0.012000322341918945,83.3310949079133,5.020856857299805,0.1373999984934926,0.005799927748739719,1,,0,,0,0,,0,hover,0.017700018361210823,1,,
1790072348.095871,196,0.06316995620727539,15.830310167047864,2.0606517791748047,30.76990006957203,0.004800036549568176,1,6.1039000283926725,1,,0,0,24.51340004336089,1,hover,0.019400031305849552,1,,
1790072348.1068444,197,0.010973453521728516,91.12901403554513,37.928104400634766,0.1642000861465931,0.006200047209858894,1,,0,,0,0,,0,hover,0.02259993925690651,1,,
1790072348.1856942,198,0.07884979248046875,12.682341557813256,0.9946823120117188,22.72479992825538,0.004400033503770828,1,,0,,0,0,22.610299987718463,1,hover,0.01780001912266016,1,,
1790072348.1990957,199,0.013401508331298828,74.6184664650418,2.4738311767578125,0.14929997269064188,0.0065999338403344154,1,,0,,0,0,,0,hover,0.021200045011937618,1,,
1790072348.2730672,200,0.07397150993347168,13.518718232186657,2.968311309814453,31.33140003774315,0.004600035026669502,1,7.014599977992475,1,,0,0,24.197899969294667,1,hover,0.018400023691356182,1,,
1790072348.2850678,201,0.012000560760498047,83.32943934517424,18.088579177856445,0.16119994688779116,0.005399924702942371,1,,0,,0,0,,0,hover,0.021200045011937618,1,,
1790072348.357449,202,0.07238125801086426,13.815731136503627,1.9953250885009766,24.931899970397353,0.004700035788118839,1,,0,,0,0,24.80510005261749,1,hover,0.017400016076862812,1,,
1790072348.370442,203,0.01299285888671875,76.96535525543159,7.9784393310546875,0.12770004104822874,0.005400041118264198,1,,0,,0,0,,0,hover,0.018400023691356182,1,,
1790072348.4336243,204,0.06318235397338867,15.827203912364249,2.9609203338623047,34.10599997732788,0.005299923941493034,1,8.666800102218986,1,,0,0,25.31169995199889,1,hover,0.018700025975704193,1,,
1790072348.4466217,205,0.01299738883972168,76.93853067962947,16.986370086669922,0.13020006008446217,0.005200039595365524,1,,0,,0,0,,0,hover,0.01789990346878767,1,,
1790072348.5231528,206,0.07653117179870605,13.06657113039144,1.992940902709961,24.460599990561604,0.00500003807246685,1,,0,,0,0,24.305600090883672,1,hover,0.04249997437000275,1,,
1790072348.5361185,207,0.012965679168701172,77.12669633334559,5.984306335449219,0.12039998546242714,0.004799920134246349,1,,0,,0,0,,0,hover,0.017000013031065464,1,,
1790072348.5947247,208,0.05860614776611328,17.063056319463655,2.187967300415039,29.304099967703223,0.00600004568696022,1,6.221400108188391,1,,0,0,22.904299898073077,1,hover,0.024099950678646564,1,,
1790072348.6086884,209,0.013963699340820312,71.61426034694713,12.966632843017578,0.14979997649788857,0.00609993003308773,1,,0,,0,0,,0,hover,0.02420006785541773,1,,
1790072348.6895344,210,0.08084607124328613,12.369184854892316,1.9969940185546875,22.874799906276166,0.004400033503770828,1,,0,,0,0,22.75449992157519,1,hover,0.018000020645558834,1,,
1790072348.7022593,211,0.012724876403808594,78.5862249868845,5.314826965332031,0.11700007598847151,0.004600035026669502,1,,0,,0,0,,0,hover,0.016000005416572094,1,,
1790072348.7635036,212,0.06124424934387207,16.32806362578199,1.9938945770263672,31.028400058858097,0.006300047971308231,1,6.835500011220574,1,,0,0,23.78419996239245,1,hover,0.02429995220154524,1,,
1790072348.7747927,213,0.011289119720458984,88.58086589229144,11.289119720458984,0.1425000373274088,0.005500041879713535,1,,0,,0,0,,0,hover,0.020300038158893585,1,,
1790072348.8587196,214,0.08392691612243652,11.915128616678267,3.253459930419922,25.198300019837916,0.0065999338403344154,1,,0,,0,0,25.021900073625147,1,hover,0.02350006252527237,1,,
1790072348.870722,215,0.01200246810913086,83.31619721107624,10.007619857788086,0.12039998546242714,0.005199923180043697,1,,0,,0,0,,0,hover,0.018900027498602867,1,,
1790072348.9334633,216,0.06274127960205078,15.93846995698369,3.0241012573242188,30.96590004861355,0.005400041118264198,1,7.024200051091611,1,,0,0,23.81809998769313,1,hover,0.016900012269616127,1,,
1790072348.9453177,217,0.011854410171508789,84.35679089318397,13.847827911376953,0.15430001076310873,0.004800036549568176,1,,0,,0,0,,0,hover,0.017499900422990322,1,,
1790072349.0201807,218,0.07486295700073242,13.35774113210912,2.023458480834961,23.56520004104823,0.004199915565550327,1,,0,,0,0,23.44680007081479,1,hover,0.017700018361210823,1,,
1790072349.0318398,219,0.01165914535522461,85.76957997627909,1.0225772857666016,0.13760000001639128,0.005100038833916187,1,,0,,0,0,,0,hover,0.018400023691356182,1,,
1790072349.0954237,220,0.0635838508605957,15.727263864411864,2.030611038208008,31.46339999511838,0.005400041118264198,1,6.806400022469461,1,,0,0,24.53369996510446,1,hover,0.019000028260052204,1,,
1790072349.1053827,221,0.009958982467651367,100.4118646908142,34.64627265930176,0.12749992311000824,0.004799920134246349,1,,0,,0,0,,0,search_360,0.02420006785541773,1,,
1790072349.1845198,222,0.07913708686828613,12.636300369059276,0.5900859832763672,24.14529991801828,0.006100046448409557,1,,0,,0,0,24.014899972826242,1,search_360,0.018700025975704193,1,,
1790072349.196498,223,0.0119781494140625,83.48535031847133,2.040863037109375,0.11999998241662979,0.004800036549568176,1,,0,,0,0,,0,search_360,0.015600002370774746,1,,
1790072349.26247,224,0.06597208976745605,15.157925169945104,1.027822494506836,31.692099990323186,0.00600004568696022,1,6.843999959528446,1,,0,0,24.4922999991104,1,search_360,0.02059992402791977,1,,
1790072349.273509,225,0.011039018630981445,90.58776268331138,10.042428970336914,0.130099942907691,0.005999929271638393,1,,0,,0,0,,0,search_360,0.015700003132224083,1,,
1790072349.3522677,226,0.07875871658325195,12.697007307666693,1.0268688201904297,23.784899967722595,0.004699919372797012,1,,0,,0,0,23.644199944101274,1,search_360,0.015400000847876072,1,,
1790072349.3651414,227,0.012873649597167969,77.67805022594266,5.013227462768555,0.17339992336928844,0.005699926987290382,1,,0,,0,0,,0,search_360,0.016700010746717453,1,,
1790072349.4266555,228,0.06151413917541504,16.25642516346329,1.001596450805664,30.499199987389147,0.00609993003308773,1,6.861999980174005,1,,0,0,23.45860004425049,1,search_360,0.019300030544400215,1,,
1790072349.4406195,229,0.013963937759399414,71.61303761375471,11.001110076904297,0.13170007150620222,0.004700035788118839,1,,0,,0,0,,0,search_360,0.013599987141788006,1,,
1790072349.518733,230,0.07811355590820312,12.801875274698443,0.9953975677490234,24.721599998883903,0.00509992241859436,1,,0,,0,0,24.53809999860823,1,search_360,0.01750001683831215,1,,
1790072349.5307317,231,0.011998653411865234,83.34268568930572,2.992868423461914,0.1151000615209341,0.00500003807246685,1,,0,,0,0,,0,search_360,0.014599994756281376,1,,
1790072349.594404,232,0.06367230415344238,15.705415616656868,2.032756805419922,30.736099928617477,0.015699886716902256,1,6.681700004264712,1,,0,0,23.891599965281785,1,search_360,0.018400023691356182,1,,
1790072349.6093948,233,0.014990806579589844,66.70755137095234,12.963056564331055,0.27020007837563753,0.011200085282325745,1,,0,,0,0,,0,search_360,0.025699962861835957,1,,
1790072349.6887243,234,0.0793294906616211,12.605652597285504,2.9015541076660156,24.63910006918013,0.005200039595365524,1,,0,,0,0,24.503300082869828,1,search_360,0.018000020645558834,1,,
1790072349.7007256,235,0.012001276016235352,83.324473051632,8.013725280761719,0.11779996566474438,0.006299931555986404,1,,0,,0,0,,0,search_360,0.014599994756281376,1,,
1790072349.7575374,236,0.05681180953979492,17.6019740983524,1.001119613647461,29.931699973531067,0.004400033503770828,1,6.462600082159042,1,,0,0,23.35309993941337,1,search_360,0.014199991710484028,1,,
1790072349.76851,237,0.010972738265991211,91.13495426199944,4.99415397644043,0.13580010272562504,0.005700043402612209,1,,0,,0,0,,0,search_360,0.015900004655122757,1,,
1790072349.8505237,238,0.08201360702514648,12.193098636588273,1.9927024841308594,23.270600009709597,0.004500034265220165,1,,0,,0,0,23.137400043196976,1,search_360,0.017200014553964138,1,,
1790072349.8655138,239,0.014990091323852539,66.71073433747395,2.026796340942383,0.12729992158710957,0.005400041118264198,1,,0,,0,0,,0,search_360,0.01479999627918005,1,,
1790072349.9328644,240,0.06735062599182129,14.84767194474829,2.990245819091797,30.320600024424493,0.005200039595365524,1,6.767999962903559,1,,0,0,23.42740003950894,1,search_360,0.014299992471933365,1,,
1790072349.9442756,241,0.011411190032958984,87.6332790104885,14.402151107788086,0.1175999641418457,0.00500003807246685,1,,0,,0,0,,0,search_360,0.01409999094903469,1,,
1790072350.0209064,242,0.07663083076477051,13.049577957332156,2.990245819091797,23.510999977588654,0.004599918611347675,1,,0,,0,0,23.385999957099557,1,search_360,0.014699995517730713,1,,
1790072350.0335276,243,0.012621164321899414,79.23199274609442,3.4177303314208984,0.13940001372247934,0.008500064723193645,1,,0,,0,0,,0,search_360,0.016499892808496952,1,,
1790072350.091379,244,0.057851314544677734,17.28569191332229,0.9977817535400391,30.38909996394068,0.005200039595365524,1,6.328099989332259,1,,0,0,23.926699999719858,1,search_360,0.016400008462369442,1,,
1790072350.103342,245,0.011963129043579102,83.59017079538434,33.94150733947754,0.13230007607489824,0.005900044925510883,1,,0,,0,0,,0,search_360,0.015099998563528061,1,,
1790072350.1867628,246,0.0834207534790039,11.987424691047524,2.9973983764648438,24.05680005904287,0.006400048732757568,1,,0,,0,0,23.915300029329956,1,search_360,0.01810002140700817,1,,
1790072350.1987045,247,0.011941671371459961,83.74037175314952,3.9610862731933594,0.14100002590566874,0.006100046448409557,1,,0,,0,0,,0,search_360,0.01750001683831215,1,,
1790072350.2595694,248,0.060864925384521484,16.42982380545741,1.9965171813964844,29.410400078631938,0.005800044164061546,1,5.994900013320148,1,,0,0,23.285200004465878,1,search_360,0.016700010746717453,1,,
1790072350.2725313,249,0.012961864471435547,77.14939484236471,10.006904602050781,0.1295000547543168,0.005600042641162872,1,,0,,0,0,,0,search_360,0.01580000389367342,1,,
1790072350.3537667,250,0.08123540878295898,12.309902971889436,2.0253658294677734,24.23009998165071,0.004700035788118839,1,,0,,0,0,24.105099961161613,1,search_360,0.014899997040629387,1,,
1790072350.3667324,251,0.012965679168701172,77.12669633334559,3.9894580841064453,0.16799999866634607,0.005899928510189056,1,,0,,0,0,,0,search_360,0.017200014553964138,1,,
1790072350.42918,252,0.062447547912597656,16.01343901284342,3.293275833129883,30.02220008056611,0.00500003807246685,1,6.0041999677196145,1,,0,0,23.890400072559714,1,search_360,0.016200006939470768,1,,
1790072350.4411142,253,0.011934280395507812,83.7922326993767,2.9926300048828125,0.1514999894425273,0.005700043402612209,1,,0,,0,0,,0,search_360,0.015700003132224083,1,,
1790072350.519772,254,0.07865786552429199,12.713286755679492,2.0444393157958984,22.653299965895712,0.004499917849898338,1,,0,,0,0,22.52360002603382,1,search_360,0.014599994756281376,1,,
1790072350.5318904,255,0.012118339538574219,82.51955615015346,3.1461715698242188,0.12270000297576189,0.005400041118264198,1,,0,,0,0,,0,search_360,0.015199999324977398,1,,
1790072350.5950096,256,0.06311917304992676,15.843046600262143,1.0325908660888672,30.61889996752143,0.006199930794537067,1,6.54269999358803,1,,0,0,23.921499960124493,1,search_360,0.022300053387880325,1,,
1790072350.6083748,257,0.01336526870727539,74.8207927503657,11.260271072387695,0.22869999520480633,0.010499963536858559,1,,0,,0,0,,0,search_360,0.021600048057734966,1,,
1790072350.6861188,258,0.0777440071105957,12.862727780128925,1.9581317901611328,24.06259998679161,0.006200047209858894,1,,0,,0,0,23.93359993584454,1,search_360,0.01379998866468668,1,,
1790072350.7000773,259,0.013958454132080078,71.64117104499026,2.9861927032470703,0.1517999917268753,0.006100046448409557,1,,0,,0,0,,0,search_360,0.016300007700920105,1,,
1790072350.7599444,260,0.059867143630981445,16.70365311169609,1.5363693237304688,31.134599936194718,0.0072999391704797745,1,6.616500089876354,1,,0,0,24.314799928106368,1,search_360,0.02380006480962038,1,,
1790072350.7744448,261,0.01450037956237793,68.96371199789539,12.506246566772461,0.17370004206895828,0.008599949069321156,1,,0,,0,0,,0,search_360,0.024700071662664413,1,,
1790072350.855203,262,0.08075809478759766,12.38265962848809,1.9958019256591797,25.7887999759987,0.005199923180043697,1,,0,,0,0,25.66859999205917,1,search_360,0.015300000086426735,1,,
1790072350.8662033,263,0.011000394821166992,90.9058280413533,6.015539169311523,0.17199991270899773,0.007300055585801601,1,,0,,0,0,,0,search_360,0.019200029782950878,1,,
1790072350.941652,264,0.07544875144958496,13.254029798865558,2.0208358764648438,43.9592000329867,0.005999929271638393,1,6.721000070683658,1,,0,0,37.07820002455264,1,search_360,0.0198000343516469,1,,
1790072350.9534726,265,0.011820554733276367,84.59839851550052,23.4377384185791,0.12450001668184996,0.005499925464391708,1,,0,,0,0,,0,search_360,0.01610000617802143,1,,
1790072351.0231025,266,0.06962990760803223,14.361644792483453,2.019643783569336,23.392100003547966,0.004900037311017513,1,,0,,0,0,23.26839999295771,1,search_360,0.017600017599761486,1,,
1790072351.033083,267,0.009980440139770508,100.19598194023077,5.984783172607422,0.11160003487020731,0.005100038833916187,1,,0,,0,0,,0,search_360,0.012999982573091984,1,,
1790072351.0939906,268,0.060907602310180664,16.418311706104554,2.0227432250976562,29.941899934783578,0.005199923180043697,1,6.0010000597685575,1,,0,0,23.81199994124472,1,search_360,0.01479999627918005,1,,
1790072351.1030421,269,0.00905156135559082,110.47817726853681,34.09123420715332,0.15189999248832464,0.005499925464391708,1,,0,,0,0,,0,search_360,0.014599994756281376,1,,
1790072351.1860054,270,0.08296322822570801,12.05353288904599,1.4064311981201172,23.740199976600707,0.005500041879713535,1,,0,,0,0,23.6007000785321,1,search_360,0.014899997040629387,1,,
1790072351.1969824,271,0.010977029800415039,91.0993245151061,3.002643585205078,0.14210003428161144,0.00500003807246685,1,,0,,0,0,,0,search_360,0.015400000847876072,1,,
1790072351.2627695,272,0.06578707695007324,15.200553761628813,0.9627342224121094,30.406299978494644,0.005300040356814861,1,6.703699938952923,1,,0,0,23.57960003428161,1,search_360,0.014899997040629387,1,,
1790072351.2720065,273,0.009237051010131836,108.25965980951398,9.903907775878906,0.1183999702334404,0.005499925464391708,1,,0,,0,0,,0,search_360,0.013899989426136017,1,,
1790072351.3556027,274,0.08359622955322266,11.962261998471314,1.2543201446533203,23.596899933181703,0.004300032742321491,1,,0,,0,0,23.450499982573092,1,search_360,0.014899997040629387,1,,
1790072351.3665688,275,0.010966062545776367,91.19043374279813,2.028942108154297,0.13369997031986713,0.006299931555986404,1,,0,,0,0,,0,search_360,0.015600002370774746,1,,
1790072351.4317713,276,0.06520247459411621,15.336841219983985,2.4871826171875,30.81630007363856,0.005500041879713535,1,6.580600049346685,1,,0,0,24.111000006087124,1,search_360,0.015900004655122757,1,,
1790072351.442742,277,0.010970830917358398,91.15079865261328,11.977672576904297,0.3092000260949135,0.007999944500625134,1,,0,,0,0,,0,search_360,0.025300076231360435,1,,
1790072351.5268857,278,0.08414363861083984,11.88443970939919,1.0311603546142578,23.67620007134974,0.005700043402612209,1,,0,,0,0,23.509200080297887,1,search_360,0.017200014553964138,1,,
1790072351.5373619,279,0.010476112365722656,95.45525716886664,8.219242095947266,0.16169995069503784,0.005599926225841045,1,,0,,0,0,,0,search_360,0.015400000847876072,1,,
1790072351.5998952,280,0.06253337860107422,15.991459639169754,2.0301342010498047,35.00869998242706,0.00600004568696022,1,7.836699951440096,1,,0,0,27.028499986045063,1,search_360,0.01759990118443966,1,,
1790072351.6128612,281,0.012965917587280273,77.12527812000073,16.820669174194336,0.22869999520480633,0.009399955160915852,1,,0,,0,0,,0,search_360,0.024300068616867065,1,,
1790072351.6927142,282,0.07985305786132812,12.523001958629914,2.9900074005126953,26.860799989663064,0.005700043402612209,1,,0,,0,0,26.727100019343197,1,search_360,0.0171000137925148,1,,
1790072351.7049448,283,0.012230634689331055,81.7619056901694,9.238719940185547,0.13669999316334724,0.006300047971308231,1,,0,,0,0,,0,search_360,0.016700010746717453,1,,
1790072351.7644863,284,0.05954146385192871,16.795018719843032,2.0172595977783203,33.702700049616396,0.007300055585801601,1,7.417200016789138,1,,0,0,25.84799996111542,1,search_360,0.022699940018355846,1,,
1790072351.7764559,285,0.011969566345214844,83.54521552067564,11.969566345214844,0.1802000915631652,0.007300055585801601,1,,0,,0,0,,0,search_360,0.019799917936325073,1,,
1790072351.8560708,286,0.07961487770080566,12.560466446460175,4.019021987915039,23.66589999292046,0.005100038833916187,1,,0,,0,0,23.55620008893311,1,search_360,0.01610000617802143,1,,
1790072351.8670099,287,0.01093912124633789,91.41502114118826,6.983757019042969,0.11220003943890333,0.005800044164061546,1,,0,,0,0,,0,search_360,0.015300000086426735,1,,
1790072351.9245255,288,0.057515621185302734,17.386580886924946,1.9943714141845703,30.611200025305152,0.005399924702942371,1,6.060299929231405,1,,0,0,24.444900103844702,1,search_360,0.016700010746717453,1,,
1790072351.934981,289,0.010455608367919922,95.64244994755325,8.458375930786133,0.10810000821948051,0.005200039595365524,1,,0,,0,0,,0,search_360,0.015099998563528061,1,,
1790072352.0230577,290,0.08807659149169922,11.35375453413459,2.9730796813964844,23.786499979905784,0.004400033503770828,1,,0,,0,0,23.681099992245436,1,search_360,0.016600009985268116,1,,
1790072352.034025,291,0.010967254638671875,91.18052173913044,6.015300750732422,0.09949994273483753,0.004800036549568176,1,,0,,0,0,,0,search_360,0.01580000389367342,1,,
1790072352.0916402,292,0.05761528015136719,17.356506769953985,0.9961128234863281,30.485099996440113,0.0078000593930482864,1,6.656100042164326,1,,0,0,23.701499914750457,1,search_360,0.02189993392676115,1,,
1790072352.1016161,293,0.009975910186767578,100.2414798527795,31.783342361450195,0.10710000060498714,0.005200039595365524,1,,0,,0,0,,0,search_360,0.013699987903237343,1,,
1790072352.187306,294,0.08568978309631348,11.670002698875098,1.9977092742919922,23.481000098399818,0.005100038833916187,1,,0,,0,0,23.374400101602077,1,search_360,0.015300000086426735,1,,
1790072352.1980407,295,0.010734796524047852,93.15500277623542,4.751443862915039,0.11300004553049803,0.005200039595365524,1,,0,,0,0,,0,search_360,0.014999997802078724,1,,
1790072352.2647011,296,0.06666040420532227,15.0014091861771,2.9964447021484375,32.88279997650534,0.004700035788118839,1,7.148199947550893,1,,0,0,25.60090005863458,1,search_360,0.01379998866468668,1,,
1790072352.2751498,297,0.010448694229125977,95.70573873359955,12.477636337280273,0.12959993910044432,0.006399932317435741,1,,0,,0,0,,0,search_360,0.01610000617802143,1,,
1790072352.3755813,298,0.10043144226074219,9.957041116703067,3.0183792114257812,44.274199986830354,0.005700043402612209,1,,0,,0,0,44.15019997395575,1,search_360,0.015500001609325409,1,,
1790072352.3865833,299,0.011002063751220703,90.89203831317991,22.97043800354004,0.1249000197276473,0.006100046448409557,1,,0,,0,0,,0,search_360,0.016200006939470768,1,,
1790072352.429617,300,0.043033599853515625,23.237656236149277,3.9887428283691406,32.024400075897574,0.006300047971308231,1,7.068199920468032,1,,0,0,24.836600059643388,1,search_360,0.017000013031065464,1,,
1790072352.4394858,301,0.009868860244750977,101.32882371415457,11.505603790283203,0.12139999307692051,0.005899928510189056,1,,0,,0,0,,0,search_360,0.016000005416572094,1,,
1790072352.538202,302,0.09871625900268555,10.1300435217343,1.0311603546142578,41.12820001319051,0.004399917088449001,1,,0,,0,0,41.00760002620518,1,search_360,0.015400000847876072,1,,
1790072352.5497887,303,0.011586666107177734,86.30610313181613,22.5677490234375,0.13459997717291117,0.004699919372797012,1,,0,,0,0,,0,search_360,0.015700003132224083,1,,
1790072352.5948334,304,0.045044660568237305,22.200189487167272,2.031564712524414,31.653400044888258,0.006600050255656242,1,7.019699900411069,1,,0,0,24.471000069752336,1,search_360,0.02119992859661579,1,,
1790072352.6068196,305,0.011986255645751953,83.42888968452878,11.986255645751953,0.14380004722625017,0.005700043402612209,1,,0,,0,0,,0,search_360,0.018000020645558834,1,,
1790072352.68943,306,0.0826103687286377,12.105017994591522,2.0258426666259766,25.185999926179647,0.005199923180043697,1,,0,,0,0,25.060199899598956,1,search_360,0.01780001912266016,1,,
1790072352.701588,307,0.012157917022705078,82.25093148213516,5.944013595581055,0.15909993089735508,0.00509992241859436,1,,0,,0,0,,0,search_360,0.02989999484270811,1,,
1790072352.760238,308,0.05865001678466797,17.05029350070733,2.996683120727539,30.880599981173873,0.0065999338403344154,1,6.763300043530762,1,,0,0,23.73969997279346,1,search_360,0.01880002673715353,1,,
1790072352.7707286,309,0.010490655899047852,95.32292447898911,9.498357772827148,0.1537000061944127,0.005699926987290382,1,,0,,0,0,,0,search_360,0.014899997040629387,1,,
1790072352.8583543,310,0.08762574195861816,11.412171556530232,2.8357505798339844,26.450100005604327,0.005200039595365524,1,,0,,0,0,26.300400029867887,1,search_360,0.016600009985268116,1,,
1790072352.867364,311,0.009009599685668945,110.99272275000662,10.009288787841797,0.12290000449866056,0.00500003807246685,1,,0,,0,0,,0,search_360,0.013399985618889332,1,,
1790072352.922534,312,0.05517005920410156,18.125773552290408,2.986907958984375,29.437199933454394,0.005699926987290382,1,6.540399976074696,1,,0,0,22.771299933083355,1,search_360,0.018400023691356182,1,,
1790072352.9335396,313,0.011005640029907227,90.86250297870497,6.98089599609375,0.13239996042102575,0.005299923941493034,1,,0,,0,0,,0,search_360,0.018400023691356182,1,,
1790072353.0206945,314,0.08715486526489258,11.473828764012978,0.995635986328125,24.15510010905564,0.005200039595365524,1,,0,,0,0,24.04090005438775,1,search_360,0.014899997040629387,1,,
1790072353.0316696,315,0.010975122451782227,91.11515651815002,3.9942264556884766,0.13189995661377907,0.005699926987290382,1,,0,,0,0,,0,search_360,0.017300015315413475,1,,
1790072353.0937774,316,0.06210780143737793,16.101036856187548,1.0297298431396484,30.597800039686263,0.004300032742321491,1,6.627200054936111,1,,0,0,23.863899987190962,1,search_360,0.01479999627918005,1,,
1790072353.102774,317,0.00899648666381836,111.15450257062597,32.70268440246582,0.11449994053691626,0.005299923941493034,1,,0,,0,0,,0,search_360,0.015199999324977398,1,,
1790072353.1994245,318,0.09665060043334961,10.346547207325436,8.97669792175293,23.84360006544739,0.00500003807246685,1,,0,,0,0,23.71910004876554,1,search_360,0.015199999324977398,1,,
1790072353.2101693,319,0.010744810104370117,93.06818736547807,17.152786254882812,0.13070006389170885,0.006400048732757568,1,,0,,0,0,,0,search_360,0.017700018361210823,1,,
1790072353.257055,320,0.04688572883605957,21.328451638164687,0.9942054748535156,30.09579994250089,0.0071999384090304375,1,6.459300057031214,1,,0,0,23.478299961425364,1,search_360,0.020900042727589607,1,,
1790072353.2680616,321,0.011006593704223633,90.85463013105166,9.009122848510742,0.09760004468262196,0.004600035026669502,1,,0,,0,0,,0,search_360,0.013299984857439995,1,,
1790072353.35009,322,0.08202838897705078,12.19090137537349,1.7349720001220703,22.318199975416064,0.0068999361246824265,1,,0,,0,0,22.157800034619868,1,search_360,0.020700041204690933,1,,
1790072353.3610601,323,0.010970115661621094,91.15674171955142,3.9894580841064453,0.13120006769895554,0.007200054824352264,1,,0,,0,0,,0,search_360,0.017999904230237007,1,,
1790072353.4304583,324,0.06939816474914551,14.409602957293087,2.024412155151367,30.22940002847463,0.00909995287656784,1,6.15470006596297,1,,0,0,23.929100017994642,1,search_360,0.029699993319809437,1,,
1790072353.4404316,325,0.009973287582397461,100.26783964045804,15.956640243530273,0.11640007141977549,0.00600004568696022,1,,0,,0,0,,0,search_360,0.01650000922381878,1,,
1790072353.5179431,326,0.07751154899597168,12.901303263233336,0.9977817535400391,22.71129994187504,0.004899920895695686,1,,0,,0,0,22.587699932046235,1,search_360,0.015400000847876072,1,,
1790072353.5289052,327,0.01096200942993164,91.22415068076036,4.01759147644043,0.12319989036768675,0.005700043402612209,1,,0,,0,0,,0,search_360,0.016700010746717453,1,,
1790072353.5949922,328,0.06608700752258301,15.131567269985462,2.414703369140625,29.682900058105588,0.005600042641162872,1,6.46870001219213,1,,0,0,23.090500035323203,1,search_360,0.016999896615743637,1,,
1790072353.6069899,329,0.011997699737548828,83.3493104407615,12.99595832824707,0.16799999866634607,0.00800006091594696,1,,0,,0,0,,0,search_360,0.023699947632849216,1,,
1790072353.6889513,330,0.08196139335632324,12.20086627435124,1.9962787628173828,23.9979000762105,0.005100038833916187,1,,0,,0,0,23.884500027634203,1,search_360,0.015400000847876072,1,,
1790072353.6996927,331,0.010741472244262695,93.09710785075356,5.394697189331055,0.10549998842179775,0.004800036549568176,1,,0,,0,0,,0,search_360,0.01409999094903469,1,,
1790072353.77011,332,0.07041716575622559,14.201082779472559,2.024412155151367,32.34879998490214,0.006100046448409557,1,6.460100063122809,1,,0,0,25.780399912036955,1,search_360,0.016000005416572094,1,,
1790072353.7840686,333,0.01395869255065918,71.63994739269305,25.961637496948242,0.13129995204508305,0.005700043402612209,1,,0,,0,0,,0,search_360,0.01750001683831215,1,,
1790072353.854736,334,0.07066750526428223,14.150775469718388,3.9975643157958984,23.185099940747023,0.005899928510189056,1,,0,,0,0,23.072399897500873,1,search_360,0.017200014553964138,1,,
1790072353.8655012,335,0.01076507568359375,92.8929836995039,5.787372589111328,0.12470001820474863,0.00500003807246685,1,,0,,0,0,,0,search_360,0.014499993994832039,1,,
1790072353.927629,336,0.06212782859802246,16.095846620846334,2.0294189453125,30.758599983528256,0.0069999368861317635,1,6.770900101400912,1,,0,0,23.85509992018342,1,search_360,0.019700033590197563,1,,
1790072353.9385192,337,0.01089024543762207,91.82529500623946,13.12255859375,0.10799989104270935,0.005200039595365524,1,,0,,0,0,,0,search_360,0.015300000086426735,1,,
1790072354.0225756,338,0.08405637741088867,11.8967772678538,2.990245819091797,24.721499998122454,0.00500003807246685,1,,0,,0,0,24.59500008262694,1,search_360,0.015900004655122757,1,,
1790072354.0335464,339,0.010970830917358398,91.15079865261328,6.9751739501953125,0.11150003410875797,0.006300047971308231,1,,0,,0,0,,0,search_360,0.015599885955452919,1,,
1790072354.092544,340,0.05899763107299805,16.94983310029339,3.022432327270508,29.51530006248504,0.005200039595365524,1,6.464499980211258,1,,0,0,22.927600075490773,1,search_360,0.016300007700920105,1,,
1790072354.102548,341,0.010003805160522461,99.9619628685145,35.21442413330078,0.11990009807050228,0.018600025214254856,1,,0,,0,0,,0,search_360,0.01379998866468668,1,,
1790072354.154649,342,0.05210113525390625,19.19343974227559,1.0268688201904297,25.013200007379055,0.005300040356814861,1,,0,,0,0,24.896100047044456,1,search_360,0.018000020645558834,1,,
1790072354.1928775,343,0.038228511810302734,26.15848623567125,1.0275840759277344,0.11909997556358576,0.006300047971308231,1,,0,,0,0,,0,search_360,0.016300007700920105,1,,
1790072354.259246,344,0.06636857986450195,15.067370765527894,3.022909164428711,30.764099908992648,0.0067999353632330894,1,6.387500092387199,1,,0,0,24.233799893409014,1,search_360,0.018200022168457508,1,,
1790072354.2707584,345,0.011512279510498047,86.86377003686368,10.511636734008789,0.14619994908571243,0.006199930794537067,1,,0,,0,0,,0,search_360,0.018900027498602867,1,,
1790072354.3225658,346,0.051807403564453125,19.302260511008026,1.6608238220214844,24.22160003334284,0.005499925464391708,1,,0,,0,0,24.115500040352345,1,search_360,0.014899997040629387,1,,
1790072354.3647003,347,0.04213452339172363,23.733506860942143,3.008127212524414,0.12550002429634333,0.006299931555986404,1,,0,,0,0,,0,search_360,0.016700010746717453,1,,
1790072354.4284987,348,0.06379842758178711,15.674367502522516,2.0470619201660156,32.52289991360158,0.005600042641162872,1,7.005899911746383,1,,0,0,25.39600001182407,1,search_360,0.019700033590197563,1,,
1790072354.4411347,349,0.012635946273803711,79.13930451517953,16.27063751220703,0.1249000197276473,0.005800044164061546,1,,0,,0,0,,0,search_360,0.015400000847876072,1,,
1790072354.4841735,350,0.04303884506225586,23.23482422805482,2.9914379119873047,23.702199920080602,0.004399917088449001,1,,0,,0,0,23.599699954502285,1,search_360,0.014899997040629387,1,,
1790072354.5267081,351,0.042534589767456055,23.510277293543272,2.0291805267333984,0.16519997734576464,0.0065999338403344154,1,,0,,0,0,,0,search_360,0.019300030544400215,1,,
1790072354.5919383,352,0.06523013114929199,15.330338639229518,2.031564712524414,30.434100073762238,0.006300047971308231,1,6.595300044864416,1,,0,0,23.69820000603795,1,search_360,0.019900035113096237,1,,
1790072354.6039062,353,0.011967897415161133,83.55686594816423,9.973526000976562,0.14290004037320614,0.006499933078885078,1,,0,,0,0,,0,search_360,0.018300022929906845,1,,
1790072354.653281,354,0.04937481880187988,20.25323888301391,0.9968280792236328,25.474500027485192,0.004800036549568176,1,,0,,0,0,25.350000010803342,1,search_360,0.014299992471933365,1,,
1790072354.697162,355,0.04388093948364258,22.78893778864439,2.9900074005126953,0.22769998759031296,0.009599956683814526,1,,0,,0,0,,0,search_360,0.028099981136620045,1,,
1790072354.7595506,356,0.06238865852355957,16.028554286391238,2.9904842376708984,30.109700048342347,0.00609993003308773,1,6.683100014925003,1,,0,0,23.30290002282709,1,search_360,0.017600017599761486,1,,
1790072354.769555,357,0.010004520416259766,99.95481626233259,10.972261428833008,0.1620999537408352,0.005499925464391708,1,,0,,0,0,,0,search_360,0.01680001150816679,1,,
1790072354.8209617,358,0.0514066219329834,19.452746794054217,2.9921531677246094,27.358199935406446,0.004299916326999664,1,,0,,0,0,27.24199998192489,1,search_360,0.015600002370774746,1,,
1790072354.8648438,359,0.043882131576538086,22.788318709081526,2.989053726196289,0.12820004485547543,0.006299931555986404,1,,0,,0,0,,0,search_360,0.01880002673715353,1,,
1790072354.9294152,360,0.06457138061523438,15.486737165475276,1.073598861694336,32.72440005093813,0.006400048732757568,1,7.246199995279312,1,,0,0,25.347699993290007,1,search_360,0.01850002445280552,1,,
1790072354.9393885,361,0.009973287582397461,100.26783964045804,13.962507247924805,0.13990001752972603,0.005800044164061546,1,,0,,0,0,,0,search_360,0.015099998563528061,1,,
1790072354.9886782,362,0.049289703369140625,20.288212986610944,1.9946098327636719,25.53250000346452,0.0069999368861317635,1,,0,,0,0,25.396900018677115,1,search_360,0.01810002140700817,1,,
1790072355.028309,363,0.039630889892578125,25.23284242949273,1.989603042602539,0.11539994738996029,0.005599926225841045,1,,0,,0,0,,0,search_360,0.016400008462369442,1,,
1790072355.0939538,364,0.06564474105834961,15.233512751785105,2.991914749145508,30.913299997337162,0.004900037311017513,1,6.0134000377729535,1,,0,0,24.794099968858063,1,search_360,0.016099889762699604,1,,
1790072355.1047728,365,0.010818958282470703,92.43034069372824,32.80282020568848,0.11789996642619371,0.006100046448409557,1,,0,,0,0,,0,search_360,0.015099998563528061,1,,
1790072355.1543643,366,0.0495915412902832,20.164729185296295,2.9938220977783203,24.014299968257546,0.00500003807246685,1,,0,,0,0,23.897800012491643,1,search_360,0.014999997802078724,1,,
1790072355.1931932,367,0.03882884979248047,25.754046420238243,0.9937286376953125,0.13899989426136017,0.006100046448409557,1,,0,,0,0,,0,search_360,0.016600009985268116,1,,
1790072355.2596836,368,0.06649041175842285,15.039762479337066,4.34112548828125,31.097800005227327,0.005800044164061546,1,7.043599965982139,1,,0,0,23.940099985338748,1,search_360,0.015799887478351593,1,,
1790072355.2696528,369,0.009969234466552734,100.30860477352083,11.001348495483398,0.09990006219595671,0.004900037311017513,1,,0,,0,0,,0,search_360,0.013499986380338669,1,,
1790072355.323492,370,0.05383920669555664,18.57382493866742,1.1463165283203125,30.172600061632693,0.004600035026669502,1,,0,,0,0,30.06330004427582,1,search_360,0.015500001609325409,1,,
1790072355.3604252,371,0.036933183670043945,27.07592199291197,2.026081085205078,0.12529990635812283,0.006200047209858894,1,,0,,0,0,,0,search_360,0.017300015315413475,1,,
1790072355.4242065,372,0.0637812614440918,15.678586113831592,3.9894580841064453,29.58480000961572,0.006900052540004253,1,6.559800007380545,1,,0,0,22.885499987751245,1,search_360,0.02059992402791977,1,,
1790072355.4361129,373,0.01190638542175293,83.98854602615191,10.372161865234375,0.1409000251442194,0.006200047209858894,1,,0,,0,0,,0,search_360,0.02519995905458927,1,,
1790072355.4961843,374,0.060071468353271484,16.646837965057667,1.9936561584472656,36.6799000184983,0.004700035788118839,1,,0,,0,0,36.57300001941621,1,search_360,0.014299992471933365,1,,
1790072355.5290837,375,0.03289937973022461,30.395709834045945,2.030611038208008,0.11570006608963013,0.00500003807246685,1,,0,,0,0,,0,search_360,0.013899989426136017,1,,
1790072355.5931666,376,0.06408286094665527,15.6047964342983,2.023458480834961,31.788699910975993,0.006499933078885078,1,6.598799955099821,1,,0,0,24.828099994920194,1,search_360,0.0198000343516469,1,,
1790072355.6041677,377,0.011001110076904297,90.89991764552902,11.001110076904297,0.16470008995383978,0.008400063961744308,1,,0,,0,0,,0,search_360,0.024799956008791924,1,,
1790072355.6507716,378,0.04660391807556152,21.457423351801545,0.9977817535400391,23.427500040270388,0.004900037311017513,1,,0,,0,0,23.314199992455542,1,search_360,0.016300007700920105,1,,
1790072355.6937137,379,0.042942047119140625,23.287199076130406,1.995086669921875,0.12149999383836985,0.005899928510189056,1,,0,,0,0,,0,search_360,0.01479999627918005,1,,
1790072355.7581267,380,0.06441307067871094,15.524799384086938,2.0134449005126953,29.349599964916706,0.0068999361246824265,1,6.135600036941469,1,,0,0,23.068099981173873,1,search_360,0.01950003206729889,1,,
1790072355.7822528,381,0.024126052856445312,41.44896829788916,10.521411895751953,13.394500012509525,0.0075999414548277855,1,,0,13.341099955141544,1,0,,0,search_360,0.02410006709396839,1,,
1790072355.8410988,382,0.05884599685668945,16.993509387483893,2.9914379119873047,40.75889999512583,0.013300101272761822,1,,0,11.482900008559227,1,0,29.21860001515597,1,search_360,0.031099887564778328,1,,
1790072355.8825161,383,0.04141736030578613,24.14446484799991,3.9899349212646484,12.217700015753508,0.00879995059221983,1,,0,12.163700070232153,1,0,,0,search_360,0.027099973522126675,1,,
1790072355.9403865,384,0.05787038803100586,17.27999472656411,4.990339279174805,45.204499969258904,0.013200100511312485,1,8.44380003400147,1,10.45559998601675,1,0,26.252200012095273,1,search_360,0.03579992335289717,1,,
1790072355.9673555,385,0.026968955993652344,37.07967042681849,26.929378509521484,13.545699999667704,0.008500064723193645,1,,0,13.498699991032481,1,0,,0,search_360,0.0241999514400959,1,,
1790072356.0212128,386,0.05385732650756836,18.567575942698788,13.962745666503906,41.177800041623414,0.006600050255656242,1,,0,11.543800006620586,1,0,29.59519997239113,1,search_360,0.020399922505021095,1,,
1790072356.0501826,387,0.028969764709472656,34.518747736774536,3.631591796875,12.844700017012656,0.008800067007541656,1,,0,12.786299921572208,1,0,,0,search_360,0.032400013878941536,1,,
1790072356.1158617,388,0.06567907333374023,15.225549771669607,7.977962493896484,51.963600097224116,0.008900067768990993,1,8.21839994750917,1,12.689700000919402,1,0,31.018600100651383,1,search_360,0.025699962861835957,1,,
1790072356.1428034,390,0.026941776275634766,37.11707757384825,8.966445922851562,12.28389993775636,0.014999997802078724,1,,0,12.210499960929155,1,0,,0,search_360,0.04060007631778717,1,,
1790072356.2430995,391,0.1002960205078125,9.97048531872813,0.9970664978027344,38.87309995479882,0.0072999391704797745,1,,0,11.563999927602708,1,0,27.269899961538613,1,search_360,0.022400054149329662,1,,
1790072356.267967,393,0.024867534637451172,40.2130735748116,0.9973049163818359,11.446000076830387,0.006800051778554916,1,,0,11.386900092475116,1,0,,0,search_360,0.03729993477463722,1,,
1790072356.3459146,394,0.07794761657714844,12.829128636797416,2.9799938201904297,47.743999981321394,0.008800067007541656,1,6.653400021605194,1,12.041099951602519,1,0,29.01120006572455,1,search_360,0.02719997428357601,1,,
1790072356.3715007,395,0.02558612823486328,39.08367810950837,0.9968280792236328,11.632899986580014,0.008500064723193645,1,,0,11.581999948248267,1,0,,0,search_360,0.02489995677024126,1,,
1790072356.4412365,396,0.06973576545715332,14.33984403045543,2.9916763305664062,44.01289997622371,0.013999990187585354,1,,0,11.652400018647313,1,0,32.29940007440746,1,search_360,0.034400029107928276,1,,
1790072356.4657233,397,0.024486780166625977,40.83836229979066,25.930404663085938,13.439400005154312,0.0071999384090304375,1,,0,13.396799913607538,1,0,,0,search_360,0.022300053387880325,1,,
1790072356.5339923,398,0.06826901435852051,14.647933757303354,16.95561408996582,53.79410006571561,0.013899989426136017,1,9.807900059968233,1,12.89569993969053,1,0,31.04969998821616,1,search_360,0.024700071662664413,1,,
1790072356.5602164,399,0.026224136352539062,38.132809658884284,17.390727996826172,13.337100041098893,0.008599949069321156,1,,0,13.284599990583956,1,0,,0,search_360,0.028999987989664078,1,,
1790072356.6185727,400,0.058356285095214844,17.136114788122438,15.76542854309082,44.66870008036494,0.02450007013976574,1,,0,13.34489998407662,1,0,31.2573000555858,1,search_360,0.029699993319809437,1,,
1790072356.6445062,402,0.025933504104614258,38.56015739199985,7.978200912475586,12.272599968127906,0.0100000761449337,1,,0,12.219400028698146,1,0,,0,search_360,0.026799971237778664,1,,
1790072356.746494,403,0.10198783874511719,9.80509060986329,2.696990966796875,51.99850001372397,0.01079996582120657,1,7.0214999141171575,1,11.975700035691261,1,0,32.95740007888526,1,search_360,0.02989999484270811,1,,
1790072356.7727177,405,0.02622365951538086,38.13350304573143,1.9948482513427734,12.355800019577146,0.008200062438845634,1,,0,12.30459997896105,1,0,,0,search_360,0.02319994382560253,1,,
1790072356.8323872,406,0.05966949462890625,16.75898222733666,1.9941329956054688,38.65040000528097,0.007400056347250938,1,,0,11.06030005030334,1,0,27.549399994313717,1,search_360,0.022099935449659824,1,,
1790072356.8782575,407,0.045870304107666016,21.80059669220454,3.989696502685547,12.172200018540025,0.010599964298307896,1,,0,12.107499991543591,1,0,,0,search_360,0.03590004052966833,1,,
1790072356.9506798,408,0.07242226600646973,13.807908190979092,2.9921531677246094,50.705599947832525,0.0097999582067132,1,6.86119997408241,1,13.457300025038421,1,0,30.345799983479083,1,search_360,0.02889998722821474,1,,
1790072356.979603,410,0.02892327308654785,34.57423359409132,7.9784393310546875,13.559299986809492,0.012299977242946625,1,,0,13.481199974194169,1,0,,0,search_360,0.05080003757029772,1,,
1790072357.0717976,411,0.0921945571899414,10.846627289936176,2.9914379119873047,41.99490009341389,0.007500057108700275,1,,0,12.999100028537214,1,0,28.953200089745224,1,search_360,0.02219993621110916,1,,
1790072357.097728,413,0.025930404663085938,38.56476645825671,16.95537567138672,12.613900005817413,0.008200062438845634,1,,0,12.565699988044798,1,0,,0,search_360,0.024099950678646564,1,,
1790072357.1809216,414,0.08319354057312012,12.02016398281648,3.987550735473633,51.79269996006042,0.0077999429777264595,1,7.4155000038445,1,12.298099929466844,1,0,32.04449999611825,1,search_360,0.02450007013976574,1,,
1790072357.2058542,415,0.0249326229095459,40.10809466889792,3.9887428283691406,11.58459996804595,0.006499933078885078,1,,0,11.540799983777106,1,0,,0,search_360,0.020400038920342922,1,,
1790072357.2675502,416,0.06169605255126953,16.208492418035956,0.9968280792236328,42.328699957579374,0.010900082997977734,1,,0,12.881399947218597,1,0,29.393200064077973,1,search_360,0.032100011594593525,1,,
1790072357.2949877,417,0.027437448501586914,36.44653765608572,14.006376266479492,14.046600088477135,0.008800067007541656,1,,0,13.993100030347705,1,0,,0,search_360,0.027099973522126675,1,,
1790072357.3589141,418,0.06392645835876465,15.642975157294863,17.95172691345215,48.91050001606345,0.0069999368861317635,1,8.469599997624755,1,11.491699959151447,1,0,28.918900061398745,1,search_360,0.021300045773386955,1,,
1790072357.3918262,419,0.03291201591491699,30.38403975572829,1.9955635070800781,11.570299975574017,0.007899943739175797,1,,0,11.508599971421063,1,0,,0,search_360,0.0377000542357564,1,,
1790072357.4473076,420,0.0554814338684082,18.024047510592766,0.9963512420654297,39.276499999687076,0.009600073099136353,1,,0,11.884500039741397,1,0,27.336500003002584,1,search_360,0.03139988984912634,1,,
1790072357.4742033,422,0.026895761489868164,37.180579563687296,2.9897689819335938,13.346099993214011,0.007100054062902927,1,,0,13.29739997163415,1,0,,0,search_360,0.026899971999228,1,,
1790072357.5772345,423,0.10303115844726562,9.705801769780443,2.99072265625,48.17640001419932,0.0068999361246824265,1,6.00220006890595,1,11.182799935340881,1,0,30.960600008256733,1,search_360,0.02180004958063364,1,,
1790072357.6021686,424,0.024934053421020508,40.10579359539496,31.069517135620117,11.873100069351494,0.010199961252510548,1,,0,11.81450008880347,1,0,,0,search_360,0.031000003218650818,1,,
1790072357.6618333,425,0.05966472625732422,16.760321595831403,11.96742057800293,41.73930000979453,0.007700058631598949,1,,0,10.556799941696227,1,0,31.13859996665269,1,search_360,0.026099965907633305,1,,
1790072357.686768,426,0.024934768676757812,40.10464315765318,41.71299934387207,12.586899916641414,0.008100061677396297,1,,0,12.533399974927306,1,0,,0,search_360,0.028799986466765404,1,,
1790072357.7763724,427,0.08960437774658203,11.160169013484891,0.0,77.13549991603941,11.164900031872094,1,7.859200006350875,1,27.05249993596226,1,0,31.01899998728186,1,face,0.03560003824532032,1,,
1790072357.8071325,429,0.03076004981994629,32.509700272057174,33.908843994140625,15.250100055709481,2.1096999989822507,1,,0,13.084000092931092,1,0,,0,face,0.038499943912029266,1,,
1790072357.8702803,430,0.06314778327941895,15.835868625429942,29.76226806640625,48.041700036264956,10.086499969474971,1,,0,11.758600012399256,1,0,26.15670009981841,1,face,0.02629996743053198,1,,
1790072357.897208,431,0.026927709579467773,37.13646706745881,18.267393112182617,14.285500044934452,1.9061999628320336,1,,0,12.335599982179701,1,0,,0,face,0.025300076231360435,1,,
1790072357.97076,432,0.07355213165283203,13.595799027552674,17.95172691345215,60.3355000494048,9.191200020723045,1,8.321299916133285,1,11.600000085309148,1,0,31.1951000476256,1,face,0.024699955247342587,1,,
1790072357.996691,434,0.02593088150024414,38.564057299424434,24.92976188659668,13.128099963068962,2.2001999896019697,1,,0,10.884599993005395,1,0,,0,face,0.02380006480962038,1,,
1790072358.1017275,435,0.10503649711608887,9.520500278058359,4.362344741821289,57.823400013148785,11.002999963238835,1,,0,12.936999904923141,1,0,33.840599935501814,1,face,0.02750009298324585,1,,
1790072358.1321044,437,0.030376911163330078,32.919739423907075,49.86691474914551,14.55079996958375,1.6414000419899821,1,,0,12.854900094680488,1,0,,0,face,0.02359994687139988,1,,
1790072358.2088964,438,0.07679200172424316,13.022189519045979,14.95671272277832,64.64250001590699,10.448499931953847,1,7.926300051622093,1,12.090899981558323,1,0,34.14370003156364,1,face,0.029499991796910763,1,,
1790072358.2360098,439,0.02711343765258789,36.88208086386099,31.097888946533203,14.108799980022013,1.9061999628320336,1,,0,12.156300013884902,1,0,,0,face,0.027799978852272034,1,,
1790072358.308277,440,0.07226705551147461,13.83756392068886,22.940397262573242,58.09089995454997,9.69999993685633,1,,0,14.810999971814454,1,0,33.536699949763715,1,face,0.025000073947012424,1,,
1790072358.336705,442,0.028428077697753906,35.176490321714915,24.48296546936035,15.136900008656085,1.986199989914894,1,,0,13.103000004775822,1,0,,0,face,0.030800001695752144,1,,
1790072358.422075,443,0.08537006378173828,11.713708010768904,1.993417739868164,60.02600002102554,10.07650000974536,1,7.891200017184019,1,11.803100001998246,1,0,30.22479999344796,1,face,0.025999965146183968,1,,
1790072358.448006,445,0.02593088150024414,38.564057299424434,6.982088088989258,13.252499978989363,2.1323999390006065,1,,0,11.081099975854158,1,0,,0,face,0.023900065571069717,1,,
1790072358.5285642,446,0.08055830001831055,12.413370189945722,1.9943714141845703,68.40200000442564,21.541900001466274,1,,0,15.157199930399656,1,0,31.66360000614077,1,face,0.02719997428357601,1,,
1790072358.5558538,447,0.027289628982543945,36.64395733044443,15.95759391784668,15.351999900303781,1.9901000196114182,1,,0,13.31219996791333,1,0,,0,face,0.0323000131174922,1,,
1790072358.625667,448,0.06981325149536133,14.323928173814451,7.9784393310546875,57.55569995380938,9.529099916107953,1,7.407799945212901,1,12.785200029611588,1,0,27.805899968370795,1,face,0.024000066332519054,1,,
1790072358.651914,450,0.02624678611755371,38.09990280414581,12.282848358154297,14.013800071552396,2.18990002758801,1,,0,11.748299933969975,1,0,,0,face,0.05979998968541622,1,,
1790072358.7448866,451,0.0929727554321289,10.755839120311009,0.9968280792236328,51.15710000973195,9.57120000384748,1,,0,11.571999988518655,1,0,29.96089996304363,1,face,0.03569992259144783,1,,
1790072358.7708175,452,0.02593088150024414,38.564057299424434,30.91740608215332,14.731299947015941,1.927000004798174,1,,0,12.75939994957298,1,0,,0,face,0.031000003218650818,1,,
1790072358.8413153,453,0.07049775123596191,14.184849622407327,15.956401824951172,56.660300004296005,8.483799989335239,1,8.140799938701093,1,12.152599985711277,1,0,27.853600098751485,1,face,0.025900080800056458,1,,
1790072358.8682437,454,0.026928424835205078,37.135480672179625,64.5134449005127,14.256300055421889,1.9625999266281724,1,,0,12.255099951289594,1,0,,0,face,0.025700079277157784,1,,
1790072358.9356854,455,0.06744170188903809,14.827621071088942,21.940231323242188,54.30100008379668,8.378300000913441,1,,0,12.327800039201975,1,0,33.55710010509938,1,face,0.025399960577487946,1,,
1790072358.9616163,457,0.02593088150024414,38.564057299424434,22.937536239624023,13.91520001925528,2.612599986605346,1,,0,11.259499937295914,1,0,,0,face,0.028499984182417393,1,,
1790072359.032672,458,0.07105565071105957,14.073476071120595,11.968851089477539,60.58619997929782,10.637299972586334,1,7.8390000853687525,1,12.067799922078848,1,0,30.007699970155954,1,face,0.030800001695752144,1,,
1790072359.060597,459,0.02792501449584961,35.81018731963868,17.951488494873047,14.795599970966578,2.722199889831245,1,,0,11.991500039584935,1,0,,0,face,0.06330001633614302,1,,
1790072359.1302845,461,0.0696876049041748,14.349754183330996,5.987644195556641,56.82039994280785,10.41129999794066,1,,0,11.555799981579185,1,0,34.8113999934867,1,face,0.027799978852272034,1,,
1790072359.158171,462,0.027886390686035156,35.8597859170343,5.983591079711914,14.616400003433228,2.063399995677173,1,,0,12.508200015872717,1,0,,0,face,0.028699985705316067,1,,
1790072359.2585738,463,0.10040283203125,9.959878419452888,3.9894580841064453,61.3974001025781,10.356000042520463,1,8.853400009684265,1,12.429700000211596,1,0,29.7238000202924,1,face,0.030800001695752144,1,,
1790072359.2861388,465,0.02756500244140625,36.27788541378356,9.613752365112305,14.82939999550581,1.6650999896228313,1,,0,13.127299956977367,1,0,,0,face,0.022700056433677673,1,,
1790072359.3509476,466,0.06480884552001953,15.429992495254352,7.979154586791992,51.0090000461787,10.88690001051873,1,,0,11.582300066947937,1,0,28.499000007286668,1,face,0.02759997732937336,1,,
1790072359.382167,467,0.031219482421875,32.03128054740958,3.7834644317626953,15.245400019921362,2.1274000173434615,1,,0,13.070999993942678,1,0,,0,face,0.02819998189806938,1,,
1790072359.4673083,468,0.08514118194580078,11.745197531279052,1.9943714141845703,64.58149990066886,10.081200045533478,1,8.333100005984306,1,13.562200008891523,1,0,32.5773999793455,1,face,0.023999949917197227,1,,
1790072359.494236,470,0.026927709579467773,37.13646706745881,18.086910247802734,14.212499954737723,1.754599972628057,1,,0,12.410700088366866,1,0,,0,face,0.025999965146183968,1,,
1790072359.5931342,471,0.09889817237854004,10.111410311733835,3.9892196655273438,56.53920001350343,9.754200000315905,1,,0,12.150099966675043,1,0,34.59499997552484,1,face,0.02819998189806938,1,,
1790072359.62405,473,0.03091573715209961,32.345985964371096,11.968374252319336,17.553100013174117,2.5659999810159206,1,,0,14.93439998012036,1,0,,0,face,0.033800024539232254,1,,
1790072359.6987054,474,0.07465553283691406,13.394854500396004,12.964963912963867,60.08680001832545,9.953100001439452,1,8.021999965421855,1,12.540700030513108,1,0,29.543600045144558,1,face,0.02389994915574789,1,,
1790072359.725634,475,0.02692866325378418,37.135151885397576,15.957117080688477,14.78909992147237,2.614600001834333,1,,0,12.114300043322146,1,0,,0,face,0.0420999713242054,1,,
1790072359.7904549,476,0.06482076644897461,15.427154826797313,14.959335327148438,51.46970006171614,9.219500003382564,1,,0,12.493800022639334,1,0,29.712700052186847,1,face,0.025499961338937283,1,,
1790072359.819378,478,0.02892303466796875,34.57451859667634,8.975744247436523,15.794600010849535,2.0682000322267413,1,,0,13.67649994790554,1,0,,0,face,0.03260001540184021,1,,
1790072359.9237797,479,0.10440182685852051,9.578376452695064,0.9984970092773438,59.39119996037334,9.268000023439527,1,7.537400000728667,1,11.921900091692805,1,0,30.63329996075481,1,face,0.026399968191981316,1,,
1790072359.9517705,481,0.02799081802368164,35.726001260625885,9.972810745239258,15.245899907313287,2.1659000776708126,1,,0,13.036799966357648,1,0,,0,face,0.026399968191981316,1,,
1790072360.017213,482,0.06544256210327148,15.28057532988932,1.9936561584472656,53.53310005739331,10.752800037153065,1,,0,12.411999981850386,1,0,30.32250003889203,1,face,0.03200001083314419,1,,
1790072360.0471008,483,0.029887676239013672,33.4586065508384,0.9975433349609375,15.606999979354441,2.1374999778345227,1,,0,13.422699994407594,1,0,,0,face,0.030199997127056122,1,,
1790072360.1210647,484,0.07396388053894043,13.52011269167416,0.9970664978027344,59.43140003364533,9.499499923549592,1,6.785199977457523,1,12.432600022293627,1,0,30.668799998238683,1,face,0.041400082409381866,1,,
1790072360.1489902,486,0.027925491333007812,35.809575848644215,7.978677749633789,15.453699976205826,2.5618000654503703,1,,0,12.842700001783669,1,0,,0,face,0.03270001616328955,1,,
1790072360.2530985,487,0.10410833358764648,9.605378988783086,2.9904842376708984,53.89480001758784,10.023799957707524,1,,0,12.54490006249398,1,0,31.280099996365607,1,face,0.03190001007169485,1,,
1790072360.2950137,489,0.041915178298950195,23.857705981058558,16.957521438598633,16.448299982585013,2.500499947927892,1,,0,13.896299991756678,1,0,,0,face,0.032800016924738884,1,,
1790072360.3720798,490,0.07706618309020996,12.975859967392548,14.959573745727539,63.752699992619455,10.03060000948608,1,7.803300046361983,1,12.532999971881509,1,0,33.35689997766167,1,face,0.025499961338937283,1,,
1790072360.3999057,491,0.02782583236694336,35.93782880644332,24.44314956665039,15.10499999858439,2.162200049497187,1,,0,12.895999941974878,1,0,,0,face,0.028399983420968056,1,,
1790072360.4687173,492,0.06881165504455566,14.53242186011219,22.328853607177734,53.31600003410131,9.948099963366985,1,,0,12.48839998152107,1,0,30.82009998615831,1,face,0.033100019209086895,1,,
1790072360.501311,494,0.032593727111816406,30.680750212130967,20.62535285949707,19.088600063696504,3.220599959604442,1,,0,15.826300019398332,1,0,,0,face,0.02510007470846176,1,,
1790072360.6012933,495,0.09998226165771484,10.001774148933126,2.9921531677246094,67.00949999503791,10.02480008173734,1,7.90139997843653,1,13.210900011472404,1,0,35.83870001602918,1,face,0.030099996365606785,1,,
1790072360.631213,497,0.02991962432861328,33.42287954610652,21.941661834716797,15.94039995688945,1.7742000054568052,1,,0,14.121399959549308,1,0,,0,face,0.026799971237778664,1,,
1790072360.6990314,498,0.06781840324401855,14.74526016783207,17.950773239135742,54.52989996410906,9.580599959008396,1,,0,11.673799948766828,1,0,33.16739993169904,1,face,0.03029999788850546,1,,
1790072360.7261202,499,0.02708888053894043,36.91551589082812,16.953468322753906,15.073999995365739,2.1481000585481524,1,,0,12.862800038419664,1,0,,0,face,0.029999995604157448,1,,
1790072360.8078508,500,0.08173060417175293,12.235318827431499,15.90728759765625,64.49939997401088,9.318300057202578,1,8.372900076210499,1,12.074499973095953,1,0,34.701199969276786,1,face,0.028399983420968056,1,,
1790072360.8360376,502,0.028186798095703125,35.477601840573826,24.718523025512695,14.87830001860857,2.0517000230029225,1,,0,12.780099990777671,1,0,,0,face,0.031000003218650818,1,,
1790072360.913542,503,0.07750439643859863,12.902493870682946,0.9939670562744141,51.30940000526607,9.32680000551045,1,,0,12.705200002528727,1,0,29.234100016765296,1,face,0.027600093744695187,1,,
1790072360.940476,505,0.026933908462524414,37.12792004886296,0.9973049163818359,14.392600045539439,2.0713000558316708,1,,0,12.274599983356893,1,0,,0,face,0.029199989512562752,1,,
1790072361.030071,506,0.08959507942199707,11.16132723416598,2.991914749145508,62.916999915614724,11.554399970918894,1,7.146300049498677,1,12.508000014349818,1,0,31.680499901995063,1,face,0.024499953724443913,1,,
1790072361.0570033,507,0.026932239532470703,37.130220782209946,14.965057373046875,15.037600067444146,2.9601999558508396,1,,0,12.032600003294647,1,0,,0,face,0.02580008003860712,1,,
1790072361.1283572,509,0.07135391235351562,14.014648489708634,5.985498428344727,54.618599941022694,9.566100081428885,1,,0,11.826399946585298,1,0,33.18200004287064,1,face,0.031200004741549492,1,,
1790072361.1552777,510,0.026920557022094727,37.146333903093534,4.986047744750977,14.038100023753941,2.3029999574646354,1,,0,11.680800002068281,1,0,,0,face,0.03490003291517496,1,,
1790072361.2588823,511,0.10360455513000488,9.652085265413106,2.99072265625,58.505600085482,9.840499958954751,1,8.128000074066222,1,11.285200016573071,1,0,29.216700000688434,1,face,0.03160000778734684,1,,
1790072361.2868092,512,0.027926921844482422,35.80774156094729,40.773630142211914,15.697699971497059,2.6392999570816755,1,,0,13.007199973799288,1,0,,0,face,0.027699978090822697,1,,
1790072361.3530602,514,0.06625103950500488,15.094102786484667,1.9943714141845703,52.597800036892295,11.430799961090088,1,,0,11.951700085774064,1,0,29.17450002860278,1,face,0.027499976567924023,1,,
1790072361.3939526,515,0.04089236259460449,24.454444217706907,3.988981246948242,14.352399972267449,2.559300046414137,1,,0,11.737899971194565,1,0,,0,face,0.031000003218650818,1,,
1790072361.4736319,516,0.07967925071716309,12.550318822019216,10.9710693359375,64.21440001577139,9.816300007514656,1,8.599499939009547,1,12.758500059135258,1,0,33.01010001450777,1,face,0.02519995905458927,1,,
1790072361.5012717,518,0.02763986587524414,36.17962563615975,24.830341339111328,14.17149999178946,2.736700000241399,1,,0,11.383700068108737,1,0,,0,face,0.032100011594593525,1,,
1790072361.594022,519,0.09275031089782715,10.781635019009158,3.9899349212646484,57.569699943996966,10.405800072476268,1,,0,14.812299981713295,1,0,32.30690001510084,1,face,0.029499991796910763,1,,
1790072361.6234727,520,0.029450654983520508,33.95510220603117,44.409990310668945,14.965799986384809,0.010199961252510548,1,,0,14.904799987562,1,0,,0,face,0.0315000070258975,1,,
1790072361.689345,522,0.0658721923828125,15.180912670836229,11.967897415161133,49.784200033172965,0.00909995287656784,1,7.487199967727065,1,11.55659998767078,1,0,30.70360003039241,1,face,0.025600078515708447,1,,
1790072361.7148626,523,0.025517702102661133,39.18848162647507,4.198551177978516,12.375600053928792,0.01309998333454132,1,,0,12.316000065766275,1,0,,0,face,0.029799994081258774,1,,
1790072361.7706075,524,0.05574488639831543,17.93886515176788,0.9970664978027344,38.57799991965294,0.0074999406933784485,1,,0,11.33409992326051,1,0,27.20189990941435,1,face,0.02350006252527237,1,,
1790072361.7945428,525,0.023935317993164062,41.779265280102,17.951250076293945,11.143699986860156,0.011899974197149277,1,,0,11.081999982707202,1,0,,0,face,0.03520003519952297,1,,
1790072361.8523407,526,0.057797908782958984,17.301664040392374,10.970354080200195,46.128599904477596,0.008200062438845634,1,7.313400041311979,1,12.261900003068149,1,0,26.51749993674457,1,face,0.024999957531690598,1,,
1790072361.8792684,527,0.026927709579467773,37.13646706745881,2.9916763305664062,12.923700036481023,0.008599949069321156,1,,0,12.868899968452752,1,0,,0,face,0.029999995604157448,1,,
1790072361.9415867,528,0.06231832504272461,16.04664437489957,2.9914379119873047,42.06839995458722,0.0072999391704797745,1,,0,11.213199933990836,1,0,30.813199933618307,1,face,0.023900065571069717,1,,
1790072361.965741,529,0.024154186248779297,41.40069094857368,26.617765426635742,12.47800001874566,0.0066999346017837524,1,,0,12.43639993481338,1,0,,0,face,0.02210005186498165,1,,
1790072362.0235724,530,0.057831525802612305,17.291606716605582,14.959573745727539,46.07019992545247,0.0075999414548277855,1,7.990300073288381,1,12.447199900634587,1,0,25.598199921660125,1,face,0.02480007242411375,1,,
1790072362.0377417,531,0.01416921615600586,70.57553424196534,7.188081741333008,0.04980002995580435,0.006100046448409557,1,,0,,0,0,,0,face,0.017600017599761486,1,,
1790072362.095814,532,0.05807232856750488,17.219905326123996,2.9883384704589844,28.476100065745413,0.005500041879713535,1,,0,,0,0,28.437400003895164,1,face,0.015300000086426735,1,,
1790072362.1067832,533,0.010969161987304688,91.16466701443227,34.90614891052246,0.041199964471161366,0.00609993003308773,1,,0,,0,0,,0,face,0.015199999324977398,1,,
1790072362.1627815,534,0.05599832534790039,17.85767688207294,2.9916763305664062,29.720499995164573,0.005100038833916187,1,6.0888000298291445,1,,0,0,23.599799955263734,1,face,0.015500001609325409,1,,
1790072362.2009075,535,0.03812599182128906,26.22882585421982,2.7010440826416016,0.041599967516958714,0.005800044164061546,1,,0,,0,0,,0,face,0.014599994756281376,1,,
1790072362.2610445,536,0.060137033462524414,16.628688553837126,2.0270347595214844,27.538300026208162,0.004200031980872154,1,,0,,0,0,27.505700010806322,1,face,0.01379998866468668,1,,
1790072362.2718773,537,0.010832786560058594,92.31235143938727,6.179332733154297,0.03220001235604286,0.004500034265220165,1,,0,,0,0,,0,face,0.011399970389902592,1,,
1790072362.3436062,538,0.07172894477844238,13.941373361741448,2.02178955078125,41.98720003478229,0.0069999368861317635,1,6.627000053413212,1,12.118399958126247,1,0,23.20950001012534,1,face,0.023400061763823032,1,,
1790072362.3825026,539,0.03889632225036621,25.70937153294962,1.993417739868164,13.060000026598573,0.00700005330145359,1,,0,13.005999964661896,1,0,,0,hover,0.03060000017285347,1,,
1790072362.4397697,540,0.057267189025878906,17.462006028410133,0.9968280792236328,40.83740001078695,0.006299931555986404,1,,0,12.273799977265298,1,0,28.51810003630817,1,hover,0.02720009069889784,1,,
1790072362.4637072,541,0.023937463760375977,41.77552016414179,21.95596694946289,11.288900044746697,0.0074999406933784485,1,,0,11.213100049644709,1,0,,0,hover,0.032100011594593525,1,,
1790072362.5213878,542,0.057680606842041016,17.336849501922043,11.416912078857422,45.08930002339184,0.007400056347250938,1,7.44509999640286,1,10.99490001797676,1,0,26.612799963913858,1,hover,0.026799971237778664,1,,
1790072362.5590203,543,0.03763246536254883,26.572800648750015,7.204771041870117,12.020700029097497,0.00879995059221983,1,,0,11.962800053879619,1,0,,0,hover,0.03390002530068159,1,,
1790072362.6178641,544,0.05884385108947754,16.994129063364788,10.969877243041992,44.88870000932366,0.0071999384090304375,1,,0,12.437900062650442,1,0,32.392999972216785,1,hover,0.02889998722821474,1,,
1790072362.643464,545,0.025599956512451172,39.06256635684616,33.570289611816406,13.773799990303814,0.008699949830770493,1,,0,13.713899999856949,1,0,,0,hover,0.031200004741549492,1,,
1790072362.703741,546,0.06027698516845703,16.59007989874219,25.929927825927734,46.85759998392314,0.006600050255656242,1,7.012799964286387,1,11.56969997100532,1,0,28.239800012670457,1,hover,0.026899971999228,1,,
1790072362.7286756,547,0.02493453025817871,40.10502662956695,46.31471633911133,12.533499975688756,0.008399947546422482,1,,0,12.458199984394014,1,0,,0,hover,0.05180004518479109,1,,
1790072362.7847524,548,0.056076765060424805,17.832697712189045,10.96963882446289,43.52970002219081,0.005600042641162872,1,,0,12.572400039061904,1,0,30.91650002170354,1,hover,0.02389994915574789,1,,
1790072362.810682,550,0.025929689407348633,38.565830245409494,3.99017333984375,13.637399999424815,0.0073999399319291115,1,,0,13.584600063040853,1,0,,0,hover,0.030499999411404133,1,,
1790072362.8953376,551,0.0846555233001709,11.812578329404541,4.987001419067383,51.19230004493147,0.007100054062902927,1,7.379199960269034,1,11.819600011222064,1,0,31.958800042048097,1,hover,0.02559996210038662,1,,
1790072362.923263,552,0.027925491333007812,35.809575848644215,9.97304916381836,12.657799990847707,0.007700058631598949,1,,0,12.600899906829,1,0,,0,hover,0.0342000275850296,1,,
1790072362.9832585,553,0.059995412826538086,16.667940978942056,7.9784393310546875,44.46249990724027,0.009200070053339005,1,,0,14.372000005096197,1,0,30.03469994291663,1,hover,0.03300001844763756,1,,
1790072363.0101883,555,0.026929855346679688,37.13350803881295,3.987550735473633,13.604199979454279,0.012199976481497288,1,,0,13.525799964554608,1,0,,0,hover,0.0475000124424696,1,,
1790072363.1141732,556,0.10398483276367188,9.616787116181811,0.9958744049072266,48.403199994936585,0.008200062438845634,1,6.827599951066077,1,13.210800010710955,1,0,28.323000064119697,1,hover,0.031400006264448166,1,,
1790072363.1401043,557,0.025931119918823242,38.56370272978862,57.863473892211914,13.844399945810437,0.00879995059221983,1,,0,13.776300009340048,1,0,,0,hover,0.043899985030293465,1,,
1790072363.2029362,558,0.06283187866210938,15.915487827090036,20.94292640686035,47.581200022250414,0.008199946023523808,1,,0,15.127500053495169,1,0,32.39970002323389,1,hover,0.030499999411404133,1,,
1790072363.2295535,559,0.02661728858947754,37.5695667362349,55.849552154541016,13.297599973157048,0.008599949069321156,1,,0,13.241300010122359,1,0,,0,hover,0.031000003218650818,1,,
1790072363.299056,560,0.06950259208679199,14.387952592490953,10.970354080200195,55.114999995566905,0.0078000593930482864,1,7.412099977955222,1,14.889799989759922,1,0,32.77569997590035,1,hover,0.02719997428357601,1,,
1790072363.3219938,562,0.022937774658203125,43.59620821553301,13.962745666503906,10.54780010599643,0.006700051017105579,1,,0,10.497800074517727,1,0,,0,hover,0.02619996666908264,1,,
1790072363.3796444,563,0.05765056610107422,17.345883442788374,6.403207778930664,43.38319995440543,0.00800006091594696,1,,0,12.60989997535944,1,0,30.72140004951507,1,hover,0.032100011594593525,1,,
1790072363.4136634,564,0.03401899337768555,29.395343621658746,3.989696502685547,12.188099906779826,0.006800051778554916,1,,0,12.135099968872964,1,0,,0,hover,0.02719997428357601,1,,
1790072363.4724057,565,0.05874228477478027,17.02351217413539,2.9921531677246094,37.252699956297874,0.005599926225841045,1,7.503900094889104,1,,0,0,29.604499926790595,1,hover,0.020600040443241596,1,,
1790072363.4863691,566,0.013963460922241211,71.61548312189458,20.338773727416992,0.04409998655319214,0.005800044164061546,1,,0,,0,0,,0,hover,0.018000020645558834,1,,
1790072363.5237799,567,0.037410736083984375,26.730294687468135,3.9882659912109375,23.852100013755262,0.004300032742321491,1,,0,,0,0,23.81839998997748,1,hover,0.015500001609325409,1,,
1790072363.5691235,568,0.045343637466430664,22.053810763204247,3.988027572631836,0.044800108298659325,0.005100038833916187,1,,0,,0,0,,0,hover,0.018600025214254856,1,,
1790072363.6493633,569,0.08023977279663086,12.462647452087356,2.4704933166503906,48.671400058083236,0.011999974958598614,1,5.972099956125021,1,10.722800041548908,1,0,31.915700063109398,1,hover,0.045599997974932194,1,,
1790072363.6733003,570,0.023936986923217773,41.77635235410711,30.91740608215332,11.234599980525672,0.00609993003308773,1,,0,11.18899998255074,1,0,,0,hover,0.02450007013976574,1,,
1790072363.72848,571,0.05517983436584473,18.1225625537394,19.27661895751953,40.53659993223846,0.007100054062902927,1,,0,11.163300019688904,1,0,29.32820003479719,1,hover,0.027499976567924023,1,,
1790072363.7856085,572,0.0571284294128418,17.504419608203193,28.202533721923828,13.545499998144805,0.0065999338403344154,1,,0,13.493799953721464,1,0,,0,hover,0.02610008232295513,1,,
1790072363.8484378,574,0.06282925605773926,15.916152167726022,5.983114242553711,47.20100003760308,0.0074999406933784485,1,7.733499980531633,1,11.742200003936887,1,0,27.68830000422895,1,hover,0.027300091460347176,1,,
1790072363.8776681,575,0.029230356216430664,34.211009698126446,34.21807289123535,12.293500010855496,0.0074999406933784485,1,,0,12.23489991389215,1,0,,0,hover,0.02850010059773922,1,,
1790072363.9476724,576,0.07000422477722168,14.2848521383153,2.9909610748291016,44.45170005783439,0.0072999391704797745,1,,0,13.475899933837354,1,0,30.913100112229586,1,hover,0.04440010525286198,1,,
1790072363.9775934,578,0.02992105484008789,33.421281614049626,3.9899349212646484,11.478699976578355,0.0076999422162771225,1,,0,11.427500052377582,1,0,,0,hover,0.02829998265951872,1,,
1790072364.0346794,579,0.05708599090576172,17.51743263335505,2.9926300048828125,37.72949997801334,0.0072999391704797745,1,6.779200048185885,1,,0,0,30.90469993185252,1,hover,0.022500054910779,1,,
1790072364.0636022,580,0.02892279624938965,34.57480360396007,0.9965896606445312,0.044599990360438824,0.00609993003308773,1,,0,,0,0,,0,hover,0.017200014553964138,1,,
1790072364.1006737,581,0.03707146644592285,26.97492427117031,9.973287582397461,23.302200017496943,0.004900037311017513,1,,0,,0,0,23.26569997239858,1,hover,0.015900004655122757,1,,
1790072364.1315894,582,0.03091573715209961,32.345985964371096,2.99072265625,0.041599967516958714,0.005699926987290382,1,,0,,0,0,,0,hover,0.016400008462369442,1,,
1790072364.206646,583,0.07505655288696289,13.32328706203742,2.166748046875,39.885299978777766,0.007700058631598949,1,5.694699939340353,1,11.330100009217858,1,0,22.821699967607856,1,hover,0.02889998722821474,1,,
1790072364.252458,584,0.045812129974365234,21.828279989591465,2.989530563354492,13.166099903173745,0.008100061677396297,1,,0,13.07520002592355,1,0,,0,hover,0.06220000796020031,1,,
1790072364.3114998,585,0.059041738510131836,16.937170639519625,2.9904842376708984,40.72350007481873,0.007900060154497623,1,,0,12.739900033921003,1,0,27.93710003606975,1,hover,0.027499976567924023,1,,
1790072364.3364325,586,0.0249326229095459,40.10809466889792,28.537511825561523,12.391699943691492,0.010599964298307896,1,,0,12.322800001129508,1,0,,0,hover,0.043199979700148106,1,,
1790072364.400303,587,0.06387042999267578,15.656697475101907,22.937536239624023,47.72699996829033,0.0073999399319291115,1,7.770000025629997,1,12.095099897123873,1,0,27.824199991300702,1,hover,0.028300099074840546,1,,
1790072364.4272316,588,0.02692866325378418,37.135151885397576,19.945859909057617,11.934999958612025,0.011999974958598614,1,,0,11.868799920193851,1,0,,0,hover,0.038400059565901756,1,,
1790072364.4834013,589,0.056169748306274414,17.803177513763142,5.98454475402832,41.01950000040233,0.011299969628453255,1,,0,12.26320001296699,1,0,28.694999986328185,1,hover,0.038100057281553745,1,,
1790072364.5105546,591,0.02715325355529785,36.82799919219591,5.984783172607422,12.920200009830296,0.0078000593930482864,1,,0,12.869599973782897,1,0,,0,hover,0.030099996365606785,1,,
1790072364.61035,592,0.09979534149169922,10.020507821832325,2.9754638671875,51.26520001795143,0.0075999414548277855,1,6.485900026746094,1,13.702200027182698,1,0,31.037900014780462,1,hover,0.02929999027401209,1,,
1790072364.6376212,594,0.027271270751953125,36.668624982515034,1.9943714141845703,12.343200040049851,0.007400056347250938,1,,0,12.292700004763901,1,0,,0,hover,0.027999980375170708,1,,
1790072364.708974,595,0.07135272026062012,14.014882633029822,1.993417739868164,46.720199985429645,0.010399962775409222,1,,0,12.999300030060112,1,0,33.66029995959252,1,hover,0.037499936297535896,1,,
1790072364.7340245,596,0.025050640106201172,39.91913962120491,3.144979476928711,0.25200005620718,0.04830001853406429,1,,0,,0,0,,0,hover,0.1745999325066805,1,,
1790072364.7992494,597,0.06522488594055176,15.331571463558173,1.9941329956054688,38.41919999103993,0.005500041879713535,1,7.263300009071827,1,,0,0,31.118899933062494,1,hover,0.019000028260052204,1,,
1790072364.8109522,598,0.011702775955200195,85.44981155139044,17.476558685302734,0.04640000406652689,0.005599926225841045,1,,0,,0,0,,0,hover,0.018600025214254856,1,,
1790072364.8539052,599,0.0429530143737793,23.28125312225935,0.9973049163818359,25.545399985276163,0.004600035026669502,1,,0,,0,0,25.507599930278957,1,hover,0.016900012269616127,1,,
1790072364.8975785,600,0.04367327690124512,22.897297179261816,1.9931793212890625,0.07329997606575489,0.00800006091594696,1,,0,,0,0,,0,hover,0.028799986466765404,1,,
1790072364.9648776,601,0.06729912757873535,14.859033630563319,2.9900074005126953,32.71950001362711,0.005400041118264198,1,6.30559993442148,1,,0,0,26.380800059996545,1,hover,0.016399892047047615,1,,
1790072364.9749708,602,0.010093212127685547,99.07648698445693,12.908220291137695,0.0754001084715128,0.03800005652010441,1,,0,,0,0,,0,hover,0.01750001683831215,1,,
1790072365.0228426,603,0.04787182807922363,20.889112451379308,2.026081085205078,26.335300062783062,0.004500034265220165,1,,0,,0,0,26.298100012354553,1,hover,0.017200014553964138,1,,
1790072365.066589,604,0.0437464714050293,22.85898651668247,3.877878189086914,0.07280008867383003,0.007500057108700275,1,,0,,0,0,,0,hover,0.024099950678646564,1,,
1790072365.109618,605,0.043028831481933594,23.240231388107006,10.004758834838867,31.75499988719821,0.006500049494206905,1,6.6021999809890985,1,,0,0,25.110899936407804,1,hover,0.021400046534836292,1,,
1790072365.1255744,606,0.015956401824951172,62.67077070196934,2.9990673065185547,0.04349998198449612,0.005100038833916187,1,,0,,0,0,,0,hover,0.017900019884109497,1,,
1790072365.1856036,607,0.06002926826477051,16.658540557071422,1.0275840759277344,23.89209996908903,0.004900037311017513,1,,0,,0,0,23.852100013755262,1,hover,0.018999911844730377,1,,
1790072365.2305183,608,0.04491472244262695,22.264414553098426,2.9938220977783203,0.04779989831149578,0.005500041879713535,1,,0,,0,0,,0,hover,0.019400031305849552,1,,
1790072365.2940807,609,0.06356239318847656,15.732573143285821,2.025127410888672,31.441499944776297,0.0068999361246824265,1,7.3108000215142965,1,,0,0,24.08929995726794,1,hover,0.020600040443241596,1,,
1790072365.3040867,610,0.010005950927734375,99.94052611513534,11.00468635559082,0.03699993249028921,0.004599918611347675,1,,0,,0,0,,0,hover,0.015500001609325409,1,,
1790072365.36592,611,0.06183338165283203,16.17249410059071,3.989696502685547,22.99880003556609,0.004100031219422817,1,,0,,0,0,22.964400006458163,1,hover,0.015500001609325409,1,,
1790072365.4004815,612,0.0345613956451416,28.934016735535764,3.0226707458496094,0.04539999645203352,0.005300040356814861,1,,0,,0,0,,0,hover,0.01810002140700817,1,,
1790072365.459824,613,0.05934262275695801,16.85129428969751,3.025054931640625,29.99830001499504,0.00500003807246685,1,6.176599999889731,1,,0,0,23.787499987520278,1,hover,0.018000020645558834,1,,
1790072365.4708254,614,0.011001348495483398,90.8979476843725,4.020214080810547,0.037800054997205734,0.005300040356814861,1,,0,,0,0,,0,hover,0.015300000086426735,1,,
1790072365.522652,615,0.05182647705078125,19.295156779037246,3.020048141479492,24.26710003055632,0.004500034265220165,1,,0,,0,0,24.229399976320565,1,hover,0.01680001150816679,1,,
1790072365.5633087,616,0.04065680503845215,24.596128472324033,2.0258426666259766,0.04349998198449612,0.00500003807246685,1,,0,,0,0,,0,hover,0.018000020645558834,1,,
1790072365.6330273,617,0.06971859931945801,14.343374791824116,2.0225048065185547,37.1937999734655,0.0067999353632330894,1,7.669800077565014,1,,0,0,29.481199919246137,1,hover,0.02220005262643099,1,,
1790072365.6426024,618,0.009575128555297852,104.43724010856303,13.596296310424805,0.04099996294826269,0.005300040356814861,1,,0,,0,0,,0,hover,0.017300015315413475,1,,
1790072365.691399,619,0.048796653747558594,20.49320851329959,1.9931793212890625,23.381900042295456,0.004700035788118839,1,,0,,0,0,23.346800007857382,1,hover,0.015600002370774746,1,,
1790072365.7306685,620,0.039269447326660156,25.465089734560557,2.6886463165283203,0.04840001929551363,0.005500041879713535,1,,0,,0,0,,0,hover,0.018700025975704193,1,,
1790072365.7939205,621,0.06325197219848633,15.80978371491681,0.9970664978027344,30.322200036607683,0.005500041879713535,1,5.867899977602065,1,,0,0,24.42010003142059,1,hover,0.01780001912266016,1,,
1790072365.8032236,622,0.009303092956542969,107.49113275243465,10.394096374511719,0.04369998350739479,0.005599926225841045,1,,0,,0,0,,0,hover,0.018300022929906845,1,,
1790072365.8542511,623,0.051027536392211914,19.597262002102557,3.025531768798828,23.344799992628396,0.004400033503770828,1,,0,,0,0,23.308999952860177,1,hover,0.016300007700920105,1,,
1790072365.8962626,624,0.04201149940490723,23.803006656867698,1.0280609130859375,0.047600013203918934,0.005599926225841045,1,,0,,0,0,,0,hover,0.01880002673715353,1,,
1790072365.961468,625,0.06520533561706543,15.336168283417004,2.184152603149414,30.92099993955344,0.005499925464391708,1,6.620800006203353,1,,0,0,24.25949997268617,1,hover,0.022400054149329662,1,,
1790072365.9722154,626,0.010747432708740234,93.0454767292249,10.747432708740234,0.04299997817724943,0.005500041879713535,1,,0,,0,0,,0,hover,0.018099904991686344,1,,
1790072366.0213125,627,0.04909706115722656,20.367817878093316,0.9953975677490234,24.40649992786348,0.004599918611347675,1,,0,,0,0,24.371200008317828,1,hover,0.01580000389367342,1,,
1790072366.0628777,628,0.0415651798248291,24.058599149922276,1.1436939239501953,0.04239997360855341,0.005300040356814861,1,,0,,0,0,,0,hover,0.016799895092844963,1,,
1790072366.1035132,629,0.04063558578491211,24.608972177566034,5.378007888793945,30.106700025498867,0.005999929271638393,1,6.767400074750185,1,,0,0,23.297899984754622,1,hover,0.02180004958063364,1,,
1790072366.1335745,630,0.03006124496459961,33.265422013546306,3.069639205932617,0.062000006437301636,0.006399932317435741,1,,0,,0,0,,0,hover,0.028399983420968056,1,,
1790072366.1902776,631,0.05670309066772461,17.635722995416895,2.0160675048828125,23.369799950160086,0.004799920134246349,1,,0,,0,0,23.330500000156462,1,hover,0.017700018361210823,1,,
1790072366.228981,632,0.03870344161987305,25.837495533899244,2.023458480834961,0.045900000259280205,0.005799927748739719,1,,0,,0,0,,0,hover,0.018400023691356182,1,,
1790072366.2919843,633,0.0630033016204834,15.872184064634538,0.9894371032714844,28.797099948860705,0.018699909560382366,1,5.573700065724552,1,,0,0,23.156299954280257,1,hover,0.03390002530068159,1,,
1790072366.301997,634,0.010012626647949219,99.87389275169063,8.018016815185547,0.04369998350739479,0.005799927748739719,1,,0,,0,0,,0,hover,0.017600017599761486,1,,
1790072366.3548167,635,0.05281972885131836,18.9323198310027,2.9931068420410156,24.07459996175021,0.004800036549568176,1,,0,,0,0,24.036999908275902,1,hover,0.016700010746717453,1,,
1790072366.3973293,636,0.04251265525817871,23.52240747906747,1.9953250885009766,0.04069996066391468,0.00500003807246685,1,,0,,0,0,,0,hover,0.01819990575313568,1,,
1790072366.456674,637,0.05934476852416992,16.85068498654132,0.9939670562744141,29.812099994160235,0.004399917088449001,1,6.1830999329686165,1,,0,0,23.601600085385144,1,hover,0.015700003132224083,1,,
1790072366.4676385,638,0.010964393615722656,91.20431416891363,8.978128433227539,0.0350000336766243,0.004500034265220165,1,,0,,0,0,,0,hover,0.015900004655122757,1,,
1790072366.5227487,639,0.05511021614074707,18.145455961306343,2.989053726196289,24.793999968096614,0.005400041118264198,1,,0,,0,0,24.75019998382777,1,hover,0.023400061763823032,1,,
1790072366.5615797,640,0.03883099555969238,25.75262327391953,2.026796340942383,0.05279993638396263,0.0073999399319291115,1,,0,,0,0,,0,hover,0.02410006709396839,1,,
1790072366.6300714,641,0.06849169731140137,14.600309807675572,2.0241737365722656,35.935399937443435,0.006199930794537067,1,6.9052999606356025,1,,0,0,28.995999949984252,1,hover,0.020200037397444248,1,,
1790072374.649032,834,8.01896071434021,0.12470443934358129,23.04673194885254,0.04369998350739479,0.00400003045797348,1,,0,,0,0,,0,search_360,0.023799948394298553,1,,
1790072374.6998527,835,0.05082058906555176,19.677064323479875,14.373302459716797,28.30140001606196,0.00609993003308773,1,,0,,0,0,28.262300067581236,1,search_360,0.016600009985268116,1,,
1790072374.7118168,836,0.011964082717895508,83.58350770211833,17.978906631469727,0.03829994238913059,0.005699926987290382,1,,0,,0,0,,0,search_360,0.015199999324977398,1,,
1790072374.8196254,837,0.10780858993530273,9.275698723080529,1.996755599975586,56.804300053045154,10.935600032098591,1,6.3865999691188335,1,12.717299978248775,1,0,26.726300013251603,1,face,0.03370002377778292,1,,
1790072374.848758,838,0.029132604598999023,34.3258014092691,38.47050666809082,16.02769992314279,2.2826000349596143,1,,0,13.695499976165593,1,0,,0,face,0.028499984182417393,1,,
1790072374.916255,840,0.06749701499938965,14.815469987954915,5.702733993530273,50.85140001028776,10.516699985601008,1,,0,12.847599922679365,1,0,27.450699941255152,1,face,0.02150004729628563,1,,
1790072374.9421868,841,0.025931835174560547,38.562639060000365,3.988981246948242,12.739499914459884,0.007600057870149612,1,,0,12.682400061748922,1,0,,0,face,0.02529995981603861,1,,
1790072375.0102332,842,0.06804633140563965,14.695869407547818,0.9970664978027344,49.59069995675236,0.008300063200294971,1,7.7578000491485,1,12.917599990032613,1,0,28.87659997213632,1,face,0.02789997961372137,1,,
1790072375.0353487,843,0.025115489959716797,39.816065766740714,30.41982650756836,12.00540002901107,0.010499963536858559,1,,0,11.94490003399551,1,0,,0,face,0.03060000017285347,1,,
1790072375.0901997,844,0.05485105514526367,18.231189853170015,24.823427200317383,41.80060001090169,0.00800006091594696,1,,0,12.360499938949943,1,0,29.39209993928671,1,face,0.02629996743053198,1,,
1790072375.1154597,845,0.025259971618652344,39.58832634877487,35.9036922454834,13.2350999629125,0.0070999376475811005,1,,0,13.179300003685057,1,0,,0,face,0.02780009526759386,1,,
1790072375.17685,846,0.06139039993286133,16.289191813274304,1.5535354614257812,47.148800105787814,0.0100000761449337,1,7.286300067789853,1,11.220799991860986,1,0,28.592700022272766,1,face,0.036199926398694515,1,,
1790072375.2044318,847,0.02758169174194336,36.25593416662345,33.908843994140625,13.698399998247623,0.008100061677396297,1,,0,13.643600046634674,1,0,,0,face,0.030199997127056122,1,,
1790072375.2602835,848,0.05585169792175293,17.90455862955105,26.58534049987793,42.65279998071492,0.00870006624609232,1,,0,11.872499948367476,1,0,30.729299993254244,1,face,0.027999980375170708,1,,
1790072375.285216,849,0.0249326229095459,40.10809466889792,14.960289001464844,12.201800011098385,0.007100054062902927,1,,0,12.155300006270409,1,0,,0,face,0.023999949917197227,1,,
1790072375.349115,850,0.06389880180358887,15.649745719392115,8.975982666015625,48.54750004597008,0.007200054824352264,1,7.68220005556941,1,11.599599965848029,1,0,29.234500019811094,1,face,0.02189993392676115,1,,
1790072375.3710556,852,0.02194070816040039,45.57738030556582,2.9931068420410156,10.731699992902577,0.006299931555986404,1,,0,10.690000024624169,1,0,,0,face,0.02110004425048828,1,,
1790072375.4627788,853,0.09172320365905762,10.90236668702806,0.9982585906982422,38.220399990677834,0.0075999414548277855,1,,0,11.709899990819395,1,0,26.465000002644956,1,face,0.024700071662664413,1,,
1790072375.492427,854,0.029648303985595703,33.728742139376294,2.9914379119873047,12.346700066700578,0.007700058631598949,1,,0,12.295100023038685,1,0,,0,face,0.02629996743053198,1,,
1790072375.5532117,855,0.06078457832336426,16.451541288649885,13.962268829345703,49.51140005141497,0.006400048732757568,1,7.6991000678390265,1,10.76390000525862,1,0,31.019999994896352,1,face,0.020099920220673084,1,,
1790072375.5763423,856,0.02313065528869629,43.23267056289104,41.0306453704834,11.924399994313717,0.011499971151351929,1,,0,11.870900052599609,1,0,,0,face,0.02729997504502535,1,,
1790072375.6413429,857,0.06500053405761719,15.384488981484198,0.9777545928955078,41.098900022916496,0.008499948307871819,1,,0,12.801700038835406,1,0,28.24680006597191,1,face,0.02819998189806938,1,,
1790072375.667275,858,0.02593207359313965,38.562284516443405,25.105714797973633,11.986500001512468,0.00600004568696022,1,,0,11.945000034756958,1,0,,0,face,0.022399937734007835,1,,
1790072375.7291813,859,0.06190633773803711,16.153434955748804,25.932788848876953,48.668900039047,0.007100054062902927,1,9.916700073517859,1,11.814899975433946,1,0,26.90569998230785,1,face,0.02219993621110916,1,,
1790072375.7541137,860,0.024932384490966797,40.10847820682005,33.9815616607666,12.673099990934134,0.008399947546422482,1,,0,12.61880004312843,1,0,,0,face,0.029999995604157448,1,,
1790072375.811625,861,0.057511329650878906,17.387878285382637,11.96599006652832,42.230899911373854,0.007900060154497623,1,,0,11.580600054003298,1,0,30.604699975810945,1,face,0.02659996971487999,1,,
1790072375.8355606,863,0.023935556411743164,41.778849122946816,0.9973049163818359,11.379000032320619,0.006700051017105579,1,,0,11.333800037391484,1,0,,0,face,0.022699940018355846,1,,
1790072375.9102728,864,0.07471227645874023,13.384681171537435,0.9968280792236328,49.007699941284955,0.008499948307871819,1,7.201100001111627,1,11.63960003759712,1,0,30.130499973893166,1,face,0.02529995981603861,1,,
1790072375.9421835,865,0.03191065788269043,31.337492435166574,2.9904842376708984,12.99509999807924,0.0076999422162771225,1,,0,12.943300069309771,1,0,,0,face,0.02559996210038662,1,,
1790072376.0066953,866,0.06451177597045898,15.501045893666245,3.275156021118164,45.63599999528378,0.010199961252510548,1,,0,12.468800065107644,1,0,33.11399999074638,1,face,0.030199997127056122,1,,
1790072376.031629,867,0.024933815002441406,40.10617708930962,20.94435691833496,11.982699972577393,0.0076999422162771225,1,,0,11.92690001334995,1,0,,0,hover,0.03029999788850546,1,,
1790072376.09017,868,0.05854082107543945,17.082097272112666,20.841598510742188,45.26179993990809,0.00809994526207447,1,7.709500030614436,1,11.101400014013052,1,0,26.411299942992628,1,hover,0.029399991035461426,1,,
1790072376.115806,869,0.02563619613647461,39.00734706024589,34.90710258483887,12.050999910570681,0.006900052540004253,1,,0,11.99939998332411,1,0,,0,hover,0.028499984182417393,1,,
1790072376.1726289,870,0.056822776794433594,17.59857677525469,5.983114242553711,42.93849994428456,0.0065999338403344154,1,,0,11.408100021071732,1,0,31.487399945035577,1,hover,0.026499968953430653,1,,
1790072376.2110033,872,0.03837442398071289,26.059023074915814,8.97669792175293,11.397599941119552,0.011999974958598614,1,,0,11.335799936205149,1,0,,0,hover,0.03560003824532032,1,,
1790072376.313379,873,0.10237574577331543,9.767938611301949,3.48663330078125,51.24369997065514,0.0071999384090304375,1,7.60670006275177,1,13.597299926914275,1,0,30.00239992979914,1,hover,0.027700094506144524,1,,
1790072376.33931,874,0.02593088150024414,38.564057299424434,33.10418128967285,12.680800049565732,0.009500072337687016,1,,0,12.622699956409633,1,0,,0,hover,0.03220001235604286,1,,
1790072376.394163,875,0.054852962493896484,18.230555917764157,16.954660415649414,41.3662000792101,0.008600065484642982,1,,0,12.03939993865788,1,0,29.274599975906312,1,hover,0.0295999925583601,1,,
1790072376.4191437,876,0.024980783462524414,40.03077011176117,49.91436004638672,12.219099909998477,0.006600050255656242,1,,0,12.169199995696545,1,0,,0,hover,0.02619996666908264,1,,
1790072376.4816735,877,0.0625298023223877,15.99237424171366,6.833553314208984,48.95019996911287,0.006700051017105579,1,7.184699992649257,1,11.78910001181066,1,0,29.940899927169085,1,hover,0.026799971237778664,1,,
1790072376.5053487,879,0.023675203323364258,42.23828561645905,6.981134414672852,11.262000072747469,0.007100054062902927,1,,0,11.21440005954355,1,0,,0,hover,0.027699978090822697,1,,
1790072376.5712376,880,0.06588888168334961,15.177067427033052,2.991199493408203,42.17399994377047,0.009599956683814526,1,,0,11.909499997273088,1,0,30.207399977371097,1,hover,0.03600004129111767,1,,
1790072376.6092203,881,0.03798270225524902,26.32777397668711,2.3517608642578125,12.34170002862811,0.009499955922365189,1,,0,12.280600029043853,1,0,,0,hover,0.03470003139227629,1,,
1790072376.676018,882,0.06679773330688477,14.970567869507798,1.995086669921875,49.21700002159923,0.008600065484642982,1,7.930499967187643,1,14.154899981804192,1,0,27.09400001913309,1,hover,0.026399968191981316,1,,
1790072376.6999543,883,0.02393627166748047,41.77760070122316,27.898550033569336,11.553000076673925,0.0078000593930482864,1,,0,11.49450009688735,1,0,,0,hover,0.03559992182999849,1,,
1790072376.75481,884,0.0548558235168457,18.229605097313133,10.970592498779297,41.099000023677945,0.009300070814788342,1,,0,12.489299988374114,1,0,28.550100047141314,1,hover,0.03799994010478258,1,,
1790072376.781491,885,0.026680946350097656,37.47992994245273,11.968374252319336,12.620300054550171,0.008900067768990993,1,,0,12.559699942357838,1,0,,0,hover,0.033400021493434906,1,,
1790072376.839491,886,0.05799984931945801,17.241424102536698,2.9926300048828125,44.487199978902936,0.0066999346017837524,1,7.694700034335256,1,10.129399946890771,1,0,26.62729995790869,1,hover,0.027000089175999165,1,,
1790072376.8675463,887,0.028055429458618164,35.643724558734796,26.926517486572266,13.966700062155724,0.006400048732757568,1,,0,13.921100064180791,1,0,,0,hover,0.02559996210038662,1,,
1790072376.9243956,888,0.05684924125671387,17.590384284713746,6.981611251831055,43.322599958628416,0.009299954399466515,1,,0,12.939400039613247,1,0,30.32679995521903,1,hover,0.035400036722421646,1,,
1790072376.9622636,889,0.03786802291870117,26.40750487943084,11.936664581298828,24.143100017681718,11.235600104555488,1,,0,12.853999971412122,1,0,,0,face,0.03659992944449186,1,,
1790072377.034203,890,0.07193946838378906,13.900575337381023,16.089439392089844,59.17090002913028,10.214400012046099,1,8.151300018653274,1,12.836099951528013,1,0,27.93580002617091,1,face,0.030099996365606785,1,,
1790072377.0583525,892,0.024149417877197266,41.408865633330045,17.16780662536621,12.46759993955493,1.89220008905977,1,,0,10.537000023759902,1,0,,0,face,0.02329994458705187,1,,
1790072377.1455898,893,0.08723735809326172,11.462978955998906,3.8139820098876953,74.71399998757988,9.408999932929873,1,,0,13.247999944724143,1,0,52.02089995145798,1,face,0.02350006252527237,1,,
1790072377.171631,895,0.026041269302368164,38.400585946440835,0.9975433349609375,12.421100051142275,0.08000002708286047,1,,0,12.292500003241003,1,0,,0,gesture,0.03200001083314419,1,0.05619996227324009,1
1790072377.2476814,896,0.0760502815246582,13.149195242305112,2.9900074005126953,44.51819998212159,0.08309993427246809,1,6.890999968163669,1,11.966999969445169,1,0,25.55010002106428,1,gesture,0.023900065571069717,1,0.06389990448951721,1
1790072377.2878063,897,0.04012489318847656,24.9221847221562,1.9943714141845703,12.323000002652407,0.1230000052601099,1,,0,12.134699965827167,1,0,,0,gesture,0.037400051951408386,1,0.10059995111078024,1
1790072377.3523333,898,0.06452703475952148,15.497380341848762,0.9975433349609375,46.58560000825673,0.0657000346109271,1,,0,13.731200015172362,1,0,32.753300038166344,1,gesture,0.022799940779805183,1,0.05230004899203777,1
1790072377.3771265,900,0.024793148040771484,40.33372439657659,0.9973049163818359,12.609099969267845,0.07170008029788733,1,,0,12.496700044721365,1,0,,0,gesture,0.024099950678646564,1,0.05679996684193611,1
1790072377.4783685,901,0.1012420654296875,9.87731725697061,0.9975433349609375,47.333499998785555,0.1050001010298729,1,6.835900014266372,1,12.480600038543344,1,0,27.869999990798533,1,gesture,0.03729993477463722,1,0.08300004992634058,1
1790072377.5092862,902,0.030917644500732422,32.34399049954503,8.975028991699219,14.876600005663931,0.11939997784793377,1,,0,14.702299959026277,1,0,,0,gesture,0.03390002530068159,1,0.09759992826730013,1
1790072377.580116,903,0.07082986831665039,14.118337698009304,2.9921531677246094,42.78600006364286,0.07760000880807638,1,,0,13.236200087703764,1,0,29.432400013320148,1,gesture,0.026099965907633305,1,0.061700004152953625,1
1790072377.6077359,905,0.02761983871459961,36.20585950313347,0.9975433349609375,14.238999923691154,0.1417000312358141,1,,0,14.03229997958988,1,0,,0,gesture,0.03600004129111767,1,0.12209999840706587,1
1790072377.6856909,906,0.07795500755310059,12.827912296959632,3.9916038513183594,55.55579997599125,0.07409998215734959,1,9.247799986042082,1,13.810799922794104,1,0,32.395999995060265,1,gesture,0.024000066332519054,1,0.05909998435527086,1
1790072377.7185724,908,0.03288149833679199,30.412239422832904,5.953073501586914,14.508799999020994,0.07990002632141113,1,,0,14.381100074388087,1,0,,0,gesture,0.025999965146183968,1,0.06430002395063639,1
1790072377.9273686,909,0.20879626274108887,4.789357754166405,1.5034675598144531,34.35249999165535,0.07680000271648169,1,,0,12.591400067321956,1,0,21.645799977704883,1,gesture,0.026499968953430653,1,0.0610999995842576,1
1790072377.9533422,912,0.02597355842590332,38.500693035679866,10.482072830200195,12.504299986176193,0.07060007192194462,1,,0,12.388500035740435,1,0,,0,gesture,0.026899971999228,1,0.056299963034689426,1
1790072378.0175285,914,0.06418633460998535,15.579640215885327,8.97669792175293,47.96360002364963,0.09979994501918554,1,8.361999993212521,1,13.056700001470745,1,0,26.415200089104474,1,gesture,0.02659996971487999,1,0.08349993731826544,1
1790072378.0462453,915,0.0287168025970459,34.82281833503533,44.03328895568848,13.691100059077144,0.07860001642256975,1,,0,13.551899930462241,1,0,,0,gesture,0.030399998649954796,1,0.061400001868605614,1
1790072378.096394,916,0.050148725509643555,19.940686225569202,26.927471160888672,37.17759996652603,0.07109995931386948,1,,0,11.744400020688772,1,0,25.32619994599372,1,gesture,0.022799940779805183,1,0.05719996988773346,1
1790072378.1203344,917,0.023940324783325195,41.77052772051427,13.944149017333984,12.305499985814095,0.09159999899566174,1,,0,12.148699956014752,1,0,,0,gesture,0.045599997974932194,1,0.07449998520314693,1
1790072378.1811688,918,0.060834407806396484,16.438065825880436,7.978677749633789,46.33990000002086,0.06750004831701517,1,7.646700018085539,1,11.812999960966408,1,0,26.78740001283586,1,gesture,0.02259993925690651,1,0.053600058890879154,1
1790072378.2088902,920,0.027721405029296875,36.073207651025186,5.984067916870117,13.090800028294325,0.10999990627169609,1,,0,12.925800052471459,1,0,,0,gesture,0.035100034438073635,1,0.09070010855793953,1
1790072378.2973528,921,0.08846259117126465,11.30421330372279,2.9942989349365234,36.76620009355247,0.07259997073560953,1,,0,11.961400043219328,1,0,24.697600048966706,1,gesture,0.02280005719512701,1,0.05780009087175131,1
1790072378.3240645,922,0.026711702346801758,37.436775351000115,15.741109848022461,13.200100045651197,0.17360004130750895,1,,0,12.961899978108704,1,0,,0,gesture,0.03839994315057993,1,0.14180003199726343,1
1790072378.3869724,923,0.06290793418884277,15.896246044228837,13.962745666503906,47.96430002897978,0.0735999783501029,1,7.461800007149577,1,12.243299977853894,1,0,28.156799962744117,1,gesture,0.02580008003860712,1,0.058399979025125504,1
1790072378.410822,924,0.0238494873046875,41.929622520793345,40.879011154174805,13.085100101307034,0.08470006287097931,1,,0,12.955599930137396,1,0,,0,gesture,0.029199989512562752,1,0.06880005821585655,1
1790072378.467471,925,0.056648969650268555,17.65257172678796,0.9973049163818359,38.092699949629605,0.0646000262349844,1,,0,11.866600019857287,1,0,26.126899989321828,1,gesture,0.02259993925690651,1,0.05200004670768976,1
1790072378.4904096,926,0.02293872833251953,43.59439570947491,14.958858489990234,10.93580003362149,0.07569999434053898,1,,0,10.801899945363402,1,0,,0,gesture,0.02650008536875248,1,0.06019999273121357,1
1790072378.5512483,927,0.06083869934082031,16.436906292127787,7.980823516845703,48.65950008388609,0.12169999536126852,1,7.285599946044385,1,11.775700026191771,1,0,29.438400059007108,1,gesture,0.033800024539232254,1,0.1012999564409256,1
1790072378.5751848,928,0.02393651008605957,41.777184577228404,38.89751434326172,11.863699997775257,0.1498999772593379,1,,0,11.673100059852004,1,0,,0,gesture,0.02629996743053198,1,0.13489997945725918,1
1790072378.6311953,929,0.05601048469543457,17.85380014898372,0.9963512420654297,35.800799960270524,0.07080007344484329,1,,0,11.662399978376925,1,0,24.029299966059625,1,gesture,0.02529995981603861,1,0.05689996760338545,1
1790072378.6551318,930,0.02393651008605957,41.777184577228404,11.96742057800293,10.76390000525862,0.06800005212426186,1,,0,10.656800004653633,1,0,,0,gesture,0.022399937734007835,1,0.05440006498247385,1
1790072378.714914,931,0.05978226661682129,16.727368442042714,6.981849670410156,45.70559994317591,0.12080010492354631,1,7.287499960511923,1,12.300200061872602,1,0,25.953899952583015,1,gesture,0.03839994315057993,1,0.09410001803189516,1
1790072378.738854,932,0.023939847946166992,41.77135971158538,38.15603256225586,11.886199936270714,0.06729993037879467,1,,0,11.78159995470196,1,0,,0,gesture,0.023600063286721706,1,0.05409994628280401,1
1790072378.8026187,933,0.06376481056213379,15.682631081065923,2.9914379119873047,39.1129000345245,0.06890005897730589,1,,0,10.999100049957633,1,0,28.00970000680536,1,gesture,0.024399952962994576,1,0.05450006574392319,1
1790072378.8295474,934,0.02692866325378418,37.135151885397576,26.92723274230957,12.464000028558075,0.11170003563165665,1,,0,12.298600049689412,1,0,,0,gesture,0.03639992792159319,1,0.09480002336204052,1
1790072378.8888035,935,0.05925607681274414,16.87590630004265,10.970830917358398,46.588200028054416,0.09600003249943256,1,7.633900037035346,1,12.670399970375001,1,0,26.152399950660765,1,gesture,0.031200004741549492,1,0.07760000880807638,1
1790072378.9127488,936,0.023945331573486328,41.76179381484358,42.68145561218262,11.474199942313135,0.07639999967068434,1,,0,11.355999973602593,1,0,,0,gesture,0.026499968953430653,1,0.06130000110715628,1
1790072378.9636033,937,0.05085444450378418,19.663964669313966,1.995086669921875,36.817200016230345,0.06659992504864931,1,,0,10.645600035786629,1,0,26.06880001258105,1,gesture,0.023900065571069717,1,0.052600051276385784,1
1790072378.9928372,938,0.029233932495117188,34.2068245579696,11.968612670898438,11.282799998298287,0.07499998901039362,1,,0,11.165300034917891,1,0,,0,gesture,0.02429995220154524,1,0.0591999851167202,1
1790072379.052688,939,0.05985069274902344,16.708244367251982,12.965202331542969,46.626900089904666,0.08999998681247234,1,7.985000032931566,1,12.19039992429316,1,0,26.335200062021613,1,gesture,0.023600063286721706,1,0.05989999044686556,1
1790072379.0766268,940,0.023938894271850586,41.77302379316183,39.90340232849121,13.092300039716065,0.06929994560778141,1,,0,12.978599988855422,1,0,,0,gesture,0.024000066332519054,1,0.055200071074068546,1
1790072379.1287532,941,0.052126407623291016,19.18413421517239,23.93627166748047,38.94699993543327,0.010599964298307896,1,,0,12.571699917316437,1,0,26.32659999653697,1,gesture,0.02220005262643099,1,,
1790072379.1566808,942,0.027927637100219727,35.80682448756584,7.9803466796875,12.817300041206181,0.013499986380338669,1,,0,12.755800038576126,1,0,,0,gesture,0.031200004741549492,1,,
1790072379.2183206,943,0.06163978576660156,16.223288052727668,10.9710693359375,47.8828001068905,0.008900067768990993,1,7.33260007109493,1,12.33589998446405,1,0,28.17840001080185,1,gesture,0.024799956008791924,1,,
1790072379.2422569,944,0.02393627166748047,41.77760070122316,40.69805145263672,11.253100004978478,0.010899966582655907,1,,0,11.194100021384656,1,0,,0,gesture,0.0323000131174922,1,,
1790072379.30466,945,0.062403202056884766,16.02481871184161,1.9948482513427734,44.76039996370673,0.009599956683814526,1,,0,13.341500074602664,1,0,31.36999998241663,1,gesture,0.024699955247342587,1,,
1790072379.3325837,946,0.027923583984375,35.8120218579235,24.930238723754883,13.729900005273521,0.008200062438845634,1,,0,13.679999974556267,1,0,,0,gesture,0.023699947632849216,1,,
1790072379.3912065,947,0.05862283706665039,17.05819864813203,21.941423416137695,45.5671000527218,0.007900060154497623,1,8.192199980840087,1,10.512900073081255,1,0,26.83019998949021,1,gesture,0.02189993392676115,1,,
1790072379.4141412,948,0.022934675216674805,43.60209990124227,36.90052032470703,12.048900010995567,0.00809994526207447,1,,0,12.00250000692904,1,0,,0,gesture,0.02280005719512701,1,,
1790072379.46507,949,0.05092883110046387,19.635243503377634,0.9970664978027344,38.40199997648597,0.007999944500625134,1,,0,12.305199983529747,1,0,26.05129999574274,1,gesture,0.024900073185563087,1,,
1790072379.491001,950,0.02593088150024414,38.564057299424434,19.94633674621582,12.351499986834824,0.009900075383484364,1,,0,12.298000045120716,1,0,,0,gesture,0.02589996438473463,1,,
1790072379.5509603,951,0.05995941162109375,16.677948848454,2.991199493408203,43.748099938966334,0.01109996810555458,1,7.1844999911263585,1,12.132299947552383,1,0,24.384999996982515,1,gesture,0.03200001083314419,1,,
1790072379.572902,952,0.021941661834716797,45.57539932630664,40.65299034118652,11.157599976286292,0.0073999399319291115,1,,0,11.115500004962087,1,0,,0,gesture,0.020300038158893585,1,,
1790072379.6280656,953,0.05516362190246582,18.127888733776196,1.9936561584472656,37.00450004544109,0.0078000593930482864,1,,0,11.352700064890087,1,0,25.61280003283173,1,gesture,0.02029992174357176,1,,
1790072379.651998,954,0.023932456970214844,41.784259812711696,12.965202331542969,12.652099947445095,0.008699949830770493,1,,0,12.600999907590449,1,0,,0,gesture,0.02510007470846176,1,,
1790072379.71174,955,0.059741973876953125,16.738650150054276,9.973526000976562,45.925899990834296,0.0078000593930482864,1,7.650699932128191,1,12.404900044202805,1,0,25.838800007477403,1,gesture,0.02189993392676115,1,,
1790072379.7356713,957,0.023931264877319336,41.78634122042341,1.0006427764892578,11.266899993643165,0.006600050255656242,1,,0,11.22470002155751,1,0,,0,gesture,0.01989991869777441,1,,
1790072379.8305042,958,0.0948328971862793,10.544863962509869,0.9970664978027344,40.74590001255274,0.011299969628453255,1,,0,13.361499994061887,1,0,27.32810005545616,1,gesture,0.031200004741549492,1,,
1790072379.8591416,959,0.028637409210205078,34.91935994138901,21.97122573852539,13.782699941657484,0.010199961252510548,1,,0,13.727199984714389,1,0,,0,gesture,0.029799994081258774,1,,
1790072379.916987,960,0.057845354080200195,17.287473054681993,12.986898422241211,44.73969992250204,0.009899958968162537,1,8.137299912050366,1,11.615600087679923,1,0,24.936400004662573,1,hover,0.03769993782043457,1,,
1790072379.942917,961,0.025930166244506836,38.565121047453545,33.908843994140625,12.524199904873967,0.006400048732757568,1,,0,12.476100004278123,1,0,,0,hover,0.025799963623285294,1,,
1790072380.001811,962,0.05889391899108887,16.97968172488756,3.9887428283691406,39.99179997481406,0.0067999353632330894,1,,0,11.37010008096695,1,0,28.576900018379092,1,hover,0.02589996438473463,1,,
1790072380.0290737,963,0.02726268768310547,36.68016930772729,26.829242706298828,12.463700026273727,0.010299962013959885,1,,0,12.395500089041889,1,0,,0,hover,0.044199987314641476,1,,
1790072380.0888565,964,0.05978274345397949,16.727235021754996,16.80755615234375,47.6889000274241,0.06330001633614302,1,7.7173999743536115,1,12.22180004697293,1,0,27.652899967506528,1,gesture,0.030199997127056122,1,0.04830001853406429,1
1790072380.1133053,965,0.024448871612548828,40.90168314707546,39.89267349243164,13.177599990740418,0.07339997682720423,1,,0,13.062800047919154,1,0,,0,gesture,0.024499953724443913,1,0.05849997978657484,1
1790072380.1661851,966,0.05287981033325195,18.910809129191954,15.957117080688477,39.56589999143034,0.08000002708286047,1,,0,12.977099977433681,1,0,26.47189993876964,1,gesture,0.02519995905458927,1,0.06390002090483904,1
1790072380.1936297,967,0.02744460105895996,36.437039031890954,19.951820373535156,13.02790001500398,0.07639999967068434,1,,0,12.851599953137338,1,0,,0,gesture,0.08380005601793528,1,0.06160000339150429,1
1790072380.2515547,968,0.05792498588562012,17.263707270893786,18.464326858520508,45.89040006976575,0.08160003926604986,1,8.397200028412044,1,11.967599974013865,1,0,25.41430003475398,1,gesture,0.02619996666908264,1,0.06510003004223108,1
1790072380.2804782,969,0.028923511505126953,34.57394859620489,42.61302947998047,12.488999986089766,0.07770000956952572,1,,0,12.34040001872927,1,0,,0,gesture,0.026999972760677338,1,0.062400009483098984,1
1790072380.346301,970,0.06582283973693848,15.192295014868824,4.985332489013672,39.400900015607476,0.0654000323265791,1,,0,11.353199952282012,1,0,27.946999995037913,1,gesture,0.02210005186498165,1,0.05200004670768976,1
1790072380.3705027,971,0.024201631546020508,41.319528317686114,33.17666053771973,13.442200026474893,0.08249992970377207,1,,0,13.317500008270144,1,0,,0,gesture,0.027499976567924023,1,0.06649992428719997,1
1790072380.4320157,972,0.06151294708251953,16.256740205578208,23.93627166748047,45.74159998446703,0.08030002936720848,1,7.227599970065057,1,11.786299990490079,1,0,26.61709999665618,1,gesture,0.02719997428357601,1,0.06430002395063639,1
1790072380.4559517,973,0.023936033248901367,41.77801683350764,55.529117584228516,11.566100060008466,0.06910006050020456,1,,0,11.457000044174492,1,0,,0,gesture,0.023099943064153194,1,0.0548000680282712,1
1790072380.5086834,974,0.05273175239562988,18.963906082568847,3.0019283294677734,37.63340006116778,0.12069998774677515,1,,0,11.927400017157197,1,0,25.529199978336692,1,gesture,0.03820005804300308,1,0.10029994882643223,1
1790072380.5356116,975,0.026928186416625977,37.13580946478375,31.915664672851562,12.859000009484589,0.1354999840259552,1,,0,12.657799990847707,1,0,,0,gesture,0.0439999857917428,1,0.10750000365078449,1
1790072380.5979862,976,0.06237459182739258,16.03216904035655,25.93064308166504,47.88279999047518,0.06519991438835859,1,6.804300006479025,1,10.025299969129264,1,0,30.96260002348572,1,gesture,0.022500054910779,1,0.05180004518479109,1
1790072380.6239169,977,0.02593064308166504,38.564411875580404,51.88274383544922,12.77760008815676,0.08490006439387798,1,,0,12.634700047783554,1,0,,0,gesture,0.03229989670217037,1,0.06830005440860987,1
1790072380.674925,978,0.05100822448730469,19.604681598923083,11.96908950805664,37.843800033442676,0.008500064723193645,1,,0,11.472800048068166,1,0,26.327100000344217,1,gesture,0.02389994915574789,1,,
1790072380.700998,979,0.026072978973388672,38.35388357504709,32.201290130615234,12.548399972729385,0.009599956683814526,1,,0,12.48730008956045,1,0,,0,gesture,0.02729997504502535,1,,
1790072380.7638295,980,0.06283140182495117,15.915608612171484,23.93507957458496,49.69140002503991,0.008899951353669167,1,8.48359998781234,1,14.003899996168911,1,0,27.169200009666383,1,gesture,0.023700064048171043,1,,
1790072380.7887623,981,0.024932861328125,40.10771113831089,52.858829498291016,11.604700004681945,0.011400086805224419,1,,0,11.539800092577934,1,0,,0,gesture,0.03159989137202501,1,,
1790072380.8431802,982,0.05441784858703613,18.376323687265877,9.97304916381836,40.59470002539456,0.01750001683831215,1,,0,12.686499976553023,1,0,27.829500031657517,1,gesture,0.04329998046159744,1,,
1790072380.8701084,983,0.026928186416625977,37.13580946478375,32.475948333740234,13.133100001141429,0.008200062438845634,1,,0,13.068199972622097,1,0,,0,gesture,0.038199941627681255,1,,
1790072380.9343572,984,0.06424880027770996,15.564492966056724,26.929140090942383,50.034500076435506,0.00879995059221983,1,8.591599995270371,1,12.432000017724931,1,0,28.972500003874302,1,gesture,0.027400092221796513,1,,
1790072380.9612887,985,0.0269315242767334,37.13120689807806,56.27012252807617,12.340999906882644,0.008200062438845634,1,,0,12.2929000062868,1,0,,0,gesture,0.022699940018355846,1,,
1790072381.015873,986,0.05458426475524902,18.32029806545734,16.95394515991211,42.61150001548231,0.008500064723193645,1,,0,12.792499968782067,1,0,29.77409993764013,1,gesture,0.023999949917197227,1,,
1790072381.042801,988,0.026927947998046875,37.136138263210086,7.979393005371094,12.968300026841462,0.015500001609325409,1,,0,12.876100023277104,1,0,,0,gesture,0.058999983593821526,1,,
1790072381.1133502,989,0.07054924964904785,14.174495192713877,3.998994827270508,47.849300084635615,0.07489998824894428,1,7.875900017097592,1,14.053099905140698,1,0,25.817400077357888,1,gesture,0.02510007470846176,1,0.05989999044686556,1
1790072381.1382842,990,0.024934053421020508,40.10579359539496,23.93627166748047,12.067299918271601,0.08399994112551212,1,,0,11.92239997908473,1,0,,0,gesture,0.028499984182417393,1,0.06729993037879467,1
1790072381.200273,991,0.06198883056640625,16.13193846153846,1.993417739868164,37.07880002912134,0.07650000043213367,1,,0,11.895500007085502,1,0,25.067499955184758,1,gesture,0.024699955247342587,1,0.062000006437301636,1
1790072381.2262027,992,0.025929689407348633,38.565830245409494,22.93848991394043,13.213399914093316,0.09349989704787731,1,,0,13.064799946732819,1,0,,0,gesture,0.03650004509836435,1,0.076299998909235,1
1790072381.2850862,993,0.0588834285736084,16.982706751695517,15.955209732055664,46.06790002435446,0.07269997149705887,1,7.33839999884367,1,11.917199939489365,1,0,26.712600025348365,1,gesture,0.023900065571069717,1,0.05719996988773346,1
1790072381.3199942,994,0.03490805625915527,28.646682375439674,3.988981246948242,14.837599941529334,0.08979998528957367,1,,0,14.695700025185943,1,0,,0,gesture,0.02889998722821474,1,0.07329997606575489,1
1790072381.3730636,995,0.053069353103637695,18.84326718750702,1.7218589782714844,39.34259992092848,0.06700004450976849,1,,0,10.98020002245903,1,0,28.25969993136823,1,gesture,0.02389994915574789,1,0.05359994247555733,1
1790072381.3989923,996,0.025928735733032227,38.56724871957555,26.924848556518555,13.082999968901277,0.07480010390281677,1,,0,12.96860002912581,1,0,,0,gesture,0.0241999514400959,1,0.059999991208314896,1
1790072381.46382,997,0.06482768058776855,15.425509457277672,23.935317993164062,46.55759991146624,0.08230004459619522,1,7.804399938322604,1,12.224600068293512,1,0,26.416499982587993,1,gesture,0.025999965146183968,1,0.06630003917962313,1
1790072381.4883416,998,0.024521589279174805,40.78039105113222,18.927812576293945,12.170100002549589,0.09059999138116837,1,,0,12.034800020046532,1,0,,0,gesture,0.027999980375170708,1,0.07509998977184296,1
1790072381.5441897,999,0.055848121643066406,17.905705162138624,2.991914749145508,40.20070005208254,0.0708999577909708,1,,0,11.22749992646277,1,0,28.86750001925975,1,gesture,0.02380006480962038,1,0.056299963034689426,1
1790072381.5673714,1000,0.023181676864624023,43.137517869815184,24.932146072387695,12.166699976660311,0.0833999365568161,1,,0,12.041599955409765,1,0,,0,gesture,0.022600055672228336,1,0.05359994247555733,1
1790072381.6262121,1001,0.05884075164794922,16.995024230538583,24.393320083618164,44.753699912689626,0.0809000339359045,1,8.882399997673929,1,12.582800001837313,1,0,23.17820000462234,1,gesture,0.02589996438473463,1,0.06500002928078175,1
1790072381.6516938,1002,0.025481700897216797,39.24384812590056,14.529705047607422,12.264500022865832,0.10579999070614576,1,,0,12.109500006772578,1,0,,0,gesture,0.028399983420968056,1,0.08729996625334024,1
1790072381.703555,1003,0.05186128616333008,19.282205937790202,6.980419158935547,37.880999967455864,0.07109995931386948,1,,0,11.440100031904876,1,0,26.33240004070103,1,gesture,0.024399952962994576,1,0.055999960750341415,1
1790072381.7324529,1004,0.028897762298583984,34.60475554015478,27.910947799682617,12.397399987094104,0.06820005364716053,1,,0,12.289900099858642,1,0,,0,gesture,0.022699940018355846,1,0.05419994704425335,1
1790072381.791425,1005,0.05897212028503418,16.957165439645518,12.966632843017578,45.9834000794217,0.08649996016174555,1,8.29260004684329,1,11.883200029842556,1,0,25.67310002632439,1,gesture,0.04439998883754015,1,0.06959994789212942,1
1790072381.816075,1006,0.024650096893310547,40.56779185607893,9.449481964111328,11.244799941778183,0.06770004983991385,1,,0,11.139100068248808,1,0,,0,gesture,0.02329994458705187,1,0.05409994628280401,1
1790072381.865942,1007,0.04986691474914551,20.053376171966512,4.987001419067383,36.4735999610275,0.09579991456121206,1,,0,11.598299955949187,1,0,24.741599918343127,1,gesture,0.02620008308440447,1,0.07990002632141113,1
1790072381.8915644,1008,0.02562236785888672,39.0283991513753,21.524906158447266,12.895899941213429,0.008899951353669167,1,,0,12.845100020058453,1,0,,0,gesture,0.026399968191981316,1,,
1790072381.951405,1009,0.05984067916870117,16.71104028048926,15.956640243530273,46.55680002178997,0.008399947546422482,1,7.793799974024296,1,12.114000041037798,1,0,26.618000003509223,1,gesture,0.020300038158893585,1,,
1790072381.9756587,1010,0.02425360679626465,41.23098095884082,3.9873123168945312,11.517000035382807,0.008800067007541656,1,,0,11.458700057119131,1,0,,0,gesture,0.025399960577487946,1,,
1790072382.0308254,1011,0.05516672134399414,18.126870251441314,0.9968280792236328,37.77589998207986,0.007899943739175797,1,,0,11.630099965259433,1,0,26.10320004168898,1,gesture,0.023300061002373695,1,,
1790072382.0596478,1012,0.02882242202758789,34.69521052196212,10.4827880859375,12.505099992267787,0.009299954399466515,1,,0,12.449700036086142,1,0,,0,gesture,0.02589996438473463,1,,
1790072382.1241372,1013,0.06448936462402344,15.506432817722043,7.409572601318359,48.267100006341934,0.0825999304652214,1,8.60359997022897,1,12.135600089095533,1,0,27.414500014856458,1,gesture,0.02759997732937336,1,0.06599992047995329,1
1790072382.1491516,1014,0.025014400482177734,39.9769724928039,35.23087501525879,11.935899965465069,0.06560003384947777,1,,0,11.831299983896315,1,0,,0,gesture,0.023900065571069717,1,0.05259993486106396,1
1790072382.2051952,1015,0.05604362487792969,17.843242691352142,3.6520957946777344,39.87019998021424,0.09359989780932665,1,,0,12.460899888537824,1,0,27.274399995803833,1,gesture,0.028400099836289883,1,0.07650000043213367,1
1790072382.2325892,1016,0.02739405632019043,36.504268966657676,29.75940704345703,14.207399915903807,0.07280008867383003,1,,0,14.093799982219934,1,0,,0,gesture,0.023699947632849216,1,0.05810009315609932,1
1790072382.2924287,1017,0.059839487075805664,16.711373189632848,17.95196533203125,45.928900013677776,0.07409998215734959,1,7.6697999611496925,1,12.22040003631264,1,0,25.936200050637126,1,gesture,0.025099958293139935,1,0.058999983593821526,1
1790072382.3223493,1018,0.029920578002929688,33.42181424109135,18.949508666992188,13.480699970386922,0.10900001507252455,1,,0,13.317500008270144,1,0,,0,gesture,0.03460003063082695,1,0.09049999061971903,1
1790072382.3780394,1019,0.05569005012512207,17.95652899850587,10.970115661621094,40.15279992017895,0.0751999905332923,1,,0,11.926600011065602,1,0,28.11489999294281,1,gesture,0.022900057956576347,1,0.06049999501556158,1
1790072382.405775,1021,0.02773571014404297,36.05460234501255,1.9726753234863281,13.060800032690167,0.10159995872527361,1,,0,12.91240006685257,1,0,,0,gesture,0.02859998494386673,1,0.0833999365568161,1
1790072382.5150664,1022,0.10929131507873535,9.149857875528195,2.992391586303711,53.37749992031604,0.009200070053339005,1,8.168399916030467,1,13.903700048103929,1,0,31.266900012269616,1,gesture,0.02729997504502535,1,,
1790072382.5479784,1023,0.03291201591491699,30.38403975572829,41.88799858093262,16.70939999166876,0.00909995287656784,1,,0,16.65749994572252,1,0,,0,gesture,0.025300076231360435,1,,
1790072382.6080775,1025,0.060099124908447266,16.63917738441886,4.98652458190918,43.30729995854199,0.008999952115118504,1,,0,12.863499927334487,1,0,30.396099900826812,1,gesture,0.025300076231360435,1,,
1790072382.6419868,1026,0.03390932083129883,29.490416660807448,2.9926300048828125,11.039300006814301,0.009199953638017178,1,,0,10.988199966959655,1,0,,0,gesture,0.022900057956576347,1,,
1790072382.7064471,1027,0.06446027755737305,15.513429943114149,2.9914379119873047,43.031100067310035,0.010199961252510548,1,7.361700059846044,1,10.92679996509105,1,0,24.703699978999794,1,gesture,0.025700079277157784,1,,
1790072382.7321787,1028,0.025731563568115234,38.862776346756114,27.359485626220703,11.789300013333559,0.008399947546422482,1,,0,11.739499983377755,1,0,,0,gesture,0.02450007013976574,1,,
1790072382.7850368,1029,0.05285811424255371,18.918571241706246,10.971307754516602,36.73659998457879,0.008399947546422482,1,,0,12.052199919708073,1,0,24.63750005699694,1,gesture,0.023600063286721706,1,,
1790072382.8106422,1030,0.025605440139770508,39.05420076910901,8.283853530883789,11.355899972841144,0.013500102795660496,1,,0,11.29150006454438,1,0,,0,gesture,0.032199895940721035,1,,
1790072382.8801453,1031,0.0695030689239502,14.387853881591811,2.9921531677246094,48.80949994549155,0.010499963536858559,1,8.017200045287609,1,12.78039999306202,1,0,27.969899936579168,1,gesture,0.028799986466765404,1,,
1790072382.905078,1032,0.0249326229095459,40.10809466889792,34.597158432006836,10.3075000224635,0.008800067007541656,1,,0,10.259200003929436,1,0,,0,gesture,0.024099950678646564,1,,
1790072382.9563978,1033,0.05131983757019043,19.485642343125004,24.934053421020508,36.387300002388656,0.00879995059221983,1,,0,12.040700064972043,1,0,24.295800016261637,1,gesture,0.027799978852272034,1,,
1790072382.983328,1034,0.02693033218383789,37.13285054092817,11.967182159423828,11.860999977216125,0.025000073947012424,1,,0,11.798500083386898,1,0,,0,gesture,0.02259993925690651,1,,
1790072383.0439157,1035,0.06058764457702637,16.505015287872407,5.9833526611328125,44.876699917949736,0.0076999422162771225,1,8.623700006864965,1,11.006099986843765,1,0,25.21499991416931,1,gesture,0.02220005262643099,1,,
1790072383.068841,1036,0.02492523193359375,40.11998775635139,28.92327308654785,12.197599979117513,0.008300063200294971,1,,0,12.151699978858232,1,0,,0,gesture,0.02119992859661579,1,,
1790072383.1215672,1037,0.05272626876831055,18.965878363101968,20.943880081176758,38.29110006336123,0.010500079952180386,1,,0,13.063599937595427,1,0,25.158400065265596,1,gesture,0.041499966755509377,1,,
1790072383.1494927,1038,0.027925491333007812,35.809575848644215,32.657623291015625,13.43970000743866,0.0849999487400055,1,,0,13.302200008183718,1,0,,0,gesture,0.026900088414549828,1,0.06860005669295788,1
1790072383.2118726,1039,0.06237983703613281,16.03082097538603,0.9975433349609375,46.21880000922829,0.08020002860575914,1,7.85239995457232,1,11.985499993897974,1,0,26.271000038832426,1,gesture,0.026399968191981316,1,0.06420002318918705,1
1790072383.2378032,1041,0.02593064308166504,38.564411875580404,0.9973049163818359,10.32969995867461,0.08429994340986013,1,,0,10.203299927525222,1,0,,0,gesture,0.021400046534836292,1,0.07099995855242014,1
1790072383.3381424,1042,0.10033917427062988,9.966197223258478,0.9968280792236328,39.90740003064275,0.08340005297213793,1,,0,12.8187999362126,1,0,26.96529997047037,1,gesture,0.02729997504502535,1,0.06720004603266716,1
1790072383.3643534,1043,0.026211023330688477,38.15188698982144,25.21491050720215,11.878899997100234,0.07559999357908964,1,,0,11.76539994776249,1,0,,0,gesture,0.022000051103532314,1,0.06130000110715628,1
1790072383.4220874,1044,0.057734012603759766,17.320812375595697,12.964963912963867,44.49690005276352,0.08719996549189091,1,8.477600058540702,1,11.576200020499527,1,0,24.324500001966953,1,gesture,0.027799978852272034,1,0.06999995093792677,1
1790072383.4466095,1045,0.024522066116333008,40.77959806714437,40.368080139160156,11.595800053328276,0.06550003308802843,1,,0,11.495299986563623,1,0,,0,gesture,0.02210005186498165,1,0.0513000413775444,1
1790072383.4988961,1046,0.052286624908447266,19.125349967625144,0.9977817535400391,37.76049998123199,0.0727000879123807,1,,0,13.776400010101497,1,0,23.87600007932633,1,gesture,0.0222999369725585,1,0.05949998740106821,1
1790072383.5260868,1047,0.027190685272216797,36.77730038756291,9.972333908081055,11.869600042700768,0.08050003089010715,1,,0,11.74470002297312,1,0,,0,gesture,0.025799963623285294,1,0.06410002242773771,1
1790072383.5879948,1048,0.06190800666809082,16.1529994877937,5.9833526611328125,48.51710004732013,0.06620003841817379,1,8.864899980835617,1,11.660600081086159,1,0,27.89999998640269,1,gesture,0.022699940018355846,1,0.05240004975348711,1
1790072383.6139233,1049,0.025928497314453125,38.56760335442107,41.95833206176758,12.425900087691844,0.07700000423938036,1,,0,12.308300007134676,1,0,,0,gesture,0.025699962861835957,1,0.06180000491440296,1
1790072383.6818829,1050,0.06795954704284668,14.7146360373698,3.987550735473633,37.8597000380978,0.06760004907846451,1,,0,12.073699967004359,1,0,25.67620004992932,1,gesture,0.028799986466765404,1,0.053900061175227165,1
1790072383.7078128,1052,0.025929927825927734,38.56547564317108,0.9968280792236328,11.937799979932606,0.06659992504864931,1,,0,11.831799987703562,1,0,,0,gesture,0.022700056433677673,1,0.05349994171410799,1
1790072383.7744567,1053,0.06664395332336426,15.005112243985332,1.9941329956054688,44.50850002467632,0.012199976481497288,1,7.547899964265525,1,11.761900037527084,1,0,25.14859999064356,1,gesture,0.035400036722421646,1,,
1790072383.8267531,1054,0.05229640007019043,19.121775086962668,4.907369613647461,13.341800076887012,0.008200062438845634,1,,0,13.288900023326278,1,0,,0,gesture,0.023399945348501205,1,,
1790072383.890582,1055,0.06382894515991211,15.666873351810487,4.98652458190918,43.845799984410405,0.007600057870149612,1,,0,11.804500012658536,1,0,31.999200000427663,1,gesture,0.02289994154125452,1,,
1790072383.9177403,1057,0.027158260345458984,36.821209726977436,9.315967559814453,11.912000016309321,0.008500064723193645,1,,0,11.863599997013807,1,0,,0,gesture,0.024699955247342587,1,,
1790072384.025331,1058,0.1075906753540039,9.294485760124804,3.986835479736328,49.36880001332611,0.007700058631598949,1,8.578700013458729,1,11.314700008369982,1,0,29.44379998371005,1,gesture,0.021999934688210487,1,,
1790072384.0512624,1060,0.025931358337402344,38.563348166672796,1.9946098327636719,12.556699919514358,0.009200070053339005,1,,0,12.50459998846054,1,0,,0,gesture,0.025799963623285294,1,,
1790072384.1123168,1061,0.06105446815490723,16.378817639731178,1.9948482513427734,41.601300006732345,0.009599956683814526,1,,0,11.83080009650439,1,0,29.721700004301965,1,gesture,0.028399983420968056,1,,
1790072384.1292708,1062,0.01695394515991211,58.983321614400225,14.960765838623047,0.042100087739527225,0.00600004568696022,1,,0,,0,0,,0,gesture,0.012999982573091984,1,,
1790072384.2197719,1063,0.09050107002258301,11.04959311255068,3.858327865600586,54.37090003397316,0.009999959729611874,1,6.833999999798834,1,14.151699957437813,1,0,33.343000104650855,1,gesture,0.029199989512562752,1,,
1790072384.2516859,1065,0.03191399574279785,31.334214871093778,7.979631423950195,14.616500004194677,0.0100000761449337,1,,0,14.560799929313362,1,0,,0,gesture,0.028099981136620045,1,,
1790072384.3716571,1066,0.11997127532958984,8.335328579718439,1.9941329956054688,72.33840005937964,0.013299984857439995,1,,0,14.318999950774014,1,0,57.95919999945909,1,gesture,0.03400002606213093,1,,
1790072384.4005778,1068,0.028920650482177734,34.57736888097476,13.962268829345703,13.482799986377358,0.007999944500625134,1,,0,13.434699969366193,1,0,,0,gesture,0.02210005186498165,1,,
1790072384.4673703,1069,0.06679248809814453,14.971743507003442,13.934135437011719,49.336700001731515,0.01179997343569994,1,8.016400039196014,1,12.443499988876283,1,0,28.83189998101443,1,gesture,0.030099996365606785,1,,
1790072384.4942994,1070,0.026929140090942383,37.134494329299066,15.956878662109375,11.8099000537768,0.00800006091594696,1,,0,11.762300040572882,1,0,,0,gesture,0.024099950678646564,1,,
1790072384.5751557,1071,0.0808563232421875,12.367616531421023,13.837575912475586,65.15039992518723,0.00900006853044033,1,,0,12.878099922090769,1,0,52.21769993659109,1,hover,0.0342000275850296,1,,
1790072384.6020842,1073,0.026928424835205078,37.135480672179625,25.930166244506836,11.274300049990416,0.007500057108700275,1,,0,11.224400019273162,1,0,,0,hover,0.026499968953430653,1,,
1790072384.6781497,1074,0.0760655403137207,13.14655750653519,3.390073776245117,45.614699949510396,0.009300070814788342,1,8.02439998369664,1,12.6941999187693,1,0,24.84940004069358,1,hover,0.03470003139227629,1,,
1790072384.7070725,1076,0.02892279624938965,34.57480360396007,0.9973049163818359,11.863499996252358,0.01100008375942707,1,,0,11.792500037699938,1,0,,0,hover,0.04299997817724943,1,,
1790072384.7806838,1077,0.07361125946044922,13.584878282612356,3.5042762756347656,41.306500090286136,0.008100061677396297,1,,0,11.989400023594499,1,0,29.26780004054308,1,hover,0.030099996365606785,1,,
1790072384.8022435,1078,0.021559715270996094,46.382801787057105,2.100229263305664,0.05989999044686556,0.0067999353632330894,1,,0,,0,0,,0,hover,0.022600055672228336,1,,
1790072384.871346,1079,0.06910252571105957,14.471251082504994,2.1049976348876953,39.8688999703154,0.005699926987290382,1,6.5688000759109855,1,,0,0,33.26319996267557,1,hover,0.018700025975704193,1,,
1790072384.8843107,1080,0.012964725494384766,77.13236970833793,19.94609832763672,0.048699905164539814,0.006300047971308231,1,,0,,0,0,,0,hover,0.02010003663599491,1,,
1790072384.9209354,1081,0.03662467002868652,27.304000260391238,3.9887428283691406,23.712199996225536,0.005999929271638393,1,,0,,0,0,23.667700006626546,1,hover,0.019700033590197563,1,,
1790072384.9648528,1082,0.04391741752624512,22.770009174660565,1.0330677032470703,0.0610999995842576,0.005100038833916187,1,,0,,0,0,,0,hover,0.03300001844763756,1,,
1790072385.028973,1083,0.06412029266357422,15.595686770283335,3.0078887939453125,31.599999987520278,0.011999974958598614,1,6.645800080150366,1,,0,0,24.8817999381572,1,hover,0.039100064896047115,1,,
1790072385.0399477,1084,0.010974645614624023,91.11911537876648,12.969255447387695,0.037199934013187885,0.004600035026669502,1,,0,,0,0,,0,hover,0.015099998563528061,1,,
1790072385.0883772,1085,0.04842948913574219,20.648576267181284,1.9936561584472656,24.169099982827902,0.004900037311017513,1,,0,,0,0,24.129599914886057,1,hover,0.017300015315413475,1,,
1790072385.1063285,1086,0.017951250076293945,55.70642689227418,2.99072265625,0.05380006041377783,0.006300047971308231,1,,0,,0,0,,0,hover,0.02189993392676115,1,,
1790072385.194722,1087,0.0883934497833252,11.313055463399767,2.028226852416992,29.672599979676306,0.005400041118264198,1,6.448899977840483,1,,0,0,23.171199951320887,1,hover,0.0323000131174922,1,,
1790072385.2056944,1088,0.01097249984741211,91.13693450958237,11.996030807495117,0.0385999446734786,0.00400003045797348,1,,0,,0,0,,0,hover,0.016000005416572094,1,,
1790072385.2518477,1089,0.04615330696105957,21.666919790681938,1.9931793212890625,22.896000067703426,0.004200031980872154,1,,0,,0,0,22.85690000280738,1,hover,0.016900012269616127,1,,
1790072385.3029943,1090,0.051146507263183594,19.551677201618467,3.0736923217773438,0.06120000034570694,0.0097999582067132,1,,0,,0,0,,0,hover,0.024399952962994576,1,,
1790072385.3586555,1091,0.05566120147705078,17.96583568919729,2.990245819091797,28.613199945539236,0.004999921657145023,1,5.728299962356687,1,,0,0,22.851799963973463,1,hover,0.016400008462369442,1,,
1790072385.3704438,1092,0.011788368225097656,84.8293827360246,7.834196090698242,0.04079996142536402,0.005600042641162872,1,,0,,0,0,,0,hover,0.015600002370774746,1,,
1790072385.4174306,1093,0.04698681831359863,21.282564682839702,3.0202865600585938,22.41830003913492,0.004600035026669502,1,,0,,0,0,22.380199981853366,1,hover,0.0171000137925148,1,,
1790072385.463974,1094,0.04654335975646973,21.485341952801242,0.0,0.0447999918833375,0.005600042641162872,1,,0,,0,0,,0,hover,0.018399907276034355,1,,
1790072385.5331829,1095,0.06920886039733887,14.44901699376126,1.230478286743164,31.8917001131922,0.006500049494206905,1,6.8579999497160316,1,,0,0,24.992500082589686,1,hover,0.021300045773386955,1,,
1790072385.5461512,1096,0.012968301773071289,77.11109885463203,18.95284652709961,0.03779993858188391,0.004999921657145023,1,,0,,0,0,,0,hover,0.015199999324977398,1,,
1790072385.591025,1097,0.044873952865600586,22.284642563026328,2.026796340942383,22.294100024737418,0.003700028173625469,1,,0,,0,0,22.257699980400503,1,hover,0.016600009985268116,1,,
1790072385.631159,1098,0.04013395309448242,24.916558746301995,2.8548240661621094,0.04239997360855341,0.004899920895695686,1,,0,,0,0,,0,hover,0.017900019884109497,1,,
1790072385.694997,1099,0.06383800506591797,15.664649905137514,2.027750015258789,30.518600018694997,0.004700035788118839,1,7.5743000488728285,1,,0,0,22.91309996508062,1,hover,0.016000005416572094,1,,
1790072385.70531,1100,0.010313034057617188,96.96467542075088,12.195110321044922,0.03750005271285772,0.004700035788118839,1,,0,,0,0,,0,hover,0.016000005416572094,1,,
1790072385.7572172,1101,0.05190706253051758,19.265201135434562,1.995086669921875,23.65710004232824,0.00400003045797348,1,,0,,0,0,23.623500019311905,1,hover,0.014899997040629387,1,,
1790072385.796656,1102,0.039438724517822266,25.355789575499642,0.9970664978027344,0.04850002005696297,0.005900044925510883,1,,0,,0,0,,0,hover,0.01950003206729889,1,,
1790072385.862066,1103,0.06541013717651367,15.288150173136504,1.5354156494140625,29.813200002536178,0.005700043402612209,1,6.455300026573241,1,,0,0,23.320699925534427,1,hover,0.01919991336762905,1,,
1790072385.8730686,1104,0.011002540588378906,90.88809915922684,11.99960708618164,0.03820005804300308,0.004800036549568176,1,,0,,0,0,,0,hover,0.016000005416572094,1,,
1790072385.9238045,1105,0.0507359504699707,19.70988994464338,3.2351016998291016,23.284099996089935,0.0072999391704797745,1,,0,,0,0,23.22860003914684,1,hover,0.02380006480962038,1,,
1790072385.9659877,1106,0.04218316078186035,23.706142011767433,2.5506019592285156,0.04169996827840805,0.005300040356814861,1,,0,,0,0,,0,hover,0.01650000922381878,1,,
1790072386.0294993,1107,0.06351161003112793,15.74515272892446,2.025127410888672,30.320600024424493,0.005800044164061546,1,6.526799988932908,1,,0,0,23.75289995688945,1,hover,0.021499930880963802,1,,
1790072386.041506,1108,0.012006759643554688,83.28641779189833,14.001131057739258,0.04509999416768551,0.005399924702942371,1,,0,,0,0,,0,hover,0.018400023691356182,1,,
1790072386.0905418,1109,0.04903578758239746,20.393268861434038,1.9977092742919922,25.06099990569055,0.004900037311017513,1,,0,,0,0,25.018699932843447,1,hover,0.0198000343516469,1,,
1790072386.1040628,1110,0.013520956039428711,73.95926716157359,2.469301223754883,0.04079996142536402,0.005500041879713535,1,,0,,0,0,,0,hover,0.015700003132224083,1,,
1790072386.1957073,1111,0.0916445255279541,10.911726524187989,2.9931068420410156,31.78790002129972,0.006400048732757568,1,7.283999933861196,1,,0,0,24.46129999589175,1,hover,0.022499938495457172,1,,
1790072386.2076747,1112,0.01196742057800293,83.56019523856958,12.965202331542969,0.04469999112188816,0.005300040356814861,1,,0,,0,0,,0,hover,0.01780001912266016,1,,
1790072386.2551773,1113,0.04750251770019531,21.05151575988757,3.4401416778564453,24.651800049468875,0.004500034265220165,1,,0,,0,0,24.615800008177757,1,hover,0.015700003132224083,1,,
1790072386.3015175,1114,0.046340227127075195,21.57952306227973,3.4332275390625,0.061700004152953625,0.008399947546422482,1,,0,,0,0,,0,hover,0.023300061002373695,1,,
1790072386.361422,1115,0.05990457534790039,16.693215738404348,2.99072265625,30.630500055849552,0.005800044164061546,1,5.9640000108629465,1,,0,0,24.627599981613457,1,hover,0.019900035113096237,1,,
1790072386.373389,1116,0.011966943740844727,83.56352479429403,12.96377182006836,0.04070007707923651,0.005100038833916187,1,,0,,0,0,,0,hover,0.01610000617802143,1,,
1790072386.4236524,1117,0.050263404846191406,19.895190209657528,1.0249614715576172,24.640100076794624,0.006500049494206905,1,,0,,0,0,24.59929999895394,1,hover,0.01780001912266016,1,,
1790072386.4658291,1118,0.04217672348022461,23.709760206215872,3.0231475830078125,0.04449998959898949,0.005999929271638393,1,,0,,0,0,,0,hover,0.019000028260052204,1,,
1790072386.537871,1119,0.07204174995422363,13.880839938444227,2.992868423461914,41.48810007609427,0.005500041879713535,1,6.3952000346034765,1,,0,0,35.05750000476837,1,hover,0.02119992859661579,1,,
1790072386.5518343,1120,0.013963460922241211,71.61548312189458,25.190353393554688,0.04369998350739479,0.00509992241859436,1,,0,,0,0,,0,hover,0.02010003663599491,1,,
1790072386.5968602,1121,0.04502582550048828,22.209476203587993,2.9604434967041016,32.255199970677495,0.004300032742321491,1,,0,,0,0,32.2230999590829,1,hover,0.015599885955452919,1,,
1790072386.6375394,1122,0.040679216384887695,24.582577760064705,1.9948482513427734,0.09539991151541471,0.013999990187585354,1,,0,,0,0,,0,hover,0.04949991125613451,1,,
1790072386.707669,1123,0.0701296329498291,14.25930748440395,2.991914749145508,39.25019991584122,0.005799927748739719,1,6.5148998983204365,1,,0,0,32.702800002880394,1,hover,0.01880002673715353,1,,
1790072386.721633,1124,0.013963937759399414,71.61303761375471,28.963088989257812,0.04169996827840805,0.005300040356814861,1,,0,,0,0,,0,hover,0.018099904991686344,1,,
1790072386.755879,1125,0.034245967864990234,29.200517968782634,5.98454475402832,22.62579998932779,0.004500034265220165,1,,0,,0,0,22.593199973925948,1,hover,0.01610000617802143,1,,
1790072386.798765,1126,0.04288601875305176,23.31762259766396,2.99072265625,0.05209993105381727,0.005699926987290382,1,,0,,0,0,,0,hover,0.022600055672228336,1,,
1790072386.8716457,1127,0.07288074493408203,13.721045262427866,2.991914749145508,36.69239999726415,0.006700051017105579,1,6.984399980865419,1,,0,0,29.67049996368587,1,hover,0.021699932403862476,1,,
1790072386.8876028,1128,0.015957117080688477,62.66796157121726,25.930404663085938,0.039499951526522636,0.005200039595365524,1,,0,,0,0,,0,hover,0.017900019884109497,1,,
1790072386.929491,1129,0.04188823699951172,23.873050565762814,5.984067916870117,27.592899976298213,0.00509992241859436,1,,0,,0,0,27.557300054468215,1,hover,0.017200014553964138,1,,
1790072386.972589,1130,0.04309797286987305,23.202947456933273,1.9931793212890625,0.05270005203783512,0.006300047971308231,1,,0,,0,0,,0,hover,0.023099943064153194,1,,
1790072387.035437,1131,0.06284809112548828,15.91138222485243,1.995086669921875,33.58049993403256,0.006200047209858894,1,9.20369999948889,1,,0,0,24.339499999769032,1,hover,0.022300053387880325,1,,
1790072387.046439,1132,0.011001825332641602,90.8940080182035,13.604164123535156,0.05030003376305103,0.006600050255656242,1,,0,,0,0,,0,hover,0.021499930880963802,1,,
1790072387.0923169,1133,0.045877933502197266,21.79697130325424,3.017902374267578,25.979500031098723,0.005600042641162872,1,,0,,0,0,25.935699930414557,1,hover,0.021600048057734966,1,,
1790072387.1041043,1134,0.01178741455078125,84.83624595469256,2.7425289154052734,0.0548000680282712,0.0078000593930482864,1,,0,,0,0,,0,hover,0.02429995220154524,1,,
1790072387.2036023,1135,0.09949803352355957,10.050449889175104,3.0236244201660156,38.55319996364415,0.00509992241859436,1,6.312799989245832,1,,0,0,32.21099998336285,1,hover,0.017600017599761486,1,,
1790072387.2185626,1136,0.014960289001464844,66.8436284821827,18.949031829833984,0.045900000259280205,0.0075999414548277855,1,,0,,0,0,,0,hover,0.019600032828748226,1,,
1790072387.2589142,1137,0.04035162925720215,24.782146803192965,5.983591079711914,25.863999966531992,0.007999944500625134,1,,0,,0,0,25.80229996237904,1,hover,0.03160000778734684,1,,
1790072387.301227,1138,0.0423128604888916,23.6334766415173,4.986047744750977,0.04529999569058418,0.00609993003308773,1,,0,,0,0,,0,hover,0.019900035113096237,1,,
1790072387.3680735,1139,0.06684637069702148,14.959675290861492,2.9904842376708984,37.52909996546805,0.006499933078885078,1,6.248800083994865,1,,0,0,31.241399934515357,1,hover,0.023400061763823032,1,,
1790072387.3802292,1140,0.012155771255493164,82.26545062273217,20.844459533691406,0.05110003985464573,0.0068999361246824265,1,,0,,0,0,,0,hover,0.022900057956576347,1,,
1790072387.428907,1141,0.048677682876586914,20.543295015403906,6.980180740356445,30.92859999742359,0.006700051017105579,1,,0,,0,0,30.873199924826622,1,hover,0.02819998189806938,1,,
1790072387.4638283,1142,0.03492140769958496,28.63572993971503,4.984855651855469,0.04630000330507755,0.005800044164061546,1,,0,,0,0,,0,hover,0.020399922505021095,1,,
1790072387.5383034,1143,0.07447504997253418,13.427315595877978,2.9838085174560547,40.11609998997301,0.0070999376475811005,1,9.657499962486327,1,,0,0,30.415600049309433,1,hover,0.0252000754699111,1,,
1790072387.5576186,1144,0.019315242767333984,51.77258251660207,31.28361701965332,0.049400026910007,0.006900052540004253,1,,0,,0,0,,0,hover,0.0222999369725585,1,,
1790072387.6001573,1145,0.04253864288330078,23.508037215558794,10.980606079101562,30.12969996780157,0.004600035026669502,1,,0,,0,0,30.094899935647845,1,hover,0.01789990346878767,1,,
1790072387.631075,1146,0.030917644500732422,32.34399049954503,1.993417739868164,0.07250008638948202,0.008100061677396297,1,,0,,0,0,,0,hover,0.03379990812391043,1,,
1790072387.7015095,1147,0.0704345703125,14.197573656845753,1.992940902709961,36.88269993290305,0.006200047209858894,1,7.409699959680438,1,,0,0,29.434000025503337,1,hover,0.023399945348501205,1,,
1790072387.7144747,1148,0.012965202331542969,77.12953291651343,20.943641662597656,0.06210000719875097,0.006500049494206905,1,,0,,0,0,,0,hover,0.027799978852272034,1,,
1790072387.762794,1149,0.048319339752197266,20.69564702515469,2.5942325592041016,28.618999989703298,0.005699926987290382,1,,0,,0,0,28.57890003360808,1,hover,0.019200029782950878,1,,
1790072387.8012497,1150,0.03845572471618652,26.003930686010104,4.542827606201172,0.16629998572170734,0.004999921657145023,1,,0,,0,0,,0,hover,0.14560006093233824,1,,
1790072387.8626578,1151,0.061408042907714844,16.28451181065677,1.9764900207519531,30.27089999523014,0.005600042641162872,1,6.484400015324354,1,,0,0,23.75589997973293,1,hover,0.01780001912266016,1,,
1790072387.873264,1152,0.01060628890991211,94.2836847547543,11.603593826293945,0.0369000481441617,0.00500003807246685,1,,0,,0,0,,0,hover,0.01680001150816679,1,,
1790072387.9201748,1153,0.046910762786865234,21.317069699834313,2.027273178100586,24.780899984762073,0.004700035788118839,1,,0,,0,0,24.746300070546567,1,hover,0.016900012269616127,1,,
1790072387.9649892,1154,0.044814348220825195,22.31428191418615,2.9909610748291016,0.05440006498247385,0.00600004568696022,1,,0,,0,0,,0,hover,0.02429995220154524,1,,
1790072388.0301433,1155,0.0651540756225586,15.348234019818792,2.987384796142578,32.702900003641844,0.005599926225841045,1,7.256099954247475,1,,0,0,25.415100040845573,1,hover,0.019000028260052204,1,,
1790072388.0421116,1156,0.011968374252319336,83.55353692304628,14.95981216430664,0.06680004298686981,0.0069999368861317635,1,,0,,0,0,,0,hover,0.029699993319809437,1,,
1790072388.0922828,1157,0.0501711368560791,19.931778760935785,2.9916763305664062,26.88560006208718,0.004600035026669502,1,,0,,0,0,26.84980002231896,1,hover,0.017700018361210823,1,,
1790072388.1043222,1158,0.012039422988891602,83.06045903717053,2.0546913146972656,0.03499991726130247,0.004899920895695686,1,,0,,0,0,,0,hover,0.015300000086426735,1,,
1790072388.2034552,1159,0.09913301467895508,10.087456769457953,3.4613609313964844,36.814199993386865,0.006400048732757568,1,6.99749996419996,1,,0,0,29.777800082229078,1,hover,0.023499946109950542,1,,
1790072388.217795,1160,0.014339685440063477,69.73653670296783,27.305126190185547,0.05809997674077749,0.0075999414548277855,1,,0,,0,0,,0,hover,0.02559996210038662,1,,
1790072388.2700644,1161,0.05226945877075195,19.13163104263025,3.2558441162109375,29.557199915871024,0.004299916326999664,1,,0,,0,0,29.521799995563924,1,hover,0.017600017599761486,1,,
1790072388.2830296,1162,0.012965202331542969,77.12953291651343,23.935556411743164,0.045900000259280205,0.00600004568696022,1,,0,,0,0,,0,hover,0.02010003663599491,1,,
1790072388.361331,1163,0.07830142974853516,12.771158881919494,1.9962787628173828,33.00089994445443,0.0069999368861317635,1,6.9914000341668725,1,,0,0,25.9680999442935,1,hover,0.02450007013976574,1,,
1790072388.373332,1164,0.01200103759765625,83.32612841703751,13.994455337524414,0.04770001396536827,0.006300047971308231,1,,0,,0,0,,0,hover,0.021099927835166454,1,,
1790072388.4168148,1165,0.04348278045654297,22.99760938699419,1.0447502136230469,25.647900067269802,0.005300040356814861,1,,0,,0,0,25.608700001612306,1,hover,0.019300030544400215,1,,
1790072388.433769,1166,0.01695418357849121,58.982492160144,2.9900074005126953,0.038499943912029266,0.004800036549568176,1,,0,,0,0,,0,hover,0.016600009985268116,1,,
1790072388.5268695,1167,0.09310054779052734,10.741075361339028,2.9850006103515625,31.767799984663725,0.005900044925510883,1,7.049499894492328,1,,0,0,24.687700089998543,1,hover,0.017700018361210823,1,,
1790072388.5371468,1168,0.010277271270751953,97.30209251612304,12.331724166870117,0.03950006794184446,0.005900044925510883,1,,0,,0,0,,0,hover,0.017900019884109497,1,,
1790072388.5848093,1169,0.04766249656677246,20.980856481134104,3.0214786529541016,23.03040004335344,0.004800036549568176,1,,0,,0,0,22.996300016529858,1,hover,0.016300007700920105,1,,
1790072388.597187,1170,0.012377738952636719,80.79019955312428,6.054162979125977,0.037199934013187885,0.004899920895695686,1,,0,,0,0,,0,hover,0.016900012269616127,1,,
1790072388.690186,1171,0.09299898147583008,10.752805935405803,2.710103988647461,29.53709999565035,0.005399924702942371,1,6.543399998918176,1,,0,0,22.961399983614683,1,hover,0.019200029782950878,1,,
1790072388.701191,1172,0.011004924774169922,90.86840850990077,9.977102279663086,0.04190008621662855,0.005800044164061546,1,,0,,0,0,,0,hover,0.018600025214254856,1,,
1790072388.7560687,1173,0.05487775802612305,18.22231876754108,2.3322105407714844,23.561500012874603,0.005500041879713535,1,,0,,0,0,23.520699935033917,1,hover,0.0198000343516469,1,,
1790072388.7680495,1174,0.011980772018432617,83.46707528208394,9.022951126098633,0.03930006641894579,0.005400041118264198,1,,0,,0,0,,0,hover,0.016900012269616127,1,,
1790072388.8650875,1175,0.09703803062438965,10.305237993449744,2.024412155151367,34.26679992116988,0.005199923180043697,1,5.905299913138151,1,,0,0,28.330800007097423,1,hover,0.01810002140700817,1,,
1790072388.8770554,1176,0.011967897415161133,83.55686594816423,18.94974708557129,0.041599967516958714,0.005300040356814861,1,,0,,0,0,,0,hover,0.018099904991686344,1,,
1790072388.9209745,1177,0.04391908645629883,22.76914391183975,1.9948482513427734,24.115100037306547,0.004300032742321491,1,,0,,0,0,24.06580001115799,1,hover,0.018000020645558834,1,,
1790072388.9359336,1178,0.014959096908569336,66.84895526194157,5.981683731079102,0.04100007936358452,0.004900037311017513,1,,0,,0,0,,0,hover,0.018200022168457508,1,,
1790072389.0281622,1179,0.09222865104675293,10.842617653521527,1.9938945770263672,32.56129997316748,0.004700035788118839,1,6.566899945028126,1,,0,0,25.964200031012297,1,hover,0.018099904991686344,1,,
1790072389.0408516,1180,0.012689352035522461,78.80623038911749,12.685298919677734,0.04050007555633783,0.004400033503770828,1,,0,,0,0,,0,hover,0.016600009985268116,1,,
1790072389.0907183,1181,0.049866676330566406,20.053472049570654,3.029346466064453,23.65079999435693,0.004399917088449001,1,,0,,0,0,23.618799983523786,1,hover,0.015199999324977398,1,,
1790072389.1032557,1182,0.012537479400634766,79.7608488951432,32.48453140258789,0.042500090785324574,0.005500041879713535,1,,0,,0,0,,0,hover,0.019600032828748226,1,,
1790072389.1904922,1183,0.08723640441894531,11.463104270065811,2.027273178100586,29.827299993485212,0.006100046448409557,1,6.70859997626394,1,,0,0,23.08189996983856,1,hover,0.022099935449659824,1,,
1790072389.2014306,1184,0.010938405990600586,91.42099871400859,11.969327926635742,0.03570003900676966,0.004400033503770828,1,,0,,0,0,,0,hover,0.015400000847876072,1,,
1790072389.2530088,1185,0.05157828330993652,19.388004714909748,2.0246505737304688,23.14840001054108,0.004299916326999664,1,,0,,0,0,23.114199982956052,1,hover,0.016600009985268116,1,,
1790072389.2651958,1186,0.012187004089355469,82.0546208623523,7.008075714111328,0.03460003063082695,0.004400033503770828,1,,0,,0,0,,0,hover,0.014999997802078724,1,,
1790072389.3612323,1187,0.09603643417358398,10.412714805638446,2.003908157348633,31.574699911288917,0.006399932317435741,1,6.508300080895424,1,,0,0,25.030499906279147,1,hover,0.021600048057734966,1,,
1790072389.372203,1188,0.010970830917358398,91.15079865261328,14.960765838623047,0.05679996684193611,0.0073999399319291115,1,,0,,0,0,,0,hover,0.02550007775425911,1,,
1790072389.4204497,1189,0.04824662208557129,20.726839657839207,2.989053726196289,25.06739995442331,0.004800036549568176,1,,0,,0,0,25.029500015079975,1,hover,0.01850002445280552,1,,
1790072389.43441,1190,0.01396036148071289,71.63138299689176,9.974241256713867,0.03590004052966833,0.004599918611347675,1,,0,,0,0,,0,hover,0.015700003132224083,1,,
1790072389.5207605,1191,0.0863504409790039,11.58071677066652,2.0296573638916016,29.173700022511184,0.005299923941493034,1,6.022899993695319,1,,0,0,23.11900001950562,1,hover,0.018900027498602867,1,,
1790072389.5331829,1192,0.012422323226928711,80.50023990941021,7.45844841003418,0.03520003519952297,0.004700035788118839,1,,0,,0,0,,0,hover,0.015600002370774746,1,,
1790072389.5865774,1193,0.05339455604553223,18.728501069420815,1.9981861114501953,24.455699953250587,0.0100000761449337,1,,0,,0,0,24.37240001745522,1,hover,0.04339998122304678,1,,
1790072389.5995789,1194,0.013001441955566406,76.91454558791169,10.009288787841797,0.0377000542357564,0.005400041118264198,1,,0,,0,0,,0,hover,0.017399899661540985,1,,
1790072389.6946976,1195,0.09511876106262207,10.513173098855265,3.022909164428711,34.43959995638579,0.005999929271638393,1,7.439299952238798,1,,0,0,26.96489996742457,1,hover,0.021200045011937618,1,,
1790072389.7076647,1196,0.012967109680175781,77.11818783555196,18.949270248413086,0.042400090023875237,0.005700043402612209,1,,0,,0,0,,0,hover,0.019200029782950878,1,,
1790072389.7587044,1197,0.051039695739746094,19.59259328462789,3.122091293334961,26.27340005710721,0.004600035026669502,1,,0,,0,0,26.238300022669137,1,hover,0.017700018361210823,1,,
1790072389.7710457,1198,0.01234126091003418,81.02899754651006,13.338565826416016,0.04090007860213518,0.005300040356814861,1,,0,,0,0,,0,hover,0.018300022929906845,1,,
1790072389.862822,1199,0.09177637100219727,10.89605079259517,2.9921531677246094,34.37949996441603,0.005799927748739719,1,7.1341999573633075,1,,0,0,27.20959996804595,1,hover,0.02150004729628563,1,,
1790072389.8757572,1200,0.012935161590576172,77.30865926936262,19.948482513427734,0.04299997817724943,0.005700043402612209,1,,0,,0,0,,0,hover,0.01910002902150154,1,,
1790072389.9257212,1201,0.049963951110839844,20.014429959344163,2.9914379119873047,27.415300020948052,0.005400041118264198,1,,0,,0,0,27.37430005799979,1,hover,0.019999919459223747,1,,
1790072389.9386518,1202,0.012930631637573242,77.335742601641,10.961294174194336,0.043199979700148106,0.005600042641162872,1,,0,,0,0,,0,hover,0.019300030544400215,1,,
1790072390.0294726,1203,0.0908207893371582,11.010694878324102,3.5300254821777344,28.704799944534898,0.005299923941493034,1,5.779300001449883,1,,0,0,22.89229992311448,1,hover,0.019700033590197563,1,,
1790072390.0404437,1204,0.0109710693359375,91.14881780250347,17.952680587768555,0.039499951526522636,0.004899920895695686,1,,0,,0,0,,0,hover,0.017300015315413475,1,,
1790072390.0856853,1205,0.045241594314575195,22.103553492097788,3.2622814178466797,23.67190003860742,0.006500049494206905,1,,0,,0,0,23.630700074136257,1,hover,0.02019992098212242,1,,
1790072390.0996783,1206,0.013993024826049805,71.46417679030857,31.684160232543945,0.04440010525286198,0.006100046448409557,1,,0,,0,0,,0,hover,0.019900035113096237,1,,
1790072390.1905994,1207,0.09092116355895996,10.998539403331838,1.992940902709961,30.510099953971803,0.005500041879713535,1,7.20059999730438,1,,0,0,23.2775000622496,1,hover,0.019000028260052204,1,,
1790072390.200604,1208,0.010004520416259766,99.95481626233259,11.000633239746094,0.033899908885359764,0.004299916326999664,1,,0,,0,0,,0,hover,0.015199999324977398,1,,
1790072390.248609,1209,0.048005104064941406,20.831118262908,1.995086669921875,22.21069997176528,0.004900037311017513,1,,0,,0,0,22.173999925144017,1,hover,0.018499908037483692,1,,
1790072390.2608447,1210,0.012235641479492188,81.72844894777865,3.988981246948242,0.03720005042850971,0.005100038833916187,1,,0,,0,0,,0,hover,0.01650000922381878,1,,
1790072390.3740225,1211,0.11317777633666992,8.835656896326537,2.189159393310547,47.05399996601045,0.01170008908957243,1,8.338400046341121,1,,0,0,38.646799977868795,1,hover,0.04069996066391468,1,,
1790072390.3929706,1212,0.018948078155517578,52.77580089085739,34.90614891052246,0.0836000544950366,0.010399962775409222,1,,0,,0,0,,0,hover,0.03950006794184446,1,,
1790072390.4428363,1213,0.04986572265625,20.053855569155445,19.975662231445312,30.02780000679195,0.008999952115118504,1,,0,,0,0,29.9654999980703,1,hover,0.030199997127056122,1,,
1790072390.458346,1214,0.015509605407714844,64.47617290782759,32.462358474731445,0.06660004146397114,0.005200039595365524,1,,0,,0,0,,0,hover,0.018000020645558834,1,,
1790072390.5252135,1215,0.06686758995056152,14.954928101032936,0.9970664978027344,32.28869999293238,0.0073999399319291115,1,7.518500089645386,1,,0,0,24.718199972994626,1,hover,0.031200004741549492,1,,
1790072390.5377512,1216,0.012537717819213867,79.75933215433471,10.5438232421875,0.03620004281401634,0.004900037311017513,1,,0,,0,0,,0,hover,0.016600009985268116,1,,
1790072390.5856671,1217,0.04791593551635742,20.86988366654393,1.989126205444336,23.489499930292368,0.004799920134246349,1,,0,,0,0,23.45390000846237,1,hover,0.017300015315413475,1,,
1790072390.5991056,1218,0.01343846321105957,74.4132706466779,8.451700210571289,0.03460003063082695,0.004900037311017513,1,,0,,0,0,,0,hover,0.015300000086426735,1,,
1790072390.6947157,1219,0.09561014175415039,10.459141484920876,2.545595169067383,32.47330000158399,0.0069999368861317635,1,7.3466000612825155,1,,0,0,25.084699969738722,1,hover,0.024400069378316402,1,,
1790072390.7073853,1220,0.012669563293457031,78.9293187805796,16.01552963256836,0.0377000542357564,0.005300040356814861,1,,0,,0,0,,0,hover,0.017299898900091648,1,,
1790072390.7559326,1221,0.04854726791381836,20.598481500034378,2.537250518798828,27.70159998908639,0.006100046448409557,1,,0,,0,0,27.65579998958856,1,hover,0.022600055672228336,1,,
1790072390.7687705,1222,0.012837886810302734,77.89443969839914,12.837886810302734,0.0377000542357564,0.004700035788118839,1,,0,,0,0,,0,hover,0.016400008462369442,1,,
1790072390.8614926,1223,0.09272217750549316,10.784906339594503,2.0263195037841797,34.38500000629574,0.005800044164061546,1,7.2234999388456345,1,,0,0,27.12550002615899,1,hover,0.021499930880963802,1,,
1790072390.874975,1224,0.013482332229614258,74.17114360996658,15.507936477661133,0.04630000330507755,0.005999929271638393,1,,0,,0,0,,0,hover,0.021200045011937618,1,,
1790072390.9212878,1225,0.046312808990478516,21.592298584298586,2.9892921447753906,25.141799938865006,0.011599971912801266,1,,0,,0,0,25.070599978789687,1,hover,0.03559992182999849,1,,
1790072390.9390783,1226,0.017790555953979492,56.20959809163886,15.796661376953125,0.06639992352575064,0.008299946784973145,1,,0,,0,0,,0,hover,0.02729997504502535,1,,
1790072391.023928,1227,0.08484959602355957,11.785559942116134,2.0296573638916016,29.323199996724725,0.006299931555986404,1,6.886799936182797,1,,0,0,22.40040001925081,1,hover,0.021200045011937618,1,,
1790072391.0359247,1228,0.011996746063232422,83.35593624547876,10.970115661621094,0.039100064896047115,0.005700043402612209,1,,0,,0,0,,0,hover,0.01750001683831215,1,,
1790072391.0856133,1229,0.04968857765197754,20.125349672998766,3.0183792114257812,23.482199991121888,0.00400003045797348,1,,0,,0,0,23.449999978765845,1,hover,0.015900004655122757,1,,
1790072391.0973425,1230,0.011729240417480469,85.25701276526547,30.52830696105957,0.03350002225488424,0.004699919372797012,1,,0,,0,0,,0,hover,0.014699995517730713,1,,
1790072391.190062,1231,0.09271955490112305,10.78521139436453,1.024484634399414,31.464400002732873,0.006200047209858894,1,7.544000050984323,1,,0,0,23.87769997585565,1,hover,0.025699962861835957,1,,
1790072391.201814,1232,0.011751890182495117,85.09269440668682,13.746261596679688,0.05510007031261921,0.005300040356814861,1,,0,,0,0,,0,hover,0.019699917174875736,1,,
1790072391.250646,1233,0.04883217811584473,20.47830014110157,2.0263195037841797,22.55590003915131,0.004700035788118839,1,,0,,0,0,22.519799997098744,1,hover,0.01810002140700817,1,,
1790072391.2639232,1234,0.013277053833007812,75.31791409280275,7.294178009033203,0.041599967516958714,0.005699926987290382,1,,0,,0,0,,0,hover,0.018200022168457508,1,,
1790072391.3598318,1235,0.09590864181518555,10.426589106818803,2.9916763305664062,30.13450000435114,0.004499917849898338,1,6.783599965274334,1,,0,0,23.32330006174743,1,hover,0.016900012269616127,1,,
1790072391.3711154,1236,0.011283636093139648,88.62391446742875,11.904716491699219,0.0467000063508749,0.005500041879713535,1,,0,,0,0,,0,hover,0.023699947632849216,1,,
1790072391.4171057,1237,0.0459902286529541,21.74374925478364,1.9941329956054688,25.038699968717992,0.005499925464391708,1,,0,,0,0,24.99780000653118,1,hover,0.020400038920342922,1,,
1790072391.434133,1238,0.01702737808227539,58.728947884286875,10.56218147277832,0.03929995000362396,0.004999921657145023,1,,0,,0,0,,0,hover,0.01780001912266016,1,,
1790072391.5222287,1239,0.08809566497802734,11.351296346414074,1.9941329956054688,29.713300056755543,0.009399955160915852,1,7.206200039945543,1,,0,0,22.449700045399368,1,hover,0.034100026823580265,1,,
1790072391.5353804,1240,0.01315164566040039,76.03611181610529,11.156797409057617,0.04200008697807789,0.005900044925510883,1,,0,,0,0,,0,hover,0.01850002445280552,1,,
1790072391.5853508,1241,0.049970388412475586,20.011851653935523,0.5490779876708984,24.309600004926324,0.00500003807246685,1,,0,,0,0,24.272599956020713,1,hover,0.017600017599761486,1,,
1790072391.597781,1242,0.012430191040039062,80.4492864815099,6.474733352661133,0.035499921068549156,0.004900037311017513,1,,0,,0,0,,0,hover,0.015900004655122757,1,,
1790072391.6929696,1243,0.09518861770629883,10.505457733249843,0.9973049163818359,34.23990006558597,0.005500041879713535,1,7.971500046551228,1,,0,0,26.23469999525696,1,hover,0.020300038158893585,1,,
1790072391.7038372,1244,0.010867595672607422,92.01667324821202,13.857841491699219,0.036899931728839874,0.004999921657145023,1,,0,,0,0,,0,hover,0.016300007700920105,1,,
1790072391.7495022,1245,0.04566502571105957,21.898597108592252,1.9938945770263672,23.35490006953478,0.0039000296965241432,1,,0,,0,0,23.321600048802793,1,hover,0.016700010746717453,1,,
1790072391.7614698,1246,0.011967658996582031,83.558530560204,3.9892196655273438,0.038899946957826614,0.005299923941493034,1,,0,,0,0,,0,hover,0.016700010746717453,1,,
1790072391.8664553,1247,0.10498547554016113,9.525127117393112,3.9882659912109375,35.25630000513047,0.006600050255656242,1,7.386100012809038,1,,0,0,27.83319994341582,1,hover,0.02189993392676115,1,,
1790072391.8784232,1248,0.011967897415161133,83.55686594816423,18.950223922729492,0.04549999721348286,0.006100046448409557,1,,0,,0,0,,0,hover,0.02050003968179226,1,,
1790072391.9228659,1249,0.04444265365600586,22.500906623177364,0.9984970092773438,30.224399990402162,0.006100046448409557,1,,0,,0,0,30.184199917130172,1,hover,0.01989991869777441,1,,
1790072391.9337628,1250,0.010896921157836914,91.7690405863691,7.905244827270508,0.03779993858188391,0.005799927748739719,1,,0,,0,0,,0,hover,0.01650000922381878,1,,
1790072392.0311735,1251,0.09741067886352539,10.265814915436767,3.020763397216797,32.78830007184297,0.007300055585801601,1,7.771699922159314,1,,0,0,24.975900072604418,1,hover,0.023799948394298553,1,,
1790072392.041781,1252,0.010607481002807617,94.27308893933605,16.592741012573242,0.04429998807609081,0.006199930794537067,1,,0,,0,0,,0,hover,0.01950003206729889,1,,
1790072392.0906394,1253,0.0488584041595459,20.46730787060758,2.9506683349609375,27.413800009526312,0.006199930794537067,1,,0,,0,0,27.3727000458166,1,hover,0.019400031305849552,1,,
1790072392.1026397,1254,0.012000322341918945,83.3310949079133,35.89940071105957,0.03739993553608656,0.004899920895695686,1,,0,,0,0,,0,hover,0.016700010746717453,1,,
1790072392.1930597,1255,0.09042000770568848,11.059499168092731,3.0221939086914062,34.070299938321114,0.006300047971308231,1,8.215000038035214,1,,0,0,25.817999965511262,1,hover,0.022000051103532314,1,,
1790072392.2049985,1256,0.011938810348510742,83.76043934098851,11.969566345214844,0.04439998883754015,0.005200039595365524,1,,0,,0,0,,0,hover,0.018799910321831703,1,,
1790072392.2503767,1257,0.04537820816040039,22.03700940471812,1.9946098327636719,23.44660006929189,0.004700035788118839,1,,0,,0,0,23.411600035615265,1,hover,0.0171000137925148,1,,
1790072392.2633376,1258,0.01296091079711914,77.15507155733785,8.93712043762207,0.03759993705898523,0.005399924702942371,1,,0,,0,0,,0,hover,0.016300007700920105,1,,
1790072392.3566976,1259,0.09335994720458984,10.71123142142091,0.9624958038330078,31.339599983766675,0.005999929271638393,1,6.017900072038174,1,,0,0,25.2862999914214,1,hover,0.020300038158893585,1,,
1790072392.365728,1260,0.009030342102050781,110.73777590030626,11.025190353393555,0.03829994238913059,0.005799927748739719,1,,0,,0,0,,0,hover,0.017000013031065464,1,,
1790072392.4205794,1261,0.054851531982421875,18.23103136518534,2.991199493408203,27.442900114692748,0.005100038833916187,1,,0,,0,0,27.40110002923757,1,hover,0.020300038158893585,1,,
1790072392.4338036,1262,0.013224124908447266,75.6193704251253,9.234905242919922,0.05639996379613876,0.0070999376475811005,1,,0,,0,0,,0,hover,0.02829998265951872,1,,
1790072392.5410447,1263,0.10724115371704102,9.324778458077109,3.9904117584228516,42.6820000866428,0.009399955160915852,1,8.052899967879057,1,,0,0,34.57630006596446,1,hover,0.03160000778734684,1,,
1790072392.5530143,1264,0.011969566345214844,83.54521552067564,21.02518081665039,0.04610000178217888,0.005899928510189056,1,,0,,0,0,,0,hover,0.020300038158893585,1,,
1790072392.5955353,1265,0.042520999908447266,23.517791259686227,11.60430908203125,28.2764999428764,0.00509992241859436,1,,0,,0,0,28.23659998830408,1,hover,0.01910002902150154,1,,
1790072392.608501,1266,0.012965679168701172,77.12669633334559,16.95394515991211,0.04429998807609081,0.005100038833916187,1,,0,,0,0,,0,hover,0.021099927835166454,1,,
1790072392.693942,1267,0.08544111251831055,11.703967452269467,3.9892196655273438,33.18949998356402,0.006399932317435741,1,7.4436001013964415,1,,0,0,25.709799956530333,1,hover,0.021000043489038944,1,,
1790072392.7069066,1268,0.012964487075805664,77.13378818250364,14.957904815673828,0.05779997445642948,0.007600057870149612,1,,0,,0,0,,0,hover,0.02619996666908264,1,,
1790072392.7562022,1269,0.049295663833618164,20.285759887019314,1.9953250885009766,29.54330004286021,0.007700058631598949,1,,0,,0,0,29.496600036509335,1,hover,0.02289994154125452,1,,
1790072392.7704818,1270,0.014279603958129883,70.02995341692686,10.268688201904297,0.044899992644786835,0.005999929271638393,1,,0,,0,0,,0,hover,0.019600032828748226,1,,
1790072392.8634255,1271,0.09294366836547852,10.75920520016212,1.9953250885009766,35.584700061008334,0.005800044164061546,1,7.210699957795441,1,,0,0,28.34030007943511,1,hover,0.01989991869777441,1,,
1790072392.8753939,1272,0.011968374252319336,83.55353692304628,18.949031829833984,0.06550003308802843,0.006500049494206905,1,,0,,0,0,,0,hover,0.037199934013187885,1,,
1790072392.9220805,1273,0.046686649322509766,21.41939964661063,5.017757415771484,28.020499972626567,0.006199930794537067,1,,0,,0,0,27.97129994723946,1,hover,0.02380006480962038,1,,
1790072392.9360738,1274,0.013993263244628906,71.46295917671914,11.996030807495117,0.04409998655319214,0.007200054824352264,1,,0,,0,0,,0,hover,0.01819990575313568,1,,
1790072393.030802,1275,0.09472823143005371,10.55651504206947,1.9943714141845703,38.30559994094074,0.005500041879713535,1,7.935800007544458,1,,0,0,30.332999886013567,1,hover,0.022399937734007835,1,,
1790072393.0437694,1276,0.012967348098754883,77.11676993509717,18.950223922729492,0.042899977415800095,0.005699926987290382,1,,0,,0,0,,0,hover,0.019200029782950878,1,,
1790072393.0922983,1277,0.04852890968322754,20.60627379694908,2.9854774475097656,29.11499992478639,0.0068999361246824265,1,,0,,0,0,29.05999997165054,1,hover,0.024400069378316402,1,,
1790072393.1052637,1278,0.01296544075012207,77.12811459884887,38.04302215576172,0.06120000034570694,0.0072999391704797745,1,,0,,0,0,,0,hover,0.029199989512562752,1,,
1790072393.1981776,1279,0.09291386604309082,10.762656238372735,2.9938220977783203,36.97380004450679,0.0068999361246824265,1,6.944500026293099,1,,0,0,29.990200069732964,1,hover,0.02320006024092436,1,,
1790072393.2101462,1280,0.011968612670898438,83.55187250996016,20.93791961669922,0.09169999975711107,0.0100000761449337,1,,0,,0,0,,0,hover,0.04179996903985739,1,,
1790072393.2521844,1281,0.0420382022857666,23.78788686543293,2.9914379119873047,25.936200050637126,0.005800044164061546,1,,0,,0,0,25.89440008159727,1,hover,0.020499923266470432,1,,
1790072393.2659943,1282,0.013809919357299805,72.41171900626694,9.974002838134766,0.04710000939667225,0.005900044925510883,1,,0,,0,0,,0,hover,0.021200045011937618,1,,
1790072393.3655221,1283,0.09952783584594727,10.047440412025392,3.989696502685547,38.705899962224066,0.01950003206729889,1,5.786399939097464,1,,0,0,32.874500029720366,1,hover,0.018200022168457508,1,,
1790072393.3754961,1284,0.009974002838134766,100.26064923268154,19.853830337524414,0.04499999340623617,0.005200039595365524,1,,0,,0,0,,0,hover,0.020999927073717117,1,,
1790072393.4155812,1285,0.0400850772857666,24.946939552367528,2.991199493408203,23.150600027292967,0.00500003807246685,1,,0,,0,0,23.112199967727065,1,hover,0.019300030544400215,1,,
1790072393.4275525,1286,0.011971235275268555,83.53356834159845,4.022836685180664,0.03979995381087065,0.00509992241859436,1,,0,,0,0,,0,hover,0.017200014553964138,1,,
1790072393.5305407,1287,0.10298824310302734,9.709846190886278,3.0269622802734375,31.95850003976375,0.006300047971308231,1,6.880000000819564,1,,0,0,25.035500060766935,1,hover,0.027799978852272034,1,,
1790072393.5402935,1288,0.009752750396728516,102.53517821346502,16.26873016357422,0.037499936297535896,0.005500041879713535,1,,0,,0,0,,0,hover,0.016700010746717453,1,,
1790072393.5844753,1289,0.04418182373046875,22.633742013469178,2.6578903198242188,24.729900062084198,0.005800044164061546,1,,0,,0,0,24.685600074008107,1,hover,0.021699932403862476,1,,
1790072393.5994306,1290,0.014955282211303711,66.8660066637971,5.984067916870117,0.04509999416768551,0.005700043402612209,1,,0,,0,0,,0,hover,0.019200029782950878,1,,
1790072393.696719,1291,0.09728837013244629,10.278720864977197,2.99072265625,34.66540004592389,0.005900044925510883,1,7.313799927942455,1,,0,0,27.315900078974664,1,hover,0.021499930880963802,1,,
1790072393.7084398,1292,0.011720895767211914,85.31771119383251,19.696950912475586,0.0697999494150281,0.009199953638017178,1,,0,,0,0,,0,hover,0.030700000934302807,1,,
1790072393.7549417,1293,0.046501874923706055,21.50450926206016,2.992391586303711,25.65540000796318,0.0070999376475811005,1,,0,,0,0,25.600200053304434,1,hover,0.02729997504502535,1,,
1790072393.7689033,1294,0.013961553573608398,71.62526682491163,9.971380233764648,0.04299997817724943,0.006399932317435741,1,,0,,0,0,,0,hover,0.019300030544400215,1,,
1790072393.8605006,1295,0.09159731864929199,10.917350144591046,2.9888153076171875,32.249600044451654,0.005800044164061546,1,7.256499957293272,1,,0,0,24.95760004967451,1,hover,0.021099927835166454,1,,
1790072393.8715022,1296,0.0110015869140625,90.89597780859917,12.995719909667969,0.04229997284710407,0.004799920134246349,1,,0,,0,0,,0,search_360,0.021600048057734966,1,,
1790072393.9188094,1297,0.04730725288391113,21.138407729020617,1.0285377502441406,25.740799959748983,0.005600042641162872,1,,0,,0,0,25.698899989947677,1,search_360,0.01889991108328104,1,,
1790072393.931777,1298,0.012967586517333984,77.11535208678066,5.986213684082031,0.04299997817724943,0.006900052540004253,1,,0,,0,0,,0,search_360,0.015900004655122757,1,,
1790072394.0365458,1299,0.10476875305175781,9.544830599501175,2.032041549682617,35.26499995496124,0.00700005330145359,1,6.804300006479025,1,,0,0,28.425300028175116,1,search_360,0.019300030544400215,1,,
1790072394.0525036,1300,0.01595783233642578,62.66515269228471,28.921842575073242,0.06639992352575064,0.009900075383484364,1,,0,,0,0,,0,search_360,0.024999957531690598,1,,
1790072394.0961888,1301,0.043685197830200195,22.891048906013786,8.976459503173828,28.773400001227856,0.009100069291889668,1,,0,,0,0,28.718999936245382,1,search_360,0.023699947632849216,1,,
1790072394.110151,1302,0.013962268829345703,71.621597623032,38.89274597167969,0.043599982745945454,0.005999929271638393,1,,0,,0,0,,0,search_360,0.016700010746717453,1,,
1790072394.1933796,1303,0.08322858810424805,12.015102295709367,2.9909610748291016,33.37650001049042,0.008699949830770493,1,8.29560006968677,1,,0,0,25.042399996891618,1,search_360,0.020600040443241596,1,,
1790072394.209014,1304,0.01563429832458496,63.96193671368662,18.62502098083496,0.05889998283237219,0.00909995287656784,1,,0,,0,0,,0,search_360,0.022699940018355846,1,,
1790072394.2498415,1305,0.04082751274108887,24.493287316853827,1.9948482513427734,25.378699996508658,0.004900037311017513,1,,0,,0,0,25.342299952171743,1,search_360,0.016099889762699604,1,,
1790072394.263804,1306,0.013962507247924805,71.62037463927736,4.987001419067383,0.04569999873638153,0.0070999376475811005,1,,0,,0,0,,0,search_360,0.017400016076862812,1,,
1790072394.3645644,1307,0.10076045989990234,9.924527944725758,3.988981246948242,35.53510003257543,0.006300047971308231,1,8.204299956560135,1,,0,0,27.298300061374903,1,search_360,0.018099904991686344,1,,
1790072394.3804934,1308,0.015928983688354492,62.77864423523073,19.947290420532227,0.035800039768218994,0.005399924702942371,1,,0,,0,0,,0,search_360,0.013900105841457844,1,,
1790072394.425372,1309,0.044878482818603516,22.282393191453192,6.980180740356445,29.298200039193034,0.006800051778554916,1,,0,,0,0,29.255600064061582,1,search_360,0.01859990879893303,1,,
1790072394.4394643,1310,0.014092445373535156,70.96000541381878,13.062477111816406,0.04130008164793253,0.00600004568696022,1,,0,,0,0,,0,search_360,0.015700003132224083,1,,
1790072394.5249157,1311,0.08545136451721191,11.702563272685675,2.9578208923339844,32.001500017941,0.028799986466765404,1,7.454099948517978,1,,0,0,24.412300088442862,1,search_360,0.09200000204145908,1,,
1790072394.536857,1312,0.011941194534301758,83.74371568333832,13.962984085083008,0.040400074794888496,0.006200047209858894,1,,0,,0,0,,0,search_360,0.015300000086426735,1,,
1790072394.5870802,1313,0.050223350524902344,19.91105709891195,1.9946098327636719,25.8818999864161,0.005700043402612209,1,,0,,0,0,25.840300018899143,1,search_360,0.017600017599761486,1,,
1790072394.6020393,1314,0.014959096908569336,66.84895526194157,8.976936340332031,0.033199903555214405,0.004700035788118839,1,,0,,0,0,,0,search_360,0.012899981811642647,1,,
1790072394.6964107,1315,0.09437131881713867,10.596439813855723,3.0202865600585938,32.84709993749857,0.006399932317435741,1,7.566399988718331,1,,0,0,25.247099925763905,1,search_360,0.019200029782950878,1,,
1790072394.7104125,1316,0.014001846313476562,71.41915270399129,19.981861114501953,0.04369998350739479,0.006300047971308231,1,,0,,0,0,,0,search_360,0.01750001683831215,1,,
1790072394.7504442,1317,0.04003167152404785,24.98022095827998,0.9632110595703125,23.43279996421188,0.005699926987290382,1,,0,,0,0,23.392400005832314,1,search_360,0.01680001150816679,1,,
1790072394.7639902,1318,0.013545989990234375,73.82258518727119,6.013631820678711,0.033400021493434906,0.004999921657145023,1,,0,,0,0,,0,search_360,0.012599979527294636,1,,
1790072394.8579352,1319,0.09394502639770508,10.644523061461701,1.6100406646728516,31.552100088447332,0.0100000761449337,1,7.409699959680438,1,,0,0,24.092100095003843,1,search_360,0.026799971237778664,1,,
1790072394.870895,1320,0.012959718704223633,77.16216862593595,11.005640029907227,0.03220001235604286,0.005199923180043697,1,,0,,0,0,,0,search_360,0.012499978765845299,1,,
1790072394.9204028,1321,0.049507856369018555,20.19881435678133,1.9998550415039062,24.894400034099817,0.0070999376475811005,1,,0,,0,0,24.846000014804304,1,search_360,0.022000051103532314,1,,
1790072394.9334016,1322,0.012998819351196289,76.93006364520093,7.015228271484375,0.03229989670217037,0.00500003807246685,1,,0,,0,0,,0,search_360,0.012599979527294636,1,,
1790072395.0312774,1323,0.09787583351135254,10.217026656370807,3.959178924560547,31.170199974440038,0.00700005330145359,1,6.383800064213574,1,,0,0,24.75899993441999,1,search_360,0.013299984857439995,1,,
1790072395.044241,1324,0.012963533401489258,77.13946260092325,20.307540893554688,0.03390002530068159,0.004699919372797012,1,,0,,0,0,,0,search_360,0.013399985618889332,1,,
1790072395.0881338,1325,0.043892860412597656,22.782748506246605,2.990245819091797,25.614900048822165,0.004400033503770828,1,,0,,0,0,25.579100009053946,1,search_360,0.015300000086426735,1,,
1790072395.1010091,1326,0.01287531852722168,77.66798140844027,33.31732749938965,0.03850006032735109,0.005400041118264198,1,,0,,0,0,,0,search_360,0.0171000137925148,1,,
1790072395.1908128,1327,0.08980369567871094,11.135399188666822,1.993417739868164,31.576299923472106,0.00809994526207447,1,7.94600008521229,1,,0,0,23.591799894347787,1,search_360,0.021200045011937618,1,,
1790072395.2037776,1328,0.012964725494384766,77.13236970833793,14.957904815673828,0.032400013878941536,0.00509992241859436,1,,0,,0,0,,0,search_360,0.013200100511312485,1,,
1790072395.2493563,1329,0.045578718185424805,21.940064131065903,0.9682178497314453,23.851600009948015,0.005500041879713535,1,,0,,0,0,23.807200021110475,1,search_360,0.018900027498602867,1,,
1790072395.263319,1330,0.013962745666503906,71.61915169728843,6.981134414672852,0.039499951526522636,0.006299931555986404,1,,0,,0,0,,0,search_360,0.014699995517730713,1,,
1790072395.3608117,1331,0.09749269485473633,10.257178771086341,0.9963512420654297,35.26949998922646,0.005900044925510883,1,7.150399964302778,1,,0,0,28.08680001180619,1,search_360,0.018299906514585018,1,,
1790072395.3717813,1332,0.01096963882446289,91.16070419474028,14.958858489990234,0.052699935622513294,0.02150004729628563,1,,0,,0,0,,0,search_360,0.014399993233382702,1,,
1790072395.4190629,1333,0.047281503677368164,21.14991957158633,0.0,23.881999892182648,0.005100038833916187,1,,0,,0,0,23.848699987865984,1,search_360,0.014699995517730713,1,,
1790072395.431064,1334,0.01200103759765625,83.32612841703751,8.0108642578125,0.027999980375170708,0.004200031980872154,1,,0,,0,0,,0,search_360,0.011399970389902592,1,,
1790072395.5264647,1335,0.09540081024169922,10.48209126805618,2.0682811737060547,31.776499934494495,0.00609993003308773,1,6.9463999243453145,1,,0,0,24.79779999703169,1,search_360,0.018200022168457508,1,,
1790072395.5374331,1336,0.010968446731567383,91.17061189001195,11.999130249023438,0.03760005347430706,0.00600004568696022,1,,0,,0,0,,0,search_360,0.015099998563528061,1,,
1790072395.586269,1337,0.04883575439453125,20.476800499921886,1.9917488098144531,26.234099990688264,0.004999921657145023,1,,0,,0,0,26.20339998975396,1,search_360,0.013299984857439995,1,,
1790072395.5981398,1338,0.011870861053466797,84.23988752761599,4.391193389892578,0.03630004357546568,0.005200039595365524,1,,0,,0,0,,0,search_360,0.014299992471933365,1,,
1790072395.6949546,1339,0.09681487083435059,10.328991728047558,2.6292800903320312,32.84080000594258,0.0071999384090304375,1,7.726100040599704,1,,0,0,25.079600047320127,1,search_360,0.018600025214254856,1,,
1790072395.7059264,1340,0.010971784591674805,91.14287576870423,14.960289001464844,0.03190001007169485,0.004900037311017513,1,,0,,0,0,,0,search_360,0.012899981811642647,1,,
1790072395.7537627,1341,0.0478363037109375,20.90462519936204,2.651691436767578,23.996999952942133,0.0072999391704797745,1,,0,,0,0,23.954799980856478,1,search_360,0.01750001683831215,1,,
1790072395.7657237,1342,0.011960983276367188,83.6051666400893,6.981849670410156,0.03450002986937761,0.005600042641162872,1,,0,,0,0,,0,search_360,0.01379998866468668,1,,
1790072395.8601987,1343,0.09447503089904785,10.584807334633837,2.9931068420410156,31.877000001259148,0.005100038833916187,1,7.090699975378811,1,,0,0,24.75940005388111,1,search_360,0.014999997802078724,1,,
1790072395.8711982,1344,0.010999441146850586,90.91370976482064,11.987686157226562,0.05140004213899374,0.004600035026669502,1,,0,,0,0,,0,search_360,0.029099988751113415,1,,
1790072395.9266052,1345,0.055407047271728516,18.048245651781027,1.0273456573486328,28.98740000091493,0.00509992241859436,1,,0,,0,0,28.951599961146712,1,search_360,0.016000005416572094,1,,
1790072395.9385736,1346,0.011968374252319336,83.55353692304628,12.964963912963867,0.03830005880445242,0.005900044925510883,1,,0,,0,0,,0,search_360,0.016200006939470768,1,,
1790072396.0248115,1347,0.08623790740966797,11.59582867948732,1.9931793212890625,30.30179999768734,0.006200047209858894,1,6.972000002861023,1,,0,0,23.292599944397807,1,search_360,0.021799933165311813,1,,
1790072396.0378873,1348,0.013075828552246094,76.47698927868134,12.074947357177734,0.030700000934302807,0.004900037311017513,1,,0,,0,0,,0,search_360,0.011599971912801266,1,,
1790072396.0837684,1349,0.045881032943725586,21.795498833396557,2.9914379119873047,21.101400023326278,0.00500003807246685,1,,0,,0,0,21.065099979750812,1,search_360,0.018400023691356182,1,,
1790072396.0967836,1350,0.013015270233154297,76.83282652500458,30.93552589416504,0.034100026823580265,0.005100038833916187,1,,0,,0,0,,0,search_360,0.012499978765845299,1,,
1790072396.1868253,1351,0.0900416374206543,11.105973065863127,0.9975433349609375,30.235699960030615,0.013199984095990658,1,6.370499962940812,1,,0,0,23.786799982190132,1,search_360,0.049400026910007,1,,
1790072396.1997893,1352,0.012964010238647461,77.13662528735632,9.972810745239258,0.034400029107928276,0.005600042641162872,1,,0,,0,0,,0,search_360,0.012599979527294636,1,,
1790072396.2516744,1353,0.051885128021240234,19.273345525728097,1.9900798797607422,25.051400065422058,0.005200039595365524,1,,0,,0,0,25.01240000128746,1,search_360,0.016900012269616127,1,,
1790072396.2651513,1354,0.013476848602294922,74.20132328486007,6.979942321777344,0.03759993705898523,0.005399924702942371,1,,0,,0,0,,0,search_360,0.014999997802078724,1,,
1790072396.3646607,1355,0.09950947761535645,10.049294036748904,3.9899349212646484,37.3230999102816,0.005300040356814861,1,8.511599968187511,1,,0,0,28.784099966287613,1,search_360,0.015400000847876072,1,,
1790072396.3743265,1356,0.009665727615356445,103.45832613897042,14.608621597290039,0.039199949242174625,0.008999952115118504,1,,0,,0,0,,0,search_360,0.014299992471933365,1,,
1790072396.4642918,1357,0.0899653434753418,11.115391342601672,0.9973049163818359,75.91889996547252,0.004500034265220165,1,,0,,0,0,75.88450005277991,1,search_360,0.01479999627918005,1,,
1790072396.4746058,1358,0.010313987731933594,96.95570966250578,9.763717651367188,0.0396000687032938,0.005400041118264198,1,,0,,0,0,,0,search_360,0.015500001609325409,1,,
1790072396.524366,1359,0.04976010322570801,20.09642133305224,2.9914379119873047,29.999200021848083,0.005999929271638393,1,6.6108000464737415,1,,0,0,23.352700052782893,1,search_360,0.018400023691356182,1,,
1790072396.541241,1360,0.016875028610229492,59.259158790036594,0.99945068359375,0.05819997750222683,0.008699949830770493,1,,0,,0,0,,0,search_360,0.02329994458705187,1,,
1790072396.59709,1361,0.05584907531738281,17.905399405758,2.024412155151367,26.704200077801943,0.004900037311017513,1,,0,,0,0,26.668600039556623,1,search_360,0.014899997040629387,1,,
1790072396.6090586,1362,0.011968612670898438,83.55187250996016,16.954421997070312,0.04830001853406429,0.0072999391704797745,1,,0,,0,0,,0,search_360,0.019000028260052204,1,,
1790072396.6928706,1363,0.08381199836730957,11.931465893671433,1.993417739868164,30.955399968661368,0.006200047209858894,1,7.225099951028824,1,,0,0,23.6981000052765,1,search_360,0.018399907276034355,1,,
1790072396.7040145,1364,0.011143922805786133,89.73500780898996,13.13924789428711,0.03750005271285772,0.005700043402612209,1,,0,,0,0,,0,search_360,0.014399993233382702,1,,
1790072396.7509387,1365,0.04692411422729492,21.311004298474703,1.996755599975586,24.07739998307079,0.004899920895695686,1,,0,,0,0,24.04360007494688,1,search_360,0.014999997802078724,1,,
1790072396.7649019,1366,0.01396322250366211,71.61670593859918,5.983591079711914,0.03850006032735109,0.005600042641162872,1,,0,,0,0,,0,search_360,0.014999997802078724,1,,
1790072396.8259015,1367,0.06099963188171387,16.3935415534823,0.9949207305908203,31.582999974489212,0.009299954399466515,1,7.72210001014173,1,,0,0,23.814099957235157,1,search_360,0.02559996210038662,1,,
1790072396.862319,1368,0.036417484283447266,27.45933772406479,1.9938945770263672,0.039400067180395126,0.005700043402612209,1,,0,,0,0,,0,search_360,0.014999997802078724,1,,
1790072396.9181693,1369,0.05585026741027832,17.90501722496617,0.9963512420654297,23.96939997561276,0.006400048732757568,1,,0,,0,0,23.92629999667406,1,search_360,0.0195999164134264,1,,
1790072396.9329667,1370,0.014797449111938477,67.57921533875775,7.248163223266602,0.04160008393228054,0.006100046448409557,1,,0,,0,0,,0,search_360,0.01580000389367342,1,,
1790072396.9913409,1371,0.05837416648864746,17.13086558922394,0.9968280792236328,30.207600095309317,0.00600004568696022,1,6.711399997584522,1,,0,0,23.46150006633252,1,search_360,0.019900035113096237,1,,
1790072397.026213,1372,0.03487205505371094,28.67625663184379,2.9909610748291016,0.03990007098764181,0.00600004568696022,1,,0,,0,0,,0,search_360,0.01479999627918005,1,,
1790072397.09295,1373,0.06673717498779297,14.984152388573715,3.9873123168945312,24.786900030449033,0.00500003807246685,1,,0,,0,0,24.74719996098429,1,search_360,0.016400008462369442,1,,
1790072397.1030812,1374,0.010131120681762695,98.70576330219095,34.97719764709473,0.034100026823580265,0.00500003807246685,1,,0,,0,0,,0,search_360,0.013499986380338669,1,,
1790072397.160611,1375,0.05752968788146973,17.382329660128388,3.0202865600585938,30.345600098371506,0.005600042641162872,1,6.967499968595803,1,,0,0,23.343600099906325,1,search_360,0.018600025214254856,1,,
1790072397.191482,1376,0.030871152877807617,32.39270020002626,3.0236244201660156,0.04579999949783087,0.006300047971308231,1,,0,,0,0,,0,search_360,0.017600017599761486,1,,
1790072397.2659614,1377,0.07447934150695801,13.42654190768561,1.9969940185546875,27.90890005417168,0.004800036549568176,1,,0,,0,0,27.870899997651577,1,search_360,0.016600009985268116,1,,
1790072397.277929,1378,0.011967658996582031,83.558530560204,20.944595336914062,0.04190008621662855,0.006100046448409557,1,,0,,0,0,,0,search_360,0.015900004655122757,1,,
1790072397.3332787,1379,0.05534958839416504,18.06698168880006,5.992650985717773,38.4673000080511,0.00600004568696022,1,7.4356000404804945,1,,0,0,30.996999936178327,1,search_360,0.018900027498602867,1,,
1790072397.358212,1380,0.024933338165283203,40.10694409914131,1.9803047180175781,0.04050007555633783,0.005500041879713535,1,,0,,0,0,,0,search_360,0.016300007700920105,1,,
1790072397.420949,1381,0.06273698806762695,15.939560230753445,3.327608108520508,26.98309998959303,0.006100046448409557,1,,0,,0,0,26.942500029690564,1,search_360,0.01780001912266016,1,,
1790072397.4339144,1382,0.01296544075012207,77.12811459884887,8.975982666015625,0.052999937906861305,0.007700058631598949,1,,0,,0,0,,0,search_360,0.021400046534836292,1,,
1790072397.4954798,1383,0.061565399169921875,16.24288989404548,1.9948482513427734,33.447699970565736,0.005699926987290382,1,6.715400028042495,1,,0,0,26.70299995224923,1,search_360,0.016200006939470768,1,,
1790072397.5293865,1384,0.03390669822692871,29.49269767605386,2.740144729614258,0.03890006337314844,0.005500041879713535,1,,0,,0,0,,0,search_360,0.015099998563528061,1,,
1790072397.5827246,1385,0.053338050842285156,18.74834164744587,0.9775161743164062,23.385200067423284,0.004800036549568176,1,,0,,0,0,23.35010003298521,1,search_360,0.014899997040629387,1,,
1790072397.5969706,1386,0.014245986938476562,70.19520685500066,1.6188621520996094,0.0521000474691391,0.007899943739175797,1,,0,,0,0,,0,search_360,0.02010003663599491,1,,
1790072397.6606498,1387,0.06367921829223633,15.70371035980381,0.9968280792236328,33.84879999794066,0.004900037311017513,1,6.952999974600971,1,,0,0,26.868300046771765,1,search_360,0.014899997040629387,1,,
1790072397.6923454,1388,0.03169560432434082,31.55011621696843,1.992940902709961,0.036400044336915016,0.005399924702942371,1,,0,,0,0,,0,search_360,0.014500110410153866,1,,
1790072397.7501953,1389,0.057849884033203125,17.286119353775142,1.9962787628173828,23.914799909107387,0.006400048732757568,1,,0,,0,0,23.871999932453036,1,search_360,0.01910002902150154,1,,
1790072397.7666125,1390,0.016417264938354492,60.91148578980235,3.9904117584228516,0.04030007403343916,0.005600042641162872,1,,0,,0,0,,0,search_360,0.015099998563528061,1,,
1790072397.8274736,1391,0.06086111068725586,16.43085360598582,2.9916763305664062,32.182800001464784,0.005500041879713535,1,8.240900002419949,1,,0,0,23.909600102342665,1,search_360,0.016200006939470768,1,,
1790072397.8623154,1392,0.03484177589416504,28.701177662056836,2.989530563354492,0.040100072510540485,0.005600042641162872,1,,0,,0,0,,0,search_360,0.015600002370774746,1,,
1790072397.9168034,1393,0.05448794364929199,18.352683787012282,1.9965171813964844,23.98569998331368,0.004999921657145023,1,,0,,0,0,23.949399939738214,1,search_360,0.016000005416572094,1,,
1790072397.9307656,1394,0.013962268829345703,71.621597623032,4.985809326171875,0.0350000336766243,0.004800036549568176,1,,0,,0,0,,0,search_360,0.013399985618889332,1,,
1790072397.9948003,1395,0.06403470039367676,15.616532815053931,1.0001659393310547,30.972299980930984,0.005100038833916187,1,6.46290008444339,1,,0,0,24.48209992144257,1,search_360,0.014999997802078724,1,,
1790072398.0287156,1396,0.03391528129577637,29.485233847213728,1.003265380859375,0.038199941627681255,0.005299923941493034,1,,0,,0,0,,0,search_360,0.01479999627918005,1,,
1790072398.0895395,1397,0.060823917388916016,16.440900930564375,2.99072265625,25.50910005811602,0.005800044164061546,1,,0,,0,0,25.470799999311566,1,search_360,0.0171000137925148,1,,
1790072398.1005461,1398,0.011006593704223633,90.85463013105166,28.320789337158203,0.03199989441782236,0.004500034265220165,1,,0,,0,0,,0,search_360,0.012899981811642647,1,,
1790072398.1634443,1399,0.06289815902709961,15.898716519972405,3.532886505126953,31.510100001469254,0.005500041879713535,1,5.78270002733916,1,,0,0,25.69859998766333,1,search_360,0.01610000617802143,1,,
1790072398.1954072,1400,0.03196287155151367,31.286300368486224,1.6603469848632812,0.05489995237439871,0.008299946784973145,1,,0,,0,0,,0,search_360,0.022600055672228336,1,,
1790072398.253409,1401,0.05800175666809082,17.240857129938302,2.993345260620117,25.367600028403103,0.005600042641162872,1,,0,,0,0,25.32649994827807,1,search_360,0.01919991336762905,1,,
1790072398.2664883,1402,0.013079404830932617,76.45607830984889,7.205724716186523,0.039899954572319984,0.005500041879713535,1,,0,,0,0,,0,search_360,0.016200006939470768,1,,
1790072398.3246021,1403,0.058113813400268555,17.20761281164486,0.9937286376953125,33.91979995649308,0.008699949830770493,1,7.53689999692142,1,,0,0,26.337899966165423,1,search_360,0.02550007775425911,1,,
1790072398.3628516,1404,0.03824949264526367,26.144137630119054,4.985570907592773,0.06760004907846451,0.009399955160915852,1,,0,,0,0,,0,search_360,0.02829998265951872,1,,
1790072398.424594,1405,0.061742305755615234,16.19635010001313,3.3779144287109375,27.04079996328801,0.009499955922365189,1,,0,,0,0,26.982099981978536,1,search_360,0.026099965907633305,1,,
1790072398.4366121,1406,0.012018203735351562,83.20710998254245,10.025978088378906,0.038199941627681255,0.005599926225841045,1,,0,,0,0,,0,search_360,0.015500001609325409,1,,
1790072398.492625,1407,0.056012868881225586,17.853040202609233,0.965118408203125,32.63499995227903,0.00609993003308773,1,7.751299999654293,1,,0,0,24.851399939507246,1,search_360,0.017900019884109497,1,,
1790072398.527293,1408,0.03466796875,28.845070422535212,1.9936561584472656,0.04539999645203352,0.005799927748739719,1,,0,,0,0,,0,search_360,0.01850002445280552,1,,
1790072398.583564,1409,0.05627107620239258,17.77111915192909,0.9958744049072266,24.648700025863945,0.006300047971308231,1,,0,,0,0,24.606000049971044,1,search_360,0.018999911844730377,1,,
1790072398.5955338,1410,0.011969804763793945,83.54355143909969,3.9899349212646484,0.038199941627681255,0.005200039595365524,1,,0,,0,0,,0,search_360,0.015900004655122757,1,,
1790072398.6573665,1411,0.06183266639709473,16.172681177581985,0.9968280792236328,30.830299947410822,0.005599926225841045,1,7.195499958470464,1,,0,0,23.604499991051853,1,search_360,0.01680001150816679,1,,
1790072398.6938365,1412,0.03646993637084961,27.419844932860897,2.7534961700439453,0.03659992944449186,0.005300040356814861,1,,0,,0,0,,0,search_360,0.013999990187585354,1,,
1790072398.7526476,1413,0.058811187744140625,17.00356749043264,2.991914749145508,24.30289995390922,0.004900037311017513,1,,0,,0,0,24.267399916425347,1,search_360,0.016300007700920105,1,,
1790072398.7650964,1414,0.012448787689208984,80.32910713601716,6.5364837646484375,0.03530003596097231,0.004800036549568176,1,,0,,0,0,,0,search_360,0.013899989426136017,1,,
1790072398.8252423,1415,0.06014585494995117,16.626249653149404,0.9975433349609375,31.251200009137392,0.005700043402612209,1,6.723000085912645,1,,0,0,24.494299897924066,1,search_360,0.01910002902150154,1,,
1790072398.8634896,1416,0.03824734687805176,26.145604378479128,2.9926300048828125,0.04600000102072954,0.00609993003308773,1,,0,,0,0,,0,search_360,0.0171000137925148,1,,
1790072398.9175353,1417,0.054045677185058594,18.502867427784935,1.9943714141845703,22.83899998292327,0.004399917088449001,1,,0,,0,0,22.807099972851574,1,search_360,0.013899989426136017,1,,
1790072398.9305892,1418,0.01305389404296875,76.60549386323787,5.568027496337891,0.03439991269260645,0.004700035788118839,1,,0,,0,0,,0,search_360,0.013299984857439995,1,,
1790072398.9918885,1419,0.06129932403564453,16.313393593353766,1.0254383087158203,31.016499968245625,0.005900044925510883,1,6.762300035916269,1,,0,0,24.22249992378056,1,search_360,0.017499900422990322,1,,
1790072399.027803,1420,0.03591442108154297,27.843968241323456,3.9873123168945312,0.045900000259280205,0.005899928510189056,1,,0,,0,0,,0,search_360,0.017700018361210823,1,,
1790072399.0872784,1421,0.05947542190551758,16.813668032294014,3.245115280151367,25.870600016787648,0.005500041879713535,1,,0,,0,0,25.830699945800006,1,search_360,0.017700018361210823,1,,
1790072399.0992796,1422,0.012001276016235352,83.324473051632,29.851913452148438,0.04220008850097656,0.006500049494206905,1,,0,,0,0,,0,search_360,0.018300022929906845,1,,
1790072399.168639,1423,0.06935930252075195,14.417676701705659,1.9924640655517578,33.08470000047237,0.006399932317435741,1,7.419499917887151,1,,0,0,25.630800053477287,1,search_360,0.019400031305849552,1,,
1790072399.1926243,1424,0.02398538589477539,41.692053835907835,3.0388832092285156,0.04439998883754015,0.006499933078885078,1,,0,,0,0,,0,search_360,0.016300007700920105,1,,
1790072399.2622392,1425,0.06961488723754883,14.36474351510004,2.9633045196533203,29.36379995662719,0.00500003807246685,1,,0,,0,0,29.32989993132651,1,search_360,0.015099998563528061,1,,
1790072399.2724593,1426,0.010220050811767578,97.84687164652638,15.650510787963867,0.04610000178217888,0.0070999376475811005,1,,0,,0,0,,0,search_360,0.020200037397444248,1,,
1790072399.32968,1427,0.0572206974029541,17.476193849192295,1.9903182983398438,36.95410001091659,0.006200047209858894,1,7.523400010541081,1,,0,0,29.395599965937436,1,search_360,0.020499923266470432,1,,
1790072399.3600569,1428,0.030376911163330078,32.919739423907075,2.9909610748291016,0.043100095354020596,0.005900044925510883,1,,0,,0,0,,0,search_360,0.016700010746717453,1,,
1790072399.4189055,1429,0.05884861946105957,16.992752067220625,3.0202865600585938,25.003099930472672,0.005800044164061546,1,,0,,0,0,24.964099982753396,1,search_360,0.018200022168457508,1,,
1790072399.4309058,1430,0.012000322341918945,83.3310949079133,8.011579513549805,0.039499951526522636,0.005200039595365524,1,,0,,0,0,,0,search_360,0.015400000847876072,1,,
1790072399.4973843,1431,0.06647849082946777,15.04245941089764,0.9970664978027344,37.94249997008592,0.005200039595365524,1,5.607399973087013,1,,0,0,32.30660001281649,1,search_360,0.015500001609325409,1,,
1790072399.5271552,1432,0.029770851135253906,33.589902937502,1.5099048614501953,0.03839994315057993,0.005399924702942371,1,,0,,0,0,,0,search_360,0.014999997802078724,1,,
1790072399.583522,1433,0.056366920471191406,17.74090178495897,1.9924640655517578,23.58879998791963,0.006100046448409557,1,,0,,0,0,23.549700039438903,1,search_360,0.017600017599761486,1,,
1790072399.5966594,1434,0.013137340545654297,76.11890675474575,7.1544647216796875,0.032400013878941536,0.004900037311017513,1,,0,,0,0,,0,search_360,0.012399978004395962,1,,
1790072399.6615932,1435,0.06493377685546875,15.400305487016801,3.9887428283691406,31.256700051017106,0.006600050255656242,1,7.011499954387546,1,,0,0,24.205400026403368,1,search_360,0.01889991108328104,1,,
1790072399.69447,1436,0.03287672996520996,30.41665034990391,1.9941329956054688,0.039100064896047115,0.005300040356814861,1,,0,,0,0,,0,search_360,0.015400000847876072,1,,
1790072399.753313,1437,0.058843135833740234,16.99433563203488,0.9982585906982422,24.976200074888766,0.005800044164061546,1,,0,,0,0,24.937500013038516,1,search_360,0.0171000137925148,1,,
1790072399.767276,1438,0.013962984085083008,71.61792879706309,8.97669792175293,0.03829994238913059,0.006399932317435741,1,,0,,0,0,,0,search_360,0.015300000086426735,1,,
1790072399.8247538,1439,0.057477712631225586,17.398047942790537,1.4681816101074219,31.655600061640143,0.006400048732757568,1,7.520399987697601,1,,0,0,24.10160005092621,1,search_360,0.017999904230237007,1,,
1790072399.8650148,1440,0.040261030197143555,24.83791386120438,3.5140514373779297,0.04169996827840805,0.005799927748739719,1,,0,,0,0,,0,search_360,0.015900004655122757,1,,
1790072399.9183242,1441,0.05330944061279297,18.758403549258485,1.8227100372314453,24.273899965919554,0.005100038833916187,1,,0,,0,0,24.234000011347234,1,search_360,0.01789990346878767,1,,
1790072399.9302902,1442,0.01196599006652832,83.57018470182709,7.977485656738281,0.08239992894232273,0.009599956683814526,1,,0,,0,0,,0,search_360,0.048600020818412304,1,,
1790072399.9951174,1443,0.06482720375061035,15.425622919769772,3.9899349212646484,31.601900001987815,0.007100054062902927,1,7.480200030840933,1,,0,0,24.08169989939779,1,search_360,0.022699940018355846,1,,
1790072400.0268078,1444,0.031690359115600586,31.555338213498448,0.995635986328125,0.04979991354048252,0.005800044164061546,1,,0,,0,0,,0,search_360,0.020000035874545574,1,,
1790072400.0920343,1445,0.06522655487060547,15.331179179764602,3.969907760620117,27.27459999732673,0.005400041118264198,1,,0,,0,0,27.239200077019632,1,search_360,0.01580000389367342,1,,
1790072400.1042993,1446,0.01226496696472168,81.53303656474156,34.605979919433594,0.04980002995580435,0.007400056347250938,1,,0,,0,0,,0,search_360,0.018399907276034355,1,,
1790072400.1622553,1447,0.05795598030090332,17.254474772199025,0.9973049163818359,31.7522999830544,0.005299923941493034,1,7.702099974267185,1,,0,0,24.02140002232045,1,search_360,0.016000005416572094,1,,
1790072400.195584,1448,0.03332877159118652,30.0041061298653,2.9914379119873047,0.041800085455179214,0.005900044925510883,1,,0,,0,0,,0,search_360,0.015600002370774746,1,,
1790072400.251423,1449,0.055838823318481445,17.90868683418373,1.987457275390625,23.458800045773387,0.004500034265220165,1,,0,,0,0,23.423100006766617,1,search_360,0.01580000389367342,1,,
1790072400.2673798,1450,0.015956878662109375,62.668897920153,10.967493057250977,0.07940002251416445,0.011399970389902592,1,,0,,0,0,,0,search_360,0.0315000070258975,1,,
1790072400.3442934,1451,0.07691359519958496,13.00160260881156,4.985809326171875,40.88540002703667,0.007200054824352264,1,8.3072999259457,1,,0,0,32.54050004761666,1,search_360,0.02089992631226778,1,,
1790072400.361812,1452,0.01751875877380371,57.08166959267274,5.55109977722168,0.08350005373358727,0.012299977242946625,1,,0,,0,0,,0,search_360,0.03320001997053623,1,,
1790072400.4206536,1453,0.05884146690368652,16.994817645128222,3.998994827270508,26.717300061136484,0.009900075383484364,1,,0,,0,0,26.654800050891936,1,search_360,0.028799986466765404,1,,
1790072400.4404132,1454,0.019759654998779297,50.60817104659861,18.762826919555664,0.05080003757029772,0.006800051778554916,1,,0,,0,0,,0,search_360,0.019399914890527725,1,,
1790072400.5012422,1455,0.06082892417907715,16.439547690438395,3.9882659912109375,38.930100039578974,0.0068999361246824265,1,7.004699902608991,1,,0,0,31.887600081972778,1,search_360,0.021200045011937618,1,,
1790072400.5301657,1456,0.028923511505126953,34.57394859620489,3.9763450622558594,0.06079999729990959,0.007700058631598949,1,,0,,0,0,,0,search_360,0.026699970476329327,1,,
1790072400.5962918,1457,0.06612610816955566,15.122619910366932,3.9882659912109375,28.816299978643656,0.005800044164061546,1,,0,,0,0,28.780399938113987,1,search_360,0.015900004655122757,1,,
1790072400.609258,1458,0.012966156005859375,77.12385995881141,17.951250076293945,0.045199994929134846,0.0068999361246824265,1,,0,,0,0,,0,search_360,0.017700018361210823,1,,
1790072400.6730866,1459,0.06382870674133301,15.66693187208881,3.9887428283691406,41.31290002260357,0.007600057870149612,1,7.228399976156652,1,,0,0,34.048000001348555,1,search_360,0.019799917936325073,1,,
1790072400.693034,1460,0.019947290420532227,50.132122153827765,0.9963512420654297,0.04710000939667225,0.006600050255656242,1,,0,,0,0,,0,search_360,0.017999904230237007,1,,
1790072400.76095,1461,0.0679161548614502,14.724037337508468,4.986763000488281,31.074800062924623,0.006100046448409557,1,,0,,0,0,31.03529999498278,1,search_360,0.01819990575313568,1,,
1790072400.7729177,1462,0.011967658996582031,83.558530560204,12.96377182006836,0.037100049667060375,0.005800044164061546,1,,0,,0,0,,0,search_360,0.014499993994832039,1,,
1790072400.8329713,1463,0.06005358695983887,16.651794682451772,2.993345260620117,33.495299983769655,0.00600004568696022,1,5.952400038950145,1,,0,0,27.509299921803176,1,search_360,0.019099912606179714,1,,
1790072400.8658864,1464,0.03291511535644531,30.38117865214116,2.989530563354492,0.06500002928078175,0.006600050255656242,1,,0,,0,0,,0,search_360,0.03239989746361971,1,,
1790072400.923291,1465,0.057404518127441406,17.420231588390678,1.9941329956054688,29.425100074149668,0.005200039595365524,1,,0,,0,0,29.389500035904348,1,search_360,0.01610000617802143,1,,
1790072400.9332943,1466,0.010003328323364258,99.96672784040804,11.101007461547852,0.04469999112188816,0.004699919372797012,1,,0,,0,0,,0,search_360,0.011100084520876408,1,,
1790072400.9970722,1467,0.06377792358398438,15.679406663077936,1.9953250885009766,33.50830008275807,0.005500041879713535,1,6.504700053483248,1,,0,0,26.975300046615303,1,search_360,0.01580000389367342,1,,
1790072401.0317793,1468,0.034707069396972656,28.812573846618854,2.990245819091797,0.03490003291517496,0.005100038833916187,1,,0,,0,0,,0,search_360,0.01309998333454132,1,,
1790072401.0853832,1469,0.0536038875579834,18.655363361813986,3.0078887939453125,25.325899943709373,0.004899920895695686,1,,0,,0,0,25.29120002873242,1,search_360,0.015700003132224083,1,,
1790072401.095277,1470,0.00989389419555664,101.07243722589041,28.59044075012207,0.039199949242174625,0.006300047971308231,1,,0,,0,0,,0,search_360,0.015500001609325409,1,,
1790072401.163541,1471,0.06826400756835938,14.649008102822018,3.9870738983154297,30.406299978494644,0.005399924702942371,1,6.380000035278499,1,,0,0,23.997899959795177,1,search_360,0.015199999324977398,1,,
1790072401.1946886,1472,0.031147480010986328,32.10532600541939,2.9909610748291016,0.04369998350739479,0.006199930794537067,1,,0,,0,0,,0,search_360,0.01680001150816679,1,,
1790072401.250455,1473,0.05576634407043457,17.931962667966364,0.9970664978027344,24.8817999381572,0.009199953638017178,1,,0,,0,0,24.823099956847727,1,search_360,0.026799971237778664,1,,
1790072401.2634208,1474,0.012965917587280273,77.12527812000073,5.984783172607422,0.048600020818412304,0.00700005330145359,1,,0,,0,0,,0,search_360,0.01810002140700817,1,,
1790072401.3271434,1475,0.06372261047363281,15.693016851746535,2.985715866088867,35.72769998572767,0.006300047971308231,1,9.027499938383698,1,,0,0,26.666900026611984,1,search_360,0.018299906514585018,1,,
1790072401.361084,1476,0.03394055366516113,29.463278939567427,4.018068313598633,0.04429998807609081,0.006500049494206905,1,,0,,0,0,,0,search_360,0.017299898900091648,1,,
1790072401.4165897,1477,0.05550575256347656,18.016150647744062,1.9946098327636719,25.349800009280443,0.005700043402612209,1,,0,,0,0,25.311899953521788,1,search_360,0.01650000922381878,1,,
1790072401.4305851,1478,0.01399540901184082,71.45200252125177,6.014347076416016,0.03370002377778292,0.005300040356814861,1,,0,,0,0,,0,search_360,0.013699987903237343,1,,
1790072401.4898498,1479,0.0592646598815918,16.87346222855166,2.923250198364258,30.577700003050268,0.006300047971308231,1,7.006700034253299,1,,0,0,23.53090001270175,1,search_360,0.021200045011937618,1,,
1790072401.524752,1480,0.034902095794677734,28.6515745611039,1.993417739868164,0.06519991438835859,0.0078000593930482864,1,,0,,0,0,,0,search_360,0.024399952962994576,1,,
1790072401.591574,1481,0.06682205200195312,14.965119598104698,5.982398986816406,26.91510005388409,0.005400041118264198,1,,0,,0,0,26.878300006501377,1,search_360,0.01650000922381878,1,,
1790072401.6028724,1482,0.011298418045043945,88.50796598366709,13.293981552124023,0.04549999721348286,0.004599918611347675,1,,0,,0,0,,0,search_360,0.026499968953430653,1,,
1790072401.6597116,1483,0.0568392276763916,17.593483248811875,2.991199493408203,33.23259996250272,0.006199930794537067,1,8.109899936243892,1,,0,0,25.089000002481043,1,search_360,0.018900027498602867,1,,
1790072401.694616,1484,0.03490447998046875,28.649617486338798,3.9894580841064453,0.04630000330507755,0.006100046448409557,1,,0,,0,0,,0,search_360,0.017900019884109497,1,,
1790072401.7564507,1485,0.06183457374572754,16.17218231522288,2.9888153076171875,27.739200042560697,0.01079996582120657,1,,0,,0,0,27.678500046022236,1,search_360,0.027000089175999165,1,,
1790072401.7684152,1486,0.011964559555053711,83.58017655381305,12.96234130859375,0.03460003063082695,0.005400041118264198,1,,0,,0,0,,0,search_360,0.01309998333454132,1,,
1790072401.8253284,1487,0.056913137435913086,17.570635622153986,2.252817153930664,32.29149989783764,0.005700043402612209,1,7.394699961878359,1,,0,0,24.865999934263527,1,search_360,0.01650000922381878,1,,
1790072401.8582044,1488,0.032876014709472656,30.417312099324107,0.9973049163818359,0.06880005821585655,0.009499955922365189,1,,0,,0,0,,0,search_360,0.027099973522126675,1,,
1790072401.920707,1489,0.06250262260437012,15.999328641452577,0.9977817535400391,26.263599982485175,0.004999921657145023,1,,0,,0,0,26.228400063700974,1,search_360,0.014999997802078724,1,,
1790072401.9337034,1490,0.012996435165405273,76.94417640476235,9.006500244140625,0.03869994543492794,0.005500041879713535,1,,0,,0,0,,0,search_360,0.014899997040629387,1,,
1790072401.9910235,1491,0.05732011795043945,17.445881755941734,0.9951591491699219,33.76040002331138,0.0069999368861317635,1,7.415200001560152,1,,0,0,26.310899993404746,1,search_360,0.018700025975704193,1,,
1790072402.0311317,1492,0.04010820388793945,24.932555015277067,3.988981246948242,0.037100049667060375,0.005300040356814861,1,,0,,0,0,,0,search_360,0.014299992471933365,1,,
1790072402.0913124,1493,0.0601806640625,16.616632860040568,5.984067916870117,25.252799969166517,0.005200039595365524,1,,0,,0,0,25.215699919499457,1,search_360,0.015900004655122757,1,,
1790072402.1012862,1494,0.009973764419555664,100.26304592068463,32.254695892333984,0.032800016924738884,0.004699919372797012,1,,0,,0,0,,0,search_360,0.012499978765845299,1,,
1790072402.16448,1495,0.06319379806518555,15.824337682132697,2.9854774475097656,35.56160000152886,0.00600004568696022,1,6.8261000560596585,1,,0,0,28.70169992092997,1,search_360,0.0198000343516469,1,,
1790072402.1924052,1496,0.02792525291442871,35.80988158153116,1.9943714141845703,0.03679993096739054,0.005299923941493034,1,,0,,0,0,,0,search_360,0.013999990187585354,1,,
1790072402.2514896,1497,0.059084415435791016,16.92493684881647,3.9887428283691406,24.87339999061078,0.00700005330145359,1,,0,,0,0,24.83010001014918,1,search_360,0.020399922505021095,1,,
1790072402.26346,1498,0.011970281600952148,83.54022347481427,7.975578308105469,0.03600004129111767,0.005600042641162872,1,,0,,0,0,,0,search_360,0.014299992471933365,1,,
1790072402.3272872,1499,0.0638272762298584,15.667283002939737,1.995086669921875,34.733899985440075,0.005800044164061546,1,7.118900073692203,1,,0,0,27.58429991081357,1,search_360,0.017300015315413475,1,,
1790072402.3582046,1500,0.03091740608215332,32.34423991918382,1.993417739868164,0.11829996947199106,0.018900027498602867,1,,0,,0,0,,0,search_360,0.0447999918833375,1,,
1790072402.4166024,1501,0.058397769927978516,17.12394156888682,2.7451515197753906,23.340400075539947,0.004900037311017513,1,,0,,0,0,23.306300048716366,1,search_360,0.01580000389367342,1,,
1790072402.4275727,1502,0.010970354080200195,91.15476061113164,1.993417739868164,0.036800047382712364,0.005200039595365524,1,,0,,0,0,,0,search_360,0.014499993994832039,1,,
1790072402.4883142,1503,0.060741424560546875,16.463229290962758,1.0762214660644531,29.238099930807948,0.005399924702942371,1,6.6621999721974134,1,,0,0,22.545999963767827,1,search_360,0.016600009985268116,1,,
1790072402.5269158,1504,0.03860163688659668,25.905637186780066,0.9958744049072266,0.06519991438835859,0.011400086805224419,1,,0,,0,0,,0,search_360,0.02619996666908264,1,,
1790072402.5808272,1505,0.053911447525024414,18.548936189031537,2.0227432250976562,22.803200059570372,0.004300032742321491,1,,0,,0,0,22.77250005863607,1,search_360,0.01409999094903469,1,,
1790072402.594605,1506,0.013777732849121094,72.58088184398144,4.839897155761719,0.036400044336915016,0.005500041879713535,1,,0,,0,0,,0,search_360,0.014699995517730713,1,,
1790072402.6576703,1507,0.0630652904510498,15.856582802487571,2.0248889923095703,29.6111999778077,0.004700035788118839,1,6.857900065369904,1,,0,0,22.726699942722917,1,search_360,0.01479999627918005,1,,
1790072402.690693,1508,0.03302264213562012,30.282252882525793,2.0046234130859375,0.05789997521787882,0.006900052540004253,1,,0,,0,0,,0,search_360,0.022399937734007835,1,,
1790072402.7548933,1509,0.06420040130615234,15.576226622498849,4.1446685791015625,26.293099974282086,0.0066999346017837524,1,,0,,0,1,26.25369990710169,1,search_360,0.015199999324977398,1,,
1790072402.7658665,1510,0.010973215103149414,91.13099402498642,7.981538772583008,0.04349998198449612,0.0070999376475811005,1,,0,,0,1,,0,search_360,0.015900004655122757,1,,
1790072402.823492,1511,0.057625532150268555,17.353418921882177,0.9965896606445312,29.91209994070232,0.005400041118264198,1,6.532299914397299,1,,0,1,23.349000024609268,1,search_360,0.016000005416572094,1,,
1790072402.859397,1512,0.035904884338378906,27.851363914048182,2.9921531677246094,0.05659996531903744,0.006100046448409557,1,,0,,0,1,,0,search_360,0.020600040443241596,1,,
1790072402.9227571,1513,0.06336021423339844,15.782774917968633,2.9897689819335938,24.02859996072948,0.006700051017105579,1,,0,,0,1,23.98539998102933,1,search_360,0.017700018361210823,1,,
1790072402.9337254,1514,0.010968208312988281,91.17259368750544,8.973121643066406,0.03260001540184021,0.004699919372797012,1,,0,,0,1,,0,search_360,0.012100092135369778,1,,
1790072402.994754,1515,0.06102871894836426,16.385728182269222,2.9954910278320312,31.46189998369664,0.00609993003308773,1,6.202399963513017,1,,0,1,25.227800011634827,1,search_360,0.016700010746717453,1,,
1790072403.0271928,1516,0.03243875503540039,30.827323641388233,1.6591548919677734,0.05150004290044308,0.008699949830770493,1,,0,,0,1,,0,search_360,0.017400016076862812,1,,
1790072403.0846775,1517,0.05748462677001953,17.3959553395159,1.0421276092529297,24.058499955572188,0.005599926225841045,1,,0,,0,1,24.014699971303344,1,search_360,0.019000028260052204,1,,
1790072403.0958326,1518,0.011155128479003906,89.64486620500983,27.139663696289062,0.029399991035461426,0.004299916326999664,1,,0,,0,1,,0,search_360,0.010800082236528397,1,,
1790072403.1638386,1519,0.06800603866577148,14.704576529073966,2.9489994049072266,30.56119999382645,0.006400048732757568,1,6.262299953959882,1,,0,1,24.266800028271973,1,search_360,0.016499892808496952,1,,
1790072403.194746,1520,0.030907392501831055,32.354719018783506,2.99072265625,0.04840001929551363,0.006600050255656242,1,,0,,0,1,,0,search_360,0.017699901945888996,1,,
1790072403.2495494,1521,0.05480337142944336,18.24705257937371,2.360820770263672,22.879999945871532,0.005100038833916187,1,,0,,0,1,22.843100014142692,1,search_360,0.015099998563528061,1,,
1790072403.2625437,1522,0.01299428939819336,76.95688231624527,5.017995834350586,0.033400021493434906,0.00409991480410099,1,,0,,0,1,,0,search_360,0.013200100511312485,1,,
1790072403.3350587,1523,0.07251501083374023,13.790248232779879,1.554727554321289,38.57959993183613,0.0074999406933784485,1,8.52390006184578,1,,0,1,30.013599898666143,1,search_360,0.02280005719512701,1,,
1790072403.3636873,1524,0.02862858772277832,34.93011983976948,0.0,0.06370001938194036,0.007900060154497623,1,,0,,0,1,,0,search_360,0.02319994382560253,1,,
1790072403.4221635,1525,0.05847620964050293,17.100971594221807,1.0335445404052734,24.628999992273748,0.005500041879713535,1,,0,,0,1,24.594300077296793,1,search_360,0.01409999094903469,1,,
1790072403.4321215,1526,0.009958028793334961,100.42148107357484,1.9941329956054688,0.03600004129111767,0.004299916326999664,1,,0,,0,1,,0,search_360,0.013200100511312485,1,,
1790072403.5008745,1527,0.06875300407409668,14.544819000523631,2.991914749145508,34.15840002708137,0.006399932317435741,1,7.406999939121306,1,,0,1,26.717200060375035,1,search_360,0.017300015315413475,1,,
1790072403.53153,1528,0.030655384063720703,32.62069716436716,2.991199493408203,0.059399986639618874,0.004599918611347675,1,,0,,0,1,,0,search_360,0.031100003980100155,1,,
1790072403.5910246,1529,0.059494733810424805,16.808210339866715,3.1304359436035156,23.264499963261187,0.00509992241859436,1,,0,,0,1,23.22860003914684,1,search_360,0.015099998563528061,1,,
1790072403.6019955,1530,0.010970830917358398,91.15079865261328,4.986763000488281,0.03490003291517496,0.00400003045797348,1,,0,,0,1,,0,search_360,0.01409999094903469,1,,
1790072403.6600952,1531,0.05809974670410156,17.211778996093365,0.9958744049072266,30.440600006841123,0.006399932317435741,1,5.993600003421307,1,,0,1,24.413399980403483,1,search_360,0.017400016076862812,1,,
1790072403.6950045,1532,0.03490924835205078,28.645704138778854,0.9970664978027344,0.03930006641894579,0.004800036549568176,1,,0,,0,1,,0,search_360,0.013499986380338669,1,,
1790072403.7543378,1533,0.05933332443237305,16.853935112632705,1.996755599975586,24.817399913445115,0.005400041118264198,1,,0,,0,1,24.7766999527812,1,search_360,0.016300007700920105,1,,
1790072403.7653089,1534,0.0109710693359375,91.14881780250347,1.9946098327636719,0.03220001235604286,0.003800028935074806,1,,0,,0,1,,0,search_360,0.012599979527294636,1,,
1790072403.83104,1535,0.06573104858398438,15.213510533341072,0.9918212890625,32.94920001644641,0.0065999338403344154,1,6.760800024494529,1,,0,1,26.154299965128303,1,search_360,0.017300015315413475,1,,
1790072403.8632755,1536,0.03223562240600586,31.021581882460836,1.683950424194336,0.04440010525286198,0.005500041879713535,1,,0,,0,1,,0,search_360,0.016600009985268116,1,,
1790072403.9288096,1537,0.06553411483764648,15.25922799869029,2.9921531677246094,29.48090003337711,0.0078000593930482864,1,,0,,0,1,29.430000111460686,1,search_360,0.021300045773386955,1,,
1790072403.9417772,1538,0.012967586517333984,77.11535208678066,10.972976684570312,0.043599982745945454,0.005299923941493034,1,,0,,0,1,,0,search_360,0.01650000922381878,1,,
1790072404.0003889,1539,0.05861163139343262,17.061459922305612,2.991199493408203,32.207799958996475,0.006499933078885078,1,6.55759999062866,1,,0,1,25.616499944590032,1,search_360,0.01680001150816679,1,,
1790072404.035154,1540,0.03476524353027344,28.764360563998462,2.99072265625,0.045599997974932194,0.006100046448409557,1,,0,,0,1,,0,search_360,0.016499892808496952,1,,
1790072404.0961394,1541,0.06098532676696777,16.397386929172644,2.991199493408203,26.471299934200943,0.004300032742321491,1,,0,,0,1,26.439999928697944,1,search_360,0.013399985618889332,1,,
1790072404.106189,1542,0.010049581527709961,99.50663092216081,36.12947463989258,0.03409991040825844,0.004500034265220165,1,,0,,0,1,,0,search_360,0.013299984857439995,1,,
1790072404.1634383,1543,0.05724930763244629,17.467460155504934,3.9892196655273438,32.99939993303269,0.006500049494206905,1,6.789900013245642,1,,0,1,26.17389999795705,1,search_360,0.018400023691356182,1,,
1790072404.196952,1544,0.033513784408569336,29.838468488336524,1.567840576171875,0.03620004281401634,0.004399917088449001,1,,0,,0,1,,0,search_360,0.01300009898841381,1,,
1790072404.2566617,1545,0.05970954895019531,16.747739977639355,2.0241737365722656,24.321499979123473,0.006100046448409557,1,,0,,0,1,24.28220002911985,1,search_360,0.016200006939470768,1,,
1790072404.2676358,1546,0.01097416877746582,91.1230745834148,3.992795944213867,0.04239997360855341,0.005200039595365524,1,,0,,0,1,,0,search_360,0.01589988823980093,1,,
1790072404.3350232,1547,0.06738734245300293,14.839582087651207,0.9963512420654297,34.63870007544756,0.006500049494206905,1,7.834400050342083,1,,0,1,26.769899995997548,1,search_360,0.017000013031065464,1,,
1790072404.3659391,1548,0.03091597557067871,32.34573651780275,2.9904842376708984,0.046200002543628216,0.006200047209858894,1,,0,,0,1,,0,search_360,0.01719989813864231,1,,
1790072404.42527,1549,0.05933094024658203,16.854612380049186,1.9941329956054688,23.541599977761507,0.005199923180043697,1,,0,,0,1,23.506599944084883,1,search_360,0.013999990187585354,1,,
1790072404.4364185,1550,0.011148452758789062,89.69854576561164,8.152961730957031,0.038899946957826614,0.004899920895695686,1,,0,,0,1,,0,search_360,0.01479999627918005,1,,
1790072404.4965467,1551,0.060128211975097656,16.631128170153374,0.995635986328125,30.88239999487996,0.005500041879713535,1,6.5484000369906425,1,,0,1,24.30399996228516,1,search_360,0.015400000847876072,1,,
1790072404.5389175,1552,0.04237079620361328,23.601161403587746,4.016876220703125,0.05080003757029772,0.0067999353632330894,1,,0,,0,1,,0,search_360,0.01910002902150154,1,,
1790072404.591418,1553,0.05250048637390137,19.047442587067387,3.022432327270508,24.31470004376024,0.00509992241859436,1,,0,,0,1,24.281300022266805,1,search_360,0.013999990187585354,1,,
1790072404.6014209,1554,0.010002851486206055,99.97149326659516,5.01561164855957,0.03160000778734684,0.0038999132812023163,1,,0,,0,1,,0,search_360,0.012300093658268452,1,,
1790072404.6675503,1555,0.06612944602966309,15.12185660154236,2.991199493408203,30.803199973888695,0.006700051017105579,1,6.0186999617144465,1,,0,1,24.747599964030087,1,search_360,0.01889991108328104,1,,
1790072404.7007978,1556,0.03324747085571289,30.07747579777698,1.996755599975586,0.03460003063082695,0.004599918611347675,1,,0,,0,1,,0,search_360,0.013100099749863148,1,,
1790072404.7747338,1557,0.07393598556518555,13.525213633871852,0.9965896606445312,42.023500078357756,0.006800051778554916,1,,0,,0,1,41.98109998833388,1,search_360,0.016600009985268116,1,,
1790072404.7844803,1558,0.009746551513671875,102.60039138943249,22.226572036743164,0.03299990203231573,0.004400033503770828,1,,0,,0,1,,0,search_360,0.012499978765845299,1,,
1790072404.8269308,1559,0.0424504280090332,23.55688851446223,0.9970664978027344,28.906499966979027,0.006100046448409557,1,6.509800092317164,1,,0,1,22.36309996806085,1,search_360,0.017200014553964138,1,,
1790072404.8664346,1560,0.03950381278991699,25.314012227580253,2.991199493408203,0.043100095354020596,0.005500041879713535,1,,0,,0,1,,0,search_360,0.015300000086426735,1,,
1790072404.920627,1561,0.054192543029785156,18.452723273207216,1.0275840759277344,22.270299959927797,0.005599926225841045,1,,0,,0,1,22.230800008401275,1,search_360,0.016700010746717453,1,,
1790072404.9316332,1562,0.01100611686706543,90.85856638433377,3.027677536010742,0.04370009992271662,0.005600042641162872,1,,0,,0,1,,0,search_360,0.016300007700920105,1,,
1790072405.012394,1563,0.08076071739196777,12.382257516938019,1.9938945770263672,46.89549992326647,0.0066999346017837524,1,6.876600091345608,1,,0,1,39.98339991085231,1,search_360,0.017600017599761486,1,,
1790072405.0297842,1564,0.01739025115966797,57.50348231423087,1.0535717010498047,0.04950002767145634,0.005900044925510883,1,,0,,0,1,,0,search_360,0.01780001912266016,1,,
1790072405.091005,1565,0.06122088432312012,16.334295250000974,2.9926300048828125,25.312499958090484,0.00500003807246685,1,,0,,0,1,25.278299930505455,1,search_360,0.01409999094903469,1,,
1790072405.101145,1566,0.010139942169189453,98.61989184105337,23.15807342529297,0.03700004890561104,0.004600035026669502,1,,0,,0,1,,0,search_360,0.012899981811642647,1,,
1790072405.160854,1567,0.05970907211303711,16.74787372523339,1.3937950134277344,29.12259998265654,0.005600042641162872,1,5.996000021696091,1,,0,1,23.09639996383339,1,search_360,0.015600002370774746,1,,
1790072405.1945162,1568,0.03366208076477051,29.707016835589176,1.9948482513427734,0.04029995761811733,0.004700035788118839,1,,0,,0,1,,0,search_360,0.014899997040629387,1,,
1790072405.2523608,1569,0.05784463882446289,17.287686816312064,0.9958744049072266,21.178800030611455,0.005700043402612209,1,,0,,0,1,21.140199969522655,1,search_360,0.015600002370774746,1,,
1790072405.2643566,1570,0.011995792388916016,83.36256310370871,0.5102157592773438,0.036100042052567005,0.004500034265220165,1,,0,,0,1,,0,search_360,0.013199984095990658,1,,
1790072405.331343,1571,0.0669863224029541,14.928420670484515,3.988981246948242,32.49639994464815,0.006800051778554916,1,7.516199955716729,1,,0,1,24.941000039689243,1,search_360,0.021499930880963802,1,,
1790072405.34336,1572,0.012017011642456055,83.21536416483146,16.005754470825195,0.04369998350739479,0.004599918611347675,1,,0,,0,1,,0,search_360,0.016200006939470768,1,,
1790072405.4228055,1573,0.07944560050964355,12.587229419690955,1.9936561584472656,21.64800011087209,0.005400041118264198,1,,0,,0,1,21.61100006196648,1,search_360,0.014299992471933365,1,,
1790072405.4338353,1574,0.011029720306396484,90.66413038779127,7.407903671264648,0.034100026823580265,0.004300032742321491,1,,0,,0,1,,0,search_360,0.012599979527294636,1,,
1790072405.4964247,1575,0.06258940696716309,15.977144511444886,1.9941329956054688,31.20120009407401,0.00500003807246685,1,6.417399970814586,1,,0,1,24.755000020377338,1,search_360,0.015400000847876072,1,,
1790072405.5067005,1576,0.010275840759277344,97.31563805104409,13.067960739135742,0.0369000481441617,0.004800036549568176,1,,0,,0,1,,0,search_360,0.015300000086426735,1,,
1790072405.585778,1577,0.07907748222351074,12.645824979271877,0.9999275207519531,21.072500036098063,0.008299946784973145,1,,0,,0,1,21.016400074586272,1,search_360,0.02320006024092436,1,,
1790072405.5991297,1578,0.013351678848266602,74.89694826878092,6.295204162597656,0.044199987314641476,0.005600042641162872,1,,0,,0,1,,0,search_360,0.01759990118443966,1,,
1790072405.6584833,1579,0.05935359001159668,16.8481805364194,2.9942989349365234,27.493500034324825,0.006499933078885078,1,6.682800012640655,1,,0,1,20.77669999562204,1,search_360,0.017200014553964138,1,,
1790072405.6713974,1580,0.012914180755615234,77.43425765240188,9.415864944458008,0.041199964471161366,0.004900037311017513,1,,0,,0,1,,0,search_360,0.016400008462369442,1,,
1790072405.749511,1581,0.07811355590820312,12.801875274698443,0.9975433349609375,21.649900008924305,0.006100046448409557,1,,0,,0,1,21.612599957734346,1,search_360,0.015400000847876072,1,,
1790072405.7648888,1582,0.01537775993347168,65.02897719344486,1.9948482513427734,0.0439999857917428,0.005199923180043697,1,,0,,0,1,,0,search_360,0.01750001683831215,1,,
1790072405.845421,1583,0.08053231239318848,12.417375961063069,2.994060516357422,48.17550000734627,0.006200047209858894,1,6.648300099186599,1,,0,1,41.49360000155866,1,search_360,0.017600017599761486,1,,
1790072405.8594174,1584,0.013996362686157227,71.44713397495954,33.00309181213379,0.046900007873773575,0.0065999338403344154,1,,0,,0,1,,0,search_360,0.018700025975704193,1,,
1790072405.9196014,1585,0.06018400192260742,16.61571128629719,0.9820461273193359,21.469500032253563,0.005400041118264198,1,,0,,0,1,21.433799993246794,1,search_360,0.015199999324977398,1,,
1790072405.9315963,1586,0.01199483871459961,83.36919101570264,4.016399383544922,0.03509991802275181,0.004500034265220165,1,,0,,0,1,,0,search_360,0.013699987903237343,1,,
1790072405.9971817,1587,0.06558537483215332,15.247301743097587,2.9897689819335938,31.458499957807362,0.0070999376475811005,1,6.6651999950408936,1,,0,1,24.758199928328395,1,search_360,0.017700018361210823,1,,
1790072406.0081546,1588,0.010972976684570312,91.13297410046933,14.961481094360352,0.08219992741942406,0.008400063961744308,1,,0,,0,1,,0,search_360,0.03599992487579584,1,,
1790072406.1074533,1589,0.09929871559143066,10.07062371395163,2.023935317993164,40.97530001308769,0.005600042641162872,1,,0,,0,1,40.93609994743019,1,search_360,0.016000005416572094,1,,
1790072406.1210287,1590,0.013575315475463867,73.66311315618469,52.01244354248047,0.04199997056275606,0.00509992241859436,1,,0,,0,1,,0,search_360,0.014999997802078724,1,,
1790072406.1644573,1591,0.043428659439086914,23.026269125405566,7.014751434326172,30.22780001629144,0.005300040356814861,1,7.921800017356873,1,,0,1,22.278000018559396,1,search_360,0.014299992471933365,1,,
1790072406.1756184,1592,0.011161088943481445,89.59699228846688,15.323162078857422,0.05559995770454407,0.005700043402612209,1,,0,,0,1,,0,search_360,0.021499930880963802,1,,
1790072406.2482283,1593,0.07260990142822266,13.77222638139144,0.9942054748535156,21.814799983985722,0.0065999338403344154,1,,0,,0,1,21.764299948699772,1,search_360,0.02220005262643099,1,,
1790072406.2622232,1594,0.013994932174682617,71.4544370432205,0.9987354278564453,0.048200017772614956,0.006499933078885078,1,,0,,0,1,,0,search_360,0.018000020645558834,1,,
1790072406.3285484,1595,0.06632518768310547,15.07722834917394,2.8493404388427734,32.58439991623163,0.0078000593930482864,1,7.843200000934303,1,,0,1,24.701499962247908,1,search_360,0.020700041204690933,1,,
1790072406.3435085,1596,0.014960050582885742,66.84469377022009,15.957355499267578,0.055200071074068546,0.0070999376475811005,1,,0,,0,1,,0,search_360,0.020300038158893585,1,,
1790072406.4220743,1597,0.07856583595275879,12.728178703543543,3.022432327270508,21.187899983488023,0.00600004568696022,1,,0,,0,1,21.149600041098893,1,search_360,0.015900004655122757,1,,
1790072406.4329495,1598,0.010875225067138672,91.9521199631692,7.912397384643555,0.033400021493434906,0.00400003045797348,1,,0,,0,1,,0,search_360,0.01309998333454132,1,,
1790072406.4908931,1599,0.05794358253479004,17.25816658643065,1.0192394256591797,26.991199934855103,0.0065999338403344154,1,6.8842999171465635,1,,0,1,20.07289999164641,1,search_360,0.017600017599761486,1,,
1790072406.5036948,1600,0.012801647186279297,78.11494766640593,10.806560516357422,0.037400051951408386,0.005399924702942371,1,,0,,0,1,,0,search_360,0.01479999627918005,1,,
1790072406.5857747,1601,0.08207988739013672,12.18325258229054,2.0236968994140625,21.496100001968443,0.005500041879713535,1,,0,,0,1,21.45949995610863,1,search_360,0.014999997802078724,1,,
1790072406.5973153,1602,0.011540651321411133,86.6502220844954,3.5293102264404297,0.03260001540184021,0.0037999125197529793,1,,0,,0,1,,0,search_360,0.012100092135369778,1,,
1790072406.6596262,1603,0.06231093406677246,16.048547738481965,3.000020980834961,28.470100020058453,0.0075999414548277855,1,6.632300093770027,1,,0,1,21.800699993036687,1,search_360,0.018700025975704193,1,,
1790072406.670597,1604,0.010970830917358398,91.15079865261328,8.97526741027832,0.04109996370971203,0.005200039595365524,1,,0,,0,1,,0,search_360,0.015400000847876072,1,,
1790072406.7494795,1605,0.07888245582580566,12.67709010237051,1.714944839477539,20.818499964661896,0.006499933078885078,1,,0,,0,1,20.769999944604933,1,search_360,0.02110004425048828,1,,
1790072406.765126,1606,0.01564645767211914,63.91222990887758,2.680540084838867,0.04329998046159744,0.005800044164061546,1,,0,,0,1,,0,search_360,0.015400000847876072,1,,
1790072406.8313203,1607,0.06619429588317871,15.10704187812231,3.023386001586914,29.589600046165287,0.0066999346017837524,1,5.996200023218989,1,,0,1,23.556600091978908,1,search_360,0.020000035874545574,1,,
1790072406.8429568,1608,0.011636495590209961,85.93652549839162,17.993688583374023,0.034400029107928276,0.005200039595365524,1,,0,,0,1,,0,search_360,0.012899981811642647,1,,
1790072406.9207559,1609,0.07779908180236816,12.853622135802128,2.9840469360351562,22.73949992377311,0.005300040356814861,1,,0,,0,1,22.700399975292385,1,search_360,0.014999997802078724,1,,
1790072406.9327233,1610,0.01196742057800293,83.56019523856958,6.982088088989258,0.04239997360855341,0.005399924702942371,1,,0,,0,1,,0,search_360,0.01610000617802143,1,,
1790072406.9910064,1611,0.058283090591430664,17.157635085106993,0.9958744049072266,29.05989997088909,0.0078000593930482864,1,7.845400017686188,1,,0,1,21.173999994061887,1,search_360,0.020600040443241596,1,,
1790072407.003971,1612,0.012964725494384766,77.13236970833793,9.972333908081055,0.03359990660101175,0.004200031980872154,1,,0,,0,1,,0,search_360,0.012699980288743973,1,,
1790072407.089673,1613,0.08570194244384766,11.668346964891782,3.8232803344726562,24.64640000835061,0.006300047971308231,1,,0,,0,1,24.603100027889013,1,search_360,0.01780001912266016,1,,
1790072407.1032286,1614,0.013555526733398438,73.7706486562544,34.49845314025879,0.04630000330507755,0.007899943739175797,1,,0,,0,1,,0,search_360,0.015099998563528061,1,,
1790072407.177568,1615,0.07433938980102539,13.451818782432442,3.985881805419922,46.186899999156594,0.009699957445263863,1,8.072099997662008,1,13.957099989056587,1,1,24.115600041113794,1,search_360,0.025699962861835957,1,,
1790072407.210482,1616,0.032913923263549805,30.382279012828594,35.9044075012207,13.96580005530268,0.009899958968162537,1,,0,13.90660007018596,1,1,,0,search_360,0.02819998189806938,1,,
1790072407.2715907,1617,0.06110882759094238,16.364247841472597,0.9968280792236328,43.5388000914827,0.009499955922365189,1,,0,13.537699938751757,1,1,29.94320006109774,1,search_360,0.027300091460347176,1,,
1790072407.3054988,1618,0.03390812873840332,29.49145344217802,29.919862747192383,14.510500011965632,0.012599979527294636,1,,0,14.43079998716712,1,1,,0,search_360,0.038499943912029266,1,,
1790072407.38184,1619,0.07634115219116211,13.099094935008964,32.251834869384766,54.20539993792772,0.011499971151351929,1,7.510200026445091,1,14.596099965274334,1,1,32.04369999002665,1,search_360,0.03490003291517496,1,,
1790072407.4127567,1621,0.030916690826416016,32.34498820118142,6.981134414672852,12.528999941423535,0.009100069291889668,1,,0,12.474699993617833,1,1,,0,search_360,0.027699978090822697,1,,
1790072407.4686074,1622,0.05585074424743652,17.904864357217562,2.992391586303711,39.09660002682358,0.010499963536858559,1,,0,13.232500059530139,1,1,25.804499979130924,1,search_360,0.028999987989664078,1,,
1790072407.4987426,1623,0.030135154724121094,33.18383493148517,25.14791488647461,12.409100076183677,0.009299954399466515,1,,0,12.353300000540912,1,1,,0,search_360,0.02720009069889784,1,,
1790072407.551601,1624,0.05285835266113281,18.918485909140117,18.94855499267578,36.84860002249479,0.0071999384090304375,1,7.88230006583035,1,,0,1,28.923299978487194,1,search_360,0.017900019884109497,1,,
1790072407.5725448,1625,0.020943880081176758,47.746644658204794,0.9970664978027344,0.05270005203783512,0.0066999346017837524,1,,0,,0,1,,0,search_360,0.017200014553964138,1,,
1790072407.6222162,1626,0.04967141151428223,20.13230487143426,2.9897689819335938,22.616300033405423,0.005699926987290382,1,,0,,0,1,22.575900075025856,1,search_360,0.015500001609325409,1,,
1790072407.6341836,1627,0.01196742057800293,83.56019523856958,8.97526741027832,0.057399971410632133,0.0070999376475811005,1,,0,,0,1,,0,search_360,0.018300022929906845,1,,
1790072407.6918797,1628,0.05769610404968262,17.332192813901113,1.9958019256591797,28.09729997534305,0.006500049494206905,1,6.483100005425513,1,,0,1,21.57469990197569,1,search_360,0.017099897377192974,1,,
1790072407.7307599,1629,0.038880109786987305,25.720091982216772,2.0248889923095703,0.060699996538460255,0.007600057870149612,1,,0,,0,1,,0,search_360,0.019300030544400215,1,,
1790072407.787189,1630,0.056429147720336914,17.72133800347303,2.0432472229003906,22.023599944077432,0.006500049494206905,1,,0,,0,1,21.977299940772355,1,search_360,0.017300015315413475,1,,
1790072407.8000424,1631,0.012853384017944336,77.80052308434271,7.607698440551758,0.052200048230588436,0.0039000296965241432,1,,0,,0,1,,0,search_360,0.02759997732937336,1,,
1790072407.860085,1632,0.060042619705200195,16.65483626313846,1.9919872283935547,28.310100082308054,0.0065999338403344154,1,6.605100003071129,1,,0,1,21.66540001053363,1,search_360,0.017400016076862812,1,,
1790072407.8957646,1633,0.03567957878112793,28.02723670406479,2.992391586303711,0.0540000619366765,0.005799927748739719,1,,0,,0,1,,0,search_360,0.017600017599761486,1,,
1790072407.954608,1634,0.058843374252319336,16.99426677525354,1.9772052764892578,24.42120003979653,0.005800044164061546,1,,0,,0,1,24.37690005172044,1,search_360,0.016700010746717453,1,,
1790072407.968705,1635,0.014096975326538086,70.9372029698784,6.844520568847656,0.037199934013187885,0.004100031219422817,1,,0,,0,1,,0,search_360,0.012499978765845299,1,,
1790072408.030113,1636,0.061408042907714844,16.28451181065677,0.9975433349609375,29.690800001844764,0.006299931555986404,1,6.145499995909631,1,,0,1,23.511999985203147,1,search_360,0.013900105841457844,1,,
1790072408.0657287,1637,0.03561568260192871,28.077518860914562,2.9909610748291016,0.04880002234131098,0.005200039595365524,1,,0,,0,1,,0,search_360,0.01610000617802143,1,,
1790072408.1018183,1638,0.03608965873718262,27.708768522372186,12.161731719970703,22.66369992867112,0.00500003807246685,1,,0,,0,1,22.62579998932779,1,search_360,0.01409999094903469,1,,
1790072408.1291242,1639,0.02730584144592285,36.62220049070541,3.175973892211914,0.3505999920889735,0.005800044164061546,1,,0,,0,1,,0,search_360,0.3189999843016267,1,,
1790072408.1931527,1640,0.06402850151062012,15.618044720820688,1.1119842529296875,29.97859998140484,0.006200047209858894,1,7.292299997061491,1,,0,1,22.650200058706105,1,search_360,0.01610000617802143,1,,
1790072408.227669,1641,0.034516334533691406,28.971790125162325,1.031637191772461,0.06059999577701092,0.0075999414548277855,1,,0,,0,1,,0,search_360,0.02080004196614027,1,,
1790072408.283484,1642,0.05581498146057129,17.916336686529547,0.9973049163818359,21.546000032685697,0.005400041118264198,1,,0,,0,1,21.505999960936606,1,search_360,0.015099998563528061,1,,
1790072408.2993157,1643,0.015831708908081055,63.16437510353448,3.338336944580078,0.0491999089717865,0.005800044164061546,1,,0,,0,1,,0,search_360,0.01650000922381878,1,,
1790072408.388455,1644,0.08913922309875488,11.2184060533277,5.020618438720703,51.09640001319349,0.0074999406933784485,1,7.325000013224781,1,,0,1,43.727200012654066,1,search_360,0.019200029782950878,1,,
1790072408.4012513,1645,0.012796401977539062,78.14696676106722,1.5757083892822266,0.0439999857917428,0.005499925464391708,1,,0,,0,1,,0,search_360,0.014999997802078724,1,,
1790072408.4518309,1646,0.05057954788208008,19.770837065040112,0.9975433349609375,23.43589998781681,0.011500087566673756,1,,0,,0,1,23.360099992714822,1,search_360,0.033199903555214405,1,,
1790072408.4637985,1647,0.011967658996582031,83.558530560204,1.9936561584472656,0.058699981309473515,0.0071999384090304375,1,,0,,0,1,,0,search_360,0.020000035874545574,1,,
1790072408.549738,1648,0.08593940734863281,11.636105377632775,3.1807422637939453,50.86670001037419,0.006800051778554916,1,6.488400045782328,1,,0,1,44.33549998793751,1,search_360,0.019400031305849552,1,,
1790072408.5637,1649,0.013962030410766602,71.6228206485545,1.9779205322265625,0.055900076404213905,0.0077999429777264595,1,,0,,0,1,,0,search_360,0.01880002673715353,1,,
1790072408.6219523,1650,0.05825233459472656,17.166693952391867,2.991199493408203,21.76339994184673,0.005100038833916187,1,,0,,0,1,21.726900013163686,1,search_360,0.013599987141788006,1,,
1790072408.6329234,1651,0.0109710693359375,91.14881780250347,5.984306335449219,0.08579995483160019,0.009600073099136353,1,,0,,0,1,,0,search_360,0.02759997732937336,1,,
1790072408.6940608,1652,0.06113743782043457,16.356589933275878,0.9980201721191406,29.83390004374087,0.00879995059221983,1,6.094600073993206,1,,0,1,23.676199954934418,1,search_360,0.028900103643536568,1,,
1790072408.7324667,1653,0.0384058952331543,26.037669319493936,2.9916763305664062,0.06769993342459202,0.00800006091594696,1,,0,,0,1,,0,search_360,0.022799940779805183,1,,
1790072408.7855911,1654,0.053124427795410156,18.823732160488287,1.611948013305664,21.662099985405803,0.005200039595365524,1,,0,,0,1,21.62379992660135,1,search_360,0.01479999627918005,1,,
1790072408.7975214,1655,0.011930227279663086,83.8206998541138,1.9948482513427734,0.03450002986937761,0.004200031980872154,1,,0,,0,1,,0,search_360,0.012599979527294636,1,,
1790072408.8573987,1656,0.05987739562988281,16.700793170452013,0.9970664978027344,28.169000055640936,0.005900044925510883,1,6.8400000454857945,1,,0,1,21.29209996201098,1,search_360,0.01680001150816679,1,,
1790072408.899109,1657,0.04171013832092285,23.97498642430478,2.177715301513672,0.0415000831708312,0.004800036549568176,1,,0,,0,1,,0,search_360,0.014399993233382702,1,,
1790072408.949884,1658,0.05077505111694336,19.694711831935614,0.9970664978027344,19.892500014975667,0.005100038833916187,1,,0,,0,1,19.83590004965663,1,search_360,0.014599994756281376,1,,
1790072408.9748323,1659,0.0249483585357666,40.08279737387831,0.9968280792236328,0.04549999721348286,0.005300040356814861,1,,0,,0,1,,0,search_360,0.014999997802078724,1,,
1790072409.0265698,1660,0.05173754692077637,19.328322649917283,2.016782760620117,27.311100042425096,0.00600004568696022,1,5.771199939772487,1,,0,1,21.50700008496642,1,search_360,0.01409999094903469,1,,
1790072409.0664804,1661,0.03991055488586426,25.056028483186676,3.985166549682617,0.05510007031261921,0.00609993003308773,1,,0,,0,1,,0,search_360,0.01910002902150154,1,,
1790072409.0993924,1662,0.03291201591491699,30.38403975572829,9.974241256713867,21.370199974626303,0.005600042641162872,1,,0,,0,1,21.329600014723837,1,search_360,0.015400000847876072,1,,
1790072409.1305163,1663,0.031123876571655273,32.12967374734762,2.991199493408203,0.06269989535212517,0.006800051778554916,1,,0,,0,1,,0,search_360,0.022499938495457172,1,,
1790072409.1908636,1664,0.06034731864929199,16.570744523240425,2.993345260620117,28.35520007647574,0.00600004568696022,1,7.2561000706627965,1,,0,1,21.067900001071393,1,search_360,0.015700003132224083,1,,
1790072409.2317543,1665,0.04089069366455078,24.4554423117289,2.9916763305664062,0.04930002614855766,0.00609993003308773,1,,0,,0,1,,0,search_360,0.017900019884109497,1,,
1790072409.291962,1666,0.06020760536193848,16.609197359511185,2.997159957885742,26.678299997001886,0.004599918611347675,1,,0,,0,1,26.64379996713251,1,search_360,0.015099998563528061,1,,
1790072409.3039303,1667,0.011968374252319336,83.55353692304628,8.975982666015625,0.04970002919435501,0.005999929271638393,1,,0,,0,1,,0,search_360,0.01910002902150154,1,,
1790072409.3600469,1668,0.056116580963134766,17.82004503547606,1.9958019256591797,30.74479999486357,0.006199930794537067,1,7.8471999149769545,1,,0,1,22.864900063723326,1,search_360,0.017200014553964138,1,,
1790072409.3949533,1669,0.03490638732910156,28.648052019015353,1.9927024841308594,0.07199996616691351,0.0097999582067132,1,,0,,0,1,,0,search_360,0.02859998494386673,1,,
1790072409.4496796,1670,0.054726362228393555,18.272729252980977,2.986431121826172,20.942300092428923,0.006200047209858894,1,,0,,0,1,20.897599984891713,1,search_360,0.020699924789369106,1,,
1790072409.4606528,1671,0.010973215103149414,91.13099402498642,1.0304450988769531,0.03959995228797197,0.004800036549568176,1,,0,,0,1,,0,search_360,0.014499993994832039,1,,
1790072409.5223122,1672,0.06165933609008789,16.218144135365673,0.9970664978027344,27.60959998704493,0.00600004568696022,1,6.39739993494004,1,,0,1,21.180700045078993,1,search_360,0.016900012269616127,1,,
1790072409.5638838,1673,0.041571617126464844,24.054873712463582,2.987384796142578,0.04039995837956667,0.004899920895695686,1,,0,,0,1,,0,search_360,0.015199999324977398,1,,
1790072409.6216989,1674,0.0578150749206543,17.29652692437751,2.9838085174560547,22.017599898390472,0.005100038833916187,1,,0,,0,1,21.97939995676279,1,search_360,0.014599994756281376,1,,
1790072409.6319475,1675,0.010248661041259766,97.57372167682502,5.797147750854492,0.03630004357546568,0.004600035026669502,1,,0,,0,1,,0,search_360,0.013199984095990658,1,,
1790072409.6943862,1676,0.0624387264251709,16.015701428478696,3.021240234375,26.644099969416857,0.005900044925510883,1,6.069600000046194,1,,0,1,20.5452999798581,1,search_360,0.015099998563528061,1,,
1790072409.7310379,1677,0.036651611328125,27.283930058284763,2.005338668823242,0.0447999918833375,0.005199923180043697,1,,0,,0,1,,0,search_360,0.014499993994832039,1,,
1790072409.7891738,1678,0.058135986328125,17.201049868766404,2.9931068420410156,23.336999933235347,0.00500003807246685,1,,0,,0,1,23.302300018258393,1,search_360,0.013999990187585354,1,,
1790072409.800176,1679,0.011002063751220703,90.89203831317991,4.021167755126953,0.035100034438073635,0.004199915565550327,1,,0,,0,1,,0,search_360,0.013399985618889332,1,,
1790072409.8593946,1680,0.059218645095825195,16.88657344966,1.9931793212890625,27.204200043343008,0.005999929271638393,1,6.163499900139868,1,,0,1,21.005600108765066,1,search_360,0.018600025214254856,1,,
1790072409.9002516,1681,0.04085707664489746,24.475564140120326,2.99072265625,0.04239997360855341,0.005199923180043697,1,,0,,0,1,,0,search_360,0.015199999324977398,1,,
1790072409.9541929,1682,0.05394124984741211,18.53868797680401,2.99072265625,21.475399960763752,0.00500003807246685,1,,0,,0,1,21.441500051878393,1,search_360,0.013999990187585354,1,,
1790072409.9651632,1683,0.010970354080200195,91.15476061113164,3.020763397216797,0.033199903555214405,0.004200031980872154,1,,0,,0,1,,0,search_360,0.01209997572004795,1,,
1790072410.0290334,1684,0.06387019157409668,15.656755919385123,2.992391586303711,28.05850002914667,0.006399932317435741,1,5.9890999691560864,1,,0,1,22.036600043065846,1,search_360,0.016900012269616127,1,,
1790072410.0692043,1685,0.040170907974243164,24.89363697333357,7.976293563842773,0.05280005279928446,0.006900052540004253,1,,0,,0,1,,0,search_360,0.018699909560382366,1,,
1790072410.1107426,1686,0.041538238525390625,24.074203324455873,15.008687973022461,23.40189996175468,0.005199923180043697,1,,0,,0,1,23.36599992122501,1,search_360,0.014399993233382702,1,,
1790072410.1313012,1687,0.020558595657348633,48.64145473100697,0.9946823120117188,0.04269997589290142,0.005199923180043697,1,,0,,0,1,,0,search_360,0.016000005416572094,1,,
1790072410.1924436,1688,0.0611424446105957,16.355250536166896,3.020763397216797,28.459699940867722,0.005999929271638393,1,6.978599936701357,1,,0,1,21.44769998267293,1,search_360,0.017600017599761486,1,,
1790072410.2263212,1689,0.03387761116027832,29.51801988838296,0.9975433349609375,0.07780001033097506,0.007600057870149612,1,,0,,0,1,,0,search_360,0.028999987989664078,1,,
1790072410.2853563,1690,0.05903506278991699,16.939085904907294,2.027273178100586,22.34539994969964,0.005899928510189056,1,,0,,0,1,22.30549999512732,1,search_360,0.015900004655122757,1,,
1790072410.2992866,1691,0.013930320739746094,71.78585609639214,0.9977817535400391,0.03860006108880043,0.004500034265220165,1,,0,,0,1,,0,search_360,0.014499993994832039,1,,
1790072410.3606386,1692,0.06135201454162598,16.299383279770254,1.9938945770263672,30.834199977107346,0.005799927748739719,1,6.522099953144789,1,,0,1,24.265100015327334,1,search_360,0.031200004741549492,1,,
1790072410.3918662,1693,0.031227588653564453,32.02296568889432,0.9963512420654297,0.0657000346109271,0.005200039595365524,1,,0,,0,1,,0,search_360,0.01619989052414894,1,,
1790072410.461515,1694,0.06964874267578125,14.357760981487568,3.9930343627929688,27.59359998162836,0.00600004568696022,1,,0,,0,1,27.552400017157197,1,search_360,0.016700010746717453,1,,
1790072410.4724858,1695,0.010970830917358398,91.15079865261328,14.960289001464844,0.04509999416768551,0.005800044164061546,1,,0,,0,1,,0,search_360,0.016900012269616127,1,,
1790072410.5323317,1696,0.059845924377441406,16.709575637818112,1.993417739868164,30.107300030067563,0.006400048732757568,1,6.337500060908496,1,,0,1,23.737299954518676,1,search_360,0.016700010746717453,1,,
1790072410.5632126,1697,0.03088092803955078,32.38244649640221,2.9904842376708984,0.04499999340623617,0.00600004568696022,1,,0,,0,1,,0,search_360,0.016200006939470768,1,,
1790072410.621901,1698,0.05868840217590332,17.039141685997148,2.9904842376708984,25.550999911502004,0.00600004568696022,1,,0,,0,1,25.51139995921403,1,search_360,0.016200006939470768,1,,
1790072410.6348662,1699,0.012965202331542969,77.12953291651343,8.97669792175293,0.04909990821033716,0.005600042641162872,1,,0,,0,1,,0,search_360,0.019300030544400215,1,,
1790072410.690081,1700,0.055214643478393555,18.111137499082417,1.9931793212890625,28.64389994647354,0.00609993003308773,1,6.749499938450754,1,,0,1,21.862199995666742,1,search_360,0.016700010746717453,1,,
1790072410.7279809,1701,0.03789997100830078,26.385244457864673,0.965118408203125,0.04700000863522291,0.005800044164061546,1,,0,,0,1,,0,search_360,0.017000013031065464,1,,
1790072410.7833169,1702,0.05533599853515625,18.071418723286914,3.9894580841064453,21.60470001399517,0.00600004568696022,1,,0,,0,1,21.563499933108687,1,search_360,0.01680001150816679,1,,
1790072410.7972786,1703,0.0139617919921875,71.624043715847,5.9833526611328125,0.034800032153725624,0.004500034265220165,1,,0,,0,1,,0,search_360,0.013199984095990658,1,,
1790072410.858567,1704,0.06128835678100586,16.316312796134785,1.993417739868164,31.424000044353306,0.005700043402612209,1,6.382000050507486,1,,0,1,25.009099976159632,1,search_360,0.017600017599761486,1,,
1790072410.8967128,1705,0.03814578056335449,26.2152192256008,3.0319690704345703,0.04529999569058418,0.005299923941493034,1,,0,,0,1,,0,search_360,0.016300007700920105,1,,
1790072410.9504988,1706,0.05378603935241699,18.592185110485605,0.995635986328125,21.70850010588765,0.009300070814788342,1,,0,,0,1,21.666400018148124,1,search_360,0.015099998563528061,1,,
1790072410.962962,1707,0.012463092803955078,80.23690553621303,5.9795379638671875,0.03779993858188391,0.00509992241859436,1,,0,,0,1,,0,search_360,0.014399993233382702,1,,
1790072411.0245447,1708,0.06158280372619629,16.238299322098204,2.9916763305664062,28.39789993595332,0.006500049494206905,1,7.142000016756356,1,,0,1,21.223000017926097,1,search_360,0.01610000617802143,1,,
1790072411.0631182,1709,0.038573503494262695,25.924531334021474,1.9791126251220703,0.04369998350739479,0.00609993003308773,1,,0,,0,1,,0,search_360,0.014999997802078724,1,,
1790072411.0969217,1710,0.033803462982177734,29.582767911300447,6.981134414672852,22.516500088386238,0.005200039595365524,1,,0,,0,1,22.480900050140917,1,search_360,0.013999990187585354,1,,
1790072411.1331694,1711,0.03624773025512695,27.5879342778589,3.562450408935547,0.03969995304942131,0.004599918611347675,1,,0,,0,1,,0,search_360,0.014699995517730713,1,,
1790072411.1918843,1712,0.058714866638183594,17.031461659655335,0.9965896606445312,28.73440005350858,0.006100046448409557,1,7.585400016978383,1,,0,1,21.1175000295043,1,search_360,0.015700003132224083,1,,
1790072411.2277894,1713,0.03590512275695801,27.85117897434876,1.9943714141845703,0.04430010449141264,0.005500041879713535,1,,0,,0,1,,0,search_360,0.01610000617802143,1,,
1790072411.2893853,1714,0.061595916748046875,16.23484238558246,1.9779205322265625,22.122399997897446,0.006100046448409557,1,,0,,0,1,22.080499911680818,1,search_360,0.017499900422990322,1,,
1790072411.3013523,1715,0.011966943740844727,83.56352479429403,6.980180740356445,0.03699993249028921,0.004900037311017513,1,,0,,0,1,,0,search_360,0.013399985618889332,1,,
1790072411.362382,1716,0.061029672622680664,16.38547213226188,3.023862838745117,30.106799909844995,0.006600050255656242,1,6.128599983640015,1,,0,1,23.943100008182228,1,search_360,0.018200022168457508,1,,
1790072411.3987496,1717,0.03636765480041504,27.496961392973507,3.0219554901123047,0.04809990059584379,0.00600004568696022,1,,0,,0,1,,0,search_360,0.017000013031065464,1,,
1790072411.45348,1718,0.05473041534423828,18.271376047674643,3.0214786529541016,21.20640000794083,0.005299923941493034,1,,0,,0,1,21.171599975787103,1,search_360,0.013899989426136017,1,,
1790072411.4654815,1719,0.012001514434814453,83.32281775199651,5.017995834350586,0.039499951526522636,0.004899920895695686,1,,0,,0,1,,0,search_360,0.014699995517730713,1,,
1790072411.526088,1720,0.06060647964477539,16.49988591749868,0.9970664978027344,29.39189993776381,0.006600050255656242,1,7.173300022259355,1,,0,1,22.18109997920692,1,search_360,0.019200029782950878,1,,
1790072411.5587416,1721,0.0326535701751709,30.624522667367607,1.0297298431396484,0.05510007031261921,0.006900052540004253,1,,0,,0,1,,0,search_360,0.018999911844730377,1,,
1790072411.6182072,1722,0.059465646743774414,16.816431919235658,0.9968280792236328,24.39020003657788,0.005899928510189056,1,,0,,0,1,24.34900007210672,1,search_360,0.01680001150816679,1,,
1790072411.6297157,1723,0.011508464813232422,86.892562668324,3.946542739868164,0.037499936297535896,0.004900037311017513,1,,0,,0,1,,0,search_360,0.013699987903237343,1,,
1790072411.6937797,1724,0.06406402587890625,15.609384303918066,3.9861202239990234,29.664200032129884,0.006499933078885078,1,6.896800012327731,1,,0,1,22.73359999526292,1,search_360,0.016700010746717453,1,,
1790072411.729697,1725,0.03591728210449219,27.841750305347563,1.546621322631836,0.04329998046159744,0.005200039595365524,1,,0,,0,1,,0,search_360,0.015199999324977398,1,,
1790072411.785696,1726,0.055999040603637695,17.85744879234663,3.0336380004882812,21.146399900317192,0.005600042641162872,1,,0,,0,1,21.10809995792806,1,search_360,0.015900004655122757,1,,
1790072411.7976487,1727,0.011952638626098633,83.66353499690823,2.0241737365722656,0.038199941627681255,0.004700035788118839,1,,0,,0,1,,0,search_360,0.013999990187585354,1,,
1790072411.8572917,1728,0.05964303016662598,16.766418426533313,2.025604248046875,27.72560005541891,0.006199930794537067,1,6.73529994674027,1,,0,1,20.956500084139407,1,search_360,0.017200014553964138,1,,
1790072411.8962839,1729,0.03899216651916504,25.64617689320982,3.0345916748046875,0.04939991049468517,0.005900044925510883,1,,0,,0,1,,0,search_360,0.01780001912266016,1,,
1790072411.9514742,1730,0.055190324783325195,18.119117869408385,0.9958744049072266,21.819100016728044,0.0068999361246824265,1,,0,,0,1,21.764100063592196,1,search_360,0.02320006024092436,1,,
1790072411.9633977,1731,0.011923551559448242,83.86762912159325,1.9941329956054688,0.04179996903985739,0.004599918611347675,1,,0,,0,1,,0,search_360,0.018400023691356182,1,,
1790072412.026838,1732,0.06344032287597656,15.762845374462584,1.9924640655517578,27.95930008869618,0.006200047209858894,1,6.377100013196468,1,,0,1,21.5458000311628,1,search_360,0.01850002445280552,1,,
1790072412.0626488,1733,0.03581070899963379,27.924607692358904,1.9941329956054688,0.0654000323265791,0.008199946023523808,1,,0,,0,1,,0,search_360,0.02050003968179226,1,,
1790072412.0968082,1734,0.03415942192077637,29.27450008724481,5.984067916870117,22.51330006401986,0.00500003807246685,1,,0,,0,1,22.479600040242076,1,search_360,0.013699987903237343,1,,
1790072412.1313822,1735,0.034574031829833984,28.923441874577627,4.9877166748046875,0.04020007327198982,0.005100038833916187,1,,0,,0,1,,0,search_360,0.014499993994832039,1,,
1790072412.1928837,1736,0.061501502990722656,16.259765231279754,2.4499893188476562,30.500699998810887,0.00609993003308773,1,6.796199944801629,1,,0,1,23.657200043089688,1,search_360,0.017200014553964138,1,,
1790072412.2277768,1737,0.034893035888671875,28.65901388433366,0.9984970092773438,0.08429994340986013,0.007300055585801601,1,,0,,0,1,,0,search_360,0.02259993925690651,1,,
1790072412.2922366,1738,0.06445980072021484,15.513544702697105,2.994537353515625,25.892000063322484,0.0075999414548277855,1,,0,,0,1,25.844800053164363,1,search_360,0.019400031305849552,1,,
1790072412.303716,1739,0.011479377746582031,87.11273573149455,9.484529495239258,0.04109996370971203,0.004599918611347675,1,,0,,0,1,,0,search_360,0.015700003132224083,1,,
1790072412.3649182,1740,0.061202287673950195,16.3392585147701,1.9936561584472656,35.65650002565235,0.005599926225841045,1,6.513300002552569,1,,0,1,29.11230002064258,1,search_360,0.01580000389367342,1,,
1790072412.3955176,1741,0.030599355697631836,32.680426669159985,0.9999275207519531,0.05280005279928446,0.006399932317435741,1,,0,,0,1,,0,search_360,0.01880002673715353,1,,
1790072412.4522161,1742,0.05669856071472168,17.63713200819138,2.0294189453125,22.854899987578392,0.005799927748739719,1,,0,,0,1,22.81979995314032,1,search_360,0.014199991710484028,1,,
1790072412.4636238,1743,0.011407613754272461,87.66075198027045,2.027750015258789,0.03550003748387098,0.004300032742321491,1,,0,,0,1,,0,search_360,0.013399985618889332,1,,
1790072412.5260127,1744,0.06238889694213867,16.028493033422755,0.9760856628417969,29.94340006262064,0.006200047209858894,1,6.397200049832463,1,,0,1,23.51460000500083,1,search_360,0.015400000847876072,1,,
1790072412.5663414,1745,0.0403287410736084,24.796211668863915,3.006458282470703,0.03590004052966833,0.004199915565550327,1,,0,,0,1,,0,search_360,0.013499986380338669,1,,
1790072412.6243377,1746,0.057996273040771484,17.242487276673764,3.244161605834961,23.493199958465993,0.004999921657145023,1,,0,,0,1,23.45829992555082,1,search_360,0.014100107364356518,1,,
1790072412.6353083,1747,0.010970592498779297,91.15277958882079,6.98089599609375,0.04160008393228054,0.005400041118264198,1,,0,,0,1,,0,search_360,0.016200006939470768,1,,
1790072412.6971793,1748,0.06187105178833008,16.16264749177283,2.031564712524414,31.271499930880964,0.00609993003308773,1,6.058699917048216,1,,0,1,25.18009999766946,1,search_360,0.016700010746717453,1,,
1790072412.7380557,1749,0.04087638854980469,24.464000746582055,2.9916763305664062,0.05030003376305103,0.00609993003308773,1,,0,,0,1,,0,search_360,0.018200022168457508,1,,
1790072412.7908611,1750,0.052805423736572266,18.937448641424584,2.0253658294677734,24.87930003553629,0.004799920134246349,1,,0,,0,1,24.844200001098216,1,search_360,0.01479999627918005,1,,
1790072412.801866,1751,0.011004924774169922,90.86840850990077,1.6279220581054688,0.04090007860213518,0.005299923941493034,1,,0,,0,1,,0,search_360,0.014899997040629387,1,,
1790072412.862862,1752,0.060996055603027344,16.394502728310325,2.0236968994140625,29.912599944509566,0.006500049494206905,1,6.097399978898466,1,,0,1,23.780700052157044,1,search_360,0.018000020645558834,1,,
1790072412.897765,1753,0.03490281105041504,28.650987410600234,2.022266387939453,0.0415000831708312,0.004800036549568176,1,,0,,0,1,,0,search_360,0.015300000086426735,1,,
1790072412.9590178,1754,0.06125283241271973,16.325775651679752,2.028942108154297,23.920999956317246,0.005199923180043697,1,,0,,0,1,23.88769993558526,1,search_360,0.01409999094903469,1,,
1790072412.9689944,1755,0.009976625442504883,100.23429322499702,6.983518600463867,0.03469991497695446,0.004200031980872154,1,,0,,0,1,,0,search_360,0.01279998105019331,1,,
1790072413.0289974,1756,0.060003042221069336,16.66582164810407,1.0013580322265625,30.70350002963096,0.0069999368861317635,1,6.195200025103986,1,,0,1,24.472699966281652,1,search_360,0.0171000137925148,1,,
1790072413.0663917,1757,0.03739428520202637,26.742054156066896,0.9977817535400391,0.03760005347430706,0.004700035788118839,1,,0,,0,1,,0,search_360,0.013499986380338669,1,,
1790072413.1023283,1758,0.035936594009399414,27.826788474679724,5.021810531616211,23.749599931761622,0.004800036549568176,1,,0,,0,1,23.715600022114813,1,search_360,0.014299992471933365,1,,
1790072413.1505263,1759,0.04819798469543457,20.747755457392028,2.9916763305664062,0.048200017772614956,0.005699926987290382,1,,0,,0,1,,0,search_360,0.01810002140700817,1,,
1790072413.1952758,1760,0.04474949836730957,22.346619213289788,1.9938945770263672,29.874100000597537,0.006400048732757568,1,5.952599924057722,1,,0,1,23.884000023826957,1,search_360,0.02089992631226778,1,,
1790072413.2360156,1761,0.04073977470397949,24.54603657644477,2.025127410888672,0.044599990360438824,0.005300040356814861,1,,0,,0,1,,0,search_360,0.016200006939470768,1,,
1790072413.2897966,1762,0.05378103256225586,18.593915965492478,2.9878616333007812,23.958300007507205,0.005799927748739719,1,,0,,0,1,23.91780004836619,1,search_360,0.016900012269616127,1,,
1790072413.3007674,1763,0.010970830917358398,91.15079865261328,4.98652458190918,0.037100049667060375,0.004800036549568176,1,,0,,0,1,,0,search_360,0.014499993994832039,1,,
1790072413.3674717,1764,0.06670427322387695,14.991543295041069,2.99072265625,33.49960001651198,0.005499925464391708,1,5.401000031270087,1,,0,1,28.06919999420643,1,search_360,0.015500001609325409,1,,
1790072413.3966153,1765,0.029143571853637695,34.31288398766331,2.9909610748291016,0.049400026910007,0.006100046448409557,1,,0,,0,1,,0,search_360,0.019099912606179714,1,,
1790072413.4553206,1766,0.05870532989501953,17.034228438682845,3.134489059448242,24.440000066533685,0.006100046448409557,1,,0,,0,1,24.404000025242567,1,search_360,0.014499993994832039,1,,
1790072413.4663236,1767,0.01100301742553711,90.88416034669555,8.0108642578125,0.033899908885359764,0.004200031980872154,1,,0,,0,1,,0,search_360,0.013699987903237343,1,,
1790072413.6547105,1768,0.1883869171142578,5.308224240399316,2.9935836791992188,37.2324000345543,0.0097999582067132,1,8.137200027704239,1,,0,1,29.044399969279766,1,search_360,0.025900080800056458,1,,
1790072413.6666775,1772,0.011966943740844727,83.56352479429403,4.975557327270508,0.0369000481441617,0.005499925464391708,1,,0,,0,1,,0,search_360,0.013699987903237343,1,,
1790072413.7574959,1773,0.09081840515136719,11.010983933634359,3.6437511444091797,27.081800042651594,0.0069999368861317635,1,,0,,0,1,27.035200037062168,1,search_360,0.017000013031065464,1,,
1790072413.7744493,1774,0.016953468322753906,58.98498059290094,6.949663162231445,0.03899994771927595,0.005600042641162872,1,,0,,0,1,,0,search_360,0.015600002370774746,1,,
1790072413.8421128,1775,0.06766343116760254,14.779031786357342,3.988981246948242,34.65919999871403,0.0067999353632330894,1,7.098700036294758,1,,0,1,27.519900002516806,1,search_360,0.019700033590197563,1,,
1790072413.8550794,1776,0.012966632843017578,77.12102379288788,28.08403968811035,0.07509998977184296,0.010100076906383038,1,,0,,0,1,,0,search_360,0.02859998494386673,1,,
1790072413.9029508,1777,0.04787135124206543,20.889320523739087,7.976770401000977,32.49790007248521,0.006500049494206905,1,,0,,0,1,32.44760003872216,1,search_360,0.016900012269616127,1,,
1790072413.9305313,1778,0.02758049964904785,36.257501231835825,1.9941329956054688,0.05200004670768976,0.006299931555986404,1,,0,,0,1,,0,search_360,0.018900027498602867,1,,
1790072413.9985905,1779,0.06805920600891113,14.693089423774175,2.991199493408203,32.38150000106543,0.006200047209858894,1,7.280200021341443,1,,0,1,25.07009997498244,1,search_360,0.016000005416572094,1,,
1790072414.0090206,1780,0.010430097579956055,95.87638009463507,13.419151306152344,0.04220008850097656,0.005500041879713535,1,,0,,0,1,,0,search_360,0.016300007700920105,1,,
1790072414.0585852,1781,0.04956459999084473,20.175689911443126,2.0287036895751953,26.366199948824942,0.00600004568696022,1,,0,,0,1,26.324399979785085,1,search_360,0.01680001150816679,1,,
1790072414.0705483,1782,0.011963129043579102,83.59017079538434,5.017518997192383,0.04529999569058418,0.0066999346017837524,1,,0,,0,1,,0,search_360,0.01580000389367342,1,,
1790072414.1653357,1783,0.0947873592376709,10.54992994891427,2.991199493408203,33.370799967087805,0.00700005330145359,1,7.679100031964481,1,,0,1,25.656300014816225,1,search_360,0.01750001683831215,1,,
1790072414.1773324,1784,0.011996746063232422,83.35593624547876,14.991044998168945,0.044599990360438824,0.005600042641162872,1,,0,,0,1,,0,search_360,0.01650000922381878,1,,
1790072414.2252266,1785,0.04789423942565918,20.879337723948765,3.6296844482421875,23.344499990344048,0.0065999338403344154,1,,0,,0,1,23.301600012928247,1,search_360,0.018300022929906845,1,,
1790072414.2696066,1786,0.04437994956970215,22.532697979510377,2.0279884338378906,0.06220000796020031,0.01109996810555458,1,,0,,0,1,,0,search_360,0.025999965146183968,1,,
1790072414.3523355,1787,0.08272886276245117,12.087679760223638,0.0,49.35370001476258,0.009100069291889668,1,6.3038000371307135,1,13.18030001129955,1,1,29.823799966834486,1,search_360,0.02859998494386673,1,,
1790072414.380262,1789,0.02792644500732422,35.80835296929959,1.993417739868164,14.448900008574128,0.009800074622035027,1,,0,14.38790000975132,1,1,,0,search_360,0.030199997127056122,1,,
1790072414.4774945,1790,0.09723258018493652,10.284618572272775,1.0526180267333984,44.91489997599274,0.011899974197149277,1,,0,12.382499990053475,1,1,32.47730003204197,1,search_360,0.025600078515708447,1,,
1790072414.503302,1791,0.025807619094848633,38.74824703219548,28.93853187561035,11.960300034843385,0.007999944500625134,1,,0,11.90630008932203,1,1,,0,search_360,0.02319994382560253,1,,
1790072414.574558,1792,0.07125592231750488,14.033921216318856,12.067317962646484,55.920699960552156,0.009400071576237679,1,8.95200006198138,1,12.866399949416518,1,1,34.058499964885414,1,search_360,0.02759997732937336,1,,
1790072414.6030233,1793,0.02846527099609375,35.13052800857679,50.54116249084473,13.759900000877678,0.009200070053339005,1,,0,13.700000010430813,1,1,,0,search_360,0.02619996666908264,1,,
1790072414.661105,1794,0.058081626892089844,17.217148580529695,12.203454971313477,43.16979995928705,0.00800006091594696,1,,0,12.735999887809157,1,1,30.388399958610535,1,search_360,0.021700048819184303,1,,
1790072414.6920254,1796,0.03092050552368164,32.34099776389853,1.9924640655517578,15.308200032450259,0.008899951353669167,1,,0,15.250499942339957,1,1,,0,search_360,0.026400084607303143,1,,
1790072414.7547288,1797,0.06270337104797363,15.948105871930098,3.9887428283691406,48.83250000420958,0.010999967344105244,1,7.6271999860182405,1,12.642299989238381,1,1,28.509499970823526,1,search_360,0.033100019209086895,1,,
1790072414.7814717,1798,0.026742935180664062,37.39305327722702,6.992816925048828,12.669600080698729,0.008899951353669167,1,,0,12.616899912245572,1,1,,0,search_360,0.02750009298324585,1,,
1790072414.8407853,1799,0.05931353569030762,16.85955808167088,1.9936561584472656,44.078500010073185,0.010200077667832375,1,,0,11.622799909673631,1,1,32.400700030848384,1,search_360,0.028999987989664078,1,,
1790072414.8677137,1800,0.026928424835205078,37.135480672179625,28.485774993896484,11.78019994404167,0.008800067007541656,1,,0,11.72549999319017,1,1,,0,search_360,0.025799963623285294,1,,
1790072414.9231343,1801,0.055420637130737305,18.04381998786841,10.971307754516602,38.91989996191114,0.008500064723193645,1,9.606400039047003,1,,0,1,29.263700009323657,1,search_360,0.020099920220673084,1,,
1790072414.9364495,1802,0.013315200805664062,75.1021343647042,7.852792739868164,0.057299970649182796,0.007900060154497623,1,,0,,0,1,,0,search_360,0.019999919459223747,1,,
1790072415.0076637,1803,0.07121419906616211,14.042143464549003,2.991914749145508,41.669399943202734,0.022399937734007835,1,,0,,0,1,41.60759993828833,1,search_360,0.014699995517730713,1,,
1790072415.019568,1804,0.011904239654541016,84.00368515922291,27.262210845947266,0.044899992644786835,0.005200039595365524,1,,0,,0,1,,0,search_360,0.0171000137925148,1,,
1790072415.084397,1805,0.06482911109924316,15.425169079815971,6.011724472045898,49.88579999189824,0.01079996582120657,1,7.027499959804118,1,,0,1,42.789499973878264,1,search_360,0.030700000934302807,1,,
1790072415.0951226,1806,0.01072549819946289,93.23576223714045,24.69158172607422,0.034800032153725624,0.004100031219422817,1,,0,,0,1,,0,search_360,0.011899974197149277,1,,
1790072415.174421,1807,0.07929849624633789,12.610579611668,2.9909610748291016,41.06419999152422,0.005300040356814861,1,,0,,0,1,41.023500030860305,1,search_360,0.015099998563528061,1,,
1790072415.1864195,1808,0.011998414993286133,83.34434177844014,25.798320770263672,0.044899992644786835,0.004899920895695686,1,,0,,0,1,,0,search_360,0.015199999324977398,1,,
1790072415.247915,1809,0.06149554252624512,16.261341211409253,1.9931793212890625,48.99959999602288,0.006100046448409557,1,6.429499946534634,1,,0,1,42.53570002038032,1,search_360,0.014599994756281376,1,,
1790072415.2639024,1810,0.015987396240234375,62.54927225005965,0.9908676147460938,0.047200010158121586,0.005999929271638393,1,,0,,0,1,,0,search_360,0.01650000922381878,1,,
1790072415.3329344,1811,0.06903195381164551,14.486045154226863,0.9961128234863281,33.06329995393753,0.005899928510189056,1,,0,,0,1,33.01869996357709,1,search_360,0.018300022929906845,1,,
1790072415.3458998,1812,0.01296544075012207,77.12811459884887,19.943714141845703,0.07909990381449461,0.009499955922365189,1,,0,,0,1,,0,search_360,0.027700094506144524,1,,
1790072415.4240239,1813,0.0781240463256836,12.800156251907373,0.0,62.84999998752028,0.009300070814788342,1,6.350000039674342,1,12.80539995059371,1,1,43.65220002364367,1,search_360,0.02619996666908264,1,,
1790072415.4564037,1814,0.032379865646362305,30.883389416173948,2.9916763305664062,13.570399954915047,0.010199961252510548,1,,0,13.508599950000644,1,1,,0,search_360,0.02789997961372137,1,,
1790072415.5052695,1815,0.04886579513549805,20.464212180056403,8.975028991699219,35.18170001916587,0.0070999376475811005,1,,0,11.84829999692738,1,1,23.29260006081313,1,search_360,0.019400031305849552,1,,
1790072415.5322165,1816,0.026947021484375,37.10985277463194,16.97063446044922,13.331699999980628,0.007999944500625134,1,,0,13.273699907585979,1,1,,0,search_360,0.024000066332519054,1,,
1790072415.5913718,1817,0.05915522575378418,16.904677266590088,16.95084571838379,47.60799999348819,0.009199953638017178,1,7.562399958260357,1,11.954400106333196,1,1,28.049199958331883,1,search_360,0.02629996743053198,1,,
1790072415.6173024,1818,0.02593064308166504,38.564411875580404,7.978200912475586,12.666399939917028,0.007900060154497623,1,,0,12.61600002180785,1,1,,0,search_360,0.025799963623285294,1,,
1790072415.6973584,1819,0.08005595207214355,12.491263598974326,3.99017333984375,64.94950002525002,0.0074999406933784485,1,,0,11.805499903857708,1,1,53.09940001461655,1,search_360,0.021900050342082977,1,,
1790072415.7279065,1821,0.030548095703125,32.735264735264735,9.973287582397461,16.357899992726743,0.007500057108700275,1,,0,16.311900108121336,1,1,,0,search_360,0.02029992174357176,1,,
1790072415.8299189,1822,0.10201239585876465,9.802730262158454,1.992940902709961,48.282000003382564,0.010200077667832375,1,6.417099968530238,1,13.010599999688566,1,1,28.809600044041872,1,search_360,0.027099973522126675,1,,
1790072415.855854,1824,0.02593517303466797,38.55767604339033,11.96742057800293,12.958700070157647,0.008599949069321156,1,,0,12.907600030303001,1,1,,0,search_360,0.025000073947012424,1,,
1790072415.9107027,1825,0.054848670959472656,18.23198233442874,4.9877166748046875,42.33049997128546,0.008699949830770493,1,,0,12.593300081789494,1,1,29.684799956157804,1,search_360,0.026499968953430653,1,,
1790072415.93241,1826,0.02170729637145996,46.06745966369018,1.3508796691894531,0.14510005712509155,0.006600050255656242,1,,0,,0,1,,0,search_360,0.017399899661540985,1,,
1790072416.0052185,1827,0.07280850410461426,13.734659327201102,2.9926300048828125,35.17599997576326,0.005599926225841045,1,5.990499979816377,1,,0,1,29.150799964554608,1,search_360,0.015500001609325409,1,,
1790072416.0181847,1828,0.012966156005859375,77.12385995881141,23.936748504638672,0.04199997056275606,0.004800036549568176,1,,0,,0,1,,0,search_360,0.014399993233382702,1,,
1790072416.0543833,1829,0.03619861602783203,27.625365545222227,0.9968280792236328,23.544800002127886,0.005700043402612209,1,,0,,0,1,23.499000002630055,1,search_360,0.016200006939470768,1,,
1790072416.0680418,1830,0.013658523559570312,73.21435553693618,1.9948482513427734,0.06180000491440296,0.00509992241859436,1,,0,,0,1,,0,search_360,0.03130000550299883,1,,
1790072416.2024524,1831,0.13441061973571777,7.439888321073367,1.9922256469726562,51.20440002065152,0.005600042641162872,1,6.234399974346161,1,,0,1,44.93450000882149,1,search_360,0.01610000617802143,1,,
1790072416.2138216,1832,0.01136922836303711,87.95671685610033,25.032997131347656,0.049400026910007,0.0066999346017837524,1,,0,,0,1,,0,search_360,0.01750001683831215,1,,
1790072416.2909162,1833,0.07709455490112305,12.971084680137803,3.9947032928466797,24.89239990245551,0.005100038833916187,1,,0,,0,1,24.856299976818264,1,search_360,0.013499986380338669,1,,
1790072416.302884,1835,0.011967897415161133,83.55686594816423,4.986047744750977,0.05280005279928446,0.006199930794537067,1,,0,,0,1,,0,search_360,0.01880002673715353,1,,
1790072416.3853657,1836,0.08248162269592285,12.12391278584085,0.9934902191162109,51.54989997390658,0.020499923266470432,1,6.668600020930171,1,,0,1,44.83030003029853,1,search_360,0.016300007700920105,1,,
1790072416.4175344,1837,0.03216862678527832,31.086188623309244,2.9916763305664062,0.0817000400274992,0.009599956683814526,1,,0,,0,1,,0,search_360,0.03190001007169485,1,,
1790072416.4951646,1838,0.07763028144836426,12.881571228943045,0.0,24.459499982185662,0.005499925464391708,1,,0,,0,1,24.420700035989285,1,search_360,0.01479999627918005,1,,
1790072416.5061347,1840,0.010970115661621094,91.15674171955142,2.9914379119873047,0.03620004281401634,0.004100031219422817,1,,0,,0,1,,0,search_360,0.012499978765845299,1,,
1790072416.5725522,1841,0.06641745567321777,15.056282868168356,0.9927749633789062,29.63200001977384,0.006200047209858894,1,6.182699929922819,1,,0,1,23.41080002952367,1,search_360,0.017799902707338333,1,,
1790072416.6021774,1842,0.02962517738342285,33.75507214885278,4.02522087097168,0.05250005051493645,0.006199930794537067,1,,0,,0,1,,0,search_360,0.018200022168457508,1,,
1790072416.6580198,1843,0.05584239959716797,17.907539919733583,1.9960403442382812,24.780399980954826,0.004899920895695686,1,,0,,0,1,24.742099922150373,1,search_360,0.014899997040629387,1,,
1790072416.6689925,1844,0.010972738265991211,91.13495426199944,2.023935317993164,0.04069996066391468,0.004999921657145023,1,,0,,0,1,,0,search_360,0.013500102795660496,1,,
1790072416.7353027,1845,0.06631016731262207,15.080643595505618,3.344297409057617,32.633200054988265,0.005400041118264198,1,6.508600083179772,1,,0,1,26.091799954883754,1,search_360,0.014399993233382702,1,,
1790072416.7662532,1846,0.030950546264648438,32.30960744438282,1.0249614715576172,0.04539999645203352,0.005499925464391708,1,,0,,0,1,,0,search_360,0.01479999627918005,1,,
1790072416.8235896,1847,0.05733633041381836,17.440948745457117,0.0,25.73400002438575,0.005300040356814861,1,,0,,0,1,25.69689997471869,1,search_360,0.014199991710484028,1,,
1790072416.8357098,1848,0.012120246887207031,82.50657014713983,1.9946098327636719,0.034100026823580265,0.0039000296965241432,1,,0,,0,1,,0,search_360,0.011899974197149277,1,,
1790072416.897887,1849,0.062177181243896484,16.08307066988765,2.024412155151367,32.15500002261251,0.005400041118264198,1,6.341299973428249,1,,0,1,25.779100018553436,1,search_360,0.015900004655122757,1,,
1790072416.9323702,1850,0.03448319435119629,28.999633555274386,1.001596450805664,0.05509995389729738,0.005900044925510883,1,,0,,0,1,,0,search_360,0.019200029782950878,1,,
1790072417.022076,1851,0.0897057056427002,11.147562943019723,2.991914749145508,54.54769998323172,0.005400041118264198,1,,0,,0,1,54.50960004236549,1,search_360,0.013999990187585354,1,,
1790072417.0333197,1852,0.011243820190429688,88.93774385072095,39.13259506225586,0.06739993114024401,0.008900067768990993,1,,0,,0,1,,0,search_360,0.02659996971487999,1,,
1790072417.08019,1853,0.04687023162841797,21.335503693002625,6.015777587890625,33.21739996317774,0.01009996049106121,1,7.735699997283518,1,,0,1,25.41830006521195,1,search_360,0.028900103643536568,1,,
1790072417.0925412,1854,0.012351274490356445,80.9633047003185,10.174989700317383,0.03929995000362396,0.004500034265220165,1,,0,,0,1,,0,search_360,0.013699987903237343,1,,
1790072417.1643014,1855,0.07176017761230469,13.935305531191027,1.996755599975586,27.85740001127124,0.005500041879713535,1,,0,,0,1,27.815300039947033,1,search_360,0.015700003132224083,1,,
1790072417.1758986,1856,0.011597156524658203,86.22803338678509,13.592004776000977,0.05309993866831064,0.00409991480410099,1,,0,,0,1,,0,search_360,0.026400084607303143,1,,
1790072417.2441874,1857,0.06828880310058594,14.643689076334386,2.9892921447753906,28.68979994673282,0.005699926987290382,1,6.353499949909747,1,,0,1,22.30229997076094,1,search_360,0.015300000086426735,1,,
1790072417.2659278,1858,0.021740436553955078,45.997236417871164,1.9941329956054688,0.041499966755509377,0.005100038833916187,1,,0,,0,1,,0,search_360,0.013299984857439995,1,,
1790072417.3349416,1859,0.06901383399963379,14.489848513637227,0.9975433349609375,32.53259998746216,0.005900044925510883,1,,0,,0,1,32.48939989134669,1,search_360,0.016700010746717453,1,,
1790072417.3490853,1860,0.014143705368041992,70.70283026819277,22.119998931884766,0.0439999857917428,0.004799920134246349,1,,0,,0,1,,0,search_360,0.01479999627918005,1,,
1790072417.3940744,1861,0.04498910903930664,22.227601776383427,1.9953250885009766,28.9340999443084,0.006800051778554916,1,6.250999984331429,1,,0,1,22.644400014542043,1,search_360,0.017400016076862812,1,,
1790072417.4314256,1862,0.037351131439208984,26.772950683637387,2.7136802673339844,0.05000003147870302,0.00609993003308773,1,,0,,0,1,,0,search_360,0.01650000922381878,1,,
1790072417.4888666,1863,0.057440996170043945,17.409168828473593,3.130674362182617,22.421599947847426,0.005799927748739719,1,,0,,0,1,22.374999942258,1,search_360,0.016300007700920105,1,,
1790072417.499837,1864,0.010970354080200195,91.15476061113164,8.97669792175293,0.04659988917410374,0.005600042641162872,1,,0,,0,1,,0,search_360,0.016300007700920105,1,,
1790072417.5596704,1865,0.059833526611328125,16.713037934332164,1.2829303741455078,30.07980005349964,0.0066999346017837524,1,7.659100112505257,1,,0,1,22.381399990990758,1,search_360,0.017300015315413475,1,,
1790072417.5987027,1866,0.0390322208404541,25.619859143745458,0.9958744049072266,0.07449998520314693,0.005299923941493034,1,,0,,0,1,,0,search_360,0.04060007631778717,1,,
1790072417.6543977,1867,0.0556950569152832,17.954914769565328,2.989530563354492,21.91849995870143,0.004600035026669502,1,,0,,0,1,21.886699949391186,1,search_360,0.013499986380338669,1,,
1790072417.6653695,1868,0.010971784591674805,91.14287576870423,2.963542938232422,0.035100034438073635,0.004100031219422817,1,,0,,0,1,,0,search_360,0.013399985618889332,1,,
1790072417.7256618,1869,0.06029224395751953,16.585881273627432,2.99072265625,28.59650005120784,0.006800051778554916,1,6.750699947588146,1,,0,1,21.808900055475533,1,search_360,0.0195999164134264,1,,
1790072417.7663763,1870,0.04071450233459473,24.56127283054887,0.9999275207519531,0.04409998655319214,0.005699926987290382,1,,0,,0,1,,0,search_360,0.015400000847876072,1,,
1790072417.823189,1871,0.05681276321411133,17.60167862688321,3.0257701873779297,23.370999959297478,0.0065999338403344154,1,,0,,0,1,23.327499977312982,1,search_360,0.017600017599761486,1,,
1790072417.8354018,1872,0.012212753295898438,81.88161799156646,7.765293121337891,0.031400006264448166,0.004300032742321491,1,,0,,0,1,,0,search_360,0.011199968867003918,1,,
1790072417.8932636,1873,0.0578618049621582,17.282557995797106,2.9921531677246094,28.76969997305423,0.005899928510189056,1,5.983399925753474,1,,0,1,22.755000041797757,1,search_360,0.016200006939470768,1,,
1790072417.9331572,1874,0.03989362716674805,25.066660291885302,2.991199493408203,0.060999998822808266,0.006299931555986404,1,,0,,0,1,,0,search_360,0.03060000017285347,1,,
1790072417.9874887,1875,0.05433154106140137,18.405515110824414,3.275632858276367,21.96469996124506,0.00509992241859436,1,,0,,0,1,21.929699927568436,1,search_360,0.013800105080008507,1,,
1790072417.998723,1876,0.011234283447265625,89.01324278438031,7.245063781738281,0.035499921068549156,0.004900037311017513,1,,0,,0,1,,0,search_360,0.013499986380338669,1,,
1790072418.0775144,1877,0.07879137992858887,12.691743702246766,1.9946098327636719,29.07940000295639,0.006300047971308231,1,6.418899982236326,1,,0,1,22.627600003033876,1,search_360,0.016900012269616127,1,,
1790072418.0904777,1878,0.012963294982910156,77.14088133598176,2.9878616333007812,0.0342000275850296,0.004899920895695686,1,,0,,0,1,,0,search_360,0.012699980288743973,1,,
1790072418.1994836,1879,0.10900592803955078,9.173813002510915,2.9892921447753906,25.43739997781813,0.005700043402612209,1,,0,,0,1,25.39899991825223,1,search_360,0.015400000847876072,1,,
1790072418.2104533,1880,0.01096963882446289,91.16070419474028,13.961553573608398,0.06789993494749069,0.005899928510189056,1,,0,,0,1,,0,search_360,0.016600009985268116,1,,
1790072418.2643669,1881,0.05391359329223633,18.54819793923849,1.9941329956054688,30.337499920278788,0.0067999353632330894,1,6.6544999135658145,1,,0,1,23.649799986742437,1,search_360,0.016400008462369442,1,,
1790072418.2753372,1882,0.010970354080200195,91.15476061113164,7.977724075317383,0.040599959902465343,0.004700035788118839,1,,0,,0,1,,0,search_360,0.015700003132224083,1,,
1790072418.3680332,1883,0.09269595146179199,10.78795766406461,2.9938220977783203,30.86350008379668,0.005300040356814861,1,,0,,0,1,30.82640003412962,1,search_360,0.014999997802078724,1,,
1790072418.3770432,1885,0.009010076522827148,110.98684872059485,15.99740982055664,0.04469999112188816,0.005699926987290382,1,,0,,0,1,,0,search_360,0.017200014553964138,1,,
1790072418.4576075,1886,0.08056426048278809,12.412451799438314,2.953767776489258,27.327499934472144,0.005900044925510883,1,6.688600056804717,1,,0,1,20.60779999010265,1,search_360,0.016400008462369442,1,,
1790072418.467552,1887,0.009944438934326172,100.55871493646607,5.982875823974609,0.06130000110715628,0.004599918611347675,1,,0,,0,1,,0,search_360,0.013599987141788006,1,,
1790072418.5240867,1888,0.056534767150878906,17.688230630387476,1.0256767272949219,22.490400006063282,0.005400041118264198,1,,0,,0,1,22.453899960964918,1,search_360,0.014699995517730713,1,,
1790072418.5354905,1889,0.011403799057006836,87.69007547406494,7.74073600769043,0.032400013878941536,0.004699919372797012,1,,0,,0,1,,0,search_360,0.012300093658268452,1,,
1790072418.6342418,1890,0.09875130653381348,10.126448298257094,3.0202865600585938,31.73770010471344,0.005200039595365524,1,5.899399984627962,1,,0,0,25.810700026340783,1,search_360,0.015400000847876072,1,,
1790072418.6432185,1891,0.00897669792175293,111.39953786088019,19.947052001953125,0.03200001083314419,0.004600035026669502,1,,0,,0,0,,0,search_360,0.012199976481497288,1,,
1790072418.6880407,1892,0.04482221603393555,22.31036500388302,0.9968280792236328,25.822199997492135,0.009999959729611874,1,,0,,0,0,25.761199998669326,1,search_360,0.025699962861835957,1,,
1790072418.7006044,1893,0.012563705444335938,79.59435251252467,5.624532699584961,0.04529999569058418,0.006100046448409557,1,,0,,0,0,,0,search_360,0.017300015315413475,1,,
1790072418.7953315,1894,0.0947270393371582,10.55664789058528,2.676248550415039,30.12400004081428,0.005400041118264198,1,6.420099991373718,1,,0,0,23.674700059928,1,search_360,0.016300007700920105,1,,
1790072418.8063023,1895,0.010970830917358398,91.15079865261328,12.96544075012207,0.03829994238913059,0.005499925464391708,1,,0,,0,0,,0,search_360,0.014199991710484028,1,,
1790072418.8527884,1896,0.04648613929748535,21.51178856993389,2.1576881408691406,23.611700045876205,0.006299931555986404,1,,0,,0,0,23.567600059323013,1,search_360,0.019400031305849552,1,,
1790072418.8637583,1897,0.010969877243041992,91.15872291408576,3.988981246948242,0.04910002462565899,0.005500041879713535,1,,0,,0,0,,0,search_360,0.013199984095990658,1,,
1790072418.9749186,1898,0.1111602783203125,8.99601921757035,1.9948482513427734,41.42710007727146,0.007900060154497623,1,5.805199965834618,1,,0,0,35.57960002217442,1,search_360,0.023999949917197227,1,,
1790072418.985888,1899,0.010969400405883789,91.16268556152058,25.929927825927734,0.04979991354048252,0.0068999361246824265,1,,0,,0,0,,0,search_360,0.01810002140700817,1,,
1790072419.0224192,1900,0.03653120994567871,27.37385379479582,5.983114242553711,23.950900067575276,0.005300040356814861,1,,0,,0,0,23.912600008770823,1,search_360,0.017300015315413475,1,,
1790072419.03393,1901,0.011510848999023438,86.87456503728252,8.012056350708008,0.03200001083314419,0.004800036549568176,1,,0,,0,0,,0,search_360,0.013399985618889332,1,,
1790072419.0971117,1902,0.06318163871765137,15.827383086229213,2.0182132720947266,29.761800076812506,0.004700035788118839,1,5.8145999209955335,1,,0,0,23.92090007197112,1,search_360,0.01479999627918005,1,,
1790072419.1310244,1903,0.03391265869140625,29.487514060742406,1.9965171813964844,0.03909994848072529,0.00600004568696022,1,,0,,0,0,,0,search_360,0.014999997802078724,1,,
1790072419.1906273,1904,0.059602975845336914,16.777685775201707,2.985239028930664,24.461799999698997,0.004700035788118839,1,,0,,0,0,24.429299985058606,1,search_360,0.014599994756281376,1,,
1790072419.2016268,1905,0.010999441146850586,90.91370976482064,8.008241653442383,0.040499959141016006,0.005999929271638393,1,,0,,0,0,,0,search_360,0.015700003132224083,1,,
1790072419.2973018,1906,0.09567499160766602,10.452052131874703,3.0221939086914062,33.147200010716915,0.005200039595365524,1,9.748900076374412,1,,0,0,23.371399962343276,1,search_360,0.014999997802078724,1,,
1790072419.30904,1907,0.011738300323486328,85.19120932688793,16.73293113708496,0.10069995187222958,0.01580000389367342,1,,0,,0,0,,0,search_360,0.042899977415800095,1,,
1790072419.3624103,1908,0.05337023735046387,18.7370349026808,2.9921531677246094,30.186700052581728,0.006600050255656242,1,,0,,0,0,30.14749998692423,1,search_360,0.016999896615743637,1,,
1790072419.3773718,1909,0.014961481094360352,66.83830255127245,16.961336135864258,0.056699966080486774,0.0066999346017837524,1,,0,,0,0,,0,search_360,0.01910002902150154,1,,
1790072419.4679544,1910,0.09058260917663574,11.039646672685304,4.018306732177734,35.849599982611835,0.006499933078885078,1,7.839999976567924,1,,0,0,27.976799989119172,1,search_360,0.018000020645558834,1,,
1790072419.481856,1911,0.013901710510253906,71.93359401797352,17.385244369506836,0.037899939343333244,0.005499925464391708,1,,0,,0,0,,0,search_360,0.014199991710484028,1,,
1790072419.5237498,1912,0.041893720626831055,23.869925732009218,3.988027572631836,27.791299973614514,0.005900044925510883,1,,0,,0,0,27.749900007620454,1,search_360,0.01880002673715353,1,,
1790072419.5377092,1913,0.013959407806396484,71.63627668659265,10.968446731567383,0.06019999273121357,0.008399947546422482,1,,0,,0,0,,0,search_360,0.01680001150816679,1,,
1790072419.6275709,1914,0.08986163139343262,11.12821995876967,0.9815692901611328,35.37910000886768,0.006800051778554916,1,7.39309994969517,1,,0,0,27.947099995799363,1,search_360,0.021399930119514465,1,,
1790072419.6395652,1915,0.011994361877441406,83.37250536693965,13.987302780151367,0.044199987314641476,0.006900052540004253,1,,0,,0,0,,0,search_360,0.018999911844730377,1,,
1790072419.6914482,1916,0.05188298225402832,19.274142629346592,2.992391586303711,26.53709996957332,0.006299931555986404,1,,0,,0,0,26.494399993680418,1,search_360,0.019200029782950878,1,,
1790072419.7014213,1917,0.00997304916381836,100.2702366722448,8.973836898803711,0.03820005804300308,0.005200039595365524,1,,0,,0,0,,0,search_360,0.014699995517730713,1,,
1790072419.797599,1918,0.09617781639099121,10.397408025304971,1.9958019256591797,35.31129995826632,0.006400048732757568,1,8.331999997608364,1,,0,0,26.94739995058626,1,search_360,0.01759990118443966,1,,
1790072419.8098032,1919,0.012204170227050781,81.93920450105493,16.193628311157227,0.039400067180395126,0.00600004568696022,1,,0,,0,0,,0,search_360,0.014899997040629387,1,,
1790072419.8710938,1920,0.06129050254821777,16.31574156555971,3.9894580841064453,27.885599993169308,0.00509992241859436,1,,0,,0,0,27.85099996253848,1,search_360,0.015600002370774746,1,,
1790072419.884,1921,0.012906312942504883,77.4814623242754,24.872541427612305,0.04170008469372988,0.005800044164061546,1,,0,,0,0,,0,search_360,0.01580000389367342,1,,
1790072419.9650886,1922,0.08108854293823242,12.33219840639793,1.9936561584472656,34.74519995506853,0.006300047971308231,1,7.277099997736514,1,,0,0,27.436100062914193,1,search_360,0.017700018361210823,1,,
1790072419.9768882,1923,0.01179957389831543,84.74882301832656,16.785860061645508,0.03839994315057993,0.005699926987290382,1,,0,,0,0,,0,search_360,0.014699995517730713,1,,
1790072420.0241587,1924,0.04727053642272949,21.154826572248535,2.9904842376708984,25.82139999140054,0.005100038833916187,1,,0,,0,0,25.78249992802739,1,search_360,0.01810002140700817,1,,
1790072420.0341325,1925,0.009973764419555664,100.26304592068463,8.975505828857422,0.03130000550299883,0.004500034265220165,1,,0,,0,0,,0,search_360,0.012699980288743973,1,,
1790072420.1001492,1926,0.06601667404174805,15.147688285047709,0.9973049163818359,30.188199947588146,0.005800044164061546,1,5.93530002515763,1,,0,0,24.21779988799244,1,search_360,0.020799925550818443,1,,
1790072420.1299818,1927,0.02983260154724121,33.52037529869652,1.993417739868164,0.03820005804300308,0.005900044925510883,1,,0,,0,0,,0,search_360,0.014599994756281376,1,,
1790072420.1888244,1928,0.05884265899658203,16.99447334727152,2.9916763305664062,24.33829999063164,0.006300047971308231,1,,0,,0,0,24.297499912790954,1,search_360,0.017999904230237007,1,,
1790072420.2007804,1929,0.011955976486206055,83.6401778770415,9.961366653442383,0.04139996599406004,0.00600004568696022,1,,0,,0,0,,0,search_360,0.016000005416572094,1,,
1790072420.3003018,1930,0.09952139854431152,10.048090306475686,0.9965896606445312,34.90339999552816,0.008399947546422482,1,7.007200038060546,1,,0,0,27.848999947309494,1,search_360,0.024900073185563087,1,,
1790072420.3169067,1931,0.016604900360107422,60.223185825460185,24.58333969116211,0.3369000041857362,0.007600057870149612,1,,0,,0,0,,0,search_360,0.30559999868273735,1,,
1790072420.3636336,1932,0.04672694206237793,21.400929653497425,8.266687393188477,29.75830005016178,0.004900037311017513,1,,0,,0,0,29.722200008109212,1,search_360,0.016700010746717453,1,,
1790072420.3756025,1933,0.011968851089477539,83.550208163184,15.956640243530273,0.05679996684193611,0.014100107364356518,1,,0,,0,0,,0,search_360,0.019099912606179714,1,,
1790072420.4649453,1934,0.08934283256530762,11.19283966365206,2.99072265625,33.387199975550175,0.00600004568696022,1,6.79749995470047,1,,0,0,26.557400007732213,1,search_360,0.01789990346878767,1,,
1790072420.4766016,1935,0.01165628433227539,85.7906320310902,18.634557723999023,0.04299997817724943,0.0065999338403344154,1,,0,,0,0,,0,search_360,0.01650000922381878,1,,
1790072420.5171914,1936,0.04058980941772461,24.636725679311116,1.050710678100586,24.017499992623925,0.005899928510189056,1,,0,,0,0,23.97520001977682,1,search_360,0.019400031305849552,1,,
1790072420.5301769,1937,0.012985467910766602,77.00916184705774,6.005048751831055,0.03860006108880043,0.005800044164061546,1,,0,,0,0,,0,search_360,0.014699995517730713,1,,
1790072420.6284494,1938,0.09827256202697754,10.175780292829677,3.0226707458496094,33.03039993625134,0.009200070053339005,1,6.605600006878376,1,,0,0,26.383899967186153,1,search_360,0.02159993164241314,1,,
1790072420.6402707,1939,0.011821269989013672,84.59327981928926,10.83993911743164,0.0350000336766243,0.005200039595365524,1,,0,,0,0,,0,search_360,0.013699987903237343,1,,
1790072420.683587,1940,0.04331636428833008,23.085963386576545,0.9968280792236328,24.046699982136488,0.006700051017105579,1,,0,,0,0,23.991699912585318,1,search_360,0.027999980375170708,1,,
1790072420.6955562,1941,0.01196908950805664,83.54854388271383,6.973505020141602,0.03450002986937761,0.005700043402612209,1,,0,,0,0,,0,search_360,0.01409999094903469,1,,
1790072420.7895105,1942,0.09395432472229004,10.643469610960405,0.9975433349609375,31.976399943232536,0.00609993003308773,1,6.801100098527968,1,,0,0,25.140399928204715,1,search_360,0.020000035874545574,1,,
1790072420.8007843,1943,0.011273860931396484,88.7007570951233,8.281469345092773,0.032199895940721035,0.004400033503770828,1,,0,,0,0,,0,search_360,0.01309998333454132,1,,
1790072420.8580425,1944,0.05725812911987305,17.464769027057187,3.0210018157958984,26.084100012667477,0.008300063200294971,1,,0,,0,0,26.038100011646748,1,search_360,0.019499915651977062,1,,
1790072420.8690128,1945,0.010970354080200195,91.15476061113164,9.972810745239258,0.03850006032735109,0.006100046448409557,1,,0,,0,0,,0,search_360,0.017499900422990322,1,,
1790072420.9624407,1946,0.09342789649963379,10.703441236139998,1.9948482513427734,30.571699957363307,0.006400048732757568,1,6.724699982441962,1,,0,0,23.814799962565303,1,search_360,0.017799902707338333,1,,
1790072420.9723032,1947,0.009862422943115234,101.39496204612483,12.485504150390625,0.038499943912029266,0.005399924702942371,1,,0,,0,0,,0,search_360,0.01580000389367342,1,,
1790072421.0201788,1948,0.04787564277648926,20.887448021712608,0.9965896606445312,24.125600000843406,0.005800044164061546,1,,0,,0,0,24.07319995108992,1,search_360,0.02329994458705187,1,,
1790072421.032147,1949,0.011968135833740234,83.55520140244631,4.987239837646484,0.033100019209086895,0.004800036549568176,1,,0,,0,0,,0,search_360,0.01309998333454132,1,,
1790072421.0976708,1950,0.06552386283874512,15.261615489016727,1.6522407531738281,29.677200014702976,0.005600042641162872,1,5.349899991415441,1,,0,0,24.299400043673813,1,search_360,0.015199999324977398,1,,
1790072421.1303751,1951,0.03270435333251953,30.57696906074126,2.9239654541015625,0.04290009383112192,0.005300040356814861,1,,0,,0,0,,0,search_360,0.015300000086426735,1,,
1790072421.1871157,1952,0.056740522384643555,17.624088710727897,1.9938945770263672,23.22410000488162,0.004400033503770828,1,,0,,0,0,23.18999997805804,1,search_360,0.015400000847876072,1,,
1790072421.1991158,1953,0.012000083923339844,83.33275053643806,9.007930755615234,0.03300001844763756,0.00500003807246685,1,,0,,0,0,,0,search_360,0.012999982573091984,1,,
1790072421.2945805,1954,0.09546470642089844,10.47507542306847,1.9955635070800781,30.58629995211959,0.004799920134246349,1,7.244899985380471,1,,0,0,23.313899990171194,1,search_360,0.015900004655122757,1,,
1790072421.3055542,1955,0.010973691940307617,91.12703413213983,13.327836990356445,0.0610999995842576,0.0097999582067132,1,,0,,0,0,,0,search_360,0.024699955247342587,1,,
1790072421.355134,1956,0.04957985877990723,20.16948060379028,1.0004043579101562,26.977999950759113,0.005899928510189056,1,,0,,0,0,26.933099958114326,1,search_360,0.01780001912266016,1,,
1790072421.3658245,1957,0.010690450668334961,93.54142599076697,6.705522537231445,0.03190001007169485,0.004699919372797012,1,,0,,0,0,,0,search_360,0.0127000967040658,1,,
1790072421.461761,1958,0.09593653678894043,10.423557421089647,1.0266304016113281,30.227400013245642,0.005700043402612209,1,6.319699925370514,1,,0,0,23.878399981185794,1,search_360,0.016300007700920105,1,,
1790072421.4717355,1959,0.009974479675292969,100.25585620040157,11.96599006652832,0.04050007555633783,0.005800044164061546,1,,0,,0,0,,0,search_360,0.016300007700920105,1,,
1790072421.517478,1960,0.04574251174926758,21.861501735658663,1.9936561584472656,22.98689994495362,0.004899920895695686,1,,0,,0,0,22.951899911276996,1,search_360,0.01650000922381878,1,,
1790072421.5274851,1961,0.010007143020629883,99.92862078002526,1.0313987731933594,0.03729993477463722,0.005599926225841045,1,,0,,0,0,,0,search_360,0.014399993233382702,1,,
1790072421.63042,1962,0.1029348373413086,9.714883957937648,3.988981246948242,32.535100006498396,0.00600004568696022,1,7.037999923340976,1,,0,0,25.465400074608624,1,search_360,0.01810002140700817,1,,
1790072421.6414142,1963,0.010994195938110352,90.95708368572853,12.989044189453125,0.03170000854879618,0.004800036549568176,1,,0,,0,0,,0,search_360,0.012299977242946625,1,,
1790072421.6871064,1964,0.04569220542907715,21.8855708672716,2.0246505737304688,23.0833999812603,0.007400056347250938,1,,0,,0,0,23.033199948258698,1,search_360,0.022499938495457172,1,,
1790072421.6981072,1965,0.011000871658325195,90.9018876920743,4.987239837646484,0.039400067180395126,0.005700043402612209,1,,0,,0,0,,0,search_360,0.015600002370774746,1,,
1790072421.798955,1966,0.10084772109985352,9.915940480299584,1.9927024841308594,31.555699999444187,0.005300040356814861,1,6.572099984623492,1,,0,0,24.954200023785233,1,search_360,0.016400008462369442,1,,
1790072421.8097405,1967,0.010785579681396484,92.71638887660816,15.977621078491211,0.03590004052966833,0.005200039595365524,1,,0,,0,0,,0,search_360,0.013899989426136017,1,,
1790072421.855409,1968,0.04566836357116699,21.89699655959112,2.995014190673828,23.367299931123853,0.00500003807246685,1,,0,,0,0,23.3326000161469,1,search_360,0.015400000847876072,1,,
1790072421.8667865,1969,0.011377573013305664,87.89220678527273,6.794929504394531,0.03570003900676966,0.005600042641162872,1,,0,,0,0,,0,search_360,0.015300000086426735,1,,
1790072421.96521,1970,0.09842348098754883,10.160177124059514,1.0330677032470703,30.855600023642182,0.0077999429777264595,1,6.456200033426285,1,,0,0,24.341900018043816,1,hover,0.039400067180395126,1,,
1790072421.9762163,1971,0.011006355285644531,90.85659821505935,9.011030197143555,0.036800047382712364,0.004900037311017513,1,,0,,0,0,,0,hover,0.017600017599761486,1,,
1790072422.025792,1972,0.0495755672454834,20.17122658523096,3.1468868255615234,24.630500003695488,0.005100038833916187,1,,0,,0,0,24.594099959358573,1,hover,0.018399907276034355,1,,
1790072422.0367641,1973,0.010972261428833008,91.13891484322374,5.985498428344727,0.03600004129111767,0.00509992241859436,1,,0,,0,0,,0,hover,0.016000005416572094,1,,
1790072422.1019235,1974,0.06515932083129883,15.346998514442111,1.9953250885009766,30.91530001256615,0.006200047209858894,1,6.318699917756021,1,,0,0,24.558000033721328,1,hover,0.02319994382560253,1,,
1790072422.133805,1975,0.03188157081604004,31.36608311334794,1.9905567169189453,0.03969995304942131,0.005499925464391708,1,,0,,0,0,,0,hover,0.01680001150816679,1,,
1790072422.1909852,1976,0.057180166244506836,17.488581542836414,1.5056133270263672,24.22389993444085,0.004399917088449001,1,,0,,0,0,24.189600022509694,1,hover,0.016600009985268116,1,,
1790072422.201956,1977,0.010970830917358398,91.15079865261328,4.986763000488281,0.034899916499853134,0.004700035788118839,1,,0,,0,0,,0,hover,0.01610000617802143,1,,
1790072422.2982864,1978,0.09633040428161621,10.380938473761196,2.9897689819335938,31.450800015591085,0.005200039595365524,1,6.0625000623986125,1,,0,0,25.35769995301962,1,hover,0.018400023691356182,1,,
1790072422.3114486,1979,0.01316213607788086,75.9755099083433,16.152620315551758,0.06889994256198406,0.008699949830770493,1,,0,,0,0,,0,hover,0.03130000550299883,1,,
1790072422.3603947,1980,0.04894614219665527,20.430619352638885,2.992391586303711,27.231200016103685,0.005300040356814861,1,,0,,0,0,27.18740003183484,1,hover,0.021399930119514465,1,,
1790072422.3715868,1981,0.011192083358764648,89.34886990605628,8.200883865356445,0.03220001235604286,0.004399917088449001,1,,0,,0,0,,0,hover,0.014699995517730713,1,,
1790072422.4323738,1982,0.06078696250915527,16.450896026419933,3.031015396118164,31.691899988800287,0.030499999411404133,1,5.835399962961674,1,,0,0,25.80090006813407,1,hover,0.018099904991686344,1,,
1790072422.4666605,1983,0.0342867374420166,29.165796299258044,0.0,0.041899969801306725,0.005799927748739719,1,,0,,0,0,,0,hover,0.017000013031065464,1,,
1790072422.5269973,1984,0.06033682823181152,16.573625583334323,1.9960403442382812,26.5594000229612,0.004600035026669502,1,,0,,0,0,26.524599990807474,1,hover,0.017200014553964138,1,,
1790072422.5369713,1985,0.009974002838134766,100.26064923268154,5.9528350830078125,0.0342000275850296,0.004700035788118839,1,,0,,0,0,,0,hover,0.01580000389367342,1,,
1790072422.5995657,1986,0.06259441375732422,15.975866534623295,2.997159957885742,30.355999944731593,0.005199923180043697,1,6.15599995944649,1,,0,0,24.167299969121814,1,hover,0.02010003663599491,1,,
1790072422.6344576,1987,0.03489184379577637,28.65999303026369,2.0599365234375,0.04849990364164114,0.006499933078885078,1,,0,,0,0,,0,hover,0.02150004729628563,1,,
1790072422.6902497,1988,0.05579209327697754,17.923686695810844,2.0265579223632812,23.297099978663027,0.0038999132812023163,1,,0,,0,0,23.264799965545535,1,hover,0.016300007700920105,1,,
1790072422.7012181,1989,0.010968446731567383,91.17061189001195,6.946563720703125,0.03530003596097231,0.004400033503770828,1,,0,,0,0,,0,hover,0.016200006939470768,1,,
1790072422.765131,1990,0.06391286849975586,15.646301339202447,2.991199493408203,30.949700041674078,0.005900044925510883,1,6.514000007882714,1,,0,0,24.399499990977347,1,hover,0.021999934688210487,1,,
1790072422.7985098,1991,0.03337883949279785,29.95910029214077,2.417325973510742,0.04100007936358452,0.005200039595365524,1,,0,,0,0,,0,hover,0.018000020645558834,1,,
1790072422.858351,1992,0.059841156005859375,16.710907120545674,0.9946823120117188,24.4300999911502,0.005800044164061546,1,,0,,0,0,24.37990007456392,1,hover,0.025999965146183968,1,,
1790072422.869356,1993,0.011004924774169922,90.86840850990077,4.025936126708984,0.038100057281553745,0.005400041118264198,1,,0,,0,0,,0,hover,0.017299898900091648,1,,
1790072422.9328227,1994,0.06346678733825684,15.756272563007375,1.997232437133789,34.242800087668,0.006300047971308231,1,5.944299977272749,1,,0,0,28.262300067581236,1,hover,0.02180004958063364,1,,
1790072422.9667656,1995,0.03394293785095215,29.46120940948394,3.0214786529541016,0.04569999873638153,0.005800044164061546,1,,0,,0,0,,0,hover,0.02019992098212242,1,,
1790072423.0211775,1996,0.054411888122558594,18.378336692664973,4.011392593383789,24.11190001294017,0.005200039595365524,1,,0,,0,0,24.068200029432774,1,hover,0.022699940018355846,1,,
1790072423.03215,1997,0.01097249984741211,91.13693450958237,3.9920806884765625,0.04229997284710407,0.005999929271638393,1,,0,,0,0,,0,hover,0.01850002445280552,1,,
1790072423.0965395,1998,0.06438946723937988,15.530490356168238,3.022909164428711,31.647399999201298,0.004600035026669502,1,5.512799951247871,1,,0,0,26.104599935933948,1,hover,0.018700025975704193,1,,
1790072423.1099288,1999,0.013389348983764648,74.6862301679161,9.433269500732422,0.04549999721348286,0.006200047209858894,1,,0,,0,0,,0,hover,0.020499923266470432,1,,
1790072423.185602,2000,0.07567310333251953,13.214734905291811,3.0291080474853516,24.152299971319735,0.005300040356814861,1,,0,,0,0,24.11140000913292,1,hover,0.019700033590197563,1,,
1790072423.1975698,2001,0.011967897415161133,83.55686594816423,7.979393005371094,0.035899924114346504,0.004899920895695686,1,,0,,0,0,,0,hover,0.016200006939470768,1,,
1790072423.2598972,2002,0.06232738494873047,16.044311835360723,1.9927024841308594,32.17210003640503,0.005800044164061546,1,6.656199926510453,1,,0,0,25.479800067842007,1,hover,0.021799933165311813,1,,
1790072423.2966359,2003,0.03673863410949707,27.219302628931878,2.8264522552490234,0.053999945521354675,0.0074999406933784485,1,,0,,0,0,,0,hover,0.022900057956576347,1,,
1790072423.3594203,2004,0.06278443336486816,15.927514933336372,4.01759147644043,29.911100049503148,0.004300032742321491,1,,0,,0,0,29.876900021918118,1,hover,0.0171000137925148,1,,
1790072423.3693948,2005,0.009974479675292969,100.25585620040157,14.960289001464844,0.037400051951408386,0.005100038833916187,1,,0,,0,0,,0,hover,0.01680001150816679,1,,
1790072423.4303346,2006,0.060939788818359375,16.40964006259781,2.7425289154052734,30.59659991413355,0.005900044925510883,1,6.374099990352988,1,,0,0,24.188000010326505,1,hover,0.02080004196614027,1,,
1790072423.4588795,2007,0.028544902801513672,35.03252426373553,1.993417739868164,0.06809993647038937,0.0071999384090304375,1,,0,,0,0,,0,hover,0.03320001997053623,1,,
1790072423.521941,2008,0.06306147575378418,15.857541994487692,1.9943714141845703,28.08550000190735,0.006199930794537067,1,,0,,0,0,28.040300006978214,1,hover,0.022300053387880325,1,,
1790072423.5419257,2009,0.019984722137451172,50.038223855312445,3.9882659912109375,0.06370001938194036,0.007999944500625134,1,,0,,0,0,,0,hover,0.028099981136620045,1,,
1790072423.5947835,2010,0.05285787582397461,18.918656575042174,0.9982585906982422,33.797900076024234,0.006800051778554916,1,6.9234000984579325,1,,0,0,26.832200004719198,1,hover,0.02519995905458927,1,,
1790072423.6303034,2011,0.03551983833312988,28.153281290902868,1.996755599975586,0.07139996159821749,0.0068999361246824265,1,,0,,0,0,,0,hover,0.02550007775425911,1,,
1790072423.6934922,2012,0.06318879127502441,15.825591530111344,2.991914749145508,27.77689998038113,0.005700043402612209,1,,0,,0,0,27.728700079023838,1,hover,0.025999965146183968,1,,
1790072423.704462,2013,0.010969877243041992,91.15872291408576,12.964487075805664,0.03850006032735109,0.005500041879713535,1,,0,,0,0,,0,hover,0.017699901945888996,1,,
1790072423.7689033,2014,0.06444120407104492,15.518021651139904,2.991199493408203,32.543999957852066,0.006499933078885078,1,6.765800062566996,1,,0,0,25.7383999414742,1,hover,0.023600063286721706,1,,
1790072423.79683,2015,0.02792668342590332,35.808047262513554,1.9953250885009766,0.048900023102760315,0.005799927748739719,1,,0,,0,0,,0,hover,0.022300053387880325,1,,
1790072423.8725863,2016,0.07575631141662598,13.200220302443784,3.007650375366211,25.48640000168234,0.004999921657145023,1,,0,,0,0,25.452100089751184,1,hover,0.0171000137925148,1,,
1790072423.8835573,2017,0.0109710693359375,91.14881780250347,21.941661834716797,0.04390010144561529,0.005700043402612209,1,,0,,0,0,,0,hover,0.019200029782950878,1,,
1790072423.929398,2018,0.04584074020385742,21.81465647266864,2.8128623962402344,30.850899987854064,0.004899920895695686,1,5.422199959866703,1,,0,0,25.39780002553016,1,hover,0.019200029782950878,1,,
1790072423.9684374,2019,0.03903937339782715,25.615165228437245,2.9921531677246094,0.05879998207092285,0.005200039595365524,1,,0,,0,0,,0,hover,0.03530003596097231,1,,
1790072424.0215075,2020,0.053070068359375,18.84301322599195,1.9946098327636719,24.671000079251826,0.004200031980872154,1,,0,,0,0,24.636800051666796,1,hover,0.016700010746717453,1,,
1790072424.0330665,2021,0.011559009552001953,86.51260261540365,3.0753612518310547,0.042599975131452084,0.006199930794537067,1,,0,,0,0,,0,hover,0.01910002902150154,1,,
1790072424.1028419,2022,0.06977534294128418,14.331710283982382,1.9860267639160156,32.9239999409765,0.005299923941493034,1,6.7035999381914735,1,,0,0,26.18869999423623,1,hover,0.01880002673715353,1,,
1790072424.113845,2023,0.011003255844116211,90.88219106844922,15.949487686157227,0.03590004052966833,0.004900037311017513,1,,0,,0,0,,0,hover,0.016400008462369442,1,,
1790072424.1885157,2024,0.07467055320739746,13.392160055684869,2.992391586303711,24.81089998036623,0.005500041879713535,1,,0,,0,0,24.769900017417967,1,hover,0.02019992098212242,1,,
1790072424.2003229,2025,0.01180720329284668,84.69406134523352,1.9946098327636719,0.04549999721348286,0.005800044164061546,1,,0,,0,0,,0,hover,0.01950003206729889,1,,
1790072424.2662988,2026,0.06597590446472168,15.157048745496398,3.988981246948242,29.86010001040995,0.004600035026669502,1,5.7258999440819025,1,,0,0,24.10460007376969,1,hover,0.018000020645558834,1,,
1790072424.3033438,2027,0.03704500198364258,26.994194802352972,2.9926300048828125,0.05779997445642948,0.0073999399319291115,1,,0,,0,0,,0,hover,0.025399960577487946,1,,
1790072424.3607528,2028,0.057409048080444336,17.418857017081205,3.129720687866211,27.498999959789217,0.006200047209858894,1,,0,,0,0,27.451699948869646,1,hover,0.021600048057734966,1,,
1790072424.3713968,2029,0.010643959045410156,93.95000447988531,10.643959045410156,0.0475000124424696,0.006800051778554916,1,,0,,0,0,,0,hover,0.021699932403862476,1,,
1790072424.432048,2030,0.060651302337646484,16.487692126262825,1.9943714141845703,30.595500022172928,0.006199930794537067,1,6.600599968805909,1,,0,0,23.96030002273619,1,hover,0.020400038920342922,1,,
1790072424.4648197,2031,0.03277158737182617,30.51423749036041,1.99127197265625,0.04909990821033716,0.006500049494206905,1,,0,,0,0,,0,hover,0.022000051103532314,1,,
1790072424.5227623,2032,0.05794262886047363,17.258450637578232,1.6837120056152344,25.810399907641113,0.004800036549568176,1,,0,,0,0,25.77419998124242,1,hover,0.018200022168457508,1,,
1790072424.5337024,2033,0.010940074920654297,91.40705225994857,2.4580955505371094,0.04369998350739479,0.005400041118264198,1,,0,,0,0,,0,hover,0.020000035874545574,1,,
1790072424.5929763,2034,0.05927395820617676,16.870815283191146,2.966642379760742,30.426800018176436,0.005100038833916187,1,6.095400080084801,1,,0,0,24.297699914313853,1,hover,0.020400038920342922,1,,
1790072424.6268847,2035,0.03390836715698242,29.491246080072,0.9953975677490234,0.04299997817724943,0.005399924702942371,1,,0,,0,0,,0,hover,0.019900035113096237,1,,
1790072424.6845467,2036,0.057662010192871094,17.34244083158295,1.5056133270263672,25.187999941408634,0.005299923941493034,1,,0,,0,0,25.14549996703863,1,hover,0.02080004196614027,1,,
1790072424.7015014,2037,0.016954660415649414,58.980833321614895,1.9924640655517578,0.038499943912029266,0.005400041118264198,1,,0,,0,0,,0,hover,0.016600009985268116,1,,
1790072424.7608974,2038,0.05939602851867676,16.83614249874561,1.993417739868164,30.287800007499754,0.005600042641162872,1,5.900299991481006,1,,0,0,24.354900000616908,1,hover,0.019300030544400215,1,,
1790072424.7988243,2039,0.03792691230773926,26.366501757010756,2.9909610748291016,0.04830001853406429,0.006500049494206905,1,,0,,0,0,,0,hover,0.02129992935806513,1,,
1790072424.8516822,2040,0.05285787582397461,18.918656575042174,0.9973049163818359,24.59919999819249,0.006200047209858894,1,,0,,0,0,24.555800016969442,1,hover,0.021399930119514465,1,,
1790072424.863116,2041,0.011433839797973633,87.45968263235815,3.453969955444336,0.04069996066391468,0.005199923180043697,1,,0,,0,0,,0,hover,0.018300022929906845,1,,
1790072424.9243357,2042,0.06121969223022461,16.334613317547728,1.9943714141845703,29.795499984174967,0.00500003807246685,1,6.443300051614642,1,,0,0,23.319699917919934,1,hover,0.02050003968179226,1,,
1790072424.964771,2043,0.0404353141784668,24.730857675208433,1.997232437133789,0.041499966755509377,0.005700043402612209,1,,0,,0,0,,0,hover,0.018300022929906845,1,,
1790072425.0194528,2044,0.05468177795410156,18.28762775122955,2.991914749145508,22.64360000845045,0.0066999346017837524,1,,0,,0,0,22.58540003094822,1,hover,0.029499991796910763,1,,
1790072425.0404034,2045,0.0209505558013916,47.73143058732489,3.3910274505615234,0.04000007174909115,0.005100038833916187,1,,0,,0,0,,0,hover,0.016700010746717453,1,,
1790072425.095801,2046,0.055397748947143555,18.05127498870263,2.993345260620117,29.3814999749884,0.005500041879713535,1,5.551400012336671,1,,0,0,23.797899950295687,1,hover,0.01889991108328104,1,,
1790072425.1080582,2047,0.012257099151611328,81.58537249562342,6.536960601806641,0.040400074794888496,0.005400041118264198,1,,0,,0,0,,0,hover,0.017900019884109497,1,,
1790072425.1859171,2048,0.07785892486572266,12.843742727306132,0.9977817535400391,24.171900004148483,0.005700043402612209,1,,0,,0,0,24.12790001835674,1,hover,0.021699932403862476,1,,
1790072425.1968882,2049,0.0109710693359375,91.14881780250347,2.9926300048828125,0.040899962186813354,0.005499925464391708,1,,0,,0,0,,0,hover,0.018000020645558834,1,,
1790072425.2627625,2050,0.06587433815002441,15.180418173197681,0.9977817535400391,30.380000011064112,0.004900037311017513,1,6.0974000953137875,1,,0,0,24.252499919384718,1,hover,0.01750001683831215,1,,
1790072425.2957826,2051,0.03302001953125,30.284658040665434,1.9917488098144531,0.04579999949783087,0.005799927748739719,1,,0,,0,0,,0,hover,0.020900042727589607,1,,
1790072425.3688827,2052,0.07310009002685547,13.679873713324026,4.152536392211914,31.012300052680075,0.004800036549568176,1,,0,,0,0,30.9774000197649,1,hover,0.017299898900091648,1,,
1790072425.3798249,2053,0.010942220687866211,91.38912735592112,13.962984085083008,0.049900030717253685,0.006499933078885078,1,,0,,0,0,,0,hover,0.02180004958063364,1,,
1790072425.4303591,2054,0.05053424835205078,19.788559889788445,3.729581832885742,30.89480008929968,0.005600042641162872,1,5.487299989908934,1,,0,0,25.37260006647557,1,hover,0.020999927073717117,1,,
1790072425.4662688,2055,0.03590965270996094,27.84766558665746,4.013776779174805,0.05580007564276457,0.007400056347250938,1,,0,,0,0,,0,hover,0.024099950678646564,1,,
1790072425.5236585,2056,0.05738973617553711,17.424718540982926,2.991199493408203,23.17509998101741,0.004800036549568176,1,,0,,0,0,23.137100040912628,1,hover,0.019200029782950878,1,,
1790072425.5345974,2057,0.010938882827758789,91.41701357860552,6.953716278076172,0.03899994771927595,0.005199923180043697,1,,0,,0,0,,0,hover,0.01750001683831215,1,,
1790072425.5951304,2058,0.06053304672241211,16.519902006349106,3.0159950256347656,29.975999961607158,0.00509992241859436,1,6.044400040991604,1,,0,0,23.900399915874004,1,hover,0.01880002673715353,1,,
1790072425.6313474,2059,0.03621697425842285,27.61136236463579,2.5374889373779297,0.04109996370971203,0.005400041118264198,1,,0,,0,0,,0,hover,0.018200022168457508,1,,
1790072425.7058816,2060,0.07453417778015137,13.416663734449921,2.992391586303711,41.18159995414317,0.00400003045797348,1,,0,,0,0,41.147899930365384,1,hover,0.01659989356994629,1,,
1790072425.717819,2061,0.011937379837036133,83.77047674209591,24.042844772338867,0.05239993333816528,0.005800044164061546,1,,0,,0,0,,0,hover,0.022500054910779,1,,
1790072425.760497,2062,0.042678117752075195,23.431211418675456,5.016088485717773,31.0942999785766,0.004799920134246349,1,7.180499960668385,1,,0,0,23.884700029157102,1,hover,0.017700018361210823,1,,
1790072425.8014038,2063,0.040906667709350586,24.44589246685123,3.0236244201660156,0.06280001252889633,0.004800036549568176,1,,0,,0,0,,0,hover,0.01680001150816679,1,,
1790072425.854804,2064,0.053400278091430664,18.72649423824768,2.2432804107666016,24.267699918709695,0.004500034265220165,1,,0,,0,0,24.233600008301437,1,hover,0.016700010746717453,1,,
1790072425.8707938,2065,0.01598978042602539,62.53994572510661,11.999845504760742,0.03800005652010441,0.004700035788118839,1,,0,,0,0,,0,hover,0.017000013031065464,1,,
1790072425.9260457,2066,0.0552518367767334,18.098945814976073,1.7719268798828125,29.778500087559223,0.004800036549568176,1,5.702199996449053,1,,0,0,24.04540008865297,1,hover,0.01910002902150154,1,,
1790072425.9650226,2067,0.03897690773010254,25.656216930407815,3.893613815307617,0.03839994315057993,0.00509992241859436,1,,0,,0,0,,0,hover,0.016300007700920105,1,,
1790072426.0421999,2068,0.07717728614807129,12.957180148592082,2.9916763305664062,26.133500039577484,0.004799920134246349,1,,0,,0,0,26.095100096426904,1,hover,0.01880002673715353,1,,
1790072426.0532343,2069,0.011034488677978516,90.62495138498768,25.01058578491211,0.04529999569058418,0.005200039595365524,1,,0,,0,0,,0,hover,0.01989991869777441,1,,
1790072426.094647,2070,0.0414125919342041,24.147244914995653,0.9965896606445312,30.719400034286082,0.004800036549568176,1,6.060300045646727,1,,0,0,24.6286999899894,1,hover,0.018400023691356182,1,,
1790072426.1066358,2071,0.01198887825012207,83.41063935567267,6.01506233215332,0.0369000481441617,0.004800036549568176,1,,0,,0,0,,0,hover,0.017099897377192974,1,,
1790072426.1905417,2072,0.08390593528747559,11.918108016719376,3.957986831665039,25.514999986626208,0.004400033503770828,1,,0,,0,0,25.478599942289293,1,hover,0.018099904991686344,1,,
1790072426.2015429,2073,0.011001110076904297,90.89991764552902,8.009195327758789,0.042199972085654736,0.005700043402612209,1,,0,,0,0,,0,hover,0.018999911844730377,1,,
1790072426.262774,2074,0.061231136322021484,16.331560380341248,1.9924640655517578,31.139699975028634,0.005999929271638393,1,6.83610001578927,1,,0,0,24.265000014565885,1,hover,0.02380006480962038,1,,
1790072426.3016717,2075,0.03889775276184082,25.708426040000244,2.9926300048828125,0.04279997665435076,0.005600042641162872,1,,0,,0,0,,0,hover,0.018200022168457508,1,,
1790072426.3608353,2076,0.059163570404052734,16.902292967962925,2.9921531677246094,28.77590002026409,0.004799920134246349,1,,0,,0,0,28.737800079397857,1,hover,0.01910002902150154,1,,
1790072426.3715625,2077,0.010727167129516602,93.22125663992176,11.724472045898438,0.03600004129111767,0.004700035788118839,1,,0,,0,0,,0,hover,0.015600002370774746,1,,
1790072426.429632,2078,0.058069467544555664,17.22075373315104,3.2482147216796875,30.610900023020804,0.005499925464391708,1,6.267799995839596,1,,0,0,24.310800014063716,1,hover,0.01950003206729889,1,,
1790072426.4660444,2079,0.03641247749328613,27.463113439188085,3.9877891540527344,0.05339994095265865,0.0070999376475811005,1,,0,,0,0,,0,hover,0.02350006252527237,1,,
1790072426.5224407,2080,0.0563962459564209,17.731676693032558,0.0,25.022700079716742,0.005500041879713535,1,,0,,0,0,24.97260004747659,1,hover,0.02180004958063364,1,,
1790072426.5334117,2081,0.0109710693359375,91.14881780250347,2.992391586303711,0.040499959141016006,0.005600042641162872,1,,0,,0,0,,0,hover,0.017900019884109497,1,,
1790072426.5963614,2082,0.06294965744018555,15.885709957201833,3.240823745727539,30.15350003261119,0.005100038833916187,1,5.746000097133219,1,,0,0,24.37829994596541,1,hover,0.017400016076862812,1,,
1790072426.6324809,2083,0.03611946105957031,27.68590589850557,0.9970664978027344,0.054699950851500034,0.006100046448409557,1,,0,,0,0,,0,hover,0.02420006785541773,1,,
1790072426.6896064,2084,0.05712556838989258,17.505296283002647,0.9968280792236328,25.034799939021468,0.004899920895695686,1,,0,,0,0,24.998700013384223,1,hover,0.01780001912266016,1,,
1790072426.7016802,2085,0.012073755264282227,82.82427282241662,8.085012435913086,0.05589995998889208,0.005599926225841045,1,,0,,0,0,,0,hover,0.022300053387880325,1,,
1790072426.7640224,2086,0.062342166900634766,16.04050756839859,1.9953250885009766,33.11199997551739,0.00609993003308773,1,6.738900090567768,1,,0,0,26.335999951697886,1,hover,0.022300053387880325,1,,
1790072426.8002613,2087,0.036238908767700195,27.594649894405812,3.985881805419922,0.08169992361217737,0.014899997040629387,1,,0,,0,0,,0,hover,0.042599975131452084,1,,
1790072426.860928,2088,0.060666799545288086,16.483480379634905,3.023862838745117,32.249299925751984,0.005699926987290382,1,,0,,0,0,32.20739995595068,1,hover,0.021000043489038944,1,,
1790072426.8728962,2089,0.011968135833740234,83.55520140244631,14.957427978515625,0.04169996827840805,0.005399924702942371,1,,0,,0,0,,0,hover,0.019300030544400215,1,,
1790072426.9367042,2090,0.06380796432495117,15.672024810372529,2.9914379119873047,37.56900003645569,0.00609993003308773,1,8.302700007334352,1,,0,0,29.231499996967614,1,hover,0.02080004196614027,1,,
1790072426.9646313,2091,0.027927160263061523,35.80743586460068,0.98419189453125,0.047200010158121586,0.006499933078885078,1,,0,,0,0,,0,hover,0.020400038920342922,1,,
1790072427.0304499,2092,0.06581854820251465,15.19328559060794,2.9892921447753906,30.622399994172156,0.005600042641162872,1,,0,,0,0,30.57880001142621,1,hover,0.021000043489038944,1,,
1790072427.0413914,2093,0.010941505432128906,91.39510154275256,9.97614860534668,0.03929995000362396,0.005199923180043697,1,,0,,0,0,,0,hover,0.017400016076862812,1,,
1790072427.097465,2094,0.056073665618896484,17.833683404906672,2.99072265625,32.35979995224625,0.00909995287656784,1,8.102699997834861,1,,0,0,24.20069999061525,1,hover,0.03490003291517496,1,,
1790072427.1084387,2095,0.010973691940307617,91.12703413213983,8.71729850769043,0.04199997056275606,0.005900044925510883,1,,0,,0,0,,0,hover,0.019000028260052204,1,,
1790072427.1807728,2096,0.07233405113220215,13.824747602928234,1.0411739349365234,24.108000099658966,0.005100038833916187,1,,0,,0,0,24.06900003552437,1,hover,0.01910002902150154,1,,
1790072427.2004266,2097,0.019653797149658203,50.88075308731834,5.041599273681641,0.03369990736246109,0.00409991480410099,1,,0,,0,0,,0,hover,0.014899997040629387,1,,
1790072427.263453,2098,0.06302642822265625,15.86636000484203,1.9969940185546875,32.286399975419044,0.005600042641162872,1,7.195400074124336,1,,0,0,25.05860000383109,1,hover,0.019400031305849552,1,,
1790072427.2954936,2099,0.03204059600830078,31.210405690984313,0.9977817535400391,0.0377000542357564,0.004700035788118839,1,,0,,0,0,,0,hover,0.01680001150816679,1,,
1790072427.3555167,2100,0.06002306938171387,16.660260968004607,0.9980201721191406,26.37390000745654,0.004500034265220165,1,,0,,0,0,26.334299938753247,1,hover,0.019600032828748226,1,,
1790072427.3665183,2101,0.0110015869140625,90.89597780859917,1.0251998901367188,0.043199979700148106,0.00600004568696022,1,,0,,0,0,,0,hover,0.018799910321831703,1,,
1790072427.4260488,2102,0.05953049659729004,16.79811285238837,1.0302066802978516,29.974800068885088,0.00500003807246685,1,6.835600011982024,1,,0,0,23.10860005673021,1,hover,0.018600025214254856,1,,
1790072427.4628305,2103,0.03678178787231445,27.18736792978726,2.0236968994140625,0.03990007098764181,0.00500003807246685,1,,0,,0,0,,0,hover,0.017200014553964138,1,,
1790072427.5240068,2104,0.061176300048828125,16.34619941385546,2.6934146881103516,26.038300013169646,0.004900037311017513,1,,0,,0,0,26.001299964264035,1,hover,0.018099904991686344,1,,
1790072427.536971,2105,0.012964248657226562,77.13520670884213,9.972572326660156,0.03320001997053623,0.004300032742321491,1,,0,,0,0,,0,hover,0.01479999627918005,1,,
1790072427.597151,2106,0.060179948806762695,16.616830353428707,2.9909610748291016,31.63779992610216,0.005899928510189056,1,6.592700025066733,1,,0,0,25.00769996549934,1,hover,0.023000058718025684,1,,
1790072427.6315312,2107,0.034380197525024414,29.086511189242792,3.9916038513183594,0.112400040961802,0.01109996810555458,1,,0,,0,0,,0,hover,0.032800016924738884,1,,
1790072427.692339,2108,0.06080770492553711,16.445284380072614,3.168821334838867,27.00990007724613,0.008200062438845634,1,,0,,0,0,26.949499966576695,1,hover,0.030399998649954796,1,,
1790072427.7043076,2109,0.011968612670898438,83.55187250996016,8.976936340332031,0.038100057281553745,0.005800044164061546,1,,0,,0,0,,0,hover,0.016300007700920105,1,,
1790072427.7598286,2110,0.05552101135253906,18.011199285444363,1.5063285827636719,31.63369989488274,0.005100038833916187,1,6.612200057134032,1,,0,0,24.987799930386245,1,hover,0.018200022168457508,1,,
1790072427.7984803,2111,0.03865170478820801,25.872080040958075,3.2432079315185547,0.04449998959898949,0.005500041879713535,1,,0,,0,0,,0,hover,0.0195999164134264,1,,
1790072427.8591042,2112,0.060623884201049805,16.495148952905318,1.9948482513427734,27.546500088647008,0.015099998563528061,1,,0,,0,0,27.461100020445883,1,hover,0.04099996294826269,1,,
1790072427.871073,2113,0.011968851089477539,83.550208163184,8.975744247436523,0.04449998959898949,0.005799927748739719,1,,0,,0,0,,0,hover,0.019600032828748226,1,,
1790072427.9310994,2114,0.06002640724182129,16.659334548733163,0.9970664978027344,32.821400091052055,0.00600004568696022,1,6.445800070650876,1,,0,0,26.3414999935776,1,hover,0.020300038158893585,1,,
1790072427.9659712,2115,0.034871816635131836,28.676452691384696,1.9941329956054688,0.06049999501556158,0.00500003807246685,1,,0,,0,0,,0,hover,0.03629992716014385,1,,
1790072428.0251377,2116,0.05916643142700195,16.901475648971235,3.858804702758789,23.802599986083806,0.004300032742321491,1,,0,,0,0,23.766799946315587,1,hover,0.018499908037483692,1,,
1790072428.0361078,2117,0.010970115661621094,91.15674171955142,6.98089599609375,0.03629992716014385,0.00509992241859436,1,,0,,0,0,,0,hover,0.016000005416572094,1,,
1790072428.098406,2118,0.06229829788208008,16.051802922333888,3.7636756896972656,29.382499982602894,0.0067999353632330894,1,5.78999996650964,1,,0,0,23.552100057713687,1,hover,0.024700071662664413,1,,
1790072428.1103745,2119,0.011968374252319336,83.55353692304628,9.973764419555664,0.04740001168102026,0.006499933078885078,1,,0,,0,0,,0,hover,0.02110004425048828,1,,
1790072428.1857288,2120,0.07535433769226074,13.270636178688155,2.016305923461914,22.787699941545725,0.004500034265220165,1,,0,,0,0,22.749399999156594,1,hover,0.0195999164134264,1,,
1790072428.198021,2121,0.012292146682739258,81.35275520297922,4.760503768920898,0.035400036722421646,0.004500034265220165,1,,0,,0,0,,0,hover,0.016000005416572094,1,,
1790072428.2632835,2122,0.0652625560760498,15.322721942344856,2.99072265625,30.01879993826151,0.005399924702942371,1,5.921600037254393,1,,0,0,24.06719990540296,1,hover,0.01780001912266016,1,,
1790072428.2999053,2123,0.036621809005737305,27.306133343749796,2.9916763305664062,0.050600036047399044,0.006700051017105579,1,,0,,0,0,,0,hover,0.022499938495457172,1,,
1790072428.3592846,2124,0.05937933921813965,16.840874505631287,3.988981246948242,26.05550002772361,0.004800036549568176,1,,0,,0,0,25.99779993761331,1,hover,0.03630004357546568,1,,
1790072428.3700025,2125,0.01071786880493164,93.30213106731325,10.199785232543945,0.04179996903985739,0.005500041879713535,1,,0,,0,0,,0,hover,0.018499908037483692,1,,
1790072428.4276433,2126,0.057640790939331055,17.348825089033475,3.988504409790039,29.81450001243502,0.005500041879713535,1,5.624399986118078,1,,0,0,24.15910002309829,1,hover,0.018399907276034355,1,,
1790072428.4642837,2127,0.03664040565490723,27.29227425641426,1.9948482513427734,0.043899985030293465,0.00600004568696022,1,,0,,0,0,,0,hover,0.01850002445280552,1,,
1790072428.5207038,2128,0.056420087814331055,17.724183685974232,1.0988712310791016,24.55339999869466,0.005199923180043697,1,,0,,0,0,24.51350004412234,1,hover,0.019900035113096237,1,,
1790072428.5316906,2129,0.010986804962158203,91.01827177639859,5.018472671508789,0.05510007031261921,0.005100038833916187,1,,0,,0,0,,0,hover,0.018700025975704193,1,,
1790072428.5964484,2130,0.0647578239440918,15.442149521011435,2.0265579223632812,30.71799990721047,0.004600035026669502,1,6.1833999352529645,1,,0,0,24.50579998549074,1,hover,0.017200014553964138,1,,
1790072428.6379137,2131,0.04146528244018555,24.116560678020676,7.709980010986328,0.08219992741942406,0.0100000761449337,1,,0,,0,0,,0,hover,0.03739993553608656,1,,
1790072428.725693,2132,0.08777928352355957,11.392209640576576,4.987001419067383,44.77669997140765,0.005799927748739719,1,,0,,0,0,44.72939996048808,1,hover,0.022900057956576347,1,,
1790072428.7665691,2134,0.040876150131225586,24.46414343791376,27.924776077270508,0.07920002099126577,0.009800074622035027,1,,0,,0,0,,0,hover,0.03629992716014385,1,,
1790072428.8593209,2135,0.09275174140930176,10.781468733693375,5.984306335449219,45.97400000784546,0.011899974197149277,1,9.672699961811304,1,,0,0,36.22779995203018,1,hover,0.044199987314641476,1,,
1790072428.8837755,2137,0.024454593658447266,40.89211270351955,21.461963653564453,0.09440002031624317,0.012999982573091984,1,,0,,0,0,,0,hover,0.04330009687691927,1,,
1790072428.9533563,2138,0.0695807933807373,14.371782088314607,13.962984085083008,44.41750003024936,0.0097999582067132,1,,0,,0,0,44.35310000553727,1,hover,0.033100019209086895,1,,
1790072428.97243,2139,0.0190737247467041,52.428144648191896,8.97526741027832,0.06789993494749069,0.00870006624609232,1,,0,,0,0,,0,hover,0.03060000017285347,1,,
1790072429.0398307,2140,0.06740069389343262,14.8366425066944,4.984617233276367,41.762799955904484,0.007899943739175797,1,7.483000052161515,1,,0,0,34.23099999781698,1,hover,0.02929999027401209,1,,
1790072429.057784,2141,0.01795339584350586,55.699768930440094,32.93657302856445,0.09450002107769251,0.01209997572004795,1,,0,,0,0,,0,hover,0.04379998426884413,1,,
1790072429.1017907,2142,0.0440065860748291,22.72387133824908,14.95981216430664,26.989800040610135,0.005399924702942371,1,,0,,0,0,26.95080009289086,1,hover,0.018900027498602867,1,,
1790072429.1132689,2143,0.011478185653686523,87.12178302141537,14.59503173828125,0.039199949242174625,0.005399924702942371,1,,0,,0,0,,0,hover,0.017300015315413475,1,,
1790072429.192303,2144,0.07903409004211426,12.652767931751198,0.0,36.884999950416386,0.0069999368861317635,1,8.779200026765466,1,,0,0,28.06149993557483,1,hover,0.02659996971487999,1,,
1790072429.2052674,2145,0.012964487075805664,77.13378818250364,10.968446731567383,0.03920006565749645,0.005100038833916187,1,,0,,0,0,,0,hover,0.017900019884109497,1,,
1790072429.257008,2146,0.05174064636230469,19.327164817340655,3.309965133666992,27.197399991564453,0.005599926225841045,1,,0,,0,0,27.154200011864305,1,hover,0.02150004729628563,1,,
1790072429.2929113,2147,0.035903215408325195,27.852658560718247,1.9924640655517578,0.04469999112188816,0.005700043402612209,1,,0,,0,0,,0,hover,0.019399914890527725,1,,
1790072429.3623917,2148,0.06948041915893555,14.392544145603283,2.991199493408203,33.79859996493906,0.005600042641162872,1,8.004200062714517,1,,0,0,25.759899988770485,1,hover,0.02080004196614027,1,,
1790072429.3735268,2149,0.011135101318359375,89.80609797875985,15.124082565307617,0.041199964471161366,0.005600042641162872,1,,0,,0,0,,0,hover,0.018200022168457508,1,,
1790072429.4204018,2150,0.046875,21.333333333333332,1.9946098327636719,25.107600027695298,0.00609993003308773,1,,0,,0,0,25.050200056284666,1,hover,0.03620004281401634,1,,
1790072429.4648724,2151,0.04447054862976074,22.486792513523802,2.9916763305664062,0.04440010525286198,0.005900044925510883,1,,0,,0,0,,0,hover,0.019000028260052204,1,,
1790072429.5382113,2152,0.07333898544311523,13.635312705213812,3.988504409790039,38.13789994455874,0.005799927748739719,1,7.003200007602572,1,,0,0,31.101099913939834,1,hover,0.02010003663599491,1,,
1790072429.5511756,2153,0.012964248657226562,77.13520670884213,0.9968280792236328,0.057200086303055286,0.0078000593930482864,1,,0,,0,0,,0,hover,0.02489995677024126,1,,
1790072429.589073,2154,0.037897348403930664,26.387070391876843,4.98652458190918,24.8585999943316,0.00509992241859436,1,,0,,0,0,24.820900056511164,1,hover,0.01880002673715353,1,,
1790072429.628416,2155,0.03934311866760254,25.417405479435452,1.6264915466308594,0.04339998122304678,0.00609993003308773,1,,0,,0,0,,0,hover,0.01910002902150154,1,,
1790072429.694424,2156,0.06600785255432129,15.149712667550396,1.9936561584472656,31.03369998279959,0.005900044925510883,1,7.267100038006902,1,,0,0,23.733999929390848,1,hover,0.019200029782950878,1,,
1790072429.7113793,2157,0.01695537567138672,58.97834523876484,18.948793411254883,0.054999953135848045,0.006500049494206905,1,,0,,0,0,,0,hover,0.024099950678646564,1,,
1790072429.757157,2158,0.04577779769897461,21.844650687999334,4.985809326171875,26.958199916407466,0.005500041879713535,1,,0,,0,0,26.918499963358045,1,hover,0.019000028260052204,1,,
1790072429.7969377,2159,0.039780616760253906,25.13787068779517,3.988027572631836,0.06260001100599766,0.0066999346017837524,1,,0,,0,0,,0,hover,0.026499968953430653,1,,
1790072429.867416,2160,0.07047820091247559,14.18878443338622,1.9938945770263672,39.08259992022067,0.006100046448409557,1,7.123099989257753,1,,0,0,31.923400005325675,1,hover,0.021600048057734966,1,,
1790072429.8783858,2161,0.010969877243041992,91.15872291408576,18.94855499267578,0.03350002225488424,0.004700035788118839,1,,0,,0,0,,0,hover,0.015099998563528061,1,,
1790072429.9252615,2162,0.046875715255737305,21.333007817466978,2.9914379119873047,30.48830002080649,0.00600004568696022,1,,0,,0,0,30.440800008364022,1,hover,0.023699947632849216,1,,
1790072429.9596665,2163,0.03440499305725098,29.065548664287448,1.4939308166503906,0.05650008097290993,0.007100054062902927,1,,0,,0,0,,0,hover,0.025699962861835957,1,,
1790072430.0311637,2164,0.07149720191955566,13.986561335996612,1.9948482513427734,35.96630005631596,0.0069999368861317635,1,7.782800006680191,1,,0,0,28.143600095063448,1,hover,0.02410006709396839,1,,
1790072430.0501134,2165,0.01894974708557129,52.77115285414124,26.92890167236328,0.04850002005696297,0.006100046448409557,1,,0,,0,0,,0,hover,0.022099935449659824,1,,
1790072430.1051173,2166,0.05500388145446777,18.180535146920498,8.974075317382812,35.412800032645464,0.005100038833916187,1,,0,,0,0,35.375399980694056,1,hover,0.01859990879893303,1,,
1790072430.1200807,2167,0.014963388442993164,66.82978282691481,22.31001853942871,0.04780001472681761,0.006500049494206905,1,,0,,0,0,,0,hover,0.020699924789369106,1,,
1790072430.196573,2168,0.0764923095703125,13.073209654897267,3.9904117584228516,35.70100001525134,0.005100038833916187,1,9.085599915124476,1,,0,0,26.58609999343753,1,hover,0.01750001683831215,1,,
1790072430.2070954,2169,0.01052236557006836,95.03566411383514,15.512466430664062,0.04369998350739479,0.005899928510189056,1,,0,,0,0,,0,hover,0.01950003206729889,1,,
1790072430.2549672,2170,0.04787182807922363,20.889112451379308,2.9883384704589844,26.742999907583,0.00500003807246685,1,,0,,0,0,26.703999959863722,1,hover,0.01880002673715353,1,,
1790072430.293993,2171,0.03902578353881836,25.624085138619062,2.9931068420410156,0.043199979700148106,0.005399924702942371,1,,0,,0,0,,0,hover,0.018400023691356182,1,,
1790072430.3595707,2172,0.06557774543762207,15.249075632696243,3.021240234375,32.81589993275702,0.00600004568696022,1,6.549800047650933,1,,0,0,26.228299946524203,1,hover,0.020900042727589607,1,,
1790072430.3698013,2173,0.010230541229248047,97.74653926823584,14.221906661987305,0.035400036722421646,0.004800036549568176,1,,0,,0,0,,0,hover,0.016400008462369442,1,,
1790072430.4163241,2174,0.04652285575866699,21.494811178131613,1.0275840759277344,23.00050004851073,0.00500003807246685,1,,0,,0,0,22.962699993513525,1,hover,0.018200022168457508,1,,
1790072430.4572165,2175,0.04089236259460449,24.454444217706907,0.9925365447998047,0.04730001091957092,0.005799927748739719,1,,0,,0,0,,0,hover,0.021300045773386955,1,,
1790072430.5236714,2176,0.06645488739013672,15.047802189917196,3.0202865600585938,30.743999988771975,0.006600050255656242,1,6.757399998605251,1,,0,0,23.951100069098175,1,hover,0.020600040443241596,1,,
1790072430.5356703,2177,0.011998891830444336,83.34102966598446,11.954784393310547,0.04229997284710407,0.005800044164061546,1,,0,,0,0,,0,hover,0.01850002445280552,1,,
1790072430.5855086,2178,0.04983830451965332,20.06488803417577,0.995635986328125,28.177500003948808,0.004300032742321491,1,,0,,0,0,28.142499970272183,1,hover,0.01750001683831215,1,,
1790072430.6263993,2179,0.04089069366455078,24.4554423117289,1.997232437133789,0.053699943237006664,0.006600050255656242,1,,0,,0,0,,0,hover,0.021799933165311813,1,,
1790072430.6923711,2180,0.06597185134887695,15.157979949838456,4.0187835693359375,30.827000038698316,0.005200039595365524,1,7.167399977333844,1,,0,0,23.629200062714517,1,hover,0.018499908037483692,1,,
1790072430.7033536,2181,0.010982513427734375,91.05383813824244,13.972282409667969,0.03300001844763756,0.004500034265220165,1,,0,,0,0,,0,hover,0.015099998563528061,1,,
1790072430.756851,2182,0.053497314453125,18.69252709640616,2.7740001678466797,24.951700004749,0.004100031219422817,1,,0,,0,0,24.91899998858571,1,hover,0.016099889762699604,1,,
1790072430.79176,2183,0.03490900993347168,28.645899780766158,2.9926300048828125,0.05010003224015236,0.006499933078885078,1,,0,,0,0,,0,hover,0.022300053387880325,1,,
1790072430.858495,2184,0.06673502922058105,14.984634182067616,2.2444725036621094,32.65760000795126,0.005299923941493034,1,7.545599946752191,1,,0,0,25.08080005645752,1,hover,0.018900027498602867,1,,
1790072430.8699067,2185,0.011411666870117188,87.62961724887181,14.400959014892578,0.03700004890561104,0.004600035026669502,1,,0,,0,0,,0,hover,0.01610000617802143,1,,
1790072430.9192,2186,0.04929327964782715,20.286741055665996,0.9965896606445312,23.740899981930852,0.005899928510189056,1,,0,,0,0,23.701800033450127,1,hover,0.018600025214254856,1,,
1790072430.9308312,2187,0.011631250381469727,85.97527928666598,8.639335632324219,0.03490003291517496,0.004199915565550327,1,,0,,0,0,,0,hover,0.016400008462369442,1,,
1790072431.019366,2188,0.08853483200073242,11.294989524481474,0.9970664978027344,29.757200041785836,0.00600004568696022,1,6.597000057809055,1,,0,0,23.123899940401316,1,hover,0.02189993392676115,1,,
