t,seq,dt_s,fps_inst,frame_age_ms,camera_to_command_ms,assoc_d,assoc_hands,assoc_mode,assoc_ms,assoc_ms_ran,assoc_ok,assoc_pose_ms,assoc_pose_ms_ran,assoc_reason,assoc_skeleton_hits,command_exec_ms,command_exec_ms_ran,face_detect_ms,face_detect_ms_ran,face_id_ms,face_id_ms_ran,hand_detect_ms,hand_detect_ms_ran,mode,mode_manager_ms,mode_manager_ms_ran
1790161476.9301732,,,,,0.08359993807971478,,0,,,0,0,,,no_face,0,0.009100069291889668,1,,0,,0,,0,hover,0.019700033590197563,1
1790161477.0165486,,0.08637547492980957,11.577360365458134,,50.661299959756434,,0,,,0,0,,,no_face,0,0.009499955922365189,1,,0,,0,50.58039992582053,1,hover,0.026999972760677338,1
1790161477.0294325,,0.012883901596069336,77.61624012287422,,0.053600058890879154,,0,,,0,0,,,no_face,0,0.005800044164061546,1,,0,,0,,0,hover,0.012899981811642647,1
1790161477.0691807,,0.039748191833496094,25.15837712037237,,42.401199927553535,,0,,,0,0,,,no_face,0,0.005200039595365524,1,11.464999988675117,1,,0,30.901500023901463,1,hover,0.011499971151351929,1
1790161477.0891817,,0.020000934600830078,49.99766360710454,,0.04880002234131098,,0,,,0,0,,,no_face,0,0.004600035026669502,1,,0,,0,,0,hover,0.012999982573091984,1
1790161477.1141984,,0.02501678466796875,39.97316254955779,,28.85440003592521,,0,,,0,0,,,no_face,0,0.004100031219422817,1,,0,,0,28.818099992349744,1,hover,0.011399970389902592,1
1790161477.1357007,,0.021502256393432617,46.50674709215297,,0.07389998063445091,,0,,,0,0,,,no_face,0,0.007500057108700275,1,,0,,0,,0,hover,0.01859990879893303,1
1790161477.1763163,,0.04061555862426758,24.621106636768143,,35.148900002241135,,0,,,0,0,,,no_face,0,0.005300040356814861,1,8.166500017978251,1,,0,26.946599944494665,1,hover,0.012599979527294636,1
1790161477.1897082,,0.013391971588134766,74.67160405910629,,0.05089992191642523,,0,,,0,0,,,no_face,0,0.004999921657145023,1,,0,,0,,0,hover,0.012999982573091984,1
1790161477.213994,,0.02428579330444336,41.17633661227936,,28.86890002992004,,0,,,0,0,,,no_face,0,0.004800036549568176,1,,0,,0,28.832899988628924,1,hover,0.010699965059757233,1
1790161477.2369797,,0.02298569679260254,43.50531589374436,,0.07259997073560953,,0,,,0,0,,,no_face,0,0.008499948307871819,1,,0,,0,,0,hover,0.01910002902150154,1
1790161477.2856545,,0.048674821853637695,20.54450251522113,,37.647100049071014,,0,,,0,0,,,no_face,0,0.00500003807246685,1,8.263400057330728,1,,0,29.348699958063662,1,hover,0.012199976481497288,1
1790161477.2990296,,0.013375043869018555,74.76610991283268,,0.039899954572319984,,0,,,0,0,,,no_face,0,0.004200031980872154,1,,0,,0,,0,hover,0.010899966582655907,1
1790161477.3825753,,0.08354568481445312,11.969499109629698,,35.453000105917454,,0,,,0,0,,,no_face,0,0.004100031219422817,1,,0,,0,35.418700077570975,1,hover,0.010699965059757233,1
1790161477.39407,,0.011494636535644531,86.9970961586327,,0.041100080125033855,,0,,,0,0,,,no_face,0,0.0039000296965241432,1,,0,,0,,0,hover,0.010699965059757233,1
1790161477.444129,,0.05005908012390137,19.976395841172017,,38.89490000437945,,0,,,0,0,,,no_face,0,0.004400033503770828,1,7.609000080265105,1,,0,31.254899920895696,1,hover,0.010899966582655907,1
1790161477.4604986,,0.01636958122253418,61.08891769469407,,0.04439998883754015,,0,,,0,0,,,no_face,0,0.004599918611347675,1,,0,,0,,0,hover,0.012499978765845299,1
1790161477.5189686,,0.05847001075744629,17.102784607793964,,27.160099940374494,,0,,,0,0,,,no_face,0,0.004999921657145023,1,,0,,0,27.11949998047203,1,hover,0.013999990187585354,1
1790161477.528356,,0.009387493133544922,106.52471173871082,,0.040899962186813354,,0,,,0,0,,,no_face,0,0.00409991480410099,1,,0,,0,,0,hover,0.011300086043775082,1
1790161477.6260483,,0.09769225120544434,10.236226391149748,,69.45349997840822,,0,,,0,0,,,no_face,0,0.007300055585801601,1,9.754600003361702,1,,0,59.64850005693734,1,hover,0.017900019884109497,1
1790161477.6341066,,0.008058309555053711,124.0955057841948,,0.06969994865357876,,0,,,0,0,,,no_face,0,0.006200047209858894,1,,0,,0,,0,hover,0.017600017599761486,1
1790161477.6861074,,0.05200076103210449,19.230487788104003,,51.79059994406998,,0,,,0,0,,,no_face,0,0.004499917849898338,1,,0,,0,51.75270000472665,1,hover,0.012300093658268452,1
1790161477.7025557,,0.016448259353637695,60.796706721361375,,0.04139996599406004,,0,,,0,0,,,no_face,0,0.004500034265220165,1,,0,,0,,0,hover,0.011399970389902592,1
1790161477.7429066,,0.040350914001464844,24.782586088723974,,33.797900076024234,,0,,,0,0,,,no_face,0,0.004700035788118839,1,7.891500019468367,1,,0,25.870900019071996,1,hover,0.012499978765845299,1
1790161477.7538807,,0.01097416877746582,91.1230745834148,,0.06320001557469368,,0,,,0,0,,,no_face,0,0.020900042727589607,1,,0,,0,,0,hover,0.012399978004395962,1
1790161477.7860508,,0.03217005729675293,31.084806308409483,,33.53699995204806,,0,,,0,0,,,no_face,0,0.004599918611347675,1,,0,,0,33.49920001346618,1,hover,0.011599971912801266,1
1790161477.8033984,,0.01734757423400879,57.64494715575652,,0.08940009865909815,,0,,,0,0,,,no_face,0,0.00970007386058569,1,,0,,0,,0,hover,0.024099950678646564,1
1790161477.8441644,,0.040766000747680664,24.530245343158757,,35.126499948091805,,0,,,0,0,,,no_face,0,0.00500003807246685,1,7.339200004935265,1,,0,27.75189990643412,1,hover,0.012899981811642647,1
1790161477.8558843,,0.011719942092895508,85.32465366071973,,0.06649992428719997,,0,,,0,0,,,no_face,0,0.007600057870149612,1,,0,,0,,0,hover,0.019400031305849552,1
1790161477.9862828,,0.13039851188659668,7.668799172107633,,31.348400050774217,,0,,,0,0,,,no_face,0,0.004800036549568176,1,,0,,0,31.308799982070923,1,hover,0.012599979527294636,1
1790161477.996474,,0.010191202163696289,98.12385074277694,,0.06250001024454832,,0,,,0,0,,,no_face,0,0.0070999376475811005,1,,0,,0,,0,hover,0.01810002140700817,1
1790161478.0376565,,0.041182518005371094,24.282148067526574,,35.57010006625205,,0,,,0,0,,,no_face,0,0.00500003807246685,1,7.968400022946298,1,,0,27.567400014959276,1,hover,0.012299977242946625,1
1790161478.0478506,,0.010194063186645508,98.09631171504081,,0.04509999416768551,,0,,,0,0,,,no_face,0,0.004300032742321491,1,,0,,0,,0,hover,0.011299969628453255,1
1790161478.1003156,,0.052464962005615234,19.060339734792368,,27.142800041474402,,0,,,0,0,,,no_face,0,0.004500034265220165,1,,0,,0,27.096200035884976,1,hover,0.011399970389902592,1
1790161478.1219356,,0.02162003517150879,46.25339376495628,,0.06949994713068008,,0,,,0,0,,,no_face,0,0.007200054824352264,1,,0,,0,,0,hover,0.019600032828748226,1
1790161478.1613748,,0.03943920135498047,25.355483012936766,,39.58529990632087,,0,,,0,0,,,no_face,0,0.004899920895695686,1,7.568399887531996,1,,0,31.983699998818338,1,hover,0.011899974197149277,1
1790161478.1787193,,0.01734447479248047,57.65524825424754,,0.04469999112188816,,0,,,0,0,,,no_face,0,0.004299916326999664,1,,0,,0,,0,hover,0.011899974197149277,1
1790161478.2292442,,0.05052495002746582,19.792201663858965,,25.99180000834167,,0,,,0,0,,,no_face,0,0.005599926225841045,1,,0,,0,25.946700014173985,1,hover,0.014899997040629387,1
1790161478.2480152,,0.018770933151245117,53.27385654951671,,0.06049999501556158,,0,,,0,0,,,no_face,0,0.0068999361246824265,1,,0,,0,,0,hover,0.017300015315413475,1
1790161478.2865756,,0.03856039047241211,25.933347348114804,,36.91850008908659,,0,,,0,0,,,no_face,0,0.00600004568696022,1,8.625500020571053,1,,0,28.243600041605532,1,hover,0.015500001609325409,1
1790161478.300857,,0.014281511306762695,70.02060065775196,,0.08399994112551212,,0,,,0,0,,,no_face,0,0.013899989426136017,1,,0,,0,,0,hover,0.020399922505021095,1
1790161478.3729384,,0.07208132743835449,13.873218426162055,,27.090299990959466,,0,,,0,0,,,no_face,0,0.004900037311017513,1,,0,,0,27.05269993748516,1,hover,0.011399970389902592,1
1790161478.393155,,0.020216703414916992,49.464048587770506,,0.04849990364164114,,0,,,0,0,,,no_face,0,0.004800036549568176,1,,0,,0,,0,hover,0.013399985618889332,1
1790161478.440897,,0.04774188995361328,20.945965921575677,,33.93440006766468,,0,,,0,0,,,no_face,0,0.005200039595365524,1,7.480000029318035,1,,0,26.420800015330315,1,hover,0.012199976481497288,1
1790161478.4519887,,0.01109170913696289,90.15743089291088,,0.039499951526522636,,0,,,0,0,,,no_face,0,0.004499917849898338,1,,0,,0,,0,hover,0.010900082997977734,1
1790161478.5022674,,0.050278663635253906,19.889152330191006,,26.71479992568493,,0,,,0,0,,,no_face,0,0.004599918611347675,1,,0,,0,26.678800000809133,1,hover,0.01109996810555458,1
1790161478.519967,,0.017699718475341797,56.498073762763006,,0.040499959141016006,,0,,,0,0,,,no_face,0,0.004299916326999664,1,,0,,0,,0,hover,0.010600080713629723,1
1790161478.5590575,,0.03909039497375488,25.581731795531756,,35.48630001023412,,0,,,0,0,,,no_face,0,0.004599918611347675,1,7.295800023712218,1,,0,28.15660007763654,1,hover,0.012399978004395962,1
1790161478.5726354,,0.013577938079833984,73.64888498683055,,0.057600089348852634,,0,,,0,0,,,no_face,0,0.00700005330145359,1,,0,,0,,0,hover,0.015600002370774746,1
1790161478.6285143,,0.05587887763977051,17.895849777918105,,29.065700015053153,,0,,,0,0,,,no_face,0,0.004100031219422817,1,,0,,0,29.03059998061508,1,hover,0.011199968867003918,1
1790161478.651168,,0.022653818130493164,44.142669206563035,,0.04680000711232424,,0,,,0,0,,,no_face,0,0.004699919372797012,1,,0,,0,,0,hover,0.012400094419717789,1
1790161478.6868331,,0.035665035247802734,28.038665686208972,,35.98229994531721,,0,,,0,0,,,no_face,0,0.004599918611347675,1,7.543999934569001,1,,0,28.405799996107817,1,hover,0.011500087566673756,1
1790161478.7033997,,0.01656651496887207,60.3627257681514,,0.047200010158121586,,0,,,0,0,,,no_face,0,0.00500003807246685,1,,0,,0,,0,hover,0.012199976481497288,1
1790161478.7870536,,0.08365392684936523,11.954011457234873,,32.62039995752275,,0,,,0,0,,,no_face,0,0.004300032742321491,1,,0,,0,32.58650004863739,1,hover,0.010499963536858559,1
1790161478.7983236,,0.01127004623413086,88.73078062195896,,0.06160000339150429,,0,,,0,0,,,no_face,0,0.006600050255656242,1,,0,,0,,0,hover,0.017300015315413475,1
1790161478.8381178,,0.039794206619262695,25.12928601812964,,39.086999953724444,,0,,,0,0,,,no_face,0,0.005399924702942371,1,7.141800015233457,1,,0,31.912399921566248,1,hover,0.011400086805224419,1
1790161478.8542209,,0.016103029251098633,62.10011696599103,,0.0420999713242054,,0,,,0,0,,,no_face,0,0.004300032742321491,1,,0,,0,,0,hover,0.011299969628453255,1
1790161478.9036117,,0.04939079284667969,20.24668854991311,,30.14309995342046,,0,,,0,0,,,no_face,0,0.005399924702942371,1,,0,,0,30.0939999287948,1,hover,0.01279998105019331,1
1790161478.9247816,,0.02116990089416504,47.236876780827316,,0.07019995246082544,,0,,,0,0,,,no_face,0,0.0075999414548277855,1,,0,,0,,0,hover,0.019700033590197563,1
1790161478.9646988,,0.0399172306060791,25.05183813647902,,39.676600019447505,,0,,,0,0,,,no_face,0,0.005700043402612209,1,8.488399907946587,1,,0,31.148900045081973,1,hover,0.014399993233382702,1
1790161478.981427,,0.01672816276550293,59.77942790359591,,0.05070003680884838,,0,,,0,0,,,no_face,0,0.004999921657145023,1,,0,,0,,0,hover,0.013500102795660496,1
1790161479.0381866,,0.05675959587097168,17.618166314524903,,29.247900005429983,,0,,,0,0,,,no_face,0,0.004800036549568176,1,,0,,0,29.20829993672669,1,hover,0.012199976481497288,1
1790161479.051693,,0.013506412506103516,74.03890556045896,,0.054999953135848045,,0,,,0,0,,,no_face,0,0.005400041118264198,1,,0,,0,,0,hover,0.014999997802078724,1
1790161479.0869837,,0.03529071807861328,28.33606269423051,,36.81439999490976,,0,,,0,0,,,no_face,0,0.004900037311017513,1,8.034700062125921,1,,0,28.74440001323819,1,hover,0.012899981811642647,1
1790161479.1048274,,0.01784372329711914,56.042115389754414,,0.052299932576715946,,0,,,0,0,,,no_face,0,0.005200039595365524,1,,0,,0,,0,hover,0.014299992471933365,1
1790161479.1566749,,0.05184745788574219,19.28734871059118,,29.365899972617626,,0,,,0,0,,,no_face,0,0.004900037311017513,1,,0,,0,29.327299911528826,1,hover,0.01179997343569994,1
1790161479.1801631,,0.023488283157348633,42.57441862825705,,0.06700004450976849,,0,,,0,0,,,no_face,0,0.007999944500625134,1,,0,,0,,0,hover,0.019300030544400215,1
1790161479.2209194,,0.0407562255859375,24.53612879071509,,38.215900072827935,,0,,,0,0,,,no_face,0,0.005700043402612209,1,7.38279998768121,1,,0,30.79660004004836,1,hover,0.012899981811642647,1
1790161479.2371893,,0.016269922256469727,61.4631086883252,,0.04409998655319214,,0,,,0,0,,,no_face,0,0.004300032742321491,1,,0,,0,,0,hover,0.012199976481497288,1
1790161479.3050845,,0.06789517402648926,14.728587330961854,,30.4169999435544,,0,,,0,0,,,no_face,0,0.004700035788118839,1,,0,,0,30.381100019440055,1,hover,0.010899966582655907,1
1790161479.3254967,,0.020412206649780273,48.99029375693512,,0.040400074794888496,,0,,,0,0,,,no_face,0,0.00400003045797348,1,,0,,0,,0,hover,0.01079996582120657,1
1790161479.366723,,0.04122638702392578,24.256309421915844,,37.08999999798834,,0,,,0,0,,,no_face,0,0.008900067768990993,1,8.110599941574037,1,,0,28.92539999447763,1,hover,0.019999919459223747,1
1790161479.3815086,,0.014785528182983398,67.63370152382488,,0.06859994027763605,,0,,,0,0,,,no_face,0,0.0070999376475811005,1,,0,,0,,0,hover,0.018900027498602867,1
1790161479.4296334,,0.04812479019165039,20.77931136982908,,28.38310005608946,,0,,,0,0,,,no_face,0,0.004800036549568176,1,,0,,0,28.34329998586327,1,hover,0.012599979527294636,1
1790161479.4514322,,0.02179884910583496,45.87398147236714,,0.04249997437000275,,0,,,0,0,,,no_face,0,0.004200031980872154,1,,0,,0,,0,hover,0.01179997343569994,1
1790161479.5048797,,0.05344748497009277,18.709954276792683,,44.853399973362684,,0,,,0,0,,,no_face,0,0.004299916326999664,1,10.230100015178323,1,,0,34.54669995699078,1,hover,0.010900082997977734,1
1790161479.5143135,,0.009433746337890625,106.00242620299231,,0.08909997995942831,,0,,,0,0,,,no_face,0,0.00400003045797348,1,,0,,0,,0,hover,0.010399962775409222,1
1790161479.5727265,,0.058413028717041016,17.119468412502755,,33.64120004698634,,0,,,0,0,,,no_face,0,0.004500034265220165,1,,0,,0,33.56310003437102,1,hover,0.011499971151351929,1
1790161479.5840373,,0.011310815811157227,88.4109525515904,,0.12139999307692051,,0,,,0,0,,,no_face,0,0.005400041118264198,1,,0,,0,,0,hover,0.013999990187585354,1
1790161479.6270733,,0.04303598403930664,23.236368874164846,,40.78959999606013,,0,,,0,0,,,no_face,0,0.00500003807246685,1,7.561799953691661,1,,0,33.1304999999702,1,hover,0.011899974197149277,1
1790161479.6421595,,0.015086174011230469,66.28585877741956,,0.1221999991685152,,0,,,0,0,,,no_face,0,0.005799927748739719,1,,0,,0,,0,hover,0.013699987903237343,1
1790161479.7062967,,0.06413722038269043,15.591570604919502,,31.32409998215735,,0,,,0,0,,,no_face,0,0.00409991480410099,1,,0,,0,31.24859998933971,1,hover,0.010800082236528397,1
1790161479.7257948,,0.019498109817504883,51.28702265807461,,0.1425999216735363,,0,,,0,0,,,no_face,0,0.008400063961744308,1,,0,,0,,0,hover,0.019900035113096237,1
1790161479.7655065,,0.039711713790893555,25.18148688484237,,35.867300000973046,,0,,,0,0,,,no_face,0,0.004499917849898338,1,7.734299986623228,1,,0,28.063500067219138,1,hover,0.010500079952180386,1
1790161479.7793827,,0.013876199722290039,72.06584079311352,,0.08110003545880318,,0,,,0,0,,,no_face,0,0.004100031219422817,1,,0,,0,,0,hover,0.011199968867003918,1
1790161479.8289955,,0.04961276054382324,20.156104781081353,,27.26610004901886,,0,,,0,0,,,no_face,0,0.0070999376475811005,1,,0,,0,27.176000061444938,1,hover,0.016600009985268116,1
1790161479.8481977,,0.019202232360839844,52.07727837099578,,0.052200048230588436,,0,,,0,0,,,no_face,0,0.00500003807246685,1,,0,,0,,0,hover,0.010999967344105244,1
1790161479.8877237,,0.03952598571777344,25.29981180331033,,35.61500005889684,,0,,,0,0,,,no_face,0,0.004900037311017513,1,7.656099973246455,1,,0,27.920100023038685,1,hover,0.011599971912801266,1
1790161479.900458,,0.012734413146972656,78.52737212611399,,0.04339998122304678,,0,,,0,0,,,no_face,0,0.004200031980872154,1,,0,,0,,0,hover,0.010699965059757233,1
1790161479.956757,,0.05629897117614746,17.76231393059055,,27.551400009542704,,0,,,0,0,,,no_face,0,0.003999914042651653,1,,0,,0,27.51360007096082,1,hover,0.010400079190731049,1
1790161479.977817,,0.02105998992919922,47.48340352307205,,0.06749993190169334,,0,,,0,0,,,no_face,0,0.006600050255656242,1,,0,,0,,0,hover,0.017700018361210823,1
1790161480.0189586,,0.041141510009765625,24.30635141400093,,34.79669999796897,,0,,,0,0,,,no_face,0,0.008899951353669167,1,8.054199977777898,1,,0,26.678299997001886,1,hover,0.020400038920342922,1
1790161480.0314186,,0.012459993362426758,80.25686458353265,,0.04549999721348286,,0,,,0,0,,,no_face,0,0.004200031980872154,1,,0,,0,,0,hover,0.010199961252510548,1
1790161480.1036713,,0.07225275039672852,13.840303580267282,,28.63630000501871,,0,,,0,0,,,no_face,0,0.004699919372797012,1,,0,,0,28.5948000382632,1,hover,0.01100008375942707,1
1790161480.1226892,,0.019017934799194336,52.581944914563664,,0.06469991058111191,,0,,,0,0,,,no_face,0,0.005300040356814861,1,,0,,0,,0,hover,0.015900004655122757,1
1790161480.1630867,,0.04039740562438965,24.75406488470777,,34.61699991021305,,0,,,0,0,,,no_face,0,0.004699919372797012,1,7.855199975892901,1,,0,26.723999995738268,1,hover,0.011499971151351929,1
1790161480.175405,,0.01231837272644043,81.17955368029884,,0.050900038331747055,,0,,,0,0,,,no_face,0,0.004300032742321491,1,,0,,0,,0,hover,0.011999974958598614,1
1790161480.2442472,,0.06884217262268066,14.525979670643647,,31.206300016492605,,0,,,0,0,,,no_face,0,0.006900052540004253,1,,0,,0,31.145400018431246,1,hover,0.016700010746717453,1
1790161480.2527862,,0.008538961410522461,117.11026106380008,,0.05589995998889208,,0,,,0,0,,,no_face,0,0.004799920134246349,1,,0,,0,,0,hover,0.012500095181167126,1
1790161480.288533,,0.03574681282043457,27.974521953139067,,33.21070002857596,,0,,,0,0,,,no_face,0,0.004800036549568176,1,7.200000109151006,1,,0,25.971499970182776,1,hover,0.011899974197149277,1
1790161480.3039188,,0.015385866165161133,64.9947158817969,,0.09019998833537102,,0,,,0,0,,,no_face,0,0.007400056347250938,1,,0,,0,,0,hover,0.019499915651977062,1
1790161480.3637545,,0.05983567237854004,16.712438588032786,,31.583699979819357,,0,,,0,0,,,no_face,0,0.0076999422162771225,1,,0,,0,31.520499964244664,1,hover,0.01780001912266016,1
1790161480.380396,,0.01664137840270996,60.09117609134801,,0.07119996007531881,,0,,,0,0,,,no_face,0,0.006700051017105579,1,,0,,0,,0,hover,0.01750001683831215,1
1790161480.4227264,,0.04233050346374512,23.623626420046524,,39.734599995426834,,0,,,0,0,,,no_face,0,0.005600042641162872,1,7.568200002424419,1,,0,32.12539991363883,1,hover,0.012399978004395962,1
1790161480.4381328,,0.015406370162963867,64.90821584982746,,0.04730001091957092,,0,,,0,0,,,no_face,0,0.004200031980872154,1,,0,,0,,0,hover,0.010499963536858559,1
1790161480.4883382,,0.05020546913146973,19.918148705699103,,27.006400050595403,,0,,,0,0,,,no_face,0,0.004200031980872154,1,,0,,0,26.96689998265356,1,hover,0.010499963536858559,1
1790161480.504069,,0.015730857849121094,63.56932403758715,,0.047200010158121586,,0,,,0,0,,,no_face,0,0.004500034265220165,1,,0,,0,,0,hover,0.011299969628453255,1
1790161480.5423622,,0.03829312324523926,26.114349398865595,,35.35969997756183,,0,,,0,0,,,no_face,0,0.004799920134246349,1,7.924000034108758,1,,0,27.397400001063943,1,hover,0.01170008908957243,1
1790161480.5562718,,0.013909578323364258,71.89290550384807,,0.04840001929551363,,0,,,0,0,,,no_face,0,0.005100038833916187,1,,0,,0,,0,hover,0.010699965059757233,1
1790161480.6285214,,0.0722496509552002,13.840897316169313,,29.348300071433187,,0,,,0,0,,,no_face,0,0.003700028173625469,1,,0,,0,29.311800026334822,1,hover,0.0097999582067132,1
1790161480.6504443,,0.021922826766967773,45.61455557851465,,0.07280008867383003,,0,,,0,0,,,no_face,0,0.007300055585801601,1,,0,,0,,0,hover,0.017700018361210823,1
1790161480.6885085,,0.03806424140930176,26.2713760468015,,39.502100087702274,,0,,,0,0,,,no_face,0,0.0039000296965241432,1,8.673800039105117,1,,0,30.79510002862662,1,hover,0.010299962013959885,1
1790161480.7080421,,0.019533634185791016,51.193750762846335,,0.04740001168102026,,0,,,0,0,,,no_face,0,0.004200031980872154,1,,0,,0,,0,hover,0.01109996810555458,1
1790161480.7563224,,0.04828023910522461,20.712407778688604,,28.739799978211522,,0,,,0,0,,,no_face,0,0.003600027412176132,1,,0,,0,28.704100055620074,1,hover,0.009900075383484364,1
1790161480.7781837,,0.02186131477355957,45.742902947880424,,0.05170004442334175,,0,,,0,0,,,no_face,0,0.004800036549568176,1,,0,,0,,0,hover,0.011899974197149277,1
1790161480.8198645,,0.04168081283569336,23.991854572079028,,39.76449999026954,,0,,,0,0,,,no_face,0,0.005299923941493034,1,8.10880004428327,1,,0,31.616599997505546,1,hover,0.012100092135369778,1
1790161480.8343353,,0.014470815658569336,69.10460499217399,,0.056299963034689426,,0,,,0,0,,,no_face,0,0.004400033503770828,1,,0,,0,,0,hover,0.011399970389902592,1
1790161480.8887947,,0.054459333419799805,18.362325375734944,,26.643299963325262,,0,,,0,0,,,no_face,0,0.004500034265220165,1,,0,,0,26.600999990478158,1,hover,0.01179997343569994,1
1790161480.9038434,,0.015048742294311523,66.45073591153219,,0.05500006955116987,,0,,,0,0,,,no_face,0,0.005800044164061546,1,,0,,0,,0,hover,0.012599979527294636,1
1790161480.947548,,0.04370450973510742,22.88093393704653,,39.05449993908405,,0,,,0,0,,,no_face,0,0.012299977242946625,1,7.60039989836514,1,,0,31.406000023707747,1,hover,0.011899974197149277,1
1790161480.959611,,0.012063026428222656,82.89793659577832,,0.05200004670768976,,0,,,0,0,,,no_face,0,0.004500034265220165,1,,0,,0,,0,hover,0.01209997572004795,1
1790161481.0405114,,0.08090043067932129,12.360873627037526,,29.46150000207126,,0,,,0,0,,,no_face,0,0.004500034265220165,1,,0,,0,29.421500046737492,1,hover,0.010500079952180386,1
1790161481.0506837,,0.010172367095947266,98.30553602400038,,0.06969994865357876,,0,,,0,0,,,no_face,0,0.0067999353632330894,1,,0,,0,,0,hover,0.015600002370774746,1
1790161481.0890071,,0.038323402404785156,26.09371656090581,,36.583199980668724,,0,,,0,0,,,no_face,0,0.004800036549568176,1,7.747399969957769,1,,0,28.797199949622154,1,hover,0.01179997343569994,1
1790161481.1043751,,0.015367984771728516,65.07034037667938,,0.05779997445642948,,0,,,0,0,,,no_face,0,0.00500003807246685,1,,0,,0,,0,hover,0.013399985618889332,1
1790161481.1568158,,0.052440643310546875,19.069178729904706,,27.740399935282767,,0,,,0,0,,,no_face,0,0.004699919372797012,1,,0,,0,27.69709995482117,1,hover,0.01170008908957243,1
1790161481.1784582,,0.021642446517944336,46.205497108234646,,0.06220000796020031,,0,,,0,0,,,no_face,0,0.005500041879713535,1,,0,,0,,0,hover,0.013599987141788006,1
1790161481.220157,,0.04169869422912598,23.98156629330406,,36.16909997072071,,0,,,0,0,,,no_face,0,0.005800044164061546,1,7.661200012080371,1,,0,28.46619999036193,1,hover,0.012599979527294636,1
1790161481.2320564,,0.011899471282958984,84.037347225005,,0.04549999721348286,,0,,,0,0,,,no_face,0,0.004500034265220165,1,,0,,0,,0,hover,0.010999967344105244,1
1790161481.2888012,,0.05674481391906738,17.62275582445747,,26.88840008340776,,0,,,0,0,,,no_face,0,0.004800036549568176,1,,0,,0,26.843000086955726,1,hover,0.012599979527294636,1
1790161481.3045568,,0.015755653381347656,63.469281520489076,,0.05809997674077749,,0,,,0,0,,,no_face,0,0.004600035026669502,1,,0,,0,,0,hover,0.012399978004395962,1
1790161481.3451624,,0.04060554504394531,24.627178355019023,,35.04119999706745,,0,,,0,0,,,no_face,0,0.00509992241859436,1,7.666300050914288,1,,0,27.33700000680983,1,hover,0.01170008908957243,1
1790161481.3550048,,0.009842395782470703,101.60127900780002,,0.04529999569058418,,0,,,0,0,,,no_face,0,0.004100031219422817,1,,0,,0,,0,hover,0.010499963536858559,1
1790161481.4302018,,0.07519698143005371,13.29840614586603,,30.34639998804778,,0,,,0,0,,,no_face,0,0.004200031980872154,1,,0,,0,30.30340000987053,1,hover,0.011699972674250603,1
1790161481.4548523,,0.02465057373046875,40.56700711853915,,0.06959994789212942,,0,,,0,0,,,no_face,0,0.004599918611347675,1,,0,,0,,0,hover,0.027399975806474686,1
1790161481.4889185,,0.034066200256347656,29.354609333445314,,36.77600005175918,,0,,,0,0,,,no_face,0,0.00500003807246685,1,7.272400078363717,1,,0,29.470999957993627,1,hover,0.01179997343569994,1
1790161481.5085883,,0.019669771194458008,50.83943224930607,,0.04529999569058418,,0,,,0,0,,,no_face,0,0.005100038833916187,1,,0,,0,,0,hover,0.012399978004395962,1
1790161481.5565479,,0.04795956611633301,20.850897557629114,,29.434600030072033,,0,,,0,0,,,no_face,0,0.005300040356814861,1,,0,,0,29.38930003438145,1,hover,0.014699995517730713,1
1790161481.5809088,,0.02436089515686035,41.04939467786292,,0.043899985030293465,,0,,,0,0,,,no_face,0,0.004399917088449001,1,,0,,0,,0,hover,0.01170008908957243,1
1790161481.6116793,,0.030770540237426758,32.498616933078154,,37.3690000269562,,0,,,0,0,,,no_face,0,0.007600057870149612,1,9.052100009284914,1,,0,28.268299996852875,1,hover,0.01819990575313568,1
1790161481.6348395,,0.023160219192504883,43.17748427543468,,0.0447999918833375,,0,,,0,0,,,no_face,0,0.00509992241859436,1,,0,,0,,0,hover,0.01200009137392044,1
1790161481.6888144,,0.05397486686706543,18.527141576150573,,28.41559995431453,,0,,,0,0,,,no_face,0,0.009299954399466515,1,,0,,0,28.372299973852932,1,hover,0.011599971912801266,1
1790161481.7069728,,0.018158435821533203,55.0708227199916,,0.042100087739527225,,0,,,0,0,,,no_face,0,0.004100031219422817,1,,0,,0,,0,hover,0.011399970389902592,1
1790161481.7453778,,0.03840494155883789,26.038315888801975,,38.018499966710806,,0,,,0,0,,,no_face,0,0.004999921657145023,1,7.805900066159666,1,,0,30.178299988619983,1,hover,0.012199976481497288,1
1790161481.7612636,,0.01588582992553711,62.94918205012757,,0.045900000259280205,,0,,,0,0,,,no_face,0,0.004700035788118839,1,,0,,0,,0,hover,0.012399978004395962,1
1790161481.8124924,,0.05122876167297363,19.52028445238727,,30.770599958486855,,0,,,0,0,,,no_face,0,0.0076999422162771225,1,,0,,0,30.72239994071424,1,hover,0.016000005416572094,1
1790161481.836821,,0.02432870864868164,41.103702397052196,,0.04409998655319214,,0,,,0,0,,,no_face,0,0.004700035788118839,1,,0,,0,,0,hover,0.011699972674250603,1
1790161481.8764815,,0.03966045379638672,25.214033231538703,,41.84059996623546,,0,,,0,0,,,no_face,0,0.004599918611347675,1,7.99889990594238,1,,0,33.80840003956109,1,hover,0.012499978765845299,1
1790161481.9413667,,0.06488513946533203,15.411849434866323,,0.07289997301995754,,0,,,0,0,,,no_face,0,0.009100069291889668,1,,0,,0,,0,hover,0.022699940018355846,1
1790161481.966528,,0.025161266326904297,39.74362764606667,,29.698999947868288,,0,,,0,0,,,no_face,0,0.004199915565550327,1,,0,,0,29.66350002679974,1,hover,0.011600088328123093,1
1790161482.0690467,,0.10251879692077637,9.754308771032221,,0.06400002166628838,,0,,,0,0,,,no_face,0,0.0072999391704797745,1,,0,,0,,0,hover,0.017700018361210823,1
1790161482.1047397,,0.03569293022155762,28.016752723653536,,33.95219997037202,,0,,,0,0,,,no_face,0,0.004100031219422817,1,7.706600008532405,1,,0,26.176600018516183,1,hover,0.010400079190731049,1
1790161482.1189404,,0.014200687408447266,70.41912628857325,,0.07890001870691776,,0,,,0,0,,,no_face,0,0.004300032742321491,1,,0,,0,,0,hover,0.010499963536858559,1
1790161482.1476104,,0.028670072555541992,34.87957688501551,,32.62489999178797,,0,,,0,0,,,no_face,0,0.004699919372797012,1,,0,,0,32.54010004457086,1,hover,0.011800089851021767,1
1790161482.1970887,,0.04947829246520996,20.21088340312345,,0.09890005458146334,,0,,,0,0,,,no_face,0,0.004700035788118839,1,,0,,0,,0,hover,0.011199968867003918,1
1790161482.2372024,,0.04011368751525879,24.929146681406724,,35.15399992465973,,0,,,0,0,,,no_face,0,0.004999921657145023,1,7.78709992300719,1,,0,27.272999985143542,1,hover,0.012499978765845299,1
1790161482.2498512,,0.012648820877075195,79.05875256818653,,0.10439998004585505,,0,,,0,0,,,no_face,0,0.0039000296965241432,1,,0,,0,,0,hover,0.026799971237778664,1
1790161482.3568544,,0.10700321197509766,9.345513854600226,,28.936599963344634,,0,,,0,0,,,no_face,0,0.004400033503770828,1,,0,,0,28.8600999629125,1,hover,0.0100000761449337,1
1790161482.3777833,,0.02092885971069336,47.78091180424233,,0.1474000746384263,,0,,,0,0,,,no_face,0,0.022700056433677673,1,,0,,0,,0,hover,0.018299906514585018,1
1790161482.4898157,,0.11203241348266602,8.92598819318235,,34.006499918177724,,0,,,0,0,,,no_face,0,0.005199923180043697,1,7.453300058841705,1,,0,26.469299918971956,1,hover,0.011600088328123093,1
1790161482.511763,,0.021947383880615234,45.56351706606991,,0.09210000280290842,,0,,,0,0,,,no_face,0,0.004400033503770828,1,,0,,0,,0,hover,0.011699972674250603,1
1790161482.533355,,0.021591901779174805,46.31366010401599,,28.05129997432232,,0,,,0,0,,,no_face,0,0.00409991480410099,1,,0,,0,27.94770000036806,1,hover,0.010500079952180386,1
1790161482.557494,,0.024138927459716797,41.42686130810106,,0.09049999061971903,,0,,,0,0,,,no_face,0,0.004399917088449001,1,,0,,0,,0,hover,0.011500087566673756,1
1790161482.629056,,0.07156205177307129,13.973886651141251,,33.991800039075315,,0,,,0,0,,,no_face,0,0.0072999391704797745,1,7.574700051918626,1,,0,26.298800017684698,1,hover,0.01750001683831215,1
1790161482.640718,,0.011662006378173828,85.74853825080754,,0.11250004172325134,,0,,,0,0,,,no_face,0,0.004200031980872154,1,,0,,0,,0,hover,0.011499971151351929,1
1790161482.6648602,,0.02414226531982422,41.421133715188624,,27.222599950619042,,0,,,0,0,,,no_face,0,0.00409991480410099,1,,0,,0,27.140400023199618,1,hover,0.010300078429281712,1
1790161482.7415714,,0.07671117782592773,13.035909867909869,,0.09710004087537527,,0,,,0,0,,,no_face,0,0.004800036549568176,1,,0,,0,,0,hover,0.012399978004395962,1
1790161482.789917,,0.04834556579589844,20.684420246972028,,39.60759995970875,,0,,,0,0,,,no_face,0,0.005300040356814861,1,8.052799967117608,1,,0,31.47059993352741,1,hover,0.011999974958598614,1
1790161482.8686814,,0.07876443862915039,12.696084900805783,,0.16459997277706861,,0,,,0,0,,,no_face,0,0.008599949069321156,1,,0,,0,,0,hover,0.020700041204690933,1
1790161482.905878,,0.03719663619995117,26.884151422308253,,29.198299976997077,,0,,,0,0,,,no_face,0,0.004200031980872154,1,,0,,0,29.112799908034503,1,hover,0.010899966582655907,1
1790161482.9156458,,0.009767770767211914,102.3775049427616,,0.09869993664324284,,0,,,0,0,,,no_face,0,0.005399924702942371,1,,0,,0,,0,hover,0.01279998105019331,1
1790161482.949014,,0.03336811065673828,29.968733030380978,,38.68070000316948,,0,,,0,0,,,no_face,0,0.007999944500625134,1,7.6145000057294965,1,,0,30.935700051486492,1,hover,0.019400031305849552,1
1790161482.9966433,,0.047629356384277344,20.995454818493084,,0.13149995356798172,,0,,,0,0,,,no_face,0,0.004699919372797012,1,,0,,0,,0,hover,0.011800089851021767,1
1790161483.036398,,0.039754629135131836,25.154303329075283,,31.234599999152124,,0,,,0,0,,,no_face,0,0.004700035788118839,1,,0,,0,31.14429989363998,1,hover,0.011899974197149277,1
1790161483.0462384,,0.00984048843383789,101.62097204050977,,0.11659995652735233,,0,,,0,0,,,no_face,0,0.004700035788118839,1,,0,,0,,0,hover,0.012299977242946625,1
1790161483.153383,,0.10714459419250488,9.333182019461635,,35.89189995545894,,0,,,0,0,,,no_face,0,0.004699919372797012,1,7.583599886856973,1,,0,28.21290004067123,1,hover,0.012300093658268452,1
1790161483.168608,,0.015224933624267578,65.68173134141377,,0.14110002666711807,,0,,,0,0,,,no_face,0,0.0073999399319291115,1,,0,,0,,0,hover,0.0171000137925148,1
1790161483.1905608,,0.02195286750793457,45.552135712501496,,27.41590002551675,,0,,,0,0,,,no_face,0,0.004900037311017513,1,,0,,0,27.321500005200505,1,hover,0.012699980288743973,1
1790161483.2132678,,0.022706985473632812,44.039311213775726,,0.08549995254725218,,0,,,0,0,,,no_face,0,0.003999914042651653,1,,0,,0,,0,hover,0.010900082997977734,1
1790161483.2909818,,0.0777139663696289,12.867699934960546,,33.117600018158555,,0,,,0,0,,,no_face,0,0.00500003807246685,1,7.4136999901384115,1,,0,25.59340000152588,1,hover,0.012599979527294636,1
1790161483.316291,,0.025309324264526367,39.51112995148603,,0.12179999612271786,,0,,,0,0,,,no_face,0,0.004400033503770828,1,,0,,0,,0,hover,0.010899966582655907,1
1790161483.416047,,0.09975600242614746,10.024459437820113,,30.559799983166158,,0,,,0,0,,,no_face,0,0.004599918611347675,1,,0,,0,30.472800019197166,1,hover,0.011999974958598614,1
1790161483.4355915,,0.019544363021850586,51.16564806343398,,0.10529998689889908,,0,,,0,0,,,no_face,0,0.00509992241859436,1,,0,,0,,0,hover,0.012999982573091984,1
1790161483.4760506,,0.04045915603637695,24.716284222560077,,36.6609999909997,,0,,,0,0,,,no_face,0,0.005100038833916187,1,7.738700020126998,1,,0,28.839699923992157,1,hover,0.01209997572004795,1
1790161483.5250642,,0.049013614654541016,20.402494430337878,,0.09580003097653389,,0,,,0,0,,,no_face,0,0.00500003807246685,1,,0,,0,,0,hover,0.012399978004395962,1
1790161483.554868,,0.029803752899169922,33.5528214645697,,27.373099932447076,,0,,,0,0,,,no_face,0,0.007900060154497623,1,,0,,0,27.23899995908141,1,hover,0.01880002673715353,1
1790161483.5702982,,0.015430212020874023,64.80792348460267,,0.13760000001639128,,0,,,0,0,,,no_face,0,0.010800082236528397,1,,0,,0,,0,hover,0.01919991336762905,1
1790161483.6135895,,0.043291330337524414,23.09931323901155,,36.54730005655438,,0,,,0,0,,,no_face,0,0.00500003807246685,1,7.568400003947318,1,,0,28.894499992020428,1,hover,0.011999974958598614,1
1790161483.6685672,,0.0549776554107666,18.18920782504239,,0.14899997040629387,,0,,,0,0,,,no_face,0,0.0067999353632330894,1,,0,,0,,0,hover,0.018900027498602867,1
1790161483.6918106,,0.023243427276611328,43.022915170786746,,28.063499950803816,,0,,,0,0,,,no_face,0,0.004599918611347675,1,,0,,0,27.974699973128736,1,hover,0.011200085282325745,1
1790161483.7968056,,0.1049950122833252,9.524261945905932,,0.09590003173798323,,0,,,0,0,,,no_face,0,0.004400033503770828,1,,0,,0,,0,hover,0.012399978004395962,1
1790161483.8360765,,0.039270877838134766,25.464162123438204,,38.27330004423857,,0,,,0,0,,,no_face,0,0.004900037311017513,1,8.401400060392916,1,,0,29.79179995600134,1,hover,0.011999974958598614,1
1790161483.8509243,,0.014847755432128906,67.35024728627401,,0.17989997286349535,,0,,,0,0,,,no_face,0,0.0070999376475811005,1,,0,,0,,0,hover,0.018700025975704193,1
1790161483.956338,,0.10541367530822754,9.486435199949337,,31.557199894450605,,0,,,0,0,,,no_face,0,0.004500034265220165,1,,0,,0,31.470199930481613,1,hover,0.011199968867003918,1
1790161483.9667456,,0.010407686233520508,96.08283508579021,,0.08420005906373262,,0,,,0,0,,,no_face,0,0.004900037311017513,1,,0,,0,,0,hover,0.01079996582120657,1
1790161484.0077069,,0.040961265563964844,24.413308188400737,,35.565100028179586,,0,,,0,0,,,no_face,0,0.005600042641162872,1,7.472299970686436,1,,0,28.007599990814924,1,hover,0.012399978004395962,1
1790161484.0194407,,0.011733770370483398,85.22409834400081,,0.09190000128000975,,0,,,0,0,,,no_face,0,0.004400033503770828,1,,0,,0,,0,hover,0.012299977242946625,1
1790161484.0920353,,0.07259464263916016,13.775121188633886,,29.34050001204014,,0,,,0,0,,,no_face,0,0.007300055585801601,1,,0,,0,29.240600066259503,1,hover,0.017000013031065464,1
1790161484.1064825,,0.014447212219238281,69.2175061060136,,0.0961000332608819,,0,,,0,0,,,no_face,0,0.004700035788118839,1,,0,,0,,0,hover,0.01179997343569994,1
1790161484.2281523,,0.12166976928710938,8.218968490358991,,34.262800007127225,,0,,,0,0,,,no_face,0,0.00509992241859436,1,7.72210001014173,1,,0,26.453700033016503,1,hover,0.012300093658268452,1
1790161484.2398717,,0.011719465255737305,85.32812531787204,,0.0828000484034419,,0,,,0,0,,,no_face,0,0.004300032742321491,1,,0,,0,,0,hover,0.010399962775409222,1
1790161484.2629924,,0.023120641708374023,43.25139468935293,,25.266400072723627,,0,,,0,0,,,no_face,0,0.004100031219422817,1,,0,,0,25.18610004335642,1,hover,0.010499963536858559,1
1790161484.3253942,,0.062401771545410156,16.02518606819189,,0.14579994603991508,,0,,,0,0,,,no_face,0,0.006200047209858894,1,,0,,0,,0,hover,0.02050003968179226,1
1790161484.358268,,0.03287386894226074,30.419297520361464,,34.783100010827184,,0,,,0,0,,,no_face,0,0.005100038833916187,1,7.562700076960027,1,,0,27.128999936394393,1,hover,0.012599979527294636,1
1790161484.3783178,,0.0200498104095459,49.87578334026993,,0.1316999550908804,,0,,,0,0,,,no_face,0,0.004200031980872154,1,,0,,0,,0,hover,0.011299969628453255,1
1790161484.4081066,,0.029788732528686523,33.569739801349414,,30.049199936911464,,0,,,0,0,,,no_face,0,0.008300063200294971,1,,0,,0,29.874700005166233,1,hover,0.02110004425048828,1
1790161484.452984,,0.04487752914428711,22.282866705626095,,0.11829996947199106,,0,,,0,0,,,no_face,0,0.004899920895695686,1,,0,,0,,0,hover,0.012900098226964474,1
1790161484.492695,,0.03971099853515625,25.181940441882805,,35.34509998280555,,0,,,0,0,,,no_face,0,0.005199923180043697,1,7.507400005124509,1,,0,27.7388000395149,1,hover,0.01179997343569994,1
1790161484.5040257,,0.011330604553222656,88.25654406194765,,0.09910005610436201,,0,,,0,0,,,no_face,0,0.004600035026669502,1,,0,,0,,0,hover,0.01109996810555458,1
1790161484.5389688,,0.0349431037902832,28.617950082558917,,27.783899917267263,,0,,,0,0,,,no_face,0,0.007899943739175797,1,,0,,0,27.652899967506528,1,hover,0.018700025975704193,1
1790161484.5979505,,0.05898165702819824,16.95442363584182,,0.17280003521591425,,0,,,0,0,,,no_face,0,0.0074999406933784485,1,,0,,0,,0,hover,0.020300038158893585,1
1790161484.6389604,,0.04100990295410156,24.384354216082972,,33.924899995326996,,0,,,0,0,,,no_face,0,0.004800036549568176,1,6.825700053013861,1,,0,27.004599920473993,1,hover,0.011699972674250603,1
1790161484.6500807,,0.011120319366455078,89.92547489387248,,0.12600002810359,,0,,,0,0,,,no_face,0,0.007400056347250938,1,,0,,0,,0,hover,0.017499900422990322,1
1790161484.6736822,,0.023601531982421875,42.370130919670274,,30.337899923324585,,0,,,0,0,,,no_face,0,0.004400033503770828,1,,0,,0,30.243100016377866,1,hover,0.011399970389902592,1
1790161484.7251017,,0.05141949653625488,19.447876143534767,,0.05539995618164539,,0,,,0,0,,,no_face,0,0.004799920134246349,1,,0,,0,,0,hover,0.012500095181167126,1
1790161484.760223,,0.03512120246887207,28.47282922292596,,36.56630008481443,,0,,,0,0,,,no_face,0,0.004700035788118839,1,7.943999953567982,1,,0,28.585800086148083,1,hover,0.011299969628453255,1
1790161484.7774613,,0.017238378524780273,58.01009639987276,,0.05180004518479109,,0,,,0,0,,,no_face,0,0.004800036549568176,1,,0,,0,,0,hover,0.012199976481497288,1
1790161484.8092272,,0.03176593780517578,31.48026059023087,,33.79569994285703,,0,,,0,0,,,no_face,0,0.004199915565550327,1,,0,,0,33.75539998523891,1,hover,0.01100008375942707,1
1790161484.8533585,,0.04413127899169922,22.659665045921123,,0.05180004518479109,,0,,,0,0,,,no_face,0,0.004900037311017513,1,,0,,0,,0,hover,0.011299969628453255,1
1790161484.8937457,,0.04038715362548828,24.76034853243288,,41.01919999811798,,0,,,0,0,,,no_face,0,0.00500003807246685,1,8.259199908934534,1,,0,32.72430005017668,1,hover,0.010699965059757233,1
1790161484.9107852,,0.01703953742980957,58.68703913584911,,0.04850002005696297,,0,,,0,0,,,no_face,0,0.004200031980872154,1,,0,,0,,0,hover,0.011699972674250603,1
1790161484.9454334,,0.03464818000793457,28.86154481334939,,28.333300026133657,,0,,,0,0,,,no_face,0,0.004299916326999664,1,,0,,0,28.294000076130033,1,hover,0.010300078429281712,1
1790161484.997562,,0.05212855339050293,19.183344538814413,,0.07750000804662704,,0,,,0,0,,,no_face,0,0.007700058631598949,1,,0,,0,,0,hover,0.018300022929906845,1
1790161485.042566,,0.04500412940979004,22.22018319462177,,35.863000084646046,,0,,,0,0,,,no_face,0,0.004800036549568176,1,7.356100017204881,1,,0,28.456400032155216,1,hover,0.010699965059757233,1
1790161485.0507724,,0.008206367492675781,121.8565950029053,,0.048900023102760315,,0,,,0,0,,,no_face,0,0.004400033503770828,1,,0,,0,,0,hover,0.011999974958598614,1
1790161485.0750036,,0.0242311954498291,41.2691153463934,,27.407299960032105,,0,,,0,0,,,no_face,0,0.004699919372797012,1,,0,,0,27.36359997652471,1,hover,0.011900090612471104,1
1790161485.1252937,,0.05029010772705078,19.884626325071586,,0.08129992056638002,,0,,,0,0,,,no_face,0,0.007700058631598949,1,,0,,0,,0,hover,0.01910002902150154,1
1790161485.1623163,,0.03702259063720703,27.01053553489091,,36.834800033830106,,0,,,0,0,,,no_face,0,0.004200031980872154,1,9.124299976974726,1,,0,27.677200036123395,1,hover,0.010199961252510548,1
1790161485.1794097,,0.017093420028686523,58.50204337819932,,0.07260008715093136,,0,,,0,0,,,no_face,0,0.007500057108700275,1,,0,,0,,0,hover,0.018999911844730377,1
1790161485.2095292,,0.03011941909790039,33.20117153486899,,28.684700024314225,,0,,,0,0,,,no_face,0,0.00500003807246685,1,,0,,0,28.64270005375147,1,hover,0.011399970389902592,1
1790161485.2533333,,0.043804168701171875,22.82887747104415,,0.05339994095265865,,0,,,0,0,,,no_face,0,0.004999921657145023,1,,0,,0,,0,hover,0.011800089851021767,1
1790161485.294001,,0.04066777229309082,24.58949540665873,,43.11950004193932,,0,,,0,0,,,no_face,0,0.005300040356814861,1,7.078900001943111,1,,0,36.002399981953204,1,hover,0.011399970389902592,1
1790161485.3123271,,0.0183260440826416,54.567150198399794,,0.04859990440309048,,0,,,0,0,,,no_face,0,0.004700035788118839,1,,0,,0,,0,hover,0.011399970389902592,1
1790161485.3473964,,0.03506922721862793,28.515028111849126,,26.658999966457486,,0,,,0,0,,,no_face,0,0.004299916326999664,1,,0,,0,26.61709999665618,1,hover,0.011400086805224419,1
1790161485.3971717,,0.04977536201477051,20.09026071378962,,0.06619992200285196,,0,,,0,0,,,no_face,0,0.006299931555986404,1,,0,,0,,0,hover,0.015099998563528061,1
1790161485.4386272,,0.04145550727844238,24.122247335760335,,35.70839995518327,,0,,,0,0,,,no_face,0,0.006300047971308231,1,7.9706000396981835,1,,0,27.689799899235368,1,hover,0.013999990187585354,1
1790161485.4523044,,0.013677120208740234,73.11480667991493,,0.06330001633614302,,0,,,0,0,,,no_face,0,0.006499933078885078,1,,0,,0,,0,hover,0.015300000086426735,1
1790161485.4760878,,0.023783445358276367,42.04605282943211,,25.546899996697903,,0,,,0,0,,,no_face,0,0.004100031219422817,1,,0,,0,25.506799924187362,1,hover,0.01109996810555458,1
1790161485.525132,,0.049044132232666016,20.389799033572185,,0.08430005982518196,,0,,,0,0,,,no_face,0,0.008399947546422482,1,,0,,0,,0,hover,0.020000035874545574,1
1790161485.5630603,,0.03792834281921387,26.365507313792172,,38.04299992043525,,0,,,0,0,,,no_face,0,0.004900037311017513,1,7.21539999358356,1,,0,30.788299976848066,1,hover,0.011699972674250603,1
1790161485.5801764,,0.017116069793701172,58.42462738542972,,0.05879998207092285,,0,,,0,0,,,no_face,0,0.005400041118264198,1,,0,,0,,0,hover,0.013699987903237343,1
1790161485.6148214,,0.03464508056640625,28.86412684430742,,37.70740004256368,,0,,,0,0,,,no_face,0,0.00400003045797348,1,,0,,0,37.66999999061227,1,hover,0.010199961252510548,1
1790161485.6533,,0.03847861289978027,25.98846280151929,,0.05259993486106396,,0,,,0,0,,,no_face,0,0.004700035788118839,1,,0,,0,,0,hover,0.011899974197149277,1
1790161485.6943424,,0.041042327880859375,24.36508969235059,,34.31120002642274,,0,,,0,0,,,no_face,0,0.005299923941493034,1,7.739700027741492,1,,0,26.529300026595592,1,hover,0.012400094419717789,1
1790161485.704469,,0.010126590728759766,98.74991759664736,,0.06969994865357876,,0,,,0,0,,,no_face,0,0.0071999384090304375,1,,0,,0,,0,hover,0.01780001912266016,1
1790161485.7299922,,0.02552318572998047,39.18006202593132,,28.363600024022162,,0,,,0,0,,,no_face,0,0.005499925464391708,1,,0,,0,28.31670001614839,1,hover,0.01300009898841381,1
1790161485.7812655,,0.051273345947265625,19.503310765568038,,0.05440006498247385,,0,,,0,0,,,no_face,0,0.004600035026669502,1,,0,,0,,0,hover,0.012299977242946625,1
1790161485.8099732,,0.02870774269104004,34.83380810404538,,34.5432999311015,,0,,,0,0,,,no_face,0,0.008399947546422482,1,7.4544999515637755,1,,0,27.024699957109988,1,hover,0.019900035113096237,1
1790161485.8353806,,0.02540731430053711,39.358744815419556,,0.0475000124424696,,0,,,0,0,,,no_face,0,0.004200031980872154,1,,0,,0,,0,hover,0.011199968867003918,1
1790161485.8590326,,0.023652076721191406,42.27958550058465,,30.896999989636242,,0,,,0,0,,,no_face,0,0.004500034265220165,1,,0,,0,30.85549990646541,1,hover,0.011599971912801266,1
1790161485.9250555,,0.06602287292480469,15.146266069622996,,0.0801000278443098,,0,,,0,0,,,no_face,0,0.0072999391704797745,1,,0,,0,,0,hover,0.016400008462369442,1
1790161485.9652996,,0.040244102478027344,24.848361335576673,,36.300100036896765,,0,,,0,0,,,no_face,0,0.00500003807246685,1,7.893300033174455,1,,0,28.36659993045032,1,hover,0.012299977242946625,1
1790161485.9773147,,0.012015104293823242,83.22857426331977,,0.0467000063508749,,0,,,0,0,,,no_face,0,0.004499917849898338,1,,0,,0,,0,hover,0.01070008147507906,1
1790161486.004846,,0.02753138542175293,36.322182290539075,,27.63499994762242,,0,,,0,0,,,no_face,0,0.005299923941493034,1,,0,,0,27.576099964790046,1,hover,0.01379998866468668,1
1790161486.052711,,0.04786491394042969,20.892129906355848,,0.05719996988773346,,0,,,0,0,,,no_face,0,0.005100038833916187,1,,0,,0,,0,hover,0.01279998105019331,1
1790161486.0946033,,0.041892290115356445,23.870740827163093,,34.912100061774254,,0,,,0,0,,,no_face,0,0.005300040356814861,1,8.128100074827671,1,,0,26.74310002475977,1,hover,0.012899981811642647,1
1790161486.1056778,,0.011074542999267578,90.29717976318622,,0.11599995195865631,,0,,,0,0,,,no_face,0,0.0076999422162771225,1,,0,,0,,0,hover,0.05710008554160595,1
1790161486.1295447,,0.023866891860961914,41.89904600169822,,27.486399980261922,,0,,,0,0,,,no_face,0,0.004700035788118839,1,,0,,0,27.441899990662932,1,hover,0.012299977242946625,1
1790161486.180679,,0.051134347915649414,19.556326437360415,,0.08700008038431406,,0,,,0,0,,,no_face,0,0.007200054824352264,1,,0,,0,,0,hover,0.019399914890527725,1
1790161486.2261882,,0.04550909996032715,21.973627271727114,,43.40219998266548,,0,,,0,0,,,no_face,0,0.004599918611347675,1,11.86019997112453,1,,0,31.504300073720515,1,hover,0.011699972674250603,1
1790161486.2419965,,0.0158083438873291,63.25773320262424,,0.04569999873638153,,0,,,0,0,,,no_face,0,0.003800028935074806,1,,0,,0,,0,hover,0.01079996582120657,1
1790161486.2658458,,0.0238492488861084,41.93004168707701,,29.512999928556383,,0,,,0,0,,,no_face,0,0.0037999125197529793,1,,0,,0,29.475299990735948,1,hover,0.010200077667832375,1
1790161486.325216,,0.05937027931213379,16.843444423473095,,0.05780009087175131,,0,,,0,0,,,no_face,0,0.006900052540004253,1,,0,,0,,0,hover,0.012999982573091984,1
1790161486.3663833,,0.041167259216308594,24.29114833090092,,32.19860000535846,,0,,,0,0,,,no_face,0,0.008699949830770493,1,7.543999934569001,1,,0,24.602400022558868,1,hover,0.018600025214254856,1
1790161486.3751595,,0.008776187896728516,113.94468894322195,,0.041800085455179214,,0,,,0,0,,,no_face,0,0.004800036549568176,1,,0,,0,,0,hover,0.011399970389902592,1
1790161486.4106598,,0.035500288009643555,28.168785552622918,,30.23929998744279,,0,,,0,0,,,no_face,0,0.008499948307871819,1,,0,,0,30.170199926942587,1,hover,0.02150004729628563,1
1790161486.4539049,,0.04324507713317871,23.124019340290985,,0.048699905164539814,,0,,,0,0,,,no_face,0,0.00509992241859436,1,,0,,0,,0,hover,0.01279998105019331,1
1790161486.4951732,,0.041268348693847656,24.231645598872277,,33.61360006965697,,0,,,0,0,,,no_face,0,0.005800044164061546,1,7.687499979510903,1,,0,25.886000017635524,1,hover,0.013399985618889332,1
1790161486.5033302,,0.008157014846801758,122.59386782801859,,0.04400010220706463,,0,,,0,0,,,no_face,0,0.004200031980872154,1,,0,,0,,0,hover,0.01179997343569994,1
1790161486.5422761,,0.038945913314819336,25.676634976216857,,31.536299968138337,,0,,,0,0,,,no_face,0,0.005800044164061546,1,,0,,0,31.48989996407181,1,hover,0.014699995517730713,1
1790161486.5811496,,0.03887343406677246,25.72450888394144,,0.044899992644786835,,0,,,0,0,,,no_face,0,0.004400033503770828,1,,0,,0,,0,hover,0.011699972674250603,1
1790161486.6158035,,0.03465390205383301,28.856779200407296,,34.781499998643994,,0,,,0,0,,,no_face,0,0.005500041879713535,1,8.008999982848763,1,,0,26.734599960036576,1,hover,0.013299984857439995,1
1790161486.6329012,,0.01709771156311035,58.48735933512752,,0.09769992902874947,,0,,,0,0,,,no_face,0,0.006199930794537067,1,,0,,0,,0,search_360,0.027399975806474686,1
1790161486.6577137,,0.02481245994567871,40.302332061765526,,28.05269998498261,,0,,,0,0,,,no_face,0,0.006400048732757568,1,,0,,0,28.00529997330159,1,search_360,0.01379998866468668,1
1790161486.7255778,,0.06786417961120605,14.735314060068227,,0.07599999662488699,,0,,,0,0,,,no_face,0,0.006200047209858894,1,,0,,0,,0,search_360,0.01409999094903469,1
1790161486.7662673,,0.04068946838378906,24.576384006000094,,34.55969993956387,,0,,,0,0,,,no_face,0,0.005599926225841045,1,7.701699971221387,1,,0,26.826199959032238,1,search_360,0.009100069291889668,1
1790161486.7782538,,0.011986494064331055,83.42723023371457,,0.0369000481441617,,0,,,0,0,,,no_face,0,0.004100031219422817,1,,0,,0,,0,search_360,0.007999944500625134,1
1790161486.7952158,,0.016962051391601562,58.95513325087147,,24.201499996706843,,0,,,0,0,,,no_face,0,0.004100031219422817,1,,0,,0,24.169899988919497,1,search_360,0.008499948307871819,1
1790161486.8532624,,0.058046579360961914,17.227544000164293,,0.04079996142536402,,0,,,0,0,,,no_face,0,0.004399917088449001,1,,0,,0,,0,search_360,0.008300063200294971,1
1790161486.8955371,,0.04227471351623535,23.654802524349595,,34.550199983641505,,0,,,0,0,,,no_face,0,0.005200039595365524,1,7.385100005194545,1,,0,27.131999959237874,1,search_360,0.009999959729611874,1
1790161486.9047015,,0.00916433334350586,109.11868463499661,,0.05849997978657484,,0,,,0,0,,,no_face,0,0.0068999361246824265,1,,0,,0,,0,search_360,0.012899981811642647,1
1790161486.9389873,,0.034285783767700195,29.16660755884705,,31.695600016973913,,0,,,0,0,,,no_face,0,0.004399917088449001,1,,0,,0,31.662299996241927,1,search_360,0.008400063961744308,1
1790161486.980727,,0.041739702224731445,23.95800512940612,,0.06719992961734533,,0,,,0,0,,,no_face,0,0.00809994526207447,1,,0,,0,,0,search_360,0.014399993233382702,1
1790161487.026794,,0.046066999435424805,21.707513236275936,,41.4211000315845,,0,,,0,0,,,no_face,0,0.004800036549568176,1,7.897599949501455,1,,0,33.49419997539371,1,search_360,0.008699949830770493,1
1790161487.0388837,,0.012089729309082031,82.71483789540112,,0.06500002928078175,,0,,,0,0,,,no_face,0,0.008299946784973145,1,,0,,0,,0,search_360,0.014899997040629387,1
1790161487.0631995,,0.024315834045410156,41.12546574106758,,26.315100025385618,,0,,,0,0,,,no_face,0,0.007600057870149612,1,,0,,0,26.260799961164594,1,search_360,0.015099998563528061,1
1790161487.1092267,,0.046027183532714844,21.726291361912853,,0.06330001633614302,,0,,,0,0,,,no_face,0,0.009699957445263863,1,,0,,0,,0,search_360,0.013699987903237343,1
1790161487.1511557,,0.041929006576538086,23.849837657722205,,39.55420001875609,,0,,,0,0,,,no_face,0,0.005100038833916187,1,7.598700001835823,1,,0,31.922199996188283,1,search_360,0.009899958968162537,1
1790161487.165404,,0.014248371124267578,70.18346106221345,,0.05340005736798048,,0,,,0,0,,,no_face,0,0.005599926225841045,1,,0,,0,,0,search_360,0.011400086805224419,1
1790161487.1953857,,0.029981613159179688,33.35377568547617,,27.208899962715805,,0,,,0,0,,,no_face,0,0.004200031980872154,1,,0,,0,27.17399992980063,1,search_360,0.008899951353669167,1
1790161487.2535465,,0.05816078186035156,17.193716590692947,,0.06519991438835859,,0,,,0,0,,,no_face,0,0.005700043402612209,1,,0,,0,,0,search_360,0.014599994756281376,1
1790161487.295233,,0.0416865348815918,23.98856136257049,,36.98430000804365,,0,,,0,0,,,no_face,0,0.005400041118264198,1,8.690900052897632,1,,0,28.26149994507432,1,search_360,0.00909995287656784,1
1790161487.3072367,,0.012003660202026367,83.30792301428089,,0.04249997437000275,,0,,,0,0,,,no_face,0,0.004199915565550327,1,,0,,0,,0,search_360,0.00900006853044033,1
1790161487.346503,,0.039266347885131836,25.467099790521875,,34.13450007792562,,0,,,0,0,,,no_face,0,0.005100038833916187,1,,0,,0,34.09770003054291,1,search_360,0.009599956683814526,1
1790161487.3810303,,0.03452730178833008,28.962587523650374,,0.041499966755509377,,0,,,0,0,,,no_face,0,0.004100031219422817,1,,0,,0,,0,search_360,0.008499948307871819,1
1790161487.4265354,,0.04550504684448242,21.975584453689052,,42.097599944099784,,0,,,0,0,,,no_face,0,0.005300040356814861,1,8.284399984404445,1,,0,33.77360000740737,1,search_360,0.01009996049106121,1
1790161487.43889,,0.012354612350463867,80.94143074933905,,0.0393999507650733,,0,,,0,0,,,no_face,0,0.004199915565550327,1,,0,,0,,0,search_360,0.00800006091594696,1
1790161487.4625294,,0.023639440536499023,42.30218555536505,,25.11170005891472,,0,,,0,0,,,no_face,0,0.003800028935074806,1,,0,,0,25.081100058741868,1,search_360,0.00809994526207447,1
1790161487.5086632,,0.04613375663757324,21.676101685280027,,0.06520003080368042,,0,,,0,0,,,no_face,0,0.006800051778554916,1,,0,,0,,0,search_360,0.014999997802078724,1
1790161487.552771,,0.044107913970947266,22.67166841439552,,37.307600025087595,,0,,,0,0,,,no_face,0,0.005600042641162872,1,7.051200023852289,1,,0,30.222599976696074,1,search_360,0.01009996049106121,1
1790161487.5622256,,0.009454488754272461,105.76986508636995,,0.041499966755509377,,0,,,0,0,,,no_face,0,0.00509992241859436,1,,0,,0,,0,search_360,0.00870006624609232,1
1790161487.5953887,,0.03316307067871094,30.15402312072238,,26.930699939839542,,0,,,0,0,,,no_face,0,0.004200031980872154,1,,0,,0,26.89730003476143,1,search_360,0.00870006624609232,1
1790161487.6536417,,0.05825304985046387,17.166483172417745,,0.0646000262349844,,0,,,0,0,,,no_face,0,0.005899928510189056,1,,0,,0,,0,search_360,0.015600002370774746,1
1790161487.6954367,,0.04179501533508301,23.926298195674867,,38.24030002579093,,0,,,0,0,,,no_face,0,0.008600065484642982,1,7.783000008203089,1,,0,30.405799974687397,1,search_360,0.015599885955452919,1
1790161487.709766,,0.014329195022583008,69.78759088867074,,0.062700011767447,,0,,,0,0,,,no_face,0,0.006700051017105579,1,,0,,0,,0,search_360,0.014199991710484028,1
1790161487.7339485,,0.024182558059692383,41.35211823048635,,28.48690003156662,,0,,,0,0,,,no_face,0,0.00409991480410099,1,,0,,0,28.453400009311736,1,search_360,0.008600065484642982,1
1790161487.7812746,,0.047326087951660156,21.129994962216625,,0.04409998655319214,,0,,,0,0,,,no_face,0,0.004500034265220165,1,,0,,0,,0,search_360,0.00879995059221983,1
1790161487.811006,,0.02973151206970215,33.63434720896851,,35.249399952590466,,0,,,0,0,,,no_face,0,0.004899920895695686,1,7.405699929222465,1,,0,27.813000022433698,1,search_360,0.009100069291889668,1
1790161487.8326905,,0.02168440818786621,46.11608448505239,,0.05610007792711258,,0,,,0,0,,,no_face,0,0.008500064723193645,1,,0,,0,,0,search_360,0.01650000922381878,1
1790161487.856189,,0.02349853515625,42.555844155844156,,27.427799999713898,,0,,,0,0,,,no_face,0,0.004399917088449001,1,,0,,0,27.392299962230027,1,search_360,0.009500072337687016,1
1790161487.9094148,,0.05322575569152832,18.787896705413335,,0.048900023102760315,,0,,,0,0,,,no_face,0,0.005300040356814861,1,,0,,0,,0,search_360,0.0097999582067132,1
1790161487.9532454,,0.04383063316345215,22.815093641719113,,35.59290000703186,,0,,,0,0,,,no_face,0,0.004900037311017513,1,7.743300055153668,1,,0,27.817999944090843,1,search_360,0.009399955160915852,1
1790161487.9630601,,0.009814739227294922,101.88757712675509,,0.038499943912029266,,0,,,0,0,,,no_face,0,0.004400033503770828,1,,0,,0,,0,search_360,0.00800006091594696,1
1790161487.9957829,,0.03272271156311035,30.55981464345824,,27.79179997742176,,0,,,0,0,,,no_face,0,0.008199946023523808,1,,0,,0,27.73580001667142,1,search_360,0.014699995517730713,1
1790161488.0528746,,0.057091712951660156,17.515676939781173,,0.05789997521787882,,0,,,0,0,,,no_face,0,0.004500034265220165,1,,0,,0,,0,search_360,0.00879995059221983,1
1790161488.0956833,,0.04280877113342285,23.359698807594416,,36.26039996743202,,0,,,0,0,,,no_face,0,0.004400033503770828,1,7.72510003298521,1,,0,28.507799957878888,1,search_360,0.0077999429777264595,1
1790161488.1049995,,0.009316205978393555,107.33983365323097,,0.04109996370971203,,0,,,0,0,,,no_face,0,0.004600035026669502,1,,0,,0,,0,search_360,0.008499948307871819,1
1790161488.1442688,,0.039269208908081055,25.465244342984814,,31.259799958206713,,0,,,0,0,,,no_face,0,0.008199946023523808,1,,0,,0,31.2069000210613,1,search_360,0.013399985618889332,1
1790161488.1810033,,0.036734580993652344,27.222305875022716,,0.0657000346109271,,0,,,0,0,,,no_face,0,0.0075999414548277855,1,,0,,0,,0,search_360,0.01479999627918005,1
1790161488.211626,,0.03062272071838379,32.65549162650556,,34.994599991478026,,0,,,0,0,,,no_face,0,0.004300032742321491,1,7.3043000884354115,1,,0,27.661799918860197,1,search_360,0.008399947546422482,1
1790161488.2340782,,0.022452116012573242,44.53923182296036,,0.0377000542357564,,0,,,0,0,,,no_face,0,0.004400033503770828,1,,0,,0,,0,search_360,0.007700058631598949,1
1790161488.2733965,,0.03931832313537598,25.43343459884909,,32.04870002809912,,0,,,0,0,,,no_face,0,0.004800036549568176,1,,0,,0,32.01119997538626,1,search_360,0.009399955160915852,1
1790161488.3089333,,0.035536766052246094,28.139870649169417,,0.04260009154677391,,0,,,0,0,,,no_face,0,0.00500003807246685,1,,0,,0,,0,search_360,0.008899951353669167,1
1790161488.3489873,,0.0400540828704834,24.966243846689565,,33.11550000216812,,0,,,0,0,,,no_face,0,0.009899958968162537,1,7.647700025700033,1,,0,25.413600029423833,1,search_360,0.016600009985268116,1
1790161488.3594143,,0.010426998138427734,95.90487949878813,,0.05700008478015661,,0,,,0,0,,,no_face,0,0.006700051017105579,1,,0,,0,,0,search_360,0.012599979527294636,1
1790161488.3835368,,0.02412247657775879,41.45511331626753,,27.05709997098893,,0,,,0,0,,,no_face,0,0.004200031980872154,1,,0,,0,27.024899958632886,1,search_360,0.008299946784973145,1
1790161488.4367042,,0.05316734313964844,18.80853811659193,,0.051600043661892414,,0,,,0,0,,,no_face,0,0.005900044925510883,1,,0,,0,,0,search_360,0.010999967344105244,1
1790161488.4592288,,0.022524595260620117,44.39591426303255,,24.122499977238476,,0,,,0,0,,,no_face,0,0.0036999117583036423,1,4.639500053599477,1,,0,19.46109998971224,1,search_360,0.006400048732757568,1
1790161488.4737751,,0.014546394348144531,68.7455582508359,,0.0447999918833375,,0,,,0,0,,,no_face,0,0.005499925464391708,1,,0,,0,,0,search_360,0.01070008147507906,1
1790161488.4959102,,0.022135019302368164,45.17728158895316,,18.737300066277385,,0,,,0,0,,,no_face,0,0.003100023604929447,1,,0,,0,18.713500001467764,1,search_360,0.006200047209858894,1
1790161488.580661,,0.08475089073181152,11.799286017706086,,0.053999945521354675,,0,,,0,0,,,no_face,0,0.007700058631598949,1,,0,,0,,0,search_360,0.012599979527294636,1
1790161488.6012013,,0.020540237426757812,48.684928962763486,,21.490099956281483,,0,,,0,0,,,no_face,0,0.004400033503770828,1,4.663800005801022,1,,0,16.800999990664423,1,search_360,0.0070999376475811005,1
1790161488.6158152,,0.014613866806030273,68.42815890366262,,0.06550003308802843,,0,,,0,0,,,no_face,0,0.004600035026669502,1,,0,,0,,0,search_360,0.025999965146183968,1
1790161488.6405952,,0.0247800350189209,40.355068071390775,,26.634000008925796,,0,,,0,0,,,no_face,0,0.004599918611347675,1,,0,,0,26.600299985148013,1,search_360,0.008500064723193645,1
1790161488.708717,,0.06812191009521484,14.679564894793577,,0.04740001168102026,,0,,,0,0,,,no_face,0,0.005199923180043697,1,,0,,0,,0,search_360,0.009600073099136353,1
1790161488.757595,,0.04887795448303223,20.459121306869456,,41.6861999547109,,0,,,0,0,,,no_face,0,0.004900037311017513,1,9.965999983251095,1,,0,31.688999966718256,1,search_360,0.00909995287656784,1
1790161488.768526,,0.010931015014648438,91.48281277264003,,0.04099996294826269,,0,,,0,0,,,no_face,0,0.004300032742321491,1,,0,,0,,0,search_360,0.008800067007541656,1
1790161488.796396,,0.02786993980407715,35.88095299200137,,32.025699969381094,,0,,,0,0,,,no_face,0,0.003999914042651653,1,,0,,0,31.994299963116646,1,search_360,0.00800006091594696,1
1790161488.8368185,,0.04042243957519531,24.738734487802578,,0.09639991912990808,,0,,,0,0,,,no_face,0,0.00609993003308773,1,,0,,0,,0,search_360,0.01580000389367342,1
1790161488.8760996,,0.03928112983703613,25.457516220858597,,33.64229993894696,,0,,,0,0,,,no_face,0,0.004799920134246349,1,7.303799968212843,1,,0,26.308199972845614,1,search_360,0.008400063961744308,1
1790161488.8862655,,0.010165929794311523,98.36778536081991,,0.03709993325173855,,0,,,0,0,,,no_face,0,0.00409991480410099,1,,0,,0,,0,search_360,0.007700058631598949,1
1790161488.912229,,0.025963544845581055,38.51554192416827,,25.65140009392053,,0,,,0,0,,,no_face,0,0.004500034265220165,1,,0,,0,25.61710006557405,1,search_360,0.00879995059221983,1
1790161488.9814599,,0.06923079490661621,14.444439087387,,0.04379998426884413,,0,,,0,0,,,no_face,0,0.004700035788118839,1,,0,,0,,0,search_360,0.008999952115118504,1
1790161489.0123518,,0.030891895294189453,32.370950065601605,,35.621299990452826,,0,,,0,0,,,no_face,0,0.004700035788118839,1,7.29249999858439,1,,0,28.29849999397993,1,search_360,0.009199953638017178,1
1790161489.0357184,,0.023366689682006836,42.79596355362372,,0.040199956856667995,,0,,,0,0,,,no_face,0,0.004200031980872154,1,,0,,0,,0,search_360,0.008400063961744308,1
1790161489.0611322,,0.02541375160217285,39.348775247905586,,26.8513000337407,,0,,,0,0,,,no_face,0,0.004600035026669502,1,,0,,0,26.815999997779727,1,search_360,0.009199953638017178,1
1790161489.1087232,,0.04759097099304199,21.012389096793264,,0.06760004907846451,,0,,,0,0,,,no_face,0,0.007400056347250938,1,,0,,0,,0,search_360,0.013599987141788006,1
1790161489.1492991,,0.04057598114013672,24.645121865231392,,33.74819993041456,,0,,,0,0,,,no_face,0,0.008400063961744308,1,7.857399992644787,1,,0,25.841100024990737,1,search_360,0.01479999627918005,1
1790161489.1604917,,0.011192560195922852,89.3450633720311,,0.05789997521787882,,0,,,0,0,,,no_face,0,0.006800051778554916,1,,0,,0,,0,search_360,0.012599979527294636,1
1790161489.1970677,,0.036576032638549805,27.340308061351532,,29.306599986739457,,0,,,0,0,,,no_face,0,0.0067999353632330894,1,,0,,0,29.25590006634593,1,search_360,0.013699987903237343,1
1790161489.2369943,,0.03992652893066406,25.046003917259828,,0.045199994929134846,,0,,,0,0,,,no_face,0,0.004500034265220165,1,,0,,0,,0,search_360,0.009199953638017178,1
1790161489.2769861,,0.03999185562133789,25.005091273295257,,42.600000044330955,,0,,,0,0,,,no_face,0,0.008599949069321156,1,7.276599993929267,1,,0,35.27530003339052,1,search_360,0.014400109648704529,1
1790161489.297219,,0.0202329158782959,49.42441346641057,,0.04449998959898949,,0,,,0,0,,,no_face,0,0.004600035026669502,1,,0,,0,,0,search_360,0.009299954399466515,1
1790161489.3207545,,0.023535490036010742,42.48902395785848,,25.35340003669262,,0,,,0,0,,,no_face,0,0.004500034265220165,1,,0,,0,25.31910000834614,1,search_360,0.008699949830770493,1
1790161489.3811429,,0.06038832664489746,16.559491801790063,,0.04109996370971203,,0,,,0,0,,,no_face,0,0.004300032742321491,1,,0,,0,,0,search_360,0.008299946784973145,1
1790161489.428284,,0.047141075134277344,21.21292306447371,,39.40160002093762,,0,,,0,0,,,no_face,0,0.004800036549568176,1,8.592900005169213,1,,0,30.778100015595555,1,search_360,0.008899951353669167,1
1790161489.4363399,,0.008055925369262695,124.13223238332002,,0.0412999652326107,,0,,,0,0,,,no_face,0,0.004700035788118839,1,,0,,0,,0,search_360,0.008699949830770493,1
1790161489.4595063,,0.023166418075561523,43.165930820134406,,28.390899999067187,,0,,,0,0,,,no_face,0,0.004300032742321491,1,,0,,0,28.358999988995492,1,search_360,0.008199946023523808,1
1790161489.5093846,,0.04987835884094238,20.048775124877512,,0.06670004222542048,,0,,,0,0,,,no_face,0,0.0076999422162771225,1,,0,,0,,0,search_360,0.015500001609325409,1
1790161489.5593426,,0.049957990646362305,20.016817871613398,,41.04279994498938,,0,,,0,0,,,no_face,0,0.004199915565550327,1,8.424200001172721,1,,0,32.59099996648729,1,search_360,0.007900060154497623,1
1790161489.5686193,,0.009276628494262695,107.79778457426302,,0.043199979700148106,,0,,,0,0,,,no_face,0,0.004900037311017513,1,,0,,0,,0,search_360,0.008899951353669167,1
1790161489.6017127,,0.03309345245361328,30.217457710152445,,26.76670008804649,,0,,,0,0,,,no_face,0,0.004500034265220165,1,,0,,0,26.733200065791607,1,search_360,0.008399947546422482,1
1790161489.6375222,,0.03580951690673828,27.925537297930703,,0.06599992047995329,,0,,,0,0,,,no_face,0,0.00809994526207447,1,,0,,0,,0,search_360,0.013999990187585354,1
1790161489.6777549,,0.04023265838623047,24.85542939768175,,38.88179990462959,,0,,,0,0,,,no_face,0,0.005200039595365524,1,7.730099954642355,1,,0,31.122999964281917,1,search_360,0.00800006091594696,1
1790161489.6940734,,0.016318559646606445,61.279918182482284,,0.05949998740106821,,0,,,0,0,,,no_face,0,0.007700058631598949,1,,0,,0,,0,search_360,0.013699987903237343,1
1790161489.716783,,0.02270960807800293,44.03422536246339,,28.77699991222471,,0,,,0,0,,,no_face,0,0.004900037311017513,1,,0,,0,28.731399914249778,1,search_360,0.010699965059757233,1
1790161489.7650967,,0.04831361770629883,20.698098123784803,,0.07099995855242014,,0,,,0,0,,,no_face,0,0.01179997343569994,1,,0,,0,,0,search_360,0.010699965059757233,1
1790161489.8131654,,0.04806876182556152,20.803531483272575,,39.23760005272925,,0,,,0,0,,,no_face,0,0.008899951353669167,1,7.326100021600723,1,,0,31.861499999649823,1,search_360,0.015099998563528061,1
1790161489.8227587,,0.00959324836730957,104.23997812958223,,0.041800085455179214,,0,,,0,0,,,no_face,0,0.005300040356814861,1,,0,,0,,0,search_360,0.008699949830770493,1
1790161489.9389899,,0.11623120307922363,8.603541678204914,,30.671100015752017,,0,,,0,0,,,no_face,0,0.004699919372797012,1,,0,,0,30.633100075647235,1,search_360,0.010400079190731049,1
1790161489.9481611,,0.009171247482299805,109.03642082824238,,0.039199949242174625,,0,,,0,0,,,no_face,0,0.004200031980872154,1,,0,,0,,0,search_360,0.008599949069321156,1
1790161490.0614016,,0.11324048042297363,8.830764372111629,,35.051099956035614,,0,,,0,0,,,no_face,0,0.00509992241859436,1,7.258099969476461,1,,0,27.761899982579052,1,search_360,0.00900006853044033,1
1790161490.0814524,,0.020050764083862305,49.87341109882401,,0.04290009383112192,,0,,,0,0,,,no_face,0,0.004400033503770828,1,,0,,0,,0,search_360,0.009199953638017178,1
1790161490.1134758,,0.03202342987060547,31.227136007623812,,28.591600013896823,,0,,,0,0,,,no_face,0,0.004300032742321491,1,,0,,0,28.557299985550344,1,search_360,0.008699949830770493,1
1790161490.1267898,,0.013314008712768555,75.10885876475118,,0.059699988923966885,,0,,,0,0,,,no_face,0,0.0068999361246824265,1,,0,,0,,0,search_360,0.013500102795660496,1
1790161490.1978707,,0.07108092308044434,14.06847233635769,,35.055599990300834,,0,,,0,0,,,no_face,0,0.004999921657145023,1,7.927599945105612,1,,0,27.09870005492121,1,search_360,0.008600065484642982,1
1790161490.2083044,,0.010433673858642578,95.84351720670902,,0.041599967516958714,,0,,,0,0,,,no_face,0,0.005200039595365524,1,,0,,0,,0,search_360,0.00900006853044033,1
1790161490.2320461,,0.023741722106933594,42.119943763807996,,29.812499997206032,,0,,,0,0,,,no_face,0,0.004599918611347675,1,,0,,0,29.778999974951148,1,search_360,0.008600065484642982,1
1790161490.3085887,,0.07654261589050293,13.064617512295861,,0.06839993875473738,,0,,,0,0,,,no_face,0,0.007400056347250938,1,,0,,0,,0,search_360,0.015099998563528061,1
1790161490.348099,,0.039510250091552734,25.30988788182334,,36.950399982742965,,0,,,0,0,,,no_face,0,0.007899943739175797,1,8.712299983017147,1,,0,28.19179999642074,1,search_360,0.014399993233382702,1
1790161490.4369175,,0.08881855010986328,11.25890930175126,,0.04349998198449612,,0,,,0,0,,,no_face,0,0.004400033503770828,1,,0,,0,,0,search_360,0.009199953638017178,1
1790161490.4615183,,0.024600744247436523,40.649176705465045,,27.60230004787445,,0,,,0,0,,,no_face,0,0.004800036549568176,1,,0,,0,27.567500015720725,1,search_360,0.008899951353669167,1
1790161490.481767,,0.0202486515045166,49.38600478046368,,0.04309997893869877,,0,,,0,0,,,no_face,0,0.004999921657145023,1,,0,,0,,0,search_360,0.009400071576237679,1
1790161490.5134394,,0.03167247772216797,31.573153473246816,,36.7343999678269,,0,,,0,0,,,no_face,0,0.004499917849898338,1,7.303300080820918,1,,0,29.35069997329265,1,search_360,0.008500064723193645,1
1790161490.5662398,,0.05280041694641113,18.939244381629273,,0.0860999571159482,,0,,,0,0,,,no_face,0,0.004499917849898338,1,,0,,0,,0,search_360,0.007900060154497623,1
1790161490.6017587,,0.03551888465881348,28.15403720037321,,28.212000033818185,,0,,,0,0,,,no_face,0,0.004700035788118839,1,,0,,0,28.124900069087744,1,search_360,0.008599949069321156,1
1790161490.61014,,0.008381366729736328,119.31228309722934,,0.08249992970377207,,0,,,0,0,,,no_face,0,0.004199915565550327,1,,0,,0,,0,search_360,0.007600057870149612,1
1790161490.7400932,,0.12995314598083496,7.695081119063301,,37.38710004836321,,0,,,0,0,,,no_face,0,0.005400041118264198,1,8.111999952234328,1,,0,29.191100038588047,1,search_360,0.008899951353669167,1
1790161490.7549455,,0.014852285385131836,67.32970543382294,,0.09750004392117262,,0,,,0,0,,,no_face,0,0.004899920895695686,1,,0,,0,,0,search_360,0.008900067768990993,1
1790161490.8522635,,0.09731793403625488,10.275598325252767,,26.715700048953295,,0,,,0,0,,,no_face,0,0.004900037311017513,1,,0,,0,26.62899997085333,1,search_360,0.008199946023523808,1
1790161490.8724475,,0.020184040069580078,49.54409506484916,,0.04439998883754015,,0,,,0,0,,,no_face,0,0.0039000296965241432,1,,0,,0,,0,search_360,0.007300055585801601,1
1790161490.913703,,0.04125547409057617,24.239207572903062,,35.31860001385212,,0,,,0,0,,,no_face,0,0.007400056347250938,1,7.993699982762337,1,,0,27.272599982097745,1,search_360,0.01279998105019331,1
1790161490.9237149,,0.010011911392211914,99.88102779034601,,0.04469999112188816,,0,,,0,0,,,no_face,0,0.004799920134246349,1,,0,,0,,0,search_360,0.008300063200294971,1
1790161491.013941,,0.0902261734008789,11.083258463782515,,51.09899991657585,,1,,,0,0,,,no_face,0,0.004500034265220165,1,,0,,0,51.051999907940626,1,search_360,0.009400071576237679,1
1790161491.0247967,,0.010855674743652344,92.11771940613195,,0.08629995863884687,,1,,,0,0,,,no_face,0,0.0070999376475811005,1,,0,,0,,0,search_360,0.013300101272761822,1
1790161491.0774655,,0.05266880989074707,18.986569130275363,,55.29250006657094,,1,,,0,0,,,no_face,0,0.005100038833916187,1,6.852599908597767,1,,0,48.39870007708669,1,search_360,0.009299954399466515,1
1790161491.096861,,0.01939535140991211,51.55874615857406,,0.08100003469735384,,1,,,0,0,,,no_face,0,0.0070999376475811005,1,,0,,0,,0,search_360,0.01409999094903469,1
1790161491.1531348,,0.0562739372253418,17.770215650552895,,51.28540005534887,,0,,,0,0,,,no_face,0,0.004300032742321491,1,,0,,0,51.24749999959022,1,search_360,0.008199946023523808,1
1790161491.2366877,,0.08355283737182617,11.968474458261758,,0.04970002919435501,,0,,,0,0,,,no_face,0,0.00500003807246685,1,,0,,0,,0,search_360,0.008199946023523808,1
1790161491.2768993,,0.04021167755126953,24.86839796039369,,38.09379995800555,,0,,,0,0,,,no_face,0,0.0077999429777264595,1,8.358299965038896,1,,0,29.631200013682246,1,search_360,0.014499993994832039,1
1790161491.2915723,,0.014672994613647461,68.15241375948524,,0.07159996312111616,,0,,,0,0,,,no_face,0,0.004299916326999664,1,,0,,0,,0,search_360,0.007500057108700275,1
1790161491.3263376,,0.03476524353027344,28.764360563998462,,30.967500060796738,,0,,,0,0,,,no_face,0,0.008499948307871819,1,,0,,0,30.87990009225905,1,search_360,0.014599994756281376,1
1790161491.3648477,,0.03851008415222168,25.967224481962322,,0.14340004418045282,,0,,,0,0,,,no_face,0,0.0070999376475811005,1,,0,,0,,0,search_360,0.013200100511312485,1
1790161491.398645,,0.033797264099121094,29.58819379779339,,36.65299993008375,,0,,,0,0,,,no_face,0,0.005700043402612209,1,9.91810008417815,1,,0,26.653599925339222,1,search_360,0.010699965059757233,1
1790161491.420157,,0.02151203155517578,46.485614221749344,,0.0724999699741602,,0,,,0,0,,,no_face,0,0.004300032742321491,1,,0,,0,,0,search_360,0.0073999399319291115,1
1790161491.5144148,,0.09425783157348633,10.609198018950488,,32.519100001081824,,0,,,0,0,,,no_face,0,0.004399917088449001,1,,0,,0,32.449300051666796,1,search_360,0.00800006091594696,1
1790161491.5343814,,0.019966602325439453,50.08363384519858,,0.07660000119358301,,0,,,0,0,,,no_face,0,0.004200031980872154,1,,0,,0,,0,search_360,0.008199946023523808,1
1790161491.5833976,,0.04901623725891113,20.401402798787874,,42.026599985547364,,0,,,0,0,,,no_face,0,0.00870006624609232,1,8.597300038672984,1,,0,33.30139990430325,1,search_360,0.015600002370774746,1
1790161491.594335,,0.01093745231628418,91.42897002724796,,0.1503999810665846,,0,,,0,0,,,no_face,0,0.008500064723193645,1,,0,,0,,0,search_360,0.016900012269616127,1
1790161491.6525583,,0.05822324752807617,17.175270058884713,,29.81910004746169,,0,,,0,0,,,no_face,0,0.006300047971308231,1,,0,,0,29.682900058105588,1,hover,0.026699970476329327,1
1790161491.6764543,,0.023895978927612305,41.848044937990764,,0.08130003698170185,,0,,,0,0,,,no_face,0,0.004100031219422817,1,,0,,0,,0,hover,0.011299969628453255,1
1790161491.7991045,,0.122650146484375,8.153271958198557,,40.18839995842427,,0,,,0,0,,,no_face,0,0.00500003807246685,1,7.709000026807189,1,,0,32.33870002441108,1,hover,0.012599979527294636,1
1790161491.8139398,,0.014835357666015625,67.40653124196452,,0.15499989967793226,,0,,,0,0,,,no_face,0,0.004400033503770828,1,,0,,0,,0,hover,0.01079996582120657,1
1790161491.8533738,,0.039433956146240234,25.35885560889491,,33.474599942564964,,0,,,0,0,,,no_face,0,0.004399917088449001,1,,0,,0,33.34959992207587,1,hover,0.010300078429281712,1
1790161491.8932085,,0.03983473777770996,25.10371740314462,,0.13289996422827244,,0,,,0,0,,,no_face,0,0.004900037311017513,1,,0,,0,,0,hover,0.01309998333454132,1
1790161491.938992,,0.04578351974487305,21.84192053325001,,41.44009994342923,,0,,,0,0,,,no_face,0,0.004800036549568176,1,9.37270000576973,1,,0,31.943499925546348,1,hover,0.01209997572004795,1
1790161491.951401,,0.012408971786499023,80.58685418948258,,0.12620002962648869,,0,,,0,0,,,no_face,0,0.004499917849898338,1,,0,,0,,0,hover,0.01200009137392044,1
1790161491.984593,,0.03319191932678223,30.127814850197893,,28.576400014571846,,0,,,0,0,,,no_face,0,0.004600035026669502,1,,0,,0,28.41869997791946,1,hover,0.012399978004395962,1
1790161492.0369549,,0.05236196517944336,19.097831729061753,,0.1990000018849969,,0,,,0,0,,,no_face,0,0.009399955160915852,1,,0,,0,,0,hover,0.024699955247342587,1
1790161492.0993743,,0.06241941452026367,16.020656516657372,,62.81450006645173,,0,,,0,0,,,no_face,0,0.005300040356814861,1,7.446800009347498,1,,0,55.291400058194995,1,hover,0.012199976481497288,1
1790161492.1649938,,0.06561946868896484,15.239379714273257,,0.08310005068778992,,0,,,0,0,,,no_face,0,0.003800028935074806,1,,0,,0,,0,hover,0.01109996810555458,1
1790161492.2153068,,0.05031299591064453,19.875580491688307,,50.10599992237985,,0,,,0,0,,,no_face,0,0.007100054062902927,1,,0,,0,49.96400000527501,1,hover,0.018000020645558834,1
1790161492.233264,,0.017957210540771484,55.68793648264691,,0.11090002954006195,,0,,,0,0,,,no_face,0,0.005700043402612209,1,,0,,0,,0,hover,0.014899997040629387,1
1790161492.3469057,,0.11364173889160156,8.799583759923465,,56.864599930122495,,0,,,0,0,,,no_face,0,0.005599926225841045,1,7.820200058631599,1,,0,48.91049989964813,1,hover,0.012600095942616463,1
1790161492.3578606,,0.010954856872558594,91.28371202228607,,0.14579994603991508,,0,,,0,0,,,no_face,0,0.004699919372797012,1,,0,,0,,0,hover,0.012200092896819115,1
1790161492.4234295,,0.06556892395019531,15.251127207144311,,57.90949997026473,,0,,,0,0,,,no_face,0,0.004899920895695686,1,,0,,0,57.768299942836165,1,hover,0.012400094419717789,1
1790161492.4331067,,0.00967717170715332,103.33597772795585,,0.12619991321116686,,0,,,0,0,,,no_face,0,0.004299916326999664,1,,0,,0,,0,hover,0.011600088328123093,1
1790161492.4721932,,0.03908658027648926,25.584228472438255,,38.100200006738305,,0,,,0,0,,,no_face,0,0.005300040356814861,1,7.774899946525693,1,,0,30.19790002144873,1,hover,0.011899974197149277,1
1790161492.4868405,,0.014647245407104492,68.27222267437129,,0.17939996905624866,,0,,,0,0,,,no_face,0,0.0065999338403344154,1,,0,,0,,0,hover,0.015099998563528061,1
1790161492.5870175,,0.10017704963684082,9.982326327488915,,27.03470003325492,,0,,,0,0,,,no_face,0,0.004600035026669502,1,,0,,0,26.902399957180023,1,hover,0.012699980288743973,1
1790161492.5992832,,0.012265682220458984,81.52828208218327,,0.1700000138953328,,0,,,0,0,,,no_face,0,0.008399947546422482,1,,0,,0,,0,hover,0.02050003968179226,1
1790161492.63854,,0.03925681114196777,25.473286568886458,,36.66330000851303,,0,,,0,0,,,no_face,0,0.005699926987290382,1,7.980199996381998,1,,0,28.515600017271936,1,hover,0.014399993233382702,1
1790161492.6933362,,0.05479621887207031,18.24943436945247,,0.14759995974600315,,0,,,0,0,,,no_face,0,0.004899920895695686,1,,0,,0,,0,hover,0.012600095942616463,1
1790161492.7181304,,0.02479410171508789,40.33217300998135,,27.693100040778518,,0,,,0,0,,,no_face,0,0.004500034265220165,1,,0,,0,27.552800020202994,1,hover,0.021999934688210487,1
1790161492.7381637,,0.02003335952758789,49.91674005664913,,0.13029994443058968,,0,,,0,0,,,no_face,0,0.004599918611347675,1,,0,,0,,0,hover,0.012900098226964474,1
1790161492.7786326,,0.04046893119812012,24.71031407042577,,35.32979998271912,,0,,,0,0,,,no_face,0,0.005499925464391708,1,8.008999982848763,1,,0,27.181199984624982,1,hover,0.013599987141788006,1
1790161492.821269,,0.04263639450073242,23.454140804115642,,0.050200033001601696,,0,,,0,0,,,no_face,0,0.004200031980872154,1,,0,,0,,0,hover,0.01109996810555458,1
1790161492.8455245,,0.02425551414489746,41.22773873298275,,26.490500080399215,,0,,,0,0,,,no_face,0,0.004500034265220165,1,,0,,0,26.448699994944036,1,hover,0.01109996810555458,1
1790161492.8653283,,0.019803762435913086,50.49545525685323,,0.07269997149705887,,0,,,0,0,,,no_face,0,0.0069999368861317635,1,,0,,0,,0,hover,0.018600025214254856,1
1790161492.9009724,,0.0356440544128418,28.05516983050394,,34.453999949619174,,0,,,0,0,,,no_face,0,0.0077999429777264595,1,7.320299977436662,1,,0,27.077200007624924,1,hover,0.017400016076862812,1
1790161492.965639,,0.064666748046875,15.46389806512506,,0.0521000474691391,,0,,,0,0,,,no_face,0,0.004400033503770828,1,,0,,0,,0,hover,0.01179997343569994,1
1790161493.001216,,0.035576820373535156,28.108189250770675,,31.0749999480322,,0,,,0,0,,,no_face,0,0.004500034265220165,1,,0,,0,31.032899976707995,1,hover,0.011699972674250603,1
1790161493.013604,,0.012387990951538086,80.72333955618853,,0.07049995474517345,,0,,,0,0,,,no_face,0,0.0071999384090304375,1,,0,,0,,0,hover,0.018600025214254856,1
1790161493.0477104,,0.03410649299621582,29.31993037545525,,34.71300005912781,,0,,,0,0,,,no_face,0,0.00500003807246685,1,7.124299998395145,1,,0,27.548900106921792,1,hover,0.01179997343569994,1
1790161493.093584,,0.04587364196777344,21.7990104361565,,0.08070003241300583,,0,,,0,0,,,no_face,0,0.008699949830770493,1,,0,,0,,0,hover,0.02010003663599491,1
1790161493.1171374,,0.02355337142944336,42.45676687923879,,25.892799952998757,,0,,,0,0,,,no_face,0,0.004100031219422817,1,,0,,0,25.851799990050495,1,hover,0.011399970389902592,1
1790161493.1364682,,0.019330739974975586,51.7310770976455,,0.05250005051493645,,0,,,0,0,,,no_face,0,0.004900037311017513,1,,0,,0,,0,hover,0.012299977242946625,1
1790161493.1769524,,0.04048418998718262,24.701000571250212,,38.77330000977963,,0,,,0,0,,,no_face,0,0.00509992241859436,1,7.840199978090823,1,,0,30.815700069069862,1,hover,0.01170008908957243,1
1790161493.220724,,0.04377174377441406,22.845788487515797,,0.1593999331817031,,0,,,0,0,,,no_face,0,0.00500003807246685,1,,0,,0,,0,hover,0.01279998105019331,1
1790161493.2443583,,0.02363419532775879,42.311573807866516,,27.782600023783743,,0,,,0,0,,,no_face,0,0.004600035026669502,1,,0,,0,27.66140003222972,1,hover,0.01109996810555458,1
1790161493.2643359,,0.019977569580078125,50.056139010884095,,0.16659998800605536,,0,,,0,0,,,no_face,0,0.004700035788118839,1,,0,,0,,0,hover,0.015900004655122757,1
1790161493.3015132,,0.037177324295043945,26.89811649875267,,36.36190004181117,,0,,,0,0,,,no_face,0,0.005100038833916187,1,7.05100002232939,1,,0,29.172000009566545,1,hover,0.01209997572004795,1
1790161493.3650787,,0.06356549263000488,15.731806025962724,,0.13269996270537376,,0,,,0,0,,,no_face,0,0.00509992241859436,1,,0,,0,,0,hover,0.01300009898841381,1
1790161493.3893354,,0.02425670623779297,41.225712600747,,27.157000033184886,,0,,,0,0,,,no_face,0,0.004999921657145023,1,,0,,0,27.028700103983283,1,hover,0.012200092896819115,1
1790161493.4091287,,0.019793272018432617,50.52221780556258,,0.20540005061775446,,0,,,0,0,,,no_face,0,0.009399955160915852,1,,0,,0,,0,hover,0.02220005262643099,1
1790161493.4496763,,0.04054760932922363,24.6623664512639,,34.85779999755323,,0,,,0,0,,,no_face,0,0.00509992241859436,1,7.824499974958599,1,,0,26.908300002105534,1,hover,0.011900090612471104,1
1790161493.4928727,,0.04319643974304199,23.150056021945147,,0.19669998437166214,,0,,,0,0,,,no_face,0,0.008899951353669167,1,,0,,0,,0,hover,0.020300038158893585,1
1790161493.5318651,,0.03899240493774414,25.6460200799775,,31.41620010137558,,0,,,0,0,,,no_face,0,0.004800036549568176,1,,0,,0,31.372400000691414,1,hover,0.01209997572004795,1
1790161493.5404644,,0.008599281311035156,116.28878784518132,,0.05280005279928446,,0,,,0,0,,,no_face,0,0.005400041118264198,1,,0,,0,,0,hover,0.01209997572004795,1
1790161493.5809124,,0.04044795036315918,24.72313160547241,,34.78250000625849,,0,,,0,0,,,no_face,0,0.005299923941493034,1,7.314400048926473,1,,0,27.42910000961274,1,hover,0.01200009137392044,1
1790161493.6219158,,0.04100346565246582,24.388182415499386,,0.05859998054802418,,0,,,0,0,,,no_face,0,0.005100038833916187,1,,0,,0,,0,hover,0.013299984857439995,1
1790161493.6463282,,0.02441239356994629,40.96280019141933,,27.57389994803816,,0,,,0,0,,,no_face,0,0.004999921657145023,1,,0,,0,27.528399950824678,1,hover,0.01200009137392044,1
1790161493.6672564,,0.020928144454956055,47.78254480000911,,0.05409994628280401,,0,,,0,0,,,no_face,0,0.004200031980872154,1,,0,,0,,0,hover,0.012399978004395962,1
1790161493.702053,,0.034796714782714844,28.738345164031024,,33.55329995974898,,0,,,0,0,,,no_face,0,0.005499925464391708,1,7.370000006631017,1,,0,26.141999987885356,1,hover,0.012699980288743973,1
1790161493.7492032,,0.0471501350402832,21.208846997906573,,0.08099991828203201,,0,,,0,0,,,no_face,0,0.009699957445263863,1,,0,,0,,0,hover,0.016700010746717453,1
1790161493.7728114,,0.02360820770263672,42.35814986871339,,25.66859999205917,,0,,,0,0,,,no_face,0,0.008300063200294971,1,,0,,0,25.610000011511147,1,hover,0.020400038920342922,1
1790161493.7903693,,0.017557859420776367,56.95455100960037,,0.04840001929551363,,0,,,0,0,,,no_face,0,0.004899920895695686,1,,0,,0,,0,hover,0.011400086805224419,1
1790161493.817801,,0.027431726455688477,36.454140121852646,,34.49770004954189,,0,,,0,0,,,no_face,0,0.004700035788118839,1,7.371100015006959,1,,0,27.087700087577105,1,hover,0.01209997572004795,1
1790161493.8926015,,0.07480049133300781,13.368896141979244,,0.058999983593821526,,0,,,0,0,,,no_face,0,0.004899920895695686,1,,0,,0,,0,hover,0.013499986380338669,1
1790161493.9177992,,0.025197744369506836,39.686091950760265,,27.086200076155365,,0,,,0,0,,,no_face,0,0.004500034265220165,1,,0,,0,27.04240009188652,1,hover,0.01179997343569994,1
1790161493.9361076,,0.018308401107788086,54.619734083421235,,0.04850002005696297,,0,,,0,0,,,no_face,0,0.004400033503770828,1,,0,,0,,0,hover,0.01109996810555458,1
1790161493.976029,,0.03992128372192383,25.049294681143323,,39.82270008418709,,0,,,0,0,,,no_face,0,0.007600057870149612,1,7.491500000469387,1,,0,32.2698000818491,1,hover,0.018699909560382366,1
1790161494.0212088,,0.04517984390258789,22.133763944738202,,0.08329993579536676,,0,,,0,0,,,no_face,0,0.007999944500625134,1,,0,,0,,0,hover,0.01910002902150154,1
1790161494.0484097,,0.027200937271118164,36.763439069498375,,26.6954000107944,,0,,,0,0,,,no_face,0,0.005100038833916187,1,,0,,0,26.65110002271831,1,hover,0.012399978004395962,1
1790161494.0651639,,0.016754150390625,59.68670309653916,,0.05319993942975998,,0,,,0,0,,,no_face,0,0.004499917849898338,1,,0,,0,,0,hover,0.01279998105019331,1
1790161494.1021993,,0.037035465240478516,27.001145888320952,,33.46199996303767,,0,,,0,0,,,no_face,0,0.005100038833916187,1,7.633700035512447,1,,0,25.73849994223565,1,hover,0.011999974958598614,1
1790161494.1488879,,0.04668855667114258,21.418524608581087,,0.17659994773566723,,0,,,0,0,,,no_face,0,0.0100000761449337,1,,0,,0,,0,hover,0.018799910321831703,1
1790161494.1743102,,0.025422334671020508,39.33549034502809,,26.940600015223026,,0,,,0,0,,,no_face,0,0.004600035026669502,1,,0,,0,26.857999968342483,1,hover,0.011599971912801266,1
1790161494.192945,,0.018634796142578125,53.663050153531216,,0.12750003952533007,,0,,,0,0,,,no_face,0,0.005700043402612209,1,,0,,0,,0,hover,0.015400000847876072,1
1790161494.2334845,,0.04053950309753418,24.66729790925398,,39.49609992559999,,0,,,0,0,,,no_face,0,0.00509992241859436,1,7.45689996983856,1,,0,31.917299958877265,1,hover,0.01300009898841381,1
1790161494.2931526,,0.05966806411743164,16.759384015407605,,0.11570006608963013,,0,,,0,0,,,no_face,0,0.004200031980872154,1,,0,,0,,0,hover,0.01179997343569994,1
1790161494.3191202,,0.02596759796142578,38.50953028021595,,28.068299987353384,,0,,,0,0,,,no_face,0,0.004400033503770828,1,,0,,0,27.948800008744,1,hover,0.011299969628453255,1
1790161494.3367238,,0.017603635787963867,56.80644680706982,,0.1444999361410737,,0,,,0,0,,,no_face,0,0.004399917088449001,1,,0,,0,,0,hover,0.011900090612471104,1
1790161494.3771746,,0.0404508113861084,24.721382976842328,,35.61240003909916,,0,,,0,0,,,no_face,0,0.005200039595365524,1,7.616400020197034,1,,0,27.87749993149191,1,hover,0.012199976481497288,1
1790161494.4215822,,0.04440760612487793,22.51866486988548,,0.130399945192039,,0,,,0,0,,,no_face,0,0.007100054062902927,1,,0,,0,,0,hover,0.012599979527294636,1
1790161494.4456723,,0.024090051651000977,41.51091141219901,,26.606200030073524,,0,,,0,0,,,no_face,0,0.004600035026669502,1,,0,,0,26.48050000425428,1,hover,0.011999974958598614,1
1790161494.4654496,,0.019777297973632812,50.56302439965281,,0.11989998165518045,,0,,,0,0,,,no_face,0,0.009699957445263863,1,,0,,0,,0,hover,0.011999974958598614,1
1790161494.5029612,,0.037511587142944336,26.658429465789556,,33.25360000599176,,0,,,0,0,,,no_face,0,0.004700035788118839,1,7.4483000207692385,1,,0,25.67180001642555,1,hover,0.012399978004395962,1
1790161494.5492976,,0.04633641242980957,21.581299620785288,,0.14220003504306078,,0,,,0,0,,,no_face,0,0.004500034265220165,1,,0,,0,,0,hover,0.013299984857439995,1
1790161494.5728273,,0.023529767990112305,42.49935657760079,,27.762899990193546,,0,,,0,0,,,no_face,0,0.005300040356814861,1,,0,,0,27.600199915468693,1,hover,0.012499978765845299,1
1790161494.5930126,,0.020185232162475586,49.54116910574867,,0.1876999158412218,,0,,,0,0,,,no_face,0,0.006700051017105579,1,,0,,0,,0,hover,0.018400023691356182,1
1790161494.6345274,,0.04151487350463867,24.08775254700619,,36.726600024849176,,0,,,0,0,,,no_face,0,0.00700005330145359,1,8.442500024102628,1,,0,28.007599990814924,1,hover,0.015099998563528061,1
1790161494.6932738,,0.058746337890625,17.022337662337662,,0.13209995813667774,,0,,,0,0,,,no_face,0,0.004500034265220165,1,,0,,0,,0,hover,0.011699972674250603,1
1790161494.718806,,0.025532245635986328,39.16615930525726,,29.077499988488853,,0,,,0,0,,,no_face,0,0.004500034265220165,1,,0,,0,28.949600062333047,1,hover,0.010499963536858559,1
1790161494.7381904,,0.019384384155273438,51.587916953655416,,0.1802999759092927,,0,,,0,0,,,no_face,0,0.0074999406933784485,1,,0,,0,,0,hover,0.01880002673715353,1
1790161494.7797344,,0.04154396057128906,24.07088747073137,,35.07690003607422,,0,,,0,0,,,no_face,0,0.0072999391704797745,1,8.003999944776297,1,,0,26.88530005980283,1,hover,0.016000005416572094,1
1790161494.8215911,,0.04185676574707031,23.891000227842333,,0.26490003801882267,,0,,,0,0,,,no_face,0,0.02559996210038662,1,,0,,0,,0,hover,0.023300061002373695,1
1790161494.8613644,,0.03977322578430176,25.14254200610235,,35.16420000232756,,0,,,0,0,,,no_face,0,0.004500034265220165,1,,0,,0,35.122100031003356,1,hover,0.01109996810555458,1
1790161494.8730378,,0.011673450469970703,85.66447449042114,,0.06849993951618671,,0,,,0,0,,,no_face,0,0.006399932317435741,1,,0,,0,,0,hover,0.0171000137925148,1
1790161494.903353,,0.030315160751342773,32.98679522772137,,34.77040003053844,,0,,,0,0,,,no_face,0,0.00600004568696022,1,7.496400037780404,1,,0,27.21860003657639,1,hover,0.015700003132224083,1
1790161494.9486372,,0.045284271240234375,22.08272260129728,,0.058399979025125504,,0,,,0,0,,,no_face,0,0.006300047971308231,1,,0,,0,,0,hover,0.01279998105019331,1
1790161494.9723275,,0.023690223693847656,42.21150517289964,,27.56229997612536,,0,,,0,0,,,no_face,0,0.004900037311017513,1,,0,,0,27.51919999718666,1,hover,0.011599971912801266,1
1790161494.9933124,,0.020984888076782227,47.6533396957406,,0.07340009324252605,,0,,,0,0,,,no_face,0,0.007400056347250938,1,,0,,0,,0,hover,0.018700025975704193,1
1790161495.0348773,,0.04156494140625,24.058737151248163,,34.754900028929114,,0,,,0,0,,,no_face,0,0.004800036549568176,1,7.320199976675212,1,,0,27.36100007314235,1,hover,0.012399978004395962,1
1790161495.0768127,,0.04193544387817383,23.846176587640002,,0.0882000895217061,,0,,,0,0,,,no_face,0,0.004700035788118839,1,,0,,0,,0,hover,0.01179997343569994,1
1790161495.1038525,,0.027039766311645508,36.98256813592798,,25.388299953192472,,0,,,0,0,,,no_face,0,0.00500003807246685,1,,0,,0,25.30440001282841,1,hover,0.012299977242946625,1
1790161495.1177368,,0.013884305953979492,72.02376577659483,,0.12970005627721548,,0,,,0,0,,,no_face,0,0.008500064723193645,1,,0,,0,,0,hover,0.02089992631226778,1
1790161495.156699,,0.03896212577819824,25.66595071564506,,34.69000000040978,,0,,,0,0,,,no_face,0,0.004599918611347675,1,7.797300000675023,1,,0,26.817600009962916,1,hover,0.01070008147507906,1
1790161495.2216697,,0.06497073173522949,15.3915459052428,,0.1249000197276473,,0,,,0,0,,,no_face,0,0.008599949069321156,1,,0,,0,,0,hover,0.019900035113096237,1
1790161495.2610009,,0.03933119773864746,25.425109264277097,,33.59280002769083,,0,,,0,0,,,no_face,0,0.005600042641162872,1,,0,,0,33.46679999958724,1,hover,0.014499993994832039,1
1790161495.2728045,,0.011803627014160156,84.71972206512079,,0.09029998909682035,,0,,,0,0,,,no_face,0,0.004800036549568176,1,,0,,0,,0,hover,0.01279998105019331,1
1790161495.3040946,,0.03129005432128906,31.959036879000305,,31.86350001487881,,0,,,0,0,,,no_face,0,0.004700035788118839,1,6.710799993015826,1,,0,25.075500016100705,1,hover,0.011899974197149277,1
1790161495.3493712,,0.045276641845703125,22.08644367680512,,0.08489994797855616,,0,,,0,0,,,no_face,0,0.004299916326999664,1,,0,,0,,0,hover,0.011400086805224419,1
1790161495.372592,,0.02322077751159668,43.0648801273166,,25.74449998792261,,0,,,0,0,,,no_face,0,0.004799920134246349,1,,0,,0,25.701800012029707,1,hover,0.011400086805224419,1
1790161495.3916981,,0.019106149673461914,52.33916917279159,,0.07059995550662279,,0,,,0,0,,,no_face,0,0.006499933078885078,1,,0,,0,,0,hover,0.016400008462369442,1
1790161495.4354868,,0.04378867149353027,22.836956817649718,,40.2807000791654,,0,,,0,0,,,no_face,0,0.005200039595365524,1,7.985500036738813,1,,0,32.18670003116131,1,hover,0.012599979527294636,1
1790161495.4773753,,0.04188847541809082,23.872914686413232,,0.1148000592365861,,0,,,0,0,,,no_face,0,0.00500003807246685,1,,0,,0,,0,hover,0.012399978004395962,1
1790161495.5043209,,0.02694559097290039,37.11182289546798,,27.582300011999905,,0,,,0,0,,,no_face,0,0.004500034265220165,1,,0,,0,27.469199965707958,1,hover,0.011999974958598614,1
1790161495.520702,,0.016381025314331055,61.04623983000277,,0.10219996329396963,,0,,,0,0,,,no_face,0,0.004100031219422817,1,,0,,0,,0,hover,0.011299969628453255,1
1790161495.564246,,0.04354405403137207,22.96524800560675,,44.021899928338826,,0,,,0,0,,,no_face,0,0.005299923941493034,1,7.269500056281686,1,,0,36.63889993913472,1,hover,0.012999982573091984,1
1790161495.6216757,,0.05742979049682617,17.4125656971579,,0.14950009062886238,,0,,,0,0,,,no_face,0,0.0100000761449337,1,,0,,0,,0,hover,0.019299914129078388,1
1790161495.6458108,,0.024135112762451172,41.43340906845797,,30.867299996316433,,0,,,0,0,,,no_face,0,0.004100031219422817,1,,0,,0,30.762900016270578,1,hover,0.01079996582120657,1
1790161495.669217,,0.023406267166137695,42.72360017520092,,0.12030010111629963,,0,,,0,0,,,no_face,0,0.005200039595365524,1,,0,,0,,0,hover,0.01309998333454132,1
1790161495.704748,,0.035530805587768555,28.144591248565696,,35.331199993379414,,0,,,0,0,,,no_face,0,0.005599926225841045,1,7.583800004795194,1,,0,27.635800070129335,1,hover,0.012499978765845299,1
1790161495.749068,,0.044320106506347656,22.563122673380242,,0.11260004248470068,,0,,,0,0,,,no_face,0,0.004600035026669502,1,,0,,0,,0,hover,0.011599971912801266,1
1790161495.7725487,,0.023480653762817383,42.58825201807382,,26.529899914748967,,0,,,0,0,,,no_face,0,0.004599918611347675,1,,0,,0,26.486999937333167,1,hover,0.011699972674250603,1
1790161495.7923803,,0.01983165740966797,50.42442894926665,,0.05100003909319639,,0,,,0,0,,,no_face,0,0.005100038833916187,1,,0,,0,,0,hover,0.01179997343569994,1
1790161495.8206666,,0.028286218643188477,35.3529049822574,,35.36139999050647,,0,,,0,0,,,no_face,0,0.005300040356814861,1,7.1075999876484275,1,,0,28.211700031533837,1,hover,0.01279998105019331,1
1790161495.8768122,,0.056145668029785156,17.810813106177704,,0.08640007581561804,,0,,,0,0,,,no_face,0,0.005800044164061546,1,,0,,0,,0,hover,0.013999990187585354,1
1790161495.9050665,,0.028254270553588867,35.39287974550027,,26.432799990288913,,0,,,0,0,,,no_face,0,0.004300032742321491,1,,0,,0,26.394000044092536,1,hover,0.01079996582120657,1
1790161495.9186854,,0.013618946075439453,73.42712089912818,,0.07050007116049528,,0,,,0,0,,,no_face,0,0.008499948307871819,1,,0,,0,,0,hover,0.017700018361210823,1
1790161495.9576082,,0.038922786712646484,25.69189116346307,,35.57730000466108,,0,,,0,0,,,no_face,0,0.008599949069321156,1,8.185499929822981,1,,0,27.328800060786307,1,hover,0.01950003206729889,1
1790161496.0211735,,0.06356525421142578,15.731865032331628,,0.08730008266866207,,0,,,0,0,,,no_face,0,0.008100061677396297,1,,0,,0,,0,hover,0.02019992098212242,1
1790161496.0492344,,0.0280609130859375,35.63675910821098,,29.565899982117116,,0,,,0,0,,,no_face,0,0.004400033503770828,1,,0,,0,29.524500016123056,1,hover,0.011599971912801266,1
1790161496.068203,,0.018968582153320312,52.71875314228255,,0.04630000330507755,,0,,,0,0,,,no_face,0,0.004199915565550327,1,,0,,0,,0,hover,0.01100008375942707,1
1790161496.1049163,,0.036713361740112305,27.2380395747693,,33.82649994455278,,0,,,0,0,,,no_face,0,0.005199923180043697,1,7.204400026239455,1,,0,26.584099978208542,1,hover,0.011499971151351929,1
1790161496.1496134,,0.04469704627990723,22.372843022728606,,0.07970002479851246,,0,,,0,0,,,no_face,0,0.007900060154497623,1,,0,,0,,0,hover,0.018799910321831703,1
1790161496.173175,,0.023561716079711914,42.44173033139388,,27.41740003693849,,0,,,0,0,,,no_face,0,0.004100031219422817,1,,0,,0,27.3609000723809,1,hover,0.01109996810555458,1
1790161496.192958,,0.01978302001953125,50.54839953721558,,0.046999892219901085,,0,,,0,0,,,no_face,0,0.004500034265220165,1,,0,,0,,0,hover,0.010599964298307896,1
1790161496.2208502,,0.027892112731933594,35.85242930898896,,34.1737000271678,,0,,,0,0,,,no_face,0,0.005200039595365524,1,7.163899950683117,1,,0,26.970700011588633,1,hover,0.01179997343569994,1
1790161496.2771323,,0.05628204345703125,17.767656228819302,,0.0513000413775444,,0,,,0,0,,,no_face,0,0.004300032742321491,1,,0,,0,,0,hover,0.011999974958598614,1
1790161496.3210816,,0.04394936561584473,22.753456983676635,,49.03039999771863,,0,,,0,0,,,no_face,0,0.005200039595365524,1,,0,,0,48.98469999898225,1,hover,0.012499978765845299,1
1790161496.3421764,,0.021094799041748047,47.4050498428988,,0.04640000406652689,,0,,,0,0,,,no_face,0,0.00400003045797348,1,,0,,0,,0,hover,0.011499971151351929,1
1790161496.405713,,0.0635366439819336,15.7389490116026,,59.635500074364245,,0,,,0,0,,,no_face,0,0.0074999406933784485,1,11.15349994506687,1,,0,48.431600094772875,1,hover,0.014299992471933365,1
1790161496.419488,,0.013774871826171875,72.59595679867073,,0.052299932576715946,,0,,,0,0,,,no_face,0,0.004899920895695686,1,,0,,0,,0,hover,0.012800097465515137,1
1790161496.5650115,,0.1455235481262207,6.8717400920752985,,26.706699980422854,,0,,,0,0,,,no_face,0,0.004499917849898338,1,,0,,0,26.663600001484156,1,hover,0.011600088328123093,1
1790161496.5842247,,0.019213199615478516,52.04755168391532,,0.05250005051493645,,0,,,0,0,,,no_face,0,0.005100038833916187,1,,0,,0,,0,hover,0.012399978004395962,1
1790161496.621169,,0.03694438934326172,27.067709543354244,,37.46550006326288,,0,,,0,0,,,no_face,0,0.005700043402612209,1,8.027200005017221,1,,0,29.357600025832653,1,hover,0.012999982573091984,1
1790161496.639896,,0.018726825714111328,53.39933287500318,,0.0996999442577362,,0,,,0,0,,,no_face,0,0.004500034265220165,1,,0,,0,,0,hover,0.011699972674250603,1
1790161496.7211154,,0.08121943473815918,12.312324054259538,,54.47279999498278,,0,,,0,0,,,no_face,0,0.005299923941493034,1,,0,,0,54.376999964006245,1,hover,0.013499986380338669,1
1790161496.7414436,,0.020328283309936523,49.19254541829398,,0.08950009942054749,,0,,,0,0,,,no_face,0,0.004200031980872154,1,,0,,0,,0,hover,0.01179997343569994,1
1790161496.8057787,,0.06433510780334473,15.543612720083308,,59.64400002267212,,0,,,0,0,,,no_face,0,0.00500003807246685,1,8.789699990302324,1,,0,50.77500001061708,1,hover,0.01279998105019331,1
1790161496.8177898,,0.012011051177978516,83.25665965302315,,0.09059999138116837,,0,,,0,0,,,no_face,0,0.004900037311017513,1,,0,,0,,0,hover,0.012399978004395962,1
1790161496.8735206,,0.05573081970214844,17.943392997706972,,50.90889998245984,,0,,,0,0,,,no_face,0,0.004399917088449001,1,,0,,0,50.827500061132014,1,hover,0.011500087566673756,1
1790161496.9492347,,0.075714111328125,13.20757758968158,,0.08560006972402334,,0,,,0,0,,,no_face,0,0.004300032742321491,1,,0,,0,,0,hover,0.011699972674250603,1
1790161496.9883015,,0.03906679153442383,25.597187808956537,,43.08460000902414,,0,,,0,0,,,no_face,0,0.004900037311017513,1,8.720500045455992,1,,0,34.2477000085637,1,hover,0.011899974197149277,1
1790161497.009165,,0.02086353302001953,47.93052063811309,,0.12409989722073078,,0,,,0,0,,,no_face,0,0.004800036549568176,1,,0,,0,,0,hover,0.013599987141788006,1
1790161497.0459116,,0.03674650192260742,27.213474689539726,,27.763099991716444,,0,,,0,0,,,no_face,0,0.004899920895695686,1,,0,,0,27.635900070890784,1,hover,0.01479999627918005,1
1790161497.0771723,,0.03126072883605957,31.989017442436907,,0.11829996947199106,,0,,,0,0,,,no_face,0,0.004900037311017513,1,,0,,0,,0,hover,0.012399978004395962,1
1790161497.121912,,0.044739723205566406,22.351501715942277,,36.72960004769266,,0,,,0,0,,,no_face,0,0.009500072337687016,1,7.466900045983493,1,,0,29.153799987398088,1,hover,0.021799933165311813,1
1790161497.1302762,,0.008364200592041016,119.55715181574597,,0.13079994823783636,,0,,,0,0,,,no_face,0,0.00509992241859436,1,,0,,0,,0,hover,0.01279998105019331,1
1790161497.1539385,,0.023662328720092773,42.26126734309349,,27.57679997012019,,0,,,0,0,,,no_face,0,0.00500003807246685,1,,0,,0,27.477999916300178,1,hover,0.012699980288743973,1
1790161497.2059386,,0.05200004577636719,19.230752301654256,,0.16559998039156199,,0,,,0,0,,,no_face,0,0.0071999384090304375,1,,0,,0,,0,hover,0.018700025975704193,1
1790161497.2461252,,0.04018664360046387,24.883889531606894,,42.712499969638884,,0,,,0,0,,,no_face,0,0.004700035788118839,1,7.700999965891242,1,,0,34.916099975816905,1,hover,0.011999974958598614,1
1790161497.2658186,,0.019693374633789062,50.778498789346244,,0.17180002760142088,,0,,,0,0,,,no_face,0,0.0074999406933784485,1,,0,,0,,0,hover,0.018600025214254856,1
1790161497.3066933,,0.04087471961975098,24.46499962086082,,33.787199994549155,,0,,,0,0,,,no_face,0,0.004999921657145023,1,,0,,0,33.68090000003576,1,hover,0.0127000967040658,1
1790161497.349053,,0.04235959053039551,23.607404780800252,,0.1186000881716609,,0,,,0,0,,,no_face,0,0.004700035788118839,1,,0,,0,,0,hover,0.012899981811642647,1
1790161497.3842468,,0.03519392013549805,28.413998672212664,,34.81639991514385,,0,,,0,0,,,no_face,0,0.005299923941493034,1,7.464600028470159,1,,0,27.23619993776083,1,hover,0.011899974197149277,1
1790161497.3991053,,0.014858484268188477,67.30161582773061,,0.17310003750026226,,0,,,0,0,,,no_face,0,0.006300047971308231,1,,0,,0,,0,hover,0.017000013031065464,1
1790161497.425063,,0.025957584381103516,38.52438598747175,,27.171699912287295,,0,,,0,0,,,no_face,0,0.004600035026669502,1,,0,,0,27.055099955759943,1,hover,0.010999967344105244,1
1790161497.4770496,,0.0519866943359375,19.23569122395069,,0.13890000991523266,,0,,,0,0,,,no_face,0,0.004699919372797012,1,,0,,0,,0,hover,0.01170008908957243,1
1790161497.5066447,,0.029595136642456055,33.78933546011874,,35.46030004508793,,0,,,0,0,,,no_face,0,0.005300040356814861,1,7.267700042575598,1,,0,28.081499971449375,1,hover,0.012599979527294636,1
1790161497.530403,,0.0237581729888916,42.09077863300184,,0.11959997937083244,,0,,,0,0,,,no_face,0,0.004300032742321491,1,,0,,0,,0,hover,0.011299969628453255,1
1790161497.5541337,,0.023730754852294922,42.139409648964175,,26.603999896906316,,0,,,0,0,,,no_face,0,0.004600035026669502,1,,0,,0,26.490499963983893,1,hover,0.011499971151351929,1
1790161497.6048045,,0.05067086219787598,19.735207901039388,,0.18049997743219137,,0,,,0,0,,,no_face,0,0.004800036549568176,1,,0,,0,,0,hover,0.012499978765845299,1
1790161497.645131,,0.040326595306396484,24.797531068569604,,38.58259995467961,,0,,,0,0,,,no_face,0,0.004600035026669502,1,7.825399981811643,1,,0,30.650599976070225,1,hover,0.01109996810555458,1
1790161497.6612673,,0.01613616943359375,61.9725768321513,,0.125400023534894,,0,,,0,0,,,no_face,0,0.004800036549568176,1,,0,,0,,0,hover,0.012599979527294636,1
1790161497.685674,,0.02440667152404785,40.97240375504303,,29.000499984249473,,0,,,0,0,,,no_face,0,0.004800036549568176,1,,0,,0,28.872799943201244,1,hover,0.012499978765845299,1
1790161497.7334297,,0.04775571823120117,20.9399007498677,,0.11789996642619371,,0,,,0,0,,,no_face,0,0.004200031980872154,1,,0,,0,,0,hover,0.011599971912801266,1
1790161497.7721515,,0.03872179985046387,25.82524582694522,,34.66260002460331,,0,,,0,0,,,no_face,0,0.005100038833916187,1,7.66140001360327,1,,0,26.888899970799685,1,hover,0.012599979527294636,1
1790161497.7843337,,0.012182235717773438,82.08673868795992,,0.09780004620552063,,0,,,0,0,,,no_face,0,0.004200031980872154,1,,0,,0,,0,hover,0.010399962775409222,1
1790161497.8085423,,0.024208545684814453,41.30772715633556,,27.83970010932535,,0,,,0,0,,,no_face,0,0.004100031219422817,1,,0,,0,27.737600030377507,1,hover,0.010599964298307896,1
1790161497.876779,,0.0682368278503418,14.654843015170892,,0.07910002022981644,,0,,,0,0,,,no_face,0,0.006200047209858894,1,,0,,0,,0,hover,0.016400008462369442,1
1790161497.9070797,,0.030300617218017578,33.002628058855926,,33.35809998679906,,0,,,0,0,,,no_face,0,0.004899920895695686,1,6.890399963594973,1,,0,26.41839999705553,1,hover,0.022300053387880325,1
1790161497.9277365,,0.020656824111938477,48.41015223739338,,0.05579995922744274,,0,,,0,0,,,no_face,0,0.004999921657145023,1,,0,,0,,0,hover,0.012999982573091984,1
1790161497.9586616,,0.03092503547668457,32.33626039827614,,27.85870002117008,,0,,,0,0,,,no_face,0,0.00500003807246685,1,,0,,0,27.814900036901236,1,hover,0.012299977242946625,1
1790161498.0048676,,0.046205997467041016,21.642212154673327,,0.08559995330870152,,0,,,0,0,,,no_face,0,0.00809994526207447,1,,0,,0,,0,hover,0.020700041204690933,1
1790161498.0469952,,0.04212760925292969,23.737402091728168,,36.54969995841384,,0,,,0,0,,,no_face,0,0.005399924702942371,1,8.019100059755147,1,,0,28.492099954746664,1,hover,0.01170008908957243,1
1790161498.058553,,0.011557817459106445,86.52152567196815,,0.06520003080368042,,0,,,0,0,,,no_face,0,0.0075999414548277855,1,,0,,0,,0,hover,0.017700018361210823,1
1790161498.0829475,,0.024394512176513672,40.99282628667488,,30.474000028334558,,0,,,0,0,,,no_face,0,0.004200031980872154,1,,0,,0,30.431800056248903,1,hover,0.011499971151351929,1
1790161498.132754,,0.04980659484863281,20.077662466970473,,0.07760000880807638,,0,,,0,0,,,no_face,0,0.007900060154497623,1,,0,,0,,0,hover,0.01780001912266016,1
1790161498.1721094,,0.03935527801513672,25.40955242687862,,34.762300085276365,,0,,,0,0,,,no_face,0,0.004900037311017513,1,8.271400001831353,1,,0,26.451400015503168,1,hover,0.011999974958598614,1
1790161498.183616,,0.01150655746459961,86.90696614313539,,0.06929994560778141,,0,,,0,0,,,no_face,0,0.005699926987290382,1,,0,,0,,0,hover,0.017900019884109497,1
1790161498.293833,,0.11021709442138672,9.07300274290263,,27.480500051751733,,0,,,0,0,,,no_face,0,0.007100054062902927,1,,0,,0,27.419500052928925,1,hover,0.01759990118443966,1
1790161498.3142514,,0.020418405532836914,48.975420651323546,,0.047600013203918934,,0,,,0,0,,,no_face,0,0.004500034265220165,1,,0,,0,,0,hover,0.011199968867003918,1
1790161498.4422593,,0.1280078887939453,7.812018535902135,,43.08490001130849,,0,,,0,0,,,no_face,0,0.005700043402612209,1,8.127700071781874,1,,0,34.91239994764328,1,hover,0.01379998866468668,1
1790161498.4582055,,0.015946149826049805,62.71106260185697,,0.08979998528957367,,0,,,0,0,,,no_face,0,0.008599949069321156,1,,0,,0,,0,hover,0.021700048819184303,1
1790161498.4992223,,0.04101681709289551,24.38024378476723,,35.31890001613647,,0,,,0,0,,,no_face,0,0.005299923941493034,1,,0,,0,35.259900032542646,1,hover,0.012600095942616463,1
1790161498.5133002,,0.014077901840209961,71.03331244601758,,0.05419994704425335,,0,,,0,0,,,no_face,0,0.004500034265220165,1,,0,,0,,0,hover,0.012499978765845299,1
1790161498.5670364,,0.053736209869384766,18.609425607624253,,44.391400064341724,,0,,,0,0,,,no_face,0,0.008599949069321156,1,10.063799913041294,1,,0,34.2747000977397,1,hover,0.019000028260052204,1
1790161498.5870945,,0.020058155059814453,49.85503387614406,,0.08439994417130947,,0,,,0,0,,,no_face,0,0.007999944500625134,1,,0,,0,,0,hover,0.020000035874545574,1
1790161498.6275032,,0.04040861129760742,24.747200358731696,,35.85069999098778,,0,,,0,0,,,no_face,0,0.005200039595365524,1,,0,,0,35.80299997702241,1,hover,0.012399978004395962,1
1790161498.677859,,0.05035591125488281,19.858641718116736,,0.11030002497136593,,0,,,0,0,,,no_face,0,0.010699965059757233,1,,0,,0,,0,hover,0.026999972760677338,1
1790161498.7230027,,0.04514360427856445,22.151532115809154,,40.60900001786649,,0,,,0,0,,,no_face,0,0.009899958968162537,1,9.08690004143864,1,,0,31.452400027774274,1,hover,0.022000051103532314,1
1790161498.805143,,0.08214044570922852,12.174270438462566,,0.09339989628642797,,0,,,0,0,,,no_face,0,0.009300070814788342,1,,0,,0,,0,hover,0.021499930880963802,1
1790161498.8462727,,0.04112958908081055,24.313396324850732,,39.82869989704341,,0,,,0,0,,,no_face,0,0.005500041879713535,1,,0,,0,39.777399972081184,1,hover,0.01409999094903469,1
1790161498.8660529,,0.01978015899658203,50.555710910756474,,0.10779988951981068,,0,,,0,0,,,no_face,0,0.009800074622035027,1,,0,,0,,0,hover,0.02619996666908264,1
1790161498.923281,,0.05722808837890625,17.47393680842554,,48.745600041002035,,0,,,0,0,,,no_face,0,0.007200054824352264,1,10.428399895317852,1,,0,38.24660007376224,1,hover,0.017099897377192974,1
1790161498.936795,,0.013514041900634766,73.99710666525529,,0.06089999806135893,,0,,,0,0,,,no_face,0,0.005699926987290382,1,,0,,0,,0,hover,0.014100107364356518,1
1790161498.9770296,,0.04023456573486328,24.85425110810875,,31.799199990928173,,0,,,0,0,,,no_face,0,0.004899920895695686,1,,0,,0,31.754099996760488,1,hover,0.012200092896819115,1
1790161498.9861796,,0.009150028228759766,109.28928031684819,,0.052900053560733795,,0,,,0,0,,,no_face,0,0.00500003807246685,1,,0,,0,,0,hover,0.013299984857439995,1
1790161499.09253,,0.10635042190551758,9.402877601072486,,40.57069995906204,,0,,,0,0,,,no_face,0,0.011800089851021767,1,7.736600004136562,1,,0,32.76870003901422,1,hover,0.01859990879893303,1
1790161499.110102,,0.01757192611694336,56.90895769449947,,0.05230004899203777,,0,,,0,0,,,no_face,0,0.005100038833916187,1,,0,,0,,0,hover,0.01179997343569994,1
1790161499.2299788,,0.11987686157226562,8.341893396976928,,30.102899996563792,,0,,,0,0,,,no_face,0,0.005300040356814861,1,,0,,0,30.056299990974367,1,hover,0.01279998105019331,1
1790161499.2444243,,0.01444554328918457,69.22550297908862,,0.09190000128000975,,0,,,0,0,,,no_face,0,0.0077999429777264595,1,,0,,0,,0,hover,0.022000051103532314,1
1790161499.2844338,,0.040009498596191406,24.994064786785213,,34.05949997249991,,0,,,0,0,,,no_face,0,0.004700035788118839,1,7.791999960318208,1,,0,26.230100076645613,1,hover,0.011699972674250603,1
1790161499.2962515,,0.011817693710327148,84.61887949643916,,0.045900000259280205,,0,,,0,0,,,no_face,0,0.004300032742321491,1,,0,,0,,0,hover,0.010999967344105244,1
1790161499.364568,,0.06831645965576172,14.637760871082572,,31.620900030247867,,0,,,0,0,,,no_face,0,0.008800067007541656,1,,0,,0,31.57460002694279,1,hover,0.010999967344105244,1
1790161499.3738291,,0.009261131286621094,107.97816908660282,,0.049600028432905674,,0,,,0,0,,,no_face,0,0.004499917849898338,1,,0,,0,,0,hover,0.01200009137392044,1
1790161499.415303,,0.0414738655090332,24.111569725329684,,38.32639998290688,,0,,,0,0,,,no_face,0,0.00500003807246685,1,7.652899948880076,1,,0,30.63649998512119,1,hover,0.011299969628453255,1
1790161499.4621315,,0.046828508377075195,21.354513194136846,,0.07289997301995754,,0,,,0,0,,,no_face,0,0.006500049494206905,1,,0,,0,,0,hover,0.018099904991686344,1
1790161499.4860082,,0.023876667022705078,41.88189243704192,,30.657900031656027,,0,,,0,0,,,no_face,0,0.004700035788118839,1,,0,,0,30.605999985709786,1,hover,0.01810002140700817,1
1790161499.5101204,,0.024112224578857422,41.47273913817312,,0.042199972085654736,,0,,,0,0,,,no_face,0,0.003999914042651653,1,,0,,0,,0,hover,0.011600088328123093,1
1790161499.5523434,,0.04222297668457031,23.683787324389034,,35.498599987477064,,0,,,0,0,,,no_face,0,0.008199946023523808,1,7.422700058668852,1,,0,28.002999955788255,1,hover,0.038800062611699104,1
1790161499.6054273,,0.05308389663696289,18.83810464855154,,0.05550007335841656,,0,,,0,0,,,no_face,0,0.005800044164061546,1,,0,,0,,0,hover,0.014999997802078724,1
1790161499.6475554,,0.04212808609008789,23.737133414073732,,40.30260001309216,,0,,,0,0,,,no_face,0,0.006300047971308231,1,,0,,0,40.24929995648563,1,hover,0.017200014553964138,1
1790161499.7336779,,0.08612251281738281,11.61136580072199,,0.07170008029788733,,0,,,0,0,,,no_face,0,0.007600057870149612,1,,0,,0,,0,hover,0.018799910321831703,1
1790161499.7916284,,0.057950496673583984,17.256107495206983,,56.33349996060133,,0,,,0,0,,,no_face,0,0.007600057870149612,1,12.184499995782971,1,,0,44.08949997741729,1,hover,0.022699940018355846,1
1790161499.8120852,,0.020456790924072266,48.88352252861239,,0.08260004688054323,,0,,,0,0,,,no_face,0,0.008699949830770493,1,,0,,0,,0,hover,0.022900057956576347,1
1790161499.9210577,,0.10897254943847656,9.176622967461887,,59.831100050359964,,0,,,0,0,,,no_face,0,0.007300055585801601,1,,0,,0,59.78120001964271,1,hover,0.015199999324977398,1
1790161499.9350226,,0.01396489143371582,71.60814709849248,,0.07509998977184296,,0,,,0,0,,,no_face,0,0.008400063961744308,1,,0,,0,,0,hover,0.02029992174357176,1
1790161499.9691825,,0.03415989875793457,29.274091445242433,,40.70390004198998,,0,,,0,0,,,no_face,0,0.005100038833916187,1,7.04220007173717,1,,0,33.626999938860536,1,hover,0.012699980288743973,1
1790161499.9919977,,0.022815227508544922,43.830375990135224,,0.04160008393228054,,0,,,0,0,,,no_face,0,0.004100031219422817,1,,0,,0,,0,hover,0.011899974197149277,1
1790161500.0337818,,0.041784048080444336,23.932578243131438,,33.984199981205165,,0,,,0,0,,,no_face,0,0.004600035026669502,1,,0,,0,33.94530003424734,1,hover,0.011899974197149277,1
1790161500.046798,,0.013016223907470703,76.8271971278895,,0.06579991895705462,,0,,,0,0,,,no_face,0,0.0074999406933784485,1,,0,,0,,0,hover,0.018900027498602867,1
1790161500.1640055,,0.11720752716064453,8.531875249184303,,36.454100045375526,,0,,,0,0,,,no_face,0,0.004500034265220165,1,7.562099955976009,1,,0,28.85900007095188,1,hover,0.011899974197149277,1
1790161500.1771667,,0.013161182403564453,75.9810151806094,,0.06350001785904169,,0,,,0,0,,,no_face,0,0.0073999399319291115,1,,0,,0,,0,hover,0.018600025214254856,1
1790161500.2092524,,0.03208565711975098,31.166573783038707,,27.75899996049702,,0,,,0,0,,,no_face,0,0.004599918611347675,1,,0,,0,27.72250003181398,1,hover,0.011500087566673756,1
1790161500.2608705,,0.051618099212646484,19.37304967159657,,0.07109995931386948,,0,,,0,0,,,no_face,0,0.0074999406933784485,1,,0,,0,,0,hover,0.019300030544400215,1
1790161500.3092854,,0.04841494560241699,20.654778964578192,,38.866400020197034,,0,,,0,0,,,no_face,0,0.005300040356814861,1,7.656299974769354,1,,0,31.175600015558302,1,hover,0.012699980288743973,1
1790161500.3179107,,0.008625268936157227,115.93841390938995,,0.0610999995842576,,0,,,0,0,,,no_face,0,0.006300047971308231,1,,0,,0,,0,hover,0.017200014553964138,1
1790161500.3418007,,0.023890018463134766,41.8584858585657,,26.822800049558282,,0,,,0,0,,,no_face,0,0.004700035788118839,1,,0,,0,26.7695999937132,1,hover,0.026999972760677338,1
1790161500.3891554,,0.047354698181152344,21.117228879266943,,0.07170008029788733,,0,,,0,0,,,no_face,0,0.0074999406933784485,1,,0,,0,,0,hover,0.018900027498602867,1
1790161500.4237933,,0.0346379280090332,28.870087140870858,,40.00869998708367,,0,,,0,0,,,no_face,0,0.004899920895695686,1,7.282999926246703,1,,0,32.69180003553629,1,hover,0.012500095181167126,1
1790161500.5329883,,0.10919499397277832,9.157928982067569,,0.04900002386420965,,0,,,0,0,,,no_face,0,0.005400041118264198,1,,0,,0,,0,hover,0.012499978765845299,1
1790161500.557423,,0.024434804916381836,40.92522954130768,,28.53549993596971,,0,,,0,0,,,no_face,0,0.004200031980872154,1,,0,,0,28.501100023277104,1,hover,0.010999967344105244,1
1790161500.5792902,,0.021867036819458008,45.73093319668109,,0.04139996599406004,,0,,,0,0,,,no_face,0,0.004399917088449001,1,,0,,0,,0,hover,0.01100008375942707,1
1790161500.7098124,,0.1305222511291504,7.661528906749475,,49.019800033420324,,0,,,0,0,,,no_face,0,0.005899928510189056,1,10.499200085178018,1,,0,38.479299983009696,1,hover,0.01470011193305254,1
1790161500.7209687,,0.011156320571899414,89.63528732930139,,0.08340005297213793,,0,,,0,0,,,no_face,0,0.00800006091594696,1,,0,,0,,0,hover,0.022999942302703857,1
1790161500.7631166,,0.04214787483215332,23.725988652626697,,38.570200093090534,,0,,,0,0,,,no_face,0,0.009500072337687016,1,,0,,0,38.51560002658516,1,hover,0.02019992098212242,1
1790161500.7810261,,0.017909526824951172,55.836204371788384,,0.07539999205619097,,0,,,0,0,,,no_face,0,0.007999944500625134,1,,0,,0,,0,hover,0.02050003968179226,1
1790161500.8373513,,0.05632519721984863,17.75404347181951,,51.69370002113283,,0,,,0,0,,,no_face,0,0.008100061677396297,1,10.978500009514391,1,,0,40.47889995854348,1,hover,0.023799948394298553,1
1790161500.932413,,0.0950617790222168,10.519474917109335,,0.16589998267591,,0,,,0,0,,,no_face,0,0.008299946784973145,1,,0,,0,,0,hover,0.01810002140700817,1
1790161500.9873147,,0.0549015998840332,18.214405447423506,,56.92200001794845,,0,,,0,0,,,no_face,0,0.005599926225841045,1,,0,,0,56.79170007351786,1,hover,0.013699987903237343,1
1790161501.0052829,,0.017968177795410156,55.653946181200574,,0.15820004045963287,,0,,,0,0,,,no_face,0,0.0073999399319291115,1,,0,,0,,0,hover,0.019000028260052204,1
1790161501.0687785,,0.06349563598632812,15.749113848002404,,62.156799947842956,,0,,,0,0,,,no_face,0,0.005200039595365524,1,7.6148000080138445,1,,0,54.423099965788424,1,hover,0.012599979527294636,1
1790161501.0842614,,0.015482902526855469,64.58737295965507,,0.15630002599209547,,0,,,0,0,,,no_face,0,0.005400041118264198,1,,0,,0,,0,hover,0.01409999094903469,1
1790161501.2226784,,0.13841700553894043,7.22454582879033,,35.64239991828799,,0,,,0,0,,,no_face,0,0.0065999338403344154,1,,0,,0,35.57499998714775,1,hover,0.01910002902150154,1
1790161501.2345328,,0.011854410171508789,84.35679089318397,,0.07960002403706312,,0,,,0,0,,,no_face,0,0.00809994526207447,1,,0,,0,,0,hover,0.01850002445280552,1
1790161501.274523,,0.03999018669128418,25.006134823020194,,40.89619999285787,,0,,,0,0,,,no_face,0,0.006300047971308231,1,9.245899971574545,1,,0,31.60129999741912,1,hover,0.01479999627918005,1
1790161501.2933707,,0.01884770393371582,53.056860587200994,,0.103199970908463,,0,,,0,0,,,no_face,0,0.00970007386058569,1,,0,,0,,0,hover,0.0241999514400959,1
1790161501.3487303,,0.055359601974487305,18.063713688925258,,26.21890010777861,,0,,,0,0,,,no_face,0,0.004500034265220165,1,,0,,0,26.17730002384633,1,hover,0.011499971151351929,1
1790161501.368001,,0.019270658493041992,51.89236270058272,,0.05709996912628412,,0,,,0,0,,,no_face,0,0.00500003807246685,1,,0,,0,,0,hover,0.013499986380338669,1
1790161501.4100037,,0.04200267791748047,23.80800581250142,,36.53439995832741,,0,,,0,0,,,no_face,0,0.005900044925510883,1,8.554100058972836,1,,0,27.930699987336993,1,hover,0.015199999324977398,1
1790161501.4232645,,0.013260841369628906,75.40999640417117,,0.07750000804662704,,0,,,0,0,,,no_face,0,0.0071999384090304375,1,,0,,0,,0,hover,0.01950003206729889,1
1790161501.4762135,,0.052948951721191406,18.88611516363178,,27.075799996964633,,0,,,0,0,,,no_face,0,0.004400033503770828,1,,0,,0,27.032200014218688,1,hover,0.011999974958598614,1
1790161501.495747,,0.019533634185791016,51.193750762846335,,0.07650000043213367,,0,,,0,0,,,no_face,0,0.007100054062902927,1,,0,,0,,0,hover,0.019300030544400215,1
1790161501.5380354,,0.04228830337524414,23.647200766758754,,36.250699893571436,,0,,,0,0,,,no_face,0,0.004700035788118839,1,7.731199963018298,1,,0,28.480199980549514,1,hover,0.012499978765845299,1
1790161501.5483725,,0.010337114334106445,96.73879650344811,,0.06260001100599766,,0,,,0,0,,,no_face,0,0.005300040356814861,1,,0,,0,,0,hover,0.016299891285598278,1
1790161501.610219,,0.06184649467468262,16.16906512260845,,30.551599920727313,,0,,,0,0,,,no_face,0,0.00909995287656784,1,,0,,0,30.47329990658909,1,hover,0.016200006939470768,1
1790161501.6278055,,0.017586469650268555,56.861895530279405,,0.0801000278443098,,0,,,0,0,,,no_face,0,0.007600057870149612,1,,0,,0,,0,hover,0.019799917936325073,1
1790161501.6672225,,0.03941702842712402,25.369746018496677,,38.01649995148182,,0,,,0,0,,,no_face,0,0.005799927748739719,1,7.627899991348386,1,,0,30.322899925522506,1,search_360,0.03520003519952297,1
1790161501.683103,,0.015880584716796875,62.969973576747535,,0.07049995474517345,,0,,,0,0,,,no_face,0,0.007100054062902927,1,,0,,0,,0,search_360,0.014199991710484028,1
1790161501.732585,,0.049481868743896484,20.209422671073806,,28.054900001734495,,0,,,0,0,,,no_face,0,0.004500034265220165,1,,0,,0,28.016599942930043,1,search_360,0.007899943739175797,1
1790161501.754136,,0.021551132202148438,46.40127444906629,,0.0868999632075429,,0,,,0,0,,,no_face,0,0.008299946784973145,1,,0,,0,,0,search_360,0.015700003132224083,1
1790161501.795774,,0.04163789749145508,24.01658249447441,,43.28919993713498,,0,,,0,0,,,no_face,0,0.004899920895695686,1,8.267100085504353,1,,0,34.985499922186136,1,search_360,0.008900067768990993,1
1790161501.8171744,,0.02140045166015625,46.727985739750444,,0.05350005812942982,,0,,,0,0,,,no_face,0,0.004800036549568176,1,,0,,0,,0,search_360,0.009599956683814526,1
1790161501.876896,,0.05972146987915039,16.744396981915447,,28.451699996367097,,0,,,0,0,,,no_face,0,0.00500003807246685,1,,0,,0,28.410399914719164,1,search_360,0.008699949830770493,1
1790161501.8980355,,0.02113962173461914,47.30453612433176,,0.04509999416768551,,0,,,0,0,,,no_face,0,0.004199915565550327,1,,0,,0,,0,search_360,0.007600057870149612,1
1790161501.9415152,,0.04347968101501465,22.999248767595013,,37.9337000194937,,0,,,0,0,,,no_face,0,0.005500041879713535,1,8.012200007215142,1,,0,29.882699949666858,1,search_360,0.009499955922365189,1
1790161501.9529927,,0.011477470397949219,87.12721229746572,,0.04439998883754015,,0,,,0,0,,,no_face,0,0.004300032742321491,1,,0,,0,,0,search_360,0.007999944500625134,1
1790161502.0102427,,0.057250022888183594,17.467241925005414,,26.567499968223274,,0,,,0,0,,,no_face,0,0.004300032742321491,1,,0,,0,26.52840001974255,1,search_360,0.008199946023523808,1
1790161502.024167,,0.013924360275268555,71.81658476448128,,0.046900007873773575,,0,,,0,0,,,no_face,0,0.004600035026669502,1,,0,,0,,0,search_360,0.008399947546422482,1
1790161502.0543907,,0.030223608016967773,33.0867181522005,,35.27649992611259,,0,,,0,0,,,no_face,0,0.011100084520876408,1,7.595500093884766,1,,0,27.632299927063286,1,search_360,0.013899989426136017,1
1790161502.0777667,,0.023375988006591797,42.778940497317585,,0.0689999433234334,,0,,,0,0,,,no_face,0,0.006199930794537067,1,,0,,0,,0,search_360,0.014199991710484028,1
1790161502.1331143,,0.05534768104553223,18.06760429903724,,26.8555999500677,,0,,,0,0,,,no_face,0,0.004400033503770828,1,,0,,0,26.817799895070493,1,search_360,0.007999944500625134,1
1790161502.15224,,0.019125699996948242,52.28566798389409,,0.04610000178217888,,0,,,0,0,,,no_face,0,0.004400033503770828,1,,0,,0,,0,search_360,0.007899943739175797,1
1790161502.1918292,,0.03958916664123535,25.25943546784383,,35.17950000241399,,0,,,0,0,,,no_face,0,0.008400063961744308,1,7.796399993821979,1,,0,27.324800030328333,1,search_360,0.014999997802078724,1
1790161502.2036955,,0.011866331100463867,84.2720459705451,,0.05789997521787882,,0,,,0,0,,,no_face,0,0.005199923180043697,1,,0,,0,,0,search_360,0.009300070814788342,1
1790161502.2921996,,0.08850407600402832,11.298914639304119,,33.45789993181825,,0,,,0,0,,,no_face,0,0.004499917849898338,1,,0,,0,33.41879998333752,1,search_360,0.008200062438845634,1
1790161502.3032327,,0.011033058166503906,90.63670152995073,,0.04090007860213518,,0,,,0,0,,,no_face,0,0.00400003045797348,1,,0,,0,,0,search_360,0.0075999414548277855,1
1790161502.3509307,,0.047698020935058594,20.96523043087074,,39.94950000196695,,0,,,0,0,,,no_face,0,0.004300032742321491,1,8.592300000600517,1,,0,31.32410009857267,1,search_360,0.008200062438845634,1
1790161502.359696,,0.008765220642089844,114.08725927537809,,0.06289989687502384,,0,,,0,0,,,no_face,0,0.006700051017105579,1,,0,,0,,0,search_360,0.012199976481497288,1
1790161502.4116428,,0.05194687843322754,19.250434870410913,,30.74180008843541,,0,,,0,0,,,no_face,0,0.004900037311017513,1,,0,,0,30.69879999384284,1,search_360,0.009199953638017178,1
1790161502.4278858,,0.01624298095703125,61.56505401596994,,0.06559991743415594,,0,,,0,0,,,no_face,0,0.004499917849898338,1,,0,,0,,0,search_360,0.024900073185563087,1
1790161502.4630942,,0.03520846366882324,28.40226172337904,,35.38990009110421,,0,,,0,0,,,no_face,0,0.005300040356814861,1,7.303899968974292,1,,0,28.048800071701407,1,search_360,0.008899951353669167,1
1790161502.479936,,0.016841650009155273,59.37660499157689,,0.08540006820112467,,0,,,0,0,,,no_face,0,0.007400056347250938,1,,0,,0,,0,search_360,0.012699980288743973,1
1790161502.538021,,0.05808520317077637,17.216088528775547,,25.264999945648015,,0,,,0,0,,,no_face,0,0.005100038833916187,1,,0,,0,25.2240999834612,1,search_360,0.00900006853044033,1
1790161502.5504587,,0.012437582015991211,80.40147986274849,,0.04429998807609081,,0,,,0,0,,,no_face,0,0.004600035026669502,1,,0,,0,,0,search_360,0.00800006091594696,1
1790161502.590413,,0.039954423904418945,25.028517552705857,,34.83610006514937,,0,,,0,0,,,no_face,0,0.005100038833916187,1,7.432600017637014,1,,0,27.366199996322393,1,search_360,0.009199953638017178,1
1790161502.6028175,,0.012404441833496094,80.6162835396325,,0.044199987314641476,,0,,,0,0,,,no_face,0,0.004200031980872154,1,,0,,0,,0,search_360,0.007899943739175797,1
1790161502.6764197,,0.07360219955444336,13.586550484273266,,26.822000043466687,,0,,,0,0,,,no_face,0,0.004400033503770828,1,,0,,0,26.784100104123354,1,search_360,0.008399947546422482,1
1790161502.6968803,,0.02046060562133789,48.87440863222168,,0.04810001701116562,,0,,,0,0,,,no_face,0,0.004700035788118839,1,,0,,0,,0,search_360,0.008899951353669167,1
1790161502.727578,,0.03069758415222168,32.57585336491787,,35.77820002101362,,0,,,0,0,,,no_face,0,0.00509992241859436,1,8.38900008238852,1,,0,27.35350001603365,1,search_360,0.008800067007541656,1
1790161502.7495265,,0.021948575973510742,45.56104237499864,,0.04549999721348286,,0,,,0,0,,,no_face,0,0.004399917088449001,1,,0,,0,,0,search_360,0.008200062438845634,1
1790161502.8123517,,0.06282520294189453,15.917178985078252,,29.40980007406324,,0,,,0,0,,,no_face,0,0.004200031980872154,1,,0,,0,29.372400022111833,1,search_360,0.00809994526207447,1
1790161502.8263617,,0.014009952545166016,71.37782920935298,,0.04200008697807789,,0,,,0,0,,,no_face,0,0.004600035026669502,1,,0,,0,,0,search_360,0.00879995059221983,1
1790161502.8647058,,0.03834414482116699,26.07960106201073,,33.7838000850752,,0,,,0,0,,,no_face,0,0.00500003807246685,1,7.431900012306869,1,,0,26.321300072595477,1,search_360,0.008999952115118504,1
1790161502.878633,,0.013927221298217773,71.80183172130445,,0.05819997750222683,,0,,,0,0,,,no_face,0,0.007300055585801601,1,,0,,0,,0,search_360,0.012699980288743973,1
1790161502.9330251,,0.054392099380493164,18.385023034404764,,28.854999924078584,,0,,,0,0,,,no_face,0,0.004300032742321491,1,,0,,0,28.822000022046268,1,search_360,0.008400063961744308,1
1790161502.954735,,0.021709918975830078,46.06189461661798,,0.03829994238913059,,0,,,0,0,,,no_face,0,0.004600035026669502,1,,0,,0,,0,search_360,0.007899943739175797,1
1790161502.994174,,0.03943896293640137,25.35563629329158,,34.54340004827827,,0,,,0,0,,,no_face,0,0.005400041118264198,1,7.167699979618192,1,,0,27.344300062395632,1,search_360,0.00909995287656784,1
1790161503.005703,,0.011528968811035156,86.73802630490529,,0.06589991971850395,,0,,,0,0,,,no_face,0,0.007900060154497623,1,,0,,0,,0,search_360,0.014899997040629387,1
1790161503.0770102,,0.07130718231201172,14.023832769389202,,27.866900083608925,,0,,,0,0,,,no_face,0,0.004600035026669502,1,,0,,0,27.833000058308244,1,search_360,0.00879995059221983,1
1790161503.097207,,0.020196914672851562,49.512512985173295,,0.03809994086623192,,0,,,0,0,,,no_face,0,0.004200031980872154,1,,0,,0,,0,search_360,0.008100061677396297,1
1790161503.128395,,0.031188011169433594,32.06360272757851,,36.07130004093051,,0,,,0,0,,,no_face,0,0.00500003807246685,1,7.381399977020919,1,,0,28.65880005992949,1,search_360,0.009499955922365189,1
1790161503.1491456,,0.02075052261352539,48.191557322425716,,0.038499943912029266,,0,,,0,0,,,no_face,0,0.004499917849898338,1,,0,,0,,0,search_360,0.008200062438845634,1
1790161503.2130826,,0.06393694877624512,15.64040854529386,,37.30189998168498,,0,,,0,0,,,no_face,0,0.00500003807246685,1,,0,,0,37.253999966196716,1,search_360,0.018299906514585018,1
1790161503.2361782,,0.02309560775756836,43.29827604005368,,0.046200002543628216,,0,,,0,0,,,no_face,0,0.005300040356814861,1,,0,,0,,0,search_360,0.009699957445263863,1
1790161503.2655513,,0.0293731689453125,34.044675324675325,,34.30499997921288,,0,,,0,0,,,no_face,0,0.004799920134246349,1,7.120199967175722,1,,0,27.155900024808943,1,search_360,0.008400063961744308,1
1790161503.2876341,,0.022082805633544922,45.284100969532076,,0.06770004983991385,,0,,,0,0,,,no_face,0,0.007100054062902927,1,,0,,0,,0,search_360,0.015500001609325409,1
1790161503.3329508,,0.04531669616699219,22.06692200850204,,23.739999975077808,,0,,,0,0,,,no_face,0,0.00409991480410099,1,,0,,0,23.709299974143505,1,search_360,0.007400056347250938,1
1790161503.3493974,,0.016446590423583984,60.802876112609084,,0.04130008164793253,,0,,,0,0,,,no_face,0,0.004500034265220165,1,,0,,0,,0,search_360,0.008599949069321156,1
1790161503.3895297,,0.04013228416442871,24.91759491941281,,35.30520002823323,,0,,,0,0,,,no_face,0,0.005699926987290382,1,8.045400027185678,1,,0,27.22759998869151,1,search_360,0.009100069291889668,1
1790161503.40138,,0.011850357055664062,84.38564300659907,,0.04789989907294512,,0,,,0,0,,,no_face,0,0.004900037311017513,1,,0,,0,,0,search_360,0.01009996049106121,1
1790161503.4557347,,0.05435466766357422,18.39768400736907,,25.836900109425187,,0,,,0,0,,,no_face,0,0.004200031980872154,1,,0,,0,25.805700104683638,1,search_360,0.007900060154497623,1
1790161503.480086,,0.02435135841369629,41.06547088714178,,0.03729993477463722,,0,,,0,0,,,no_face,0,0.004599918611347675,1,,0,,0,,0,search_360,0.007700058631598949,1
1790161503.5134792,,0.033393144607543945,29.946266269696775,,34.23150000162423,,0,,,0,0,,,no_face,0,0.004900037311017513,1,7.375100045464933,1,,0,26.82569995522499,1,search_360,0.009199953638017178,1
1790161503.5296574,,0.016178131103515625,61.8118368309361,,0.06260001100599766,,0,,,0,0,,,no_face,0,0.0078000593930482864,1,,0,,0,,0,search_360,0.014999997802078724,1
1790161503.613808,,0.08415055274963379,11.883463237314883,,26.53369994368404,,0,,,0,0,,,no_face,0,0.004800036549568176,1,,0,,0,26.49710001423955,1,search_360,0.00970007386058569,1
1790161503.6238112,,0.010003328323364258,99.96672784040804,,0.04950002767145634,,0,,,0,0,,,no_face,0,0.005200039595365524,1,,0,,0,,0,search_360,0.010299962013959885,1
1790161503.6672058,,0.04339456558227539,23.04436019998901,,38.5835999622941,,0,,,0,0,,,no_face,0,0.004899920895695686,1,8.945400011725724,1,,0,29.607899952679873,1,search_360,0.008800067007541656,1
1790161503.6792052,,0.011999368667602539,83.33771781676568,,0.06059999577701092,,0,,,0,0,,,no_face,0,0.007500057108700275,1,,0,,0,,0,search_360,0.01409999094903469,1
1790161503.732896,,0.05369091033935547,18.62512655642196,,30.766299925744534,,0,,,0,0,,,no_face,0,0.004299916326999664,1,,0,,0,30.73109989054501,1,search_360,0.009300070814788342,1
1790161503.756069,,0.023172855377197266,43.153939543593225,,0.04000007174909115,,0,,,0,0,,,no_face,0,0.004100031219422817,1,,0,,0,,0,search_360,0.008299946784973145,1
1790161503.7952824,,0.03921341896057129,25.50147440613353,,34.42780009936541,,0,,,0,0,,,no_face,0,0.005200039595365524,1,7.707500015385449,1,,0,26.689400081522763,1,search_360,0.009399955160915852,1
1790161503.8076067,,0.012324333190917969,81.14029250174109,,0.05050003528594971,,0,,,0,0,,,no_face,0,0.004900037311017513,1,,0,,0,,0,search_360,0.009999959729611874,1
1790161503.8676684,,0.06006169319152832,16.64954727152197,,24.573100032284856,,0,,,0,0,,,no_face,0,0.004400033503770828,1,,0,,0,24.53850000165403,1,search_360,0.009199953638017178,1
1790161503.8782666,,0.010598182678222656,94.3557995140826,,0.03930006641894579,,0,,,0,0,,,no_face,0,0.004600035026669502,1,,0,,0,,0,search_360,0.008599949069321156,1
1790161503.9144173,,0.03615069389343262,27.661986321697324,,42.967500048689544,,0,,,0,0,,,no_face,0,0.005499925464391708,1,7.257599965669215,1,,0,35.599300055764616,1,search_360,0.00870006624609232,1
1790161503.9389756,,0.024558305740356445,40.71942138731129,,0.1202999847009778,,0,,,0,0,,,no_face,0,0.003999914042651653,1,,0,,0,,0,search_360,0.007900060154497623,1
1790161504.014497,,0.07552146911621094,13.241267836848087,,28.068199986591935,,0,,,0,0,,,no_face,0,0.004700035788118839,1,,0,,0,27.957199956290424,1,search_360,0.008399947546422482,1
1790161504.0252516,,0.010754585266113281,92.983594927729,,0.1210999907925725,,0,,,0,0,,,no_face,0,0.004600035026669502,1,,0,,0,,0,search_360,0.008200062438845634,1
1790161504.071599,,0.04634737968444824,21.576192803312843,,41.06369998771697,,0,,,0,0,,,no_face,0,0.007600057870149612,1,8.110499940812588,1,,0,32.81970007810742,1,search_360,0.014299992471933365,1
1790161504.0829985,,0.011399507522583008,87.72308786313346,,0.08549995254725218,,0,,,0,0,,,no_face,0,0.0037999125197529793,1,,0,,0,,0,search_360,0.007100054062902927,1
1790161504.1637678,,0.08076930046081543,12.380941698079234,,49.4673999492079,,0,,,0,0,,,no_face,0,0.004999921657145023,1,,0,,0,49.36990002170205,1,search_360,0.00900006853044033,1
1790161504.1753035,,0.01153564453125,86.68783068783068,,0.23820006754249334,,0,,,0,0,,,no_face,0,0.004400033503770828,1,,0,,0,,0,search_360,0.008599949069321156,1
1790161504.230625,,0.055321455001831055,18.076169543387852,,61.08239991590381,,0,,,0,0,,,no_face,0,0.005700043402612209,1,9.714299929328263,1,,0,51.26490001566708,1,search_360,0.010499963536858559,1
1790161504.252356,,0.021731138229370117,46.01691772631025,,0.09550002869218588,,0,,,0,0,,,no_face,0,0.004999921657145023,1,,0,,0,,0,search_360,0.00900006853044033,1
1790161504.315156,,0.06279993057250977,15.923584483033538,,54.622799973003566,,0,,,0,0,,,no_face,0,0.006900052540004253,1,,0,,0,54.52350003179163,1,search_360,0.008999952115118504,1
1790161504.388796,,0.07364010810852051,13.579556381508018,,0.1650999765843153,,0,,,0,0,,,no_face,0,0.006199930794537067,1,,0,,0,,0,search_360,0.014899997040629387,1
1790161504.4242375,,0.03544139862060547,28.215590775771602,,35.388899967074394,,0,,,0,0,,,no_face,0,0.005199923180043697,1,7.144499919377267,1,,0,28.16830005031079,1,search_360,0.008900067768990993,1
1790161504.4403565,,0.016119003295898438,62.03857531653059,,0.0969000393524766,,0,,,0,0,,,no_face,0,0.004900037311017513,1,,0,,0,,0,search_360,0.008899951353669167,1
1790161504.469409,,0.0290524959564209,34.42045053547249,,27.08939998410642,,0,,,0,0,,,no_face,0,0.004800036549568176,1,,0,,0,27.002399903722107,1,search_360,0.009299954399466515,1
1790161504.5175133,,0.048104286193847656,20.78816835510795,,0.10210007894784212,,0,,,0,0,,,no_face,0,0.005200039595365524,1,,0,,0,,0,search_360,0.01009996049106121,1
1790161504.5551775,,0.037664175033569336,26.550428865326793,,34.94190005585551,,0,,,0,0,,,no_face,0,0.005100038833916187,1,8.039499982260168,1,,0,26.829999987967312,1,search_360,0.008999952115118504,1
1790161504.5704024,,0.015224933624267578,65.68173134141377,,0.09979994501918554,,0,,,0,0,,,no_face,0,0.004500034265220165,1,,0,,0,,0,search_360,0.008600065484642982,1
1790161504.5947442,,0.024341821670532227,41.081559693232904,,26.961299940012395,,0,,,0,0,,,no_face,0,0.004500034265220165,1,,0,,0,26.884200051426888,1,search_360,0.008600065484642982,1
1790161504.6455634,,0.05081915855407715,19.67761821431755,,0.12679991777986288,,0,,,0,0,,,no_face,0,0.008600065484642982,1,,0,,0,,0,search_360,0.01279998105019331,1
1790161504.6870337,,0.04147028923034668,24.113649037881096,,37.39369998220354,,0,,,0,0,,,no_face,0,0.005600042641162872,1,8.585399948060513,1,,0,28.727500000968575,1,search_360,0.009399955160915852,1
1790161504.6997297,,0.012696027755737305,78.76479314942442,,0.12690003495663404,,0,,,0,0,,,no_face,0,0.007500057108700275,1,,0,,0,,0,search_360,0.01409999094903469,1
1790161504.7310681,,0.03133845329284668,31.909679480839603,,26.95480000693351,,0,,,0,0,,,no_face,0,0.00509992241859436,1,,0,,0,26.85870009008795,1,search_360,0.009800074622035027,1
1790161504.7737556,,0.042687416076660156,23.426107548982372,,0.13770000077784061,,0,,,0,0,,,no_face,0,0.006200047209858894,1,,0,,0,,0,search_360,0.014299992471933365,1
1790161504.8154428,,0.0416872501373291,23.98814977494867,,38.298900006338954,,0,,,0,0,,,no_face,0,0.004699919372797012,1,7.569000008516014,1,,0,30.66070005297661,1,search_360,0.008900067768990993,1
1790161504.827942,,0.012499094009399414,80.00579876013353,,0.12290000449866056,,0,,,0,0,,,no_face,0,0.006800051778554916,1,,0,,0,,0,search_360,0.013899989426136017,1
1790161504.871916,,0.04397416114807129,22.74062708399976,,36.27689997665584,,0,,,0,0,,,no_face,0,0.005199923180043697,1,,0,,0,36.19959997013211,1,search_360,0.009200070053339005,1
1790161504.9176767,,0.0457606315612793,21.85284524888764,,0.11979998089373112,,0,,,0,0,,,no_face,0,0.005400041118264198,1,,0,,0,,0,search_360,0.01009996049106121,1
1790161504.9566061,,0.03892946243286133,25.687485454612265,,38.04820007644594,,0,,,0,0,,,no_face,0,0.005600042641162872,1,11.42180000897497,1,,0,26.54310001526028,1,search_360,0.010399962775409222,1
1790161504.9720073,,0.015401124954223633,64.93032184157158,,0.12969993986189365,,0,,,0,0,,,no_face,0,0.0069999368861317635,1,,0,,0,,0,search_360,0.015500001609325409,1
1790161504.9967024,,0.024695158004760742,40.493768041784534,,29.988700058311224,,0,,,0,0,,,no_face,0,0.005100038833916187,1,,0,,0,29.885699972510338,1,search_360,0.009499955922365189,1
1790161505.0461164,,0.04941391944885254,20.237212735878643,,0.15139998868107796,,0,,,0,0,,,no_face,0,0.008499948307871819,1,,0,,0,,0,search_360,0.015900004655122757,1
1790161505.0892982,,0.0431818962097168,23.15785289148511,,38.997799973003566,,0,,,0,0,,,no_face,0,0.008699949830770493,1,10.329099954105914,1,,0,28.543599997647107,1,search_360,0.015199999324977398,1
1790161505.1050696,,0.01577138900756836,63.40595616024187,,0.18850003834813833,,0,,,0,0,,,no_face,0,0.011499971151351929,1,,0,,0,,0,search_360,0.02320006024092436,1
1790161505.1478496,,0.04277992248535156,23.375451424495072,,40.239599999040365,,0,,,0,0,,,no_face,0,0.005599926225841045,1,,0,,0,40.12040002271533,1,search_360,0.010400079190731049,1
1790161505.1729453,,0.025095701217651367,39.847461974748,,0.18500001169741154,,0,,,0,0,,,no_face,0,0.0077999429777264595,1,,0,,0,,0,search_360,0.015600002370774746,1
1790161505.2258599,,0.05291461944580078,18.898368928539245,,45.91789992991835,,0,,,0,0,,,no_face,0,0.006300047971308231,1,10.854899999685585,1,,0,34.95290002319962,1,search_360,0.011899974197149277,1
1790161505.236648,,0.010788202285766602,92.6938495878362,,0.14340004418045282,,0,,,0,0,,,no_face,0,0.00800006091594696,1,,0,,0,,0,search_360,0.014999997802078724,1
1790161505.2732563,,0.036608219146728516,27.316270042853606,,38.322199950926006,,0,,,0,0,,,no_face,0,0.00509992241859436,1,,0,,0,38.23289996944368,1,search_360,0.009400071576237679,1
1790161505.3169868,,0.04373049736022949,22.867336535473424,,0.10309997014701366,,0,,,0,0,,,no_face,0,0.005800044164061546,1,,0,,0,,0,search_360,0.009999959729611874,1
1790161505.3684163,,0.05142951011657715,19.4440895457348,,43.241300038062036,,0,,,0,0,,,no_face,0,0.008100061677396297,1,11.65419991593808,1,,0,31.453700037673116,1,search_360,0.015199999324977398,1
1790161505.380779,,0.01236271858215332,80.88835747208455,,0.14450005255639553,,0,,,0,0,,,no_face,0,0.008199946023523808,1,,0,,0,,0,search_360,0.014599994756281376,1
1790161505.4324644,,0.051685333251953125,19.347848549708466,,48.82960009854287,,0,,,0,0,,,no_face,0,0.00700005330145359,1,,0,,0,48.72160009108484,1,search_360,0.011299969628453255,1
1790161505.452163,,0.019698619842529297,50.76497785093559,,0.09330001194030046,,0,,,0,0,,,no_face,0,0.004699919372797012,1,,0,,0,,0,search_360,0.00900006853044033,1
1790161505.6046524,,0.15248942375183105,6.557831850866262,,33.97930006030947,,0,,,0,0,,,no_face,0,0.004400033503770828,1,7.316200062632561,1,,0,26.585199986584485,1,search_360,0.007899943739175797,1
1790161505.6160436,,0.011391162872314453,87.78734982627988,,0.08139992132782936,,0,,,0,0,,,no_face,0,0.004400033503770828,1,,0,,0,,0,search_360,0.00800006091594696,1
1790161505.6396277,,0.02358412742614746,42.40139912453623,,27.599900029599667,,0,,,0,0,,,no_face,0,0.004900037311017513,1,,0,,0,27.510900050401688,1,search_360,0.009499955922365189,1
1790161505.6607246,,0.02109694480895996,47.40022828212054,,0.16470008995383978,,0,,,0,0,,,no_face,0,0.008999952115118504,1,,0,,0,,0,search_360,0.0171000137925148,1
1790161505.7484004,,0.08767580986022949,11.405654553909159,,40.02299997955561,,0,,,0,0,,,no_face,0,0.005199923180043697,1,7.330600055865943,1,,0,32.65249996911734,1,search_360,0.008900067768990993,1
1790161505.7659972,,0.017596721649169922,56.828767308890875,,0.04630000330507755,,0,,,0,0,,,no_face,0,0.004600035026669502,1,,0,,0,,0,search_360,0.0074999406933784485,1
1790161505.7910511,,0.025053977966308594,39.913821323893266,,26.1622000252828,,0,,,0,0,,,no_face,0,0.005100038833916187,1,,0,,0,26.121400063857436,1,search_360,0.008599949069321156,1
1790161505.8117695,,0.02071833610534668,48.26642423963452,,0.04509999416768551,,0,,,0,0,,,no_face,0,0.004599918611347675,1,,0,,0,,0,search_360,0.007900060154497623,1
1790161505.8763418,,0.06457233428955078,15.486508440532278,,37.79390000272542,,0,,,0,0,,,no_face,0,0.004999921657145023,1,7.818699930794537,1,,0,29.938100022263825,1,search_360,0.00900006853044033,1
1790161505.892078,,0.015736103057861328,63.548134905002875,,0.0711000757291913,,0,,,0,0,,,no_face,0,0.007500057108700275,1,,0,,0,,0,search_360,0.013899989426136017,1
1790161505.9175644,,0.025486469268798828,39.23650582798555,,28.19370001088828,,0,,,0,0,,,no_face,0,0.004299916326999664,1,,0,,0,28.154600062407553,1,search_360,0.008600065484642982,1
1790161505.9381485,,0.0205841064453125,48.58117123795404,,0.063000014051795,,0,,,0,0,,,no_face,0,0.006400048732757568,1,,0,,0,,0,search_360,0.012199976481497288,1
1790161506.0059958,,0.06784725189208984,14.73899048395485,,39.30499998386949,,0,,,0,0,,,no_face,0,0.005400041118264198,1,7.101299939677119,1,,0,32.168000005185604,1,search_360,0.008599949069321156,1
1790161506.019772,,0.013776302337646484,72.58841853864526,,0.06940006278455257,,0,,,0,0,,,no_face,0,0.006300047971308231,1,,0,,0,,0,search_360,0.013399985618889332,1
1790161506.0594444,,0.0396723747253418,25.2064568083751,,31.887599965557456,,0,,,0,0,,,no_face,0,0.004299916326999664,1,,0,,0,31.848000013269484,1,search_360,0.008500064723193645,1
1790161506.0681353,,0.008690834045410156,115.06375507516735,,0.04069996066391468,,0,,,0,0,,,no_face,0,0.004100031219422817,1,,0,,0,,0,search_360,0.0074999406933784485,1
1790161506.133297,,0.06516170501708984,15.346436986842683,,35.54650000296533,,0,,,0,0,,,no_face,0,0.005600042641162872,1,7.860900019295514,1,,0,27.60519995354116,1,search_360,0.009299954399466515,1
1790161506.1442955,,0.01099848747253418,90.92159285512996,,0.09469990618526936,,0,,,0,0,,,no_face,0,0.007200054824352264,1,,0,,0,,0,search_360,0.012299977242946625,1
1790161506.1681294,,0.0238339900970459,41.95688577230486,,29.437200049869716,,0,,,0,0,,,no_face,0,0.00609993003308773,1,,0,,0,29.290400096215308,1,search_360,0.012999982573091984,1
1790161506.244689,,0.07655954360961914,13.061728856418593,,0.17549993935972452,,0,,,0,0,,,no_face,0,0.00809994526207447,1,,0,,0,,0,search_360,0.013999990187585354,1
1790161506.2774122,,0.032723188400268555,30.5593693306424,,34.071499947458506,,0,,,0,0,,,no_face,0,0.004999921657145023,1,7.437400054186583,1,,0,26.547599933110178,1,search_360,0.009300070814788342,1
1790161506.3732402,,0.09582805633544922,10.435357224605157,,0.09959994349628687,,0,,,0,0,,,no_face,0,0.004299916326999664,1,,0,,0,,0,search_360,0.00870006624609232,1
1790161506.4137287,,0.040488481521606445,24.6983824144246,,33.081999979913235,,0,,,0,0,,,no_face,0,0.005399924702942371,1,,0,,0,32.982700038701296,1,search_360,0.0100000761449337,1
1790161506.4245899,,0.01086115837097168,92.07121062451981,,0.08110003545880318,,0,,,0,0,,,no_face,0,0.004200031980872154,1,,0,,0,,0,search_360,0.007500057108700275,1
1790161506.4624796,,0.037889719009399414,26.39238363715305,,36.59989999141544,,0,,,0,0,,,no_face,0,0.004800036549568176,1,7.518199970945716,1,,0,28.99940009228885,1,search_360,0.009100069291889668,1
1790161506.5009334,,0.03845381736755371,26.005220507542454,,0.04700000863522291,,0,,,0,0,,,no_face,0,0.004300032742321491,1,,0,,0,,0,search_360,0.0076999422162771225,1
1790161506.5400314,,0.03909802436828613,25.576739903286196,,29.878499917685986,,0,,,0,0,,,no_face,0,0.00409991480410099,1,,0,,0,29.84259999357164,1,search_360,0.008100061677396297,1
1790161506.5487225,,0.008691072463989258,115.06059857899213,,0.062700011767447,,0,,,0,0,,,no_face,0,0.008399947546422482,1,,0,,0,,0,search_360,0.010600080713629723,1
1790161506.6783063,,0.12958383560180664,7.71701188929816,,36.101400037296116,,0,,,0,0,,,no_face,0,0.005100038833916187,1,7.629400002770126,1,,0,28.42450002208352,1,hover,0.01950003206729889,1
1790161506.6891336,,0.010827302932739258,92.35910422125824,,0.048200017772614956,,0,,,0,0,,,no_face,0,0.004499917849898338,1,,0,,0,,0,hover,0.011100084520876408,1
1790161506.7888398,,0.09970617294311523,10.02946929444904,,25.719899917021394,,0,,,0,0,,,no_face,0,0.004899920895695686,1,,0,,0,25.676399935036898,1,hover,0.011999974958598614,1
1790161506.8069124,,0.01807260513305664,55.332365900635864,,0.06390002090483904,,0,,,0,0,,,no_face,0,0.004100031219422817,1,,0,,0,,0,hover,0.011199968867003918,1
1790161506.8496244,,0.04271197319030762,23.41263878267568,,36.26570000778884,,0,,,0,0,,,no_face,0,0.004700035788118839,1,7.653600070625544,1,,0,28.573199990205467,1,hover,0.01209997572004795,1
1790161506.86056,,0.010935544967651367,91.44491682473237,,0.052299932576715946,,0,,,0,0,,,no_face,0,0.004799920134246349,1,,0,,0,,0,hover,0.012399978004395962,1
1790161506.9182281,,0.057668209075927734,17.340576654346407,,32.01770002488047,,0,,,0,0,,,no_face,0,0.004600035026669502,1,,0,,0,31.977900071069598,1,hover,0.01079996582120657,1
1790161506.9427881,,0.024559974670410156,40.716654370364616,,0.05119992420077324,,0,,,0,0,,,no_face,0,0.004599918611347675,1,,0,,0,,0,hover,0.012100092135369778,1
1790161506.9819727,,0.0391845703125,25.5202492211838,,39.38269999343902,,0,,,0,0,,,no_face,0,0.005699926987290382,1,9.60990006569773,1,,0,29.728799941949546,1,hover,0.013500102795660496,1
1790161507.0457542,,0.0637814998626709,15.678527506457485,,0.07949990686029196,,0,,,0,0,,,no_face,0,0.007200054824352264,1,,0,,0,,0,hover,0.018300022929906845,1
1790161507.0795395,,0.033785343170166016,29.59863379108859,,28.39909994509071,,0,,,0,0,,,no_face,0,0.004100031219422817,1,,0,,0,28.359099989756942,1,hover,0.01079996582120657,1
1790161507.1733155,,0.09377598762512207,10.663710671836268,,0.07240008562803268,,0,,,0,0,,,no_face,0,0.007200054824352264,1,,0,,0,,0,hover,0.01750001683831215,1
1790161507.2124228,,0.039107322692871094,25.570658668032287,,36.08310001436621,,0,,,0,0,,,no_face,0,0.005599926225841045,1,7.810699986293912,1,,0,28.23190006893128,1,hover,0.012100092135369778,1
1790161507.2249916,,0.01256871223449707,79.56264582582469,,0.04800001624971628,,0,,,0,0,,,no_face,0,0.004700035788118839,1,,0,,0,,0,hover,0.011699972674250603,1
1790161507.2487597,,0.023768186569213867,42.07304571124776,,27.266799937933683,,0,,,0,0,,,no_face,0,0.005300040356814861,1,,0,,0,27.22030004952103,1,hover,0.012699980288743973,1
1790161507.3013127,,0.05255293846130371,19.028431697236677,,0.048999907448887825,,0,,,0,0,,,no_face,0,0.004500034265220165,1,,0,,0,,0,hover,0.010999967344105244,1
1790161507.3343625,,0.033049821853637695,30.257349175088912,,35.9836999559775,,0,,,0,0,,,no_face,0,0.004899920895695686,1,8.814900065772235,1,,0,27.13269996456802,1,hover,0.01070008147507906,1
1790161507.3539062,,0.01954364776611328,51.167520616795976,,0.10369997471570969,,0,,,0,0,,,no_face,0,0.006500049494206905,1,,0,,0,,0,hover,0.06330001633614302,1
1790161507.4639544,,0.11004829406738281,9.086919597206094,,34.612699993886054,,0,,,0,0,,,no_face,0,0.007700058631598949,1,,0,,0,34.54079991206527,1,hover,0.01919991336762905,1
1790161507.4738371,,0.009882688522338867,101.18704011965936,,0.10039994958788157,,0,,,0,0,,,no_face,0,0.009100069291889668,1,,0,,0,,0,hover,0.026499968953430653,1
1790161507.5190313,,0.045194149017333984,22.126758037117927,,41.50859999936074,,0,,,0,0,,,no_face,0,0.005200039595365524,1,8.28800001181662,1,,0,33.17629999946803,1,hover,0.012699980288743973,1
1790161507.5336366,,0.014605283737182617,68.4683719943192,,0.07940002251416445,,0,,,0,0,,,no_face,0,0.0077999429777264595,1,,0,,0,,0,hover,0.020700041204690933,1
1790161507.603942,,0.07030534744262695,14.223669128668417,,33.104200032539666,,0,,,0,0,,,no_face,0,0.005699926987290382,1,,0,,0,33.05339999496937,1,hover,0.013500102795660496,1
1790161507.6155748,,0.011632919311523438,85.96294474504018,,0.06480002775788307,,0,,,0,0,,,no_face,0,0.00609993003308773,1,,0,,0,,0,hover,0.014599994756281376,1
1790161507.719019,,0.10344409942626953,9.66705694714619,,33.01779995672405,,0,,,0,0,,,no_face,0,0.004899920895695686,1,7.032900000922382,1,,0,25.94880003016442,1,hover,0.011200085282325745,1
1790161507.7431755,,0.024156570434570312,41.39660481642321,,0.049900030717253685,,0,,,0,0,,,no_face,0,0.004300032742321491,1,,0,,0,,0,hover,0.011999974958598614,1
1790161507.7666721,,0.023496627807617188,42.559298644370486,,26.62320004310459,,0,,,0,0,,,no_face,0,0.004600035026669502,1,,0,,0,26.582800084725022,1,hover,0.010499963536858559,1
1790161507.8284078,,0.06173563003540039,16.19810147602901,,0.08380005601793528,,0,,,0,0,,,no_face,0,0.015400000847876072,1,,0,,0,,0,hover,0.018200022168457508,1
1790161507.867046,,0.03863835334777832,25.881020109711777,,34.26979994401336,,0,,,0,0,,,no_face,0,0.005299923941493034,1,7.341300020925701,1,,0,26.890299981459975,1,hover,0.011399970389902592,1
1790161507.8786705,,0.011624336242675781,86.02641726146526,,0.08120003622025251,,0,,,0,0,,,no_face,0,0.0076999422162771225,1,,0,,0,,0,hover,0.020200037397444248,1
1790161507.9027245,,0.02405405044555664,41.573039944494006,,27.602699934504926,,0,,,0,0,,,no_face,0,0.004499917849898338,1,,0,,0,27.559799957089126,1,hover,0.011800089851021767,1
1790161507.9734595,,0.07073497772216797,14.137277372558009,,0.05200004670768976,,0,,,0,0,,,no_face,0,0.004300032742321491,1,,0,,0,,0,hover,0.011899974197149277,1
1790161508.0125484,,0.03908896446228027,25.582667992265982,,34.3721000244841,,0,,,0,0,,,no_face,0,0.005300040356814861,1,7.942100055515766,1,,0,26.389400009065866,1,hover,0.012199976481497288,1
1790161508.1008024,,0.08825397491455078,11.33093439664581,,0.05829997826367617,,0,,,0,0,,,no_face,0,0.00500003807246685,1,,0,,0,,0,hover,0.013299984857439995,1
1790161508.1352553,,0.03445291519165039,29.025120064218786,,33.41320005711168,,0,,,0,0,,,no_face,0,0.00400003045797348,1,,0,,0,33.37650001049042,1,hover,0.011899974197149277,1
1790161508.1512423,,0.015986919403076172,62.55113788886569,,0.06600003689527512,,0,,,0,0,,,no_face,0,0.007700058631598949,1,,0,,0,,0,hover,0.018000020645558834,1
1790161508.2597957,,0.10855340957641602,9.212055189257335,,34.335599979385734,,0,,,0,0,,,no_face,0,0.004699919372797012,1,7.6058999402448535,1,,0,26.681500021368265,1,hover,0.01170008908957243,1
1790161508.270707,,0.010911226272583008,91.64872719326996,,0.06369990296661854,,0,,,0,0,,,no_face,0,0.009500072337687016,1,,0,,0,,0,hover,0.02129992935806513,1
1790161508.2944179,,0.023710966110229492,42.17457843561151,,26.8513000337407,,0,,,0,0,,,no_face,0,0.004600035026669502,1,,0,,0,26.811999967321754,1,hover,0.01309998333454132,1
1790161508.3146722,,0.02025437355041504,49.37205278212659,,0.07220008410513401,,0,,,0,0,,,no_face,0,0.007100054062902927,1,,0,,0,,0,hover,0.020799925550818443,1
1790161508.4041846,,0.08951234817504883,11.171643023423059,,38.577200029976666,,0,,,0,0,,,no_face,0,0.005799927748739719,1,8.595200022682548,1,,0,29.94040003977716,1,hover,0.014400109648704529,1
1790161508.4214573,,0.0172727108001709,57.8947920548815,,0.0738000962883234,,0,,,0,0,,,no_face,0,0.008200062438845634,1,,0,,0,,0,hover,0.021699932403862476,1
1790161508.520455,,0.09899759292602539,10.101255701714248,,26.438900036737323,,0,,,0,0,,,no_face,0,0.004700035788118839,1,,0,,0,26.398799964226782,1,hover,0.012699980288743973,1
1790161508.5349426,,0.014487743377685547,69.02386202810783,,0.048900023102760315,,0,,,0,0,,,no_face,0,0.004999921657145023,1,,0,,0,,0,hover,0.013699987903237343,1
1790161508.5752003,,0.04025769233703613,24.839973231153724,,35.04600003361702,,0,,,0,0,,,no_face,0,0.005400041118264198,1,7.432500016875565,1,,0,27.57859998382628,1,hover,0.012599979527294636,1
1790161508.628577,,0.05337667465209961,18.734775190058873,,0.08749996777623892,,0,,,0,0,,,no_face,0,0.005299923941493034,1,,0,,0,,0,hover,0.013899989426136017,1
1790161508.6531954,,0.02461838722229004,40.620045130112246,,27.999899932183325,,0,,,0,0,,,no_face,0,0.006600050255656242,1,,0,,0,27.94890000950545,1,hover,0.01650000922381878,1
1790161508.6747007,,0.021505355834960938,46.500044345898004,,0.08260004688054323,,0,,,0,0,,,no_face,0,0.0076999422162771225,1,,0,,0,,0,hover,0.022600055672228336,1
1790161508.7204094,,0.045708656311035156,21.87769408917357,,37.15270000975579,,0,,,0,0,,,no_face,0,0.008300063200294971,1,7.888899999670684,1,,0,29.210599954240024,1,hover,0.019999919459223747,1
1790161508.7567627,,0.036353349685668945,27.507781501472355,,0.07509998977184296,,0,,,0,0,,,no_face,0,0.00870006624609232,1,,0,,0,,0,hover,0.019300030544400215,1
1790161508.781552,,0.02478933334350586,40.33993113663031,,27.711199945770204,,0,,,0,0,,,no_face,0,0.004300032742321491,1,,0,,0,27.675400022417307,1,hover,0.011499971151351929,1
1790161508.8024404,,0.020888328552246094,47.87362461763229,,0.041599967516958714,,0,,,0,0,,,no_face,0,0.004200031980872154,1,,0,,0,,0,hover,0.011499971151351929,1
1790161508.835925,,0.033484697341918945,29.86438819466695,,38.07969996705651,,0,,,0,0,,,no_face,0,0.004899920895695686,1,7.329999934881926,1,,0,30.715700006112456,1,hover,0.012300093658268452,1
1790161508.9005604,,0.0646352767944336,15.47142751752121,,0.05689996760338545,,0,,,0,0,,,no_face,0,0.006200047209858894,1,,0,,0,,0,hover,0.014999997802078724,1
1790161508.9205232,,0.019962787628173828,50.093204347306816,,21.50850009638816,,0,,,0,0,,,no_face,0,0.003400025889277458,1,,0,,0,21.480900002643466,1,hover,0.008900067768990993,1
1790161508.9358528,,0.015329599380493164,65.23327682473521,,0.06309989839792252,,0,,,0,0,,,no_face,0,0.007400056347250938,1,,0,,0,,0,hover,0.018400023691356182,1
1790161508.9588964,,0.02304363250732422,43.395935935107396,,24.43060011137277,,0,,,0,0,,,no_face,0,0.004500034265220165,1,6.835599895566702,1,,0,17.565700109116733,1,hover,0.010599964298307896,1
1790161509.0285852,,0.06968879699707031,14.349508717190792,,0.05609996151179075,,0,,,0,0,,,no_face,0,0.005599926225841045,1,,0,,0,,0,hover,0.015600002370774746,1
1790161509.051093,,0.022507905960083008,44.42883321857953,,23.40509998612106,,0,,,0,0,,,no_face,0,0.005399924702942371,1,,0,,0,23.365500033833086,1,hover,0.012899981811642647,1
1790161509.0670738,,0.01598072052001953,62.57540132481948,,0.04809990059584379,,0,,,0,0,,,no_face,0,0.00409991480410099,1,,0,,0,,0,hover,0.010500079952180386,1
1790161509.0881898,,0.021116018295288086,47.35741303194192,,23.052899981848896,,0,,,0,0,,,no_face,0,0.004300032742321491,1,5.928899976424873,1,,0,17.097200034186244,1,hover,0.009599956683814526,1
1790161509.156249,,0.06805920600891113,14.693089423774175,,0.04000007174909115,,0,,,0,0,,,no_face,0,0.004400033503770828,1,,0,,0,,0,hover,0.01009996049106121,1
1790161509.1777637,,0.0215146541595459,46.47994769445583,,23.988000000827014,,0,,,0,0,,,no_face,0,0.0039000296965241432,1,,0,,0,23.95579998847097,1,hover,0.010299962013959885,1
1790161509.193724,,0.015960216522216797,62.655791580771414,,0.052299932576715946,,0,,,0,0,,,no_face,0,0.005399924702942371,1,,0,,0,,0,hover,0.01409999094903469,1
1790161509.2209523,,0.027228355407714844,36.72641938986375,,22.057199967093766,,0,,,0,0,,,no_face,0,0.003400025889277458,1,4.678600002080202,1,,0,17.354400013573468,1,hover,0.008899951353669167,1
1790161509.300726,,0.0797736644744873,12.535465263975851,,0.039899954572319984,,0,,,0,0,,,no_face,0,0.004900037311017513,1,,0,,0,,0,hover,0.00900006853044033,1
1790161509.3209517,,0.02022576332092285,49.441891716666866,,18.362300004810095,,0,,,0,0,,,no_face,0,0.003600027412176132,1,,0,,0,18.3305999962613,1,hover,0.010399962775409222,1
1790161509.3318377,,0.010885953903198242,91.8614949955102,,0.037499936297535896,,0,,,0,0,,,no_face,0,0.0036999117583036423,1,,0,,0,,0,hover,0.010400079190731049,1
1790161509.354472,,0.022634267807006836,44.18079738768631,,27.770700049586594,,0,,,0,0,,,no_face,0,0.0039000296965241432,1,4.586299997754395,1,,0,23.158900090493262,1,hover,0.00909995287656784,1
1790161509.4283953,,0.07392334938049316,13.527525584005522,,0.03779993858188391,,0,,,0,0,,,no_face,0,0.003800028935074806,1,,0,,0,,0,hover,0.009699957445263863,1
1790161509.4498498,,0.021454572677612305,46.610110349272674,,16.867500031366944,,0,,,0,0,,,no_face,0,0.003200024366378784,1,,0,,0,16.83969993609935,1,hover,0.008800067007541656,1
1790161509.4590049,,0.009155035018920898,109.22951118518712,,0.03520003519952297,,0,,,0,0,,,no_face,0,0.003600027412176132,1,,0,,0,,0,hover,0.009199953638017178,1
1790161509.4885333,,0.029528379440307617,33.86572575110415,,27.91199996136129,,0,,,0,0,,,no_face,0,0.0034999102354049683,1,6.825400050729513,1,,0,21.061799954622984,1,hover,0.00900006853044033,1
1790161509.556311,,0.06777763366699219,14.75412973125088,,0.03979995381087065,,0,,,0,0,,,no_face,0,0.004100031219422817,1,,0,,0,,0,hover,0.010499963536858559,1
1790161509.5789893,,0.022678375244140625,44.094869638351554,,21.902999957092106,,0,,,0,0,,,no_face,0,0.003100023604929447,1,,0,,0,21.87559998128563,1,hover,0.008499948307871819,1
1790161509.592597,,0.01360774040222168,73.48758650897942,,0.032800016924738884,,0,,,0,0,,,no_face,0,0.0034999102354049683,1,,0,,0,,0,hover,0.00870006624609232,1
1790161509.6209211,,0.028324127197265625,35.30558922558922,,26.794200064614415,,0,,,0,0,,,no_face,0,0.003500026650726795,1,5.123700015246868,1,,0,21.64609997998923,1,hover,0.008900067768990993,1
1790161509.700342,,0.07942080497741699,12.591159209282079,,0.037899939343333244,,0,,,0,0,,,no_face,0,0.003800028935074806,1,,0,,0,,0,hover,0.009699957445263863,1
1790161509.7209387,,0.020596742630004883,48.5513664934193,,18.57800001744181,,0,,,0,0,,,no_face,0,0.0033999094739556313,1,,0,,0,18.548700027167797,1,hover,0.009100069291889668,1
1790161509.7330933,,0.012154579162597656,82.27351902706944,,0.03400002606213093,,0,,,0,0,,,no_face,0,0.003300025127828121,1,,0,,0,,0,hover,0.009299954399466515,1
1790161509.754066,,0.020972728729248047,47.68096764659073,,25.86119994521141,,0,,,0,0,,,no_face,0,0.0036999117583036423,1,4.961700062267482,1,,0,20.87579993531108,1,hover,0.008500064723193645,1
1790161509.828696,,0.0746300220489502,13.399433264860823,,0.03620004281401634,,0,,,0,0,,,no_face,0,0.003800028935074806,1,,0,,0,,0,hover,0.008999952115118504,1
1790161509.8501298,,0.02143383026123047,46.6552169076752,,20.20050003193319,,0,,,0,0,,,no_face,0,0.003800028935074806,1,,0,,0,20.168700022622943,1,hover,0.009999959729611874,1
1790161509.862578,,0.01244807243347168,80.33372277872479,,0.034899916499853134,,0,,,0,0,,,no_face,0,0.0039000296965241432,1,,0,,0,,0,hover,0.009400071576237679,1
1790161509.890135,,0.0275571346282959,36.28824308072986,,23.731300025247037,,0,,,0,0,,,no_face,0,0.003600027412176132,1,4.876399994827807,1,,0,18.830599961802363,1,hover,0.00909995287656784,1
1790161509.9563003,,0.06616520881652832,15.113683125718424,,0.03730005118995905,,0,,,0,0,,,no_face,0,0.003500026650726795,1,,0,,0,,0,hover,0.0097999582067132,1
1790161509.9788475,,0.022547245025634766,44.35131648514328,,20.326899946667254,,0,,,0,0,,,no_face,0,0.0035999109968543053,1,,0,,0,20.295699941925704,1,hover,0.00970007386058569,1
1790161509.9899566,,0.011109113693237305,90.01618199377616,,0.03299990203231573,,0,,,0,0,,,no_face,0,0.0035999109968543053,1,,0,,0,,0,hover,0.008900067768990993,1
1790161510.006845,,0.01688838005065918,59.21231029858121,,23.206899990327656,,0,,,0,0,,,no_face,0,0.00600004568696022,1,4.588400013744831,1,,0,18.54669989552349,1,hover,0.013299984857439995,1
1790161510.084712,,0.07786703109741211,12.842405648534283,,0.0711000757291913,,0,,,0,0,,,no_face,0,0.003300025127828121,1,,0,,0,,0,hover,0.008600065484642982,1
1790161510.1064477,,0.021735668182373047,46.007327293069785,,17.098200041800737,,0,,,0,0,,,no_face,0,0.003500026650726795,1,,0,,0,17.033700016327202,1,hover,0.008400063961744308,1
1790161510.1148531,,0.008405447006225586,118.97047227343639,,0.06710004527121782,,0,,,0,0,,,no_face,0,0.003400025889277458,1,,0,,0,,0,hover,0.00879995059221983,1
1790161510.137084,,0.022230863571166992,44.98250807031091,,21.972600021399558,,0,,,0,0,,,no_face,0,0.003500026650726795,1,4.816100001335144,1,,0,17.09800004027784,1,hover,0.00809994526207447,1
1790161510.2285795,,0.09149551391601562,10.929497602668334,,0.07219996768981218,,0,,,0,0,,,no_face,0,0.0034999102354049683,1,,0,,0,,0,hover,0.009400071576237679,1
1790161510.2501693,,0.02158975601196289,46.318263135808465,,16.857000067830086,,0,,,0,0,,,no_face,0,0.003500026650726795,1,,0,,0,16.78830001037568,1,hover,0.00870006624609232,1
1790161510.2574332,,0.007263898849487305,137.6671152394394,,0.11290004476904869,,0,,,0,0,,,no_face,0,0.005800044164061546,1,,0,,0,,0,hover,0.013599987141788006,1
1790161510.2754877,,0.018054485321044922,55.387898476084835,,23.508999962359667,,0,,,0,0,,,no_face,0,0.0036999117583036423,1,4.54379990696907,1,,0,18.90370005276054,1,hover,0.008200062438845634,1
1790161510.3570228,,0.08153510093688965,12.264656430290394,,0.05259993486106396,,0,,,0,0,,,no_face,0,0.003999914042651653,1,,0,,0,,0,hover,0.009600073099136353,1
1790161510.3898442,,0.0328214168548584,30.467910767599136,,33.52840000297874,,0,,,0,0,,,no_face,0,0.00600004568696022,1,,0,,0,33.47349993418902,1,hover,0.015199999324977398,1
1790161510.4037495,,0.01390528678894043,71.91509353085404,,0.053799943998456,,0,,,0,0,,,no_face,0,0.004699919372797012,1,,0,,0,,0,hover,0.012900098226964474,1
1790161510.4374516,,0.03370213508605957,29.671710633360924,,38.63680001813918,,0,,,0,0,,,no_face,0,0.003600027412176132,1,4.426000057719648,1,,0,34.182999981567264,1,hover,0.00809994526207447,1
1790161510.4849823,,0.0475306510925293,21.039055367730416,,0.04000007174909115,,0,,,0,0,,,no_face,0,0.003200024366378784,1,,0,,0,,0,hover,0.00909995287656784,1
1790161510.5065334,,0.021551132202148438,46.40127444906629,,17.35529990401119,,0,,,0,0,,,no_face,0,0.0036999117583036423,1,,0,,0,17.321899998933077,1,hover,0.009600073099136353,1
1790161510.5154476,,0.00891423225402832,112.18015994008933,,0.03839994315057993,,0,,,0,0,,,no_face,0,0.003800028935074806,1,,0,,0,,0,hover,0.008699949830770493,1
1790161510.5437064,,0.028258800506591797,35.387206182609724,,22.631200030446053,,0,,,0,0,,,no_face,0,0.003400025889277458,1,4.988199914805591,1,,0,17.615600023418665,1,hover,0.008500064723193645,1
1790161510.6298769,,0.08617043495178223,11.604908348896728,,0.08719996549189091,,0,,,0,0,,,no_face,0,0.005300040356814861,1,,0,,0,,0,hover,0.013199984095990658,1
1790161510.6563113,,0.02643442153930664,37.82946407633891,,25.25549998972565,,0,,,0,0,,,no_face,0,0.004300032742321491,1,,0,,0,25.214900029823184,1,hover,0.011599971912801266,1
1790161510.6712484,,0.014937162399291992,66.94711975866306,,0.09220000356435776,,0,,,0,0,,,no_face,0,0.008999952115118504,1,,0,,0,,0,hover,0.022400054149329662,1
1790161510.7147784,,0.04352998733520508,22.972669215349057,,37.0380999520421,,0,,,0,0,,,no_face,0,0.011499971151351929,1,8.061900036409497,1,,0,28.92809989862144,1,hover,0.013599987141788006,1
1790161510.7572484,,0.04246997833251953,23.546044506321156,,0.05370005965232849,,0,,,0,0,,,no_face,0,0.004800036549568176,1,,0,,0,,0,hover,0.012499978765845299,1
1790161510.7958226,,0.03857421875,25.924050632911392,,30.61140002682805,,0,,,0,0,,,no_face,0,0.004299916326999664,1,,0,,0,30.571900075301528,1,hover,0.010900082997977734,1
1790161510.8048227,,0.009000062942504883,111.11033404858406,,0.05510007031261921,,0,,,0,0,,,no_face,0,0.005300040356814861,1,,0,,0,,0,hover,0.01309998333454132,1
1790161510.846361,,0.041538238525390625,24.074203324455873,,35.20079993177205,,0,,,0,0,,,no_face,0,0.004500034265220165,1,7.381699979305267,1,,0,27.78330002911389,1,hover,0.011499971151351929,1
1790161510.885343,,0.03898215293884277,25.652764781074353,,0.051900045946240425,,0,,,0,0,,,no_face,0,0.004500034265220165,1,,0,,0,,0,hover,0.011399970389902592,1
1790161510.9196503,,0.034307241439819336,29.148365127349805,,28.448499972000718,,0,,,0,0,,,no_face,0,0.004700035788118839,1,,0,,0,28.404199983924627,1,hover,0.012599979527294636,1
1790161510.9296708,,0.01002049446105957,99.79547455328463,,0.08549995254725218,,0,,,0,0,,,no_face,0,0.008500064723193645,1,,0,,0,,0,hover,0.020900042727589607,1
1790161510.9706147,,0.04094386100769043,24.423685880825243,,35.55020003113896,,0,,,0,0,,,no_face,0,0.0073999399319291115,1,7.868000073358417,1,,0,27.626600000075996,1,hover,0.017900019884109497,1
1790161511.0290387,,0.05842399597167969,17.116254774574777,,0.06379990372806787,,0,,,0,0,,,no_face,0,0.00500003807246685,1,,0,,0,,0,hover,0.011999974958598614,1
1790161511.0634677,,0.034429073333740234,29.045219727712144,,29.38889991492033,,0,,,0,0,,,no_face,0,0.004900037311017513,1,,0,,0,29.34589993674308,1,hover,0.011599971912801266,1
1790161511.0745516,,0.011083841323852539,90.22142872507474,,0.07319997530430555,,0,,,0,0,,,no_face,0,0.007300055585801601,1,,0,,0,,0,hover,0.018699909560382366,1
1790161511.1205733,,0.04602169990539551,21.728880116459184,,44.58700004033744,,0,,,0,0,,,no_face,0,0.008500064723193645,1,7.644199999049306,1,,0,36.88420006074011,1,hover,0.019099912606179714,1
1790161511.1572623,,0.036689043045043945,27.256093836306334,,0.05759997293353081,,0,,,0,0,,,no_face,0,0.004999921657145023,1,,0,,0,,0,hover,0.01370010431855917,1
1790161511.1870644,,0.02980208396911621,33.5547004376035,,30.296899960376322,,0,,,0,0,,,no_face,0,0.004500034265220165,1,,0,,0,30.25409998372197,1,hover,0.011599971912801266,1
1790161511.204626,,0.017561674118041992,56.94217950284419,,0.05700008478015661,,0,,,0,0,,,no_face,0,0.005200039595365524,1,,0,,0,,0,hover,0.012899981811642647,1
1790161511.2438972,,0.03927111625671387,25.464007528154692,,36.81339998729527,,0,,,0,0,,,no_face,0,0.004900037311017513,1,8.831599960103631,1,,0,27.942599961534142,1,hover,0.012299977242946625,1
1790161511.2863915,,0.04249429702758789,23.532569543409227,,0.048600020818412304,,0,,,0,0,,,no_face,0,0.004300032742321491,1,,0,,0,,0,hover,0.01109996810555458,1
1790161511.310825,,0.024433612823486328,40.92722624460881,,26.53069992084056,,0,,,0,0,,,no_face,0,0.004999921657145023,1,,0,,0,26.487199938856065,1,hover,0.011599971912801266,1
1790161511.3288152,,0.0179901123046875,55.58608990670059,,0.06720004603266716,,0,,,0,0,,,no_face,0,0.005299923941493034,1,,0,,0,,0,hover,0.01370010431855917,1
1790161511.3716347,,0.04281949996948242,23.35384581120057,,43.26980002224445,,0,,,0,0,,,no_face,0,0.004599918611347675,1,9.042600053362548,1,,0,34.18960003182292,1,hover,0.011500087566673756,1
1790161511.413771,,0.042136192321777344,23.732566824344204,,0.11030002497136593,,0,,,0,0,,,no_face,0,0.009299954399466515,1,,0,,0,,0,hover,0.02320006024092436,1
1790161511.4390512,,0.025280237197875977,39.556590872652855,,27.1161999553442,,0,,,0,0,,,no_face,0,0.004799920134246349,1,,0,,0,27.072299970313907,1,hover,0.01200009137392044,1
1790161511.4591954,,0.020144224166870117,49.64202104366146,,0.0467000063508749,,0,,,0,0,,,no_face,0,0.004200031980872154,1,,0,,0,,0,hover,0.011199968867003918,1
1790161511.4970496,,0.03785419464111328,26.417151638828006,,36.65579995140433,,0,,,0,0,,,no_face,0,0.005100038833916187,1,7.968400022946298,1,,0,28.647399973124266,1,hover,0.011999974958598614,1
1790161511.5574245,,0.06037497520446777,16.563153800285114,,0.047200010158121586,,0,,,0,0,,,no_face,0,0.003999914042651653,1,,0,,0,,0,hover,0.01070008147507906,1
1790161511.5877357,,0.030311107635498047,32.99120612896629,,26.517000049352646,,0,,,0,0,,,no_face,0,0.00400003045797348,1,,0,,0,26.476799976080656,1,hover,0.010599964298307896,1
1790161511.600447,,0.012711286544799805,78.6702428959955,,0.06350001785904169,,0,,,0,0,,,no_face,0,0.004800036549568176,1,,0,,0,,0,hover,0.012299977242946625,1
1790161511.6320655,,0.031618595123291016,31.6269586330664,,34.9868000485003,,0,,,0,0,,,no_face,0,0.005200039595365524,1,6.835700012743473,1,,0,28.110100072808564,1,hover,0.01309998333454132,1
1790161511.6847513,,0.05268573760986328,18.980468820707756,,0.09250000584870577,,0,,,0,0,,,no_face,0,0.009300070814788342,1,,0,,0,,0,hover,0.021999934688210487,1
1790161511.7094529,,0.024701595306396484,40.4832152578036,,27.464100043289363,,0,,,0,0,,,no_face,0,0.004400033503770828,1,,0,,0,27.422399958595634,1,hover,0.010999967344105244,1
1790161511.7291763,,0.01972341537475586,50.70115803979402,,0.0475000124424696,,0,,,0,0,,,no_face,0,0.004599918611347675,1,,0,,0,,0,hover,0.010800082236528397,1
1790161511.7725105,,0.043334245681762695,23.07643722112491,,35.24619992822409,,0,,,0,0,,,no_face,0,0.005199923180043697,1,7.632800028659403,1,,0,27.574599953368306,1,hover,0.011800089851021767,1
1790161511.812907,,0.04039645195007324,24.75464927553339,,0.08050003089010715,,0,,,0,0,,,no_face,0,0.007600057870149612,1,,0,,0,,0,hover,0.018999911844730377,1
1790161511.8366418,,0.02373480796813965,42.13221363924019,,26.55919990502298,,0,,,0,0,,,no_face,0,0.004500034265220165,1,,0,,0,26.51889994740486,1,hover,0.010999967344105244,1
1790161511.8564649,,0.019823074340820312,50.44626190705282,,0.04910002462565899,,0,,,0,0,,,no_face,0,0.004399917088449001,1,,0,,0,,0,hover,0.011400086805224419,1
1790161511.8983643,,0.04189944267272949,23.86666590796579,,35.95709998626262,,0,,,0,0,,,no_face,0,0.004800036549568176,1,7.614700007252395,1,,0,28.268699999898672,1,hover,0.011999974958598614,1
1790161511.957097,,0.05873274803161621,17.02627637075135,,0.20260002929717302,,0,,,0,0,,,no_face,0,0.009299954399466515,1,,0,,0,,0,hover,0.021999934688210487,1
1790161511.988714,,0.031616926193237305,31.62862809269216,,30.597900040447712,,0,,,0,0,,,no_face,0,0.004600035026669502,1,,0,,0,30.519200023263693,1,hover,0.011299969628453255,1
1790161512.007589,,0.0188751220703125,52.97978981406629,,0.0934000127017498,,0,,,0,0,,,no_face,0,0.00509992241859436,1,,0,,0,,0,hover,0.013599987141788006,1
1790161512.0469613,,0.03937220573425293,25.398627822622153,,35.72180005721748,,0,,,0,0,,,no_face,0,0.005300040356814861,1,7.7052999986335635,1,,0,27.916899998672307,1,hover,0.01379998866468668,1
1790161512.0852394,,0.03827810287475586,26.12459669884771,,0.09270000737160444,,0,,,0,0,,,no_face,0,0.005199923180043697,1,,0,,0,,0,hover,0.012300093658268452,1
1790161512.124533,,0.039293527603149414,25.44948394808536,,34.74329994060099,,0,,,0,0,,,no_face,0,0.0078000593930482864,1,,0,,0,34.60979997180402,1,hover,0.019300030544400215,1
1790161512.1360104,,0.011477470397949219,87.12721229746572,,0.08549995254725218,,0,,,0,0,,,no_face,0,0.004600035026669502,1,,0,,0,,0,hover,0.011899974197149277,1
1790161512.1729934,,0.03698301315307617,27.03944094173468,,33.538099960424006,,0,,,0,0,,,no_face,0,0.00500003807246685,1,7.684900076128542,1,,0,25.72819998022169,1,hover,0.011599971912801266,1
1790161512.212931,,0.039937496185302734,25.039126022327025,,0.1537000061944127,,0,,,0,0,,,no_face,0,0.004700035788118839,1,,0,,0,,0,hover,0.012399978004395962,1
1790161512.23668,,0.023749113082885742,42.106835590446835,,29.73710000514984,,0,,,0,0,,,no_face,0,0.004600035026669502,1,,0,,0,29.601900023408234,1,hover,0.012599979527294636,1
1790161512.2598522,,0.02317214012145996,43.15527157864411,,0.14340004418045282,,0,,,0,0,,,no_face,0,0.004600035026669502,1,,0,,0,,0,hover,0.011699972674250603,1
1790161512.2992702,,0.03941798210144043,25.36913222565641,,38.48029999062419,,0,,,0,0,,,no_face,0,0.00500003807246685,1,7.849899935536087,1,,0,30.54459998384118,1,hover,0.012399978004395962,1
1790161512.3571403,,0.05787014961242676,17.28006591822021,,0.08750008419156075,,0,,,0,0,,,no_face,0,0.00400003045797348,1,,0,,0,,0,hover,0.010899966582655907,1
1790161512.3887901,,0.03164982795715332,31.59574836721934,,27.926400071009994,,0,,,0,0,,,no_face,0,0.004800036549568176,1,,0,,0,27.835899963974953,1,hover,0.012199976481497288,1
1790161512.4009655,,0.012175321578979492,82.13335422092545,,0.13599998783320189,,0,,,0,0,,,no_face,0,0.007200054824352264,1,,0,,0,,0,hover,0.018400023691356182,1
1790161512.440559,,0.03959345817565918,25.25669759795745,,35.71379999630153,,0,,,0,0,,,no_face,0,0.004999921657145023,1,7.591799949295819,1,,0,28.03909999784082,1,hover,0.012200092896819115,1
1790161512.485403,,0.04484415054321289,22.299452389813386,,0.09510002564638853,,0,,,0,0,,,no_face,0,0.004800036549568176,1,,0,,0,,0,hover,0.012399978004395962,1
1790161512.5090203,,0.023617267608642578,42.34190070463769,,30.46939999330789,,0,,,0,0,,,no_face,0,0.004500034265220165,1,,0,,0,30.38170002400875,1,hover,0.011599971912801266,1
1790161512.532854,,0.023833751678466797,41.957305483864516,,0.1276000402867794,,0,,,0,0,,,no_face,0,0.0065999338403344154,1,,0,,0,,0,hover,0.017000013031065464,1
1790161512.573619,,0.040764808654785156,24.530962685694234,,39.75490003358573,,0,,,0,0,,,no_face,0,0.004799920134246349,1,7.28639995213598,1,,0,32.385900034569204,1,hover,0.012500095181167126,1
1790161512.6126313,,0.03901243209838867,25.63285461101265,,0.1876999158412218,,0,,,0,0,,,no_face,0,0.005800044164061546,1,,0,,0,,0,hover,0.014899997040629387,1
1790161512.652129,,0.03949761390686035,25.317985090393265,,31.383000081405044,,0,,,0,0,,,no_face,0,0.004900037311017513,1,,0,,0,31.25,1,hover,0.011499971151351929,1
1790161512.6603425,,0.008213520050048828,121.75047895500725,,0.1265000319108367,,0,,,0,0,,,no_face,0,0.0074999406933784485,1,,0,,0,,0,hover,0.017900019884109497,1
1790161512.701828,,0.04148554801940918,24.10477980264708,,37.89969999343157,,0,,,0,0,,,no_face,0,0.007999944500625134,1,8.285799995064735,1,,0,29.45310005452484,1,hover,0.016400008462369442,1
1790161512.741175,,0.039346933364868164,25.414941254173407,,0.11309992987662554,,0,,,0,0,,,no_face,0,0.004599918611347675,1,,0,,0,,0,hover,0.01109996810555458,1
1790161512.7736437,,0.03246879577636719,30.79880162133584,,26.61419997457415,,0,,,0,0,,,no_face,0,0.004400033503770828,1,,0,,0,26.50160004850477,1,hover,0.010200077667832375,1
1790161512.7829633,,0.009319543838500977,107.30138913760905,,0.11909997556358576,,0,,,0,0,,,no_face,0,0.004599918611347675,1,,0,,0,,0,hover,0.012300093658268452,1
1790161512.8223436,,0.03938031196594238,25.39339964764217,,44.035399914719164,,0,,,0,0,,,no_face,0,0.005599926225841045,1,7.478500017896295,1,,0,36.43359988927841,1,hover,0.013299984857439995,1
1790161512.885208,,0.06286430358886719,15.907278740253041,,0.1501999795436859,,0,,,0,0,,,no_face,0,0.004699919372797012,1,,0,,0,,0,hover,0.013199984095990658,1
1790161512.9101863,,0.0249783992767334,40.03459104489009,,27.092100004665554,,0,,,0,0,,,no_face,0,0.004500034265220165,1,,0,,0,26.975000044330955,1,hover,0.011399970389902592,1
1790161512.930682,,0.02049565315246582,48.79083347874135,,0.16980001237243414,,0,,,0,0,,,no_face,0,0.00700005330145359,1,,0,,0,,0,hover,0.01919991336762905,1
1790161512.973624,,0.042942047119140625,23.287199076130406,,35.249299951829016,,0,,,0,0,,,no_face,0,0.004999921657145023,1,7.703699986450374,1,,0,27.430800022557378,1,hover,0.011300086043775082,1
1790161513.0133765,,0.03975248336791992,25.155661112910384,,0.11909997556358576,,0,,,0,0,,,no_face,0,0.004699919372797012,1,,0,,0,,0,hover,0.01279998105019331,1
1790161513.0536397,,0.04026317596435547,24.836590160828063,,34.855599980801344,,0,,,0,0,,,no_face,0,0.00500003807246685,1,,0,,0,34.80829996988177,1,hover,0.012999982573091984,1
1790161513.0656269,,0.01198720932006836,83.422252277338,,0.08479994721710682,,0,,,0,0,,,no_face,0,0.008899951353669167,1,,0,,0,,0,hover,0.020600040443241596,1
1790161513.1035962,,0.037969350814819336,26.337031804338952,,40.69499997422099,,0,,,0,0,,,no_face,0,0.005400041118264198,1,7.429799996316433,1,,0,33.22500002104789,1,hover,0.012299977242946625,1
1790161513.141391,,0.03779482841491699,26.45864637938974,,0.05559995770454407,,0,,,0,0,,,no_face,0,0.004699919372797012,1,,0,,0,,0,hover,0.012400094419717789,1
1790161513.173657,,0.03226590156555176,30.992470424804,,30.71379999164492,,0,,,0,0,,,no_face,0,0.004700035788118839,1,,0,,0,30.671500018797815,1,hover,0.011499971151351929,1
1790161513.1881046,,0.014447689056396484,69.21522162447606,,0.05040003452450037,,0,,,0,0,,,no_face,0,0.004800036549568176,1,,0,,0,,0,hover,0.011999974958598614,1
1790161513.2284274,,0.04032278060913086,24.799877014770054,,34.93810002692044,,0,,,0,0,,,no_face,0,0.005100038833916187,1,7.355300011113286,1,,0,27.543199947103858,1,hover,0.011699972674250603,1
1790161513.2851894,,0.056761980056762695,17.617426294854187,,0.05619996227324009,,0,,,0,0,,,no_face,0,0.005100038833916187,1,,0,,0,,0,hover,0.012899981811642647,1
1790161513.308419,,0.023229598999023438,43.04852615157238,,28.632399975322187,,0,,,0,0,,,no_face,0,0.004700035788118839,1,,0,,0,28.589699999429286,1,hover,0.011499971151351929,1
1790161513.330435,,0.022016048431396484,45.421411708648286,,0.0475000124424696,,0,,,0,0,,,no_face,0,0.004900037311017513,1,,0,,0,,0,hover,0.010899966582655907,1
1790161513.3739858,,0.043550729751586914,22.96172775299045,,34.63329991791397,,0,,,0,0,,,no_face,0,0.0078000593930482864,1,7.346299942582846,1,,0,27.229500003159046,1,hover,0.017200014553964138,1
1790161513.4142559,,0.040270090103149414,24.832325863651164,,0.059200101532042027,,0,,,0,0,,,no_face,0,0.00500003807246685,1,,0,,0,,0,hover,0.013499986380338669,1
1790161513.4384234,,0.024167537689208984,41.37781899256161,,27.070699958130717,,0,,,0,0,,,no_face,0,0.008300063200294971,1,,0,,0,27.016000007279217,1,hover,0.019499915651977062,1
1790161513.4581015,,0.019678115844726562,50.8178734128138,,0.05079992115497589,,0,,,0,0,,,no_face,0,0.004399917088449001,1,,0,,0,,0,hover,0.01170008908957243,1
1790161513.4894161,,0.03131461143493652,31.933974402899278,,36.56929999124259,,0,,,0,0,,,no_face,0,0.004699919372797012,1,7.215499994345009,1,,0,29.31680006440729,1,hover,0.011300086043775082,1
1790161513.5412667,,0.05185055732727051,19.286195781622883,,0.05439994856715202,,0,,,0,0,,,no_face,0,0.00509992241859436,1,,0,,0,,0,hover,0.012499978765845299,1
1790161513.5743716,,0.033104896545410156,30.20701178232939,,27.994600008241832,,0,,,0,0,,,no_face,0,0.004600035026669502,1,,0,,0,27.953599928878248,1,hover,0.01109996810555458,1
1790161513.5849817,,0.010610103607177734,94.24978652644825,,0.07990002632141113,,0,,,0,0,,,no_face,0,0.007999944500625134,1,,0,,0,,0,hover,0.019300030544400215,1
1790161513.618655,,0.03367328643798828,29.697131043076837,,38.92660001292825,,0,,,0,0,,,no_face,0,0.005299923941493034,1,7.31330004055053,1,,0,31.57470002770424,1,hover,0.011699972674250603,1
1790161513.684758,,0.06610298156738281,15.12791066739764,,0.1490000868216157,,0,,,0,0,,,no_face,0,0.009999959729611874,1,,0,,0,,0,hover,0.023700064048171043,1
1790161513.7252312,,0.040473222732543945,24.707693938983372,,34.55450001638383,,0,,,0,0,,,no_face,0,0.004400033503770828,1,,0,,0,34.51189992483705,1,hover,0.011999974958598614,1
1790161513.7363315,,0.011100292205810547,90.08771854461102,,0.0510999234393239,,0,,,0,0,,,no_face,0,0.004299916326999664,1,,0,,0,,0,hover,0.011600088328123093,1
1790161513.7748718,,0.03854036331176758,25.946823383854007,,44.20649993699044,,0,,,0,0,,,no_face,0,0.005699926987290382,1,7.423800067044795,1,,0,36.74209991004318,1,hover,0.012699980288743973,1
1790161513.814002,,0.039130210876464844,25.555701786454144,,0.06180000491440296,,0,,,0,0,,,no_face,0,0.004600035026669502,1,,0,,0,,0,hover,0.01179997343569994,1
1790161513.8526237,,0.03862166404724121,25.892203887870313,,34.82609998900443,,0,,,0,0,,,no_face,0,0.004800036549568176,1,,0,,0,34.781299997121096,1,hover,0.01179997343569994,1
1790161513.8654468,,0.012823104858398438,77.98423322921315,,0.04600000102072954,,0,,,0,0,,,no_face,0,0.004700035788118839,1,,0,,0,,0,hover,0.01079996582120657,1
1790161513.9065406,,0.04109382629394531,24.334555581341377,,37.999199936166406,,0,,,0,0,,,no_face,0,0.00509992241859436,1,7.163699949160218,1,,0,30.793300014920533,1,hover,0.01279998105019331,1
1790161513.9413598,,0.03481912612915039,28.719847715040878,,0.056299963034689426,,0,,,0,0,,,no_face,0,0.005100038833916187,1,,0,,0,,0,hover,0.012899981811642647,1
1790161513.9749045,,0.03354477882385254,29.810898597695758,,26.931599946692586,,0,,,0,0,,,no_face,0,0.004700035788118839,1,,0,,0,26.888599968515337,1,hover,0.012299977242946625,1
1790161513.9850445,,0.010139942169189453,98.61989184105337,,0.07939990609884262,,0,,,0,0,,,no_face,0,0.00700005330145359,1,,0,,0,,0,hover,0.019200029782950878,1
1790161514.0229287,,0.03788423538208008,26.39620385404473,,34.60619994439185,,0,,,0,0,,,no_face,0,0.005500041879713535,1,7.706300006248057,1,,0,26.824599946849048,1,hover,0.01209997572004795,1
1790161514.0688012,,0.04587244987487793,21.799576929673655,,0.16569998115301132,,0,,,0,0,,,no_face,0,0.009500072337687016,1,,0,,0,,0,hover,0.02189993392676115,1
1790161514.0914512,,0.02265000343322754,44.15010368311913,,27.21400000154972,,0,,,0,0,,,no_face,0,0.004400033503770828,1,,0,,0,27.139000012539327,1,hover,0.010699965059757233,1
1790161514.1137462,,0.022294998168945312,44.85310976131406,,0.11829996947199106,,0,,,0,0,,,no_face,0,0.004699919372797012,1,,0,,0,,0,hover,0.012899981811642647,1
1790161514.1529932,,0.03924703598022461,25.47963113708433,,35.69299995433539,,0,,,0,0,,,no_face,0,0.005100038833916187,1,7.958300062455237,1,,0,27.653599972836673,1,hover,0.012399978004395962,1
1790161514.2138739,,0.06088066101074219,16.425577242394812,,0.1273000380024314,,0,,,0,0,,,no_face,0,0.004100031219422817,1,,0,,0,,0,hover,0.011999974958598614,1
1790161514.237561,,0.023687124252319336,42.21702851506276,,27.302300091832876,,0,,,0,0,,,no_face,0,0.005300040356814861,1,,0,,0,27.217900031246245,1,hover,0.01209997572004795,1
1790161514.258269,,0.020708084106445312,48.29031960946855,,0.08379993960261345,,0,,,0,0,,,no_face,0,0.0038999132812023163,1,,0,,0,,0,hover,0.011100084520876408,1
1790161514.2925642,,0.034295082092285156,29.158699702455436,,34.88200006540865,,0,,,0,0,,,no_face,0,0.005300040356814861,1,7.334999972954392,1,,0,27.46740006841719,1,hover,0.012399978004395962,1
1790161514.3409216,,0.048357486724853516,20.67932119156321,,0.08669996168464422,,0,,,0,0,,,no_face,0,0.00400003045797348,1,,0,,0,,0,hover,0.011599971912801266,1
1790161514.3757243,,0.03480267524719238,28.7334233043097,,26.537600089795887,,0,,,0,0,,,no_face,0,0.004800036549568176,1,,0,,0,26.49409999139607,1,hover,0.011599971912801266,1
1790161514.3838606,,0.008136272430419922,122.90640567309383,,0.09709992446005344,,0,,,0,0,,,no_face,0,0.0078000593930482864,1,,0,,0,,0,hover,0.01910002902150154,1
1790161514.424014,,0.04015350341796875,24.904427132813986,,40.87010002695024,,0,,,0,0,,,no_face,0,0.004699919372797012,1,7.154799997806549,1,,0,33.678000094369054,1,hover,0.011500087566673756,1
1790161514.4691231,,0.04510903358459473,22.16850862310453,,0.04810001701116562,,0,,,0,0,,,no_face,0,0.0038999132812023163,1,,0,,0,,0,hover,0.01070008147507906,1
1790161514.4935017,,0.024378538131713867,41.019686849028375,,26.935999980196357,,0,,,0,0,,,no_face,0,0.004699919372797012,1,,0,,0,26.894600014202297,1,hover,0.01100008375942707,1
1790161514.5117092,,0.018207550048828125,54.92227110831762,,0.049600028432905674,,0,,,0,0,,,no_face,0,0.004299916326999664,1,,0,,0,,0,hover,0.011400086805224419,1
1790161514.5468996,,0.03519034385681152,28.41688629326757,,36.35990002658218,,0,,,0,0,,,no_face,0,0.008299946784973145,1,7.291899994015694,1,,0,29.00990005582571,1,hover,0.019200029782950878,1
1790161514.6131973,,0.06629776954650879,15.083463694785182,,0.07920002099126577,,0,,,0,0,,,no_face,0,0.008399947546422482,1,,0,,0,,0,hover,0.01880002673715353,1
1790161514.6415658,,0.028368473052978516,35.25039920662935,,28.57850003056228,,0,,,0,0,,,no_face,0,0.004500034265220165,1,,0,,0,28.53839995805174,1,hover,0.010499963536858559,1
1790161514.6598408,,0.018275022506713867,54.719494853296105,,0.0771000050008297,,0,,,0,0,,,no_face,0,0.007400056347250938,1,,0,,0,,0,hover,0.01919991336762905,1
1790161514.693721,,0.03388023376464844,29.51573495468108,,37.2878999914974,,0,,,0,0,,,no_face,0,0.005199923180043697,1,8.064000052399933,1,,0,29.18299997691065,1,hover,0.012300093658268452,1
1790161514.741369,,0.047647953033447266,20.987260445334,,0.05779997445642948,,0,,,0,0,,,no_face,0,0.005600042641162872,1,,0,,0,,0,hover,0.01309998333454132,1
1790161514.7760134,,0.034644365310668945,28.864722763214942,,31.07830008957535,,0,,,0,0,,,no_face,0,0.004400033503770828,1,,0,,0,31.036200001835823,1,hover,0.011199968867003918,1
1790161514.7892597,,0.013246297836303711,75.49279144693028,,0.05509995389729738,,0,,,0,0,,,no_face,0,0.005699926987290382,1,,0,,0,,0,hover,0.01309998333454132,1
1790161514.828522,,0.03926229476928711,25.46972880409041,,32.88690000772476,,0,,,0,0,,,no_face,0,0.004800036549568176,1,7.395799970254302,1,,0,25.39460000116378,1,hover,0.01279998105019331,1
1790161514.8690019,,0.04047989845275879,24.70361928321112,,0.09810004848986864,,0,,,0,0,,,no_face,0,0.004200031980872154,1,,0,,0,,0,hover,0.011299969628453255,1
1790161514.8988652,,0.029863357543945312,33.485852973111065,,27.340700034983456,,0,,,0,0,,,no_face,0,0.004299916326999664,1,,0,,0,27.24550000857562,1,hover,0.01100008375942707,1
1790161514.912629,,0.013763666152954102,72.65506071471877,,0.11999998241662979,,0,,,0,0,,,no_face,0,0.007500057108700275,1,,0,,0,,0,hover,0.019600032828748226,1
1790161514.9520702,,0.03944134712219238,25.354103573134093,,34.47359998244792,,0,,,0,0,,,no_face,0,0.004700035788118839,1,7.801900035701692,1,,0,26.57809993252158,1,hover,0.010899966582655907,1
1790161515.0131004,,0.06103014945983887,16.385344110259044,,0.12529990635812283,,0,,,0,0,,,no_face,0,0.004900037311017513,1,,0,,0,,0,hover,0.012299977242946625,1
1790161515.0381396,,0.025039196014404297,39.937384547999464,,26.826900080777705,,0,,,0,0,,,no_face,0,0.004700035788118839,1,,0,,0,26.72840002924204,1,hover,0.011399970389902592,1
1790161515.0572476,,0.019108057022094727,52.3339447251856,,0.08839997462928295,,0,,,0,0,,,no_face,0,0.003600027412176132,1,,0,,0,,0,hover,0.009999959729611874,1
1790161515.0948806,,0.03763294219970703,26.57246395174983,,37.13620000053197,,0,,,0,0,,,no_face,0,0.005199923180043697,1,7.774099940434098,1,,0,29.2721000732854,1,hover,0.011999974958598614,1
1790161515.1411285,,0.04624795913696289,21.622575756013568,,0.09240000508725643,,0,,,0,0,,,no_face,0,0.004100031219422817,1,,0,,0,,0,hover,0.011299969628453255,1
1790161515.16479,,0.023661375045776367,42.262970688108986,,27.54310006275773,,0,,,0,0,,,no_face,0,0.004800036549568176,1,,0,,0,27.444500010460615,1,hover,0.011999974958598614,1
1790161515.1848743,,0.020084381103515625,49.78993352326685,,0.16050005797296762,,0,,,0,0,,,no_face,0,0.006500049494206905,1,,0,,0,,0,hover,0.01789990346878767,1
1790161515.2170174,,0.03214311599731445,31.110860567579998,,36.19899996556342,,0,,,0,0,,,no_face,0,0.00500003807246685,1,8.968899957835674,1,,0,27.139300014823675,1,hover,0.01109996810555458,1
1790161515.26945,,0.05243253707885742,19.072126883656637,,0.14590006321668625,,0,,,0,0,,,no_face,0,0.0078000593930482864,1,,0,,0,,0,hover,0.018399907276034355,1
1790161515.2954798,,0.02602982521057129,38.41746888080823,,27.795900008641183,,0,,,0,0,,,no_face,0,0.004399917088449001,1,,0,,0,27.70320000126958,1,hover,0.011400086805224419,1
1790161515.313027,,0.017547130584716797,56.98937471126933,,0.1265000319108367,,0,,,0,0,,,no_face,0,0.004600035026669502,1,,0,,0,,0,hover,0.012899981811642647,1
1790161515.3524227,,0.039395809173583984,25.383410595625705,,34.243499976582825,,0,,,0,0,,,no_face,0,0.004399917088449001,1,7.3194000869989395,1,,0,26.838199933990836,1,hover,0.01200009137392044,1
1790161515.3970284,,0.04460573196411133,22.418643433641563,,0.13129995204508305,,0,,,0,0,,,no_face,0,0.006399932317435741,1,,0,,0,,0,hover,0.016300007700920105,1
1790161515.4329734,,0.03594493865966797,27.820328460375155,,28.80259999074042,,0,,,0,0,,,no_face,0,0.005999929271638393,1,,0,,0,28.695299988612533,1,hover,0.01379998866468668,1
1790161515.4456205,,0.012647151947021484,79.06918523545602,,0.11170003563165665,,0,,,0,0,,,no_face,0,0.004900037311017513,1,,0,,0,,0,hover,0.011899974197149277,1
1790161515.5633895,,0.11776900291442871,8.49119866223715,,33.60289998818189,,0,,,0,0,,,no_face,0,0.005600042641162872,1,7.405400043353438,1,,0,26.097399997524917,1,hover,0.013399985618889332,1
1790161515.5828643,,0.01947474479675293,51.34855477884015,,0.1058999914675951,,0,,,0,0,,,no_face,0,0.00509992241859436,1,,0,,0,,0,hover,0.012499978765845299,1
1790161515.6963844,,0.11352014541625977,8.80900915280864,,28.33689993713051,,0,,,0,0,,,no_face,0,0.004799920134246349,1,,0,,0,28.235899982973933,1,hover,0.011400086805224419,1
1790161515.7054217,,0.009037256240844727,110.65305368684871,,0.12400001287460327,,0,,,0,0,,,no_face,0,0.005299923941493034,1,,0,,0,,0,hover,0.014299992471933365,1
1790161515.733453,,0.028031349182128906,35.67434423161977,,32.44600002653897,,0,,,0,0,,,no_face,0,0.004500034265220165,1,7.624499965459108,1,,0,24.713000049814582,1,hover,0.011899974197149277,1
1790161515.755854,,0.022400856018066406,44.64115117714675,,0.18279999494552612,,0,,,0,0,,,no_face,0,0.00700005330145359,1,,0,,0,,0,hover,0.018700025975704193,1
1790161515.8179727,,0.0621187686920166,16.098194169913068,,25.719699915498495,,0,,,0,0,,,no_face,0,0.00500003807246685,1,,0,,0,25.60499997343868,1,hover,0.011599971912801266,1
1790161515.8305101,,0.012537479400634766,79.7608488951432,,0.11410005390644073,,0,,,0,0,,,no_face,0,0.004900037311017513,1,,0,,0,,0,hover,0.01279998105019331,1
1790161515.8711035,,0.04059338569641113,24.634555182925038,,32.762099988758564,,0,,,0,0,,,no_face,0,0.004400033503770828,1,7.942300057038665,1,,0,24.70279997214675,1,hover,0.010999967344105244,1
1790161515.9418645,,0.07076096534729004,14.132085325462528,,0.20389992278069258,,0,,,0,0,,,no_face,0,0.0067999353632330894,1,,0,,0,,0,hover,0.018300022929906845,1
1790161515.981248,,0.0393834114074707,25.391401208334848,,31.152599956840277,,0,,,0,0,,,no_face,0,0.007300055585801601,1,,0,,0,30.989899998530746,1,hover,0.016900012269616127,1
1790161516.0694485,,0.08820056915283203,11.337795318159701,,0.17719995230436325,,0,,,0,0,,,no_face,0,0.004999921657145023,1,,0,,0,,0,hover,0.012500095181167126,1
1790161516.11885,,0.04940152168273926,20.242291450495884,,44.45849999319762,,0,,,0,0,,,no_face,0,0.004700035788118839,1,7.872299989685416,1,,0,36.38980002142489,1,hover,0.01209997572004795,1
1790161516.1306608,,0.011810779571533203,84.668416165368,,0.19399996381253004,,0,,,0,0,,,no_face,0,0.0075999414548277855,1,,0,,0,,0,hover,0.019400031305849552,1
1790161516.1545856,,0.023924827575683594,41.797584406266196,,27.983399922959507,,0,,,0,0,,,no_face,0,0.006700051017105579,1,,0,,0,27.788199950009584,1,hover,0.018300022929906845,1
1790161516.1968584,,0.04227280616760254,23.655869828826035,,0.18580001778900623,,0,,,0,0,,,no_face,0,0.0069999368861317635,1,,0,,0,,0,hover,0.01170008908957243,1
1790161516.250443,,0.05358457565307617,18.66208676307008,,45.77399999834597,,0,,,0,0,,,no_face,0,0.01079996582120657,1,7.440199959091842,1,,0,38.07120001874864,1,hover,0.023600063286721706,1
1790161516.2622144,,0.011771440505981445,84.95137018208332,,0.19890000112354755,,0,,,0,0,,,no_face,0,0.005499925464391708,1,,0,,0,,0,hover,0.01409999094903469,1
1790161516.3619537,,0.09973931312561035,10.026136822705139,,28.130899998359382,,0,,,0,0,,,no_face,0,0.004600035026669502,1,,0,,0,27.995800017379224,1,hover,0.011699972674250603,1
1790161516.3768544,,0.014900684356689453,67.11101155236967,,0.1900999341160059,,0,,,0,0,,,no_face,0,0.0071999384090304375,1,,0,,0,,0,hover,0.0171000137925148,1
1790161516.4983356,,0.12148118019104004,8.23172773286702,,39.27500010468066,,0,,,0,0,,,no_face,0,0.00500003807246685,1,7.256499957293272,1,,0,31.898200046271086,1,hover,0.011999974958598614,1
1790161516.5159163,,0.017580747604370117,56.88040250071197,,0.11869997251778841,,0,,,0,0,,,no_face,0,0.00500003807246685,1,,0,,0,,0,hover,0.011399970389902592,1
1790161516.5479214,,0.03200507164001465,31.245048011382682,,29.314099927432835,,0,,,0,0,,,no_face,0,0.007100054062902927,1,,0,,0,29.14919995237142,1,hover,0.017200014553964138,1
1790161516.562507,,0.014585494995117188,68.5612658558912,,0.12420001439750195,,0,,,0,0,,,no_face,0,0.004600035026669502,1,,0,,0,,0,hover,0.011899974197149277,1
1790161516.6199074,,0.05740046501159668,17.421461651886773,,33.080700086429715,,0,,,0,0,,,no_face,0,0.005200039595365524,1,7.152799982577562,1,,0,25.79480002168566,1,hover,0.013199984095990658,1
1790161516.6386712,,0.01876378059387207,53.294163987751105,,0.1406000228598714,,0,,,0,0,,,no_face,0,0.004999921657145023,1,,0,,0,,0,hover,0.013699987903237343,1
1790161516.663222,,0.024550914764404297,40.73167984151339,,29.790400061756372,,0,,,0,0,,,no_face,0,0.004100031219422817,1,,0,,0,29.668400064110756,1,hover,0.010899966582655907,1
1790161516.7248073,,0.061585187911987305,16.237670678688538,,0.24289998691529036,,0,,,0,0,,,no_face,0,0.005899928510189056,1,,0,,0,,0,search_360,0.02510007470846176,1
1790161516.7641566,,0.03934931755065918,25.41340135601025,,34.41019996535033,,0,,,0,0,,,no_face,0,0.0070999376475811005,1,7.746599963866174,1,,0,26.49409999139607,1,search_360,0.013499986380338669,1
1790161516.8691716,,0.10501503944396973,9.522445597266525,,0.05119992420077324,,0,,,0,0,,,no_face,0,0.004600035026669502,1,,0,,0,,0,search_360,0.00800006091594696,1
1790161516.8989537,,0.02978205680847168,33.577264539887125,,33.93759997561574,,0,,,0,0,,,no_face,0,0.004700035788118839,1,,0,,0,33.89919991604984,1,search_360,0.00809994526207447,1
1790161516.9201705,,0.021216869354248047,47.132307000786604,,0.044199987314641476,,0,,,0,0,,,no_face,0,0.004500034265220165,1,,0,,0,,0,search_360,0.007899943739175797,1
1790161516.9593267,,0.039156198501586914,25.53874069157843,,36.687999963760376,,0,,,0,0,,,no_face,0,0.004800036549568176,1,7.490399992093444,1,,0,29.16079992428422,1,search_360,0.00909995287656784,1
1790161516.996911,,0.03758430480957031,26.606851053032226,,0.07650000043213367,,0,,,0,0,,,no_face,0,0.007400056347250938,1,,0,,0,,0,search_360,0.013899989426136017,1
1790161517.0204294,,0.02351832389831543,42.52003690074309,,29.16819998063147,,0,,,0,0,,,no_face,0,0.004800036549568176,1,,0,,0,29.124599997885525,1,search_360,0.009899958968162537,1
1790161517.0438056,,0.0233762264251709,42.77850418676757,,0.07469998672604561,,0,,,0,0,,,no_face,0,0.007400056347250938,1,,0,,0,,0,search_360,0.013999990187585354,1
1790161517.1562107,,0.11240506172180176,8.896396520602977,,42.57699998561293,,0,,,0,0,,,no_face,0,0.005200039595365524,1,7.205099915154278,1,,0,35.33620003145188,1,search_360,0.008599949069321156,1
1790161517.1758137,,0.01960301399230957,51.01256370027122,,0.05080003757029772,,0,,,0,0,,,no_face,0,0.005299923941493034,1,,0,,0,,0,search_360,0.009200070053339005,1
1790161517.1996307,,0.023817062377929688,41.9867061744214,,29.879300040192902,,0,,,0,0,,,no_face,0,0.004600035026669502,1,,0,,0,29.838700080290437,1,search_360,0.008999952115118504,1
1790161517.2228467,,0.02321600914001465,43.07372528883184,,0.04199997056275606,,0,,,0,0,,,no_face,0,0.00400003045797348,1,,0,,0,,0,search_360,0.0071999384090304375,1
1790161517.2999022,,0.07705545425415039,12.977666664603921,,35.49000003840774,,0,,,0,0,,,no_face,0,0.00500003807246685,1,7.900899974629283,1,,0,27.55170001182705,1,search_360,0.00909995287656784,1
1790161517.3121295,,0.012227296829223633,81.7842254070391,,0.04830001853406429,,0,,,0,0,,,no_face,0,0.004500034265220165,1,,0,,0,,0,search_360,0.008599949069321156,1
1790161517.4214063,,0.10927677154541016,9.151075620718244,,28.755900100804865,,0,,,0,0,,,no_face,0,0.003800028935074806,1,,0,,0,28.718900051899254,1,search_360,0.00800006091594696,1
1790161517.4334614,,0.012055158615112305,82.95204002927042,,0.050999922677874565,,0,,,0,0,,,no_face,0,0.004799920134246349,1,,0,,0,,0,search_360,0.00900006853044033,1
1790161517.4728632,,0.03940176963806152,25.379570744812813,,34.176900051534176,,0,,,0,0,,,no_face,0,0.005500041879713535,1,7.564700092189014,1,,0,26.571900001727045,1,search_360,0.009199953638017178,1
1790161517.5246508,,0.051787614822387695,19.30963616358137,,0.07349997758865356,,0,,,0,0,,,no_face,0,0.00809994526207447,1,,0,,0,,0,search_360,0.014499993994832039,1
1790161517.5793092,,0.05465841293334961,18.295445226691793,,54.227299988269806,,0,,,0,0,,,no_face,0,0.004899920895695686,1,,0,,0,54.189100046642125,1,search_360,0.007700058631598949,1
1790161517.5965168,,0.017207622528076172,58.11378058580652,,0.04870002157986164,,0,,,0,0,,,no_face,0,0.004600035026669502,1,,0,,0,,0,search_360,0.008699949830770493,1
1790161517.6584918,,0.06197500228881836,16.135537927691562,,55.17690000124276,,0,,,0,0,,,no_face,0,0.004999921657145023,1,8.553600055165589,1,,0,46.58660001587123,1,search_360,0.00870006624609232,1
1790161517.670174,,0.01168203353881836,85.60153475652068,,0.05139992572367191,,0,,,0,0,,,no_face,0,0.004399917088449001,1,,0,,0,,0,search_360,0.008600065484642982,1
1790161517.701394,,0.031220197677612305,32.03054670973753,,29.677500016987324,,0,,,0,0,,,no_face,0,0.004500034265220165,1,,0,,0,29.626599978655577,1,search_360,0.009399955160915852,1
1790161517.796856,,0.09546184539794922,10.475389364529116,,0.05080003757029772,,0,,,0,0,,,no_face,0,0.004700035788118839,1,,0,,0,,0,search_360,0.00879995059221983,1
1790161517.8370202,,0.04016423225402832,24.897774559096764,,32.66820008866489,,0,,,0,0,,,no_face,0,0.007700058631598949,1,7.241399958729744,1,,0,25.373100070282817,1,search_360,0.013999990187585354,1
1790161517.8469775,,0.009957313537597656,100.42869456948569,,0.04939991049468517,,0,,,0,0,,,no_face,0,0.005600042641162872,1,,0,,0,,0,search_360,0.009199953638017178,1
1790161517.9409842,,0.09400677680969238,10.637530973159555,,27.465499937534332,,0,,,0,0,,,no_face,0,0.004799920134246349,1,,0,,0,27.42609998676926,1,search_360,0.008200062438845634,1
1790161517.9623778,,0.021393537521362305,46.74308767315643,,0.048200017772614956,,0,,,0,0,,,no_face,0,0.004700035788118839,1,,0,,0,,0,search_360,0.008299946784973145,1
1790161518.0026944,,0.04031658172607422,24.803690124186872,,33.29309995751828,,0,,,0,0,,,no_face,0,0.00509992241859436,1,7.500800071284175,1,,0,25.752799934707582,1,search_360,0.00970007386058569,1
1790161518.0127535,,0.010059118270874023,99.41229172098315,,0.06990006659179926,,0,,,0,0,,,no_face,0,0.006700051017105579,1,,0,,0,,0,search_360,0.014299992471933365,1
1790161518.0711138,,0.05836033821105957,17.13492468778214,,25.70879994891584,,0,,,0,0,,,no_face,0,0.004199915565550327,1,,0,,0,25.671100011095405,1,search_360,0.008200062438845634,1
1790161518.08659,,0.015476226806640625,64.615232930737,,0.07340009324252605,,0,,,0,0,,,no_face,0,0.007600057870149612,1,,0,,0,,0,search_360,0.014399993233382702,1
1790161518.2215974,,0.13500738143920898,7.407002412310909,,36.05479991529137,,0,,,0,0,,,no_face,0,0.004899920895695686,1,7.052499917335808,1,,0,28.968999977223575,1,search_360,0.008300063200294971,1
1790161518.2406774,,0.019079923629760742,52.41111124995314,,0.052999937906861305,,0,,,0,0,,,no_face,0,0.005600042641162872,1,,0,,0,,0,search_360,0.009699957445263863,1
1790161518.264489,,0.02381157875061035,41.996375396753876,,29.566499986685812,,0,,,0,0,,,no_face,0,0.004499917849898338,1,,0,,0,29.53020005952567,1,search_360,0.0078000593930482864,1
1790161518.3247209,,0.060231924057006836,16.602491380709413,,0.04740001168102026,,0,,,0,0,,,no_face,0,0.004500034265220165,1,,0,,0,,0,search_360,0.008200062438845634,1
1790161518.3648562,,0.04013538360595703,24.91567066650826,,35.12899996712804,,0,,,0,0,,,no_face,0,0.010900082997977734,1,8.611400029622018,1,,0,26.473599951714277,1,search_360,0.009899958968162537,1
1790161518.3764918,,0.011635541915893555,85.94356904288671,,0.0673000467941165,,0,,,0,0,,,no_face,0,0.0074999406933784485,1,,0,,0,,0,search_360,0.01400010660290718,1
1790161518.40057,,0.0240781307220459,41.53146319969106,,27.496900060214102,,0,,,0,0,,,no_face,0,0.004600035026669502,1,,0,,0,27.457499993033707,1,search_360,0.00879995059221983,1
1790161518.4530733,,0.052503347396850586,19.046404650001136,,0.0513000413775444,,0,,,0,0,,,no_face,0,0.004600035026669502,1,,0,,0,,0,search_360,0.008899951353669167,1
1790161518.4921944,,0.039121150970458984,25.56162012603147,,36.5943000651896,,0,,,0,0,,,no_face,0,0.004900037311017513,1,8.480199961923063,1,,0,28.07630004826933,1,search_360,0.009399955160915852,1
1790161518.5052335,,0.013039112091064453,76.69233863594808,,0.03600004129111767,,0,,,0,0,,,no_face,0,0.004100031219422817,1,,0,,0,,0,search_360,0.0075999414548277855,1
1790161518.5375075,,0.03227400779724121,30.98468607563143,,26.886200066655874,,0,,,0,0,,,no_face,0,0.004500034265220165,1,,0,,0,26.851600036025047,1,search_360,0.008599949069321156,1
1790161518.5971355,,0.05962800979614258,16.770641908371918,,0.046600005589425564,,0,,,0,0,,,no_face,0,0.00500003807246685,1,,0,,0,,0,search_360,0.00970007386058569,1
1790161518.6375492,,0.040413618087768555,24.744134460523753,,35.02850001677871,,0,,,0,0,,,no_face,0,0.005599926225841045,1,7.80799996573478,1,,0,27.187000028789043,1,search_360,0.00970007386058569,1
1790161518.649184,,0.01163482666015625,85.9488524590164,,0.04390010144561529,,0,,,0,0,,,no_face,0,0.004900037311017513,1,,0,,0,,0,search_360,0.008899951353669167,1
1790161518.6730983,,0.023914337158203125,41.815919604402616,,27.96820004004985,,0,,,0,0,,,no_face,0,0.004600035026669502,1,,0,,0,27.932099997997284,1,search_360,0.008999952115118504,1
1790161518.7249944,,0.051896095275878906,19.269272470000185,,0.07830001413822174,,0,,,0,0,,,no_face,0,0.008299946784973145,1,,0,,0,,0,search_360,0.01750001683831215,1
1790161518.7648845,,0.03989005088806152,25.068907603206007,,34.77769996970892,,0,,,0,0,,,no_face,0,0.005200039595365524,1,7.697800057940185,1,,0,27.04670000821352,1,search_360,0.0097999582067132,1
1790161518.777399,,0.012514591217041016,79.90672509049342,,0.055999960750341415,,0,,,0,0,,,no_face,0,0.0068999361246824265,1,,0,,0,,0,search_360,0.013300101272761822,1
1790161518.8013859,,0.02398681640625,41.68956743002545,,26.5829999698326,,0,,,0,0,,,no_face,0,0.004400033503770828,1,,0,,0,26.549699949100614,1,search_360,0.008599949069321156,1
1790161518.853413,,0.052027225494384766,19.220705899604983,,0.06890005897730589,,0,,,0,0,,,no_face,0,0.0072999391704797745,1,,0,,0,,0,search_360,0.014599994756281376,1
1790161518.8938313,,0.040418148040771484,24.74136120713047,,32.046300009824336,,0,,,0,0,,,no_face,0,0.004999921657145023,1,6.808300036936998,1,,0,25.20809997804463,1,search_360,0.008800067007541656,1
1790161518.9036014,,0.00977015495300293,102.35252202347544,,0.06029999349266291,,0,,,0,0,,,no_face,0,0.00609993003308773,1,,0,,0,,0,search_360,0.014200108125805855,1
1790161518.939096,,0.03549456596374512,28.173326616288833,,27.3847000207752,,0,,,0,0,,,no_face,0,0.00509992241859436,1,,0,,0,27.34440006315708,1,search_360,0.010600080713629723,1
1790161518.9970253,,0.057929277420043945,17.262428335658694,,0.04949991125613451,,0,,,0,0,,,no_face,0,0.005999929271638393,1,,0,,0,,0,search_360,0.009300070814788342,1
1790161519.037854,,0.040828704833984375,24.492572176025412,,35.40920000523329,,0,,,0,0,,,no_face,0,0.004300032742321491,1,8.137400029227138,1,,0,27.243299991823733,1,search_360,0.008299946784973145,1
1790161519.0488753,,0.01102137565612793,90.73277521794623,,0.0350000336766243,,0,,,0,0,,,no_face,0,0.003800028935074806,1,,0,,0,,0,search_360,0.0076999422162771225,1
1790161519.088142,,0.03926658630371094,25.466945159566716,,31.85289993416518,,0,,,0,0,,,no_face,0,0.004700035788118839,1,,0,,0,31.81730001233518,1,search_360,0.008900067768990993,1
1790161519.1257715,,0.03762960433959961,26.57482100994741,,0.06390002090483904,,0,,,0,0,,,no_face,0,0.008100061677396297,1,,0,,0,,0,search_360,0.013999990187585354,1
1790161519.1660154,,0.04024386405944824,24.84850854586925,,36.30859998520464,,0,,,0,0,,,no_face,0,0.007700058631598949,1,8.242000010795891,1,,0,28.022299986332655,1,search_360,0.017399899661540985,1
1790161519.1801803,,0.014164924621582031,70.59691644785565,,0.036800047382712364,,0,,,0,0,,,no_face,0,0.004500034265220165,1,,0,,0,,0,search_360,0.0077999429777264595,1
1790161519.2036395,,0.023459196090698242,42.62720666700544,,27.326400042511523,,0,,,0,0,,,no_face,0,0.004800036549568176,1,,0,,0,27.291800011880696,1,search_360,0.00909995287656784,1
1790161519.2528887,,0.04924917221069336,20.304909810907894,,0.0727999722585082,,0,,,0,0,,,no_face,0,0.00809994526207447,1,,0,,0,,0,search_360,0.01580000389367342,1
1790161519.2923112,,0.03942251205444336,25.36621711521016,,34.376599942333996,,0,,,0,0,,,no_face,0,0.004900037311017513,1,7.6119001023471355,1,,0,26.733599952422082,1,search_360,0.009399955160915852,1
1790161519.3043408,,0.012029647827148438,83.12795306801966,,0.03879994619637728,,0,,,0,0,,,no_face,0,0.004500034265220165,1,,0,,0,,0,search_360,0.008300063200294971,1
1790161519.3385997,,0.03425884246826172,29.189544303092728,,26.78449999075383,,0,,,0,0,,,no_face,0,0.004499917849898338,1,,0,,0,26.747200055979192,1,search_360,0.009600073099136353,1
1790161519.381159,,0.04255938529968262,23.49657996605175,,0.04509999416768551,,0,,,0,0,,,no_face,0,0.005100038833916187,1,,0,,0,,0,search_360,0.009399955160915852,1
1790161519.4230394,,0.04188036918640137,23.877535452211387,,41.24499997124076,,0,,,0,0,,,no_face,0,0.006400048732757568,1,9.299399913288653,1,,0,31.90629999153316,1,search_360,0.01179997343569994,1
1790161519.4398277,,0.016788244247436523,59.5654903074629,,0.04600000102072954,,0,,,0,0,,,no_face,0,0.005200039595365524,1,,0,,0,,0,search_360,0.0097999582067132,1
1790161519.4636416,,0.023813962936401367,41.99217083988266,,27.757299947552383,,0,,,0,0,,,no_face,0,0.004799920134246349,1,,0,,0,27.719999896362424,1,search_360,0.00970007386058569,1
1790161519.5259836,,0.062341928482055664,16.040568913228878,,0.042100087739527225,,0,,,0,0,,,no_face,0,0.004700035788118839,1,,0,,0,,0,search_360,0.00879995059221983,1
1790161519.5643764,,0.03839278221130371,26.046562463128218,,34.73910002503544,,0,,,0,0,,,no_face,0,0.004300032742321491,1,7.225700072012842,1,,0,27.485899976454675,1,search_360,0.008399947546422482,1
1790161519.5780103,,0.013633966445922852,73.34622715747136,,0.03860006108880043,,0,,,0,0,,,no_face,0,0.004500034265220165,1,,0,,0,,0,search_360,0.00809994526207447,1
1790161519.6009014,,0.02289104461669922,43.68520601591468,,27.384900022298098,,0,,,0,0,,,no_face,0,0.004300032742321491,1,,0,,0,27.35049999319017,1,search_360,0.008999952115118504,1
1790161519.6527526,,0.05185127258300781,19.285929740665807,,0.07139996159821749,,0,,,0,0,,,no_face,0,0.008499948307871819,1,,0,,0,,0,search_360,0.015199999324977398,1
1790161519.692232,,0.03947925567626953,25.329758195038288,,37.307400023564696,,0,,,0,0,,,no_face,0,0.005200039595365524,1,8.994300034828484,1,,0,28.28219998627901,1,search_360,0.008999952115118504,1
1790161519.706134,,0.01390218734741211,71.93112673640884,,0.0366999302059412,,0,,,0,0,,,no_face,0,0.00409991480410099,1,,0,,0,,0,search_360,0.0078000593930482864,1
1790161519.7395165,,0.033382415771484375,29.955890755342246,,32.89709996897727,,0,,,0,0,,,no_face,0,0.004499917849898338,1,,0,,0,32.86329994443804,1,search_360,0.00870006624609232,1
1790161519.7806137,,0.041097164154052734,24.332579159269958,,0.04379998426884413,,0,,,0,0,,,no_face,0,0.004300032742321491,1,,0,,0,,0,search_360,0.008399947546422482,1
1790161519.8200297,,0.03941607475280762,25.370359841038454,,34.60480005014688,,0,,,0,0,,,no_face,0,0.005300040356814861,1,7.691200007684529,1,,0,26.881100027821958,1,search_360,0.009699957445263863,1
1790161519.8313189,,0.011289119720458984,88.58086589229144,,0.05949998740106821,,0,,,0,0,,,no_face,0,0.007999944500625134,1,,0,,0,,0,search_360,0.01379998866468668,1
1790161519.8552902,,0.0239713191986084,41.71651930019991,,27.309900033287704,,0,,,0,0,,,no_face,0,0.004700035788118839,1,,0,,0,27.272899984382093,1,search_360,0.009899958968162537,1
1790161519.9250164,,0.06972622871398926,14.341805349919474,,0.047900015488266945,,0,,,0,0,,,no_face,0,0.004900037311017513,1,,0,,0,,0,search_360,0.009599956683814526,1
1790161519.9641619,,0.039145469665527344,25.545740248982874,,38.85480004828423,,0,,,0,0,,,no_face,0,0.007700058631598949,1,7.373300031758845,1,,0,31.431799987331033,1,search_360,0.014899997040629387,1
1790161519.9805667,,0.01640486717224121,60.95751885709303,,0.04279997665435076,,0,,,0,0,,,no_face,0,0.004700035788118839,1,,0,,0,,0,search_360,0.008899951353669167,1
1790161520.0042531,,0.02368640899658203,42.21830333776221,,27.94630010612309,,0,,,0,0,,,no_face,0,0.004200031980872154,1,,0,,0,27.913200086914003,1,search_360,0.008300063200294971,1
1790161520.0533388,,0.04908561706542969,20.37256654361764,,0.043899985030293465,,0,,,0,0,,,no_face,0,0.004799920134246349,1,,0,,0,,0,search_360,0.00900006853044033,1
1790161520.0891438,,0.03580498695373535,27.929070363637575,,34.07090005930513,,0,,,0,0,,,no_face,0,0.004800036549568176,1,7.452500052750111,1,,0,26.58720000181347,1,search_360,0.009199953638017178,1
1790161520.103612,,0.014468193054199219,69.1171313690594,,0.03360002301633358,,0,,,0,0,,,no_face,0,0.003600027412176132,1,,0,,0,,0,search_360,0.007500057108700275,1
1790161520.124162,,0.020550012588500977,48.6617706774332,,24.488599970936775,,0,,,0,0,,,no_face,0,0.004400033503770828,1,,0,,0,24.455899954773486,1,search_360,0.008399947546422482,1
1790161520.182184,,0.05802202224731445,17.234835348164463,,0.0420999713242054,,0,,,0,0,,,no_face,0,0.004900037311017513,1,,0,,0,,0,search_360,0.008399947546422482,1
1790161520.2243817,,0.04219770431518555,23.69797163681564,,36.60200000740588,,0,,,0,0,,,no_face,0,0.005100038833916187,1,7.756500039249659,1,,0,28.813600074499846,1,search_360,0.009399955160915852,1
1790161520.23628,,0.011898279190063477,84.04576695721872,,0.03609992563724518,,0,,,0,0,,,no_face,0,0.0038999132812023163,1,,0,,0,,0,search_360,0.007500057108700275,1
1790161520.2754824,,0.03920245170593262,25.50860868348872,,33.07120001409203,,0,,,0,0,,,no_face,0,0.005200039595365524,1,,0,,0,33.033199957571924,1,search_360,0.009499955922365189,1
1790161520.3251586,,0.04967617988586426,20.13037238969653,,0.0689999433234334,,0,,,0,0,,,no_face,0,0.008200062438845634,1,,0,,0,,0,search_360,0.015099998563528061,1
1790161520.3635304,,0.03837180137634277,26.060804135625656,,36.60960006527603,,0,,,0,0,,,no_face,0,0.005300040356814861,1,7.408999954350293,1,,0,29.167900094762444,1,search_360,0.0097999582067132,1
1790161520.378773,,0.015242576599121094,65.60570606269161,,0.04499999340623617,,0,,,0,0,,,no_face,0,0.004799920134246349,1,,0,,0,,0,search_360,0.009500072337687016,1
1790161520.4183688,,0.039595842361450195,25.2551768155735,,35.0845999782905,,0,,,0,0,,,no_face,0,0.004599918611347675,1,,0,,0,35.04630003590137,1,search_360,0.010300078429281712,1
1790161520.4525886,,0.03421974182128906,29.222897274399422,,0.060699996538460255,,0,,,0,0,,,no_face,0,0.006400048732757568,1,,0,,0,,0,search_360,0.012399978004395962,1
1790161520.492004,,0.03941535949707031,25.370820227437697,,34.22499995213002,,0,,,0,0,,,no_face,0,0.00879995059221983,1,7.427999982610345,1,,0,26.74729994032532,1,search_360,0.014999997802078724,1
1790161520.5029147,,0.010910749435424805,91.65273255686908,,0.05509995389729738,,0,,,0,0,,,no_face,0,0.004200031980872154,1,,0,,0,,0,search_360,0.00879995059221983,1
1790161520.5257106,,0.022795915603637695,43.867507556503824,,27.41420001257211,,0,,,0,0,,,no_face,0,0.004400033503770828,1,,0,,0,27.380699990317225,1,search_360,0.008899951353669167,1
1790161520.5811133,,0.05540275573730469,18.049643680930906,,0.07459998596459627,,0,,,0,0,,,no_face,0,0.006800051778554916,1,,0,,0,,0,search_360,0.012299977242946625,1
1790161520.621706,,0.04059267044067383,24.634989251606385,,33.02690002601594,,0,,,0,0,,,no_face,0,0.005100038833916187,1,7.238600053824484,1,,0,25.637999991886318,1,search_360,0.010499963536858559,1
1790161520.6312797,,0.009573698043823242,104.45284522475407,,0.03790005575865507,,0,,,0,0,,,no_face,0,0.004300032742321491,1,,0,,0,,0,search_360,0.008500064723193645,1
1790161520.659284,,0.02800440788269043,35.70866429988337,,32.31629997026175,,0,,,0,0,,,no_face,0,0.004700035788118839,1,,0,,0,32.280500046908855,1,search_360,0.009500072337687016,1
1790161520.7093422,,0.05005812644958496,19.97677641825309,,0.04719989374279976,,0,,,0,0,,,no_face,0,0.005100038833916187,1,,0,,0,,0,search_360,0.009899958968162537,1
1790161520.7570708,,0.047728538513183594,20.95182528423282,,39.52970006503165,,0,,,0,0,,,no_face,0,0.005300040356814861,1,7.926100050099194,1,,0,31.572400010190904,1,search_360,0.009199953638017178,1
1790161520.7657602,,0.008689403533935547,115.08269768973275,,0.06379990372806787,,0,,,0,0,,,no_face,0,0.007600057870149612,1,,0,,0,,0,search_360,0.01409999094903469,1
1790161520.805468,,0.03970789909362793,25.18390604453998,,35.6726999161765,,0,,,0,0,,,no_face,0,0.003999914042651653,1,,0,,0,35.63999990001321,1,search_360,0.008100061677396297,1
1790161520.8531368,,0.0476686954498291,20.978128110354763,,0.040599959902465343,,0,,,0,0,,,no_face,0,0.004599918611347675,1,,0,,0,,0,search_360,0.0078000593930482864,1
1790161520.8923008,,0.039164066314697266,25.53361012017094,,38.406900013796985,,0,,,0,0,,,no_face,0,0.00500003807246685,1,7.418600027449429,1,,0,30.95649997703731,1,search_360,0.009499955922365189,1
1790161520.9083223,,0.0160214900970459,62.416166907245646,,0.04139996599406004,,0,,,0,0,,,no_face,0,0.004399917088449001,1,,0,,0,,0,search_360,0.008600065484642982,1
1790161520.941675,,0.03335261344909668,29.98265792652851,,31.108699971809983,,0,,,0,0,,,no_face,0,0.0070999376475811005,1,,0,,0,31.069999909959733,1,search_360,0.00900006853044033,1
1790161520.9811425,,0.039467573165893555,25.33725587323833,,0.043800100684165955,,0,,,0,0,,,no_face,0,0.004700035788118839,1,,0,,0,,0,search_360,0.00879995059221983,1
1790161521.020938,,0.0397953987121582,25.128533256647135,,35.04580003209412,,0,,,0,0,,,no_face,0,0.00500003807246685,1,7.831100025214255,1,,0,27.183900005184114,1,search_360,0.009199953638017178,1
1790161521.0328166,,0.011878728866577148,84.18409168456336,,0.04980002995580435,,0,,,0,0,,,no_face,0,0.004700035788118839,1,,0,,0,,0,search_360,0.009499955922365189,1
1790161521.0565615,,0.023744821548461914,42.11444579438314,,27.760099968872964,,0,,,0,0,,,no_face,0,0.007999944500625134,1,,0,,0,27.70440001040697,1,search_360,0.014699995517730713,1
1790161521.108724,,0.05216264724731445,19.17080617589791,,0.10179996024817228,,0,,,0,0,,,no_face,0,0.0072999391704797745,1,,0,,0,,0,search_360,0.015099998563528061,1
1790161521.1572175,,0.048493385314941406,20.621369151802394,,41.278199991211295,,0,,,0,0,,,no_face,0,0.004900037311017513,1,7.932599983178079,1,,0,33.31219998653978,1,search_360,0.009999959729611874,1
1790161521.1688116,,0.011594057083129883,86.25108474367147,,0.0724999699741602,,0,,,0,0,,,no_face,0,0.006399932317435741,1,,0,,0,,0,search_360,0.028099981136620045,1
1790161521.1929772,,0.024165630340576172,41.38108486749936,,28.786999988369644,,0,,,0,0,,,no_face,0,0.004599918611347675,1,,0,,0,28.753999969922006,1,search_360,0.008400063961744308,1
1790161521.2529218,,0.05994462966918945,16.68206152108374,,0.06890005897730589,,0,,,0,0,,,no_face,0,0.0075999414548277855,1,,0,,0,,0,search_360,0.014199991710484028,1
1790161521.2927701,,0.03984832763671875,25.0951560405897,,34.61030009202659,,0,,,0,0,,,no_face,0,0.004900037311017513,1,7.672999985516071,1,,0,26.906900107860565,1,search_360,0.008999952115118504,1
1790161521.3038077,,0.011037588119506836,90.59950318608921,,0.03799994010478258,,0,,,0,0,,,no_face,0,0.00409991480410099,1,,0,,0,,0,search_360,0.008500064723193645,1
1790161521.3283224,,0.02451467514038086,40.79189278559063,,31.837300048209727,,0,,,0,0,,,no_face,0,0.004200031980872154,1,,0,,0,31.805300037376583,1,search_360,0.008100061677396297,1
1790161521.3807313,,0.05240893363952637,19.080716407589883,,0.10490010026842356,,0,,,0,0,,,no_face,0,0.00800006091594696,1,,0,,0,,0,search_360,0.049699912779033184,1
1790161521.4265234,,0.0457921028137207,21.837826580446304,,36.27439995761961,,0,,,0,0,,,no_face,0,0.005300040356814861,1,9.421900031156838,1,,0,26.81690000463277,1,search_360,0.01079996582120657,1
1790161521.436562,,0.010038614273071289,99.61534259589122,,0.06310001481324434,,0,,,0,0,,,no_face,0,0.007600057870149612,1,,0,,0,,0,search_360,0.015199999324977398,1
1790161521.4599826,,0.02342057228088379,42.697504911791356,,28.641300043091178,,0,,,0,0,,,no_face,0,0.004700035788118839,1,,0,,0,28.606200008653104,1,search_360,0.009199953638017178,1
1790161521.5094728,,0.04949021339416504,20.20601511728178,,0.04320009611546993,,0,,,0,0,,,no_face,0,0.004600035026669502,1,,0,,0,,0,search_360,0.00879995059221983,1
1790161521.5503175,,0.04084467887878418,24.48299331640545,,34.67650001402944,,0,,,0,0,,,no_face,0,0.00500003807246685,1,7.267500041052699,1,,0,27.377999969758093,1,search_360,0.009399955160915852,1
1790161521.561278,,0.010960578918457031,91.23605673018359,,0.03990007098764181,,0,,,0,0,,,no_face,0,0.004200031980872154,1,,0,,0,,0,search_360,0.008300063200294971,1
1790161521.5859153,,0.024637222290039062,40.588991251838664,,27.66569994855672,,0,,,0,0,,,no_face,0,0.004399917088449001,1,,0,,0,27.632400044240057,1,search_360,0.008900067768990993,1
1790161521.652666,,0.06675076484680176,14.981101749097235,,0.044899992644786835,,0,,,0,0,,,no_face,0,0.004700035788118839,1,,0,,0,,0,search_360,0.008499948307871819,1
1790161521.6921072,,0.03944110870361328,25.35425683681118,,36.85190004762262,,0,,,0,0,,,no_face,0,0.005100038833916187,1,7.173800026066601,1,,0,29.646000009961426,1,search_360,0.009399955160915852,1
1790161521.7055633,,0.013456106185913086,74.31570368007938,,0.039100064896047115,,0,,,0,0,,,no_face,0,0.004600035026669502,1,,0,,0,,0,search_360,0.008199946023523808,1
1790161521.7425523,,0.03698897361755371,27.035083761433,,28.588699991814792,,0,,,0,0,,,no_face,0,0.008999952115118504,1,,0,,0,28.536800062283874,1,hover,0.02259993925690651,1
1790161521.780629,,0.03807663917541504,26.262822078206693,,0.07309997454285622,,0,,,0,0,,,no_face,0,0.0068999361246824265,1,,0,,0,,0,hover,0.019600032828748226,1
1790161521.8208036,,0.04017472267150879,24.89127325598647,,36.39280004426837,,0,,,0,0,,,no_face,0,0.004800036549568176,1,7.71909998729825,1,,0,28.625900042243302,1,hover,0.012199976481497288,1
1790161521.8338761,,0.013072490692138672,76.49651650556265,,0.06130000110715628,,0,,,0,0,,,no_face,0,0.004499917849898338,1,,0,,0,,0,hover,0.027600093744695187,1
1790161521.8578286,,0.023952484130859375,41.74932314062749,,26.446099975146353,,0,,,0,0,,,no_face,0,0.004400033503770828,1,,0,,0,26.409799931570888,1,hover,0.011499971151351929,1
1790161521.9090178,,0.05118918418884277,19.53537677629097,,0.06970006506890059,,0,,,0,0,,,no_face,0,0.0078000593930482864,1,,0,,0,,0,hover,0.019699917174875736,1
1790161521.942591,,0.033573150634765625,29.785706169753436,,37.1393000241369,,0,,,0,0,,,no_face,0,0.00500003807246685,1,6.968199973925948,1,,0,30.13590001501143,1,hover,0.013199984095990658,1
1790161521.9633877,,0.020796775817871094,48.0843765763287,,0.0475000124424696,,0,,,0,0,,,no_face,0,0.005200039595365524,1,,0,,0,,0,hover,0.01309998333454132,1
1790161521.986672,,0.023284196853637695,42.94758398951475,,27.56529999896884,,0,,,0,0,,,no_face,0,0.005299923941493034,1,,0,,0,27.524700039066374,1,hover,0.012599979527294636,1
1790161522.036845,,0.050173044204711914,19.931021046279003,,0.07040007039904594,,0,,,0,0,,,no_face,0,0.005399924702942371,1,,0,,0,,0,hover,0.013600103557109833,1
1790161522.076091,,0.0392460823059082,25.48025028856084,,41.16019990760833,,0,,,0,0,,,no_face,0,0.005199923180043697,1,7.1813000831753016,1,,0,33.94449991174042,1,hover,0.01209997572004795,1
1790161522.0954163,,0.01932525634765625,51.745756020529015,,0.05479995161294937,,0,,,0,0,,,no_face,0,0.010299962013959885,1,,0,,0,,0,hover,0.013299984857439995,1
1790161522.127146,,0.031729698181152344,31.516215322653363,,33.76620006747544,,0,,,0,0,,,no_face,0,0.006600050255656242,1,,0,,0,33.709999988786876,1,hover,0.01750001683831215,1
1790161522.1807923,,0.05364632606506348,18.640605486891637,,0.12910005170851946,,0,,,0,0,,,no_face,0,0.009399955160915852,1,,0,,0,,0,hover,0.07100007496774197,1
1790161522.2271128,,0.046320438385009766,21.58874213771734,,42.3084000358358,,0,,,0,0,,,no_face,0,0.009499955922365189,1,12.923499918542802,1,,0,29.322100104764104,1,hover,0.023499946109950542,1
1790161522.2444348,,0.017322063446044922,57.72984281663776,,0.08179992437362671,,0,,,0,0,,,no_face,0,0.00909995287656784,1,,0,,0,,0,hover,0.02359994687139988,1
1790161522.2686877,,0.024252891540527344,41.23219692501278,,30.58739996049553,,0,,,0,0,,,no_face,0,0.00409991480410099,1,,0,,0,30.55240004323423,1,hover,0.01100008375942707,1
1790161522.3083868,,0.03969907760620117,25.189502132004083,,0.07690000347793102,,0,,,0,0,,,no_face,0,0.004700035788118839,1,,0,,0,,0,hover,0.013299984857439995,1
1790161522.3430607,,0.03467392921447754,28.84011194158135,,35.851299995556474,,0,,,0,0,,,no_face,0,0.005100038833916187,1,8.391199982725084,1,,0,27.428600005805492,1,hover,0.011199968867003918,1
1790161522.3605466,,0.017485857009887695,57.18907568754176,,0.07309997454285622,,0,,,0,0,,,no_face,0,0.0073999399319291115,1,,0,,0,,0,hover,0.02110004425048828,1
1790161522.3864179,,0.02587127685546875,38.65290474786199,,27.501400094479322,,0,,,0,0,,,no_face,0,0.004100031219422817,1,,0,,0,27.46780007146299,1,hover,0.010699965059757233,1
1790161522.4371982,,0.050780296325683594,19.692677521738315,,0.053799943998456,,0,,,0,0,,,no_face,0,0.005599926225841045,1,,0,,0,,0,hover,0.01409999094903469,1
1790161522.4767795,,0.039581298828125,25.264456437933692,,35.038999980315566,,0,,,0,0,,,no_face,0,0.005100038833916187,1,8.952600066550076,1,,0,26.05129999574274,1,hover,0.012499978765845299,1
1790161522.489261,,0.012481451034545898,80.11888980153196,,0.042599975131452084,,0,,,0,0,,,no_face,0,0.004300032742321491,1,,0,,0,,0,hover,0.011999974958598614,1
1790161522.5277617,,0.03850078582763672,25.973495826211884,,30.443000025115907,,0,,,0,0,,,no_face,0,0.003800028935074806,1,,0,,0,30.40869999676943,1,hover,0.01079996582120657,1
1790161522.5812402,,0.05347847938537598,18.69911058603241,,0.062400009483098984,,0,,,0,0,,,no_face,0,0.005599926225841045,1,,0,,0,,0,hover,0.017200014553964138,1
1790161522.6199625,,0.03872227668762207,25.824927807503094,,35.347299999557436,,0,,,0,0,,,no_face,0,0.005100038833916187,1,7.018700009211898,1,,0,28.293099952861667,1,hover,0.012299977242946625,1
1790161522.632649,,0.012686491012573242,78.8240025558625,,0.04309997893869877,,0,,,0,0,,,no_face,0,0.004400033503770828,1,,0,,0,,0,hover,0.011499971151351929,1
1790161522.6606624,,0.02801346778869629,35.69711567103841,,27.42000005673617,,0,,,0,0,,,no_face,0,0.004300032742321491,1,,0,,0,27.382000000216067,1,hover,0.012199976481497288,1
1790161522.7089505,,0.04828810691833496,20.709033006640826,,0.04529999569058418,,0,,,0,0,,,no_face,0,0.004600035026669502,1,,0,,0,,0,hover,0.011999974958598614,1
1790161522.7439094,,0.034958839416503906,28.605068608996916,,34.55840004608035,,0,,,0,0,,,no_face,0,0.004300032742321491,1,7.3231999995186925,1,,0,27.203500038012862,1,hover,0.011599971912801266,1
1790161522.7612553,,0.017345905303955078,57.65049344365946,,0.04279997665435076,,0,,,0,0,,,no_face,0,0.004300032742321491,1,,0,,0,,0,hover,0.011599971912801266,1
1790161522.7859805,,0.02472519874572754,40.44456872860518,,26.920099975541234,,0,,,0,0,,,no_face,0,0.00400003045797348,1,,0,,0,26.88379993196577,1,hover,0.011999974958598614,1
1790161522.8375046,,0.05152416229248047,19.40836988912951,,0.07399998139590025,,0,,,0,0,,,no_face,0,0.009299954399466515,1,,0,,0,,0,hover,0.0198000343516469,1
1790161522.8777378,,0.04023313522338867,24.855134814814814,,37.30229998473078,,0,,,0,0,,,no_face,0,0.005599926225841045,1,7.518899976275861,1,,0,29.736600001342595,1,hover,0.013699987903237343,1
1790161522.8911805,,0.013442754745483398,74.3895145699945,,0.03879994619637728,,0,,,0,0,,,no_face,0,0.004100031219422817,1,,0,,0,,0,hover,0.010800082236528397,1
1790161522.9289782,,0.03779768943786621,26.45664364335951,,30.77119996305555,,0,,,0,0,,,no_face,0,0.004700035788118839,1,,0,,0,30.73170001152903,1,hover,0.012999982573091984,1
1790161522.9824631,,0.05348491668701172,18.696860011055044,,0.04509999416768551,,0,,,0,0,,,no_face,0,0.004200031980872154,1,,0,,0,,0,hover,0.012299977242946625,1
1790161523.022413,,0.039949893951416016,25.03135555794273,,35.54539999458939,,0,,,0,0,,,no_face,0,0.005500041879713535,1,7.430500001646578,1,,0,28.078600065782666,1,hover,0.013299984857439995,1
1790161523.0355616,,0.01314854621887207,76.05403543128615,,0.054999953135848045,,0,,,0,0,,,no_face,0,0.005199923180043697,1,,0,,0,,0,hover,0.016200006939470768,1
1790161523.0589702,,0.02340865135192871,42.71924874978357,,26.071600033901632,,0,,,0,0,,,no_face,0,0.004200031980872154,1,,0,,0,26.03770000860095,1,hover,0.010599964298307896,1
1790161523.1092074,,0.050237178802490234,19.905576384604434,,0.08390005677938461,,0,,,0,0,,,no_face,0,0.016300007700920105,1,,0,,0,,0,hover,0.020400038920342922,1
1790161523.144944,,0.0357365608215332,27.98254720128094,,36.88330005388707,,0,,,0,0,,,no_face,0,0.005200039595365524,1,7.560500060208142,1,,0,29.290899983607233,1,hover,0.011399970389902592,1
1790161523.163576,,0.018631935119628906,53.67129037211445,,0.05180004518479109,,0,,,0,0,,,no_face,0,0.004900037311017513,1,,0,,0,,0,hover,0.014499993994832039,1
1790161523.1891277,,0.025551795959472656,39.13619228903072,,28.66480010561645,,0,,,0,0,,,no_face,0,0.004400033503770828,1,,0,,0,28.62920006737113,1,hover,0.01109996810555458,1
1790161523.2371202,,0.04799246788024902,20.836602995603467,,0.04709989298135042,,0,,,0,0,,,no_face,0,0.004800036549568176,1,,0,,0,,0,hover,0.012299977242946625,1
1790161523.2763124,,0.03919219970703125,25.51528129258322,,37.92200004681945,,0,,,0,0,,,no_face,0,0.004900037311017513,1,9.426799952052534,1,,0,28.46030006185174,1,hover,0.013199984095990658,1
1790161523.2927773,,0.016464948654174805,60.735081596895405,,0.07199996616691351,,0,,,0,0,,,no_face,0,0.0078000593930482864,1,,0,,0,,0,hover,0.019300030544400215,1
1790161523.3293262,,0.03654885292053223,27.36063980377959,,31.045100069604814,,0,,,0,0,,,no_face,0,0.004600035026669502,1,,0,,0,31.007800018414855,1,hover,0.011999974958598614,1
1790161523.3647654,,0.035439252853393555,28.217299166459235,,0.07589999586343765,,0,,,0,0,,,no_face,0,0.0075999414548277855,1,,0,,0,,0,hover,0.020600040443241596,1
1790161523.4041736,,0.039408206939697266,25.375425010587453,,34.442199976183474,,0,,,0,0,,,no_face,0,0.005300040356814861,1,7.395499967969954,1,,0,27.01110008638352,1,hover,0.012699980288743973,1
1790161523.4152167,,0.011043071746826172,90.55451444362883,,0.07149996235966682,,0,,,0,0,,,no_face,0,0.007999944500625134,1,,0,,0,,0,hover,0.019700033590197563,1
1790161523.4451203,,0.029903650283813477,33.44073350607933,,26.01100003812462,,0,,,0,0,,,no_face,0,0.004800036549568176,1,,0,,0,25.973099982365966,1,hover,0.011899974197149277,1
1790161523.5090125,,0.06389212608337402,15.651380871174664,,0.046900007873773575,,0,,,0,0,,,no_face,0,0.004400033503770828,1,,0,,0,,0,hover,0.012499978765845299,1
1790161523.5511703,,0.042157888412475586,23.720353121483065,,38.11680001672357,,0,,,0,0,,,no_face,0,0.00500003807246685,1,7.554900017566979,1,,0,30.52689996547997,1,hover,0.012499978765845299,1
1790161523.5631897,,0.01201939582824707,83.1988574375657,,0.043599982745945454,,0,,,0,0,,,no_face,0,0.004100031219422817,1,,0,,0,,0,hover,0.01209997572004795,1
1790161523.5873718,,0.02418208122253418,41.35293363700001,,26.936399983242154,,0,,,0,0,,,no_face,0,0.004499917849898338,1,,0,,0,26.897900039330125,1,hover,0.012100092135369778,1
1790161523.637551,,0.050179243087768555,19.928558871462034,,0.04939991049468517,,0,,,0,0,,,no_face,0,0.005400041118264198,1,,0,,0,,0,hover,0.01309998333454132,1
1790161523.6773558,,0.039804697036743164,25.12266326451157,,37.40549995563924,,0,,,0,0,,,no_face,0,0.004599918611347675,1,7.552600000053644,1,,0,29.818899929523468,1,hover,0.012400094419717789,1
1790161523.6910923,,0.013736486434936523,72.79881975180075,,0.04439998883754015,,0,,,0,0,,,no_face,0,0.004700035788118839,1,,0,,0,,0,hover,0.01209997572004795,1
1790161523.7216465,,0.03055429458618164,32.72862337500195,,28.41260004788637,,0,,,0,0,,,no_face,0,0.004400033503770828,1,,0,,0,28.37450010702014,1,hover,0.012199976481497288,1
1790161523.7653074,,0.043660879135131836,22.903799002877783,,0.048900023102760315,,0,,,0,0,,,no_face,0,0.005100038833916187,1,,0,,0,,0,hover,0.012999982573091984,1
1790161523.8065312,,0.041223764419555664,24.257852578005263,,44.571800041012466,,0,,,0,0,,,no_face,0,0.006400048732757568,1,8.133099996484816,1,,0,36.40169999562204,1,hover,0.012599979527294636,1
1790161523.8263984,,0.0198671817779541,50.33426538179985,,0.04509999416768551,,0,,,0,0,,,no_face,0,0.004399917088449001,1,,0,,0,,0,hover,0.012200092896819115,1
1790161523.9401937,,0.11379528045654297,8.787710667683514,,30.98350006621331,,0,,,0,0,,,no_face,0,0.005100038833916187,1,,0,,0,30.940899974666536,1,hover,0.013599987141788006,1
1790161523.9501894,,0.009995698928833008,100.04302921884317,,0.08470006287097931,,0,,,0,0,,,no_face,0,0.008800067007541656,1,,0,,0,,0,hover,0.02259993925690651,1
1790161524.0744126,,0.12422323226928711,8.050023990941021,,37.27979992982,,0,,,0,0,,,no_face,0,0.005700043402612209,1,8.359699975699186,1,,0,28.881400008685887,1,hover,0.013899989426136017,1
1790161524.0836983,,0.009285688400268555,107.69260790304773,,0.05300005432218313,,0,,,0,0,,,no_face,0,0.005900044925510883,1,,0,,0,,0,hover,0.014599994756281376,1
1790161524.125155,,0.04145669937133789,24.121553697334974,,31.426900066435337,,0,,,0,0,,,no_face,0,0.004700035788118839,1,,0,,0,31.385800102725625,1,hover,0.013699987903237343,1
1790161524.1338923,,0.008737325668334961,114.45149671187274,,0.056999968364834785,,0,,,0,0,,,no_face,0,0.004900037311017513,1,,0,,0,,0,hover,0.01379998866468668,1
1790161524.2048788,,0.07098650932312012,14.08718374146484,,39.69809995032847,,0,,,0,0,,,no_face,0,0.008599949069321156,1,8.454399998299778,1,,0,31.185499974526465,1,hover,0.02210005186498165,1
1790161524.2157965,,0.01091766357421875,91.59468902865129,,0.063000014051795,,0,,,0,0,,,no_face,0,0.006700051017105579,1,,0,,0,,0,hover,0.01650000922381878,1
1790161524.2571392,,0.041342735290527344,24.188046411847477,,35.412500030361116,,0,,,0,0,,,no_face,0,0.006900052540004253,1,,0,,0,35.34619999118149,1,hover,0.01859990879893303,1
1790161524.309038,,0.05189871788024902,19.268298733456145,,0.08209992665797472,,0,,,0,0,,,no_face,0,0.009900075383484364,1,,0,,0,,0,hover,0.02089992631226778,1
1790161524.3557215,,0.046683549880981445,21.420821735910728,,39.22059992328286,,0,,,0,0,,,no_face,0,0.005700043402612209,1,7.826499990187585,1,,0,31.35519998613745,1,hover,0.014299992471933365,1
1790161524.4374263,,0.08170485496520996,12.239174776404674,,0.05680008325725794,,0,,,0,0,,,no_face,0,0.005700043402612209,1,,0,,0,,0,hover,0.015099998563528061,1
1790161524.4779181,,0.04049181938171387,24.69634645391115,,31.749800080433488,,0,,,0,0,,,no_face,0,0.004600035026669502,1,,0,,0,31.711800023913383,1,hover,0.01209997572004795,1
1790161524.4870324,,0.009114265441894531,109.71811237836141,,0.04549999721348286,,0,,,0,0,,,no_face,0,0.004900037311017513,1,,0,,0,,0,hover,0.01209997572004795,1
1790161524.5253735,,0.03834104537963867,26.081709303916327,,36.95089998655021,,0,,,0,0,,,no_face,0,0.004799920134246349,1,7.168699987232685,1,,0,29.748499975539744,1,hover,0.012400094419717789,1
1790161524.565028,,0.03965449333190918,25.21782315133806,,0.04840001929551363,,0,,,0,0,,,no_face,0,0.004800036549568176,1,,0,,0,,0,hover,0.01279998105019331,1
1790161524.5957072,,0.03067922592163086,32.59534652388132,,32.849299954250455,,0,,,0,0,,,no_face,0,0.0037999125197529793,1,,0,,0,32.815099926665425,1,hover,0.010900082997977734,1
1790161524.6151297,,0.019422531127929688,51.48659530590199,,0.042199972085654736,,0,,,0,0,,,no_face,0,0.003800028935074806,1,,0,,0,,0,hover,0.011399970389902592,1
1790161524.7262983,,0.11116862297058105,8.995343949386092,,39.140500011853874,,0,,,0,0,,,no_face,0,0.004299916326999664,1,8.165600011125207,1,,0,30.945300008170307,1,hover,0.01070008147507906,1
1790161524.740427,,0.014128684997558594,70.77799527505906,,0.04610000178217888,,0,,,0,0,,,no_face,0,0.004299916326999664,1,,0,,0,,0,hover,0.0127000967040658,1
1790161524.8527787,,0.11235165596008301,8.900625375341919,,26.607299922034144,,0,,,0,0,,,no_face,0,0.0038999132812023163,1,,0,,0,26.574199902825058,1,hover,0.010600080713629723,1
1790161524.8731315,,0.020352840423583984,49.13319120024366,,0.04499999340623617,,0,,,0,0,,,no_face,0,0.004600035026669502,1,,0,,0,,0,hover,0.01209997572004795,1
1790161524.9118748,,0.03874325752258301,25.810942701891065,,33.93360006157309,,0,,,0,0,,,no_face,0,0.004900037311017513,1,7.555100019089878,1,,0,26.34580002631992,1,hover,0.011899974197149277,1
1790161524.9235387,,0.01166391372680664,85.73451616859491,,0.04039995837956667,,0,,,0,0,,,no_face,0,0.004199915565550327,1,,0,,0,,0,hover,0.010800082236528397,1
1790161524.9962757,,0.07273697853088379,13.74816524136213,,31.765200081281364,,0,,,0,0,,,no_face,0,0.004200031980872154,1,,0,,0,31.7171000642702,1,hover,0.02529995981603861,1
1790161525.0054276,,0.009151935577392578,109.26650341270255,,0.04369998350739479,,0,,,0,0,,,no_face,0,0.004800036549568176,1,,0,,0,,0,hover,0.011299969628453255,1
1790161525.044632,,0.03920435905456543,25.507367652871956,,32.95659995637834,,0,,,0,0,,,no_face,0,0.005700043402612209,1,7.363299955613911,1,,0,25.553999934345484,1,hover,0.014199991710484028,1
1790161525.0932305,,0.048598527908325195,20.576754956165956,,0.05009991582483053,,0,,,0,0,,,no_face,0,0.004699919372797012,1,,0,,0,,0,hover,0.013299984857439995,1
1790161525.127782,,0.03455162048339844,28.942202594534916,,26.7622999381274,,0,,,0,0,,,no_face,0,0.0039000296965241432,1,,0,,0,26.72959992196411,1,hover,0.010499963536858559,1
1790161525.1351137,,0.0073316097259521484,136.395694448961,,0.04509999416768551,,0,,,0,0,,,no_face,0,0.004299916326999664,1,,0,,0,,0,hover,0.012300093658268452,1
1790161525.174529,,0.03941535949707031,25.370820227437697,,34.61050009354949,,0,,,0,0,,,no_face,0,0.005600042641162872,1,7.490399992093444,1,,0,27.08240004722029,1,hover,0.013399985618889332,1
1790161525.2366335,,0.06210446357727051,16.101902220857248,,0.05040003452450037,,0,,,0,0,,,no_face,0,0.004900037311017513,1,,0,,0,,0,hover,0.013199984095990658,1
1790161525.260832,,0.024198532104492188,41.324820682588474,,27.928799972869456,,0,,,0,0,,,no_face,0,0.005100038833916187,1,,0,,0,27.877999935299158,1,hover,0.013999990187585354,1
1790161525.364959,,0.1041269302368164,9.603663506891973,,0.045900000259280205,,0,,,0,0,,,no_face,0,0.004300032742321491,1,,0,,0,,0,hover,0.012599979527294636,1
1790161525.3961678,,0.03120875358581543,32.0422921489087,,33.97749993018806,,0,,,0,0,,,no_face,0,0.004999921657145023,1,7.132199942134321,1,,0,26.811699965037405,1,hover,0.012500095181167126,1
1790161525.4237132,,0.027545452117919922,36.303633562414525,,0.10850001126527786,,0,,,0,0,,,no_face,0,0.008999952115118504,1,,0,,0,,0,hover,0.023400061763823032,1
1790161525.5118263,,0.08811306953430176,11.349054178741412,,27.58299990091473,,0,,,0,0,,,no_face,0,0.007400056347250938,1,,0,,0,27.522699907422066,1,hover,0.020400038920342922,1
1790161525.5314176,,0.019591331481933594,51.04298301124471,,0.0665000407025218,,0,,,0,0,,,no_face,0,0.0065999338403344154,1,,0,,0,,0,hover,0.020400038920342922,1
1790161525.5687392,,0.03732156753540039,26.794158606855845,,39.40039989538491,,0,,,0,0,,,no_face,0,0.004100031219422817,1,8.059199899435043,1,,0,31.311900005675852,1,hover,0.010399962775409222,1
1790161525.5883904,,0.019651174545288086,50.88754352547226,,0.043199979700148106,,0,,,0,0,,,no_face,0,0.004300032742321491,1,,0,,0,,0,hover,0.011599971912801266,1
1790161525.6622424,,0.0738520622253418,13.54058329405536,,26.266500004567206,,0,,,0,0,,,no_face,0,0.004800036549568176,1,,0,,0,26.226399932056665,1,hover,0.01309998333454132,1
1790161525.672392,,0.010149478912353516,98.52722574583039,,0.03979995381087065,,0,,,0,0,,,no_face,0,0.003800028935074806,1,,0,,0,,0,hover,0.011299969628453255,1
1790161525.796625,,0.12423300743103027,8.04939058208958,,34.570999909192324,,0,,,0,0,,,no_face,0,0.005400041118264198,1,7.230999995954335,1,,0,27.306300005875528,1,hover,0.011899974197149277,1
1790161525.807364,,0.01073908805847168,93.11777634704616,,0.05849997978657484,,0,,,0,0,,,no_face,0,0.004800036549568176,1,,0,,0,,0,hover,0.014699995517730713,1
1790161525.8310602,,0.023696184158325195,42.200887422149336,,28.65229989401996,,0,,,0,0,,,no_face,0,0.004600035026669502,1,,0,,0,28.615099960006773,1,hover,0.011899974197149277,1
1790161525.8935592,,0.062499046325683594,16.000244144350347,,0.06659992504864931,,0,,,0,0,,,no_face,0,0.005899928510189056,1,,0,,0,,0,hover,0.018300022929906845,1
1790161525.9316442,,0.038084983825683594,26.257067735069487,,34.64580001309514,,0,,,0,0,,,no_face,0,0.006800051778554916,1,7.7914000721648335,1,,0,26.80929994676262,1,hover,0.016000005416572094,1
1790161525.9467108,,0.01506662368774414,66.37187074722284,,0.04449998959898949,,0,,,0,0,,,no_face,0,0.004600035026669502,1,,0,,0,,0,hover,0.011699972674250603,1
1790161525.9699512,,0.023240327835083008,43.02865291299486,,25.159799959510565,,0,,,0,0,,,no_face,0,0.004999921657145023,1,,0,,0,25.119800004176795,1,hover,0.013100099749863148,1
1790161526.020593,,0.050641775131225586,19.746543193020944,,0.11170003563165665,,0,,,0,0,,,no_face,0,0.007600057870149612,1,,0,,0,,0,hover,0.021999934688210487,1
1790161526.0618925,,0.04129958152770996,24.213320402025136,,38.817499997094274,,0,,,0,0,,,no_face,0,0.006700051017105579,1,7.519599981606007,1,,0,31.2308999709785,1,hover,0.019400031305849552,1
1790161526.1648798,,0.10298728942871094,9.709936105194926,,0.07209996692836285,,0,,,0,0,,,no_face,0,0.0072999391704797745,1,,0,,0,,0,hover,0.020200037397444248,1
1790161526.1967678,,0.03188800811767578,31.35975117384933,,26.40939992852509,,0,,,0,0,,,no_face,0,0.004299916326999664,1,,0,,0,26.372899999842048,1,hover,0.01200009137392044,1
1790161526.2077687,,0.011000871658325195,90.9018876920743,,0.07409998215734959,,0,,,0,0,,,no_face,0,0.008199946023523808,1,,0,,0,,0,hover,0.020300038158893585,1
1790161526.3123045,,0.10453581809997559,9.56609914358372,,33.597499947063625,,0,,,0,0,,,no_face,0,0.004899920895695686,1,7.202000007964671,1,,0,26.362399919889867,1,hover,0.01170008908957243,1
1790161526.3347332,,0.02242875099182129,44.58563030837754,,0.06620003841817379,,0,,,0,0,,,no_face,0,0.008199946023523808,1,,0,,0,,0,hover,0.017600017599761486,1
1790161526.3603878,,0.02565455436706543,38.97943365891285,,28.47799996379763,,0,,,0,0,,,no_face,0,0.004600035026669502,1,,0,,0,28.441300033591688,1,hover,0.011299969628453255,1
1790161526.38128,,0.02089214324951172,47.864883370612134,,0.06820005364716053,,0,,,0,0,,,no_face,0,0.007900060154497623,1,,0,,0,,0,hover,0.019000028260052204,1
1790161526.4532094,,0.0719294548034668,13.902510490762163,,34.9870000500232,,0,,,0,0,,,no_face,0,0.004300032742321491,1,7.7405000338330865,1,,0,27.216500020585954,1,hover,0.010899966582655907,1
1790161526.4644358,,0.011226415634155273,89.07562596895109,,0.04320009611546993,,0,,,0,0,,,no_face,0,0.004700035788118839,1,,0,,0,,0,hover,0.01179997343569994,1
1790161526.49675,,0.032314300537109375,30.946051233620587,,27.44830003939569,,0,,,0,0,,,no_face,0,0.004800036549568176,1,,0,,0,27.40990009624511,1,hover,0.012199976481497288,1
1790161526.5076509,,0.010900735855102539,91.73692613897335,,0.07030006963759661,,0,,,0,0,,,no_face,0,0.006300047971308231,1,,0,,0,,0,hover,0.020999927073717117,1
1790161526.6282609,,0.12060999870300293,8.291186557944156,,64.16039995383471,,0,,,0,0,,,no_face,0,0.005300040356814861,1,7.590600056573749,1,,0,56.53329996857792,1,hover,0.013499986380338669,1
1790161526.6383214,,0.010060548782348633,99.3981562670332,,0.043599982745945454,,0,,,0,0,,,no_face,0,0.004500034265220165,1,,0,,0,,0,hover,0.01179997343569994,1
1790161526.6972961,,0.0589747428894043,16.956411355201773,,53.97779995109886,,0,,,0,0,,,no_face,0,0.004699919372797012,1,,0,,0,53.940200014039874,1,hover,0.01200009137392044,1
1790161526.7088408,,0.01154470443725586,86.61980091693859,,0.039100064896047115,,0,,,0,0,,,no_face,0,0.003800028935074806,1,,0,,0,,0,hover,0.01079996582120657,1
1790161526.7817135,,0.07287263870239258,13.72257156878783,,66.85020006261766,,0,,,0,0,,,no_face,0,0.005600042641162872,1,7.813400006853044,1,,0,59.00170002132654,1,hover,0.012699980288743973,1
1790161526.82098,,0.03926658630371094,25.466945159566716,,0.044199987314641476,,0,,,0,0,,,no_face,0,0.00409991480410099,1,,0,,0,,0,hover,0.011600088328123093,1
1790161526.8450503,,0.024070262908935547,41.54503853087422,,28.917000046931207,,0,,,0,0,,,no_face,0,0.003700028173625469,1,,0,,0,28.88550003990531,1,hover,0.01009996049106121,1
1790161526.867212,,0.02216172218322754,45.122847030219575,,0.062000006437301636,,0,,,0,0,,,no_face,0,0.007200054824352264,1,,0,,0,,0,hover,0.01750001683831215,1
1790161526.8972008,,0.029988765716552734,33.34582054666009,,33.40760001447052,,0,,,0,0,,,no_face,0,0.010399962775409222,1,7.043400080874562,1,,0,26.3221999630332,1,hover,0.013299984857439995,1
1790161526.9651418,,0.06794095039367676,14.718663695541558,,0.04730001091957092,,0,,,0,0,,,no_face,0,0.004700035788118839,1,,0,,0,,0,hover,0.012599979527294636,1
1790161526.9972847,,0.03214287757873535,31.111091331211938,,29.500700067728758,,0,,,0,0,,,no_face,0,0.004300032742321491,1,,0,,0,29.46630003862083,1,hover,0.010899966582655907,1
1790161527.0105367,,0.013252019882202148,75.46019466383606,,0.052699935622513294,,0,,,0,0,,,no_face,0,0.005399924702942371,1,,0,,0,,0,hover,0.013699987903237343,1
1790161527.0510938,,0.040557146072387695,24.656567259815766,,39.86010001972318,,0,,,0,0,,,no_face,0,0.00509992241859436,1,7.857799995690584,1,,0,31.967799994163215,1,hover,0.012900098226964474,1
1790161527.092976,,0.04188227653503418,23.876448052280736,,0.04889990668743849,,0,,,0,0,,,no_face,0,0.004799920134246349,1,,0,,0,,0,hover,0.012899981811642647,1
1790161527.1321826,,0.039206504821777344,25.50597163776118,,31.768999993801117,,0,,,0,0,,,no_face,0,0.004399917088449001,1,,0,,0,31.733699957840145,1,hover,0.011100084520876408,1
1790161527.140713,,0.008530378341674805,117.22809469241734,,0.04680000711232424,,0,,,0,0,,,no_face,0,0.005100038833916187,1,,0,,0,,0,hover,0.01279998105019331,1
1790161527.180654,,0.03994107246398926,25.03688404715714,,37.25350007880479,,0,,,0,0,,,no_face,0,0.005600042641162872,1,9.902699966914952,1,,0,27.31360006146133,1,hover,0.013499986380338669,1
1790161527.2216263,,0.040972232818603516,24.40677334885074,,0.06569991819560528,,0,,,0,0,,,no_face,0,0.005500041879713535,1,,0,,0,,0,hover,0.015900004655122757,1
1790161527.2466078,,0.02498149871826172,40.029623974040845,,29.847900033928454,,0,,,0,0,,,no_face,0,0.004500034265220165,1,,0,,0,29.809499974362552,1,hover,0.012899981811642647,1
1790161527.2699575,,0.023349761962890625,42.82698905407613,,0.041400082409381866,,0,,,0,0,,,no_face,0,0.004200031980872154,1,,0,,0,,0,hover,0.011299969628453255,1
1790161527.3135328,,0.043575286865234375,22.948787533922786,,36.38989990577102,,0,,,0,0,,,no_face,0,0.006100046448409557,1,7.127600023522973,1,,0,29.221899923868477,1,hover,0.014499993994832039,1
1790161527.3647544,,0.051221609115600586,19.523010254190346,,0.13209995813667774,,0,,,0,0,,,no_face,0,0.008299946784973145,1,,0,,0,,0,hover,0.02110004425048828,1
1790161527.3981452,,0.03339076042175293,29.94840450978572,,27.50770002603531,,0,,,0,0,,,no_face,0,0.004699919372797012,1,,0,,0,27.47050009202212,1,hover,0.01170008908957243,1
1790161527.4076993,,0.009554147720336914,104.66658348513963,,0.0412999652326107,,0,,,0,0,,,no_face,0,0.004399917088449001,1,,0,,0,,0,hover,0.010900082997977734,1
1790161527.4479356,,0.04023623466491699,24.853220196370057,,38.14139997120947,,0,,,0,0,,,no_face,0,0.0069999368861317635,1,7.7457999577745795,1,,0,30.339099932461977,1,hover,0.020200037397444248,1
1790161527.493405,,0.04546952247619629,21.992753509199687,,0.05089992191642523,,0,,,0,0,,,no_face,0,0.005499925464391708,1,,0,,0,,0,hover,0.013599987141788006,1
1790161527.5512302,,0.05782508850097656,17.293531681894645,,50.32410006970167,,0,,,0,0,,,no_face,0,0.008100061677396297,1,,0,,0,50.26190006174147,1,hover,0.026099965907633305,1
1790161527.5618258,,0.010595560073852539,94.3791543844648,,0.03900006413459778,,0,,,0,0,,,no_face,0,0.004300032742321491,1,,0,,0,,0,hover,0.010699965059757233,1
1790161527.629723,,0.06789731979370117,14.728121861634513,,62.57389998063445,,0,,,0,0,,,no_face,0,0.004700035788118839,1,7.405500044114888,1,,0,55.137199931778014,1,hover,0.011299969628453255,1
1790161527.63847,,0.008746862411499023,114.32670973369314,,0.05879998207092285,,0,,,0,0,,,no_face,0,0.006400048732757568,1,,0,,0,,0,hover,0.015400000847876072,1
1790161527.79865,,0.16018009185791016,6.242973071129607,,50.909100100398064,,0,,,0,0,,,no_face,0,0.00700005330145359,1,,0,,0,50.83520000334829,1,hover,0.03470003139227629,1
1790161527.8086114,,0.009961366653442383,100.38783178956942,,0.07099995855242014,,0,,,0,0,,,no_face,0,0.008199946023523808,1,,0,,0,,0,hover,0.02110004425048828,1
1790161527.880161,,0.07154965400695801,13.97630797631464,,62.85730004310608,,0,,,0,0,,,no_face,0,0.004200031980872154,1,7.505499990656972,1,,0,55.273500038310885,1,hover,0.011399970389902592,1
1790161527.8896494,,0.009488344192504883,105.39246676885192,,0.09129999671131372,,0,,,0,0,,,no_face,0,0.005200039595365524,1,,0,,0,,0,hover,0.012199976481497288,1
1790161527.9144635,,0.024814128875732422,40.299621437767826,,30.884400010108948,,0,,,0,0,,,no_face,0,0.004600035026669502,1,,0,,0,30.80409998074174,1,hover,0.01109996810555458,1
1790161528.0214183,,0.10695481300354004,9.349742867269578,,0.08729996625334024,,0,,,0,0,,,no_face,0,0.004599918611347675,1,,0,,0,,0,hover,0.011699972674250603,1
1790161528.0615437,,0.040125370025634766,24.92188855482537,,37.178699974901974,,0,,,0,0,,,no_face,0,0.005200039595365524,1,7.947099977172911,1,,0,29.155600001104176,1,hover,0.011199968867003918,1
1790161528.076157,,0.01461338996887207,68.43039172499307,,0.08210004307329655,,0,,,0,0,,,no_face,0,0.004600035026669502,1,,0,,0,,0,hover,0.010899966582655907,1
1790161528.0991867,,0.023029565811157227,43.42244262006564,,25.54569998756051,,0,,,0,0,,,no_face,0,0.00409991480410099,1,,0,,0,25.466299965046346,1,hover,0.011100084520876408,1
1790161528.1498885,,0.05070185661315918,19.723143624299937,,0.09019998833537102,,0,,,0,0,,,no_face,0,0.004700035788118839,1,,0,,0,,0,hover,0.011599971912801266,1
1790161528.1991706,,0.049282073974609375,20.291353819955106,,43.43960003461689,,0,,,0,0,,,no_face,0,0.004900037311017513,1,8.503799908794463,1,,0,34.85150006599724,1,hover,0.012499978765845299,1
1790161528.209171,,0.010000467300415039,99.99532721420908,,0.09749992750585079,,0,,,0,0,,,no_face,0,0.004599918611347675,1,,0,,0,,0,hover,0.012999982573091984,1
1790161528.2485113,,0.03934025764465332,25.41925396200115,,36.156499991193414,,0,,,0,0,,,no_face,0,0.004600035026669502,1,,0,,0,36.06820001732558,1,hover,0.011399970389902592,1
1790161528.2923176,,0.04380631446838379,22.827759242830787,,0.1607999438419938,,0,,,0,0,,,no_face,0,0.0077999429777264595,1,,0,,0,,0,hover,0.019300030544400215,1
1790161528.3311589,,0.03884124755859375,25.74582596739344,,36.69820004142821,,0,,,0,0,,,no_face,0,0.004599918611347675,1,8.12080001924187,1,,0,28.46729999873787,1,hover,0.013300101272761822,1
1790161528.3448768,,0.013717889785766602,72.89750942871544,,0.13449997641146183,,0,,,0,0,,,no_face,0,0.004500034265220165,1,,0,,0,,0,hover,0.01109996810555458,1
1790161528.3771982,,0.03232145309448242,30.939203045011286,,34.55730003770441,,0,,,0,0,,,no_face,0,0.007900060154497623,1,,0,,0,34.40849995240569,1,hover,0.01859990879893303,1
1790161528.4219944,,0.04479622840881348,22.32330791052164,,0.1772999530658126,,0,,,0,0,,,no_face,0,0.0067999353632330894,1,,0,,0,,0,hover,0.018200022168457508,1
1790161528.462919,,0.0409245491027832,24.435211185551996,,35.07370001170784,,0,,,0,0,,,no_face,0,0.009900075383484364,1,7.557799923233688,1,,0,27.395699988119304,1,hover,0.015900004655122757,1
1790161528.4746678,,0.011748790740966797,85.11514266001055,,0.12330000754445791,,0,,,0,0,,,no_face,0,0.004700035788118839,1,,0,,0,,0,hover,0.01179997343569994,1
1790161528.499701,,0.025033235549926758,39.94689372077298,,25.86419996805489,,0,,,0,0,,,no_face,0,0.005300040356814861,1,,0,,0,25.75169992633164,1,hover,0.012399978004395962,1
1790161528.5491457,,0.04944467544555664,20.22462461304042,,0.14839996583759785,,0,,,0,0,,,no_face,0,0.0068999361246824265,1,,0,,0,,0,hover,0.015900004655122757,1
1790161528.5773597,,0.028213977813720703,35.44342476634724,,34.45359994657338,,0,,,0,0,,,no_face,0,0.004999921657145023,1,7.3364999843761325,1,,0,27.035300037823617,1,hover,0.011899974197149277,1
1790161528.6017554,,0.02439570426940918,40.99082317758471,,0.1517999917268753,,0,,,0,0,,,no_face,0,0.006700051017105579,1,,0,,0,,0,hover,0.018799910321831703,1
1790161528.6411886,,0.03943324089050293,25.359315577859064,,31.212200061418116,,0,,,0,0,,,no_face,0,0.0071999384090304375,1,,0,,0,31.014200067147613,1,hover,0.017700018361210823,1
1790161528.6932065,,0.052017927169799805,19.224141645162916,,0.09220000356435776,,0,,,0,0,,,no_face,0,0.004500034265220165,1,,0,,0,,0,hover,0.011499971151351929,1
1790161528.7477384,,0.05453181266784668,18.337919667020806,,58.29559999983758,,0,,,0,0,,,no_face,0,0.004600035026669502,1,7.635700050741434,1,,0,50.58169993571937,1,hover,0.011599971912801266,1
1790161528.7671885,,0.01945018768310547,51.41338563373376,,0.22120005451142788,,0,,,0,0,,,no_face,0,0.009200070053339005,1,,0,,0,,0,hover,0.13599998783320189,1
1790161528.8309429,,0.06375432014465332,15.685211570464277,,54.521000012755394,,0,,,0,0,,,no_face,0,0.00500003807246685,1,,0,,0,54.41209999844432,1,hover,0.011899974197149277,1
1790161528.8389463,,0.008003473281860352,124.94575352259525,,0.07950002327561378,,0,,,0,0,,,no_face,0,0.004299916326999664,1,,0,,0,,0,hover,0.010800082236528397,1
1790161528.9796154,,0.1406691074371338,7.108881389944899,,41.66850005276501,,0,,,0,0,,,no_face,0,0.004700035788118839,1,7.162099936977029,1,,0,34.42370006814599,1,hover,0.011399970389902592,1
1790161528.9995055,,0.01989006996154785,50.276344021576264,,0.10100007057189941,,0,,,0,0,,,no_face,0,0.00500003807246685,1,,0,,0,,0,hover,0.012399978004395962,1
1790161529.0391436,,0.03963804244995117,25.22828924416856,,33.55529997497797,,0,,,0,0,,,no_face,0,0.004600035026669502,1,,0,,0,33.46820001024753,1,hover,0.011499971151351929,1
1790161529.0503922,,0.011248588562011719,88.90004239084358,,0.08410005830228329,,0,,,0,0,,,no_face,0,0.004400033503770828,1,,0,,0,,0,hover,0.011999974958598614,1
1790161529.100262,,0.04986977577209473,20.05222571222313,,32.25869999732822,,0,,,0,0,,,no_face,0,0.004700035788118839,1,7.0414000656455755,1,,0,25.179499993100762,1,hover,0.011199968867003918,1
1790161529.117126,,0.01686406135559082,59.29769697312428,,0.05559995770454407,,0,,,0,0,,,no_face,0,0.00500003807246685,1,,0,,0,,0,hover,0.012499978765845299,1
1790161529.1407638,,0.023637771606445312,42.305172274671186,,26.878300006501377,,0,,,0,0,,,no_face,0,0.004499917849898338,1,,0,,0,26.83480002451688,1,hover,0.01200009137392044,1
1790161529.160205,,0.01944112777709961,51.4373451718133,,0.04900002386420965,,0,,,0,0,,,no_face,0,0.004400033503770828,1,,0,,0,,0,hover,0.010899966582655907,1
1790161529.2524955,,0.09229063987731934,10.835334995285395,,35.114599973894656,,0,,,0,0,,,no_face,0,0.005200039595365524,1,7.939300034195185,1,,0,27.135899988934398,1,hover,0.01179997343569994,1
1790161529.2654989,,0.013003349304199219,76.9032636596993,,0.04950002767145634,,0,,,0,0,,,no_face,0,0.004800036549568176,1,,0,,0,,0,hover,0.011899974197149277,1
1790161529.3008463,,0.03534746170043945,28.290574538979346,,28.015500050969422,,0,,,0,0,,,no_face,0,0.009999959729611874,1,,0,,0,27.96360000502318,1,hover,0.012899981811642647,1
1790161529.3095782,,0.008731842041015625,114.52337265181302,,0.07290008943527937,,0,,,0,0,,,no_face,0,0.006300047971308231,1,,0,,0,,0,hover,0.018700025975704193,1
1790161529.4011512,,0.09157299995422363,10.920249423955635,,55.779999936930835,,0,,,0,0,,,no_face,0,0.005100038833916187,1,7.0958000142127275,1,,0,48.64399996586144,1,hover,0.01209997572004795,1
1790161529.4139786,,0.012827396392822266,77.95814281996952,,0.05279993638396263,,0,,,0,0,,,no_face,0,0.004900037311017513,1,,0,,0,,0,hover,0.012399978004395962,1
1790161529.4707947,,0.05681610107421875,17.600644554854302,,52.65299999155104,,0,,,0,0,,,no_face,0,0.005399924702942371,1,,0,,0,52.60340007953346,1,hover,0.013899989426136017,1
1790161529.4846685,,0.013873815536499023,72.07822515509271,,0.04610000178217888,,0,,,0,0,,,no_face,0,0.004100031219422817,1,,0,,0,,0,hover,0.01109996810555458,1
1790161529.5323365,,0.0476679801940918,20.97844288615243,,42.5120999570936,,0,,,0,0,,,no_face,0,0.004999921657145023,1,7.569900015369058,1,,0,34.86829996109009,1,hover,0.011400086805224419,1
1790161529.6211195,,0.08878302574157715,11.26341428045856,,0.08560006972402334,,0,,,0,0,,,no_face,0,0.004500034265220165,1,,0,,0,,0,hover,0.010899966582655907,1
1790161529.6514332,,0.030313730239868164,32.98835188170986,,26.63790003862232,,0,,,0,0,,,no_face,0,0.005999929271638393,1,,0,,0,26.514000026509166,1,hover,0.018000020645558834,1
1790161529.6638715,,0.012438297271728516,80.39685643089898,,0.13609998859465122,,0,,,0,0,,,no_face,0,0.006500049494206905,1,,0,,0,,0,hover,0.017200014553964138,1
1790161529.7013454,,0.03747391700744629,26.685227482392463,,37.24420000799,,0,,,0,0,,,no_face,0,0.007500057108700275,1,7.234100019559264,1,,0,29.89740006159991,1,hover,0.019000028260052204,1
1790161529.7491553,,0.04780983924865723,20.916196659834736,,0.11819996871054173,,0,,,0,0,,,no_face,0,0.006200047209858894,1,,0,,0,,0,hover,0.01610000617802143,1
1790161529.7838092,,0.03465390205383301,28.856779200407296,,30.286000110208988,,0,,,0,0,,,no_face,0,0.003800028935074806,1,,0,,0,30.20890010520816,1,hover,0.010299962013959885,1
1790161529.7972763,,0.013467073440551758,74.25518279189166,,0.09540002793073654,,0,,,0,0,,,no_face,0,0.009299954399466515,1,,0,,0,,0,hover,0.014299992471933365,1
1790161529.8377564,,0.04048013687133789,24.703473784646555,,36.16429993417114,,0,,,0,0,,,no_face,0,0.004799920134246349,1,7.514200056903064,1,,0,28.567599947564304,1,hover,0.011899974197149277,1
1790161529.877041,,0.039284706115722656,25.45519869880805,,0.0923000043258071,,0,,,0,0,,,no_face,0,0.00500003807246685,1,,0,,0,,0,hover,0.011999974958598614,1
1790161529.9014199,,0.02437877655029297,41.019285686343544,,26.936699985526502,,0,,,0,0,,,no_face,0,0.005200039595365524,1,,0,,0,26.847400004044175,1,hover,0.012299977242946625,1
1790161529.920045,,0.01862502098083496,53.69121468528783,,0.089899986051023,,0,,,0,0,,,no_face,0,0.004600035026669502,1,,0,,0,,0,hover,0.01209997572004795,1
1790161529.9687932,,0.04874825477600098,20.513554887144497,,42.05379995983094,,0,,,0,0,,,no_face,0,0.005300040356814861,1,8.431800059042871,1,,0,33.53779995813966,1,hover,0.011299969628453255,1
1790161530.0211444,,0.05235123634338379,19.101745629095944,,0.10439998004585505,,0,,,0,0,,,no_face,0,0.004900037311017513,1,,0,,0,,0,hover,0.013499986380338669,1
1790161530.0511918,,0.03004741668701172,33.28073126606786,,26.90030005760491,,0,,,0,0,,,no_face,0,0.004200031980872154,1,,0,,0,26.79619996342808,1,hover,0.010999967344105244,1
1790161530.0635378,,0.012346029281616211,80.99770194851592,,0.09670003782957792,,0,,,0,0,,,no_face,0,0.004500034265220165,1,,0,,0,,0,hover,0.012699980288743973,1
1790161530.1013963,,0.03785848617553711,26.41415706278733,,36.501599941402674,,0,,,0,0,,,no_face,0,0.004699919372797012,1,7.330499938689172,1,,0,29.08090001437813,1,hover,0.012199976481497288,1
1790161530.1490512,,0.04765486717224121,20.98421545034746,,0.10740000288933516,,0,,,0,0,,,no_face,0,0.005100038833916187,1,,0,,0,,0,hover,0.01309998333454132,1
1790161530.1841862,,0.03513503074645996,28.461623022793432,,28.71350001078099,,0,,,0,0,,,no_face,0,0.005900044925510883,1,,0,,0,28.600499965250492,1,hover,0.014599994756281376,1
1790161530.194786,,0.010599851608276367,94.3409433410558,,0.10820000898092985,,0,,,0,0,,,no_face,0,0.0198000343516469,1,,0,,0,,0,hover,0.011599971912801266,1
1790161530.2336867,,0.03890061378479004,25.706535262715967,,35.548900021240115,,0,,,0,0,,,no_face,0,0.00509992241859436,1,7.752500008791685,1,,0,27.662200038321316,1,hover,0.012699980288743973,1
1790161530.2779934,,0.04430675506591797,22.56992186659205,,0.27089996729046106,,0,,,0,0,,,no_face,0,0.010299962013959885,1,,0,,0,,0,hover,0.026799971237778664,1
1790161530.3482492,,0.07025575637817383,14.233709115836485,,65.05690002813935,,0,,,0,0,,,no_face,0,0.004600035026669502,1,,0,,0,65.01499994192272,1,hover,0.010999967344105244,1
1790161530.3663156,,0.01806640625,55.351351351351354,,0.08409994188696146,,0,,,0,0,,,no_face,0,0.00700005330145359,1,,0,,0,,0,hover,0.016300007700920105,1
1790161530.4484708,,0.08215522766113281,12.172079957281824,,74.49540006928146,,0,,,0,0,,,no_face,0,0.006100046448409557,1,8.554399944841862,1,,0,65.8471001079306,1,hover,0.01479999627918005,1
1790161530.4607453,,0.012274503707885742,81.46968902356117,,0.14759995974600315,,0,,,0,0,,,no_face,0,0.006300047971308231,1,,0,,0,,0,hover,0.015700003132224083,1
1790161530.601787,,0.14104175567626953,7.090098922869912,,55.079500074498355,,0,,,0,0,,,no_face,0,0.005600042641162872,1,,0,,0,54.947399999946356,1,hover,0.014199991710484028,1
1790161530.6128016,,0.011014461517333984,90.78973115719295,,0.10519998613744974,,0,,,0,0,,,no_face,0,0.004999921657145023,1,,0,,0,,0,hover,0.01279998105019331,1
1790161530.6835873,,0.0707857608795166,14.127134999680024,,67.3586999764666,,0,,,0,0,,,no_face,0,0.010299962013959885,1,8.27340001706034,1,,0,58.95259999670088,1,hover,0.020200037397444248,1
1790161530.697339,,0.013751745223999023,72.71804296190989,,0.09200000204145908,,0,,,0,0,,,no_face,0,0.004500034265220165,1,,0,,0,,0,hover,0.012299977242946625,1
1790161530.7377994,,0.04046034812927246,24.71555600077783,,31.27080004196614,,0,,,0,0,,,no_face,0,0.007999944500625134,1,,0,,0,31.123599968850613,1,hover,0.019300030544400215,1
1790161530.805424,,0.06762456893920898,14.78752494376635,,0.17229991499334574,,0,,,0,0,,,no_face,0,0.008900067768990993,1,,0,,0,,0,hover,0.02219993621110916,1
1790161530.8468766,,0.041452646255493164,24.123912230753746,,41.56050004530698,,0,,,0,0,,,no_face,0,0.0039000296965241432,1,4.575000028125942,1,,0,36.922500003129244,1,hover,0.009199953638017178,1
1790161530.8631709,,0.016294240951538086,61.37137673207205,,0.21980004385113716,,0,,,0,0,,,no_face,0,0.1202999847009778,1,,0,,0,,0,hover,0.013999990187585354,1
1790161530.9016356,,0.03846478462219238,25.997805780590454,,34.00310000870377,,0,,,0,0,,,no_face,0,0.003400025889277458,1,,0,,0,33.93559996038675,1,hover,0.00879995059221983,1
1790161530.949746,,0.048110246658325195,20.785592871762088,,0.0771000050008297,,0,,,0,0,,,no_face,0,0.00409991480410099,1,,0,,0,,0,hover,0.009500072337687016,1
1790161530.9861283,,0.036382436752319336,27.485789553011486,,29.990100068971515,,0,,,0,0,,,no_face,0,0.003500026650726795,1,6.064999965019524,1,,0,23.85690005030483,1,hover,0.00909995287656784,1
1790161530.9927554,,0.006627082824707031,150.89595625269823,,0.11140003334730864,,0,,,0,0,,,no_face,0,0.005200039595365524,1,,0,,0,,0,hover,0.01379998866468668,1
1790161531.0171342,,0.02437877655029297,41.019285686343544,,21.252599894069135,,0,,,0,0,,,no_face,0,0.00400003045797348,1,,0,,0,21.159099997021258,1,hover,0.010300078429281712,1
1790161531.0780916,,0.06095743179321289,16.404890602877103,,0.04379998426884413,,0,,,0,0,,,no_face,0,0.003600027412176132,1,,0,,0,,0,hover,0.009399955160915852,1
1790161531.1015565,,0.02346491813659668,42.61681179447058,,25.385199929587543,,0,,,0,0,,,no_face,0,0.004599918611347675,1,6.460800068452954,1,,0,18.88909994158894,1,hover,0.010600080713629723,1
1790161531.11744,,0.015883445739746094,62.95863104172921,,0.045599997974932194,,0,,,0,0,,,no_face,0,0.003800028935074806,1,,0,,0,,0,hover,0.010699965059757233,1
1790161531.1390297,,0.02158975601196289,46.318263135808465,,20.4597000265494,,0,,,0,0,,,no_face,0,0.003600027412176132,1,,0,,0,20.424799993634224,1,hover,0.009600073099136353,1
1790161531.2051558,,0.06612610816955566,15.122619910366932,,0.09829993359744549,,0,,,0,0,,,no_face,0,0.008600065484642982,1,,0,,0,,0,hover,0.019200029782950878,1
1790161531.2289708,,0.023814916610717773,41.990489252855724,,29.767200001515448,,0,,,0,0,,,no_face,0,0.003800028935074806,1,5.7496000081300735,1,,0,23.98699999321252,1,hover,0.009299954399466515,1
1790161531.2507057,,0.021734952926635742,46.008841306231695,,0.07319997530430555,,0,,,0,0,,,no_face,0,0.0070999376475811005,1,,0,,0,,0,hover,0.017400016076862812,1
1790161531.2734568,,0.0227510929107666,43.95393240764999,,21.712600020691752,,0,,,0,0,,,no_face,0,0.006300047971308231,1,,0,,0,21.658999961800873,1,hover,0.015700003132224083,1
1790161531.348358,,0.07490110397338867,13.35093806301288,,0.0673000467941165,,0,,,0,0,,,no_face,0,0.02410006709396839,1,,0,,0,,0,hover,0.010599964298307896,1
1790161531.3709586,,0.022600650787353516,44.24651349241513,,25.049999938346446,,0,,,0,0,,,no_face,0,0.003700028173625469,1,5.0737999845296144,1,,0,19.947799970395863,1,hover,0.008299946784973145,1
1790161531.3869073,,0.015948772430419922,62.7007504409962,,0.08189992513507605,,0,,,0,0,,,no_face,0,0.008899951353669167,1,,0,,0,,0,hover,0.018600025214254856,1
1790161531.401811,,0.014903545379638672,67.09812829947208,,20.26530005969107,,0,,,0,0,,,no_face,0,0.004100031219422817,1,,0,,0,20.22710000164807,1,hover,0.010399962775409222,1
1790161531.4762516,,0.07444071769714355,13.433508312862116,,0.09190000128000975,,0,,,0,0,,,no_face,0,0.006800051778554916,1,,0,,0,,0,hover,0.042199972085654736,1
1790161531.5017135,,0.025461912155151367,39.27434805000234,,34.0844999300316,,0,,,0,0,,,no_face,0,0.005700043402612209,1,4.943300038576126,1,,0,29.09989992622286,1,hover,0.012999982573091984,1
1790161531.5235136,,0.02180004119873047,45.871472942823395,,0.06330001633614302,,0,,,0,0,,,no_face,0,0.00600004568696022,1,,0,,0,,0,hover,0.014899997040629387,1
1790161531.5453725,,0.021858930587768555,45.747892193754566,,19.547199946828187,,0,,,0,0,,,no_face,0,0.0030999071896076202,1,,0,,0,19.51579994056374,1,hover,0.008800067007541656,1
1790161531.6046925,,0.05931997299194336,16.857728511370304,,0.04840001929551363,,0,,,0,0,,,no_face,0,0.004199915565550327,1,,0,,0,,0,hover,0.011100084520876408,1
1790161531.6348782,,0.030185699462890625,33.1282699355491,,29.51639995444566,,0,,,0,0,,,no_face,0,0.006299931555986404,1,6.294199964031577,1,,0,23.174599977210164,1,hover,0.014999997802078724,1
1790161531.6480725,,0.01319432258605957,75.79017365063876,,0.046699889935553074,,0,,,0,0,,,no_face,0,0.003700028173625469,1,,0,,0,,0,hover,0.0100000761449337,1
1790161531.6739311,,0.025858640670776367,38.67179302778008,,20.33379999920726,,0,,,0,0,,,no_face,0,0.004200031980872154,1,,0,,0,20.29690006747842,1,hover,0.01009996049106121,1
1790161531.7325332,,0.058602094650268555,17.064236457210278,,0.09740004315972328,,0,,,0,0,,,no_face,0,0.0068999361246824265,1,,0,,0,,0,hover,0.01650000922381878,1
1790161531.7576234,,0.02509021759033203,39.85617089209016,,26.02910005953163,,0,,,0,0,,,no_face,0,0.004200031980872154,1,5.463599925860763,1,,0,20.528400084003806,1,search_360,0.014399993233382702,1
1790161531.772057,,0.014433622360229492,69.28267728241299,,0.04369998350739479,,0,,,0,0,,,no_face,0,0.004200031980872154,1,,0,,0,,0,search_360,0.006800051778554916,1
1790161531.8887103,,0.1166532039642334,8.572417782083432,,17.977299983613193,,0,,,0,0,,,no_face,0,0.0039000296965241432,1,,0,,0,17.944599967449903,1,search_360,0.0069999368861317635,1
1790161531.9008691,,0.012158870697021484,82.24448017569317,,0.04700000863522291,,0,,,0,0,,,no_face,0,0.009199953638017178,1,,0,,0,,0,search_360,0.007100054062902927,1
1790161532.0289834,,0.1281142234802246,7.805534567786359,,23.773499997332692,,0,,,0,0,,,no_face,0,0.0039000296965241432,1,5.095600034110248,1,,0,18.612599931657314,1,search_360,0.006499933078885078,1
1790161532.0366178,,0.007634401321411133,130.98604041098028,,0.14080002438277006,,0,,,0,0,,,no_face,0,0.004600035026669502,1,,0,,0,,0,search_360,0.0075999414548277855,1
1790161532.0616965,,0.025078773498535156,39.87435829182036,,19.624199951067567,,0,,,0,0,,,no_face,0,0.0038999132812023163,1,,0,,0,19.54659994225949,1,search_360,0.00700005330145359,1
1790161532.0689433,,0.007246732711791992,137.99322256950157,,0.07440010085701942,,0,,,0,0,,,no_face,0,0.003300025127828121,1,,0,,0,,0,search_360,0.006200047209858894,1
1790161532.1483207,,0.07937741279602051,12.598042248740738,,24.613200104795396,,0,,,0,0,,,no_face,0,0.003600027412176132,1,5.883599980734289,1,,0,18.66380008868873,1,search_360,0.006300047971308231,1
1790161532.1636522,,0.015331506729125977,65.22516134048675,,0.07940002251416445,,0,,,0,0,,,no_face,0,0.003600027412176132,1,,0,,0,,0,search_360,0.0068999361246824265,1
1790161532.1802015,,0.016549348831176758,60.425338193133854,,19.31979996152222,,0,,,0,0,,,no_face,0,0.003999914042651653,1,,0,,0,19.240399939008057,1,search_360,0.007200054824352264,1
1790161532.2767608,,0.09655928611755371,10.356331744028997,,0.18919992726296186,,0,,,0,0,,,no_face,0,0.005300040356814861,1,,0,,0,,0,search_360,0.010499963536858559,1
1790161532.3004808,,0.02372002601623535,42.158469780578756,,30.07939993403852,,0,,,0,0,,,no_face,0,0.00600004568696022,1,7.432300015352666,1,,0,22.556499927304685,1,search_360,0.009599956683814526,1
1790161532.404613,,0.10413217544555664,9.60317976380729,,0.11010002344846725,,0,,,0,0,,,no_face,0,0.005700043402612209,1,,0,,0,,0,search_360,0.010199961252510548,1
1790161532.4265754,,0.021962404251098633,45.53235559125894,,25.198300019837916,,0,,,0,0,,,no_face,0,0.003600027412176132,1,,0,,0,25.129099958576262,1,search_360,0.006800051778554916,1
1790161532.4442637,,0.017688274383544922,56.53462730826257,,0.10710000060498714,,0,,,0,0,,,no_face,0,0.005900044925510883,1,,0,,0,,0,search_360,0.011499971151351929,1
1790161532.466927,,0.022663354873657227,44.124093964673825,,27.793699991889298,,0,,,0,0,,,no_face,0,0.003999914042651653,1,5.11320005171001,1,,0,22.6120000006631,1,search_360,0.006300047971308231,1
1790161532.532577,,0.06564998626708984,15.232295646363253,,0.11789996642619371,,0,,,0,0,,,no_face,0,0.004200031980872154,1,,0,,0,,0,search_360,0.00800006091594696,1
1790161532.5435188,,0.010941743850708008,91.39311006035778,,19.202199997380376,,0,,,0,0,,,no_face,0,0.003500026650726795,1,,0,,0,19.136399962008,1,search_360,0.006100046448409557,1
1790161532.5636294,,0.020110607147216797,49.725002963841135,,0.07129996083676815,,0,,,0,0,,,no_face,0,0.003600027412176132,1,,0,,0,,0,search_360,0.006800051778554916,1
1790161532.696299,,0.13266968727111816,7.537516825199432,,23.96800008136779,,0,,,0,0,,,no_face,0,0.004200031980872154,1,5.251200054772198,1,,0,18.68630002718419,1,search_360,0.0073999399319291115,1
1790161532.7071414,,0.010842323303222656,92.23115489488961,,0.03800005652010441,,0,,,0,0,,,no_face,0,0.003700028173625469,1,,0,,0,,0,search_360,0.0070999376475811005,1
1790161532.820258,,0.11311650276184082,8.8404430439777,,17.958100070245564,,0,,,0,0,,,no_face,0,0.005700043402612209,1,,0,,0,17.912000068463385,1,search_360,0.01079996582120657,1
1790161532.8289378,,0.008679866790771484,115.20914135032687,,0.03759993705898523,,0,,,0,0,,,no_face,0,0.0034999102354049683,1,,0,,0,,0,search_360,0.006400048732757568,1
1790161532.8517709,,0.02283310890197754,43.79605091417891,,22.98999996855855,,0,,,0,0,,,no_face,0,0.003700028173625469,1,4.53380006365478,1,,0,18.42929993290454,1,search_360,0.006499933078885078,1
1790161532.8663766,,0.01460576057434082,68.46613669381826,,0.03530003596097231,,0,,,0,0,,,no_face,0,0.003400025889277458,1,,0,,0,,0,search_360,0.006400048732757568,1
1790161532.948505,,0.08212828636169434,12.176072876962067,,18.722100066952407,,0,,,0,0,,,no_face,0,0.003400025889277458,1,,0,,0,18.693100078962743,1,search_360,0.006400048732757568,1
1790161532.9570143,,0.008509397506713867,117.51713317082738,,0.03300001844763756,,0,,,0,0,,,no_face,0,0.003500026650726795,1,,0,,0,,0,search_360,0.005800044164061546,1
1790161532.9811563,,0.024142026901245117,41.42154277644456,,28.5212000599131,,0,,,0,0,,,no_face,0,0.003800028935074806,1,5.981599912047386,1,,0,22.426200099289417,1,search_360,0.0065999338403344154,1
1790161533.0602021,,0.07904577255249023,12.650897925451376,,0.15890004578977823,,0,,,0,0,,,no_face,0,0.005899928510189056,1,,0,,0,,0,search_360,0.011100084520876408,1
1790161533.0854883,,0.025286197662353516,39.54726658997907,,18.770100083202124,,0,,,0,0,,,no_face,0,0.003300025127828121,1,,0,,0,18.649999983608723,1,search_360,0.007100054062902927,1
1790161533.0928268,,0.007338523864746094,136.26718648473033,,0.11550006456673145,,0,,,0,0,,,no_face,0,0.003800028935074806,1,,0,,0,,0,search_360,0.007500057108700275,1
1790161533.1147466,,0.021919727325439453,45.62100546020144,,22.970299934968352,,0,,,0,0,,,no_face,0,0.003999914042651653,1,5.04339998587966,1,,0,17.809799988754094,1,search_360,0.006800051778554916,1
1790161533.2056673,,0.09092068672180176,10.998597085609244,,0.10459998156875372,,0,,,0,0,,,no_face,0,0.003600027412176132,1,,0,,0,,0,search_360,0.0066999346017837524,1
1790161533.227388,,0.02172064781188965,46.039142509028245,,20.559299970045686,,0,,,0,0,,,no_face,0,0.00400003045797348,1,,0,,0,20.448099938221276,1,search_360,0.00609993003308773,1
1790161533.3325558,,0.10516786575317383,9.508607908303219,,0.05989999044686556,,0,,,0,0,,,no_face,0,0.004600035026669502,1,,0,,0,,0,search_360,0.011699972674250603,1
1790161533.3554118,,0.02285599708557129,43.75219318833776,,22.76630001142621,,0,,,0,0,,,no_face,0,0.004600035026669502,1,5.015600007027388,1,,0,17.718899995088577,1,search_360,0.007899943739175797,1
1790161533.3702788,,0.014867067337036133,67.26276119762015,,0.060999998822808266,,0,,,0,0,,,no_face,0,0.004800036549568176,1,,0,,0,,0,search_360,0.011899974197149277,1
1790161533.4763517,,0.10607290267944336,9.427478410975901,,21.482400014065206,,0,,,0,0,,,no_face,0,0.004799920134246349,1,,0,,0,21.440100041218102,1,search_360,0.009400071576237679,1
1790161533.4894376,,0.01308584213256836,76.4184673687279,,0.040499959141016006,,0,,,0,0,,,no_face,0,0.0037999125197529793,1,,0,,0,,0,search_360,0.006700051017105579,1
1790161533.5112584,,0.021820783615112305,45.827868404663306,,23.69970001745969,,0,,,0,0,,,no_face,0,0.00400003045797348,1,4.586499999277294,1,,0,19.085500040091574,1,search_360,0.0067999353632330894,1
1790161533.5257614,,0.014503002166748047,68.9512411638994,,0.04109996370971203,,0,,,0,0,,,no_face,0,0.004500034265220165,1,,0,,0,,0,search_360,0.0074999406933784485,1
1790161533.6205587,,0.09479737281799316,10.548815544919758,,17.89139991160482,,0,,,0,0,,,no_face,0,0.0036999117583036423,1,,0,,0,17.860099906101823,1,search_360,0.006700051017105579,1
1790161533.629986,,0.009427309036254883,106.07480842669634,,0.035100034438073635,,0,,,0,0,,,no_face,0,0.003600027412176132,1,,0,,0,,0,search_360,0.005899928510189056,1
1790161533.7637386,,0.13375258445739746,7.476491045438584,,31.58200008329004,,0,,,0,0,,,no_face,0,0.017000013031065464,1,6.565600051544607,1,,0,24.964199983514845,1,search_360,0.0097999582067132,1
1790161533.7722485,,0.00850987434387207,117.51054828677891,,0.0735999783501029,,0,,,0,0,,,no_face,0,0.0067999353632330894,1,,0,,0,,0,search_360,0.01300009898841381,1
1790161533.7983506,,0.026102066040039062,38.31114358786993,,22.592599969357252,,0,,,0,0,,,no_face,0,0.004400033503770828,1,,0,,0,22.556499927304685,1,search_360,0.0074999406933784485,1
1790161533.8601956,,0.06184506416320801,16.16943912227204,,0.06160000339150429,,0,,,0,0,,,no_face,0,0.006500049494206905,1,,0,,0,,0,search_360,0.011499971151351929,1
1790161533.882704,,0.02250838279724121,44.427891999533934,,25.540099944919348,,0,,,0,0,,,no_face,0,0.004700035788118839,1,5.603200057521462,1,,0,19.858799991197884,1,search_360,0.008100061677396297,1
1790161533.8996696,,0.016965627670288086,58.94270577158195,,0.11620006989687681,,0,,,0,0,,,no_face,0,0.005400041118264198,1,,0,,0,,0,search_360,0.010599964298307896,1
1790161533.9238656,,0.02419590950012207,41.32929989653643,,26.103199925273657,,0,,,0,0,,,no_face,0,0.003999914042651653,1,,0,,0,26.026599924080074,1,search_360,0.006300047971308231,1
1790161534.0046442,,0.08077859878540039,12.379516543195301,,0.10910001583397388,,0,,,0,0,,,no_face,0,0.004200031980872154,1,,0,,0,,0,search_360,0.0067999353632330894,1
1790161534.026369,,0.021724939346313477,46.030047958209416,,25.28209995944053,,0,,,0,0,,,no_face,0,0.004100031219422817,1,5.077000008895993,1,,0,20.131199969910085,1,search_360,0.0065999338403344154,1
1790161534.1324747,,0.10610556602478027,9.424576273090674,,0.11899997480213642,,0,,,0,0,,,no_face,0,0.005399924702942371,1,,0,,0,,0,search_360,0.009800074622035027,1
1790161534.1543012,,0.021826505661010742,45.81585415141949,,20.704799913801253,,0,,,0,0,,,no_face,0,0.003999914042651653,1,,0,,0,20.622999989427626,1,search_360,0.007500057108700275,1
1790161534.1673632,,0.013062000274658203,76.55795276165443,,0.07550010923296213,,0,,,0,0,,,no_face,0,0.003600027412176132,1,,0,,0,,0,search_360,0.006600050255656242,1
1790161534.2831633,,0.11580014228820801,8.635567972888671,,34.787300042808056,,0,,,0,0,,,no_face,0,0.004900037311017513,1,7.3859000112861395,1,,0,27.365999994799495,1,search_360,0.008299946784973145,1
1790161534.3036013,,0.020437955856323242,48.92857226182005,,0.06660004146397114,,0,,,0,0,,,no_face,0,0.0070999376475811005,1,,0,,0,,0,search_360,0.012600095942616463,1
1790161534.3275332,,0.02393198013305664,41.785092350913544,,24.804399930872023,,0,,,0,0,,,no_face,0,0.008899951353669167,1,,0,,0,24.76219995878637,1,search_360,0.008599949069321156,1
1790161534.3433473,,0.01581406593322754,63.23484448732832,,0.04439998883754015,,0,,,0,0,,,no_face,0,0.003800028935074806,1,,0,,0,,0,search_360,0.007600057870149612,1
1790161534.4045417,,0.061194419860839844,16.341359265666153,,25.604400085285306,,0,,,0,0,,,no_face,0,0.003500026650726795,1,4.719899967312813,1,,0,20.857700030319393,1,search_360,0.006600050255656242,1
1790161534.4209146,,0.0163729190826416,61.076463821298034,,0.05240004975348711,,0,,,0,0,,,no_face,0,0.005400041118264198,1,,0,,0,,0,search_360,0.009399955160915852,1
1790161534.4438288,,0.02291417121887207,43.64111581641678,,24.999500019475818,,0,,,0,0,,,no_face,0,0.004300032742321491,1,,0,,0,24.96640000026673,1,search_360,0.0073999399319291115,1
1790161534.4596963,,0.01586747169494629,63.02201253136598,,0.06510003004223108,,0,,,0,0,,,no_face,0,0.0070999376475811005,1,,0,,0,,0,search_360,0.012200092896819115,1
1790161534.5483806,,0.0886843204498291,11.275950415222773,,27.834100066684186,,0,,,0,0,,,no_face,0,0.003600027412176132,1,4.751299973577261,1,,0,23.056300007738173,1,search_360,0.006800051778554916,1
1790161534.5675697,,0.019189119338989258,52.112865751382245,,0.04640000406652689,,0,,,0,0,,,no_face,0,0.003800028935074806,1,,0,,0,,0,search_360,0.0069999368861317635,1
1790161534.5828295,,0.015259742736816406,65.531904255984,,18.698400002904236,,0,,,0,0,,,no_face,0,0.003700028173625469,1,,0,,0,18.666199990548193,1,search_360,0.0067999353632330894,1
1790161534.5988193,,0.01598978042602539,62.53994572510661,,0.04539999645203352,,0,,,0,0,,,no_face,0,0.003700028173625469,1,,0,,0,,0,search_360,0.0067999353632330894,1
1790161534.6831229,,0.08430361747741699,11.861887187318825,,22.614200017414987,,0,,,0,0,,,no_face,0,0.0038999132812023163,1,4.914900055155158,1,,0,17.67249999102205,1,search_360,0.006400048732757568,1
1790161534.6906035,,0.007480621337890625,133.6787353391127,,0.03570003900676966,,0,,,0,0,,,no_face,0,0.003700028173625469,1,,0,,0,,0,search_360,0.006400048732757568,1
1790161534.7125187,,0.021915197372436523,45.63043549211806,,17.19859999138862,,0,,,0,0,,,no_face,0,0.003500026650726795,1,,0,,0,17.1701000072062,1,search_360,0.005899928510189056,1
1790161534.7221851,,0.00966644287109375,103.45067087608524,,0.03660004585981369,,0,,,0,0,,,no_face,0,0.003600027412176132,1,,0,,0,,0,search_360,0.005999929271638393,1
1790161534.820278,,0.09809279441833496,10.194428713441622,,32.68460009712726,,0,,,0,0,,,no_face,0,0.003600027412176132,1,4.980699974112213,1,,0,27.670400100760162,1,search_360,0.007300055585801601,1
1790161534.8280752,,0.0077972412109375,128.2504892367906,,0.034400029107928276,,0,,,0,0,,,no_face,0,0.003500026650726795,1,,0,,0,,0,search_360,0.00609993003308773,1
1790161534.8509321,,0.022856950759887695,43.750367689242616,,19.229399971663952,,0,,,0,0,,,no_face,0,0.003200024366378784,1,,0,,0,19.19729996006936,1,search_360,0.006299931555986404,1
1790161534.8614082,,0.010476112365722656,95.45525716886664,,0.03530003596097231,,0,,,0,0,,,no_face,0,0.003500026650726795,1,,0,,0,,0,search_360,0.00609993003308773,1
1790161534.9489653,,0.08755707740783691,11.421121280031368,,23.635399993509054,,0,,,0,0,,,no_face,0,0.003300025127828121,1,6.042700028046966,1,,0,17.568000010214746,1,search_360,0.006199930794537067,1
1790161534.9633226,,0.014357328414916992,69.65084109666384,,0.06210000719875097,,0,,,0,0,,,no_face,0,0.006100046448409557,1,,0,,0,,0,search_360,0.009899958968162537,1
1790161534.9834948,,0.020172119140625,49.57337367624811,,17.61749992147088,,0,,,0,0,,,no_face,0,0.0030999071896076202,1,,0,,0,17.58819993119687,1,search_360,0.006700051017105579,1
1790161534.993278,,0.009783267974853516,102.21533362577375,,0.03599992487579584,,0,,,0,0,,,no_face,0,0.003300025127828121,1,,0,,0,,0,search_360,0.006400048732757568,1
1790161535.0869133,,0.09363532066345215,10.679730607152406,,28.774800011888146,,0,,,0,0,,,no_face,0,0.004299916326999664,1,5.035299924202263,1,,0,23.71010009665042,1,search_360,0.007500057108700275,1
1790161535.0963743,,0.009460926055908203,105.69789829141676,,0.05080003757029772,,0,,,0,0,,,no_face,0,0.005500041879713535,1,,0,,0,,0,search_360,0.009999959729611874,1
1790161535.1183503,,0.021975994110107422,45.50419858094474,,21.341399988159537,,0,,,0,0,,,no_face,0,0.004600035026669502,1,,0,,0,21.301600034348667,1,search_360,0.00879995059221983,1
1790161535.1322281,,0.01387786865234375,72.0571742715778,,0.03790005575865507,,0,,,0,0,,,no_face,0,0.003700028173625469,1,,0,,0,,0,search_360,0.0067999353632330894,1
1790161535.2038345,,0.07160639762878418,13.9652326204722,,29.404600034467876,,0,,,0,0,,,no_face,0,0.00400003045797348,1,5.487699992954731,1,,0,23.889899952337146,1,search_360,0.0065999338403344154,1
1790161535.225168,,0.02133345603942871,46.874730383665444,,0.03639992792159319,,0,,,0,0,,,no_face,0,0.0034999102354049683,1,,0,,0,,0,search_360,0.006100046448409557,1
1790161535.2457297,,0.020561695098876953,48.63412258528327,,17.954799928702414,,0,,,0,0,,,no_face,0,0.0039000296965241432,1,,0,,0,17.922300030477345,1,search_360,0.00700005330145359,1
1790161535.2544372,,0.008707523345947266,114.84321778653963,,0.058399979025125504,,0,,,0,0,,,no_face,0,0.006200047209858894,1,,0,,0,,0,search_360,0.011399970389902592,1
1790161535.348305,,0.09386777877807617,10.653282873180768,,24.06850003171712,,0,,,0,0,,,no_face,0,0.003700028173625469,1,4.52630000654608,1,,0,19.514600047841668,1,search_360,0.0067999353632330894,1
1790161535.364007,,0.015702009201049805,63.686117311225495,,0.038800062611699104,,0,,,0,0,,,no_face,0,0.00400003045797348,1,,0,,0,,0,search_360,0.006600050255656242,1
1790161535.3847349,,0.020727872848510742,48.24421720976777,,19.736899994313717,,0,,,0,0,,,no_face,0,0.003300025127828121,1,,0,,0,19.709400017745793,1,search_360,0.005899928510189056,1
1790161535.39872,,0.013985157012939453,71.50438132905998,,0.059200101532042027,,0,,,0,0,,,no_face,0,0.007100054062902927,1,,0,,0,,0,search_360,0.010299962013959885,1
1790161535.4764588,,0.07773876190185547,12.863595657240998,,22.635299945250154,,0,,,0,0,,,no_face,0,0.003800028935074806,1,4.441800061613321,1,,0,18.094199942424893,1,search_360,0.007100054062902927,1
1790161535.490978,,0.014519214630126953,68.8742487438011,,0.09079999290406704,,0,,,0,0,,,no_face,0,0.003600027412176132,1,,0,,0,,0,search_360,0.006200047209858894,1
1790161535.5135834,,0.022605419158935547,44.23718016326703,,26.270100031979382,,0,,,0,0,,,no_face,0,0.003700028173625469,1,,0,,0,26.167300064116716,1,search_360,0.006399932317435741,1
1790161535.5305102,,0.01692676544189453,59.07803256521494,,0.11380005162209272,,0,,,0,0,,,no_face,0,0.003300025127828121,1,,0,,0,,0,search_360,0.0066999346017837524,1
1790161535.6042268,,0.07371664047241211,13.565458132539863,,22.0788000151515,,0,,,0,0,,,no_face,0,0.004400033503770828,1,5.1877000369131565,1,,0,16.779799945652485,1,search_360,0.007999944500625134,1
1790161535.617394,,0.013167142868041992,75.9466203125283,,0.11349993292242289,,0,,,0,0,,,no_face,0,0.0036999117583036423,1,,0,,0,,0,search_360,0.007900060154497623,1
1790161535.6391292,,0.021735191345214844,46.00833662410601,,17.61620002798736,,0,,,0,0,,,no_face,0,0.003500026650726795,1,,0,,0,17.51099992543459,1,search_360,0.006200047209858894,1
1790161535.6490083,,0.009879112243652344,101.22367023844001,,0.09660003706812859,,0,,,0,0,,,no_face,0,0.003600027412176132,1,,0,,0,,0,search_360,0.0067999353632330894,1
1790161535.7320051,,0.08299684524536133,12.048650729358773,,23.235299973748624,,0,,,0,0,,,no_face,0,0.004400033503770828,1,6.437800009734929,1,,0,16.686399932950735,1,search_360,0.009699957445263863,1
1790161535.7463763,,0.014371156692504883,69.5838213580636,,0.07810001261532307,,0,,,0,0,,,no_face,0,0.0039000296965241432,1,,0,,0,,0,search_360,0.0065999338403344154,1
1790161535.7679982,,0.0216219425201416,46.249313588197026,,16.983200097456574,,0,,,0,0,,,no_face,0,0.004600035026669502,1,,0,,0,16.88460004515946,1,search_360,0.0073999399319291115,1
1790161535.7768173,,0.008819103240966797,113.39021357123546,,0.08330005221068859,,0,,,0,0,,,no_face,0,0.003600027412176132,1,,0,,0,,0,search_360,0.0067999353632330894,1
1790161535.8764515,,0.09963417053222656,10.036717269368456,,23.546300013549626,,0,,,0,0,,,no_face,0,0.003600027412176132,1,4.570999997667968,1,,0,18.896900000981987,1,search_360,0.0066999346017837524,1
1790161535.891244,,0.014792442321777344,67.60208884017794,,0.09609991684556007,,0,,,0,0,,,no_face,0,0.005300040356814861,1,,0,,0,,0,search_360,0.009699957445263863,1
1790161535.9129076,,0.021663665771484375,46.16023947878148,,17.708600033074617,,0,,,0,0,,,no_face,0,0.003400025889277458,1,,0,,0,17.630500020459294,1,search_360,0.006399932317435741,1
1790161535.9223092,,0.009401559829711914,106.36532853194025,,0.07609999738633633,,0,,,0,0,,,no_face,0,0.003300025127828121,1,,0,,0,,0,search_360,0.00600004568696022,1
1790161536.0042448,,0.08193564414978027,12.20470053511725,,26.98169997893274,,0,,,0,0,,,no_face,0,0.004100031219422817,1,4.7978999791666865,1,,0,22.053199936635792,1,search_360,0.0072999391704797745,1
1790161536.0227122,,0.018467426300048828,54.14939709261793,,0.11140003334730864,,0,,,0,0,,,no_face,0,0.003700028173625469,1,,0,,0,,0,search_360,0.006500049494206905,1
1790161536.0446658,,0.021953582763671875,45.550651607298,,17.736499896273017,,0,,,0,0,,,no_face,0,0.004300032742321491,1,,0,,0,17.536899889819324,1,search_360,0.01079996582120657,1
1790161536.0531526,,0.008486747741699219,117.83076750196652,,0.11690007522702217,,0,,,0,0,,,no_face,0,0.003700028173625469,1,,0,,0,,0,search_360,0.006700051017105579,1
1790161536.1333408,,0.08018827438354492,12.470651197916357,,23.513799998909235,,0,,,0,0,,,no_face,0,0.006600050255656242,1,4.983399994671345,1,,0,18.437899998389184,1,search_360,0.011699972674250603,1
1790161536.1485817,,0.015240907669067383,65.61289010559248,,0.09550002869218588,,0,,,0,0,,,no_face,0,0.003700028173625469,1,,0,,0,,0,search_360,0.0065999338403344154,1
1790161536.1713667,,0.022784948348999023,43.88862264170687,,18.03389994893223,,0,,,0,0,,,no_face,0,0.003600027412176132,1,,0,,0,17.97019992955029,1,search_360,0.006499933078885078,1
1790161536.1796741,,0.008307456970214844,120.37378027780967,,0.06499991286545992,,0,,,0,0,,,no_face,0,0.0032999087125062943,1,,0,,0,,0,search_360,0.006300047971308231,1
1790161536.2786467,,0.09897255897521973,10.103810696158469,,23.88220001012087,,0,,,0,0,,,no_face,0,0.00409991480410099,1,5.0604999996721745,1,,0,18.758299993351102,1,search_360,0.00700005330145359,1
1790161536.2911112,,0.012464523315429688,80.22769701606732,,0.06580003537237644,,0,,,0,0,,,no_face,0,0.003500026650726795,1,,0,,0,,0,search_360,0.006199930794537067,1
1790161536.3198438,,0.0287325382232666,34.80374731356783,,24.247099994681776,,0,,,0,0,,,no_face,0,0.005300040356814861,1,,0,,0,24.140699999406934,1,search_360,0.010399962775409222,1
1790161536.3279996,,0.00815582275390625,122.61178671655753,,0.09109999518841505,,0,,,0,0,,,no_face,0,0.005100038833916187,1,,0,,0,,0,search_360,0.01009996049106121,1
1790161536.405053,,0.07705330848693848,12.978028064421308,,22.403100039809942,,0,,,0,0,,,no_face,0,0.004300032742321491,1,5.190099938772619,1,,0,17.156100017018616,1,search_360,0.007400056347250938,1
1790161536.423298,,0.01824498176574707,54.80959163672003,,0.11220003943890333,,0,,,0,0,,,no_face,0,0.005400041118264198,1,,0,,0,,0,search_360,0.010399962775409222,1
1790161536.4380143,,0.014716386795043945,67.95146213041717,,16.875999979674816,,0,,,0,0,,,no_face,0,0.003300025127828121,1,,0,,0,16.817299998365343,1,search_360,0.005999929271638393,1
1790161536.452398,,0.014383792877197266,69.52269186142881,,0.06370001938194036,,0,,,0,0,,,no_face,0,0.003600027412176132,1,,0,,0,,0,search_360,0.005999929271638393,1
1790161536.5453706,,0.0929725170135498,10.755866702568245,,30.71349998936057,,0,,,0,0,,,no_face,0,0.00600004568696022,1,7.08810007199645,1,,0,23.52019993122667,1,search_360,0.010699965059757233,1
1790161536.555255,,0.009884357452392578,101.16995513531766,,0.10939990170300007,,0,,,0,0,,,no_face,0,0.005899928510189056,1,,0,,0,,0,search_360,0.010299962013959885,1
1790161536.580807,,0.025552034378051758,39.135827120636726,,20.424999995157123,,0,,,0,0,,,no_face,0,0.0039000296965241432,1,,0,,0,20.35859995521605,1,search_360,0.0066999346017837524,1
1790161536.5916228,,0.010815858840942383,92.4568279510636,,0.0754999928176403,,0,,,0,0,,,no_face,0,0.004200031980872154,1,,0,,0,,0,search_360,0.0072999391704797745,1
1790161536.6778142,,0.08619141578674316,11.60208346587813,,25.31200007069856,,0,,,0,0,,,no_face,0,0.006100046448409557,1,6.6781999776139855,1,,0,18.5485000256449,1,search_360,0.010399962775409222,1
1790161536.6946955,,0.016881227493286133,59.23739848880729,,0.10840001050382853,,0,,,0,0,,,no_face,0,0.005600042641162872,1,,0,,0,,0,search_360,0.010699965059757233,1
1790161536.716682,,0.02198648452758789,45.482487150014094,,18.7780000269413,,0,,,0,0,,,no_face,0,0.003500026650726795,1,,0,,0,18.712199991568923,1,search_360,0.0067999353632330894,1
1790161536.7274413,,0.010759353637695312,92.942386101755,,0.12209999840706587,,0,,,0,0,,,no_face,0,0.006600050255656242,1,,0,,0,,0,search_360,0.011499971151351929,1
1790161536.806253,,0.0788116455078125,12.688480154888675,,25.165600003674626,,0,,,0,0,,,no_face,0,0.004100031219422817,1,5.371700040996075,1,,0,19.729599938727915,1,hover,0.01379998866468668,1
1790161536.8201065,,0.01385354995727539,72.18366433758992,,0.08939998224377632,,0,,,0,0,,,no_face,0,0.005300040356814861,1,,0,,0,,0,hover,0.013599987141788006,1
1790161536.8386147,,0.018508195877075195,54.03011761068673,,18.58489995356649,,0,,,0,0,,,no_face,0,0.0036999117583036423,1,,0,,0,18.518200027756393,1,hover,0.009400071576237679,1
1790161536.8523328,,0.013718128204345703,72.89624248322848,,0.07589999586343765,,0,,,0,0,,,no_face,0,0.003400025889277458,1,,0,,0,,0,hover,0.009299954399466515,1
1790161536.9387555,,0.08642268180847168,11.571036434812115,,23.751899949274957,,0,,,0,0,,,no_face,0,0.0039000296965241432,1,4.832000005990267,1,,0,18.86539999395609,1,hover,0.008499948307871819,1
1790161536.9461424,,0.007386922836303711,135.37436658812896,,0.05710008554160595,,0,,,0,0,,,no_face,0,0.00300002284348011,1,,0,,0,,0,hover,0.008200062438845634,1
1790161536.9692705,,0.023128032684326172,43.23757293363297,,17.626199987716973,,0,,,0,0,,,no_face,0,0.0034999102354049683,1,,0,,0,17.561100074090064,1,hover,0.009200070053339005,1
1790161536.977328,,0.008057594299316406,124.10652148183217,,0.07919990457594395,,0,,,0,0,,,no_face,0,0.0034999102354049683,1,,0,,0,,0,hover,0.009400071576237679,1
1790161537.0677626,,0.09043455123901367,11.057720597927815,,23.714300012215972,,0,,,0,0,,,no_face,0,0.003500026650726795,1,4.96810011100024,1,,0,18.689399934373796,1,hover,0.00879995059221983,1
1790161537.0745041,,0.006741523742675781,148.3344178808884,,0.07059995550662279,,0,,,0,0,,,no_face,0,0.0037999125197529793,1,,0,,0,,0,hover,0.008900067768990993,1
1790161537.119645,,0.045140981674194336,22.152819077296854,,53.53070003911853,,0,,,0,0,,,no_face,0,0.003200024366378784,1,,0,,0,53.46640001516789,1,hover,0.008599949069321156,1
1790161537.1421618,,0.022516727447509766,44.411427119290146,,0.0638000201433897,,0,,,0,0,,,no_face,0,0.003600027412176132,1,,0,,0,,0,hover,0.00900006853044033,1
1790161537.2071185,,0.0649566650390625,15.394879022786,,24.181899963878095,,0,,,0,0,,,no_face,0,0.003400025889277458,1,4.829800105653703,1,,0,19.297299906611443,1,hover,0.008699949830770493,1
1790161537.2180467,,0.010928153991699219,91.50676324286587,,0.09739992674440145,,0,,,0,0,,,no_face,0,0.00609993003308773,1,,0,,0,,0,hover,0.014299992471933365,1
1790161537.2388365,,0.02078986167907715,48.100368123487655,,20.29769995715469,,0,,,0,0,,,no_face,0,0.004300032742321491,1,,0,,0,20.228899898938835,1,hover,0.009399955160915852,1
1790161537.2528331,,0.013996601104736328,71.44591694205022,,0.06610003765672445,,0,,,0,0,,,no_face,0,0.003400025889277458,1,,0,,0,,0,hover,0.009499955922365189,1
1790161537.3387027,,0.08586955070495605,11.645571588419688,,22.165599977597594,,0,,,0,0,,,no_face,0,0.0036999117583036423,1,5.584499915130436,1,,0,16.519300057552755,1,hover,0.008300063200294971,1
1790161537.3450012,,0.006298542022705078,158.76690135513664,,0.10989990551024675,,0,,,0,0,,,no_face,0,0.006100046448409557,1,,0,,0,,0,hover,0.014699995517730713,1
1790161537.3712838,,0.026282548904418945,38.048060088717946,,22.330000065267086,,0,,,0,0,,,no_face,0,0.004100031219422817,1,,0,,0,22.25220005493611,1,hover,0.009899958968162537,1
1790161537.3824594,,0.01117563247680664,89.48039424841063,,0.09429990313947201,,0,,,0,0,,,no_face,0,0.004100031219422817,1,,0,,0,,0,hover,0.009200070053339005,1
1790161537.4602392,,0.07777976989746094,12.85681355599696,,24.40370002295822,,0,,,0,0,,,no_face,0,0.00409991480410099,1,4.678099998272955,1,,0,19.65660008136183,1,hover,0.010100076906383038,1
1790161537.4760704,,0.01583123207092285,63.16627761630096,,0.10439998004585505,,0,,,0,0,,,no_face,0,0.0035999109968543053,1,,0,,0,,0,hover,0.00870006624609232,1
1790161537.4985566,,0.022486209869384766,44.471700913968235,,25.191999971866608,,0,,,0,0,,,no_face,0,0.003999914042651653,1,,0,,0,25.112700066529214,1,hover,0.010300078429281712,1
1790161537.515441,,0.016884326934814453,59.226524329972605,,0.07299997378140688,,0,,,0,0,,,no_face,0,0.0034999102354049683,1,,0,,0,,0,hover,0.008800067007541656,1
1790161537.6089919,,0.0935509204864502,10.689365693038145,,28.14200008288026,,0,,,0,0,,,no_face,0,0.004200031980872154,1,4.9103000201284885,1,,0,23.16360000986606,1,hover,0.009199953638017178,1
1790161537.6228628,,0.013870954513549805,72.09309200914419,,0.07140007801353931,,0,,,0,0,,,no_face,0,0.003300025127828121,1,,0,,0,,0,hover,0.00909995287656784,1
1790161537.639199,,0.01633620262145996,61.21373633590683,,18.559699994511902,,0,,,0,0,,,no_face,0,0.003500026650726795,1,,0,,0,18.488700035959482,1,hover,0.008499948307871819,1
1790161537.6531715,,0.01397252082824707,71.56904700964081,,0.07319997530430555,,0,,,0,0,,,no_face,0,0.003400025889277458,1,,0,,0,,0,hover,0.00900006853044033,1
1790161537.7395008,,0.08632922172546387,11.583563247912817,,28.248899965547025,,0,,,0,0,,,no_face,0,0.00400003045797348,1,5.108200013637543,1,,0,23.069099988788366,1,hover,0.00970007386058569,1
1790161537.7512002,,0.011699438095092773,85.47419045872307,,0.07469998672604561,,0,,,0,0,,,no_face,0,0.003800028935074806,1,,0,,0,,0,hover,0.00970007386058569,1
1790161537.774045,,0.022844791412353516,43.773654219457725,,21.282900008372962,,0,,,0,0,,,no_face,0,0.003400025889277458,1,,0,,0,21.21199993416667,1,hover,0.009100069291889668,1
1790161537.7873704,,0.01332545280456543,75.04435418940437,,0.0700000673532486,,0,,,0,0,,,no_face,0,0.0039000296965241432,1,,0,,0,,0,hover,0.008900067768990993,1
1790161537.8602219,,0.07285141944885254,13.726568508415669,,24.777599959634244,,0,,,0,0,,,no_face,0,0.004100031219422817,1,5.209499970078468,1,,0,19.536899984814227,1,hover,0.009299954399466515,1
1790161537.8767903,,0.016568422317504883,60.35577684083289,,0.0420999713242054,,0,,,0,0,,,no_face,0,0.0037999125197529793,1,,0,,0,,0,hover,0.009900075383484364,1
1790161537.8985794,,0.021789073944091797,45.89456176824598,,22.171700024046004,,0,,,0,0,,,no_face,0,0.003500026650726795,1,,0,,0,22.139200009405613,1,hover,0.00879995059221983,1
1790161537.9123683,,0.013788938522338867,72.52189850436586,,0.03900006413459778,,0,,,0,0,,,no_face,0,0.003800028935074806,1,,0,,0,,0,hover,0.008899951353669167,1
1790161538.0098166,,0.09744834899902344,10.261846509169912,,25.529099977575243,,0,,,0,0,,,no_face,0,0.0039000296965241432,1,5.223599961027503,1,,0,20.276100025512278,1,hover,0.008599949069321156,1
1790161538.0211477,,0.01133108139038086,88.25283002987838,,0.038400059565901756,,0,,,0,0,,,no_face,0,0.003800028935074806,1,,0,,0,,0,hover,0.009199953638017178,1
1790161538.0472403,,0.026092529296875,38.32514619883041,,22.411499987356365,,0,,,0,0,,,no_face,0,0.00870006624609232,1,,0,,0,22.359300055541098,1,hover,0.01650000922381878,1
1790161538.0562634,,0.009023189544677734,110.82555620144797,,0.05550007335841656,,0,,,0,0,,,no_face,0,0.005800044164061546,1,,0,,0,,0,hover,0.01379998866468668,1
1790161538.1397839,,0.08352041244506836,11.9731209500157,,24.188400013372302,,0,,,0,0,,,no_face,0,0.0033999094739556313,1,5.6507999543100595,1,,0,18.51140009239316,1,hover,0.008100061677396297,1
1790161538.1467838,,0.006999969482421875,142.85776566757494,,0.0369000481441617,,0,,,0,0,,,no_face,0,0.003200024366378784,1,,0,,0,,0,hover,0.008899951353669167,1
1790161538.1683724,,0.021588563919067383,46.320820771074224,,23.69519998319447,,0,,,0,0,,,no_face,0,0.003500026650726795,1,,0,,0,23.66089995484799,1,hover,0.009599956683814526,1
1790161538.182608,,0.014235496520996094,70.24693508407583,,0.038199941627681255,,0,,,0,0,,,no_face,0,0.004100031219422817,1,,0,,0,,0,hover,0.008900067768990993,1
1790161538.2598953,,0.07728743553161621,12.938713687698007,,21.774800028651953,,0,,,0,0,,,no_face,0,0.003400025889277458,1,4.5776000479236245,1,,0,17.1701000072062,1,hover,0.008699949830770493,1
1790161538.2719328,,0.012037515640258789,83.07361999643487,,0.03629992716014385,,0,,,0,0,,,no_face,0,0.003400025889277458,1,,0,,0,,0,hover,0.008899951353669167,1
1790161538.2935214,,0.021588563919067383,46.320820771074224,,27.579099987633526,,0,,,0,0,,,no_face,0,0.0038999132812023163,1,,0,,0,27.542100055143237,1,hover,0.009800074622035027,1
1790161538.311865,,0.018343687057495117,54.51466746383499,,0.041499966755509377,,0,,,0,0,,,no_face,0,0.0037999125197529793,1,,0,,0,,0,hover,0.009600073099136353,1
1790161538.3948746,,0.08300948143005371,12.046816613866334,,22.743099951185286,,0,,,0,0,,,no_face,0,0.0036999117583036423,1,5.649799946695566,1,,0,17.06670003477484,1,hover,0.008200062438845634,1
1790161538.4017906,,0.006916046142578125,144.59128516271375,,0.04439998883754015,,0,,,0,0,,,no_face,0,0.004500034265220165,1,,0,,0,,0,hover,0.010199961252510548,1
1790161538.4140046,,0.012213945388793945,81.87362626637257,,20.926899975165725,,0,,,0,0,,,no_face,0,0.0039000296965241432,1,,0,,0,20.891199936158955,1,hover,0.009699957445263863,1
1790161538.4362469,,0.022242307662963867,44.95936371139767,,0.05089992191642523,,0,,,0,0,,,no_face,0,0.004399917088449001,1,,0,,0,,0,hover,0.0100000761449337,1
1790161538.5317621,,0.09551525115966797,10.469532225051172,,22.210600087419152,,0,,,0,0,,,no_face,0,0.003700028173625469,1,4.4377000303938985,1,,0,17.74400006979704,1,hover,0.008999952115118504,1
1790161538.545179,,0.013416767120361328,74.53360344030992,,0.03979995381087065,,0,,,0,0,,,no_face,0,0.003800028935074806,1,,0,,0,,0,hover,0.00909995287656784,1
1790161538.566753,,0.021574020385742188,46.35204668022279,,18.750299932435155,,0,,,0,0,,,no_face,0,0.003400025889277458,1,,0,,0,18.717299913987517,1,hover,0.008899951353669167,1
1790161538.5770998,,0.01034688949584961,96.64740310613392,,0.03890006337314844,,0,,,0,0,,,no_face,0,0.00400003045797348,1,,0,,0,,0,hover,0.008899951353669167,1
1790161538.6587334,,0.0816335678100586,12.249862732041262,,23.45710003282875,,0,,,0,0,,,no_face,0,0.003800028935074806,1,4.947699955664575,1,,0,18.47880007699132,1,hover,0.009199953638017178,1
1790161538.6751864,,0.016453027725219727,60.779086785781566,,0.04279997665435076,,0,,,0,0,,,no_face,0,0.003999914042651653,1,,0,,0,,0,hover,0.009900075383484364,1
1790161538.6976311,,0.022444725036621094,44.553898449118336,,24.998800014145672,,0,,,0,0,,,no_face,0,0.00409991480410099,1,,0,,0,24.961800081655383,1,hover,0.010200077667832375,1
1790161538.7143567,,0.016725540161132812,59.788801459687534,,0.04070007707923651,,0,,,0,0,,,no_face,0,0.003700028173625469,1,,0,,0,,0,hover,0.009399955160915852,1
1790161538.7882268,,0.07387018203735352,13.537261888624231,,21.885800058953464,,0,,,0,0,,,no_face,0,0.003400025889277458,1,4.795400076545775,1,,0,17.061599995940924,1,hover,0.00879995059221983,1
1790161538.801327,,0.013100147247314453,76.33501983765879,,0.03969995304942131,,0,,,0,0,,,no_face,0,0.004100031219422817,1,,0,,0,,0,hover,0.008900067768990993,1
1790161538.815092,,0.013765096664428711,72.64751017580323,,19.82519996818155,,0,,,0,0,,,no_face,0,0.0039000296965241432,1,,0,,0,19.788399920798838,1,hover,0.010199961252510548,1
1790161538.8336742,,0.01858210563659668,53.81521446259254,,0.0415000831708312,,0,,,0,0,,,no_face,0,0.003500026650726795,1,,0,,0,,0,hover,0.009599956683814526,1
1790161538.9408133,,0.10713911056518555,9.333659713290043,,25.76200000476092,,0,,,0,0,,,no_face,0,0.003400025889277458,1,5.137000000104308,1,,0,20.596300018951297,1,hover,0.009199953638017178,1
1790161538.9499567,,0.009143352508544922,109.369074315515,,0.06150000263005495,,0,,,0,0,,,no_face,0,0.006200047209858894,1,,0,,0,,0,hover,0.014399993233382702,1
1790161538.9710193,,0.021062612533569336,47.47749114247875,,18.22540001012385,,0,,,0,0,,,no_face,0,0.003300025127828121,1,,0,,0,18.193800002336502,1,hover,0.008599949069321156,1
1790161538.9798236,,0.0088043212890625,113.58058925476602,,0.039100064896047115,,0,,,0,0,,,no_face,0,0.00400003045797348,1,,0,,0,,0,hover,0.008999952115118504,1
1790161539.0678983,,0.0880746841430664,11.354000411464707,,27.494800044223666,,0,,,0,0,,,no_face,0,0.003700028173625469,1,6.133700022473931,1,,0,21.33489993866533,1,hover,0.0078000593930482864,1
1790161539.0785165,,0.010618209838867188,94.17783366265493,,0.058699981309473515,,0,,,0,0,,,no_face,0,0.005700043402612209,1,,0,,0,,0,hover,0.01379998866468668,1
1790161539.0901577,,0.011641263961791992,85.90132508653,,17.034100019373,,0,,,0,0,,,no_face,0,0.003100023604929447,1,,0,,0,17.00290001463145,1,hover,0.008399947546422482,1
1790161539.1084387,,0.018280982971191406,54.70165371172205,,0.05889998283237219,,0,,,0,0,,,no_face,0,0.006500049494206905,1,,0,,0,,0,hover,0.014499993994832039,1
1790161539.1883364,,0.07989764213562012,12.516013905674171,,22.917800000868738,,0,,,0,0,,,no_face,0,0.003600027412176132,1,4.976400057785213,1,,0,17.911699949763715,1,hover,0.009199953638017178,1
1790161539.2020526,,0.01371622085571289,72.90637928037546,,0.03930006641894579,,0,,,0,0,,,no_face,0,0.003800028935074806,1,,0,,0,,0,hover,0.009399955160915852,1
1790161539.2158494,,0.013796806335449219,72.48054192299716,,18.503999919630587,,0,,,0,0,,,no_face,0,0.004100031219422817,1,,0,,0,18.467599991708994,1,hover,0.010200077667832375,1
1790161539.233177,,0.017327547073364258,57.7115731249226,,0.0412999652326107,,0,,,0,0,,,no_face,0,0.00400003045797348,1,,0,,0,,0,hover,0.009299954399466515,1
1790161539.340608,,0.10743093490600586,9.308305851335337,,24.962399969808757,,0,,,0,0,,,no_face,0,0.0037999125197529793,1,6.170899956487119,1,,0,18.76140001695603,1,hover,0.009100069291889668,1
1790161539.348946,,0.008338212966918945,119.92977439739228,,0.04279997665435076,,0,,,0,0,,,no_face,0,0.004200031980872154,1,,0,,0,,0,hover,0.009399955160915852,1
1790161539.3706498,,0.021703720092773438,46.075050531681164,,18.14960001502186,,0,,,0,0,,,no_face,0,0.003500026650726795,1,,0,,0,18.11850001104176,1,hover,0.008599949069321156,1
1790161539.3806324,,0.009982585906982422,100.1744447098161,,0.040199956856667995,,0,,,0,0,,,no_face,0,0.0038999132812023163,1,,0,,0,,0,hover,0.009400071576237679,1
1790161539.4598646,,0.07923221588134766,12.621128777939601,,21.197999943979084,,0,,,0,0,,,no_face,0,0.0034999102354049683,1,4.50239994097501,1,,0,16.667300020344555,1,hover,0.009100069291889668,1
1790161539.4729993,,0.01313471794128418,76.13410538926503,,0.03330002073198557,,0,,,0,0,,,no_face,0,0.003800028935074806,1,,0,,0,,0,hover,0.008899951353669167,1
1790161539.4949508,,0.02195143699645996,45.55510421305297,,20.71710000745952,,0,,,0,0,,,no_face,0,0.003600027412176132,1,,0,,0,20.68600000347942,1,hover,0.009999959729611874,1
1790161539.5075219,,0.012571096420288086,79.54755628046352,,0.048900023102760315,,0,,,0,0,,,no_face,0,0.005199923180043697,1,,0,,0,,0,hover,0.01300009898841381,1
1790161539.5878973,,0.08037543296813965,12.441612605637772,,29.51919997576624,,0,,,0,0,,,no_face,0,0.003999914042651653,1,4.986700019799173,1,,0,24.50549998320639,1,hover,0.009500072337687016,1
1790161539.6092424,,0.021345138549804688,46.849075149673844,,0.03979995381087065,,0,,,0,0,,,no_face,0,0.004199915565550327,1,,0,,0,,0,hover,0.010800082236528397,1
1790161539.6332235,,0.023981094360351562,41.6995148333731,,19.13499995134771,,0,,,0,0,,,no_face,0,0.006199930794537067,1,,0,,0,19.08600004389882,1,hover,0.016400008462369442,1
1790161539.6432955,,0.010071992874145508,99.28521718546574,,0.0377000542357564,,0,,,0,0,,,no_face,0,0.004100031219422817,1,,0,,0,,0,hover,0.0097999582067132,1
1790161539.7162762,,0.07298064231872559,13.702263617148477,,23.73949997127056,,0,,,0,0,,,no_face,0,0.003300025127828121,1,5.8194000739604235,1,,0,17.897099955007434,1,hover,0.008399947546422482,1
1790161539.731255,,0.014978885650634766,66.7606404991564,,0.04549999721348286,,0,,,0,0,,,no_face,0,0.0035999109968543053,1,,0,,0,,0,hover,0.009900075383484364,1
1790161539.7415648,,0.010309696197509766,96.99606863697332,,17.83130003605038,,0,,,0,0,,,no_face,0,0.0035999109968543053,1,,0,,0,17.800700035877526,1,hover,0.009600073099136353,1
1790161539.8447173,,0.10315251350402832,9.69438325863914,,0.03570003900676966,,0,,,0,0,,,no_face,0,0.003700028173625469,1,,0,,0,,0,hover,0.008899951353669167,1
1790161539.8663316,,0.02161431312561035,46.26563861588184,,23.49829999729991,,0,,,0,0,,,no_face,0,0.004200031980872154,1,5.48629998229444,1,,0,17.984099918976426,1,hover,0.009999959729611874,1
1790161539.97285,,0.10651850700378418,9.388039957830745,,0.03630004357546568,,0,,,0,0,,,no_face,0,0.003500026650726795,1,,0,,0,,0,hover,0.009499955922365189,1
1790161539.9943209,,0.02147078514099121,46.57491532952085,,21.101699909195304,,0,,,0,0,,,no_face,0,0.003300025127828121,1,,0,,0,21.073499927297235,1,hover,0.00900006853044033,1
1790161540.0067222,,0.012401342391967773,80.63643179851965,,0.031100003980100155,,0,,,0,0,,,no_face,0,0.0032999087125062943,1,,0,,0,,0,hover,0.008300063200294971,1
1790161540.0349457,,0.028223514556884766,35.431448411022316,,25.107600027695298,,0,,,0,0,,,no_face,0,0.004300032742321491,1,5.9463001089170575,1,,0,19.132599933072925,1,hover,0.010199961252510548,1
1790161540.1001782,,0.06523251533508301,15.329778330074378,,0.09540002793073654,,0,,,0,0,,,no_face,0,0.03330002073198557,1,,0,,0,,0,hover,0.01750001683831215,1
1790161540.1228929,,0.022714614868164062,44.024519271139475,,18.265499966219068,,0,,,0,0,,,no_face,0,0.003500026650726795,1,,0,,0,18.234899966046214,1,hover,0.009899958968162537,1
1790161540.1334307,,0.010537862777709961,94.89590262223128,,0.03760005347430706,,0,,,0,0,,,no_face,0,0.003600027412176132,1,,0,,0,,0,hover,0.009899958968162537,1
1790161540.2604399,,0.12700915336608887,7.87344827909858,,22.559999953955412,,0,,,0,0,,,no_face,0,0.0031999079510569572,1,5.908900056965649,1,,0,16.625599935650826,1,hover,0.00970007386058569,1
1790161540.2742913,,0.013851404190063477,72.19484654973579,,0.05689996760338545,,0,,,0,0,,,no_face,0,0.0075999414548277855,1,,0,,0,,0,hover,0.016000005416572094,1
1790161540.3828447,,0.10855340957641602,9.212055189257335,,18.046699929982424,,0,,,0,0,,,no_face,0,0.0033999094739556313,1,,0,,0,18.01609992980957,1,hover,0.00970007386058569,1
1790161540.3967073,,0.01386260986328125,72.13648871766648,,0.03590004052966833,,0,,,0,0,,,no_face,0,0.003400025889277458,1,,0,,0,,0,hover,0.009399955160915852,1
1790161540.427377,,0.030669689178466797,32.605482050405016,,24.052900029346347,,0,,,0,0,,,no_face,0,0.004400033503770828,1,5.393099971115589,1,,0,18.630200065672398,1,hover,0.010599964298307896,1
1790161540.4354255,,0.008048534393310547,124.24622311748327,,0.07319997530430555,,0,,,0,0,,,no_face,0,0.0065999338403344154,1,,0,,0,,0,hover,0.01950003206729889,1
1790161540.5158575,,0.08043193817138672,12.432872099503195,,16.637700027786195,,0,,,0,0,,,no_face,0,0.003600027412176132,1,,0,,0,16.608899924904108,1,hover,0.00900006853044033,1
1790161540.5228918,,0.0070343017578125,142.16052060737528,,0.036400044336915016,,0,,,0,0,,,no_face,0,0.003700028173625469,1,,0,,0,,0,hover,0.009199953638017178,1
1790161540.541863,,0.01897120475769043,52.71146523230825,,26.94320003502071,,0,,,0,0,,,no_face,0,0.00400003045797348,1,4.496800014749169,1,,0,22.420800058171153,1,hover,0.00909995287656784,1
1790161540.6442387,,0.10237574577331543,9.767938611301949,,0.042100087739527225,,0,,,0,0,,,no_face,0,0.004600035026669502,1,,0,,0,,0,hover,0.010399962775409222,1
1790161540.6599889,,0.01575016975402832,63.49137917984893,,17.848299932666123,,0,,,0,0,,,no_face,0,0.003500026650726795,1,,0,,0,17.81929994467646,1,hover,0.008900067768990993,1
1790161540.7722263,,0.11223745346069336,8.909681832279006,,0.05419994704425335,,0,,,0,0,,,no_face,0,0.005699926987290382,1,,0,,0,,0,hover,0.014999997802078724,1
1790161540.795267,,0.023040771484375,43.40132450331126,,22.177200065925717,,0,,,0,0,,,no_face,0,0.004300032742321491,1,4.731999943032861,1,,0,17.4193000420928,1,hover,0.009599956683814526,1
1790161540.8077526,,0.012485504150390625,80.09288114879315,,0.042199972085654736,,0,,,0,0,,,no_face,0,0.003800028935074806,1,,0,,0,,0,hover,0.015400000847876072,1
1790161540.8235312,,0.015778541564941406,63.37721365971593,,18.048000056296587,,0,,,0,0,,,no_face,0,0.006500049494206905,1,,0,,0,17.99840002786368,1,hover,0.016000005416572094,1
1790161540.838312,,0.014780759811401367,67.65552060650053,,0.053999945521354675,,0,,,0,0,,,no_face,0,0.0077999429777264595,1,,0,,0,,0,hover,0.014699995517730713,1
1790161540.861284,,0.02297210693359375,43.53105280637662,,24.401700007729232,,0,,,0,0,,,no_face,0,0.006299931555986404,1,5.208100075833499,1,,0,19.151799962855875,1,hover,0.015900004655122757,1
1790161540.899921,,0.03863692283630371,25.881978340686803,,0.036800047382712364,,0,,,0,0,,,no_face,0,0.003500026650726795,1,,0,,0,,0,hover,0.009699957445263863,1
1790161540.9808052,,0.08088421821594238,12.363351245235856,,16.910100006498396,,0,,,0,0,,,no_face,0,0.003800028935074806,1,,0,,0,16.88120001927018,1,hover,0.009100069291889668,1
1790161540.9892657,,0.008460521697998047,118.19602096601477,,0.03370002377778292,,0,,,0,0,,,no_face,0,0.003400025889277458,1,,0,,0,,0,hover,0.009199953638017178,1
1790161541.012021,,0.02275538444519043,43.945642949194806,,22.20050001051277,,0,,,0,0,,,no_face,0,0.003500026650726795,1,4.527200013399124,1,,0,17.647999920882285,1,hover,0.009399955160915852,1
1790161541.045662,,0.03364086151123047,29.725754783841246,,0.03509991802275181,,0,,,0,0,,,no_face,0,0.0031999079510569572,1,,0,,0,,0,hover,0.008900067768990993,1
1790161541.0698347,,0.02417278289794922,41.368840493944056,,20.84309991914779,,0,,,0,0,,,no_face,0,0.00400003045797348,1,,0,,0,20.811100024729967,1,hover,0.0100000761449337,1
1790161541.0796576,,0.009822845458984375,101.80349514563108,,0.03779993858188391,,0,,,0,0,,,no_face,0,0.004100031219422817,1,,0,,0,,0,hover,0.0097999582067132,1
1790161541.12375,,0.044092416763305664,22.67963684930544,,28.952899971045554,,0,,,0,0,,,no_face,0,0.00400003045797348,1,4.82130004093051,1,,0,24.10549996420741,1,hover,0.009599956683814526,1
1790161541.143514,,0.019763946533203125,50.59718201119475,,0.07060007192194462,,0,,,0,0,,,no_face,0,0.006400048732757568,1,,0,,0,,0,hover,0.030099996365606785,1
1790161541.1877427,,0.04422879219055176,22.60970626762044,,18.2604999281466,,0,,,0,0,,,no_face,0,0.0032999087125062943,1,,0,,0,18.232799950055778,1,hover,0.008800067007541656,1
1790161541.204324,,0.016581296920776367,60.30891339669576,,0.0385999446734786,,0,,,0,0,,,no_face,0,0.003500026650726795,1,,0,,0,,0,hover,0.009899958968162537,1
1790161541.2580838,,0.05375981330871582,18.601255072399493,,23.80049997009337,,0,,,0,0,,,no_face,0,0.004100031219422817,1,5.5339999962598085,1,,0,18.239400000311434,1,hover,0.0097999582067132,1
1790161541.2681923,,0.010108470916748047,98.92693051559036,,0.035400036722421646,,0,,,0,0,,,no_face,0,0.003500026650726795,1,,0,,0,,0,hover,0.009200070053339005,1
1790161541.34276,,0.07456779479980469,13.410615168180074,,20.913799991831183,,0,,,0,0,,,no_face,0,0.005800044164061546,1,,0,,0,20.85029997397214,1,hover,0.015500001609325409,1
1790161541.3642445,,0.021484375,46.54545454545455,,0.036199926398694515,,0,,,0,0,,,no_face,0,0.0033999094739556313,1,,0,,0,,0,hover,0.009100069291889668,1
1790161541.4117572,,0.04751276969909668,21.0469733996377,,26.788500021211803,,0,,,0,0,,,no_face,0,0.00400003045797348,1,4.619300016202033,1,,0,22.13519997894764,1,hover,0.011299969628453255,1
1790161541.4292438,,0.017486572265625,57.18673647469459,,0.04060007631778717,,0,,,0,0,,,no_face,0,0.004100031219422817,1,,0,,0,,0,hover,0.010499963536858559,1
1790161541.460536,,0.03129220008850098,31.956845385488652,,18.51540000643581,,0,,,0,0,,,no_face,0,0.003600027412176132,1,,0,,0,18.48470000550151,1,hover,0.009899958968162537,1
1790161541.476082,,0.015546083450317383,64.32488306111495,,0.059699988923966885,,0,,,0,0,,,no_face,0,0.005800044164061546,1,,0,,0,,0,hover,0.01379998866468668,1
1790161541.5237067,,0.04762458801269531,20.997556970643597,,23.65840005222708,,0,,,0,0,,,no_face,0,0.0039000296965241432,1,4.627899965271354,1,,0,19.00480000767857,1,hover,0.009499955922365189,1
1790161541.5422232,,0.01851654052734375,54.00576843840132,,0.03809994086623192,,0,,,0,0,,,no_face,0,0.003999914042651653,1,,0,,0,,0,hover,0.009600073099136353,1
1790161541.5878897,,0.04566645622253418,21.897911130370318,,21.21669996995479,,0,,,0,0,,,no_face,0,0.003500026650726795,1,,0,,0,21.188699989579618,1,hover,0.00879995059221983,1
1790161541.6041756,,0.01628589630126953,61.402822509808516,,0.053999945521354675,,0,,,0,0,,,no_face,0,0.005799927748739719,1,,0,,0,,0,hover,0.01479999627918005,1
1790161541.660985,,0.056809425354003906,17.60271282042673,,26.41269995365292,,0,,,0,0,,,no_face,0,0.004100031219422817,1,6.158099975436926,1,,0,20.227300003170967,1,hover,0.009999959729611874,1
1790161541.6682186,,0.007233619689941406,138.24337508239947,,0.04060007631778717,,0,,,0,0,,,no_face,0,0.004600035026669502,1,,0,,0,,0,hover,0.01109996810555458,1
1790161541.7426004,,0.07438182830810547,13.444143855375344,,23.543199989944696,,0,,,0,0,,,no_face,0,0.0036999117583036423,1,,0,,0,23.5114999813959,1,hover,0.0100000761449337,1
1790161541.7644982,,0.02189779281616211,45.66670295930144,,0.040599959902465343,,0,,,0,0,,,no_face,0,0.003600027412176132,1,,0,,0,,0,hover,0.010299962013959885,1
1790161541.8264983,,0.06200003623962402,16.129022830488335,,29.20370001811534,,0,,,0,0,,,no_face,0,0.00400003045797348,1,5.6715999962762,1,,0,23.50410004146397,1,hover,0.01079996582120657,1
1790161541.848235,,0.021736621856689453,46.00530876384776,,0.03999995533376932,,0,,,0,0,,,no_face,0,0.0037999125197529793,1,,0,,0,,0,hover,0.010300078429281712,1
1790161541.8703103,,0.022075414657592773,45.29926234731237,,19.3498000735417,,0,,,0,0,,,no_face,0,0.004300032742321491,1,,0,,0,19.318200065754354,1,hover,0.009699957445263863,1
1790161541.8796537,,0.009343385696411133,107.02758427109649,,0.036899931728839874,,0,,,0,0,,,no_face,0,0.00400003045797348,1,,0,,0,,0,hover,0.00970007386058569,1
1790161541.9240086,,0.044354915618896484,22.545415452756963,,26.086699916049838,,0,,,0,0,,,no_face,0,0.0037999125197529793,1,5.003200029022992,1,,0,21.05609991122037,1,hover,0.010300078429281712,1
1790161541.940892,,0.016883373260498047,59.22986979975711,,0.05500006955116987,,0,,,0,0,,,no_face,0,0.006300047971308231,1,,0,,0,,0,hover,0.015099998563528061,1
1790161541.9878094,,0.04691743850708008,21.314036567642006,,16.73589996062219,,0,,,0,0,,,no_face,0,0.003400025889277458,1,,0,,0,16.69479999691248,1,hover,0.022499938495457172,1
1790161542.0042272,,0.016417741775512695,60.90971667562191,,0.04909990821033716,,0,,,0,0,,,no_face,0,0.006600050255656242,1,,0,,0,,0,hover,0.016200006939470768,1
1790161542.0543919,,0.05016469955444336,19.934336473294486,,25.923799956217408,,0,,,0,0,,,no_face,0,0.003500026650726795,1,4.887500079348683,1,,0,21.011099917814136,1,hover,0.009599956683814526,1
1790161542.0697038,,0.015311956405639648,65.30844090123476,,0.05579995922744274,,0,,,0,0,,,no_face,0,0.004399917088449001,1,,0,,0,,0,hover,0.011300086043775082,1
1790161542.143133,,0.07342910766601562,13.618577588446152,,18.202700070105493,,0,,,0,0,,,no_face,0,0.003600027412176132,1,,0,,0,18.17319996189326,1,hover,0.009100069291889668,1
1790161542.1642582,,0.021125316619873047,47.33656862966391,,0.04029995761811733,,0,,,0,0,,,no_face,0,0.0035999109968543053,1,,0,,0,,0,hover,0.010200077667832375,1
1790161542.1878688,,0.023610591888427734,42.35387256386954,,24.745199945755303,,0,,,0,0,,,no_face,0,0.004100031219422817,1,5.4688999662175775,1,,0,19.188000005669892,1,hover,0.009800074622035027,1
1790161542.2123957,,0.02452683448791504,40.77166992310907,,0.09679992217570543,,0,,,0,0,,,no_face,0,0.0036999117583036423,1,,0,,0,,0,hover,0.009900075383484364,1
1790161542.2597902,,0.047394514083862305,21.099488397128585,,16.671499935910106,,0,,,0,0,,,no_face,0,0.0031999079510569572,1,,0,,0,16.578099923208356,1,hover,0.00870006624609232,1
1790161542.2762003,,0.016410112380981445,60.93803483996571,,0.14610006473958492,,0,,,0,0,,,no_face,0,0.005300040356814861,1,,0,,0,,0,hover,0.014699995517730713,1
1790161542.3429694,,0.06676912307739258,14.976982681663989,,39.3350999802351,,1,,,0,0,,,no_face,0,0.00300002284348011,1,4.5273000141605735,1,,0,34.73070007748902,1,hover,0.008600065484642982,1
1790161542.3536978,,0.01072835922241211,93.21089826214498,,0.12159999459981918,,1,,,0,0,,,no_face,0,0.00400003045797348,1,,0,,0,,0,hover,0.009899958968162537,1
1790161542.4032342,,0.04953646659851074,20.187148350828558,,38.27269992325455,,1,,,0,0,,,no_face,0,0.004100031219422817,1,,0,,0,38.174199988134205,1,hover,0.01109996810555458,1
1790161542.41698,,0.013745784759521484,72.74957505116731,,0.12930005323141813,,1,,,0,0,,,no_face,0,0.005400041118264198,1,,0,,0,,0,hover,0.013399985618889332,1
1790161542.4743185,,0.05733847618103027,17.44029605605106,,40.46699998434633,,1,,,0,0,,,no_face,0,0.006500049494206905,1,5.1735999295488,1,,0,35.174200078472495,1,hover,0.014199991710484028,1
1790161542.4822214,,0.007902860641479492,126.53645880471838,,0.11889997404068708,,1,,,0,0,,,no_face,0,0.005699926987290382,1,,0,,0,,0,hover,0.01409999094903469,1
1790161542.5683963,,0.08617496490478516,11.604298314538351,,37.634899956174195,,1,,,0,0,,,no_face,0,0.0034999102354049683,1,,0,,0,37.55280002951622,1,hover,0.008200062438845634,1
1790161542.5803246,,0.011928319931030273,83.83410285622914,,0.09159999899566174,,1,,,0,0,,,no_face,0,0.0031999079510569572,1,,0,,0,,0,hover,0.009100069291889668,1
1790161542.6288419,,0.04851722717285156,20.611235601682587,,41.61630000453442,,1,,,0,0,,,no_face,0,0.004399917088449001,1,5.34849998075515,1,,0,36.17310000117868,1,hover,0.010800082236528397,1
1790161542.635618,,0.006776094436645508,147.57763625488195,,0.09300000965595245,,1,,,0,0,,,no_face,0,0.003500026650726795,1,,0,,0,,0,hover,0.009299954399466515,1
1790161542.6769402,,0.04132223129272461,24.200048465825823,,38.49230008199811,,1,,,0,0,,,no_face,0,0.006500049494206905,1,,0,,0,38.3579001063481,1,hover,0.015900004655122757,1
1790161542.6884596,,0.011519432067871094,86.80983525126253,,0.13160007074475288,,1,,,0,0,,,no_face,0,0.005500041879713535,1,,0,,0,,0,hover,0.014599994756281376,1
1790161542.7433546,,0.05489492416381836,18.216620484177792,,41.73709999304265,,1,,,0,0,,,no_face,0,0.003500026650726795,1,5.1142999436706305,1,,0,36.35549999307841,1,hover,0.008299946784973145,1
1790161542.756115,,0.012760400772094727,78.36744455447395,,0.08449994493275881,,1,,,0,0,,,no_face,0,0.0035999109968543053,1,,0,,0,,0,hover,0.009400071576237679,1
1790161542.803413,,0.04729795455932617,21.14256333739956,,39.747599977999926,,1,,,0,0,,,no_face,0,0.003300025127828121,1,,0,,0,39.67259998898953,1,hover,0.008499948307871819,1
1790161542.817795,,0.014382123947143555,69.53075941183296,,0.08040003012865782,,1,,,0,0,,,no_face,0,0.003200024366378784,1,,0,,0,,0,hover,0.008299946784973145,1
1790161542.874952,,0.057157039642333984,17.495657687270057,,49.307100009173155,,1,,,0,0,,,no_face,0,0.00409991480410099,1,5.211899988353252,1,,0,44.02170004323125,1,hover,0.009200070053339005,1
1790161542.8918521,,0.016900062561035156,59.171378590373,,0.08409994188696146,,1,,,0,0,,,no_face,0,0.003700028173625469,1,,0,,0,,0,hover,0.009899958968162537,1
1790161542.9681447,,0.07629251480102539,13.107445764608086,,35.31870001461357,,1,,,0,0,,,no_face,0,0.006100046448409557,1,,0,,0,35.21649993490428,1,hover,0.017400016076862812,1
1790161542.9757986,,0.007653951644897461,130.65146559511572,,0.080699915997684,,1,,,0,0,,,no_face,0,0.0033999094739556313,1,,0,,0,,0,hover,0.009500072337687016,1
1790161543.0292993,,0.05350065231323242,18.69136088556939,,47.67220001667738,,1,,,0,0,,,no_face,0,0.007200054824352264,1,5.99610002245754,1,,0,41.545000043697655,1,hover,0.015600002370774746,1
1790161543.0373414,,0.008042097091674805,124.34567608431414,,0.10659999679774046,,1,,,0,0,,,no_face,0,0.005299923941493034,1,,0,,0,,0,hover,0.013599987141788006,1
1790161543.0715697,,0.03422832489013672,29.215569362792902,,33.03970000706613,,1,,,0,0,,,no_face,0,0.003100023604929447,1,,0,,0,32.972299959510565,1,hover,0.008299946784973145,1
1790161543.0830789,,0.011509180068969727,86.8871625960682,,0.07199996616691351,,1,,,0,0,,,no_face,0,0.0035999109968543053,1,,0,,0,,0,hover,0.00900006853044033,1
1790161543.1444163,,0.06133747100830078,16.30324797487445,,41.41659999731928,,1,,,0,0,,,no_face,0,0.00409991480410099,1,5.120899993926287,1,,0,36.22700006235391,1,hover,0.010200077667832375,1
1790161543.155659,,0.01124262809753418,88.94717421270279,,0.11739996261894703,,1,,,0,0,,,no_face,0,0.005499925464391708,1,,0,,0,,0,hover,0.014299992471933365,1
1790161543.203544,,0.04788494110107422,20.883392085399613,,36.86400002334267,,1,,,0,0,,,no_face,0,0.003300025127828121,1,,0,,0,36.79709997959435,1,hover,0.008699949830770493,1
1790161543.214254,,0.010710000991821289,93.37067295919503,,0.06750004831701517,,1,,,0,0,,,no_face,0,0.003400025889277458,1,,0,,0,,0,hover,0.008299946784973145,1
1790161543.2602627,,0.04600882530212402,21.734960487109728,,39.36299995984882,,1,,,0,0,,,no_face,0,0.003700028173625469,1,4.643099964596331,1,,0,34.6560999751091,1,hover,0.008899951353669167,1
1790161543.2809937,,0.020730972290039062,48.23700432422486,,0.07770000956952572,,1,,,0,0,,,no_face,0,0.0031999079510569572,1,,0,,0,,0,hover,0.009400071576237679,1
1790161543.379714,,0.09872031211853027,10.129627617053444,,34.88589997868985,,0,,,0,0,,,no_face,0,0.00400003045797348,1,,0,,0,34.808199969120324,1,hover,0.01009996049106121,1
1790161543.3899298,,0.01021575927734375,97.88797610156834,,0.06410002242773771,,0,,,0,0,,,no_face,0,0.003400025889277458,1,,0,,0,,0,hover,0.00909995287656784,1
1790161543.4208605,,0.030930757522583008,32.33027834090016,,30.6663999799639,,0,,,0,0,,,no_face,0,0.0039000296965241432,1,5.884999991394579,1,,0,24.704999988898635,1,hover,0.009599956683814526,1
1790161543.432552,,0.011691570281982422,85.53171010236959,,0.08320005144923925,,0,,,0,0,,,no_face,0,0.006100046448409557,1,,0,,0,,0,hover,0.014299992471933365,1
1790161543.461759,,0.02920699119567871,34.23837783564484,,18.959400011226535,,0,,,0,0,,,no_face,0,0.003600027412176132,1,,0,,0,18.878199975006282,1,hover,0.0097999582067132,1
1790161543.4762323,,0.014473199844360352,69.09322131620131,,0.10559998918324709,,0,,,0,0,,,no_face,0,0.003600027412176132,1,,0,,0,,0,hover,0.010299962013959885,1
1790161543.523938,,0.047705650329589844,20.961877536333287,,22.11140003055334,,0,,,0,0,,,no_face,0,0.003300025127828121,1,4.512200015597045,1,,0,17.5288999453187,1,hover,0.009300070814788342,1
1790161543.5423741,,0.018436193466186523,54.24113181682983,,0.08309993427246809,,0,,,0,0,,,no_face,0,0.0034999102354049683,1,,0,,0,,0,hover,0.0100000761449337,1
1790161543.5880222,,0.04564809799194336,21.906717782118644,,17.252900055609643,,0,,,0,0,,,no_face,0,0.003800028935074806,1,,0,,0,17.163699958473444,1,hover,0.00879995059221983,1
1790161543.6060283,,0.018006086349487305,55.5367768759186,,0.07869990076869726,,0,,,0,0,,,no_face,0,0.003500026650726795,1,,0,,0,,0,hover,0.009300070814788342,1
1790161543.6621363,,0.05610799789428711,17.822771040308666,,27.277100016362965,,0,,,0,0,,,no_face,0,0.004300032742321491,1,5.100600072182715,1,,0,22.099799942225218,1,hover,0.00909995287656784,1
1790161543.6695967,,0.007460355758666992,134.04186507302418,,0.09789993055164814,,0,,,0,0,,,no_face,0,0.0035999109968543053,1,,0,,0,,0,hover,0.009600073099136353,1
1790161543.715893,,0.04629635810852051,21.599971160927176,,19.583799992688,,0,,,0,0,,,no_face,0,0.004600035026669502,1,,0,,0,19.45520006120205,1,hover,0.01179997343569994,1
1790161543.7480338,,0.03214073181152344,31.11316835796095,,0.0825999304652214,,0,,,0,0,,,no_face,0,0.0034999102354049683,1,,0,,0,,0,hover,0.009300070814788342,1
1790161543.7957335,,0.047699689865112305,20.964496893540662,,22.633500047959387,,0,,,0,0,,,no_face,0,0.004100031219422817,1,5.141700035892427,1,,0,17.41349999792874,1,hover,0.009399955160915852,1
1790161543.8121624,,0.01642894744873047,60.868172055494284,,0.08519995026290417,,0,,,0,0,,,no_face,0,0.0035999109968543053,1,,0,,0,,0,hover,0.009400071576237679,1
1790161543.877794,,0.06563162803649902,15.236556366450039,,34.86909996718168,,1,,,0,0,,,no_face,0,0.004200031980872154,1,,0,,0,34.7808999940753,1,hover,0.010599964298307896,1
1790161543.8857012,,0.00790715217590332,126.46778230061813,,0.07940002251416445,,1,,,0,0,,,no_face,0,0.003200024366378784,1,,0,,0,,0,hover,0.009399955160915852,1
1790161543.9520895,,0.06638836860656738,15.062879552384064,,42.603999958373606,,1,,,0,0,,,no_face,0,0.0031999079510569572,1,4.726999904960394,1,,0,37.799400044605136,1,hover,0.008300063200294971,1
1790161543.9599838,,0.007894277572631836,126.67403581891215,,0.08490006439387798,,1,,,0,0,,,no_face,0,0.003200024366378784,1,,0,,0,,0,hover,0.00879995059221983,1
1790161544.0032816,,0.043297767639160156,23.09587894539768,,37.66669996548444,,1,,,0,0,,,no_face,0,0.0039000296965241432,1,,0,,0,37.57619997486472,1,hover,0.01009996049106121,1
1790161544.0165243,,0.013242721557617188,75.51317874117817,,0.1210999907925725,,1,,,0,0,,,no_face,0,0.004200031980872154,1,,0,,0,,0,hover,0.01079996582120657,1
1790161544.0869713,,0.07044696807861328,14.195075065318333,,52.017000038176775,,1,,,0,0,,,no_face,0,0.0039000296965241432,1,5.1377000054344535,1,,0,46.79229995235801,1,hover,0.009200070053339005,1
1790161544.0937681,,0.006796836853027344,147.1272625228006,,0.12759992387145758,,1,,,0,0,,,no_face,0,0.005700043402612209,1,,0,,0,,0,hover,0.01479999627918005,1
1790161544.1462257,,0.052457571029663086,19.063025229180585,,39.189300034195185,,1,,,0,0,,,no_face,0,0.003700028173625469,1,,0,,0,39.09510001540184,1,hover,0.00879995059221983,1
1790161544.1614633,,0.015237569808959961,65.62726291248768,,0.11359993368387222,,1,,,0,0,,,no_face,0,0.005600042641162872,1,,0,,0,,0,hover,0.014999997802078724,1
1790161544.2132,,0.05173683166503906,19.32858986175115,,46.08839994762093,,1,,,0,0,,,no_face,0,0.0032999087125062943,1,6.682300008833408,1,,0,39.32179999537766,1,hover,0.00870006624609232,1
1790161544.2329533,,0.019753217697143555,50.624663552642694,,0.13800000306218863,,1,,,0,0,,,no_face,0,0.0037999125197529793,1,,0,,0,,0,hover,0.010400079190731049,1
1790161544.2776873,,0.04473400115966797,22.354360756390303,,39.595299982465804,,1,,,0,0,,,no_face,0,0.003200024366378784,1,,0,,0,39.50720001012087,1,hover,0.00909995287656784,1
1790161544.289096,,0.011408805847167969,87.65159240993061,,0.1821999903768301,,1,,,0,0,,,no_face,0,0.005399924702942371,1,,0,,0,,0,hover,0.015500001609325409,1
1790161544.3465118,,0.05741572380065918,17.416831728393525,,43.499000021256506,,1,,,0,0,,,no_face,0,0.0037999125197529793,1,5.432099918834865,1,,0,37.97340008895844,1,hover,0.009200070053339005,1
1790161544.3584292,,0.011917352676391602,83.91125337601281,,0.10459998156875372,,1,,,0,0,,,no_face,0,0.00400003045797348,1,,0,,0,,0,hover,0.010699965059757233,1
1790161544.4035358,,0.04510664939880371,22.169680375916403,,39.806899963878095,,1,,,0,0,,,no_face,0,0.003700028173625469,1,,0,,0,39.70869991462678,1,hover,0.009999959729611874,1
1790161544.4199138,,0.016377925872802734,61.05779252918741,,0.1276000402867794,,1,,,0,0,,,no_face,0,0.004800036549568176,1,,0,,0,,0,hover,0.01279998105019331,1
1790161544.477916,,0.05800223350524902,17.240715392615062,,50.05329998675734,,1,,,0,0,,,no_face,0,0.003800028935074806,1,5.894999951124191,1,,0,44.06600003130734,1,hover,0.0100000761449337,1
1790161544.491933,,0.014017105102539062,71.34140699414887,,0.0887999776750803,,1,,,0,0,,,no_face,0,0.003300025127828121,1,,0,,0,,0,hover,0.008999952115118504,1
1790161544.546746,,0.05481290817260742,18.24387782620421,,39.71150005236268,,1,,,0,0,,,no_face,0,0.003600027412176132,1,,0,,0,39.615900022909045,1,hover,0.010399962775409222,1
1790161544.5621643,,0.015418291091918945,64.85803089579242,,0.08859997615218163,,1,,,0,0,,,no_face,0,0.002900022082030773,1,,0,,0,,0,hover,0.00879995059221983,1
1790161544.6114242,,0.04925990104675293,20.300487389345193,,43.484299909323454,,1,,,0,0,,,no_face,0,0.003600027412176132,1,4.795999964699149,1,,0,38.604000001214445,1,hover,0.009200070053339005,1
1790161544.6292188,,0.01779460906982422,56.19679511227826,,0.0931998947635293,,1,,,0,0,,,no_face,0,0.0039000296965241432,1,,0,,0,,0,hover,0.009100069291889668,1
1790161544.6778657,,0.04864692687988281,20.556283081748678,,38.419000105932355,,1,,,0,0,,,no_face,0,0.005900044925510883,1,,0,,0,38.29040005803108,1,hover,0.016300007700920105,1
1790161544.69151,,0.013644218444824219,73.29111623680716,,0.12750003952533007,,1,,,0,0,,,no_face,0,0.00509992241859436,1,,0,,0,,0,hover,0.013800105080008507,1
1790161544.7468195,,0.05530953407287598,18.08006552147768,,42.05549997277558,,1,,,0,0,,,no_face,0,0.003400025889277458,1,5.046700011007488,1,,0,36.93069994915277,1,hover,0.00879995059221983,1
1790161544.7571187,,0.010299205780029297,97.09486550303255,,0.08829997386783361,,1,,,0,0,,,no_face,0,0.0031999079510569572,1,,0,,0,,0,hover,0.008600065484642982,1
1790161544.8032966,,0.04617786407470703,21.65539745151897,,35.9601000091061,,1,,,0,0,,,no_face,0,0.003300025127828121,1,,0,,0,35.88149999268353,1,hover,0.00800006091594696,1
1790161544.813045,,0.009748458862304688,102.58031696341224,,0.07960002403706312,,1,,,0,0,,,no_face,0,0.0032999087125062943,1,,0,,0,,0,hover,0.008600065484642982,1
1790161544.8783827,,0.0653376579284668,15.305109361202135,,47.976700006984174,,1,,,0,0,,,no_face,0,0.0036999117583036423,1,5.506000015884638,1,,0,42.38550004083663,1,hover,0.009400071576237679,1
1790161544.8904395,,0.012056827545166016,82.94055764287127,,0.11690007522702217,,1,,,0,0,,,no_face,0,0.005100038833916187,1,,0,,0,,0,hover,0.01409999094903469,1
1790161544.947348,,0.056908607482910156,17.57203425334741,,34.19719997327775,,1,,,0,0,,,no_face,0,0.0028999056667089462,1,,0,,0,34.117800067178905,1,hover,0.00800006091594696,1
1790161544.9552314,,0.007883310317993164,126.8502646302737,,0.14119991101324558,,1,,,0,0,,,no_face,0,0.0036999117583036423,1,,0,,0,,0,hover,0.01070008147507906,1
1790161545.0113766,,0.05614519119262695,17.810964372160175,,45.45440000947565,,1,,,0,0,,,no_face,0,0.003800028935074806,1,5.041100084781647,1,,0,40.3272999683395,1,hover,0.009499955922365189,1
1790161545.0318024,,0.020425796508789062,48.95769913157157,,0.09650003630667925,,1,,,0,0,,,no_face,0,0.0039000296965241432,1,,0,,0,,0,hover,0.009999959729611874,1
1790161545.0729997,,0.04119729995727539,24.27343542021135,,37.87440003361553,,1,,,0,0,,,no_face,0,0.003500026650726795,1,,0,,0,37.792099989019334,1,hover,0.008199946023523808,1
1790161545.0882683,,0.015268564224243164,65.49404287878077,,0.13689999468624592,,1,,,0,0,,,no_face,0,0.003700028173625469,1,,0,,0,,0,hover,0.01079996582120657,1
1790161545.1474752,,0.05920696258544922,16.889905449156775,,43.52950002066791,,1,,,0,0,,,no_face,0,0.003999914042651653,1,4.885300062596798,1,,0,38.559600012376904,1,hover,0.009200070053339005,1
1790161545.1581514,,0.010676145553588867,93.66676343821881,,0.0906999921426177,,1,,,0,0,,,no_face,0,0.003500026650726795,1,,0,,0,,0,hover,0.009199953638017178,1
1790161545.2032902,,0.04513883590698242,22.153872157020167,,37.32439992018044,,1,,,0,0,,,no_face,0,0.0037999125197529793,1,,0,,0,37.2293998952955,1,hover,0.010500079952180386,1
1790161545.215622,,0.012331724166870117,81.09166134988303,,0.10549998842179775,,1,,,0,0,,,no_face,0,0.003400025889277458,1,,0,,0,,0,hover,0.00900006853044033,1
1790161545.2837205,,0.06809854507446289,14.68460154187644,,41.442499961704016,,1,,,0,0,,,no_face,0,0.0035999109968543053,1,5.009399959817529,1,,0,36.34540003258735,1,hover,0.009600073099136353,1
1790161545.2999184,,0.016197919845581055,61.736322289112294,,0.08560006972402334,,1,,,0,0,,,no_face,0,0.003400025889277458,1,,0,,0,,0,hover,0.008899951353669167,1
1790161545.3475177,,0.04759931564331055,21.008705408573174,,36.19989997241646,,1,,,0,0,,,no_face,0,0.003999914042651653,1,,0,,0,36.107399966567755,1,hover,0.00970007386058569,1
1790161545.359296,,0.01177835464477539,84.90150196348326,,0.12770004104822874,,1,,,0,0,,,no_face,0,0.006200047209858894,1,,0,,0,,0,hover,0.01610000617802143,1
1790161545.412426,,0.05312991142272949,18.821789331502448,,41.36010003276169,,1,,,0,0,,,no_face,0,0.0039000296965241432,1,5.170000018551946,1,,0,36.098500015214086,1,hover,0.009899958968162537,1
1790161545.428739,,0.01631307601928711,61.3005173774517,,0.0914999982342124,,1,,,0,0,,,no_face,0,0.0033999094739556313,1,,0,,0,,0,hover,0.009100069291889668,1
1790161545.4789958,,0.05025672912597656,19.897832934836238,,35.48319998662919,,0,,,0,0,,,no_face,0,0.0038999132812023163,1,,0,,0,35.38819996174425,1,hover,0.009500072337687016,1
1790161545.4861722,,0.007176399230957031,139.34564784053157,,0.08330005221068859,,0,,,0,0,,,no_face,0,0.003500026650726795,1,,0,,0,,0,hover,0.008899951353669167,1
1790161545.5238104,,0.037638187408447266,26.568760847807635,,22.97659998293966,,0,,,0,0,,,no_face,0,0.004399917088449001,1,5.198300001211464,1,,0,17.69040001090616,1,hover,0.010300078429281712,1
1790161545.5401711,,0.016360759735107422,61.12185596455947,,0.11769996490329504,,0,,,0,0,,,no_face,0,0.0065999338403344154,1,,0,,0,,0,hover,0.016200006939470768,1
1790161545.5877726,,0.04760146141052246,21.00775838321104,,18.27870006673038,,0,,,0,0,,,no_face,0,0.003500026650726795,1,,0,,0,18.184400047175586,1,hover,0.009600073099136353,1
1790161545.604105,,0.016332387924194336,61.2280338087383,,0.09400001727044582,,0,,,0,0,,,no_face,0,0.003700028173625469,1,,0,,0,,0,hover,0.009399955160915852,1
1790161545.6783535,,0.0742485523223877,13.468276063592372,,32.151699997484684,,0,,,0,0,,,no_face,0,0.0035999109968543053,1,6.11879990901798,1,,0,25.952500058338046,1,hover,0.00900006853044033,1
1790161545.6904523,,0.01209878921508789,82.65289875064045,,0.12689991854131222,,0,,,0,0,,,no_face,0,0.005900044925510883,1,,0,,0,,0,hover,0.015099998563528061,1
1790161545.7317805,,0.04132819175720215,24.196558268865775,,17.331199953332543,,0,,,0,0,,,no_face,0,0.0033999094739556313,1,,0,,0,17.24149996880442,1,hover,0.008600065484642982,1
1790161545.7481847,,0.016404151916503906,60.96017673391082,,0.09520002640783787,,0,,,0,0,,,no_face,0,0.003400025889277458,1,,0,,0,,0,hover,0.009399955160915852,1
1790161545.7957282,,0.04754352569580078,21.033358072733837,,22.23569992929697,,0,,,0,0,,,no_face,0,0.0037999125197529793,1,4.917099955491722,1,,0,17.23839994519949,1,hover,0.00970007386058569,1
1790161545.811965,,0.01623678207397461,61.588558338962144,,0.085200066678226,,0,,,0,0,,,no_face,0,0.003300025127828121,1,,0,,0,,0,hover,0.009399955160915852,1
1790161545.863664,,0.051698923110961914,19.342762669421372,,27.201200020499527,,0,,,0,0,,,no_face,0,0.003400025889277458,1,,0,,0,27.110800030641258,1,hover,0.009499955922365189,1
1790161545.877473,,0.0138092041015625,72.41546961325967,,0.12360000982880592,,0,,,0,0,,,no_face,0,0.0037999125197529793,1,,0,,0,,0,hover,0.0100000761449337,1
1790161545.9258187,,0.04834556579589844,20.684420246972028,,23.349200026132166,,0,,,0,0,,,no_face,0,0.0037999125197529793,1,4.624499939382076,1,,0,18.650300102308393,1,hover,0.009100069291889668,1
1790161545.9401078,,0.014289140701293945,69.98321458962508,,0.0863000750541687,,0,,,0,0,,,no_face,0,0.003500026650726795,1,,0,,0,,0,hover,0.009499955922365189,1
1790161545.98786,,0.04775214195251465,20.941468991996484,,17.403099918738008,,0,,,0,0,,,no_face,0,0.003300025127828121,1,,0,,0,17.297999933362007,1,hover,0.008800067007541656,1
1790161546.0200593,,0.03219938278198242,31.056495920150457,,0.08479994721710682,,0,,,0,0,,,no_face,0,0.003200024366378784,1,,0,,0,,0,hover,0.009499955922365189,1
1790161546.0728257,,0.05276632308959961,18.951481578543092,,32.18500001821667,,0,,,0,0,,,no_face,0,0.0034999102354049683,1,5.359800066798925,1,,0,26.744200033135712,1,hover,0.00900006853044033,1
1790161546.090537,,0.017711400985717773,56.460807409102536,,0.09770004544407129,,0,,,0,0,,,no_face,0,0.003600027412176132,1,,0,,0,,0,hover,0.00900006853044033,1
1790161546.1319027,,0.041365623474121094,24.17466282420749,,18.62779993098229,,0,,,0,0,,,no_face,0,0.0039000296965241432,1,,0,,0,18.536899937316775,1,hover,0.010299962013959885,1
1790161546.1502762,,0.018373489379882812,54.426243122599395,,0.11120003182440996,,0,,,0,0,,,no_face,0,0.005500041879713535,1,,0,,0,,0,hover,0.014599994756281376,1
1790161546.19591,,0.045633792877197266,21.913585020010242,,23.09659996535629,,0,,,0,0,,,no_face,0,0.003700028173625469,1,4.932599957101047,1,,0,18.087000004015863,1,hover,0.009599956683814526,1
1790161546.214167,,0.01825714111328125,54.77308817384037,,0.16300007700920105,,0,,,0,0,,,no_face,0,0.006500049494206905,1,,0,,0,,0,hover,0.01680001150816679,1
1790161546.2480817,,0.03391456604003906,29.485855688656432,,16.70070004183799,,0,,,0,0,,,no_face,0,0.003100023604929447,1,,0,,0,16.624800045974553,1,hover,0.008499948307871819,1
1790161546.2762735,,0.028191804885864258,35.47130111209776,,0.0879999715834856,,0,,,0,0,,,no_face,0,0.0035999109968543053,1,,0,,0,,0,hover,0.00970007386058569,1
1790161546.339116,,0.06284260749816895,15.912770647353186,,39.55310001038015,,0,,,0,0,,,no_face,0,0.0039000296965241432,1,4.9727000296115875,1,,0,34.50680000241846,1,hover,0.00909995287656784,1
1790161546.3524492,,0.01333308219909668,75.00141265668866,,0.080699915997684,,0,,,0,0,,,no_face,0,0.003500026650726795,1,,0,,0,,0,hover,0.009900075383484364,1
1790161546.387798,,0.03534889221191406,28.289429666001187,,18.609900027513504,,0,,,0,0,,,no_face,0,0.00509992241859436,1,,0,,0,18.4859000146389,1,hover,0.015400000847876072,1
1790161546.4266071,,0.03880906105041504,25.76717840972619,,0.08869997691363096,,0,,,0,0,,,no_face,0,0.0037999125197529793,1,,0,,0,,0,hover,0.010300078429281712,1
1790161546.4676533,,0.041046142578125,24.36282527881041,,23.160099983215332,,0,,,0,0,,,no_face,0,0.003500026650726795,1,6.012599915266037,1,,0,17.0771999983117,1,hover,0.009299954399466515,1
1790161546.4843142,,0.01666092872619629,60.02066369971809,,0.09029998909682035,,0,,,0,0,,,no_face,0,0.003600027412176132,1,,0,,0,,0,hover,0.009899958968162537,1
1790161546.5319233,,0.04760909080505371,21.004391873281687,,18.035099958069623,,0,,,0,0,,,no_face,0,0.003800028935074806,1,,0,,0,17.95379992108792,1,hover,0.009699957445263863,1
1790161546.5482655,,0.0163421630859375,61.19140989729225,,0.08840009104460478,,0,,,0,0,,,no_face,0,0.003700028173625469,1,,0,,0,,0,hover,0.009699957445263863,1
1790161546.595861,,0.04759550094604492,21.010389220057107,,22.15460001025349,,0,,,0,0,,,no_face,0,0.0034999102354049683,1,4.823400056920946,1,,0,17.261300003156066,1,hover,0.008600065484642982,1
1790161546.612181,,0.016319990158081055,61.27454675607369,,0.09240000508725643,,0,,,0,0,,,no_face,0,0.004300032742321491,1,,0,,0,,0,hover,0.010299962013959885,1
1790161546.6481974,,0.03601646423339844,27.765079701318648,,17.409099964424968,,0,,,0,0,,,no_face,0,0.0036999117583036423,1,,0,,0,17.326500033959746,1,hover,0.009100069291889668,1
1790161546.6782422,,0.0300447940826416,33.283636334780226,,0.14859996736049652,,0,,,0,0,,,no_face,0,0.0066999346017837524,1,,0,,0,,0,hover,0.01610000617802143,1
1790161546.7238872,,0.04564499855041504,21.908205318387665,,23.47599994391203,,0,,,0,0,,,no_face,0,0.00409991480410099,1,5.047399899922311,1,,0,18.35140003822744,1,hover,0.009500072337687016,1
1790161546.7403579,,0.016470670700073242,60.713981732119336,,0.08709996473044157,,0,,,0,0,,,no_face,0,0.003400025889277458,1,,0,,0,,0,hover,0.009899958968162537,1
1790161546.803631,,0.06327319145202637,15.80448175683059,,17.716199974529445,,0,,,0,0,,,no_face,0,0.0037999125197529793,1,,0,,0,17.63689995277673,1,hover,0.009100069291889668,1
1790161546.8201885,,0.01655745506286621,60.395755036214666,,0.10139995720237494,,0,,,0,0,,,no_face,0,0.003600027412176132,1,,0,,0,,0,search_360,0.014599994756281376,1
1790161546.8678584,,0.04766988754272461,20.977603505016454,,24.00049997959286,,0,,,0,0,,,no_face,0,0.003200024366378784,1,4.879900021478534,1,,0,19.056699937209487,1,search_360,0.00609993003308773,1
1790161546.8841062,,0.01624774932861328,61.54698597170864,,0.07840001489967108,,0,,,0,0,,,no_face,0,0.0032999087125062943,1,,0,,0,,0,search_360,0.006200047209858894,1
1790161546.931866,,0.0477597713470459,20.93812369271013,,18.492799950763583,,0,,,0,0,,,no_face,0,0.003500026650726795,1,,0,,0,18.414099933579564,1,search_360,0.0065999338403344154,1
1790161546.947996,,0.01612997055053711,61.99639341354539,,0.12569990940392017,,0,,,0,0,,,no_face,0,0.005499925464391708,1,,0,,0,,0,search_360,0.011199968867003918,1
1790161547.0112662,,0.06327033042907715,15.80519642016015,,31.331900041550398,,0,,,0,0,,,no_face,0,0.005500041879713535,1,6.605599890463054,1,,0,24.593800073489547,1,search_360,0.01009996049106121,1
1790161547.0176013,,0.006335020065307617,157.85269654886906,,0.09580003097653389,,0,,,0,0,,,no_face,0,0.003600027412176132,1,,0,,0,,0,search_360,0.006700051017105579,1
1790161547.0594392,,0.04183793067932129,23.90175574563628,,18.87410006020218,,0,,,0,0,,,no_face,0,0.003800028935074806,1,,0,,0,18.749500042758882,1,search_360,0.006900052540004253,1
1790161547.0761046,,0.01666545867919922,60.00434907010014,,0.08409994188696146,,0,,,0,0,,,no_face,0,0.004100031219422817,1,,0,,0,,0,search_360,0.007100054062902927,1
1790161547.1238766,,0.04777193069458008,20.932794330488598,,30.40829999372363,,0,,,0,0,,,no_face,0,0.007500057108700275,1,5.6721000000834465,1,,0,24.6211999328807,1,search_360,0.013599987141788006,1
1790161547.1453068,,0.021430253982543945,46.66300272570507,,0.10190007742494345,,0,,,0,0,,,no_face,0,0.006100046448409557,1,,0,,0,,0,search_360,0.01179997343569994,1
1790161547.2037916,,0.058484792709350586,17.09846190221889,,26.46920003462583,,0,,,0,0,,,no_face,0,0.003700028173625469,1,,0,,0,26.38900000602007,1,search_360,0.007300055585801601,1
1790161547.221425,,0.017633438110351562,56.710438074634936,,0.07619999814778566,,0,,,0,0,,,no_face,0,0.003300025127828121,1,,0,,0,,0,search_360,0.006200047209858894,1
1790161547.2680776,,0.04665255546569824,21.435053021591926,,23.414299939759076,,0,,,0,0,,,no_face,0,0.0038999132812023163,1,4.864500020630658,1,,0,18.481099978089333,1,search_360,0.007200054824352264,1
1790161547.2852142,,0.017136573791503906,58.35472202125884,,0.10219996329396963,,0,,,0,0,,,no_face,0,0.0036999117583036423,1,,0,,0,,0,search_360,0.007400056347250938,1
1790161547.3494341,,0.06421995162963867,15.571484789759353,,37.93200000654906,,0,,,0,0,,,no_face,0,0.0030999071896076202,1,,0,,0,37.85820002667606,1,search_360,0.006500049494206905,1
1790161547.3638866,,0.014452457427978516,69.19238510013527,,0.08309993427246809,,0,,,0,0,,,no_face,0,0.003999914042651653,1,,0,,0,,0,search_360,0.007600057870149612,1
1790161547.3956878,,0.03180122375488281,31.445330774305763,,26.262700092047453,,0,,,0,0,,,no_face,0,0.004400033503770828,1,6.1691999435424805,1,,0,20.02120006363839,1,search_360,0.0078000593930482864,1
1790161547.4136357,,0.017947912216186523,55.71678688611698,,0.1113000325858593,,0,,,0,0,,,no_face,0,0.004900037311017513,1,,0,,0,,0,search_360,0.0097999582067132,1
1790161547.4653847,,0.05174899101257324,19.32404826515427,,24.498599930666387,,0,,,0,0,,,no_face,0,0.006100046448409557,1,,0,,0,24.37979995738715,1,search_360,0.012299977242946625,1
1790161547.4759722,,0.010587453842163086,94.45141531740491,,0.10519998613744974,,0,,,0,0,,,no_face,0,0.005300040356814861,1,,0,,0,,0,search_360,0.009499955922365189,1
1790161547.5237381,,0.04776597023010254,20.93540642391874,,29.818999930284917,,0,,,0,0,,,no_face,0,0.0035999109968543053,1,6.519099930301309,1,,0,23.225400014780462,1,search_360,0.006600050255656242,1
1790161547.5559442,,0.032206058502197266,31.050058482995514,,0.11849997099488974,,0,,,0,0,,,no_face,0,0.005800044164061546,1,,0,,0,,0,search_360,0.008400063961744308,1
1790161547.6037848,,0.04784059524536133,20.902749952655764,,24.703099974431098,,0,,,0,0,,,no_face,0,0.007200054824352264,1,,0,,0,24.593000067397952,1,search_360,0.012899981811642647,1
1790161547.6207736,,0.016988754272460938,58.86246772201639,,0.13179995585232973,,0,,,0,0,,,no_face,0,0.0068999361246824265,1,,0,,0,,0,search_360,0.011300086043775082,1
1790161547.6792898,,0.05851626396179199,17.089265997107177,,28.389299986883998,,0,,,0,0,,,no_face,0,0.0067999353632330894,1,5.832000053487718,1,,0,22.47159997932613,1,search_360,0.00800006091594696,1
1790161547.6876626,,0.008372783660888672,119.43459194714961,,0.14210003428161144,,0,,,0,0,,,no_face,0,0.004499917849898338,1,,0,,0,,0,search_360,0.008500064723193645,1
1790161547.7501678,,0.06250524520874023,15.998657339243074,,43.964499956928194,,0,,,0,0,,,no_face,0,0.0038999132812023163,1,,0,,0,43.889099964872,1,search_360,0.007200054824352264,1
1790161547.766446,,0.01627826690673828,61.43160114828051,,0.1373999984934926,,0,,,0,0,,,no_face,0,0.0072999391704797745,1,,0,,0,,0,search_360,0.012100092135369778,1
1790161547.797646,,0.031199932098388672,32.051351805719,,26.421800022944808,,0,,,0,0,,,no_face,0,0.004400033503770828,1,5.435299943201244,1,,0,20.908900070935488,1,search_360,0.0074999406933784485,1
1790161547.8153675,,0.01772141456604004,56.42890392713477,,0.08949998300522566,,0,,,0,0,,,no_face,0,0.004400033503770828,1,,0,,0,,0,search_360,0.00800006091594696,1
1790161547.866118,,0.0507504940032959,19.704241695362747,,24.73850001115352,,0,,,0,0,,,no_face,0,0.004100031219422817,1,,0,,0,24.64359998703003,1,search_360,0.0075999414548277855,1
1790161547.8781002,,0.011982202529907227,83.4571104522753,,0.0790000194683671,,0,,,0,0,,,no_face,0,0.0036999117583036423,1,,0,,0,,0,search_360,0.007600057870149612,1
1790161547.9236712,,0.045571088790893555,21.943737280199226,,24.01519997511059,,0,,,0,0,,,no_face,0,0.003400025889277458,1,5.869999993592501,1,,0,18.0815999628976,1,search_360,0.006399932317435741,1
1790161547.956196,,0.032524824142456055,30.74574656022988,,0.14080002438277006,,0,,,0,0,,,no_face,0,0.005599926225841045,1,,0,,0,,0,search_360,0.01100008375942707,1
1790161548.003815,,0.047618865966796875,21.00008010894817,,19.654099945910275,,0,,,0,0,,,no_face,0,0.004100031219422817,1,,0,,0,19.575600046664476,1,search_360,0.006800051778554916,1
1790161548.0203195,,0.016504526138305664,60.589440231130375,,0.14150002971291542,,0,,,0,0,,,no_face,0,0.006299931555986404,1,,0,,0,,0,search_360,0.011600088328123093,1
1790161548.0751197,,0.05480027198791504,18.248084612071402,,22.97379996161908,,0,,,0,0,,,no_face,0,0.003300025127828121,1,5.168600007891655,1,,0,17.735500005073845,1,search_360,0.006900052540004253,1
1790161548.0843937,,0.009274005889892578,107.82826880559412,,0.07930002175271511,,0,,,0,0,,,no_face,0,0.003500026650726795,1,,0,,0,,0,search_360,0.006400048732757568,1
1790161548.1318185,,0.0474247932434082,21.086017072704788,,24.113700026646256,,0,,,0,0,,,no_face,0,0.00400003045797348,1,,0,,0,24.03740002773702,1,search_360,0.0071999384090304375,1
1790161548.1479778,,0.0161592960357666,61.883883913421954,,0.11230004020035267,,0,,,0,0,,,no_face,0,0.005600042641162872,1,,0,,0,,0,search_360,0.010999967344105244,1
1790161548.211145,,0.06316709518432617,15.831027168210401,,39.02999998535961,,0,,,0,0,,,no_face,0,0.003700028173625469,1,4.952799994498491,1,,0,34.00739992503077,1,search_360,0.0072999391704797745,1
1790161548.2251937,,0.01404881477355957,71.18038184132372,,0.11199992150068283,,0,,,0,0,,,no_face,0,0.005599926225841045,1,,0,,0,,0,search_360,0.01070008147507906,1
1790161548.2507646,,0.02557086944580078,39.10700033565808,,18.1748999748379,,0,,,0,0,,,no_face,0,0.003500026650726795,1,,0,,0,18.09769996907562,1,search_360,0.0066999346017837524,1
1790161548.2758386,,0.025074005126953125,39.88194127491252,,0.11279992759227753,,0,,,0,0,,,no_face,0,0.0073999399319291115,1,,0,,0,,0,search_360,0.011499971151351929,1
1790161548.3396726,,0.06383395195007324,15.665644526946018,,23.032200057059526,,0,,,0,0,,,no_face,0,0.003500026650726795,1,4.874900099821389,1,,0,18.08720000553876,1,search_360,0.0065999338403344154,1
1790161548.3563445,,0.01667189598083496,59.98118037381841,,0.11719996109604836,,0,,,0,0,,,no_face,0,0.004400033503770828,1,,0,,0,,0,search_360,0.0075999414548277855,1
1790161548.4036124,,0.047267913818359375,21.156000322814947,,18.42970005236566,,0,,,0,0,,,no_face,0,0.003400025889277458,1,,0,,0,18.35450006183237,1,search_360,0.006199930794537067,1
1790161548.426207,,0.022594690322875977,44.258185693634,,0.0863000750541687,,0,,,0,0,,,no_face,0,0.003700028173625469,1,,0,,0,,0,search_360,0.0072999391704797745,1
1790161548.4675987,,0.041391611099243164,24.159484819335404,,24.063299992121756,,0,,,0,0,,,no_face,0,0.004300032742321491,1,4.853100050240755,1,,0,19.131299923174083,1,search_360,0.0071999384090304375,1
1790161548.483968,,0.016369342803955078,61.089807451425905,,0.0953000271692872,,0,,,0,0,,,no_face,0,0.003999914042651653,1,,0,,0,,0,search_360,0.006800051778554916,1
1790161548.5315485,,0.04758048057556152,21.01702185231025,,19.049800001084805,,0,,,0,0,,,no_face,0,0.003600027412176132,1,,0,,0,18.966499948874116,1,search_360,0.0067999353632330894,1
1790161548.55015,,0.018601417541503906,53.759343758010765,,0.08519995026290417,,0,,,0,0,,,no_face,0,0.004600035026669502,1,,0,,0,,0,search_360,0.006500049494206905,1
1790161548.5956485,,0.04549860954284668,21.978693635863443,,22.6861999835819,,0,,,0,0,,,no_face,0,0.003700028173625469,1,5.091300001367927,1,,0,17.524200025945902,1,search_360,0.006399932317435741,1
1790161548.612289,,0.016640424728393555,60.09461995844975,,0.08260004688054323,,0,,,0,0,,,no_face,0,0.003700028173625469,1,,0,,0,,0,search_360,0.006300047971308231,1
1790161548.6511,,0.03881096839904785,25.765912092637528,,16.86459989286959,,0,,,0,0,,,no_face,0,0.004200031980872154,1,,0,,0,16.786899999715388,1,search_360,0.006500049494206905,1
1790161548.6920965,,0.040996551513671875,24.392295524332372,,0.07849989924579859,,0,,,0,0,,,no_face,0,0.003400025889277458,1,,0,,0,,0,search_360,0.006300047971308231,1
1790161548.7399418,,0.04784536361694336,20.90066673975224,,22.535800002515316,,0,,,0,0,,,no_face,0,0.003300025127828121,1,5.021900054998696,1,,0,17.445000004954636,1,search_360,0.0065999338403344154,1
1790161548.7581697,,0.018227815628051758,54.861208847265644,,0.08290004916489124,,0,,,0,0,,,no_face,0,0.003800028935074806,1,,0,,0,,0,search_360,0.0071999384090304375,1
1790161548.8034313,,0.04526162147521973,22.093773210212756,,18.347599892877042,,0,,,0,0,,,no_face,0,0.003800028935074806,1,,0,,0,18.264099955558777,1,search_360,0.007500057108700275,1
1790161548.8200212,,0.016589879989624023,60.27771150999526,,0.13159995432943106,,0,,,0,0,,,no_face,0,0.006399932317435741,1,,0,,0,,0,search_360,0.01200009137392044,1
1790161548.8687365,,0.04871535301208496,20.527409495563482,,23.25810003094375,,0,,,0,0,,,no_face,0,0.004199915565550327,1,4.761599935591221,1,,0,18.419800093397498,1,search_360,0.006500049494206905,1
1790161548.8839684,,0.015231847763061523,65.65191666536228,,0.10029994882643223,,0,,,0,0,,,no_face,0,0.0035999109968543053,1,,0,,0,,0,search_360,0.007300055585801601,1
1790161548.9315825,,0.047614097595214844,21.00218318745368,,17.84300000872463,,0,,,0,0,,,no_face,0,0.003500026650726795,1,,0,,0,17.7661000052467,1,search_360,0.0065999338403344154,1
1790161548.9479444,,0.01636195182800293,61.117402771503926,,0.09709992446005344,,0,,,0,0,,,no_face,0,0.0036999117583036423,1,,0,,0,,0,search_360,0.006900052540004253,1
1790161548.9958808,,0.047936439514160156,20.860956928280114,,23.168600047938526,,0,,,0,0,,,no_face,0,0.003800028935074806,1,4.755899892188609,1,,0,18.339000060223043,1,search_360,0.00700005330145359,1
1790161549.0118098,,0.015928983688354492,62.77864423523073,,0.1553000183776021,,0,,,0,0,,,no_face,0,0.005699926987290382,1,,0,,0,,0,search_360,0.018300022929906845,1
1790161549.0602033,,0.04839348793029785,20.66393729338792,,19.0817000111565,,0,,,0,0,,,no_face,0,0.003700028173625469,1,,0,,0,18.999999971129,1,search_360,0.006900052540004253,1
1790161549.0920022,,0.0317988395690918,31.44768845502122,,0.08779997006058693,,0,,,0,0,,,no_face,0,0.003400025889277458,1,,0,,0,,0,search_360,0.0066999346017837524,1
1790161549.1397371,,0.047734975814819336,20.948999825187922,,23.973100003786385,,0,,,0,0,,,no_face,0,0.004400033503770828,1,5.117200082167983,1,,0,18.76749994698912,1,search_360,0.00809994526207447,1
1790161549.1561697,,0.016432523727416992,60.85492506130029,,0.1251999055966735,,0,,,0,0,,,no_face,0,0.005900044925510883,1,,0,,0,,0,search_360,0.010499963536858559,1
1790161549.2038016,,0.04763197898864746,20.994298814213423,,19.241300062276423,,0,,,0,0,,,no_face,0,0.003700028173625469,1,,0,,0,19.165500067174435,1,search_360,0.0066999346017837524,1
1790161549.2200558,,0.016254186630249023,61.522610927759445,,0.08739996701478958,,0,,,0,0,,,no_face,0,0.003999914042651653,1,,0,,0,,0,search_360,0.006800051778554916,1
1790161549.268753,,0.04869723320007324,20.535047564026613,,25.678800069727004,,0,,,0,0,,,no_face,0,0.003600027412176132,1,5.8230001013726,1,,0,19.78380000218749,1,search_360,0.006299931555986404,1
1790161549.2853367,,0.016583681106567383,60.30024296620038,,0.1281000440940261,,0,,,0,0,,,no_face,0,0.005800044164061546,1,,0,,0,,0,search_360,0.01109996810555458,1
1790161549.3316393,,0.04630255699157715,21.597079404964806,,22.098800051026046,,0,,,0,0,,,no_face,0,0.003700028173625469,1,,0,,0,22.01529999729246,1,search_360,0.0077999429777264595,1
1790161549.348163,,0.01652359962463379,60.5195007575211,,0.09350001346319914,,0,,,0,0,,,no_face,0,0.0034999102354049683,1,,0,,0,,0,search_360,0.006800051778554916,1
1790161549.3955836,,0.04742074012756348,21.087819323569487,,29.847400030121207,,0,,,0,0,,,no_face,0,0.006499933078885078,1,5.900100106373429,1,,0,23.83289998397231,1,search_360,0.012100092135369778,1
1790161549.4199777,,0.02439403533935547,40.99362758512842,,0.14100002590566874,,0,,,0,0,,,no_face,0,0.006900052540004253,1,,0,,0,,0,search_360,0.01079996582120657,1
1790161549.4758272,,0.055849552154541016,17.905246531483456,,20.12729994021356,,0,,,0,0,,,no_face,0,0.0037999125197529793,1,,0,,0,20.0429999968037,1,search_360,0.007300055585801601,1
1790161549.4921832,,0.01635599136352539,61.13967522812746,,0.09819993283599615,,0,,,0,0,,,no_face,0,0.0036999117583036423,1,,0,,0,,0,search_360,0.007500057108700275,1
1790161549.5397446,,0.0475614070892334,21.02545027996812,,22.53650000784546,,0,,,0,0,,,no_face,0,0.0033999094739556313,1,4.646599991247058,1,,0,17.807200085371733,1,search_360,0.00600004568696022,1
1790161549.5574114,,0.01766681671142578,56.603292847503376,,0.10189996100962162,,0,,,0,0,,,no_face,0,0.0038999132812023163,1,,0,,0,,0,search_360,0.007100054062902927,1
1790161549.6038995,,0.046488046646118164,21.510905967125677,,25.217199930921197,,0,,,0,0,,,no_face,0,0.0039000296965241432,1,,0,,0,25.124599924311042,1,search_360,0.0071999384090304375,1
1790161549.6212916,,0.01739215850830078,57.49717607062565,,0.08739996701478958,,0,,,0,0,,,no_face,0,0.0036999117583036423,1,,0,,0,,0,search_360,0.006800051778554916,1
1790161549.6647325,,0.043440818786621094,23.019823933612873,,25.146799976937473,,0,,,0,0,,,no_face,0,0.00409991480410099,1,4.965299973264337,1,,0,20.10690001770854,1,search_360,0.006900052540004253,1
1790161549.684573,,0.019840478897094727,50.40200920484997,,0.07740000728517771,,0,,,0,0,,,no_face,0,0.0032999087125062943,1,,0,,0,,0,search_360,0.006700051017105579,1
1790161549.7317297,,0.04715681076049805,21.20584458263815,,22.393499966710806,,0,,,0,0,,,no_face,0,0.003100023604929447,1,,0,,0,22.32350001577288,1,search_360,0.006100046448409557,1
1790161549.8675597,,0.13582992553710938,7.362147892268374,,0.2571999793872237,,0,,,0,0,,,no_face,0,0.0070999376475811005,1,,0,,0,,0,search_360,0.01209997572004795,1
1790161549.9245117,,0.05695199966430664,17.55864598072624,,34.18700001202524,,0,,,0,0,,,no_face,0,0.004400033503770828,1,7.405599928461015,1,,0,26.69720002450049,1,search_360,0.0076999422162771225,1
1790161549.9418273,,0.01731562614440918,57.75130461123274,,0.12959993910044432,,0,,,0,0,,,no_face,0,0.005600042641162872,1,,0,,0,,0,search_360,0.010399962775409222,1
1790161549.977226,,0.03539872169494629,28.24960767277552,,20.947900018654764,,0,,,0,0,,,no_face,0,0.00400003045797348,1,,0,,0,20.865899976342916,1,search_360,0.00700005330145359,1
1790161549.9884844,,0.011258363723754883,88.82285423858029,,0.09200000204145908,,0,,,0,0,,,no_face,0,0.0035999109968543053,1,,0,,0,,0,search_360,0.006800051778554916,1
1790161550.052894,,0.06440973281860352,15.52560391480415,,32.570599927566946,,0,,,0,0,,,no_face,0,0.004100031219422817,1,6.113199982792139,1,,0,26.376500027254224,1,search_360,0.006900052540004253,1
1790161550.0566015,,0.003707408905029297,269.73016077170416,,0.10050006676465273,,0,,,0,0,,,no_face,0,0.004300032742321491,1,,0,,0,,0,search_360,0.007100054062902927,1
1790161550.0997458,,0.04314422607421875,23.178072502210433,,25.136400014162064,,0,,,0,0,,,no_face,0,0.0038999132812023163,1,,0,,0,25.04820004105568,1,search_360,0.007300055585801601,1
1790161550.116131,,0.016385316848754883,61.03025100036377,,0.10800000745803118,,0,,,0,0,,,no_face,0,0.003800028935074806,1,,0,,0,,0,search_360,0.0070999376475811005,1
1790161550.167616,,0.05148482322692871,19.42319964064591,,25.219399947673082,,0,,,0,0,,,no_face,0,0.00409991480410099,1,5.492799915373325,1,,0,19.64930002577603,1,search_360,0.006900052540004253,1
1790161550.1820774,,0.014461517333984375,69.14903719335268,,0.08789997082203627,,0,,,0,0,,,no_face,0,0.003400025889277458,1,,0,,0,,0,search_360,0.006499933078885078,1
1790161550.2434664,,0.06138896942138672,16.289571390843705,,19.39260005019605,,0,,,0,0,,,no_face,0,0.004500034265220165,1,,0,,0,19.29620001465082,1,search_360,0.0074999406933784485,1
1790161550.2729945,,0.029528141021728516,33.86599919257166,,0.08530006743967533,,0,,,0,0,,,no_face,0,0.003400025889277458,1,,0,,0,,0,search_360,0.006900052540004253,1
1790161550.3235092,,0.05051469802856445,19.796218507225994,,33.0203000921756,,0,,,0,0,,,no_face,0,0.00500003807246685,1,6.20800000615418,1,,0,26.703100069426,1,search_360,0.009699957445263863,1
1790161550.3429615,,0.019452333450317383,51.40771427520867,,0.08050003089010715,,0,,,0,0,,,no_face,0,0.003300025127828121,1,,0,,0,,0,search_360,0.006100046448409557,1
1790161550.3899405,,0.04697895050048828,21.28612898641928,,25.537499925121665,,0,,,0,0,,,no_face,0,0.003999914042651653,1,,0,,0,25.45570000074804,1,search_360,0.00700005330145359,1
1790161550.4077835,,0.017843008041381836,56.044361896871955,,0.23770006373524666,,0,,,0,0,,,no_face,0,0.010100076906383038,1,,0,,0,,0,search_360,0.011999974958598614,1
1790161550.4412909,,0.033507347106933594,29.844200939234383,,24.657999980263412,,0,,,0,0,,,no_face,0,0.005699926987290382,1,5.509000038728118,1,,0,19.011099939234555,1,search_360,0.011800089851021767,1
1790161550.4729142,,0.03162336349487305,31.6221897193866,,0.10710000060498714,,0,,,0,0,,,no_face,0,0.004199915565550327,1,,0,,0,,0,search_360,0.007600057870149612,1
1790161550.5064938,,0.03357958793640137,29.77999616594364,,21.296299993991852,,0,,,0,0,,,no_face,0,0.003700028173625469,1,,0,,0,21.2148999562487,1,search_360,0.0069999368861317635,1
1790161550.5234578,,0.016963958740234375,58.94850460984934,,0.1311999512836337,,0,,,0,0,,,no_face,0,0.006100046448409557,1,,0,,0,,0,search_360,0.011199968867003918,1
1790161550.572121,,0.04866313934326172,20.549434613047993,,24.258499965071678,,0,,,0,0,,,no_face,0,0.003700028173625469,1,5.598200019448996,1,,0,18.584699952043593,1,search_360,0.006299931555986404,1
1790161550.5910516,,0.018930673599243164,52.824322111812194,,0.08200004231184721,,0,,,0,0,,,no_face,0,0.003800028935074806,1,,0,,0,,0,search_360,0.00609993003308773,1
1790161550.6437135,,0.052661895751953125,18.989061934081853,,18.15419993363321,,0,,,0,0,,,no_face,0,0.003800028935074806,1,,0,,0,18.072899896651506,1,search_360,0.0070999376475811005,1
1790161550.6667106,,0.022997140884399414,43.48366629689914,,0.07920002099126577,,0,,,0,0,,,no_face,0,0.0033999094739556313,1,,0,,0,,0,search_360,0.006200047209858894,1
1790161550.7233918,,0.056681156158447266,17.642547678536875,,32.64760004822165,,0,,,0,0,,,no_face,0,0.00400003045797348,1,6.112899980507791,1,,0,26.459199958480895,1,search_360,0.006300047971308231,1
1790161550.7413976,,0.018005847930908203,55.53751224808665,,0.08240004535764456,,0,,,0,0,,,no_face,0,0.003300025127828121,1,,0,,0,,0,search_360,0.0066999346017837524,1
1790161550.785984,,0.0445864200592041,22.428353715596575,,22.22600008826703,,0,,,0,0,,,no_face,0,0.004100031219422817,1,,0,,0,22.1410000231117,1,search_360,0.0077999429777264595,1
1790161550.8038518,,0.0178678035736084,55.96658794016786,,0.08129992056638002,,0,,,0,0,,,no_face,0,0.0036999117583036423,1,,0,,0,,0,search_360,0.006700051017105579,1
1790161550.8373346,,0.03348278999328613,29.866089420879113,,24.377899942919612,,0,,,0,0,,,no_face,0,0.004100031219422817,1,5.23879996035248,1,,0,19.062799983657897,1,search_360,0.006600050255656242,1
1790161550.8562427,,0.018908023834228516,52.887599929387434,,0.07870001718401909,,0,,,0,0,,,no_face,0,0.0036999117583036423,1,,0,,0,,0,search_360,0.006700051017105579,1
1790161550.899721,,0.04347825050354004,23.000005483628627,,18.33939994685352,,0,,,0,0,,,no_face,0,0.0035999109968543053,1,,0,,0,18.259399919770658,1,search_360,0.006900052540004253,1
1790161550.917739,,0.018018007278442383,55.50003308059757,,0.08180004078894854,,0,,,0,0,,,no_face,0,0.003300025127828121,1,,0,,0,,0,search_360,0.0066999346017837524,1
1790161550.960459,,0.04272007942199707,23.408196181514782,,22.725699935108423,,0,,,0,0,,,no_face,0,0.003600027412176132,1,4.756300011649728,1,,0,17.899599974043667,1,search_360,0.006600050255656242,1
1790161550.9962442,,0.03578519821166992,27.944514770743666,,0.1129999291151762,,0,,,0,0,,,no_face,0,0.006300047971308231,1,,0,,0,,0,search_360,0.011199968867003918,1
1790161551.0438416,,0.047597408294677734,21.009547280577845,,18.718999926932156,,0,,,0,0,,,no_face,0,0.0039000296965241432,1,,0,,0,18.64129991736263,1,search_360,0.007100054062902927,1
1790161551.0642893,,0.020447731018066406,48.90518166130311,,0.09299989324063063,,0,,,0,0,,,no_face,0,0.003800028935074806,1,,0,,0,,0,search_360,0.007300055585801601,1
1790161551.1126013,,0.04831194877624512,20.698813136921064,,24.48680007364601,,0,,,0,0,,,no_face,0,0.003700028173625469,1,5.001600016839802,1,,0,19.41950002219528,1,search_360,0.0068999361246824265,1
1790161551.1295755,,0.016974210739135742,58.9129011868811,,0.08909997995942831,,0,,,0,0,,,no_face,0,0.0039000296965241432,1,,0,,0,,0,search_360,0.0075999414548277855,1
1790161551.1717567,,0.04218125343322754,23.70721395425077,,17.625599983148277,,0,,,0,0,,,no_face,0,0.003400025889277458,1,,0,,0,17.5557000329718,1,search_360,0.006399932317435741,1
1790161551.1896102,,0.017853498458862305,56.01143116595222,,0.12119999155402184,,0,,,0,0,,,no_face,0,0.006299931555986404,1,,0,,0,,0,search_360,0.010900082997977734,1
1790161551.2356768,,0.0460665225982666,21.70773793196251,,23.67609995417297,,0,,,0,0,,,no_face,0,0.0039000296965241432,1,5.17959997523576,1,,0,18.42949993442744,1,search_360,0.0069999368861317635,1
1790161551.253526,,0.017849206924438477,56.02489815000334,,0.11139991693198681,,0,,,0,0,,,no_face,0,0.03429991193115711,1,,0,,0,,0,search_360,0.006900052540004253,1
1790161551.2998242,,0.04629826545715332,21.599081307386104,,17.17779994942248,,0,,,0,0,,,no_face,0,0.004500034265220165,1,,0,,0,17.07959990017116,1,search_360,0.008499948307871819,1
1790161551.3176703,,0.017846107482910156,56.03462833324427,,0.07619999814778566,,0,,,0,0,,,no_face,0,0.003800028935074806,1,,0,,0,,0,search_360,0.006700051017105579,1
1790161551.3691697,,0.051499366760253906,19.417714486768762,,22.40640006493777,,0,,,0,0,,,no_face,0,0.003700028173625469,1,4.639300052076578,1,,0,17.703999998047948,1,search_360,0.0065999338403344154,1
1790161551.3959873,,0.02681756019592285,37.28899991998649,,0.1020999625325203,,0,,,0,0,,,no_face,0,0.004600035026669502,1,,0,,0,,0,search_360,0.008299946784973145,1
1790161551.4537575,,0.0577702522277832,17.309946926613456,,20.012799999676645,,0,,,0,0,,,no_face,0,0.003700028173625469,1,,0,,0,19.934599986299872,1,search_360,0.007600057870149612,1
1790161551.47427,,0.02051258087158203,48.75056952903436,,0.13399997260421515,,0,,,0,0,,,no_face,0,0.010400079190731049,1,,0,,0,,0,search_360,0.010199961252510548,1
1790161551.509881,,0.03561091423034668,28.08127849601307,,25.760999997146428,,0,,,0,0,,,no_face,0,0.003700028173625469,1,5.074899992905557,1,,0,20.618399954400957,1,search_360,0.006700051017105579,1
1790161551.5268462,,0.016965150833129883,58.944362466096095,,0.07609999738633633,,0,,,0,0,,,no_face,0,0.003300025127828121,1,,0,,0,,0,search_360,0.00609993003308773,1
1790161551.588861,,0.06201481819152832,16.125178290639692,,38.80139999091625,,1,,,0,0,,,no_face,0,0.004300032742321491,1,,0,,0,38.727100007236004,1,search_360,0.007500057108700275,1
1790161551.6067522,,0.01789116859436035,55.89349822097253,,0.08610007353127003,,1,,,0,0,,,no_face,0,0.003300025127828121,1,,0,,0,,0,search_360,0.0071999384090304375,1
1790161551.6581113,,0.05135917663574219,19.470717124076206,,38.187399972230196,,1,,,0,0,,,no_face,0,0.003999914042651653,1,4.928400041535497,1,,0,33.1925000064075,1,search_360,0.00700005330145359,1
1790161551.6851501,,0.0270388126373291,36.98387253216235,,0.0825000461190939,,1,,,0,0,,,no_face,0,0.003400025889277458,1,,0,,0,,0,search_360,0.0071999384090304375,1
1790161551.7353432,,0.050193071365356445,19.923068519178244,,33.18509995006025,,1,,,0,0,,,no_face,0,0.003600027412176132,1,,0,,0,33.11409999150783,1,search_360,0.006900052540004253,1
1790161551.752296,,0.0169527530670166,58.98746923563744,,0.12169999536126852,,1,,,0,0,,,no_face,0,0.003300025127828121,1,,0,,0,,0,search_360,0.007400056347250938,1
1790161551.8030927,,0.0507967472076416,19.686299910352627,,44.0449999878183,,1,,,0,0,,,no_face,0,0.0039000296965241432,1,5.741200060583651,1,,0,38.21219992823899,1,search_360,0.0075999414548277855,1
1790161551.8210647,,0.01797199249267578,55.64213319182807,,0.07469998672604561,,1,,,0,0,,,no_face,0,0.003500026650726795,1,,0,,0,,0,hover,0.01309998333454132,1
1790161551.8747187,,0.05365395545959473,18.637954861558562,,38.0341000854969,,1,,,0,0,,,no_face,0,0.003700028173625469,1,,0,,0,37.96129999682307,1,hover,0.009199953638017178,1
1790161551.8926032,,0.017884492874145508,55.91436151067148,,0.2191000385209918,,1,,,0,0,,,no_face,0,0.006600050255656242,1,,0,,0,,0,hover,0.10389997623860836,1
1790161551.9538336,,0.06123042106628418,16.331751155483044,,44.53269997611642,,1,,,0,0,,,no_face,0,0.00400003045797348,1,5.464899935759604,1,,0,38.99689996615052,1,hover,0.009599956683814526,1
1790161551.9606874,,0.006853818893432617,145.90405955404043,,0.0798000255599618,,1,,,0,0,,,no_face,0,0.003600027412176132,1,,0,,0,,0,hover,0.0097999582067132,1
1790161552.011393,,0.050705671310424805,19.72165980956859,,40.69029993843287,,1,,,0,0,,,no_face,0,0.0036999117583036423,1,,0,,0,40.61219992581755,1,hover,0.010300078429281712,1
1790161552.028385,,0.016991853713989258,58.851730766532434,,0.08220004383474588,,1,,,0,0,,,no_face,0,0.003600027412176132,1,,0,,0,,0,hover,0.009999959729611874,1
1790161552.0790586,,0.050673723220825195,19.734093657223784,,44.594500097446144,,1,,,0,0,,,no_face,0,0.003300025127828121,1,4.9594000447541475,1,,0,39.57280004397035,1,hover,0.00870006624609232,1
1790161552.0970259,,0.01796722412109375,55.65690021231423,,0.07920002099126577,,1,,,0,0,,,no_face,0,0.0034999102354049683,1,,0,,0,,0,hover,0.008900067768990993,1
1790161552.1461852,,0.04915928840637207,20.34203570510551,,33.022699994035065,,1,,,0,0,,,no_face,0,0.0035999109968543053,1,,0,,0,32.948600011877716,1,hover,0.009500072337687016,1
1790161552.171556,,0.02537083625793457,39.41533459257798,,0.11600006837397814,,1,,,0,0,,,no_face,0,0.003700028173625469,1,,0,,0,,0,hover,0.009399955160915852,1
1790161552.2218275,,0.05027151107788086,19.89198212981494,,40.53570004180074,,1,,,0,0,,,no_face,0,0.003100023604929447,1,5.306700011715293,1,,0,35.1541000418365,1,hover,0.008999952115118504,1
1790161552.239695,,0.017867565155029297,55.96733473886472,,0.08230004459619522,,1,,,0,0,,,no_face,0,0.003600027412176132,1,,0,,0,,0,hover,0.009699957445263863,1
1790161552.2917728,,0.0520777702331543,19.20205100032047,,39.726799936033785,,1,,,0,0,,,no_face,0,0.004199915565550327,1,,0,,0,39.64779991656542,1,hover,0.010200077667832375,1
1790161552.309719,,0.017946243286132812,55.72196832819641,,0.08549995254725218,,1,,,0,0,,,no_face,0,0.0035999109968543053,1,,0,,0,,0,hover,0.009300070814788342,1
1790161552.3537993,,0.044080257415771484,22.68589292861547,,37.288199993781745,,1,,,0,0,,,no_face,0,0.003600027412176132,1,4.934299970045686,1,,0,32.28689997922629,1,hover,0.009199953638017178,1
1790161552.371697,,0.017897605895996094,55.87339478872489,,0.08000002708286047,,1,,,0,0,,,no_face,0,0.003700028173625469,1,,0,,0,,0,hover,0.0097999582067132,1
1790161552.4208477,,0.049150705337524414,20.34558798562233,,38.59330003615469,,1,,,0,0,,,no_face,0,0.004200031980872154,1,,0,,0,38.510699989274144,1,hover,0.010999967344105244,1
1790161552.4453712,,0.024523496627807617,40.77721930020708,,0.08320005144923925,,1,,,0,0,,,no_face,0,0.004100031219422817,1,,0,,0,,0,hover,0.0097999582067132,1
1790161552.4935596,,0.04818844795227051,20.751861545540454,,46.080000000074506,,1,,,0,0,,,no_face,0,0.003600027412176132,1,4.831199999898672,1,,0,41.180499945767224,1,hover,0.008900067768990993,1
1790161552.527064,,0.033504486083984375,29.846749402254353,,0.08270004764199257,,1,,,0,0,,,no_face,0,0.003700028173625469,1,,0,,0,,0,hover,0.009299954399466515,1
1790161552.5736732,,0.04660916328430176,21.455008619234448,,37.84010000526905,,0,,,0,0,,,no_face,0,0.0037999125197529793,1,,0,,0,37.762499996460974,1,hover,0.00970007386058569,1
1790161552.5906434,,0.016970157623291016,58.92697181713451,,0.0849999487400055,,0,,,0,0,,,no_face,0,0.003700028173625469,1,,0,,0,,0,hover,0.010199961252510548,1
1790161552.6242101,,0.03356671333312988,29.791418363650568,,24.103799951262772,,0,,,0,0,,,no_face,0,0.003700028173625469,1,4.943800042383373,1,,0,19.088299944996834,1,hover,0.00970007386058569,1
1790161552.641144,,0.016933917999267578,59.05307915411258,,0.08709996473044157,,0,,,0,0,,,no_face,0,0.0036999117583036423,1,,0,,0,,0,hover,0.009400071576237679,1
1790161552.6680076,,0.026863574981689453,37.22512735857429,,17.75849994737655,,0,,,0,0,,,no_face,0,0.0037999125197529793,1,,0,,0,17.68599997740239,1,hover,0.008900067768990993,1
1790161552.7015676,,0.03356003761291504,29.797344434893187,,0.0977999297901988,,0,,,0,0,,,no_face,0,0.004199915565550327,1,,0,,0,,0,hover,0.010400079190731049,1
1790161552.736156,,0.03458833694458008,28.911479658656962,,23.879999993368983,,0,,,0,0,,,no_face,0,0.0037999125197529793,1,4.780300077982247,1,,0,19.03249998576939,1,hover,0.008900067768990993,1
1790161552.7539866,,0.017830610275268555,56.08332999050637,,0.14819996431469917,,0,,,0,0,,,no_face,0,0.005999929271638393,1,,0,,0,,0,hover,0.033400021493434906,1
1790161552.7891054,,0.035118818283081055,28.474762218345,,30.445799930021167,,0,,,0,0,,,no_face,0,0.004299916326999664,1,,0,,0,30.35779995843768,1,hover,0.011200085282325745,1
1790161552.8226762,,0.03357076644897461,29.787821541695667,,0.08350005373358727,,0,,,0,0,,,no_face,0,0.00400003045797348,1,,0,,0,,0,hover,0.009699957445263863,1
1790161552.8635268,,0.04085063934326172,24.479421034201003,,28.32809998653829,,0,,,0,0,,,no_face,0,0.0032999087125062943,1,4.822400049306452,1,,0,23.437099996954203,1,hover,0.008500064723193645,1
1790161552.881602,,0.018075227737426758,55.32433751467426,,0.07999991066753864,,0,,,0,0,,,no_face,0,0.0036999117583036423,1,,0,,0,,0,hover,0.0100000761449337,1
1790161552.9156358,,0.034033775329589844,29.38257628828425,,17.25919998716563,,0,,,0,0,,,no_face,0,0.0035999109968543053,1,,0,,0,17.184299998916686,1,hover,0.008900067768990993,1
1790161552.9335265,,0.01789069175720215,55.89498793960474,,0.22839999292045832,,0,,,0,0,,,no_face,0,0.006500049494206905,1,,0,,0,,0,hover,0.016300007700920105,1
1790161552.979867,,0.0463404655456543,21.579412037084676,,22.724299924448133,,0,,,0,0,,,no_face,0,0.003800028935074806,1,5.147899966686964,1,,0,17.506100004538894,1,hover,0.009200070053339005,1
1790161552.997767,,0.01789999008178711,55.865952742481156,,0.0822999281808734,,0,,,0,0,,,no_face,0,0.003600027412176132,1,,0,,0,,0,hover,0.0100000761449337,1
1790161553.0438414,,0.04607439041137695,21.70403104786546,,18.31720001064241,,0,,,0,0,,,no_face,0,0.003500026650726795,1,,0,,0,18.2446000399068,1,hover,0.008999952115118504,1
1790161553.0656476,,0.02180624008178711,45.85843301043056,,0.08719996549189091,,0,,,0,0,,,no_face,0,0.0035999109968543053,1,,0,,0,,0,hover,0.009800074622035027,1
1790161553.1139615,,0.04831385612487793,20.69799598308355,,22.78979995753616,,0,,,0,0,,,no_face,0,0.0033999094739556313,1,4.832100006751716,1,,0,17.890100018121302,1,hover,0.008500064723193645,1
1790161553.1318984,,0.01793694496154785,55.750854013531296,,0.09819993283599615,,0,,,0,0,,,no_face,0,0.0039000296965241432,1,,0,,0,,0,hover,0.009800074622035027,1
1790161553.1735516,,0.04165315628051758,24.00778450654242,,27.98490005079657,,0,,,0,0,,,no_face,0,0.004200031980872154,1,,0,,0,27.88509998936206,1,hover,0.010499963536858559,1
1790161553.1923704,,0.01881885528564453,53.13819490194091,,0.08480006363242865,,0,,,0,0,,,no_face,0,0.003500026650726795,1,,0,,0,,0,hover,0.009400071576237679,1
1790161553.2356982,,0.04332780838012695,23.079865734881416,,24.74280004389584,,0,,,0,0,,,no_face,0,0.003700028173625469,1,6.034200079739094,1,,0,18.635199987329543,1,hover,0.00909995287656784,1
1790161553.2546613,,0.018963098526000977,52.73399801350315,,0.12420001439750195,,0,,,0,0,,,no_face,0,0.0066999346017837524,1,,0,,0,,0,hover,0.01750001683831215,1
1790161553.299111,,0.044449567794799805,22.49740660283745,,17.81049999408424,,0,,,0,0,,,no_face,0,0.0032999087125062943,1,,0,,0,17.73610000964254,1,hover,0.009200070053339005,1
1790161553.3323321,,0.03322124481201172,30.10122003731879,,0.089599983766675,,0,,,0,0,,,no_face,0,0.005899928510189056,1,,0,,0,,0,hover,0.013899989426136017,1
1790161553.3889854,,0.05665326118469238,17.651234528934733,,25.897999992594123,,0,,,0,0,,,no_face,0,0.004100031219422817,1,5.9235000517219305,1,,0,19.883399945683777,1,hover,0.010999967344105244,1
1790161553.407079,,0.018093585968017578,55.26820397944393,,0.07940002251416445,,0,,,0,0,,,no_face,0,0.0032999087125062943,1,,0,,0,,0,hover,0.009300070814788342,1
1790161553.4549806,,0.04790163040161133,20.876116149198165,,31.05009999126196,,0,,,0,0,,,no_face,0,0.004600035026669502,1,,0,11.62480004131794,1,19.38970002811402,1,hover,0.01179997343569994,1
1790161553.466189,,0.011208295822143555,89.21962944842696,,10.08519995957613,,0,,,0,0,,,no_face,0,0.004900037311017513,1,,0,10.038800071924925,1,,0,hover,0.01379998866468668,1
1790161553.5232563,,0.0570673942565918,17.523141069026313,,38.43229997437447,,0,,,0,0,,,no_face,0,0.00409991480410099,1,5.823299987241626,1,9.771700017154217,1,22.808699985034764,1,hover,0.011500087566673756,1
1790161553.5411437,,0.017887353897094727,55.905418193935354,,9.14310000371188,,0,,,0,0,,,no_face,0,0.004299916326999664,1,,0,9.10150003619492,1,,0,hover,0.01070008147507906,1
1790161553.5876622,,0.046518564224243164,21.496794165432338,,34.66520004440099,,0,,,0,0,,,no_face,0,0.004400033503770828,1,,0,10.096599929966033,1,24.532999959774315,1,hover,0.011599971912801266,1
1790161553.6079342,,0.020272016525268555,49.32908370282381,,9.90750000346452,,0,,,0,0,,,no_face,0,0.0068999361246824265,1,,0,9.848000016063452,1,,0,hover,0.017700018361210823,1
1790161553.658182,,0.0502476692199707,19.901420613606383,,41.467900038696826,,0,,,0,0,,,no_face,0,0.00500003807246685,1,6.009800010360777,1,10.409399983473122,1,25.01540002413094,1,hover,0.013299984857439995,1
1790161553.686551,,0.02836918830871582,35.249510458949985,,8.756399969570339,,0,,,0,0,,,no_face,0,0.0071999384090304375,1,,0,8.69389995932579,1,,0,hover,0.017600017599761486,1
1790161553.7290564,,0.04250526428222656,23.52649764415526,,33.47840008791536,,0,,,0,0,,,no_face,0,0.004700035788118839,1,,0,9.58149996586144,1,23.85700005106628,1,hover,0.012599979527294636,1
1790161553.7473876,,0.018331289291381836,54.55153667069856,,9.482900029979646,,0,,,0,0,,,no_face,0,0.004700035788118839,1,,0,9.435300016775727,1,,0,hover,0.011899974197149277,1
1790161553.8001487,,0.052761077880859375,18.95336562793724,,39.08460005186498,,0,,,0,0,,,no_face,0,0.004700035788118839,1,6.150400033220649,1,10.59489999897778,1,22.307500010356307,1,hover,0.012199976481497288,1
1790161553.8284361,,0.028287410736083984,35.351415134096385,,8.984099957160652,,0,,,0,0,,,no_face,0,0.0067999353632330894,1,,0,8.927199989557266,1,,0,hover,0.017200014553964138,1
1790161553.8711572,,0.04272103309631348,23.407673633395653,,30.384100042283535,,0,,,0,0,,,no_face,0,0.004599918611347675,1,,0,9.034099988639355,1,21.315000019967556,1,hover,0.011200085282325745,1
1790161553.8894122,,0.018254995346069336,54.77952642783445,,9.770600008778274,,0,,,0,0,,,no_face,0,0.004800036549568176,1,,0,9.723099996335804,1,,0,hover,0.013399985618889332,1
1790161553.931865,,0.04245281219482422,23.555565539705718,,37.02859999611974,,0,,,0,0,,,no_face,0,0.004800036549568176,1,5.838799988850951,1,9.591200039722025,1,21.56909997574985,1,hover,0.01109996810555458,1
1790161553.9727669,,0.040901899337768555,24.44874238582379,,10.096500045619905,,0,,,0,0,,,no_face,0,0.004800036549568176,1,,0,10.049500036984682,1,,0,hover,0.011899974197149277,1
1790161554.0132508,,0.040483951568603516,24.701146040682676,,35.76650004833937,,0,,,0,0,,,no_face,0,0.004500034265220165,1,,0,10.532500105910003,1,25.19750001374632,1,hover,0.011999974958598614,1
1790161554.0515902,,0.03833937644958496,26.082844652285036,,9.4319999916479,,0,,,0,0,,,no_face,0,0.004500034265220165,1,,0,9.386999998241663,1,,0,hover,0.011299969628453255,1
1790161554.1043355,,0.05274534225463867,18.959020024408986,,42.208699975162745,,0,,,0,0,,,no_face,0,0.005300040356814861,1,6.00489997304976,1,10.23050001822412,1,25.94109997153282,1,hover,0.01209997572004795,1
1790161554.1527953,,0.048459768295288086,20.63567439915377,,28.441300033591688,,0,,,0,0,,,no_hand,0,10.15810004901141,1,,0,17.892699921503663,1,,0,face,0.015099998563528061,1
1790161554.1952097,,0.04241442680358887,23.576883512554875,,31.88719996251166,,0,,,0,0,,,no_hand,0,0.5882000550627708,1,,0,9.40530002117157,1,21.858399966731668,1,face,0.009899958968162537,1
1790161554.215476,,0.020266294479370117,49.34301142312624,,15.935300034470856,,0,,,0,0,,,no_hand,0,6.637300015427172,1,,0,9.248799993656576,1,,0,face,0.015600002370774746,1
1790161554.2942228,,0.07874679565429688,12.69892941917357,,48.44959999900311,,0,,,0,0,,,no_hand,0,6.907200091518462,1,6.396900047548115,1,9.821699932217598,1,25.290200021117926,1,face,0.011499971151351929,1
1790161554.3165486,,0.022325754165649414,44.791320041434844,,10.35490003414452,,0,,,0,0,,,no_hand,0,0.5227000219747424,1,,0,9.77880007121712,1,,0,face,0.009199953638017178,1
1790161554.3568754,,0.040326833724975586,24.79738446166853,,37.82980004325509,,0,,,0,0,,,no_hand,0,6.424700026400387,1,,0,9.54150001052767,1,21.827699965797365,1,face,0.009699957445263863,1
1790161554.397275,,0.04039955139160156,24.75275010622728,,9.954700013622642,,0,,,0,0,,,no_hand,0,0.61039999127388,1,,0,9.3031000578776,1,,0,face,0.009599956683814526,1
1790161554.455883,,0.058608055114746094,17.062501017004312,,48.691999982111156,,0,,,0,0,,,no_hand,0,6.901499931700528,1,6.600400083698332,1,9.920299984514713,1,25.238599977456033,1,face,0.01109996810555458,1
1790161554.4764519,,0.02056884765625,48.61721068249258,,9.795400081202388,,0,,,0,0,,,no_hand,0,0.5305999657139182,1,,0,9.222700027748942,1,,0,face,0.00900006853044033,1
1790161554.5291305,,0.052678585052490234,18.983045937995023,,44.91190006956458,,0,,,0,0,,,no_hand,0,7.783700013533235,1,,0,9.84959991183132,1,27.23190002143383,1,face,0.015199999324977398,1
1790161554.5595336,,0.03040313720703125,32.89134253450439,,9.833600022830069,,0,,,0,0,,,no_hand,0,0.7694999221712351,1,,0,9.014699957333505,1,,0,face,0.00870006624609232,1
1790161554.6101806,,0.05064702033996582,19.744498161738747,,43.50009991321713,,0,,,0,0,,,no_hand,0,6.579600041732192,1,5.805499968118966,1,9.223300032317638,1,21.856899955309927,1,face,0.012199976481497288,1
1790161554.64048,,0.03029942512512207,33.00392650588189,,10.422199964523315,,0,,,0,0,,,no_hand,0,0.623399973846972,1,,0,9.755300008691847,1,,0,face,0.00909995287656784,1
1790161554.6913364,,0.05085635185241699,19.663227179604984,,45.14890001155436,,0,,,0,0,,,no_hand,0,6.786599988117814,1,,0,9.539099992252886,1,28.785099973902106,1,face,0.010499963536858559,1
1790161554.7217221,,0.030385732650756836,32.91018227184634,,10.194299975410104,,0,,,0,0,,,no_hand,0,0.6698000943288207,1,,0,9.479700005613267,1,,0,face,0.00879995059221983,1
1790161554.7722893,,0.0505671501159668,19.775684366365855,,47.89289995096624,,0,,,0,0,,,no_hand,0,7.419899920932949,1,6.160799995996058,1,10.570100042968988,1,23.714799899607897,1,face,0.008200062438845634,1
1790161554.8026183,,0.030328989028930664,32.97175514311094,,10.443000006489456,,0,,,0,0,,,no_hand,0,0.5701000336557627,1,,0,9.828499983996153,1,,0,face,0.009499955922365189,1
1790161554.8531883,,0.050570011138916016,19.774565547414973,,41.63720004726201,,0,,,0,0,,,no_hand,0,6.57540000975132,1,,0,10.003999923355877,1,25.008999975398183,1,face,0.014199991710484028,1
1790161554.881466,,0.02827763557434082,35.36363559715021,,10.121400002390146,,0,,,0,0,,,no_hand,0,0.5565000465139747,1,,0,9.52379999216646,1,,0,face,0.008599949069321156,1
1790161554.9420624,,0.060596466064453125,16.502612527541707,,49.19849999714643,,0,,,0,0,,,no_hand,0,6.6021999809890985,1,5.987200071103871,1,9.646899998188019,1,26.9370999885723,1,face,0.00800006091594696,1
1790161554.9643896,,0.022327184677124023,44.78845024400141,,10.57280006352812,,0,,,0,0,,,no_hand,0,0.6521000759676099,1,,0,9.868600056506693,1,,0,face,0.008999952115118504,1
1790161555.0149362,,0.05054664611816406,19.7837062752349,,41.455799946561456,,0,,,0,0,,,no_hand,0,6.571999983862042,1,,0,9.721199981868267,1,25.127299944870174,1,face,0.008999952115118504,1
1790161555.0452142,,0.03027796745300293,33.02731603606441,,10.019400040619075,,0,,,0,0,,,no_hand,0,0.5102999275550246,1,,0,9.468500036746264,1,,0,face,0.008400063961744308,1
1790161555.09613,,0.05091571807861328,19.640300436419487,,46.99639999307692,,0,,,0,0,,,no_hand,0,6.679899990558624,1,6.0801999643445015,1,9.176400024443865,1,25.034899939782917,1,face,0.008400063961744308,1
1790161555.1364853,,0.04035544395446777,24.779804210016366,,10.155200026929379,,0,,,0,0,,,no_hand,0,0.5177999846637249,1,,0,9.597199968993664,1,,0,face,0.008499948307871819,1
1790161555.1870558,,0.05057048797607422,19.7743790898976,,41.21699999086559,,0,,,0,0,,,no_hand,0,6.910500000230968,1,,0,9.319999953731894,1,24.9439999461174,1,face,0.013299984857439995,1
1790161555.2173665,,0.030310630798339844,32.99172513607903,,10.815699934028089,,0,,,0,0,,,no_hand,0,0.6280000088736415,1,,0,10.145399952307343,1,,0,face,0.01009996049106121,1
1790161555.2783422,,0.06097579002380371,16.399951515341094,,49.467000062577426,,0,,,0,0,,,no_hand,0,7.1625999407842755,1,6.5750000067055225,1,9.888599975965917,1,25.81430005375296,1,face,0.00900006853044033,1
1790161555.2986825,,0.0203402042388916,49.16371479141514,,10.937599930912256,,0,,,0,0,,,no_hand,0,0.7399999303743243,1,,0,10.147899971343577,1,,0,face,0.012299977242946625,1
1790161555.3693101,,0.07062768936157227,14.158752877792557,,42.35350003000349,,0,,,0,0,,,no_hand,0,7.164600072428584,1,,0,10.055299964733422,1,25.078100035898387,1,face,0.015700003132224083,1
1790161555.3996723,,0.03036212921142578,32.93576656091968,,9.93269996251911,,0,,,0,0,,,no_hand,0,0.5270000547170639,1,,0,9.364899946376681,1,,0,face,0.009599956683814526,1
1790161555.4587708,,0.05909848213195801,16.92090835373996,,49.673000001348555,,0,,,0,0,,,no_hand,0,6.858000066131353,1,6.151799927465618,1,9.44829999934882,1,27.179700089618564,1,face,0.012499978765845299,1
1790161555.4811392,,0.022368431091308594,44.70586228949051,,10.195199982263148,,0,,,0,0,,,no_hand,0,0.6291000172495842,1,,0,9.510800009593368,1,,0,face,0.013299984857439995,1
1790161555.529653,,0.04851388931274414,20.612653699098693,,40.00820009969175,,0,,,0,0,,,no_hand,0,6.521900068037212,1,,0,9.279699996113777,1,24.170599994249642,1,face,0.010599964298307896,1
1790161555.5620277,,0.03237462043762207,30.888393021526046,,10.153800016269088,,0,,,0,0,,,no_face,0,0.007100054062902927,1,,0,10.09689993225038,1,,0,face,0.012699980288743973,1
1790161555.6128366,,0.05080890655517578,19.68158867804118,,46.989800059236586,,0,,,0,0,,,no_hand,0,6.434099981561303,1,6.0255000134930015,1,9.442399954423308,1,25.04790003877133,1,face,0.015500001609325409,1
1790161555.643206,,0.030369281768798828,32.92800954638949,,10.089399991557002,,0,,,0,0,,,no_hand,0,0.5269000539556146,1,,0,9.52229998074472,1,,0,face,0.008199946023523808,1
1790161555.693977,,0.050771236419677734,19.696191594270957,,40.3230000520125,,0,,,0,0,,,no_hand,0,7.045399979688227,1,,0,9.912900044582784,1,23.3279000967741,1,face,0.010299962013959885,1
1790161555.7243025,,0.03032541275024414,32.975643505196786,,10.229600011371076,,0,,,0,0,,,no_hand,0,0.6143000209704041,1,,0,9.571500006131828,1,,0,face,0.010199961252510548,1
1790161555.7828257,,0.05852317810058594,17.08724700974481,,49.61729992646724,,0,,,0,0,,,no_hand,0,6.998900091275573,1,6.537300068885088,1,10.755199939012527,1,25.297799962572753,1,face,0.009599956683814526,1
1790161555.8051035,,0.02227783203125,44.88767123287671,,11.007199995219707,,0,,,0,0,,,no_hand,0,0.5262999329715967,1,,0,10.435899952426553,1,,0,face,0.009100069291889668,1
1790161555.8558154,,0.050711870193481445,19.719249086746185,,42.52989997621626,,0,,,0,0,,,no_hand,0,7.371200015768409,1,,0,9.322799975052476,1,25.796899921260774,1,face,0.010199961252510548,1
1790161555.8860633,,0.030247926712036133,33.0601171286918,,10.022399947047234,,0,,,0,0,,,no_hand,0,0.4734999965876341,1,,0,9.508099989034235,1,,0,face,0.008600065484642982,1
1790161555.944589,,0.05852556228637695,17.086550917816144,,49.82910002581775,,0,,,0,0,,,no_hand,0,6.6139999544247985,1,6.723599974066019,1,10.441599995829165,1,26.011800044216216,1,face,0.013499986380338669,1
1790161555.96492,,0.020331144332885742,49.185622984462036,,10.751700028777122,,0,,,0,0,,,no_hand,0,0.7661000126972795,1,,0,9.932099957950413,1,,0,face,0.01209997572004795,1
1790161556.0084362,,0.04351615905761719,22.979969318430857,,38.956500007770956,,0,,,0,0,,,no_hand,0,6.829499965533614,1,,0,10.069000069051981,1,22.021700046025217,1,face,0.010399962775409222,1
1790161556.026282,,0.017845869064331055,56.03537694887176,,10.766700026579201,,0,,,0,0,,,no_hand,0,0.6025999318808317,1,,0,10.124800028279424,1,,0,face,0.008900067768990993,1
1790161556.0953252,,0.06904315948486328,14.48369407572137,,52.26860009133816,,0,,,0,0,,,no_hand,0,7.086100056767464,1,7.0596999721601605,1,10.33269998151809,1,27.75950008071959,1,face,0.010399962775409222,1
1790161556.1275558,,0.03223061561584473,31.026400858083367,,10.375099955126643,,0,,,0,0,,,no_hand,0,0.7827000226825476,1,,0,9.549599955789745,1,,0,face,0.0097999582067132,1
1790161556.1761026,,0.048546791076660156,20.59868382280719,,38.984799990430474,,0,,,0,0,,,no_hand,0,6.785500096157193,1,,0,10.069399955682456,1,22.094000014476478,1,face,0.009499955922365189,1
1790161556.2084484,,0.03234577178955078,30.915941858065278,,10.54459996521473,,0,,,0,0,,,no_hand,0,0.6143999053165317,1,,0,9.875599993392825,1,,0,face,0.010800082236528397,1
1790161556.2670429,,0.058594465255737305,17.066458335876433,,50.157900084741414,,0,,,0,0,,,no_hand,0,7.524800021201372,1,6.269400008022785,1,11.571999988518655,1,24.75640003103763,1,face,0.012299977242946625,1
1790161556.2895525,,0.02250957489013672,44.42553912638224,,10.311700054444373,,0,,,0,0,,,no_hand,0,0.6489000516012311,1,,0,9.619400021620095,1,,0,face,0.008999952115118504,1
1790161556.340103,,0.05055046081542969,19.78221333433951,,42.28669998701662,,0,,,0,0,,,no_hand,0,7.235500030219555,1,,0,9.653200046159327,1,25.35490004811436,1,face,0.013899989426136017,1
1790161556.3704417,,0.030338764190673828,32.96113163064833,,10.80369995906949,,0,,,0,0,,,no_hand,0,0.6328999297693372,1,,0,10.127399931661785,1,,0,face,0.00870006624609232,1
1790161556.4210413,,0.05059957504272461,19.76301182679169,,45.83590000402182,,0,,,0,0,,,no_hand,0,8.627700037322938,1,5.998500040732324,1,9.285600041039288,1,21.885099937207997,1,face,0.014899997040629387,1
1790161556.4513693,,0.030328035354614258,32.97279195000196,,10.458599892444909,,0,,,0,0,,,no_hand,0,0.5483999848365784,1,,0,9.866300038993359,1,,0,face,0.00900006853044033,1
1790161556.499971,,0.048601627349853516,20.57544272749571,,39.46290002204478,,0,,,0,0,,,no_hand,0,6.654899916611612,1,,0,9.364299941807985,1,23.40940001886338,1,face,0.009300070814788342,1
1790161556.532321,,0.03235006332397461,30.911840573087865,,10.484600090421736,,0,,,0,0,,,no_hand,0,0.7293999660760164,1,,0,9.707699995487928,1,,0,face,0.01200009137392044,1
1790161556.5909407,,0.05861973762512207,17.059100577950048,,48.62790007609874,,0,,,0,0,,,no_hand,0,6.618999992497265,1,5.917800008319318,1,10.310099925845861,1,25.74010007083416,1,face,0.024300068616867065,1
1790161556.6232834,,0.03234267234802246,30.918904574103426,,10.425499989651144,,0,,,0,0,,,no_hand,0,0.7564999395981431,1,,0,9.626599960029125,1,,0,face,0.009800074622035027,1
1790161556.6718369,,0.048553466796875,20.595851665619108,,38.37979992385954,,0,,,0,0,,,no_hand,0,6.760899908840656,1,,0,9.148600045591593,1,22.43859996087849,1,face,0.008500064723193645,1
1790161556.6941469,,0.02231001853942871,44.8229121025915,,10.455399984493852,,0,,,0,0,,,no_hand,0,0.5471999756991863,1,,0,9.856699965894222,1,,0,face,0.00900006853044033,1
1790161556.7447283,,0.05058145523071289,19.770091537279523,,47.7000999962911,,0,,,0,0,,,no_hand,0,6.963499938137829,1,5.673500010743737,1,10.033300030045211,1,24.99930001795292,1,face,0.0100000761449337,1
1790161556.7751784,,0.030450105667114258,32.84060853292827,,10.165499988943338,,0,,,0,0,,,no_hand,0,0.5426999414339662,1,,0,9.583000093698502,1,,0,face,0.009299954399466515,1
1790161556.8258882,,0.05070972442626953,19.720083501024956,,42.787699960172176,,0,,,0,0,,,no_hand,0,6.575600011274219,1,,0,10.13569999486208,1,26.031999965198338,1,face,0.011399970389902592,1
1790161556.8562164,,0.03032827377319336,32.97253274216625,,10.129400063306093,,0,,,0,0,,,no_hand,0,0.4907000111415982,1,,0,9.595400071702898,1,,0,face,0.00909995287656784,1
1790161556.9163764,,0.060159921646118164,16.622362074910136,,47.29529994074255,,0,,,0,0,,,no_hand,0,6.825600052252412,1,5.884999991394579,1,9.892000001855195,1,24.66270001605153,1,face,0.0097999582067132,1
1790161556.9367054,,0.020328998565673828,49.19081462716675,,10.429200017824769,,0,,,0,0,,,no_hand,0,0.5221000174060464,1,,0,9.862800012342632,1,,0,face,0.009599956683814526,1
1790161556.997246,,0.06054067611694336,16.517820152327843,,39.18550000526011,,0,,,0,0,,,no_hand,0,6.369400070980191,1,,0,8.843000046908855,1,23.940099985338748,1,face,0.009399955160915852,1
1790161557.0379858,,0.04073977470397949,24.54603657644477,,10.190799948759377,,0,,,0,0,,,no_hand,0,0.6487999344244599,1,,0,9.495799895375967,1,,0,face,0.009299954399466515,1
1790161557.0971081,,0.059122323989868164,16.914084773991135,,50.57490000035614,,0,,,0,0,,,no_hand,0,6.641200045123696,1,6.526099983602762,1,10.63200004864484,1,26.7462000483647,1,face,0.010299962013959885,1
1790161557.1194909,,0.022382736206054688,44.67729015764806,,11.222400004044175,,0,,,0,0,,,no_hand,0,0.5123000591993332,1,,0,10.650100070051849,1,,0,face,0.008999952115118504,1
1790161557.1700966,,0.05060577392578125,19.76059098447158,,44.12080009933561,,0,,,0,0,,,no_hand,0,7.507000002078712,1,,0,10.648499941453338,1,25.93090001028031,1,face,0.009200070053339005,1
1790161557.2004056,,0.030308961868286133,32.993541789577186,,10.443500010296702,,0,,,0,0,,,no_hand,0,0.6150000263005495,1,,0,9.786099893972278,1,,0,face,0.008499948307871819,1
1790161557.2589748,,0.05856919288635254,17.07382244348828,,50.17289996612817,,0,,,0,0,,,no_hand,0,6.277799955569208,1,6.3319000182673335,1,10.32090000808239,1,27.207299950532615,1,face,0.01309998333454132,1
1790161557.2817173,,0.022742509841918945,43.97052070993511,,10.388199938461185,,0,,,0,0,,,no_hand,0,0.5193999968469143,1,,0,9.825699962675571,1,,0,face,0.008800067007541656,1
1790161557.362187,,0.08046960830688477,12.427051914883531,,37.5411999411881,,0,,,0,0,,,no_hand,0,7.2518999222666025,1,,0,9.312600013799965,1,20.939699956215918,1,face,0.010400079190731049,1
1790161557.4026282,,0.040441274642944336,24.72721270110775,,10.074599995277822,,0,,,0,0,,,no_hand,0,0.583200016990304,1,,0,9.449099889025092,1,,0,face,0.009900075383484364,1
1790161557.4632938,,0.06066560745239258,16.48380428374926,,51.48240004200488,,0,,,0,0,,,no_hand,0,6.932200049050152,1,6.4468999626114964,1,10.231100022792816,1,27.844200027175248,1,face,0.009199953638017178,1
1790161557.483614,,0.02032017707824707,49.21216956669678,,10.020800051279366,,0,,,0,0,,,no_hand,0,0.5044999998062849,1,,0,9.472099947743118,1,,0,face,0.00900006853044033,1
1790161557.5341704,,0.05055642127990723,19.77988106522549,,42.313599959015846,,0,,,0,0,,,no_hand,0,7.069499930366874,1,,0,9.880000026896596,1,25.329599971883,1,face,0.009600073099136353,1
1790161557.5644732,,0.030302762985229492,33.00029111165312,,9.994700085371733,,0,,,0,0,,,no_hand,0,0.4883999936282635,1,,0,9.463399997912347,1,,0,face,0.008900067768990993,1
1790161557.6232193,,0.0587460994720459,17.02240674678063,,49.827300012111664,,0,,,0,0,,,no_hand,0,6.804100004956126,1,5.882800091058016,1,9.57280001603067,1,27.52969996072352,1,face,0.014499993994832039,1
1790161557.6455183,,0.02229905128479004,44.84495717905676,,10.218699928373098,,0,,,0,0,,,no_hand,0,0.5290000699460506,1,,0,9.63919993955642,1,,0,face,0.011499971151351929,1
1790161557.6962223,,0.050704002380371094,19.72230895104106,,43.62140002194792,,0,,,0,0,,,no_hand,0,7.22419994417578,1,,0,10.412200004793704,1,25.94570000655949,1,face,0.010300078429281712,1
1790161557.726516,,0.030293703079223633,33.01016047410299,,9.991400060243905,,0,,,0,0,,,no_hand,0,0.5432000616565347,1,,0,9.407300036400557,1,,0,face,0.010199961252510548,1
1790161557.7770586,,0.050542593002319336,19.785292771862956,,46.24980001244694,,0,,,0,0,,,no_hand,0,6.235299981199205,1,6.0387999983504415,1,9.66300000436604,1,24.287299951538444,1,face,0.00900006853044033,1
1790161557.8073707,,0.030312061309814453,32.9901681637276,,10.84209990222007,,0,,,0,0,,,no_hand,0,0.5010000895708799,1,,0,10.288000106811523,1,,0,face,0.01379998866468668,1
1790161557.8683085,,0.06093788146972656,16.410153682431375,,41.72960005234927,,0,,,0,0,,,no_hand,0,7.232100004330277,1,,0,9.72639990504831,1,24.736399995163083,1,face,0.009199953638017178,1
1790161557.8886278,,0.020319223403930664,49.21447931944852,,10.228099999949336,,0,,,0,0,,,no_hand,0,0.5170999793335795,1,,0,9.669199935160577,1,,0,face,0.008600065484642982,1
1790161557.949254,,0.06062626838684082,16.494500265450185,,49.7674000216648,,0,,,0,0,,,no_hand,0,6.976999924518168,1,6.1391000635921955,1,9.890699991956353,1,26.735199964605272,1,face,0.00900006853044033,1
1790161557.9695885,,0.020334482192993164,49.17754927364607,,10.993100004270673,,0,,,0,0,,,no_hand,0,0.6036000559106469,1,,0,10.334799997508526,1,,0,face,0.01479999627918005,1
1790161558.01816,,0.04857158660888672,20.58816830613968,,39.27580011077225,,0,,,0,0,,,no_hand,0,6.871000048704445,1,,0,9.17560001835227,1,23.19460001308471,1,face,0.009899958968162537,1
1790161558.0404818,,0.022321701049804688,44.79945313167564,,11.011800030246377,,0,,,0,0,,,no_hand,0,0.49650005530565977,1,,0,10.470199980773032,1,,0,face,0.009299954399466515,1
1790161558.1011915,,0.06070971488952637,16.471828303257602,,51.26970005221665,,0,,,0,0,,,no_hand,0,7.421799935400486,1,6.11299998126924,1,9.648000006563962,1,28.060600045137107,1,face,0.008600065484642982,1
1790161558.129466,,0.0282745361328125,35.36751214247167,,10.829400038346648,,0,,,0,0,,,no_hand,0,0.5889999447390437,1,,0,10.197700001299381,1,,0,face,0.009200070053339005,1
1790161558.2843728,,0.1549067497253418,6.45549662473104,,142.55529991351068,0.099,1,pose,76.70480001252145,1,1,76.69779995921999,1,ok,8,5.412700003944337,1,,0,10.135199991054833,1,50.28259998653084,1,face,0.007700058631598949,1
1790161558.3113587,,0.026985883712768555,37.05641107194289,,9.846900007687509,,1,held,,0,1,,,held,0,0.058200093917548656,1,,0,9.72939992789179,1,,0,gesture,0.012399978004395962,1
1790161558.458195,,0.1468362808227539,6.8103059706824105,,140.65309998113662,0.063,1,reacquire,64.35969995800406,1,1,64.35010000132024,1,ok,8,0.11399993672966957,1,5.2464999025687575,1,9.363400051370263,1,61.55490002129227,1,gesture,0.012500095181167126,1
1790161558.4863036,,0.028108596801757812,35.57630453959422,,10.098000057041645,,1,held,,0,1,,,held,0,0.08570007048547268,1,,0,9.961299947462976,1,,0,gesture,0.009999959729611874,1
1790161558.5776289,,0.09132528305053711,10.949870250570427,,52.74770001415163,,1,iou,0.1463000662624836,1,1,,,ok,0,0.058699981309473515,1,,0,8.564800024032593,1,43.96100004669279,1,gesture,0.0076999422162771225,1
1790161558.595506,,0.01787710189819336,55.93747832813209,,9.424300049431622,,1,held,,0,1,,,held,0,0.07650000043213367,1,,0,9.287399938330054,1,,0,gesture,0.011399970389902592,1
1790161558.6720104,,0.07650446891784668,13.071131845563647,,64.7228000452742,,1,iou,0.15930004883557558,1,1,,,ok,0,0.049600028432905674,1,5.768100032582879,1,9.917599963955581,1,48.816599999554455,1,gesture,0.008899951353669167,1
1790161558.688255,,0.01624464988708496,61.55872899390915,,10.180199984461069,,1,held,,0,1,,,held,0,0.053999945521354675,1,,0,10.07499999832362,1,,0,gesture,0.00870006624609232,1
1790161558.7584796,,0.07022452354431152,14.240039654651444,,55.0109000178054,,1,iou,0.15199999324977398,1,1,,,ok,0,0.04680000711232424,1,,0,9.576399927027524,1,45.217799954116344,1,gesture,0.008200062438845634,1
1790161558.7763882,,0.017908573150634766,55.83917778310302,,9.65270004235208,,1,held,,0,1,,,held,0,0.054699950851500034,1,,0,9.54419991467148,1,,0,gesture,0.007900060154497623,1
1790161558.8620596,,0.08567142486572266,11.672503423018266,,57.5288999825716,,1,iou,0.1775999553501606,1,1,,,ok,0,0.08559995330870152,1,5.517899990081787,1,8.671700023114681,1,43.05919993203133,1,gesture,0.01200009137392044,1
1790161558.8926487,,0.03058910369873047,32.691379579111455,,9.178599924780428,,1,held,,0,1,,,held,0,0.06970006506890059,1,,0,9.05570003669709,1,,0,gesture,0.007899943739175797,1
1790161558.9552493,,0.06260061264038086,15.974284560834228,,55.15140003990382,,1,iou,0.13890000991523266,1,1,,,ok,0,0.04730001091957092,1,,0,9.809000068344176,1,45.13740004040301,1,gesture,0.0075999414548277855,1
1790161558.975504,,0.02025461196899414,49.37147161993549,,10.060400003567338,,1,held,,0,1,,,held,0,0.07160007953643799,1,,0,9.928500046953559,1,,0,gesture,0.011399970389902592,1
1790161559.046205,,0.07070112228393555,14.14404704898463,,64.70329989679158,,1,iou,0.1433000434190035,1,1,,,ok,0,0.0423000892624259,1,6.9590999046340585,1,11.193100013770163,1,46.355500002391636,1,gesture,0.007899943739175797,1
1790161559.0745401,,0.028335094451904297,35.29192400249062,,10.232799919322133,,1,held,,0,1,,,held,0,0.08629995863884687,1,,0,10.08829998318106,1,,0,gesture,0.011699972674250603,1
1790161559.1372533,,0.0627131462097168,15.945620024483155,,53.32180007826537,,1,iou,0.14020001981407404,1,1,,,ok,0,0.04409998655319214,1,,0,9.749699966050684,1,43.368900078348815,1,gesture,0.008400063961744308,1
1790161559.1575606,,0.020307302474975586,49.24336953331377,,10.257599991746247,,1,held,,0,1,,,held,0,0.05319993942975998,1,,0,10.161500074900687,1,,0,gesture,0.007700058631598949,1
1790161559.2282069,,0.07064628601074219,14.155025783633468,,62.49150005169213,,1,iou,0.18289999570697546,1,1,,,ok,0,0.05070003680884838,1,5.990499979816377,1,11.020999983884394,1,45.23500008508563,1,gesture,0.008899951353669167,1
1790161559.2586768,,0.030469894409179688,32.81928012519562,,10.618000058457255,,1,held,,0,1,,,held,0,0.09370001498609781,1,,0,10.4632000438869,1,,0,gesture,0.01209997572004795,1
1790161559.319215,,0.060538291931152344,16.51847067534145,,56.092899991199374,,1,iou,0.11750007979571819,1,1,,,ok,0,0.03670004662126303,1,,0,9.314199909567833,1,46.60809994675219,1,gesture,0.0067999353632330894,1
1790161559.3575637,,0.03834867477416992,26.076520398393495,,9.380999952554703,,1,held,,0,1,,,held,0,0.05959998816251755,1,,0,9.263399988412857,1,,0,gesture,0.010699965059757233,1
1790161559.430372,,0.07280826568603516,13.73470430283581,,65.06890000309795,,1,iou,0.14760007616132498,1,1,,,ok,0,0.044599990360438824,1,6.657900055870414,1,10.372699936851859,1,47.83519997727126,1,gesture,0.008399947546422482,1
1790161559.458644,,0.028271913528442383,35.370792960086355,,9.59169992711395,,1,held,,0,1,,,held,0,0.05139992572367191,1,,0,9.491699980571866,1,,0,gesture,0.0078000593930482864,1
1790161559.5317032,,0.0730593204498291,13.687507546510982,,54.50700002256781,,1,iou,0.15300000086426735,1,1,,,ok,0,0.047200010158121586,1,,0,11.114499997347593,1,43.16940007265657,1,gesture,0.009699957445263863,1
1790161559.551967,,0.020263671875,49.34939759036145,,10.493400041013956,,1,held,,0,1,,,held,0,0.06350001785904169,1,,0,10.377699974924326,1,,0,gesture,0.010899966582655907,1
1790161559.6227226,,0.0707557201385498,14.133132954365488,,62.737599946558475,,1,iou,0.15189999248832464,1,1,,,ok,0,0.046600005589425564,1,5.948799895122647,1,9.41290007904172,1,47.16680001001805,1,gesture,0.00809994526207447,1
1790161559.6530368,,0.030314207077026367,32.9878329807231,,11.32980000693351,,1,held,,0,1,,,held,0,0.05509995389729738,1,,0,11.225100024603307,1,,0,gesture,0.008299946784973145,1
1790161559.714193,,0.061156272888183594,16.351552388229607,,57.78250005096197,,1,iou,0.16499997582286596,1,1,,,ok,0,0.050900038331747055,1,,0,11.066299979574978,1,46.4780000038445,1,gesture,0.010199961252510548,1
1790161559.7526438,,0.03845071792602539,26.007316740454133,,9.809999959543347,,1,held,,0,1,,,held,0,0.052999937906861305,1,,0,9.706800105050206,1,,0,gesture,0.007900060154497623,1
1790161559.8253949,,0.07275104522705078,13.745506980402439,,65.20289997570217,,1,iou,0.16409996896982193,1,1,,,ok,0,0.05050003528594971,1,6.703000050038099,1,10.317399981431663,1,47.95639996882528,1,gesture,0.00909995287656784,1
1790161559.856056,,0.03066110610961914,32.614609415094634,,10.389300063252449,,1,held,,0,1,,,held,0,0.06019999273121357,1,,0,10.277800029143691,1,,0,gesture,0.009400071576237679,1
1790161559.9165335,,0.060477495193481445,16.535076342047063,,55.24160002823919,,1,iou,0.14569994527846575,1,1,,,ok,0,0.043899985030293465,1,,0,10.264300042763352,1,44.768900028429925,1,gesture,0.00800006091594696,1
1790161559.9370625,,0.02052903175354004,48.71150339701527,,10.172000038437545,,1,held,,0,1,,,held,0,0.05479995161294937,1,,0,10.066400049254298,1,,0,gesture,0.008200062438845634,1
1790161560.007907,,0.07084441184997559,14.115439367577228,,65.11440000031143,,1,iou,0.28439995367079973,1,1,,,ok,0,0.06130000110715628,1,6.265500094741583,1,10.941699962131679,1,47.54749999847263,1,gesture,0.01100008375942707,1
1790161560.0382679,,0.030360937118530273,32.93705975200835,,11.267199995927513,,1,held,,0,1,,,held,0,0.09220000356435776,1,,0,11.111399973742664,1,,0,gesture,0.012500095181167126,1
1790161560.1070104,,0.06874251365661621,14.54703860547226,,58.469400042667985,,1,iou,0.1846000086516142,1,1,,,ok,0,0.07389998063445091,1,,0,10.250300052575767,1,47.935000038705766,1,gesture,0.012899981811642647,1
1790161560.139419,,0.032408714294433594,30.855898537504046,,10.247400030493736,,1,held,,0,1,,,held,0,0.07680000271648169,1,,0,10.052500059828162,1,,0,gesture,0.0654000323265791,1
1790161560.210149,,0.07072997093200684,14.138278113549719,,64.02990000788122,,1,iou,0.13100006617605686,1,1,,,ok,0,0.07569999434053898,1,6.255100015550852,1,9.165699942968786,1,48.391300020739436,1,gesture,0.0076999422162771225,1
1790161560.2404606,,0.03031158447265625,32.990687138182736,,9.890099987387657,,1,held,,0,1,,,held,0,0.07310009095817804,1,,0,9.752599988132715,1,,0,gesture,0.010599964298307896,1
1790161560.301376,,0.060915470123291016,16.416191124783754,,53.439300041645765,,1,iou,0.13539998326450586,1,1,,,ok,0,0.041899969801306725,1,,0,8.851299993693829,1,44.39310007728636,1,gesture,0.0078000593930482864,1
1790161560.3216503,,0.02027416229248047,49.32386283456418,,9.977299952879548,,1,held,,0,1,,,held,0,0.06660004146397114,1,,0,9.861800004728138,1,,0,gesture,0.0072999391704797745,1
1790161560.39304,,0.07138967514038086,14.00762782620312,,62.36650003120303,,1,iou,0.15980005264282227,1,1,,,ok,0,0.048900023102760315,1,6.088699912652373,1,10.888200020417571,1,45.169000048190355,1,gesture,0.009599956683814526,1
1790161560.423319,,0.030279159545898438,33.0260157480315,,10.832999949343503,,1,held,,0,1,,,held,0,0.054299947805702686,1,,0,10.727899963967502,1,,0,gesture,0.008400063961744308,1
1790161560.5627396,,0.1394205093383789,7.172545881129739,,127.40760005544871,0.063,1,pose,67.82019999809563,1,1,67.81339994631708,1,ok,8,0.05679996684193611,1,,0,10.837299982085824,1,48.67100005503744,1,gesture,0.008400063961744308,1
1790161560.585007,,0.02226734161376953,44.9088183648122,,11.130200000479817,,1,held,,0,1,,,held,0,0.06150000263005495,1,,0,11.005100095644593,1,,0,gesture,0.008800067007541656,1
1790161560.6537526,,0.06874561309814453,14.546382742595547,,58.79749997984618,,1,iou,0.25779998395591974,1,1,,,ok,0,0.09600003249943256,1,5.452600074931979,1,9.272799943573773,1,43.7022999394685,1,gesture,0.01179997343569994,1
1790161560.6840365,,0.03028392791748047,33.02081561958747,,9.276499971747398,,1,held,,0,1,,,held,0,0.05979998968541622,1,,0,9.165800060145557,1,,0,gesture,0.008499948307871819,1
1790161560.7549682,,0.07093167304992676,14.098074343969426,,60.13080000411719,,1,iou,0.21860003471374512,1,1,,,ok,0,0.08420005906373262,1,,0,9.835399920120835,1,49.96820003725588,1,gesture,0.012899981811642647,1
1790161560.7873023,,0.032334089279174805,30.927111982834262,,9.953200002200902,,1,held,,0,1,,,held,0,0.05319993942975998,1,,0,9.849200025200844,1,,0,gesture,0.014299992471933365,1
1790161560.858026,,0.0707237720489502,14.139517322518769,,63.918399973772466,,1,iou,0.1514999894425273,1,1,,,ok,0,0.04830001853406429,1,6.850400008261204,1,10.195399983786047,1,46.661100001074374,1,gesture,0.009400071576237679,1
1790161560.8864996,,0.028473615646362305,35.120232443249854,,9.436200023628771,,1,held,,0,1,,,held,0,0.08060003165155649,1,,0,9.291500085964799,1,,0,gesture,0.01279998105019331,1
1790161560.9572706,,0.0707709789276123,14.130085737867839,,55.9486000565812,,1,iou,0.15239999629557133,1,1,,,ok,0,0.057699973694980145,1,,0,9.006400010548532,1,46.7150000622496,1,gesture,0.007900060154497623,1
1790161560.9875717,,0.03030109405517578,33.002108708652,,9.617899893783033,,1,held,,0,1,,,held,0,0.06019999273121357,1,,0,9.509199997410178,1,,0,gesture,0.008800067007541656,1
1790161561.0602784,,0.07270669937133789,13.753890750736177,,61.23880005907267,,1,iou,0.1542000100016594,1,1,,,ok,0,0.048200017772614956,1,6.088400026783347,1,10.403099935501814,1,44.53409998677671,1,gesture,0.008600065484642982,1
1790161561.088548,,0.028269529342651367,35.37377604979295,,9.47179994545877,,1,held,,0,1,,,held,0,0.11160003487020731,1,,0,9.312200010754168,1,,0,gesture,0.00909995287656784,1
1790161561.1512384,,0.06269049644470215,15.951381097804466,,55.100300000049174,,1,iou,0.2226999495178461,1,1,,,ok,0,0.04579999949783087,1,,0,10.148800094611943,1,44.66440004762262,1,gesture,0.008199946023523808,1
1790161561.1716642,,0.020425796508789062,48.95769913157157,,9.993699961341918,,1,held,,0,1,,,held,0,0.09499990846961737,1,,0,9.837200050242245,1,,0,gesture,0.012200092896819115,1
1790161561.2424412,,0.07077693939208984,14.128895775786566,,62.08899989724159,,1,iou,0.2899999963119626,1,1,,,ok,0,0.06870005745440722,1,6.4839000115171075,1,10.769700049422681,1,44.46099989581853,1,gesture,0.012199976481497288,1
1790161561.2728052,,0.030364036560058594,32.93369766638399,,10.490400018170476,,1,held,,0,1,,,held,0,0.06410002242773771,1,,0,10.37249993532896,1,,0,gesture,0.009699957445263863,1
1790161561.3436022,,0.07079696655273438,14.124898970849722,,64.02590009383857,,1,iou,0.2025999128818512,1,1,,,ok,0,0.09049999061971903,1,,0,12.087300070561469,1,51.61920003592968,1,gesture,0.011200085282325745,1
1790161561.3638897,,0.020287513732910156,49.29140224697974,,10.366300004534423,,1,held,,0,1,,,held,0,0.05519995465874672,1,,0,10.259300004690886,1,,0,gesture,0.008600065484642982,1
1790161561.4427235,,0.07883381843566895,12.684911372345026,,68.99450009223074,,1,iou,0.14260003808885813,1,1,,,ok,0,0.04239997360855341,1,6.7946999333798885,1,9.796599973924458,1,52.207300090231,1,gesture,0.008400063961744308,1
1790161561.4630277,,0.020304203033447266,49.25088654564242,,9.701200062409043,,1,held,,0,1,,,held,0,0.052600051276385784,1,,0,9.600399993360043,1,,0,gesture,0.008299946784973145,1
1790161561.525935,,0.06290721893310547,15.896426784712641,,54.8854999942705,,1,iou,0.14270003885030746,1,1,,,ok,0,0.04439998883754015,1,,0,9.015299961902201,1,45.664899982512,1,gesture,0.007899943739175797,1
1790161561.5462542,,0.020319223403930664,49.21447931944852,,10.13710000552237,,1,held,,0,1,,,held,0,0.05280005279928446,1,,0,10.031800018623471,1,,0,gesture,0.0076999422162771225,1
1790161561.6176143,,0.07136011123657227,14.01343107054319,,64.06879995483905,,1,iou,0.1558999065309763,1,1,,,ok,0,0.048900023102760315,1,6.376700010150671,1,10.13280008919537,1,47.34309995546937,1,gesture,0.009200070053339005,1
1790161561.6478775,,0.030263185501098633,33.04344811829863,,10.18470001872629,,1,held,,0,1,,,held,0,0.06360001862049103,1,,0,10.071599972434342,1,,0,gesture,0.009400071576237679,1
1790161561.7084808,,0.06060338020324707,16.50072977194135,,54.88900002092123,,1,iou,0.15390000771731138,1,1,,,ok,0,0.047600013203918934,1,,0,9.830599999986589,1,44.836999964900315,1,gesture,0.009199953638017178,1
1790161561.728747,,0.020266056060791016,49.34359191548434,,11.267399997450411,,1,held,,0,1,,,held,0,0.06509991362690926,1,,0,11.143799987621605,1,,0,gesture,0.010200077667832375,1
1790161561.7973955,,0.0686485767364502,14.566944393313722,,59.95749996509403,,1,iou,0.22140005603432655,1,1,,,ok,0,0.04499999340623617,1,5.534800002351403,1,9.506199974566698,1,44.639899977482855,1,gesture,0.00809994526207447,1
1790161561.8298316,,0.03243613243103027,30.829816166471883,,9.855699958279729,,1,held,,0,1,,,held,0,0.0545999500900507,1,,0,9.750900091603398,1,,0,gesture,0.00870006624609232,1
1790161561.8904104,,0.06057882308959961,16.507418747982967,,53.17750002723187,,1,iou,0.1284999307245016,1,1,,,ok,0,0.03929995000362396,1,,0,9.47920000180602,1,43.5120000038296,1,gesture,0.007300055585801601,1
1790161561.9107864,,0.020375967025756836,49.07742531855891,,10.261500021442771,,1,held,,0,1,,,held,0,0.05030003376305103,1,,0,10.166099993512034,1,,0,gesture,0.0074999406933784485,1
1790161561.9815376,,0.07075119018554688,14.134037849787028,,62.0284000178799,,1,iou,0.143399927765131,1,1,,,ok,0,0.04469999112188816,1,6.998899974860251,1,9.964600089006126,1,44.86619995441288,1,gesture,0.008400063961744308,1
1790161562.0118463,,0.03030872344970703,32.99380132783739,,10.6853999895975,,1,held,,0,1,,,held,0,0.08410005830228329,1,,0,10.550300008617342,1,,0,gesture,0.0075999414548277855,1
1790161562.0825632,,0.07071685791015625,14.140899773438344,,62.17900000046939,,1,iou,0.17169991042464972,1,1,,,ok,0,0.050600036047399044,1,,0,10.87810005992651,1,51.05750006623566,1,gesture,0.009100069291889668,1
1790161562.1108394,,0.02827620506286621,35.365424666312535,,9.614299982786179,,1,held,,0,1,,,held,0,0.08939998224377632,1,,0,9.46440000552684,1,,0,gesture,0.01079996582120657,1
1790161562.1719692,,0.06112980842590332,16.358631341240343,,59.681199956685305,,1,iou,0.1417000312358141,1,1,,,ok,0,0.043599982745945454,1,5.740300053730607,1,9.52219997998327,1,44.223599950782955,1,gesture,0.0076999422162771225,1
1790161562.2123413,,0.04037213325500488,24.769560570001122,,9.722799994051456,,1,held,,0,1,,,held,0,0.05550007335841656,1,,0,9.615899994969368,1,,0,gesture,0.008399947546422482,1
1790161562.2749557,,0.06261444091796875,15.970756671134398,,55.49219995737076,,1,iou,0.24930003564804792,1,1,,,ok,0,0.07339997682720423,1,,0,10.110099916346371,1,45.03449995536357,1,gesture,0.011199968867003918,1
1790161562.2932065,,0.018250703811645508,54.792407477563394,,9.3771000392735,,1,held,,0,1,,,held,0,0.06660004146397114,1,,0,9.256400051526725,1,,0,gesture,0.008599949069321156,1
1790161562.374196,,0.08098959922790527,12.347264457822458,,65.50379993859679,,1,iou,0.25619997177273035,1,1,,,ok,0,0.04770001396536827,1,6.989800021983683,1,10.947200004011393,1,47.24719992373139,1,gesture,0.013400102034211159,1
1790161562.396659,,0.022462844848632812,44.51795873312388,,10.272999992594123,,1,held,,0,1,,,held,0,0.09379989933222532,1,,0,10.116099962033331,1,,0,gesture,0.012500095181167126,1
1790161562.465373,,0.06871414184570312,14.553045023038916,,59.88449999131262,,1,iou,0.1270999200642109,1,1,,,ok,0,0.04029995761811733,1,,0,10.702300001867115,1,48.99409995414317,1,gesture,0.007600057870149612,1
1790161562.4956615,,0.0302884578704834,33.01587701414526,,9.414399974048138,,1,held,,0,1,,,held,0,0.05030003376305103,1,,0,9.315800038166344,1,,0,gesture,0.007899943739175797,1
1790161562.6288183,,0.13315677642822266,7.509944494180842,,122.02909996267408,0.093,1,pose,63.6285999789834,1,1,63.618000014685094,1,ok,8,0.06449990905821323,1,5.568199907429516,1,8.99330002721399,1,43.760200031101704,1,gesture,0.012500095181167126,1
1790161562.6570935,,0.028275251388549805,35.366617479657656,,9.819300030358136,,1,held,,0,1,,,held,0,0.048600020818412304,1,,0,9.724000003188848,1,,0,gesture,0.0075999414548277855,1
1790161562.7255514,,0.06845784187316895,14.607530308254363,,55.97049999050796,,1,iou,0.14490005560219288,1,1,,,ok,0,0.04529999569058418,1,,0,9.493399993516505,1,46.26940004527569,1,gesture,0.008199946023523808,1
1790161562.743393,,0.017841577529907227,56.048855451471944,,10.57430007494986,,1,held,,0,1,,,held,0,0.062700011767447,1,,0,10.453799972310662,1,,0,gesture,0.009699957445263863,1
1790161562.8287187,,0.08532571792602539,11.71979591038387,,62.038399977609515,,1,iou,0.2940000267699361,1,1,,,ok,0,0.08579995483160019,1,5.375000066123903,1,10.770499939098954,1,45.49589997623116,1,gesture,0.013299984857439995,1
1790161562.8591785,,0.030459880828857422,32.83006934986459,,9.76980000268668,,1,held,,0,1,,,held,0,0.053999945521354675,1,,0,9.651500033214688,1,,0,gesture,0.024600070901215076,1
1790161562.9266016,,0.06742310523986816,14.831710827354284,,57.28149996139109,,1,iou,0.148500083014369,1,1,,,ok,0,0.047200010158121586,1,,0,9.811799973249435,1,47.25459998007864,1,gesture,0.008599949069321156,1
1790161562.9519453,,0.025343656539916992,39.457605433729384,,9.545200038701296,,1,held,,0,1,,,held,0,0.06900005973875523,1,,0,9.426299948245287,1,,0,gesture,0.008399947546422482,1
1790161563.0125349,,0.06058955192565918,16.504495712841017,,57.085900101810694,,1,iou,0.14300004113465548,1,1,,,ok,0,0.042100087739527225,1,5.734900012612343,1,9.885699953883886,1,41.26980004366487,1,gesture,0.00809994526207447,1
1790161563.050908,,0.03837323188781738,26.05983261778576,,9.063699981197715,,1,held,,0,1,,,held,0,0.05010003224015236,1,,0,8.966600056737661,1,,0,gesture,0.0075999414548277855,1
1790161563.1135373,,0.06262922286987305,15.966987201449639,,57.751499931328,,1,iou,0.16359996516257524,1,1,,,ok,0,0.05110003985464573,1,,0,10.353000019676983,1,47.163199982605875,1,gesture,0.009600073099136353,1
1790161563.1524272,,0.03888988494873047,25.71362711199392,,9.06599999871105,,1,held,,0,1,,,held,0,0.09549991227686405,1,,0,8.919299929402769,1,,0,gesture,0.008400063961744308,1
1790161563.225191,,0.07276391983032227,13.743074896623131,,61.70259998179972,,1,iou,0.13290008064359426,1,1,,,ok,0,0.04029995761811733,1,5.45519997831434,1,9.49259998742491,1,46.5717000188306,1,gesture,0.0075999414548277855,1
1790161563.2534637,,0.028272628784179688,35.36989813128247,,9.806000045500696,,1,held,,0,1,,,held,0,0.050600036047399044,1,,0,9.709400008432567,1,,0,gesture,0.0077999429777264595,1
1790161563.3161077,,0.06264400482177734,15.963219510709882,,55.61989999841899,,1,iou,0.1370999962091446,1,1,,,ok,0,0.04200008697807789,1,,0,9.727200027555227,1,45.6911000655964,1,gesture,0.008199946023523808,1
1790161563.33663,,0.020522356033325195,48.72734876912532,,10.402700048871338,,1,held,,0,1,,,held,0,0.058999983593821526,1,,0,10.287899989634752,1,,0,gesture,0.008999952115118504,1
1790161563.4075117,,0.07088160514831543,14.1080326539948,,61.232600011862814,,1,iou,0.11819996871054173,1,1,,,ok,0,0.0475000124424696,1,6.231400067918003,1,9.351199958473444,1,45.47319991979748,1,gesture,0.007700058631598949,1
1790161563.4357898,,0.028278112411499023,35.36303928098679,,9.537799982354045,,1,held,,0,1,,,held,0,0.062099890783429146,1,,0,9.376500034704804,1,,0,gesture,0.009200070053339005,1
1790161563.4983916,,0.06260180473327637,15.973980371023456,,52.627600030973554,,1,iou,0.14140002895146608,1,1,,,ok,0,0.049600028432905674,1,,0,9.39609995111823,1,43.01999998278916,1,gesture,0.008399947546422482,1
1790161563.5186484,,0.020256757736206055,49.36624177583183,,10.026599979028106,,1,held,,0,1,,,held,0,0.05310005508363247,1,,0,9.92240000050515,1,,0,gesture,0.00809994526207447,1
1790161563.5872657,,0.06861734390258789,14.573574888291256,,60.300400014966726,,1,iou,0.15490001533180475,1,1,,,ok,0,0.04779989831149578,1,5.670399987138808,1,9.946699952706695,1,44.4694000761956,1,gesture,0.00870006624609232,1
1790161563.6196184,,0.03235268592834473,30.909334767902017,,10.461200028657913,,1,held,,0,1,,,held,0,0.09320001117885113,1,,0,10.304099996574223,1,,0,gesture,0.012199976481497288,1
1790161563.6804636,,0.060845136642456055,16.43516729819007,,53.02019999362528,,1,iou,0.27409999165683985,1,1,,,ok,0,0.07860001642256975,1,,0,9.362700046040118,1,43.281399994157255,1,gesture,0.012599979527294636,1
1790161563.7007427,,0.0202791690826416,49.31168510528234,,10.58429991826415,,1,held,,0,1,,,held,0,0.05309993866831064,1,,0,10.483000078238547,1,,0,gesture,0.00800006091594696,1
1790161563.77144,,0.07069730758666992,14.144810235864647,,66.01739989127964,,1,iou,0.21780002862215042,1,1,,,ok,0,0.071900081820786,1,6.405499996617436,1,10.211599990725517,1,49.097999930381775,1,gesture,0.009599956683814526,1
1790161563.799683,,0.028243064880371094,35.40692216782036,,9.47920000180602,,1,held,,0,1,,,held,0,0.05430006422102451,1,,0,9.371399995870888,1,,0,gesture,0.008599949069321156,1
1790161563.8629086,,0.06322550773620605,15.816401256471849,,54.93149999529123,,1,iou,0.11699995957314968,1,1,,,ok,0,0.05530007183551788,1,,0,9.263900108635426,1,45.47469993121922,1,gesture,0.0073999399319291115,1
1790161563.8832035,,0.020294904708862305,49.27345135862223,,10.126099921762943,,1,held,,0,1,,,held,0,0.05019991658627987,1,,0,10.02449996303767,1,,0,gesture,0.0078000593930482864,1
1790161563.9537816,,0.07057809829711914,14.168701397850189,,63.11940005980432,,1,iou,0.14610006473958492,1,1,,,ok,0,0.04509999416768551,1,6.602599984034896,1,9.947099955752492,1,46.3682000990957,1,gesture,0.00809994526207447,1
1790161563.9820764,,0.028294801712036133,35.34218087750786,,9.42889996804297,,1,held,,0,1,,,held,0,0.05830009467899799,1,,0,9.312800015322864,1,,0,gesture,0.008599949069321156,1
1790161564.0451477,,0.06307125091552734,15.855084297270734,,54.59859990514815,,1,iou,0.13780000153928995,1,1,,,ok,0,0.05950010381639004,1,,0,9.31630004197359,1,45.06759997457266,1,gesture,0.0076999422162771225,1
1790161564.0654974,,0.020349740982055664,49.140674610148444,,10.072899982333183,,1,held,,0,1,,,held,0,0.053999945521354675,1,,0,9.969200007617474,1,,0,gesture,0.008399947546422482,1
1790161564.136114,,0.07061648368835449,14.16099963874174,,61.4092000760138,,1,iou,0.14020001981407404,1,1,,,ok,0,0.0439999857917428,1,5.7255999417975545,1,9.429599973373115,1,46.05980007909238,1,gesture,0.007900060154497623,1
1790161564.1563594,,0.02024555206298828,49.3935654058128,,9.655899950303137,,1,held,,0,1,,,held,0,0.06750004831701517,1,,0,9.529099916107953,1,,0,gesture,0.011599971912801266,1
1790161564.2269819,,0.07062244415283203,14.159804464370113,,53.54350002016872,,1,iou,0.2652000403031707,1,1,,,ok,0,0.07890001870691776,1,,0,10.131399962119758,1,43.04299992509186,1,gesture,0.011499971151351929,1
1790161564.2653854,,0.03840351104736328,26.039285802974995,,9.76509996689856,,1,held,,0,1,,,held,0,0.060999998822808266,1,,0,9.657100075855851,1,,0,gesture,0.008399947546422482,1
1790161564.3378832,,0.07249784469604492,13.793513506402963,,65.9262000117451,,1,iou,0.17520005349069834,1,1,,,ok,0,0.0521000474691391,1,6.994699942879379,1,10.200700024142861,1,48.490800079889596,1,gesture,0.009899958968162537,1
1790161564.3605733,,0.0226900577545166,44.07216635669178,,11.24209992121905,,1,held,,0,1,,,held,0,0.05709996912628412,1,,0,11.133800027891994,1,,0,gesture,0.008399947546422482,1
1790161564.4189966,,0.05842328071594238,17.11646432287947,,56.9458999671042,,1,iou,0.1577000366523862,1,1,,,ok,0,0.04880002234131098,1,,0,10.280499933287501,1,46.43829993437976,1,gesture,0.009399955160915852,1
1790161564.4393425,,0.02034592628479004,49.1498880907461,,10.900299996137619,,1,held,,0,1,,,held,0,0.05270005203783512,1,,0,10.795400012284517,1,,0,gesture,0.008399947546422482,1
1790161564.510144,,0.0708014965057373,14.123995245198897,,60.18709996715188,,1,iou,0.16030005645006895,1,1,,,ok,0,0.05829997826367617,1,5.902699893340468,1,9.789400035515428,1,44.26460003014654,1,gesture,0.009399955160915852,1
1790161564.5405693,,0.030425310134887695,32.867372446380855,,9.987899917177856,,1,held,,0,1,,,held,0,0.1151000615209341,1,,0,9.815199999138713,1,,0,gesture,0.012499978765845299,1
1790161564.6719306,,0.1313612461090088,7.612595263980369,,123.06959996931255,0.183,1,pose,67.47289991471916,1,1,67.46599997859448,1,ok,8,0.10169995948672295,1,,0,9.496300015598536,1,45.97529990132898,1,gesture,0.008500064723193645,1
1790161564.7005079,,0.028577327728271484,34.99277502461164,,9.818300022743642,,1,held,,0,1,,,held,0,0.05809997674077749,1,,0,9.71479993313551,1,,0,gesture,0.00870006624609232,1
1790161564.7711577,,0.07064986228942871,14.154309259702963,,58.41810000129044,,1,iou,0.15330000314861536,1,1,,,ok,0,0.04840001929551363,1,5.611700005829334,1,9.616900002583861,1,42.975999996997416,1,gesture,0.009199953638017178,1
1790161564.8034534,,0.03229570388793945,30.963870720075594,,10.11060003656894,,1,held,,0,1,,,held,0,0.05310005508363247,1,,0,10.006000055000186,1,,0,gesture,0.008499948307871819,1
1790161564.8838058,,0.0803523063659668,12.44519348885236,,76.5866000438109,,1,iou,0.14110002666711807,1,1,,,ok,0,0.04349998198449612,1,,0,9.620499913580716,1,66.762899979949,1,gesture,0.008300063200294971,1
1790161564.9040973,,0.020291566848754883,49.28155659213479,,9.934700094163418,,1,held,,0,1,,,held,0,0.04870002157986164,1,,0,9.8440001020208,1,,0,gesture,0.007500057108700275,1
1790161564.975103,,0.07100558280944824,14.083399648779963,,61.56069994904101,,1,iou,0.2639000304043293,1,1,,,ok,0,0.04730001091957092,1,5.461699911393225,1,9.417699999175966,1,46.35920003056526,1,gesture,0.008600065484642982,1
1790161565.0053933,,0.03029036521911621,33.01379804324384,,9.943399927578866,,1,held,,0,1,,,held,0,0.07349997758865356,1,,0,9.820299921557307,1,,0,gesture,0.008200062438845634,1
1790161565.074101,,0.06870770454406738,14.554408514093574,,59.37519995495677,,1,iou,0.15819992404431105,1,1,,,ok,0,0.04770001396536827,1,,0,10.30910003464669,1,48.83820004761219,1,gesture,0.008100061677396297,1
1790161565.0964499,,0.022348880767822266,44.74497002282959,,10.472900001332164,,1,held,,0,1,,,held,0,0.09049999061971903,1,,0,10.318499989807606,1,,0,gesture,0.010999967344105244,1
1790161565.167113,,0.0706632137298584,14.15163487784387,,60.68520003464073,,1,iou,0.13810000382363796,1,1,,,ok,0,0.0423000892624259,1,6.5882999915629625,1,9.321499965153635,1,44.585200026631355,1,gesture,0.0076999422162771225,1
1790161565.1953833,,0.028270244598388672,35.37288107004908,,9.4671999104321,,1,held,,0,1,,,held,0,0.13640010729432106,1,,0,9.276000084355474,1,,0,gesture,0.010399962775409222,1
1790161565.2666087,,0.07122540473937988,14.039934257433696,,59.34180004987866,,1,iou,0.2704000798985362,1,1,,,ok,0,0.04730001091957092,1,,0,9.646499995142221,1,49.35540002770722,1,gesture,0.008699949830770493,1
1790161565.2968829,,0.030274152755737305,33.03147764590995,,9.468499920330942,,1,held,,0,1,,,held,0,0.05179992876946926,1,,0,9.36659995932132,1,,0,gesture,0.0078000593930482864,1
1790161565.3773203,,0.08043742179870605,12.432024518419936,,65.83329988643527,,1,iou,0.15909993089735508,1,1,,,ok,0,0.04529999569058418,1,6.0680999886244535,1,10.100700077600777,1,49.44939992856234,1,gesture,0.008500064723193645,1
1790161565.3996637,,0.02234339714050293,44.75595155524729,,10.158399934880435,,1,held,,0,1,,,held,0,0.0700999516993761,1,,0,10.027899988926947,1,,0,gesture,0.012499978765845299,1
1790161565.460482,,0.06081819534301758,16.44244776353444,,53.787400014698505,,1,iou,0.2663000486791134,1,1,,,ok,0,0.05779997445642948,1,,0,9.217399987392128,1,44.22309994697571,1,gesture,0.011899974197149277,1
1790161565.480793,,0.02031111717224121,49.234120975220385,,10.363999987021089,,1,held,,0,1,,,held,0,0.05280005279928446,1,,0,10.259900009259582,1,,0,gesture,0.008199946023523808,1
1790161565.551509,,0.07071590423583984,14.141090477539075,,63.09020007029176,,1,iou,0.2615000121295452,1,1,,,ok,0,0.04930002614855766,1,5.931699997745454,1,9.217399987392128,1,47.61870007496327,1,gesture,0.009399955160915852,1
1790161565.5797913,,0.02828240394592285,35.357673340358275,,9.509199997410178,,1,held,,0,1,,,held,0,0.06260001100599766,1,,0,9.398499969393015,1,,0,gesture,0.007300055585801601,1
1790161565.6510208,,0.07122945785522461,14.039135353697642,,59.86420006956905,,1,iou,0.17140002455562353,1,1,,,ok,0,0.053900061175227165,1,,0,12.322900001890957,1,47.29260003659874,1,gesture,0.009599956683814526,1
1790161565.681343,,0.03032231330871582,32.979014160920265,,9.509600000455976,,1,held,,0,1,,,held,0,0.07720000576227903,1,,0,9.383399970829487,1,,0,gesture,0.007899943739175797,1
1790161565.7540622,,0.07271909713745117,13.751545871228762,,61.933099990710616,,1,iou,0.1537000061944127,1,1,,,ok,0,0.04299997817724943,1,6.068899994716048,1,9.564100066199899,1,46.09309998340905,1,gesture,0.00809994526207447,1
1790161565.784369,,0.03030681610107422,32.99587778092451,,10.128700057975948,,1,held,,0,1,,,held,0,0.06029999349266291,1,,0,10.019600042141974,1,,0,gesture,0.00870006624609232,1
1790161565.8449807,,0.060611724853515625,16.49845805274089,,55.77179999090731,,1,iou,0.1351999817416072,1,1,,,ok,0,0.04169996827840805,1,,0,9.491899982094765,1,46.08230001758784,1,gesture,0.007600057870149612,1
1790161565.8853564,,0.040375709533691406,24.767366606041996,,10.094400029629469,,1,held,,0,1,,,held,0,0.05979998968541622,1,,0,9.977799956686795,1,,0,gesture,0.00909995287656784,1
1790161565.9542997,,0.06894326210021973,14.504680653873686,,60.18310005310923,,1,iou,0.13419997412711382,1,1,,,ok,0,0.041499966755509377,1,6.069399998523295,1,9.607200045138597,1,44.32089999318123,1,gesture,0.0078000593930482864,1
1790161565.9845712,,0.030271530151367188,33.03433936109886,,9.5446000341326,,1,held,,0,1,,,held,0,0.05959998816251755,1,,0,9.435099898837507,1,,0,gesture,0.008600065484642982,1
1790161566.0497594,,0.06518816947937012,15.340206788847885,,57.3502000188455,,1,iou,0.1444000517949462,1,1,,,ok,0,0.04449998959898949,1,,0,10.048799915239215,1,47.09390003699809,1,gesture,0.007899943739175797,1
1790161566.0856535,,0.035894155502319336,27.85968874334943,,9.771000011824071,,1,held,,0,1,,,held,0,0.047699897550046444,1,,0,9.677699999883771,1,,0,gesture,0.006900052540004253,1
1790161566.1583939,,0.07274031639099121,13.747534374539079,,66.52600003872067,,1,iou,0.27489999774843454,1,1,,,ok,0,0.06799993570894003,1,7.406299933791161,1,9.916499955579638,1,48.84620010852814,1,gesture,0.01100008375942707,1
1790161566.1868024,,0.028408527374267578,35.20069825603841,,8.992100018076599,,1,held,,0,1,,,held,0,0.058399979025125504,1,,0,8.877200074493885,1,,0,gesture,0.009100069291889668,1
1790161566.249425,,0.0626225471496582,15.968689322236521,,54.426300106570125,,1,iou,0.13860000763088465,1,1,,,ok,0,0.0423000892624259,1,,0,8.635399979539216,1,45.59190000873059,1,gesture,0.007899943739175797,1
1790161566.2697542,,0.02032923698425293,49.19023772385565,,9.909600019454956,,1,held,,0,1,,,held,0,0.09169999975711107,1,,0,9.76550008635968,1,,0,gesture,0.008699949830770493,1
1790161566.339558,,0.06980371475219727,14.325885141643155,,55.13100000098348,,1,iou,0.14859996736049652,1,1,,,ok,0,0.04430010449141264,1,5.455699982121587,1,9.503600071184337,1,39.96800002641976,1,gesture,0.008699949830770493,1
1790161566.3789325,,0.039374589920043945,25.397089900635184,,9.130900027230382,,1,held,,0,1,,,held,0,0.05719996988773346,1,,0,9.0272999368608,1,,0,gesture,0.008300063200294971,1
1790161566.450214,,0.07128143310546875,14.028898640693567,,60.10100001003593,,1,iou,0.17200002912431955,1,1,,,ok,0,0.05209993105381727,1,,0,10.9770999988541,1,48.88000001665205,1,gesture,0.009400071576237679,1
1790161566.4800007,,0.02978682518005371,33.571889382478886,,9.452100028283894,,1,held,,0,1,,,held,0,0.054200063459575176,1,,0,9.350000065751374,1,,0,gesture,0.0077999429777264595,1
1790161566.552696,,0.07269525527954102,13.756055964789148,,61.275599990040064,,1,iou,0.15159999020397663,1,1,,,ok,0,0.046600005589425564,1,6.438600015826523,1,9.8523999331519,1,44.775100075639784,1,gesture,0.008800067007541656,1
1790161566.5820012,,0.029305219650268555,34.12361387951023,,9.101499919779599,,1,held,,0,1,,,held,0,0.05159992724657059,1,,0,9.001699974760413,1,,0,gesture,0.008400063961744308,1
1790161566.6517558,,0.06975460052490234,14.335972000054687,,59.11269993521273,,1,iou,0.143699930049479,1,1,,,ok,0,0.049999915063381195,1,,0,10.191800072789192,1,48.70649997610599,1,gesture,0.008500064723193645,1
1790161566.6819003,,0.030144453048706055,33.173599082532526,,9.541800012812018,,1,held,,0,1,,,held,0,0.055999960750341415,1,,0,9.431299986317754,1,,0,gesture,0.008699949830770493,1
1790161566.8150938,,0.1331934928894043,7.507874283545808,,125.45370007865131,0.186,1,pose,62.5311000039801,1,1,62.524399952962995,1,ok,8,0.06590003613382578,1,6.131000001914799,1,9.725600015372038,1,46.98920005466789,1,gesture,0.008999952115118504,1
1790161566.8431008,,0.028007030487060547,35.70532050736358,,9.306699968874454,,1,held,,0,1,,,held,0,0.055999960750341415,1,,0,9.204000001773238,1,,0,gesture,0.008299946784973145,1
1790161566.9077747,,0.06467390060424805,15.462187847910876,,59.02819999027997,,1,iou,0.15119998715817928,1,1,,,ok,0,0.0467000063508749,1,,0,10.228200000710785,1,48.56639995705336,1,gesture,0.008600065484642982,1
1790161566.9256072,,0.017832517623901367,56.077331372417945,,9.887999971397221,,1,held,,0,1,,,held,0,0.05449994932860136,1,,0,9.785500005818903,1,,0,gesture,0.008300063200294971,1
1790161567.005872,,0.08026480674743652,12.458760452094875,,64.67929994687438,,1,iou,0.25320006534457207,1,1,,,ok,0,0.06880005821585655,1,5.947600002400577,1,9.989999933168292,1,48.40520001016557,1,gesture,0.010899966582655907,1
1790161567.023858,,0.017986059188842773,55.59861610042551,,15.022500068880618,,1,held,,0,1,,,held,0,0.0828000484034419,1,,0,14.878100017085671,1,,0,gesture,0.011599971912801266,1
1790161567.1062872,,0.08242917060852051,12.131627585448888,,51.48709996137768,,1,iou,0.1300000585615635,1,1,,,ok,0,0.040100072510540485,1,,0,9.106699959374964,1,42.18990006484091,1,gesture,0.0077999429777264595,1
1790161567.1447341,,0.038446903228759766,26.00989718339555,,9.4393000472337,,1,held,,0,1,,,held,0,0.06210000719875097,1,,0,9.327400010079145,1,,0,gesture,0.008899951353669167,1
1790161567.2073238,,0.06258964538574219,15.977083650769465,,57.99719993956387,,1,iou,0.23230002261698246,1,1,,,ok,0,0.045500113628804684,1,6.267899996601045,1,9.384799981489778,1,42.05579997505993,1,gesture,0.008499948307871819,1
1790161567.2457068,,0.03838300704956055,26.053195850673955,,9.503199951723218,,1,held,,0,1,,,held,0,0.05040003452450037,1,,0,9.408600046299398,1,,0,gesture,0.007999944500625134,1
1790161567.306443,,0.06073617935180664,16.46465106419728,,49.046100000850856,,1,iou,0.14579994603991508,1,1,,,ok,0,0.04509999416768551,1,,0,9.487200062721968,1,39.34889996889979,1,gesture,0.008300063200294971,1
1790161567.326698,,0.020255088806152344,49.37030933659777,,9.63049998972565,,1,held,,0,1,,,held,0,0.0518999295309186,1,,0,9.529199916869402,1,,0,gesture,0.008100061677396297,1
1790161567.39726,,0.07056188583374023,14.171956831712608,,58.2110999384895,,1,iou,0.1330000814050436,1,1,,,ok,0,0.0412999652326107,1,5.158500047400594,1,9.319399949163198,1,43.54899993631989,1,gesture,0.0075999414548277855,1
1790161567.439708,,0.04244804382324219,23.558211637834194,,10.762899997644126,,1,held,,0,1,,,held,0,0.08659996092319489,1,,0,10.619899956509471,1,,0,gesture,0.01009996049106121,1
1790161567.5003357,,0.06062769889831543,16.494111077466368,,56.2677999259904,,1,iou,0.14469993766397238,1,1,,,ok,0,0.04950002767145634,1,,0,10.367400012910366,1,45.6876999232918,1,gesture,0.008300063200294971,1
1790161567.538672,,0.03833627700805664,26.0849534186599,,9.461999987252057,,1,held,,0,1,,,held,0,0.05209993105381727,1,,0,9.36509994789958,1,,0,gesture,0.007900060154497623,1
1790161567.6096342,,0.07096219062805176,14.092011409871757,,57.19479999970645,,1,iou,0.2590999938547611,1,1,,,ok,0,0.10499998461455107,1,6.090200040489435,1,9.653099928982556,1,41.064699995331466,1,gesture,0.01810002140700817,1
1790161567.641997,,0.032362937927246094,30.899543244437897,,10.59489999897778,,1,held,,0,1,,,held,0,0.05089992191642523,1,,0,10.498899966478348,1,,0,gesture,0.0078000593930482864,1
1790161567.720614,,0.07861685752868652,12.719918239356105,,76.16049994248897,,2,iou,0.1642999704927206,1,1,,,ok,0,0.06230000872164965,1,,0,9.324099984951317,1,66.59209995996207,1,gesture,0.007400056347250938,1
1790161567.7609894,,0.040375471115112305,24.7675128582142,,9.831300005316734,,2,held,,0,1,,,held,0,0.09700004011392593,1,,0,9.67339996714145,1,,0,gesture,0.011999974958598614,1
1790161567.8337755,,0.07278609275817871,13.738888324756704,,60.58570009190589,,1,iou,0.2858999650925398,1,1,,,ok,0,0.0836000544950366,1,6.469300016760826,1,10.631600045599043,1,43.099000002257526,1,gesture,0.012699980288743973,1
1790161567.8641222,,0.03034663200378418,32.95258596984672,,10.060400003567338,,1,held,,0,1,,,held,0,0.06310001481324434,1,,0,9.94729995727539,1,,0,gesture,0.00909995287656784,1
1790161567.9441283,,0.08000612258911133,12.499043418660786,,72.37810001242906,,2,iou,0.256399973295629,1,1,,,ok,0,0.049400026910007,1,,0,8.558400091715157,1,63.494700007140636,1,gesture,0.009899958968162537,1
1790161567.9633448,,0.019216537475585938,52.0385111662531,,9.059699950739741,,2,held,,0,1,,,held,0,0.05119992420077324,1,,0,8.959500002674758,1,,0,gesture,0.007900060154497623,1
1790161568.0361414,,0.07279658317565918,13.73690846982455,,63.712800038047135,,1,iou,0.15430001076310873,1,1,,,ok,0,0.04680000711232424,1,6.194200017489493,1,10.317499982193112,1,46.98890005238354,1,gesture,0.008499948307871819,1
1790161568.0643942,,0.028252840042114258,35.39467177492173,,8.824799908325076,,1,held,,0,1,,,held,0,0.050699920393526554,1,,0,8.727299980819225,1,,0,gesture,0.007700058631598949,1
1790161568.135049,,0.07065486907958984,14.153306248059714,,58.30849998164922,,1,iou,0.15390000771731138,1,1,,,ok,0,0.047200010158121586,1,,0,9.589400026015937,1,48.498100019060075,1,gesture,0.00909995287656784,1
1790161568.165346,,0.030296802520751953,33.00678344901396,,9.58010007161647,,1,held,,0,1,,,held,0,0.056900084018707275,1,,0,9.471299941651523,1,,0,gesture,0.008599949069321156,1
1790161568.2379823,,0.07263636589050293,13.767208584023448,,62.539199949242175,,1,iou,0.2340000355616212,1,1,,,ok,0,0.07209996692836285,1,6.43309997394681,1,10.492300032638013,1,45.291899936273694,1,gesture,0.01279998105019331,1
1790161568.2681131,,0.030130863189697266,33.188561300226304,,9.370700106956065,,1,held,,0,1,,,held,0,0.0684000551700592,1,,0,9.249499998986721,1,,0,gesture,0.007999944500625134,1
1790161568.32922,,0.06110692024230957,16.364758623649536,,55.11089996434748,,1,iou,0.26050000451505184,1,1,,,ok,0,0.08030002936720848,1,,0,9.704199968837202,1,45.040099998004735,1,gesture,0.011999974958598614,1
1790161568.34934,,0.020119905471801758,49.702022775480216,,9.884999948553741,,1,held,,0,1,,,held,0,0.060699996538460255,1,,0,9.777399944141507,1,,0,gesture,0.008599949069321156,1
1790161568.420017,,0.07067704200744629,14.14886604754403,,67.7713000914082,,1,iou,0.20439992658793926,1,1,,,ok,0,0.05979998968541622,1,6.502000032924116,1,10.470999986864626,1,50.52100005559623,1,gesture,0.010300078429281712,1
1790161568.4484217,,0.028404712677001953,35.20542564085346,,9.7001000540331,,1,held,,0,1,,,held,0,0.063000014051795,1,,0,9.577000048011541,1,,0,gesture,0.014499993994832039,1
1790161568.511055,,0.06263327598571777,15.965953947994503,,53.854099940508604,,1,iou,0.24810002651065588,1,1,,,ok,0,0.08699996396899223,1,,0,9.349200059659779,1,44.14549993816763,1,gesture,0.010699965059757233,1
1790161568.5292554,,0.018200397491455078,54.94385496083209,,9.288800065405667,,1,held,,0,1,,,held,0,0.052900053560733795,1,,0,9.186999988742173,1,,0,gesture,0.008299946784973145,1
1790161568.6098669,,0.0806114673614502,12.405182943961858,,66.91249995492399,,1,iou,0.20969996694475412,1,1,,,ok,0,0.05749997217208147,1,6.959799909964204,1,10.086800088174641,1,49.584100022912025,1,gesture,0.012299977242946625,1
1790161568.6401916,,0.030324697494506836,32.97642128766972,,9.480300010181963,,1,held,,0,1,,,held,0,0.05759997293353081,1,,0,9.372500004246831,1,,0,gesture,0.007899943739175797,1
1790161568.702802,,0.06261038780212402,15.971790546329686,,53.391700028441846,,1,iou,0.16920000780373812,1,1,,,ok,0,0.052200048230588436,1,,0,9.595899959094822,1,43.555299984291196,1,gesture,0.008699949830770493,1
1790161568.7231429,,0.020340919494628906,49.161986028412024,,10.631099925376475,,1,held,,0,1,,,held,0,0.06640003994107246,1,,0,10.516699985601008,1,,0,gesture,0.009199953638017178,1
1790161568.7938592,,0.07071638107299805,14.140995124845755,,63.62909998279065,,1,iou,0.15680002979934216,1,1,,,ok,0,0.05050003528594971,1,6.5827000653371215,1,9.569399990141392,1,47.25889989640564,1,gesture,0.008499948307871819,1
1790161568.8221838,,0.028324604034423828,35.30499486540631,,9.349599946290255,,1,held,,0,1,,,held,0,0.07159996312111616,1,,0,9.227200062014163,1,,0,gesture,0.00809994526207447,1
1790161568.9440193,,0.12183547019958496,8.20779037797325,,109.53939997125417,0.257,1,pose,54.071999969892204,1,1,54.064500029198825,1,ok,8,0.10009994730353355,1,,0,9.075500071048737,1,46.2678000330925,1,gesture,0.012399978004395962,1
1790161568.964801,,0.020781755447387695,48.1191303849022,,9.98299999628216,,1,held,,0,1,,,held,0,0.05759997293353081,1,,0,9.880300029180944,1,,0,gesture,0.007999944500625134,1
1790161569.0374935,,0.0726923942565918,13.756597374825349,,61.55729992315173,,1,iou,0.13310008216649294,1,1,,,ok,0,0.04269997589290142,1,7.073499960824847,1,10.362999979406595,1,43.93529996741563,1,gesture,0.0075999414548277855,1
1790161569.0658016,,0.02830815315246582,35.32551186275088,,9.32509999256581,,1,held,,0,1,,,held,0,0.05659996531903744,1,,0,9.220799896866083,1,,0,gesture,0.008500064723193645,1
1790161569.1284566,,0.06265497207641602,15.960425276071753,,57.775799999944866,,1,iou,0.22069993428885937,1,1,,,ok,0,0.08070003241300583,1,,0,10.845200042240322,1,46.60809994675219,1,gesture,0.010499963536858559,1
1790161569.1668305,,0.03837394714355469,26.059346886028134,,9.804199915379286,,1,held,,0,1,,,held,0,0.05209993105381727,1,,0,9.702600073069334,1,,0,gesture,0.0078000593930482864,1
1790161569.237509,,0.0706784725189209,14.14857967866094,,59.75140002556145,,1,iou,0.10790000669658184,1,1,,,ok,0,0.03679993096739054,1,5.710600060410798,1,10.189599939621985,1,43.69810002390295,1,gesture,0.006700051017105579,1
1790161569.2678225,,0.030313491821289062,32.98861133832505,,9.763100068084896,,1,held,,0,1,,,held,0,0.11020002420991659,1,,0,9.594899951480329,1,,0,gesture,0.008399947546422482,1
1790161569.330416,,0.06259346008300781,15.976109943017338,,55.574300000444055,,1,iou,0.13870000839233398,1,1,,,ok,0,0.09580003097653389,1,,0,9.770400007255375,1,45.54279998410493,1,gesture,0.011699972674250603,1
1790161569.3508263,,0.02041029930114746,48.99487191467988,,10.146800079382956,,1,held,,0,1,,,held,0,0.05829997826367617,1,,0,10.041199973784387,1,,0,gesture,0.00870006624609232,1
1790161569.4215577,,0.07073140144348145,14.137992173095268,,66.92419992759824,,1,iou,0.283299945294857,1,1,,,ok,0,0.04930002614855766,1,6.039600004442036,1,10.474400012753904,1,50.067099975422025,1,gesture,0.008200062438845634,1
1790161569.4502132,,0.028655529022216797,34.89727930776271,,9.656500071287155,,1,held,,0,1,,,held,0,0.09210000280290842,1,,0,9.513800032436848,1,,0,gesture,0.012499978765845299,1
1790161569.5127819,,0.06256866455078125,15.9824411657115,,52.901600021868944,,1,iou,0.16220007091760635,1,1,,,ok,0,0.053699943237006664,1,,0,10.087299975566566,1,42.57859999779612,1,gesture,0.009499955922365189,1
1790161569.5330634,,0.020281553268432617,49.30588829981074,,10.249899933114648,,1,held,,0,1,,,held,0,0.06599992047995329,1,,0,10.133800096809864,1,,0,gesture,0.009300070814788342,1
1790161569.6015885,,0.06852507591247559,14.593197988970653,,59.091500006616116,,0,,,0,0,,,no_hand,0,0.004300032742321491,1,5.633599939756095,1,9.728600038215518,1,43.6988000292331,1,gesture,0.00809994526207447,1
1790161569.6318977,,0.030309200286865234,32.99328225540015,,9.133299929089844,,0,,,0,0,,,no_hand,0,0.004999921657145023,1,,0,9.087099926546216,1,,0,gesture,0.008300063200294971,1
1790161569.765161,,0.13326334953308105,7.503938656080093,,123.5053000273183,0.197,1,pose,65.1578000979498,1,1,65.1497000362724,1,ok,8,0.004900037311017513,1,,0,10.06010000128299,1,48.26139996293932,1,gesture,0.008299946784973145,1
1790161569.7934356,,0.0282745361328125,35.36751214247167,,9.726200019940734,,1,held,,0,1,,,held,0,0.055999960750341415,1,,0,9.627599967643619,1,,0,gesture,0.0078000593930482864,1
1790161569.8560522,,0.06261658668518066,15.970209379628606,,55.26499997358769,,1,iou,0.12969993986189365,1,1,,,ok,0,0.0420999713242054,1,5.590299959294498,1,9.329300024546683,1,40.164000005461276,1,gesture,0.007500057108700275,1
1790161569.8744187,,0.018366575241088867,54.44673200493282,,9.616700001060963,,1,held,,0,1,,,held,0,0.05319993942975998,1,,0,9.474500082433224,1,,0,gesture,0.008200062438845634,1
1790161569.94516,,0.07074117660522461,14.136038556165953,,60.05259999074042,,1,iou,0.2658000448718667,1,1,,,ok,0,0.08599995635449886,1,,0,12.406200054101646,1,47.26639995351434,1,gesture,0.01209997572004795,1
1790161569.9753768,,0.03021693229675293,33.09402788407672,,9.68250003643334,,1,held,,0,1,,,held,0,0.09889993816614151,1,,0,9.516999940387905,1,,0,gesture,0.012999982573091984,1
1790161570.0500484,,0.07467150688171387,13.391989016427466,,64.42830001469702,,1,iou,0.15390000771731138,1,1,,,ok,0,0.04740001168102026,1,6.541599985212088,1,10.427800007164478,1,47.24670003633946,1,gesture,0.008699949830770493,1
1790161570.076874,,0.026825666427612305,37.277731857974494,,9.148000041022897,,1,held,,0,1,,,held,0,0.049900030717253685,1,,0,9.053800022229552,1,,0,gesture,0.0077999429777264595,1
1790161570.1475723,,0.07069826126098633,14.144619431423465,,58.94770007580519,,1,iou,0.1889999257400632,1,1,,,ok,0,0.045900000259280205,1,,0,11.164700030349195,1,47.528300085105,1,gesture,0.00900006853044033,1
1790161570.1779015,,0.030329227447509766,32.97149595157613,,9.659500094130635,,1,held,,0,1,,,held,0,0.05010003224015236,1,,0,9.559800033457577,1,,0,gesture,0.007400056347250938,1
1790161570.2505925,,0.07269096374511719,13.756868095825352,,61.64550001267344,,1,iou,0.2747999969869852,1,1,,,ok,0,0.07730000652372837,1,6.422500009648502,1,9.969400009140372,1,44.88669999409467,1,gesture,0.011499971151351929,1
1790161570.2789416,,0.02834916114807129,35.2744123459905,,9.371799998916686,,1,held,,0,1,,,held,0,0.06679992657154799,1,,0,9.254500037059188,1,,0,gesture,0.009600073099136353,1
1790161570.341425,,0.06248331069946289,16.00427360211238,,54.62269997224212,,1,iou,0.28909998945891857,1,1,,,ok,0,0.06450002547353506,1,,0,10.057799983769655,1,44.187899911776185,1,gesture,0.01279998105019331,1
1790161570.3803594,,0.03893446922302246,25.684182164442785,,9.150200057774782,,1,held,,0,1,,,held,0,0.05300005432218313,1,,0,9.045999962836504,1,,0,gesture,0.008199946023523808,1
1790161570.4525826,,0.07222318649291992,13.845968982523784,,63.21389996446669,,1,iou,0.152299995534122,1,1,,,ok,0,0.04329998046159744,1,5.785300047136843,1,10.440599988214672,1,46.782199991866946,1,gesture,0.00809994526207447,1
1790161570.4809725,,0.028389930725097656,35.22375625650845,,9.739600005559623,,1,held,,0,1,,,held,0,0.08110003545880318,1,,0,9.593700058758259,1,,0,gesture,0.012699980288743973,1
1790161570.551166,,0.07019352912902832,14.246327437986773,,58.20050009060651,,1,iou,0.1767000649124384,1,1,,,ok,0,0.05310005508363247,1,,0,9.9576999200508,1,47.992800013162196,1,gesture,0.009899958968162537,1
1790161570.582241,,0.031075000762939453,32.18020838128558,,9.483400033786893,,1,held,,0,1,,,held,0,0.05829997826367617,1,,0,9.376700036227703,1,,0,gesture,0.009199953638017178,1
1790161570.6548586,,0.0726175308227539,13.770779433974653,,60.041200020350516,,1,iou,0.2762000076472759,1,1,,,ok,0,0.07670000195503235,1,5.400899914093316,1,9.321500081568956,1,44.95010001119226,1,gesture,0.012299977242946625,1
1790161570.683001,,0.028142452239990234,35.53350615903353,,9.330400032922626,,1,held,,0,1,,,held,0,0.049900030717253685,1,,0,9.232999989762902,1,,0,gesture,0.007899943739175797,1
1790161570.74557,,0.06256890296936035,15.98238026467708,,56.377500062808394,,1,iou,0.15449989587068558,1,1,,,ok,0,0.048200017772614956,1,,0,10.133300093002617,1,46.02060001343489,1,gesture,0.009300070814788342,1
1790161570.784028,,0.03845810890197754,26.0023185890084,,9.242599946446717,,1,held,,0,1,,,held,0,0.05840009544044733,1,,0,9.131799917668104,1,,0,gesture,0.008599949069321156,1
1790161570.8567317,,0.07270359992980957,13.754477095569307,,63.18619998637587,,1,iou,0.16270007472485304,1,1,,,ok,0,0.04499999340623617,1,6.0795999597758055,1,10.121600003913045,1,46.76669999025762,1,gesture,0.008299946784973145,1
1790161570.8870497,,0.030318021774291992,32.98368236043503,,9.971000021323562,,1,held,,0,1,,,held,0,0.05640008021146059,1,,0,9.860399994067848,1,,0,gesture,0.008599949069321156,1
1790161570.9455879,,0.058538198471069336,17.082862577231833,,50.062600057572126,,1,iou,0.15510001685470343,1,1,,,ok,0,0.048200017772614956,1,,0,9.303600061684847,1,40.536000044085085,1,gesture,0.008999952115118504,1
1790161570.965905,,0.02031707763671875,49.219677055951934,,10.928699979558587,,1,held,,0,1,,,held,0,0.09119999594986439,1,,0,10.780400014482439,1,,0,gesture,0.012500095181167126,1
1790161571.0366051,,0.07070016860961914,14.144237837983665,,66.09629990998656,,1,iou,0.1460999483242631,1,1,,,ok,0,0.04520011134445667,1,5.558400065638125,1,9.618100011721253,1,50.717499922029674,1,gesture,0.008699949830770493,1
1790161571.066905,,0.030299901962280273,33.00340711481111,,9.515200043097138,,1,held,,0,1,,,held,0,0.06350001785904169,1,,0,9.394099935889244,1,,0,gesture,0.008899951353669167,1
1790161571.1295187,,0.06261372566223145,15.970939109972166,,55.12399994768202,,1,iou,0.1354999840259552,1,1,,,ok,0,0.040899962186813354,1,,0,8.849899983033538,1,46.07989999931306,1,gesture,0.008100061677396297,1
1790161571.1478202,,0.01830148696899414,54.640368932544746,,9.309899993240833,,1,held,,0,1,,,held,0,0.05089992191642523,1,,0,9.212099947035313,1,,0,gesture,0.007600057870149612,1
1790161571.2205877,,0.07276749610900879,13.742399470526754,,68.49209999199957,,1,iou,0.2785000251606107,1,1,,,ok,0,0.06510003004223108,1,6.210000021383166,1,11.620000004768372,1,50.30279990751296,1,gesture,0.01209997572004795,1
1790161571.2511811,,0.030593395233154297,32.68679374678533,,9.976200060918927,,1,held,,0,1,,,held,0,0.09109999518841505,1,,0,9.821899933740497,1,,0,gesture,0.012399978004395962,1
1790161571.3218992,,0.07071805000305176,14.140661400545492,,57.656100019812584,,1,iou,0.2148000057786703,1,1,,,ok,0,0.04369998350739479,1,,0,8.69099993724376,1,48.68869995698333,1,gesture,0.008300063200294971,1
1790161571.3422096,,0.020310401916503906,49.235854815232194,,10.581400012597442,,1,held,,0,1,,,held,0,0.06360001862049103,1,,0,10.464599938131869,1,,0,gesture,0.009899958968162537,1
1790161571.413149,,0.07093954086303711,14.096510744701588,,64.90120000671595,,1,iou,0.23189990315586329,1,1,,,ok,0,0.08659996092319489,1,6.540799979120493,1,10.849500074982643,1,47.17579996213317,1,gesture,0.013200100511312485,1
1790161571.443465,,0.030315876007080078,32.986016955817355,,9.842699975706637,,1,held,,0,1,,,held,0,0.09930005762726068,1,,0,9.680000017397106,1,,0,gesture,0.01279998105019331,1
1790161571.5041459,,0.06068086624145508,16.47965927218149,,56.49640003684908,,1,iou,0.21700002253055573,1,1,,,ok,0,0.06980006583034992,1,,0,9.388999897055328,1,46.795499976724386,1,gesture,0.013699987903237343,1
1790161571.5424864,,0.03834056854248047,26.082033679078677,,9.146900032646954,,1,held,,0,1,,,held,0,0.05040003452450037,1,,0,9.047899977304041,1,,0,gesture,0.0074999406933784485,1
1790161571.6151385,,0.07265210151672363,13.764226761834442,,59.10880002193153,,1,iou,0.14590006321668625,1,1,,,ok,0,0.06310001481324434,1,5.536300013773143,1,9.595399955287576,1,43.75620000064373,1,gesture,0.008599949069321156,1
1790161571.6454387,,0.030300140380859375,33.00314742540602,,9.889999986626208,,1,held,,0,1,,,held,0,0.06360001862049103,1,,0,9.778200066648424,1,,0,gesture,0.008800067007541656,1
1790161571.7164648,,0.07102608680725098,14.079334015877546,,61.26940005924553,,1,iou,0.12330000754445791,1,1,,,ok,0,0.043199979700148106,1,,0,10.669799987226725,1,50.413900054991245,1,gesture,0.007500057108700275,1
1790161571.744712,,0.028247356414794922,35.40154290247978,,9.13280004169792,,1,held,,0,1,,,held,0,0.09630003478378057,1,,0,8.973299991339445,1,,0,gesture,0.01309998333454132,1
1790161571.8759093,,0.13119721412658691,7.622113065869983,,119.91339991800487,0.233,1,pose,58.59269993379712,1,1,58.58549999538809,1,ok,8,0.051699928008019924,1,6.1654000310227275,1,9.514100034721196,1,45.58129992801696,1,gesture,0.006800051778554916,1
1790161571.9061728,,0.030263423919677734,33.043187798383414,,9.86150000244379,,1,held,,0,1,,,held,0,0.06089999806135893,1,,0,9.751299978233874,1,,0,gesture,0.008899951353669167,1
1790161571.968721,,0.06254816055297852,15.987680391543991,,54.331200080923736,,1,iou,0.15330000314861536,1,1,,,ok,0,0.04700000863522291,1,,0,9.892699890770018,1,44.219300034455955,1,gesture,0.008800067007541656,1
1790161571.9891102,,0.020389318466186523,49.04528818157369,,10.617299936711788,,1,held,,0,1,,,held,0,0.05619996227324009,1,,0,10.514300083741546,1,,0,gesture,0.008500064723193645,1
1790161572.0679395,,0.07882928848266602,12.685640315273082,,75.7275999058038,,2,iou,0.21749990992248058,1,1,,,ok,0,0.04830001853406429,1,5.562699981965125,1,10.308500030077994,1,59.578899992629886,1,gesture,0.009100069291889668,1
1790161572.0902355,,0.02229595184326172,44.85119124000171,,10.504999896511436,,2,held,,0,1,,,held,0,0.05830009467899799,1,,0,10.400300030596554,1,,0,gesture,0.00809994526207447,1
1790161572.1588848,,0.0686492919921875,14.566792620582351,,58.34570003207773,,1,iou,0.17040001694113016,1,1,,,ok,0,0.04229997284710407,1,,0,10.499400086700916,1,47.61540004983544,1,gesture,0.007899943739175797,1
1790161572.1892047,,0.030319929122924805,32.98160744194824,,9.389200014993548,,1,held,,0,1,,,held,0,0.04840001929551363,1,,0,9.293199982494116,1,,0,gesture,0.0072999391704797745,1
1790161572.2518072,,0.06260251998901367,15.973797862697754,,57.45840002782643,,1,iou,0.15410000924021006,1,1,,,ok,0,0.09440002031624317,1,6.258299923501909,1,9.557600016705692,1,41.37740004807711,1,gesture,0.012499978765845299,1
1790161572.2922106,,0.04040336608886719,24.750413067082093,,10.709199937991798,,1,held,,0,1,,,held,0,0.054699950851500034,1,,0,10.606300085783005,1,,0,gesture,0.008200062438845634,1
1790161572.3527844,,0.06057381629943848,16.50878318540531,,50.74540001805872,,1,iou,0.15079998411238194,1,1,,,ok,0,0.04780001472681761,1,,0,9.798699989914894,1,40.72779999114573,1,gesture,0.008999952115118504,1
1790161572.3715136,,0.018729209899902344,53.392535261469526,,9.930599946528673,,1,held,,0,1,,,held,0,0.061700004152953625,1,,0,9.825699962675571,1,,0,gesture,0.007600057870149612,1
1790161572.4521613,,0.08064770698547363,12.399608586269183,,65.87829999625683,,1,iou,0.26020000223070383,1,1,,,ok,0,0.07860001642256975,1,6.461899960413575,1,9.806100046262145,1,49.25589996855706,1,gesture,0.012199976481497288,1
1790161572.472427,,0.020265579223632812,49.34475294117647,,9.139000088907778,,1,held,,0,1,,,held,0,0.05100003909319639,1,,0,9.040100034326315,1,,0,gesture,0.007899943739175797,1
1790161572.5351007,,0.06267380714416504,15.95562876369958,,55.23539998102933,,1,iou,0.18770003225654364,1,1,,,ok,0,0.06680004298686981,1,,0,9.084300021640956,1,45.87480006739497,1,gesture,0.011699972674250603,1
1790161572.5559535,,0.02085280418395996,47.955181047986,,10.03790006507188,,1,held,,0,1,,,held,0,0.051600043661892414,1,,0,9.93860000744462,1,,0,gesture,0.0076999422162771225,1
1790161572.6166043,,0.06065082550048828,16.487821752598393,,60.587899992242455,,1,iou,0.16160006634891033,1,1,,,ok,0,0.07099995855242014,1,5.883899983018637,1,9.84519999474287,1,44.611799996346235,1,gesture,0.009499955922365189,1
1790161572.657105,,0.040500640869140625,24.690967316567768,,9.91779996547848,,1,held,,0,1,,,held,0,0.12059998698532581,1,,0,9.727799915708601,1,,0,gesture,0.014999997802078724,1
1790161572.7177582,,0.0606532096862793,16.48717364130221,,56.83790007606149,,1,iou,0.15629990957677364,1,1,,,ok,0,0.047900015488266945,1,,0,10.301600093953311,1,46.31250002421439,1,gesture,0.00870006624609232,1
1790161572.7561557,,0.03839755058288574,26.043327889923066,,9.7119000274688,,1,held,,0,1,,,held,0,0.09929994121193886,1,,0,9.555700002238154,1,,0,gesture,0.012899981811642647,1
1790161572.8269203,,0.07076454162597656,14.131371122072181,,61.017500003799796,,1,iou,0.26080000679939985,1,1,,,ok,0,0.05119992420077324,1,5.929799983277917,1,9.426999953575432,1,45.33670004457235,1,gesture,0.009300070814788342,1
1790161572.8572037,,0.030283451080322266,33.02133555873971,,9.694400010630488,,1,held,,0,1,,,held,0,0.06160000339150429,1,,0,9.572000009939075,1,,0,gesture,0.01109996810555458,1
1790161572.9198475,,0.06264376640319824,15.96328026580703,,54.44760003592819,,1,iou,0.13489997945725918,1,1,,,ok,0,0.0817000400274992,1,,0,10.072999983094633,1,44.136399985291064,1,gesture,0.0075999414548277855,1
1790161572.940341,,0.020493507385253906,48.7959421099167,,10.890300036408007,,1,held,,0,1,,,held,0,0.053299940191209316,1,,0,10.790699976496398,1,,0,gesture,0.0078000593930482864,1
1790161573.0109417,,0.07060074806213379,14.164155868715829,,65.18759997561574,,1,iou,0.13960001524537802,1,1,,,ok,0,0.047200010158121586,1,5.925300065428019,1,10.071299970149994,1,48.99249994195998,1,gesture,0.008399947546422482,1
1790161573.0412593,,0.03031754493713379,32.98420113084987,,9.918699972331524,,1,held,,0,1,,,held,0,0.05909998435527086,1,,0,9.811499970965087,1,,0,gesture,0.008199946023523808,1
1790161573.1122274,,0.0709681510925293,14.09082785172444,,58.75710002146661,,1,iou,0.1357999863103032,1,1,,,ok,0,0.10379997547715902,1,,0,9.885600069537759,1,48.60820004250854,1,gesture,0.011699972674250603,1
1790161573.1505883,,0.0383608341217041,26.06825484626811,,9.096299996599555,,1,held,,0,1,,,held,0,0.1039999770000577,1,,0,8.936000056564808,1,,0,gesture,0.01209997572004795,1
1790161573.213704,,0.06311583518981934,15.843884454551292,,57.763799908570945,,1,iou,0.134600093588233,1,1,,,ok,0,0.041599967516958714,1,6.75009994301945,1,9.691899991594255,1,41.13619995769113,1,gesture,0.0073999399319291115,1
1790161573.2541006,,0.04039645195007324,24.75464927553339,,10.073599987663329,,1,held,,0,1,,,held,0,0.06369990296661854,1,,0,9.960300056263804,1,,0,gesture,0.009400071576237679,1
1790161573.3148305,,0.06072998046875,16.46633165829146,,51.59960000310093,,1,iou,0.22249994799494743,1,1,,,ok,0,0.07990002632141113,1,,0,8.352200035005808,1,42.91800002101809,1,gesture,0.011999974958598614,1
1790161573.345134,,0.030303478240966797,32.99951220279775,,10.514199966564775,,1,held,,0,1,,,held,0,0.06230000872164965,1,,0,10.399300022982061,1,,0,gesture,0.00909995287656784,1
1790161573.4344318,,0.08929777145385742,11.198487753042382,,71.89320004545152,,1,iou,0.19320007413625717,1,1,,,ok,0,0.0610999995842576,1,7.021700032055378,1,9.881699923425913,1,54.72130002453923,1,gesture,0.01179997343569994,1
1790161573.4522955,,0.017863750457763672,55.97928622907936,,9.473699959926307,,1,held,,0,1,,,held,0,0.05479995161294937,1,,0,9.363899938762188,1,,0,gesture,0.008500064723193645,1
1790161573.5170445,,0.06474900245666504,15.444253379336248,,56.96660000830889,,1,iou,0.12829992920160294,1,1,,,ok,0,0.03969995304942131,1,,0,9.15779999922961,1,47.62369999662042,1,gesture,0.007300055585801601,1
1790161573.5348678,,0.017823219299316406,56.10658676226657,,10.294799925759435,,1,held,,0,1,,,held,0,0.05880009848624468,1,,0,10.1873999228701,1,,0,gesture,0.008899951353669167,1
1790161573.619013,,0.08414530754089355,11.884203994548509,,61.43719993997365,,1,iou,0.14610006473958492,1,1,,,ok,0,0.045900000259280205,1,5.257799988612533,1,9.327500010840595,1,46.6491999104619,1,gesture,0.008499948307871819,1
1790161573.6529803,,0.03396725654602051,29.44011679733837,,9.761100052855909,,1,held,,0,1,,,held,0,0.058399979025125504,1,,0,9.656600072048604,1,,0,gesture,0.008400063961744308,1
1790161573.7135634,,0.06058311462402344,16.506249409690522,,54.266000050120056,,1,iou,0.15169999096542597,1,1,,,ok,0,0.04680000711232424,1,,0,10.30610001180321,1,43.73949998989701,1,gesture,0.008500064723193645,1
1790161573.7353706,,0.021807193756103516,45.85642752498196,,8.881699992343783,,1,held,,0,1,,,held,0,0.05279993638396263,1,,0,8.782399934716523,1,,0,gesture,0.008200062438845634,1
1790161573.8014781,,0.06610751152038574,15.126874042016048,,61.50279997382313,,1,iou,0.26290002278983593,1,1,,,ok,0,0.05929998587816954,1,6.25380000565201,1,9.828399983234704,1,45.085799996741116,1,gesture,0.0097999582067132,1
1790161573.835393,,0.033914804458618164,29.4856484052612,,9.397800080478191,,1,held,,0,1,,,held,0,0.053900061175227165,1,,0,9.29269997868687,1,,0,gesture,0.008299946784973145,1
1790161573.9666312,,0.13123822212219238,7.6197313848775465,,119.66970004141331,0.178,1,pose,64.06469992361963,1,1,64.05530008487403,1,ok,8,0.05989999044686556,1,,0,10.416400036774576,1,45.10650003794581,1,gesture,0.012100092135369778,1
1790161573.9869852,,0.020354032516479492,49.13031357252463,,10.295400046743453,,1,held,,0,1,,,held,0,0.06400002166628838,1,,0,10.179299977608025,1,,0,gesture,0.009299954399466515,1
1790161574.0504844,,0.06349921226501465,15.748226857153584,,60.031200060620904,,1,iou,0.23359991610050201,1,1,,,ok,0,0.04169996827840805,1,5.830800044350326,1,8.48660001065582,1,45.428200042806566,1,gesture,0.008100061677396297,1
1790161574.0839424,,0.03345799446105957,29.888223012406204,,9.675599983893335,,1,held,,0,1,,,held,0,0.05409994628280401,1,,0,9.57110000308603,1,,0,gesture,0.008100061677396297,1
1790161574.18704,,0.10309767723083496,9.699539571206897,,59.1634000884369,,1,iou,0.2373000606894493,1,1,,,ok,0,0.06260001100599766,1,,0,9.898299933411181,1,48.93300007097423,1,gesture,0.01409999094903469,1
1790161574.2048655,,0.01782536506652832,56.099832809469675,,11.244600056670606,,1,held,,0,1,,,held,0,0.05909998435527086,1,,0,11.128899990580976,1,,0,gesture,0.008800067007541656,1
1790161574.282608,,0.0777425765991211,12.862964462272599,,61.93199998233467,,1,iou,0.1577000366523862,1,1,,,ok,0,0.04609988536685705,1,5.574399954639375,1,9.64830000884831,1,46.49460001382977,1,gesture,0.008400063961744308,1
1790161574.300458,,0.01784992218017578,56.02265320297056,,11.471000034362078,,1,held,,0,1,,,held,0,0.1066999975591898,1,,0,11.290699942037463,1,,0,gesture,0.01379998866468668,1
1790161574.3874688,,0.08701086044311523,11.492818194273188,,60.49069995060563,,1,iou,0.16759999562054873,1,1,,,ok,0,0.05009991582483053,1,,0,11.133399908430874,1,49.11839996930212,1,gesture,0.00970007386058569,1
1790161574.4053376,,0.017868757247924805,55.96360094466757,,10.82920003682375,,1,held,,0,1,,,held,0,0.06450002547353506,1,,0,10.711199953220785,1,,0,gesture,0.009199953638017178,1
1790161574.4825888,,0.07725119590759277,12.944783420520656,,70.12309995479882,,1,iou,0.24100008886307478,1,1,,,ok,0,0.07259997073560953,1,7.60370003990829,1,10.911199962720275,1,51.278999890200794,1,gesture,0.011699972674250603,1
1790161574.5007365,,0.018147706985473633,55.103380322398415,,11.653700028546154,,1,held,,0,1,,,held,0,0.09119999594986439,1,,0,11.495500104501843,1,,0,gesture,0.01209997572004795,1
1790161574.5669568,,0.06622028350830078,15.101113239339258,,56.49480002466589,,1,iou,0.17310003750026226,1,1,,,ok,0,0.051200040616095066,1,,0,10.423899977467954,1,45.82360002677888,1,gesture,0.009299954399466515,1
1790161574.5892148,,0.02225804328918457,44.927579078162324,,10.65860001835972,,1,held,,0,1,,,held,0,0.06360001862049103,1,,0,10.5414999416098,1,,0,gesture,0.009699957445263863,1
1790161574.6680367,,0.07882189750671387,12.686829823080854,,65.92199997976422,,1,iou,0.15400000847876072,1,1,,,ok,0,0.042500090785324574,1,6.1802000273019075,1,11.042700032703578,1,48.49249997641891,1,gesture,0.007899943739175797,1
1790161574.6884089,,0.02037215232849121,49.08661509473709,,10.715299984440207,,1,held,,0,1,,,held,0,0.08650007657706738,1,,0,10.568899917416275,1,,0,gesture,0.010599964298307896,1
1790161574.7692213,,0.08081245422363281,12.374330288654441,,62.15200002770871,,1,iou,0.14570006169378757,1,1,,,ok,0,0.09569991379976273,1,,0,10.996400029398501,1,50.88860006071627,1,gesture,0.013899989426136017,1
1790161574.7975411,,0.028319835662841797,35.3109393679177,,9.70310007687658,,1,held,,0,1,,,held,0,0.09099999442696571,1,,0,9.551699971780181,1,,0,gesture,0.01109996810555458,1
1790161574.8703372,,0.07279610633850098,13.736998450851377,,67.3584999749437,,1,iou,0.1596000511199236,1,1,,,ok,0,0.04800001624971628,1,6.7393999779596925,1,10.513199958950281,1,49.88700000103563,1,gesture,0.008899951353669167,1
1790161574.9011688,,0.030831575393676758,32.43428164897113,,10.140600032173097,,1,held,,0,1,,,held,0,0.055999960750341415,1,,0,10.03319991286844,1,,0,gesture,0.00870006624609232,1
1790161574.972017,,0.07084822654724121,14.114679346747028,,64.81949996668845,,1,iou,0.14670006930828094,1,1,,,ok,0,0.0447999918833375,1,,0,11.201499961316586,1,53.40719991363585,1,gesture,0.007999944500625134,1
1790161575.0003846,,0.02836751937866211,35.25158427325142,,10.732099995948374,,1,held,,0,1,,,held,0,0.06049999501556158,1,,0,10.601800051517785,1,,0,gesture,0.008699949830770493,1
1790161575.0732105,,0.07282590866088867,13.731376901268277,,62.611900037154555,,1,iou,0.15820004045963287,1,1,,,ok,0,0.04979991354048252,1,7.299600052647293,1,10.61259990092367,1,44.480100041255355,1,gesture,0.009200070053339005,1
1790161575.1035717,,0.030361175537109375,32.93680110566654,,10.211699991486967,,1,held,,0,1,,,held,0,0.05959998816251755,1,,0,10.086199967190623,1,,0,gesture,0.010600080713629723,1
1790161575.1925025,,0.08893084526062012,11.244692401937787,,79.68729990534484,,0,,,0,0,,,no_hand,0,0.00500003807246685,1,,0,10.56229998357594,1,69.06739994883537,1,gesture,0.0097999582067132,1
1790161575.2248914,,0.032388925552368164,30.87475064225721,,10.820500086992979,,0,,,0,0,,,no_hand,0,0.0078000593930482864,1,,0,10.760599980130792,1,,0,gesture,0.012199976481497288,1
1790161575.2754385,,0.050547122955322266,19.78351964529975,,44.832599931396544,,0,,,0,0,,,no_hand,0,0.005199923180043697,1,7.2252999525517225,1,11.353799956850708,1,26.222500018775463,1,gesture,0.008800067007541656,1
1790161575.3059824,,0.030543804168701172,32.73986417922098,,11.30320003721863,,0,,,0,0,,,no_hand,0,0.005999929271638393,1,,0,11.251899995841086,1,,0,gesture,0.010100076906383038,1
1790161575.4472106,,0.14122819900512695,7.080738882492564,,120.694600045681,,1,pose,61.758800060488284,1,0,61.75180000718683,1,handedness=Left(1.00),8,0.004300032742321491,1,,0,11.663899989798665,1,47.24960005842149,1,gesture,0.0074999406933784485,1
1790161575.475653,,0.0284423828125,35.1587982832618,,10.015000007115304,,1,held,,0,0,,,held,0,0.005300040356814861,1,,0,9.955300018191338,1,,0,gesture,0.009199953638017178,1
1790161575.6493833,,0.17373037338256836,5.756045880347698,,162.74089994840324,,2,pose,72.07910006400198,1,0,72.07240001298487,1,handedness=Left(1.00);handedness=Left(0.95),8,0.005600042641162872,1,8.100799983367324,1,10.961299994960427,1,71.58360001631081,1,gesture,0.008999952115118504,1
1790161575.679675,,0.03029179573059082,33.01223898687949,,9.918700088746846,,2,held,,0,0,,,held,0,0.005100038833916187,1,,0,9.850600035861135,1,,0,gesture,0.008999952115118504,1
1790161575.8008046,,0.12112951278686523,8.25562637042519,,119.50469994917512,,1,pose,62.246000044979155,1,0,62.237099977210164,1,handedness=Left(0.98),8,0.0071999384090304375,1,,0,11.097399983555079,1,46.131899929605424,1,gesture,0.011399970389902592,1
1790161575.8313866,,0.030581951141357422,32.69902549310049,,10.67619991954416,,1,held,,0,0,,,held,0,0.0070999376475811005,1,,0,10.607699980027974,1,,0,gesture,0.011999974958598614,1
1790161575.9708445,,0.13945794105529785,7.170620707812401,,129.28430002648383,,1,pose,61.62629998289049,1,0,61.61819992121309,1,handedness=Left(1.00),8,0.00509992241859436,1,6.581900059245527,1,10.453499970026314,1,50.60760001651943,1,gesture,0.008600065484642982,1
1790161575.9945455,,0.023700952529907227,42.192397066663986,,19.09660000819713,,1,held,,0,0,,,held,0,7.93700001668185,1,,0,11.09869999345392,1,,0,face,0.016400008462369442,1
1790161576.1351616,,0.14061617851257324,7.1115572232009185,,125.8574000094086,,1,pose,62.57589999586344,1,0,62.56849993951619,1,handedness=Left(1.00),8,6.694999989122152,1,,0,10.186600033193827,1,46.37700004968792,1,face,0.008600065484642982,1
1790161576.153144,,0.01798224449157715,55.61041061745091,,10.394199984148145,,1,held,,0,0,,,held,0,0.5345999961718917,1,,0,9.813099983148277,1,,0,face,0.00879995059221983,1
1790161576.3075235,,0.15437960624694824,6.477539516459078,,146.64340007584542,,1,pose,69.96669992804527,1,0,69.95960010681301,1,handedness=Left(0.99),8,6.9691999815404415,1,6.808300036936998,1,10.807399987243116,1,52.08040005527437,1,face,0.008500064723193645,1
1790161576.3253736,,0.017850160598754883,56.02190492727297,,10.496399947442114,,1,held,,0,0,,,held,0,0.5816000048071146,1,,0,9.737999993376434,1,,0,face,0.009699957445263863,1
1790161576.477022,,0.15164828300476074,6.594205883416476,,141.52519998606294,,1,pose,74.61200002580881,1,0,74.60369996260852,1,handedness=Left(0.99),8,6.453100009821355,1,,0,11.023500002920628,1,49.41189999226481,1,face,0.01179997343569994,1
1790161576.5099003,,0.03287839889526367,30.41510637989297,,10.357100050896406,,1,held,,0,0,,,held,0,0.571400043554604,1,,0,9.736099978908896,1,,0,face,0.01009996049106121,1
1790161576.6424036,,0.13250327110290527,7.5469834946442615,,126.01790006738156,,1,pose,63.53709998074919,1,0,63.530299928970635,1,handedness=Left(0.99),8,6.57079997472465,1,6.502200034447014,1,10.397700010798872,1,38.99869997985661,1,face,0.008600065484642982,1
1790161576.660303,,0.017899513244628906,55.86744099312696,,10.49099990632385,,1,held,,0,0,,,held,0,0.5765000823885202,1,,0,9.862500010058284,1,,0,face,0.008999952115118504,1
1790161576.8155131,,0.15521001815795898,6.4428830810540125,,142.36389996949583,,1,pose,67.62950005941093,1,0,67.62200000230223,1,handedness=Left(0.99),8,7.549999980255961,1,,0,11.156199965626001,1,56.002600002102554,1,face,0.009999959729611874,1
1790161576.8363945,,0.02088141441345215,47.88947626822557,,11.273000040091574,,1,held,,0,0,,,held,0,0.5574000533670187,1,,0,10.666199959814548,1,,0,face,0.009199953638017178,1
1790161576.9777808,,0.1413862705230713,7.07282253291221,,135.96770004369318,,1,pose,65.02460001502186,1,0,65.0177999632433,1,handedness=Left(0.99),8,7.610299973748624,1,6.273700040765107,1,10.222599958069623,1,46.82599997613579,1,face,0.0078000593930482864,1
1790161576.998368,,0.02058720588684082,48.573857253703,,10.789299965836108,,1,held,,0,0,,,held,0,0.7499000057578087,1,,0,9.981799987144768,1,,0,face,0.0097999582067132,1
1790161577.1406076,,0.14223957061767578,7.030392426365581,,139.6760999923572,,1,pose,71.02360005956143,1,0,71.01569999940693,1,handedness=Left(0.99),8,6.265999982133508,1,,0,11.434099986217916,1,50.92619999777526,1,face,0.012699980288743973,1
1790161577.160938,,0.020330429077148438,49.187353410263626,,11.34460000321269,,1,held,,0,0,,,held,0,0.6620999192818999,1,,0,10.623799986205995,1,,0,face,0.013399985618889332,1
1790161577.321325,,0.1603870391845703,6.234917765700627,,142.77619996573776,,1,pose,73.30139994155616,1,0,73.29530001152307,1,handedness=Left(0.99),8,6.087700021453202,1,6.185200065374374,1,10.33269998151809,1,46.85829998925328,1,face,0.008300063200294971,1
1790161577.3391683,,0.017843246459960938,56.043613041154465,,9.619199903681874,,1,held,,0,0,,,held,0,0.5302000790834427,1,,0,9.042599936947227,1,,0,face,0.009499955922365189,1
1790161577.4745207,,0.13535237312316895,7.388123140552643,,120.58360001537949,,1,pose,55.53640006110072,1,0,55.52880000323057,1,handedness=Left(0.99),8,6.68960006441921,1,,0,10.933099896647036,1,47.40399995353073,1,face,0.008399947546422482,1
1790161577.4923723,,0.017851591110229492,56.017415692821366,,9.634300018660724,,1,held,,0,0,,,held,0,0.5189999938011169,1,,0,9.058900061063468,1,,0,face,0.009500072337687016,1
1790161577.6303115,,0.1379392147064209,7.249570052492485,,122.71930009592324,,1,pose,59.239799971692264,1,0,59.23389992676675,1,handedness=Left(0.99),8,6.9546999875456095,1,5.65830001141876,1,8.651199983432889,1,42.204400058835745,1,face,0.008200062438845634,1
1790161577.648138,,0.017826557159423828,56.09608131603584,,9.869400062598288,,1,held,,0,0,,,held,0,0.5452999612316489,1,,0,9.277300094254315,1,,0,face,0.009500072337687016,1
1790161577.7999792,,0.1518411636352539,6.585829402639165,,123.51059995125979,,1,pose,60.93310005962849,1,0,60.92630000784993,1,handedness=Left(0.99),8,5.987599957734346,1,,0,9.823199943639338,1,46.74499994143844,1,face,0.009699957445263863,1
1790161577.817906,,0.017926692962646484,55.782737066099216,,10.192899964749813,,1,held,,0,0,,,held,0,0.5909000756219029,1,,0,9.552199975587428,1,,0,face,0.009999959729611874,1
1790161577.9591184,,0.14121246337890625,7.081527905343346,,127.6009000139311,,1,pose,62.2511999681592,1,0,62.243100022897124,1,handedness=Left(0.99),8,6.929200026206672,1,5.680799949914217,1,9.500300046056509,1,43.2274000486359,1,face,0.008699949830770493,1
1790161577.9769902,,0.017871856689453125,55.953895410885806,,9.976300061680377,,1,held,,0,0,,,held,0,0.506300013512373,1,,0,9.42320004105568,1,,0,face,0.009699957445263863,1
1790161578.1216044,,0.14461421966552734,6.914949320425484,,135.10650000534952,,1,pose,69.98170004226267,1,0,69.97419998515397,1,handedness=Left(0.99),8,6.757099996320903,1,,0,11.502399924211204,1,46.84059997089207,1,face,0.009899958968162537,1
1790161578.1391032,,0.01749873161315918,57.14699911438109,,10.817599948495626,,1,held,,0,0,,,held,0,0.5422999383881688,1,,0,10.227899998426437,1,,0,face,0.009299954399466515,1
1790161578.2903695,,0.15126633644104004,6.610856212477756,,134.5291999168694,,1,pose,62.71760002709925,1,0,62.70929996389896,1,handedness=Left(1.00),8,6.103500025346875,1,6.743500009179115,1,9.864899911917746,1,49.08859997522086,1,face,0.008300063200294971,1
1790161578.3081784,,0.017808914184570312,56.15165470707936,,10.487399995326996,,1,held,,0,0,,,held,0,0.6454000249505043,1,,0,9.741000016219914,1,,0,face,0.010600080713629723,1
1790161578.449363,,0.14118456840515137,7.082927059920192,,125.75560004916042,,1,pose,63.47059994004667,1,0,63.46429989207536,1,handedness=Left(1.00),8,7.374299922958016,1,,0,9.07190004363656,1,45.81690009217709,1,face,0.009900075383484364,1
1790161578.477227,,0.02786397933959961,35.88862839051938,,10.998200043104589,,1,held,,0,0,,,held,0,0.5637999856844544,1,,0,10.376600082963705,1,,0,face,0.010200077667832375,1
1790161578.6347044,,0.15747737884521484,6.350118393721196,,141.05709991417825,,1,pose,65.41979999747127,1,0,65.41290006134659,1,handedness=Left(1.00),8,5.72050001937896,1,5.895800073631108,1,10.920299915596843,1,53.08729992248118,1,face,0.010800082236528397,1
1790161578.659567,,0.02486276626586914,40.220785945800806,,11.182300047948956,,1,held,,0,0,,,held,0,0.5778999766334891,1,,0,10.552800027653575,1,,0,face,0.01009996049106121,1
1790161578.801778,,0.1422109603881836,7.031806812009201,,124.5910000288859,,1,pose,61.67730002198368,1,0,61.67069997172803,1,handedness=Left(1.00),8,6.597299943678081,1,,0,9.752699988894165,1,46.53829999733716,1,face,0.014299992471933365,1
1790161578.8223941,,0.02061605453491211,48.5058864346016,,12.447900022380054,,1,held,,0,0,,,held,0,0.5950999911874533,1,,0,11.801299988292158,1,,0,face,0.009999959729611874,1
1790161578.9893098,,0.1669156551361084,5.991049786100458,,158.38689997326583,,2,pose,72.40869989618659,1,0,72.40120007190853,1,handedness=Left(1.00);handedness=Left(1.00),8,6.567499949596822,1,5.246699904091656,1,9.416500106453896,1,64.73390001337975,1,face,0.01070008147507906,1
1790161579.0181503,,0.02884054183959961,34.67341236380471,,11.060600052587688,,2,held,,0,0,,,held,0,0.6347000598907471,1,,0,10.366000002250075,1,,0,face,0.011499971151351929,1
1790161579.1687324,,0.15058207511901855,6.640896661900894,,126.4833000022918,,1,pose,63.936299993656576,1,0,63.92679992131889,1,handedness=Left(0.99),8,7.21389998216182,1,,0,10.075300000607967,1,45.23159994278103,1,face,0.014699995517730713,1
1790161579.1865726,,0.017840147018432617,56.053349726702926,,10.139099904336035,,1,held,,0,0,,,held,0,0.5108000477775931,1,,0,9.53399995341897,1,,0,face,0.009499955922365189,1
1790161579.3273957,,0.1408231258392334,7.101106398828419,,134.698300040327,,1,pose,63.28619993291795,1,0,63.27829998917878,1,handedness=Left(0.99),8,6.16500002797693,1,6.079100072383881,1,10.966000030748546,1,48.186999978497624,1,face,0.012299977242946625,1
1790161579.3453925,,0.017996788024902344,55.565470828254995,,9.519100072793663,,1,held,,0,0,,,held,0,0.532599980942905,1,,0,8.937400067225099,1,,0,face,0.009600073099136353,1
1790161579.4742374,,0.1288449764251709,7.761264953785517,,125.65550010185689,,1,pose,65.24080003146082,1,0,65.23349997587502,1,handedness=Left(0.99),8,5.920400028117001,1,,0,8.611400029622018,1,45.85610004141927,1,face,0.01179997343569994,1
1790161579.5116467,,0.037409305572509766,26.73131683938154,,9.961600066162646,,1,held,,0,0,,,held,0,0.6717999931424856,1,,0,9.236100013367832,1,,0,face,0.011299969628453255,1
1790161579.6431987,,0.13155198097229004,7.601557898323392,,127.6423999806866,,1,pose,58.1789999268949,1,0,58.171299984678626,1,handedness=Left(0.99),8,6.468100007623434,1,6.120000034570694,1,9.628599975258112,1,47.23220004234463,1,face,0.011600088328123093,1
1790161579.6851346,,0.04193592071533203,23.84590544197576,,10.221300064586103,,1,held,,0,0,,,held,0,0.5168999778106809,1,,0,9.655799949541688,1,,0,face,0.008400063961744308,1
1790161579.8276083,,0.14247369766235352,7.018839381637209,,126.83900003321469,,1,pose,63.42000002041459,1,0,63.41159995645285,1,handedness=Left(0.99),8,7.19030003529042,1,,0,10.989899979904294,1,45.217899954877794,1,face,0.009299954399466515,1
1790161579.845835,,0.01822662353515625,54.86479698618669,,9.636100032366812,,1,held,,0,0,,,held,0,0.6642999360337853,1,,0,8.924400084652007,1,,0,face,0.008900067768990993,1
1790161579.9902358,,0.14440083503723145,6.925167709329147,,132.22489994950593,,1,pose,65.09739998728037,1,0,65.09109993930906,1,handedness=Left(0.99),8,6.701999926008284,1,6.183100049383938,1,9.519899962469935,1,44.71159994136542,1,face,0.0078000593930482864,1
1790161580.012361,,0.022125244140625,45.19724137931034,,10.630699922330678,,1,held,,0,0,,,held,0,0.5168999778106809,1,,0,10.06020000204444,1,,0,face,0.009299954399466515,1
1790161580.1543689,,0.14200782775878906,7.041865337864156,,126.8057000124827,,1,pose,64.96850005351007,1,0,64.95909998193383,1,handedness=Left(0.99),8,6.595399929210544,1,,0,11.773900012485683,1,43.44200005289167,1,face,0.012699980288743973,1
1790161580.1721756,,0.0178067684173584,56.15842114424197,,10.17290004529059,,1,held,,0,0,,,held,0,0.46790007036179304,1,,0,9.65999998152256,1,,0,face,0.008699949830770493,1
1790161580.31249,,0.14031434059143066,7.126855286387402,,131.21899997349828,,1,pose,61.48149992804974,1,0,61.47469999268651,1,handedness=Left(0.99),8,6.941800005733967,1,6.939299986697733,1,10.75200003106147,1,45.09380005765706,1,face,0.007500057108700275,1
1790161580.330375,,0.01788496971130371,55.912870759181494,,9.920499986037612,,1,held,,0,0,,,held,0,0.4904000088572502,1,,0,9.386299992911518,1,,0,face,0.008999952115118504,1
1790161580.4620128,,0.1316378116607666,7.59660151884795,,123.2197000645101,,1,pose,61.55970005784184,1,0,61.552700004540384,1,handedness=Left(0.97),8,6.634699995629489,1,,0,10.051699937321246,1,44.94859999977052,1,face,0.012999982573091984,1
1790161580.4798603,,0.017847537994384766,56.03013705949932,,11.080400086939335,,1,held,,0,0,,,held,0,0.5988000193610787,1,,0,10.431900038383901,1,,0,face,0.010499963536858559,1
1790161580.6285746,,0.14871430397033691,6.724302728804511,,132.3514999821782,,1,pose,66.5289000608027,1,0,66.521400003694,1,handedness=Left(0.98),8,6.952599971555173,1,5.540799931623042,1,10.248100035823882,1,43.068200000561774,1,face,0.009599956683814526,1
1790161580.6463518,,0.017777204513549805,56.251813902337624,,10.029900004155934,,1,held,,0,0,,,held,0,0.5226000212132931,1,,0,9.462199988774955,1,,0,face,0.009499955922365189,1
1790161580.7755175,,0.1291656494140625,7.741996455995275,,125.7309999782592,,1,pose,63.26279998756945,1,0,63.256299938075244,1,handedness=Left(0.98),8,6.1873000813648105,1,,0,10.14899997971952,1,46.111300005577505,1,face,0.008999952115118504,1
1790161580.8129573,,0.037439823150634766,26.70952787294471,,9.942200034856796,,1,held,,0,0,,,held,0,0.6528000812977552,1,,0,9.238300030119717,1,,0,face,0.011999974958598614,1
1790161580.9600153,,0.14705801010131836,6.800037613123089,,131.1617000028491,,1,pose,64.27079997956753,1,0,64.26390004344285,1,handedness=Left(0.99),8,6.873500067740679,1,6.617399980314076,1,8.955600089393556,1,44.43230002652854,1,face,0.008899951353669167,1
1790161580.9779606,,0.017945289611816406,55.72492958494978,,10.292500024661422,,1,held,,0,0,,,held,0,0.5884000565856695,1,,0,9.653499932028353,1,,0,face,0.01009996049106121,1
1790161581.11337,,0.13540935516357422,7.3850141210110785,,126.66399998124689,,1,pose,61.950900009833276,1,0,61.94430007599294,1,handedness=Left(0.99),8,6.548000033944845,1,,0,9.822500054724514,1,48.32160007208586,1,face,0.00879995059221983,1
1790161581.1401083,,0.026738405227661133,37.39938831376116,,11.128599988296628,,1,held,,0,0,,,held,0,0.6798000540584326,1,,0,10.385500034317374,1,,0,face,0.013499986380338669,1
1790161581.2763438,,0.13623547554016113,7.340232021322581,,126.58669997472316,,1,pose,63.494699890725315,1,0,63.48700006492436,1,handedness=Left(0.99),8,6.852499907836318,1,5.77519997023046,1,9.324400103650987,1,41.10879998188466,1,face,0.012300093658268452,1
1790161581.2942436,,0.017899751663208008,55.86669685789256,,9.551400085911155,,1,held,,0,0,,,held,0,0.4518000641837716,1,,0,9.056600043550134,1,,0,face,0.008599949069321156,1
1790161581.430075,,0.13583135604858398,7.362070357615522,,123.01539990585297,,1,pose,62.48790002427995,1,0,62.48199997935444,1,handedness=Left(0.99),8,6.668600020930171,1,,0,9.332999936304986,1,44.50609988998622,1,face,0.007200054824352264,1
1790161581.4479132,,0.017838239669799805,56.059343214958766,,11.374499998055398,,1,held,,0,0,,,held,0,0.7310999790206552,1,,0,10.580600006505847,1,,0,face,0.014899997040629387,1
1790161581.595172,,0.14725875854492188,6.790767556925627,,127.94069992378354,,1,pose,58.598299976438284,1,0,58.589199907146394,1,handedness=Left(0.99),8,7.3515999829396605,1,5.768600036390126,1,10.349599993787706,1,45.85719993337989,1,face,0.012699980288743973,1
1790161581.614644,,0.019472122192382812,51.355470663140366,,10.574899963103235,,1,held,,0,0,,,held,0,0.493900035507977,1,,0,10.035600047558546,1,,0,face,0.008999952115118504,1
1790161581.755921,,0.14127683639526367,7.0783011958323065,,125.33279997296631,,1,pose,63.474099966697395,1,0,63.467000029049814,1,handedness=Left(0.99),8,6.734799942933023,1,,0,10.509699932299554,1,44.59349997341633,1,face,0.008400063961744308,1
1790161581.7742002,,0.018279314041137695,54.70664805853735,,10.2453000145033,,1,held,,0,0,,,held,0,0.4792000399902463,1,,0,9.722399991005659,1,,0,face,0.008199946023523808,1
1790161581.9211287,,0.1469285488128662,6.806029244007834,,132.25179992150515,,1,pose,64.3992000259459,1,0,64.3926999764517,1,handedness=Left(0.98),8,6.161299999803305,1,6.6494999919086695,1,9.664800018072128,1,45.36479990929365,1,face,0.008999952115118504,1
1790161581.9390357,,0.017906904220581055,55.84438201499194,,9.716700064018369,,1,held,,0,0,,,held,0,0.5525000160560012,1,,0,9.117100038565695,1,,0,face,0.008999952115118504,1
1790161582.090093,,0.15105724334716797,6.620006944663658,,134.29550000000745,,1,pose,59.57109993323684,1,0,59.562799986451864,1,handedness=Left(0.94),8,6.699099903926253,1,,0,10.10760001372546,1,57.892999961040914,1,face,0.013200100511312485,1
1790161582.10792,,0.01782703399658203,56.09458085914513,,10.142400045879185,,1,held,,0,0,,,held,0,0.5303999641910195,1,,0,9.551099967211485,1,,0,face,0.023900065571069717,1
1790161582.1901543,,0.08223438262939453,12.160363682751742,,68.9261999214068,,0,,,0,0,,,no_hand,0,7.116400054655969,1,6.444400059990585,1,10.440199985168874,1,44.893299927935004,1,face,0.011999974958598614,1
1790161582.2170148,,0.026860475540161133,37.22942278161919,,10.227999999187887,,0,,,0,0,,,no_hand,0,0.462499912828207,1,,0,9.70449997112155,1,,0,face,0.008500064723193645,1
1790161582.2746267,,0.057611942291259766,17.357512352984994,,41.61489999387413,,0,,,0,0,,,no_hand,0,6.51920004747808,1,,0,10.032900026999414,1,25.02749999985099,1,face,0.010199961252510548,1
1790161582.2925673,,0.017940521240234375,55.73974059111205,,10.111500043421984,,0,,,0,0,,,no_hand,0,0.49000000581145287,1,,0,9.580299956724048,1,,0,face,0.007500057108700275,1
1790161582.341633,,0.04906582832336426,20.38078300461134,,46.372100012376904,,0,,,0,0,,,no_hand,0,7.092899992130697,1,5.4911000188440084,1,9.115700027905405,1,24.63449991773814,1,face,0.013699987903237343,1
1790161582.3750925,,0.03345942497253418,29.88694518273609,,10.70009998511523,,0,,,0,0,,,no_hand,0,0.5865000421181321,1,,0,10.070799966342747,1,,0,face,0.00909995287656784,1
1790161582.4330137,,0.05792117118835449,17.264844261316625,,44.350000098347664,,0,,,0,0,,,no_hand,0,6.793000036850572,1,,0,10.583800030872226,1,26.934800087474287,1,face,0.010499963536858559,1
1790161582.4508612,,0.017847537994384766,56.03013705949932,,10.383900022134185,,0,,,0,0,,,no_hand,0,0.497399945743382,1,,0,9.833100019022822,1,,0,face,0.008300063200294971,1
1790161582.506508,,0.05564689636230469,17.97045415595544,,49.72869995981455,,0,,,0,0,,,no_hand,0,7.640000083483756,1,6.357099977321923,1,10.69130003452301,1,25.00220004003495,1,face,0.013999990187585354,1
1790161582.5243654,,0.01785731315612793,55.99946594747593,,11.080600088462234,,0,,,0,0,,,no_hand,0,0.9112999541684985,1,,0,10.103899985551834,1,,0,face,0.0171000137925148,1
1790161582.5856028,,0.061237335205078125,16.329907182458108,,42.92139993049204,,0,,,0,0,,,no_hand,0,7.450900040566921,1,,0,10.296599939465523,1,25.12949996162206,1,face,0.013599987141788006,1
1790161582.6057506,,0.02014780044555664,49.63320947625021,,9.416399989277124,,0,,,0,0,,,no_hand,0,0.5605000769719481,1,,0,8.815400069579482,1,,0,face,0.008199946023523808,1
1790161582.6664517,,0.06070113182067871,16.474157400461117,,48.15049993339926,,0,,,0,0,,,no_hand,0,6.4449000637978315,1,6.119900033809245,1,9.869499946944416,1,25.67759994417429,1,face,0.013899989426136017,1
1790161582.6887336,,0.022281885147094727,44.879506083011435,,10.148499975912273,,0,,,0,0,,,no_hand,0,0.5336999893188477,1,,0,9.57130000460893,1,,0,face,0.00870006624609232,1
1790161582.7388654,,0.050131797790527344,19.947419483706508,,38.567000068724155,,0,,,0,0,,,no_hand,0,7.626699982210994,1,,0,10.454299976117909,1,20.442200009711087,1,face,0.010300078429281712,1
1790161582.777535,,0.038669586181640625,25.8601164052481,,9.654499939642847,,0,,,0,0,,,no_hand,0,0.5218000151216984,1,,0,9.08959994558245,1,,0,face,0.009100069291889668,1
1790161582.8298252,,0.05229020118713379,19.124041929409405,,42.07450000103563,,0,,,0,0,,,no_hand,0,6.80779991671443,1,5.4784000385552645,1,9.185199975036085,1,20.57779999449849,1,face,0.008600065484642982,1
1790161582.8601236,,0.030298471450805664,33.004965337068484,,10.469900094904006,,0,,,0,0,,,no_hand,0,0.7576000643894076,1,,0,9.655400062911212,1,,0,face,0.01659989356994629,1
1790161582.911182,,0.051058292388916016,19.585457194355463,,43.752299970947206,,0,,,0,0,,,no_hand,0,7.649400038644671,1,,0,10.414100019261241,1,25.641499902121723,1,face,0.014899997040629387,1
1790161582.9414876,,0.03030562400817871,32.9971756968319,,10.38320001680404,,0,,,0,0,,,no_hand,0,0.6021000444889069,1,,0,9.737599990330637,1,,0,face,0.009899958968162537,1
1790161583.0000312,,0.05854368209838867,17.08126247200163,,49.7909999685362,,0,,,0,0,,,no_hand,0,7.001199992373586,1,6.968099973164499,1,10.456099989823997,1,25.33720002975315,1,face,0.009699957445263863,1
1790161583.0223603,,0.022329092025756836,44.78462441941167,,10.685499990358949,,0,,,0,0,,,no_hand,0,0.6414999952539802,1,,0,9.997999994084239,1,,0,face,0.009100069291889668,1
1790161583.0729752,,0.05061483383178711,19.757053896954226,,40.50240002106875,,0,,,0,0,,,no_hand,0,7.142999907955527,1,,0,9.097500005736947,1,24.22880008816719,1,face,0.008900067768990993,1
1790161583.1033041,,0.030328989028930664,32.97175514311094,,10.254599968902767,,0,,,0,0,,,no_hand,0,0.673700007610023,1,,0,9.522000094875693,1,,0,face,0.01409999094903469,1
1790161583.161888,,0.058583736419677734,17.069583831872308,,49.89620007108897,,0,,,0,0,,,no_hand,0,7.117900066077709,1,6.616500089876354,1,9.550499962642789,1,26.584999985061586,1,face,0.009199953638017178,1
1790161583.1842923,,0.02240443229675293,44.634025390812056,,10.407099965959787,,0,,,0,0,,,no_hand,0,0.6175999296829104,1,,0,9.742000023834407,1,,0,face,0.00870006624609232,1
1790161583.234846,,0.05055379867553711,19.780907195879983,,43.63369999919087,,0,,,0,0,,,no_hand,0,7.046400103718042,1,,0,9.760999935679138,1,26.78580000065267,1,face,0.009699957445263863,1
1790161583.265167,,0.03032088279724121,32.9805700805976,,9.921399992890656,,0,,,0,0,,,no_hand,0,0.5382999079301953,1,,0,9.340999997220933,1,,0,face,0.009500072337687016,1
1790161583.3263378,,0.06117081642150879,16.34766476074662,,46.170399989932775,,0,,,0,0,,,no_hand,0,7.215699995867908,1,6.410600035451353,1,10.386700043454766,1,22.12929993402213,1,face,0.009999959729611874,1
1790161583.3546891,,0.028351306915283203,35.271742603898616,,9.27939999382943,,0,,,0,0,,,no_hand,0,0.5064998986199498,1,,0,8.644500048831105,1,,0,face,0.008600065484642982,1
1790161583.3971899,,0.04250073432922363,23.529005222679107,,37.81309991609305,,0,,,0,0,,,no_hand,0,6.778300041332841,1,,0,9.012000053189695,1,21.9897999195382,1,face,0.008999952115118504,1
1790161583.4276025,,0.030412673950195312,32.88102853559109,,11.636300012469292,,0,,,0,0,,,no_hand,0,0.47339999582618475,1,,0,11.025800020433962,1,,0,face,0.012299977242946625,1
1790161583.4882653,,0.06066274642944336,16.48458170556285,,50.23400008212775,,0,,,0,0,,,no_hand,0,6.624800036661327,1,6.926000001840293,1,11.102200020104647,1,25.555800064466894,1,face,0.008299946784973145,1
1790161583.5085397,,0.02027440071105957,49.323282806307844,,9.942800039425492,,0,,,0,0,,,no_hand,0,0.4969000583514571,1,,0,9.402399999089539,1,,0,face,0.008999952115118504,1
1790161583.5570738,,0.04853415489196777,20.604046824878296,,39.24900002311915,,0,,,0,0,,,no_hand,0,7.367499987594783,1,,0,9.473699959926307,1,22.36499998252839,1,face,0.01309998333454132,1
1790161583.587374,,0.030300140380859375,33.00314742540602,,10.216200025752187,,0,,,0,0,,,no_hand,0,0.5708999233320355,1,,0,9.602699894458055,1,,0,face,0.009800074622035027,1
1790161583.650215,,0.06284093856811523,15.913193258819156,,55.652800016105175,,0,,,0,0,,,no_hand,0,13.12399993184954,1,6.431700079701841,1,10.359799955040216,1,25.712799979373813,1,face,0.008200062438845634,1
1790161583.6684644,,0.01824951171875,54.79598662207358,,9.818799910135567,,0,,,0,0,,,no_hand,0,0.46850007493048906,1,,0,9.309199987910688,1,,0,face,0.00909995287656784,1
1790161583.7212198,,0.05275535583496094,18.9554213818287,,43.371800100430846,,0,,,0,0,,,no_hand,0,7.321299985051155,1,,0,10.041499976068735,1,25.975900003686547,1,face,0.008900067768990993,1
1790161583.7515333,,0.030313491821289062,32.98861133832505,,10.262200026772916,,0,,,0,0,,,no_hand,0,0.547099974937737,1,,0,9.672199958004057,1,,0,face,0.009400071576237679,1
1790161583.8121963,,0.06066298484802246,16.4845169176109,,51.3049999717623,,0,,,0,0,,,no_hand,0,6.715399911627173,1,7.050600019283593,1,10.238799965009093,1,27.27660001255572,1,face,0.0078000593930482864,1
1790161583.8323822,,0.02018594741821289,49.53941369617083,,11.281999992206693,,0,,,0,0,,,no_hand,0,0.5646999925374985,1,,0,10.675200028344989,1,,0,face,0.010199961252510548,1
1790161583.8829749,,0.050592660903930664,19.765712696924144,,42.19910001847893,,0,,,0,0,,,no_hand,0,7.887100102379918,1,,0,9.993800078518689,1,24.273800081573427,1,face,0.014199991710484028,1
1790161583.913503,,0.03052806854248047,32.756739870669456,,10.300899972207844,,0,,,0,0,,,no_hand,0,0.7243000436574221,1,,0,9.508200106211007,1,,0,face,0.012699980288743973,1
1790161583.9743047,,0.06080174446105957,16.446896530089678,,50.44889997225255,,0,,,0,0,,,no_hand,0,6.442999932914972,1,7.02869996894151,1,9.728500037454069,1,27.223199955187738,1,face,0.008500064723193645,1
1790161583.9946587,,0.020354032516479492,49.13031357252463,,11.065299971960485,,0,,,0,0,,,no_hand,0,0.5885999416932464,1,,0,10.334799997508526,1,,0,face,0.00970007386058569,1
1790161584.0450983,,0.05043959617614746,19.82569401443569,,40.82509991712868,,0,,,0,0,,,no_hand,0,7.464300026185811,1,,0,9.336199960671365,1,23.979199933819473,1,face,0.014199991710484028,1
1790161584.0753896,,0.030291318893432617,33.012758655972796,,10.115499957464635,,0,,,0,0,,,no_hand,0,0.5021999822929502,1,,0,9.572900016792119,1,,0,face,0.008499948307871819,1
1790161584.1264882,,0.05109858512878418,19.570013484320395,,44.90410001017153,,0,,,0,0,,,no_hand,0,7.0195000153034925,1,5.979199893772602,1,8.916900027543306,1,22.96470000874251,1,face,0.008100061677396297,1
1790161584.1548517,,0.028363466262817383,35.256621695456644,,11.333899921737611,,0,,,0,0,,,no_hand,0,0.656300107948482,1,,0,10.613200021907687,1,,0,face,0.012999982573091984,1
1790161584.2075388,,0.05268716812133789,18.979953481216004,,41.98689991608262,,0,,,0,0,,,no_hand,0,6.870700046420097,1,,0,9.590499917976558,1,25.49379994161427,1,face,0.008999952115118504,1
1790161584.2358084,,0.028269529342651367,35.37377604979295,,9.922900004312396,,0,,,0,0,,,no_hand,0,0.5469999741762877,1,,0,9.331299923360348,1,,0,face,0.009400071576237679,1
1790161584.2984247,,0.06261634826660156,15.970270187943587,,50.08720001205802,,0,,,0,0,,,no_hand,0,6.420399993658066,1,6.035699974745512,1,10.232900036498904,1,27.36950002145022,1,face,0.01009996049106121,1
1790161584.3187153,,0.020290613174438477,49.283872862934025,,10.281500057317317,,0,,,0,0,,,no_hand,0,0.5548000335693359,1,,0,9.685900062322617,1,,0,face,0.009499955922365189,1
1790161584.3692613,,0.05054593086242676,19.783986226739934,,43.41240006033331,,0,,,0,0,,,no_hand,0,7.304999977350235,1,,0,10.21119998767972,1,25.859700050204992,1,face,0.01079996582120657,1
1790161584.399552,,0.030290842056274414,33.01327834142732,,10.004900046624243,,0,,,0,0,,,no_hand,0,0.775999971665442,1,,0,9.18289995752275,1,,0,face,0.009900075383484364,1
1790161584.4602027,,0.06065058708190918,16.487886566530523,,46.868199948221445,,0,,,0,0,,,no_hand,0,6.558399996720254,1,6.053699995391071,1,9.754500002600253,1,24.47439997922629,1,face,0.008800067007541656,1
1790161584.4905565,,0.030353784561157227,32.9448210316307,,11.044600047171116,,0,,,0,0,,,no_hand,0,0.522000016644597,1,,0,10.476300027221441,1,,0,face,0.009999959729611874,1
1790161584.5411203,,0.050563812255859375,19.77698981516409,,43.33000001497567,,0,,,0,0,,,no_hand,0,7.512099924497306,1,,0,10.090099996887147,1,25.693700066767633,1,face,0.009100069291889668,1
1790161584.5715387,,0.03041839599609375,32.874843240531725,,9.779599960893393,,0,,,0,0,,,no_hand,0,0.5015999777242541,1,,0,9.223899920471013,1,,0,face,0.014499993994832039,1
1790161584.6301477,,0.0586090087890625,17.0622233793283,,48.81270008627325,,0,,,0,0,,,no_hand,0,6.399999954737723,1,6.243099924176931,1,10.374600067734718,1,25.757200084626675,1,face,0.013200100511312485,1
1790161584.6524653,,0.02231764793395996,44.807589176023164,,10.149499983526766,,0,,,0,0,,,no_hand,0,0.5344999954104424,1,,0,9.567099972628057,1,,0,face,0.009300070814788342,1
1790161584.7030237,,0.05055832862854004,19.779134855251183,,42.88620001170784,,0,,,0,0,,,no_hand,0,7.240999955683947,1,,0,10.72679995559156,1,24.88489996176213,1,face,0.009500072337687016,1
1790161584.7333457,,0.03032207489013672,32.97927347067149,,10.635900078341365,,0,,,0,0,,,no_hand,0,0.5806999979540706,1,,0,10.012199985794723,1,,0,face,0.010399962775409222,1
1790161584.7919703,,0.0586245059967041,17.05771303311657,,49.564699991606176,,0,,,0,0,,,no_hand,0,6.785299978218973,1,6.212100037373602,1,9.896699921227992,1,26.644299970939755,1,face,0.008100061677396297,1
1790161584.814318,,0.022347688674926758,44.74735685404286,,10.327900061383843,,0,,,0,0,,,no_hand,0,0.519900000654161,1,,0,9.75179998204112,1,,0,face,0.00900006853044033,1
1790161584.8646193,,0.050301313400268555,19.88019660724527,,40.78720009420067,,0,,,0,0,,,no_hand,0,7.2966000298038125,1,,0,10.013499995693564,1,23.441300028935075,1,face,0.010299962013959885,1
1790161584.8948708,,0.030251502990722656,33.05620882065509,,10.00550005119294,,0,,,0,0,,,no_hand,0,0.5504000000655651,1,,0,9.413900086656213,1,,0,face,0.008599949069321156,1
1790161584.9641519,,0.06928110122680664,14.43395070650341,,49.29650004487485,,0,,,0,0,,,no_hand,0,7.012099958956242,1,6.519300048239529,1,9.58139996509999,1,26.15779999177903,1,face,0.008900067768990993,1
1790161584.986528,,0.022376060485839844,44.690619272897756,,10.29890007339418,,0,,,0,0,,,no_hand,0,0.6623000372201204,1,,0,9.572100010700524,1,,0,face,0.011899974197149277,1
1790161585.037332,,0.05080413818359375,19.683435951344045,,44.149499968625605,,0,,,0,0,,,no_hand,0,7.167599978856742,1,,0,10.514199966564775,1,26.432999991811812,1,face,0.008900067768990993,1
1790161585.0677454,,0.030413389205932617,32.880255246427254,,10.027599986642599,,0,,,0,0,,,no_hand,0,0.5572999361902475,1,,0,9.430099977180362,1,,0,face,0.009500072337687016,1
1790161585.1262739,,0.05852842330932617,17.085715682360703,,49.204599927179515,,0,,,0,0,,,no_hand,0,6.674999953247607,1,6.8610000889748335,1,10.499699972569942,1,25.13839991297573,1,face,0.01009996049106121,1
1790161585.1483877,,0.022113800048828125,45.22063136104882,,10.93129999935627,,0,,,0,0,,,no_hand,0,0.6232000887393951,1,,0,10.256799985654652,1,,0,face,0.012399978004395962,1
1790161585.1989446,,0.05055689811706543,19.779694507453396,,42.693100054748356,,0,,,0,0,,,no_hand,0,6.872900063171983,1,,0,10.193599970079958,1,25.59350000228733,1,face,0.008699949830770493,1
1790161585.2272286,,0.028284072875976562,35.355587025423155,,9.520899970084429,,0,,,0,0,,,no_hand,0,0.46479993034154177,1,,0,9.013099945150316,1,,0,face,0.00870006624609232,1
1790161585.2883294,,0.06110072135925293,16.366418885962347,,48.58589998912066,,0,,,0,0,,,no_hand,0,6.9729998940601945,1,6.140699959360063,1,10.634399950504303,1,24.802800035104156,1,face,0.012200092896819115,1
1790161585.3106482,,0.02231884002685547,44.80519591505362,,10.320200002752244,,0,,,0,0,,,no_hand,0,0.5420999368652701,1,,0,9.733099956065416,1,,0,face,0.009200070053339005,1
1790161585.3616052,,0.05095696449279785,19.624402865310746,,41.75179998856038,,0,,,0,0,,,no_hand,0,7.310499902814627,1,,0,9.903799975290895,1,24.502400076016784,1,face,0.00870006624609232,1
1790161585.3819041,,0.02029895782470703,49.263612872915196,,10.067200055345893,,0,,,0,0,,,no_hand,0,0.4735999973490834,1,,0,9.468600037507713,1,,0,face,0.00879995059221983,1
1790161585.4426122,,0.060708045959472656,16.472281131690153,,48.112899996340275,,0,,,0,0,,,no_hand,0,6.601499975658953,1,6.004099966958165,1,9.926200029440224,1,25.543499970808625,1,face,0.01409999094903469,1
1790161585.472947,,0.0303347110748291,32.965535670777236,,10.028499993495643,,0,,,0,0,,,no_hand,0,0.5858000367879868,1,,0,9.383199969306588,1,,0,face,0.024999957531690598,1
1790161585.5240808,,0.05113387107849121,19.556508805386276,,38.949200068600476,,0,,,0,0,,,no_hand,0,7.249300018884242,1,,0,10.111499927006662,1,21.54270000755787,1,face,0.014699995517730713,1
1790161585.5644763,,0.040395498275756836,24.75523369395211,,10.645800037309527,,0,,,0,0,,,no_hand,0,0.6215999601408839,1,,0,9.980899980291724,1,,0,face,0.009999959729611874,1
1790161585.6154878,,0.05101156234741211,19.603398797894915,,48.07080002501607,,0,,,0,0,,,no_hand,0,7.40789994597435,1,6.396800046786666,1,10.065099922940135,1,24.171500001102686,1,face,0.010400079190731049,1
1790161585.6358192,,0.020331382751464844,49.18504620291758,,10.12819993775338,,0,,,0,0,,,no_hand,0,0.48970000352710485,1,,0,9.595300070941448,1,,0,face,0.008599949069321156,1
1790161585.6899517,,0.05413246154785156,18.473203904020295,,45.688900048844516,,0,,,0,0,,,no_hand,0,7.180599961429834,1,,0,11.046000057831407,1,27.426700107753277,1,face,0.010199961252510548,1
1790161585.7168212,,0.026869535446166992,37.216869714904306,,10.771299945190549,,0,,,0,0,,,no_hand,0,0.6145000224933028,1,,0,10.11469995137304,1,,0,face,0.009600073099136353,1
1790161585.7675097,,0.05068850517272949,19.728338734636857,,45.21230002865195,,0,,,0,0,,,no_hand,0,6.945200031623244,1,5.960599984973669,1,9.150200057774782,1,23.118200013414025,1,face,0.01179997343569994,1
1790161585.7978776,,0.03036785125732422,32.92956065697327,,10.627900017425418,,0,,,0,0,,,no_hand,0,0.5231999093666673,1,,0,10.054599959403276,1,,0,face,0.00970007386058569,1
1790161585.848772,,0.05089449882507324,19.648488993614937,,44.9324999935925,,0,,,0,0,,,no_hand,0,7.6781000243499875,1,,0,10.738200042396784,1,26.47660009097308,1,face,0.010699965059757233,1
1790161585.8770556,,0.02828359603881836,35.3561830902807,,9.46750002913177,,0,,,0,0,,,no_hand,0,0.5514000076800585,1,,0,8.869300014339387,1,,0,face,0.011100084520876408,1
1790161585.9301393,,0.05308365821838379,18.83818925753091,,47.543799970299006,,0,,,0,0,,,no_hand,0,6.701299920678139,1,6.204299977980554,1,9.472999954596162,1,25.139000033959746,1,face,0.009100069291889668,1
1790161585.9605222,,0.030382871627807617,32.91328128065288,,9.897899930365384,,0,,,0,0,,,no_hand,0,0.5135999526828527,1,,0,9.329099906608462,1,,0,face,0.00870006624609232,1
1790161586.009142,,0.048619747161865234,20.567774584898444,,39.45169993676245,,0,,,0,0,,,no_hand,0,6.612100056372583,1,,0,9.59060003515333,1,23.209000006318092,1,face,0.012699980288743973,1
1790161586.0395055,,0.03036355972290039,32.93421486565008,,9.780899970792234,,0,,,0,0,,,no_hand,0,0.5278999451547861,1,,0,9.212200064212084,1,,0,face,0.00909995287656784,1
1790161586.1024065,,0.06290102005004883,15.89799337442102,,50.25309999473393,,0,,,0,0,,,no_hand,0,6.960400030948222,1,6.89990003593266,1,10.716999997384846,1,25.638499995693564,1,face,0.012999982573091984,1
1790161586.1225877,,0.02018117904663086,49.551118777024314,,10.534900007769465,,0,,,0,0,,,no_hand,0,0.5617999704554677,1,,0,9.924800018779933,1,,0,face,0.009899958968162537,1
1790161586.1734233,,0.050835609436035156,19.671250351749368,,42.943399981595576,,0,,,0,0,,,no_hand,0,7.355700014159083,1,,0,9.875799994915724,1,25.676899938844144,1,face,0.009299954399466515,1
1790161586.2039123,,0.030488967895507812,32.798748827025335,,10.096600046381354,,0,,,0,0,,,no_hand,0,0.5480999825522304,1,,0,9.502100059762597,1,,0,face,0.009399955160915852,1
1790161586.2549415,,0.051029205322265625,19.596621066008822,,47.631500056013465,,0,,,0,0,,,no_hand,0,7.29390000924468,1,5.999700049869716,1,9.891599998809397,1,24.401600006967783,1,face,0.01009996049106121,1
1790161586.285287,,0.030345439910888672,32.95388048209431,,11.501200031489134,,0,,,0,0,,,no_hand,0,0.663899932987988,1,,0,10.736100026406348,1,,0,face,0.061400001868605614,1
1790161586.3338022,,0.04851531982421875,20.61204591916968,,38.710799999535084,,0,,,0,0,,,no_hand,0,6.438600015826523,1,,0,8.985199965536594,1,23.241500020958483,1,face,0.013699987903237343,1
1790161586.3640866,,0.030284404754638672,33.020295696808425,,9.61249996908009,,0,,,0,0,,,no_hand,0,0.4789000377058983,1,,0,9.092100081034005,1,,0,face,0.008399947546422482,1
1790161586.4267557,,0.06266903877258301,15.95684279806584,,52.536900038830936,,0,,,0,0,,,no_hand,0,7.480900036171079,1,7.465800037607551,1,11.504999944008887,1,26.051799999549985,1,face,0.011599971912801266,1
1790161586.4451323,,0.018376588821411133,54.41706345602449,,11.752699967473745,,0,,,0,0,,,no_hand,0,0.7033000001683831,1,,0,10.994000011123717,1,,0,face,0.014199991710484028,1
1790161586.497776,,0.052643775939941406,18.99559790583504,,42.153799906373024,,0,,,0,0,,,no_hand,0,6.6605000756680965,1,,0,10.240599978715181,1,25.20669996738434,1,face,0.014599994756281376,1
1790161586.5280542,,0.03027820587158203,33.02705597026678,,10.066500050015748,,0,,,0,0,,,no_hand,0,0.5833000177517533,1,,0,9.441099944524467,1,,0,face,0.009299954399466515,1
1790161586.6088476,,0.08079338073730469,12.377251587620105,,49.41099998541176,,0,,,0,0,,,no_hand,0,7.950500003062189,1,5.853699985891581,1,10.52100001834333,1,25.04640002734959,1,face,0.014999997802078724,1
1790161586.6371317,,0.028284072875976562,35.355587025423155,,9.39479994121939,,0,,,0,0,,,no_hand,0,0.4669999470934272,1,,0,8.884500013664365,1,,0,face,0.008800067007541656,1
1790161586.689689,,0.05255722999572754,19.026877940129104,,40.162499994039536,,0,,,0,0,,,no_hand,0,6.580800050869584,1,,0,9.2527000233531,1,24.29679990746081,1,face,0.008199946023523808,1
1790161586.7199872,,0.030298233032226562,33.005225055083415,,10.204999940469861,,0,,,0,0,,,no_hand,0,0.582600012421608,1,,0,9.579799952916801,1,,0,face,0.0097999582067132,1
1790161586.7786067,,0.05861949920654297,17.059169961117348,,49.12310000509024,,0,,,0,0,,,no_hand,0,6.826299941167235,1,6.434699986129999,1,9.818200021982193,1,26.01529995445162,1,face,0.009900075383484364,1
1790161586.800875,,0.022268295288085938,44.90689507494647,,11.028199922293425,,0,,,0,0,,,no_hand,0,0.5788999842479825,1,,0,10.407299967482686,1,,0,face,0.008900067768990993,1
1790161586.8514152,,0.05054020881652832,19.78622612403942,,44.455000082962215,,0,,,0,0,,,no_hand,0,8.107100031338632,1,,0,10.15660003758967,1,26.15470008458942,1,face,0.009699957445263863,1
1790161586.8817658,,0.030350685119628906,32.948185388845246,,10.877900058403611,,0,,,0,0,,,no_hand,0,0.7906999671831727,1,,0,10.035800049081445,1,,0,face,0.014999997802078724,1
1790161586.9322665,,0.05050063133239746,19.801732644052592,,45.07160000503063,,0,,,0,0,,,no_hand,0,7.355300011113286,1,5.865399958565831,1,9.261299972422421,1,22.563799982890487,1,face,0.00879995059221983,1
1790161586.9625857,,0.0303192138671875,32.98238550578762,,10.82149997819215,,0,,,0,0,,,no_hand,0,0.5278999451547861,1,,0,10.227299993857741,1,,0,face,0.0315000070258975,1
1790161587.0131829,,0.050597190856933594,19.763943077937988,,43.050299980677664,,0,,,0,0,,,no_hand,0,6.798400077968836,1,,0,10.282399947755039,1,25.93240002170205,1,face,0.010699965059757233,1
1790161587.0434651,,0.030282258987426758,33.02263547825813,,10.119799990206957,,0,,,0,0,,,no_hand,0,0.5296000745147467,1,,0,9.546500048600137,1,,0,face,0.009199953638017178,1
1790161587.104112,,0.060646772384643555,16.48892365875041,,45.10620003566146,,0,,,0,0,,,no_hand,0,7.443699985742569,1,5.626300000585616,1,9.876900003291667,1,22.132699959911406,1,face,0.008999952115118504,1
1790161587.13442,,0.030308008193969727,32.99457996711794,,10.787100065499544,,0,,,0,0,,,no_hand,0,0.5655999993905425,1,,0,10.166399995796382,1,,0,face,0.013599987141788006,1
1790161587.1855304,,0.05111050605773926,19.56544900710444,,45.51520000677556,,0,,,0,0,,,no_hand,0,8.34289996419102,1,,0,9.822299936786294,1,27.303499984554946,1,face,0.013699987903237343,1
1790161587.2159054,,0.030375003814697266,32.921806565046076,,10.229400009848177,,0,,,0,0,,,no_hand,0,0.6096999859437346,1,,0,9.57430002745241,1,,0,face,0.010399962775409222,1
1790161587.2764783,,0.06057286262512207,16.509043103821522,,50.369199947454035,,0,,,0,0,,,no_hand,0,6.486699916422367,1,6.361100007779896,1,10.671299998648465,1,26.812899974174798,1,face,0.013399985618889332,1
1790161587.2967522,,0.020273923873901367,49.32444287646263,,10.612699901685119,,0,,,0,0,,,no_hand,0,0.556000042706728,1,,0,10.00840007327497,1,,0,face,0.010199961252510548,1
1790161587.347312,,0.05055975914001465,19.778575234717984,,40.2112000156194,,0,,,0,0,,,no_hand,0,6.604900001548231,1,,0,9.314700029790401,1,24.250100017525256,1,face,0.013400102034211159,1
1790161587.377594,,0.030282020568847656,33.02289547444336,,10.313699953258038,,0,,,0,0,,,no_hand,0,0.6305999122560024,1,,0,9.639899944886565,1,,0,face,0.0100000761449337,1
1790161587.4383404,,0.06074643135070801,16.461872372826143,,50.49200006760657,,0,,,0,0,,,no_hand,0,6.5611000172793865,1,7.519100094214082,1,11.120299925096333,1,25.255099986679852,1,face,0.013699987903237343,1
1790161587.458674,,0.020333528518676758,49.17985577768658,,10.530699975788593,,0,,,0,0,,,no_hand,0,0.521400012075901,1,,0,9.969000006094575,1,,0,face,0.008800067007541656,1
1790161587.5092301,,0.050556182861328125,19.779974345431224,,42.062000022269785,,0,,,0,0,,,no_hand,0,6.9407999981194735,1,,0,10.4245999827981,1,24.659499991685152,1,face,0.009200070053339005,1
1790161587.5374944,,0.028264284133911133,35.38034061864714,,9.415799984708428,,0,,,0,0,,,no_hand,0,0.6483000470325351,1,,0,8.715700008906424,1,,0,face,0.012599979527294636,1
1790161587.5999858,,0.062491416931152344,16.00219756741496,,46.563199954107404,,0,,,0,0,,,no_hand,0,7.239400059916079,1,5.774799967184663,1,9.985500015318394,1,23.535800050012767,1,face,0.009399955160915852,1
1790161587.6306627,,0.030676841735839844,32.59787981471695,,10.646799928508699,,0,,,0,0,,,no_hand,0,0.5689999088644981,1,,0,10.034100036136806,1,,0,face,0.00900006853044033,1
1790161587.6715922,,0.040929555892944336,24.43222209924798,,39.67450000345707,,0,,,0,0,,,no_hand,0,6.473299930803478,1,,0,9.654199937358499,1,23.513499996624887,1,face,0.008900067768990993,1
1790161587.7100239,,0.038431644439697266,26.020224077819275,,9.854900068603456,,0,,,0,0,,,no_hand,0,0.7156999781727791,1,,0,9.094799985177815,1,,0,face,0.008900067768990993,1
1790161587.7711284,,0.061104536056518555,16.365397146212704,,49.02969999238849,,0,,,0,0,,,no_hand,0,7.519299979321659,1,6.208900013007224,1,9.844799991697073,1,25.429400033317506,1,face,0.009300070814788342,1
1790161587.7935221,,0.02239370346069336,44.6554095777527,,11.570799979381263,,0,,,0,0,,,no_hand,0,0.5443999543786049,1,,0,10.985300061292946,1,,0,face,0.008999952115118504,1
1790161587.8440437,,0.0505216121673584,19.793509294346944,,41.22300003655255,,0,,,0,0,,,no_hand,0,6.727500003762543,1,,0,10.106500005349517,1,24.352200096473098,1,face,0.010299962013959885,1
1790161587.8643644,,0.020320653915405273,49.211014771620654,,10.836199973709881,,0,,,0,0,,,no_hand,0,0.5630999803543091,1,,0,10.226499987766147,1,,0,face,0.0097999582067132,1
1790161587.9249039,,0.06053948402404785,16.51814540742987,,54.211199982091784,,0,,,0,0,,,no_hand,0,17.436700058169663,1,5.897100083529949,1,9.138199966400862,1,21.71289990656078,1,face,0.00909995287656784,1
1790161587.9452147,,0.02031087875366211,49.23469890832257,,10.385400033555925,,0,,,0,0,,,no_hand,0,0.5105000454932451,1,,0,9.69870004337281,1,,0,face,0.00809994526207447,1
1790161587.9958296,,0.05061483383178711,19.757053896954226,,43.550699949264526,,0,,,0,0,,,no_hand,0,6.721599958837032,1,,0,10.894000064581633,1,25.89819999411702,1,face,0.009599956683814526,1
1790161588.0261953,,0.030365705490112305,32.93188759686879,,10.637999977916479,,0,,,0,0,,,no_hand,0,0.4651000490412116,1,,0,10.130100068636239,1,,0,face,0.00879995059221983,1
1790161588.0847712,,0.05857586860656738,17.071876589942406,,48.86630002874881,,0,,,0,0,,,no_hand,0,6.732300040312111,1,6.0374999884516,1,9.55630000680685,1,26.50439995341003,1,face,0.012899981811642647,1
1790161588.1070654,,0.022294282913208008,44.854548760012406,,10.409600101411343,,0,,,0,0,,,no_hand,0,0.5189999938011169,1,,0,9.83510003425181,1,,0,face,0.009600073099136353,1
1790161588.1576025,,0.050537109375,19.78743961352657,,42.65640000812709,,0,,,0,0,,,no_hand,0,6.474599940702319,1,,0,10.097800055518746,1,26.04070003144443,1,face,0.012699980288743973,1
1790161588.1879125,,0.03030991554260254,32.99250367736708,,10.96680003684014,,0,,,0,0,,,no_hand,0,0.6622000364586711,1,,0,10.245500016026199,1,,0,face,0.013199984095990658,1
1790161588.3291147,,0.14120221138000488,7.082042060295993,,130.85279997903854,0.14,1,pose,58.81399998907,1,1,58.80739993881434,1,ok,8,6.36779994238168,1,6.529000005684793,1,10.102399974130094,1,49.02969999238849,1,face,0.007400056347250938,1
1790161588.3494518,,0.02033710479736328,49.171207502930834,,10.962800006382167,,1,held,,0,1,,,held,0,0.043899985030293465,1,,0,10.866599972359836,1,,0,gesture,0.012299977242946625,1
1790161588.4311945,,0.08174276351928711,12.233498807072397,,74.4573000119999,,1,iou,0.1599000534042716,1,1,,,ok,0,0.051200040616095066,1,,0,10.46160003170371,1,63.764599966816604,1,gesture,0.008899951353669167,1
1790161588.4484746,,0.017280101776123047,57.87002952620105,,9.89229988772422,,1,held,,0,1,,,held,0,0.07850001566112041,1,,0,9.757100022397935,1,,0,gesture,0.010100076906383038,1
1790161588.5211222,,0.0726475715637207,13.765085032785702,,61.742200050503016,,1,iou,0.13870000839233398,1,1,,,ok,0,0.04270009230822325,1,5.799699923954904,1,10.293200029991567,1,45.45760003384203,1,gesture,0.00809994526207447,1
1790161588.5493996,,0.02827739715576172,35.3639337627736,,9.303499944508076,,1,held,,0,1,,,held,0,0.10079995263367891,1,,0,9.148800047114491,1,,0,gesture,0.008200062438845634,1
1790161588.6120226,,0.0626230239868164,15.968567730145436,,52.84300004132092,,1,iou,0.14020001981407404,1,1,,,ok,0,0.043899985030293465,1,,0,9.694500011391938,1,42.94399998616427,1,gesture,0.007900060154497623,1
1790161588.6323109,,0.02028822898864746,49.28966449262589,,10.80819999333471,,1,held,,0,1,,,held,0,0.07990002632141113,1,,0,10.662499931640923,1,,0,gesture,0.012999982573091984,1
1790161588.7009206,,0.06860971450805664,14.575195468603399,,60.31440000515431,,1,iou,0.1503999810665846,1,1,,,ok,0,0.045599997974932194,1,5.881300079636276,1,9.196599945425987,1,45.03019992262125,1,gesture,0.007700058631598949,1
1790161588.731241,,0.030320405960083008,32.981088753115834,,9.682699921540916,,1,held,,0,1,,,held,0,0.05339994095265865,1,,0,9.57880006171763,1,,0,gesture,0.008200062438845634,1
1790161588.7939007,,0.06265974044799805,15.959210696538236,,52.85589990671724,,1,iou,0.2148000057786703,1,1,,,ok,0,0.08000002708286047,1,,0,9.72990004811436,1,42.810099897906184,1,gesture,0.010199961252510548,1
1790161588.8141828,,0.02028203010559082,49.304729102258165,,10.541600058786571,,1,held,,0,1,,,held,0,0.05949998740106821,1,,0,10.426399996504188,1,,0,gesture,0.009399955160915852,1
1790161588.8848422,,0.07065939903259277,14.15239888381635,,63.604700029827654,,1,iou,0.14319992624223232,1,1,,,ok,0,0.04179996903985739,1,5.807599984109402,1,9.910000022500753,1,47.692200052551925,1,gesture,0.007700058631598949,1
1790161588.9132817,,0.02843952178955078,35.16233526709366,,9.62749996688217,,1,held,,0,1,,,held,0,0.09310001041740179,1,,0,9.471400058828294,1,,0,gesture,0.012699980288743973,1
1790161588.9845388,,0.07125711441040039,14.033686436424714,,60.333200031891465,,1,iou,0.29900006484240294,1,1,,,ok,0,0.07139996159821749,1,,0,9.545499924570322,1,50.393200013786554,1,gesture,0.013499986380338669,1
1790161589.0163531,,0.0318143367767334,31.432369846896336,,10.130200069397688,,1,held,,0,1,,,held,0,0.054299947805702686,1,,0,10.024199960753322,1,,0,gesture,0.008600065484642982,1
1790161589.08717,,0.0708167552947998,14.12095196732957,,61.35939992964268,,1,iou,0.1569000305607915,1,1,,,ok,0,0.05200004670768976,1,6.151900044642389,1,10.317299980670214,1,44.67029997613281,1,gesture,0.008599949069321156,1
1790161589.1154807,,0.028310775756835938,35.322239439466415,,9.718900080770254,,1,held,,0,1,,,held,0,0.05440006498247385,1,,0,9.61409998126328,1,,0,gesture,0.00809994526207447,1
1790161589.1762826,,0.06080198287963867,16.44683203802025,,50.19630002789199,,1,iou,0.1458000624552369,1,1,,,ok,0,0.04579999949783087,1,,0,9.676899993792176,1,40.309400064870715,1,gesture,0.008399947546422482,1
1790161589.1985972,,0.02231454849243164,44.81381285125115,,10.105099994689226,,1,held,,0,1,,,held,0,0.06350001785904169,1,,0,9.992400067858398,1,,0,gesture,0.00900006853044033,1
1790161589.269407,,0.07080984115600586,14.12233079010633,,65.30699995346367,,1,iou,0.13619998935610056,1,1,,,ok,0,0.04200008697807789,1,5.812500021420419,1,8.903800044208765,1,50.40289997123182,1,gesture,0.0074999406933784485,1
1790161589.2875986,,0.01819157600402832,54.97049842072843,,9.765100083313882,,1,held,,0,1,,,held,0,0.0926000066101551,1,,0,9.619100019335747,1,,0,gesture,0.008599949069321156,1
1790161589.360519,,0.07292032241821289,13.713598169037109,,60.952199972234666,,1,iou,0.15600002370774746,1,1,,,ok,0,0.04930002614855766,1,,0,11.059400043450296,1,49.66619994957,1,gesture,0.008999952115118504,1
1790161589.3890212,,0.028502225875854492,35.08497912954738,,9.147200034931302,,1,held,,0,1,,,held,0,0.10339997243136168,1,,0,8.979199919849634,1,,0,gesture,0.011299969628453255,1
1790161589.4620404,,0.07301926612854004,13.6950157543304,,61.92180002108216,,1,iou,0.12340000830590725,1,1,,,ok,0,0.03969995304942131,1,6.036099977791309,1,9.505499969236553,1,46.207800041884184,1,gesture,0.007500057108700275,1
1790161589.4907246,,0.028684139251708984,34.86247194746904,,9.582199971191585,,1,held,,0,1,,,held,0,0.05929998587816954,1,,0,9.475699975155294,1,,0,gesture,0.0070999376475811005,1
1790161589.5533195,,0.06259489059448242,15.975744833207639,,54.12999994587153,,1,iou,0.20999996922910213,1,1,,,ok,0,0.04190008621662855,1,,0,10.093300021253526,1,43.76389994286001,1,gesture,0.007999944500625134,1
1790161589.5736246,,0.020305156707763672,49.24857337435127,,10.802099946886301,,1,held,,0,1,,,held,0,0.11700007598847151,1,,0,10.625499999150634,1,,0,gesture,0.008899951353669167,1
1790161589.6442082,,0.07058358192443848,14.167600633678884,,66.69860007241368,,1,iou,0.15259999781847,1,1,,,ok,0,0.047900015488266945,1,6.084399996325374,1,10.04680001642555,1,50.356200081296265,1,gesture,0.008399947546422482,1
1790161589.6743722,,0.030164003372192383,33.152098137009254,,10.12230000924319,,1,held,,0,1,,,held,0,0.05409994628280401,1,,0,10.014600004069507,1,,0,gesture,0.008500064723193645,1
1790161589.734938,,0.06056571006774902,16.510992752853,,58.0511000007391,,1,iou,0.14779996126890182,1,1,,,ok,0,0.0822999281808734,1,,0,9.909400017932057,1,47.893599956296384,1,gesture,0.007300055585801601,1
1790161589.77333,,0.038392066955566406,26.04704771840922,,9.291200083680451,,1,held,,0,1,,,held,0,0.07459998596459627,1,,0,9.164799936115742,1,,0,gesture,0.008100061677396297,1
1790161589.844192,,0.0708620548248291,14.111924957186163,,58.98710002657026,,1,iou,0.21979992743581533,1,1,,,ok,0,0.052999937906861305,1,5.940100061707199,1,9.659599978476763,1,43.1028000311926,1,gesture,0.009100069291889668,1
1790161589.8744829,,0.030290842056274414,33.01327834142732,,9.001200087368488,,1,held,,0,1,,,held,0,0.05270005203783512,1,,0,8.89699999243021,1,,0,gesture,0.00809994526207447,1
1790161589.9372077,,0.06272482872009277,15.942650149950397,,54.497099947184324,,1,iou,0.14629994984716177,1,1,,,ok,0,0.04440010525286198,1,,0,10.529700084589422,1,43.75630000140518,1,gesture,0.007999944500625134,1
1790161589.9575117,,0.020303964614868164,49.251464872418126,,10.50920004490763,,1,held,,0,1,,,held,0,0.05340005736798048,1,,0,10.404300061054528,1,,0,gesture,0.008299946784973145,1
1790161590.0288324,,0.07132077217102051,14.021160589822191,,63.79759998526424,,1,iou,0.1341000897809863,1,1,,,ok,0,0.04179996903985739,1,5.892800050787628,1,9.443499962799251,1,48.27469994779676,1,gesture,0.008199946023523808,1
1790161590.0526395,,0.023807048797607422,42.00436637490736,,9.693200001493096,,1,held,,0,1,,,held,0,0.05989999044686556,1,,0,9.58449998870492,1,,0,gesture,0.008999952115118504,1
1790161590.109991,,0.05735158920288086,17.43630845977967,,52.69959999714047,,1,iou,0.1265000319108367,1,1,,,ok,0,0.03930006641894579,1,,0,9.001699974760413,1,43.51399990264326,1,gesture,0.0071999384090304375,1
1790161590.1282191,,0.01822805404663086,54.86049127579983,,9.670599945820868,,1,held,,0,1,,,held,0,0.09350001346319914,1,,0,9.52369999140501,1,,0,gesture,0.012199976481497288,1
1790161590.1988895,,0.07067036628723145,14.150202588955276,,59.51149994507432,,1,iou,0.2902999985963106,1,1,,,ok,0,0.04650000482797623,1,5.860100034624338,1,10.31639997381717,1,42.987799970433116,1,gesture,0.008199946023523808,1
1790161590.2316365,,0.03274703025817871,30.537120224825447,,10.173900052905083,,1,held,,0,1,,,held,0,0.0619000056758523,1,,0,10.054299957118928,1,,0,gesture,0.009299954399466515,1
1790161590.3635938,,0.1319572925567627,7.5782094390110375,,123.16309998277575,0.108,1,pose,61.53720000293106,1,1,61.53080007061362,1,ok,8,0.0447999918833375,1,,0,10.440400103107095,1,51.12319998443127,1,gesture,0.006499933078885078,1
1790161590.3914545,,0.027860641479492188,35.89292804819607,,9.819500031881034,,1,held,,0,1,,,held,0,0.059699988923966885,1,,0,9.713200037367642,1,,0,gesture,0.008500064723193645,1
1790161590.463425,,0.07197046279907227,13.894588989816674,,61.58900004811585,,1,iou,0.1591000473126769,1,1,,,ok,0,0.04970002919435501,1,5.682599963620305,1,10.065400041639805,1,45.62029999215156,1,gesture,0.009199953638017178,1
1790161590.4814842,,0.018059253692626953,55.37327383624218,,9.548599948175251,,1,held,,0,1,,,held,0,0.1066999975591898,1,,0,9.376100031659007,1,,0,gesture,0.012999982573091984,1
1790161590.5786564,,0.09717226028442383,10.291002772529872,,53.856999962590635,,1,iou,0.1314000692218542,1,1,,,ok,0,0.04029995761811733,1,,0,9.089999948628247,1,44.57849997561425,1,gesture,0.0073999399319291115,1
1790161590.6095116,,0.030855178833007812,32.409470235519564,,9.749300079420209,,1,held,,0,1,,,held,0,0.061400001868605614,1,,0,9.638500050641596,1,,0,gesture,0.008900067768990993,1
1790161590.6791222,,0.069610595703125,14.365629110039457,,61.852100072428584,,1,iou,0.14549994375556707,1,1,,,ok,0,0.045900000259280205,1,5.768499919213355,1,9.885900071822107,1,45.995800057426095,1,gesture,0.008300063200294971,1
1790161590.7110293,,0.031907081604003906,31.341004871925158,,10.053099947981536,,1,held,,0,1,,,held,0,0.062400009483098984,1,,0,9.94299992453307,1,,0,gesture,0.00879995059221983,1
1790161590.7757185,,0.06468915939331055,15.458540648518756,,59.174600057303905,,1,iou,0.13910001143813133,1,1,,,ok,0,0.042599975131452084,1,,0,9.751499979756773,1,49.22210006043315,1,gesture,0.008100061677396297,1
1790161590.793548,,0.01782965660095215,56.08632978083254,,9.63950005825609,,1,held,,0,1,,,held,0,0.06049999501556158,1,,0,9.534299955703318,1,,0,gesture,0.008899951353669167,1
1790161590.8643339,,0.0707857608795166,14.127134999680024,,64.90669993218035,,1,iou,0.13860000763088465,1,1,,,ok,0,0.09210000280290842,1,6.641999934799969,1,10.126700042746961,1,47.89549997076392,1,gesture,0.00809994526207447,1
1790161590.891666,,0.027332067489624023,36.58706025000218,,9.936299989931285,,1,held,,0,1,,,held,0,0.05510007031261921,1,,0,9.830599999986589,1,,0,gesture,0.008299946784973145,1
1790161590.9671278,,0.07546186447143555,13.25172664370794,,58.79689997527748,,1,iou,0.14929997269064188,1,1,,,ok,0,0.04730001091957092,1,,0,9.83919994905591,1,48.738099983893335,1,gesture,0.008200062438845634,1
1790161590.9915822,,0.024454355239868164,40.89251138258148,,9.955700021237135,,1,held,,0,1,,,held,0,0.05280005279928446,1,,0,9.854399948380888,1,,0,gesture,0.008299946784973145,1
1790161591.0694091,,0.07782697677612305,12.849015102778544,,59.79769991245121,,1,iou,0.13870000839233398,1,1,,,ok,0,0.050600036047399044,1,5.970399943180382,1,8.755499962717295,1,44.872800004668534,1,gesture,0.007500057108700275,1
1790161591.091715,,0.022305965423583984,44.831056670728316,,9.839699952863157,,1,held,,0,1,,,held,0,0.09390001650899649,1,,0,9.681800031103194,1,,0,gesture,0.01200009137392044,1
1790161591.150866,,0.05915093421936035,16.905903739263273,,54.12490002345294,,1,iou,0.1362999901175499,1,1,,,ok,0,0.0412999652326107,1,,0,9.687499958090484,1,44.241499970667064,1,gesture,0.0078000593930482864,1
1790161591.168709,,0.017843008041381836,56.044361896871955,,10.333399986848235,,1,held,,0,1,,,held,0,0.09810004848986864,1,,0,10.173800052143633,1,,0,gesture,0.013399985618889332,1
1790161591.2494695,,0.08076047897338867,12.382294071454297,,62.756899977102876,,1,iou,0.1498999772593379,1,1,,,ok,0,0.06679992657154799,1,6.811299943365157,1,9.649600018747151,1,46.068300027400255,1,gesture,0.008500064723193645,1
1790161591.267296,,0.017826557159423828,56.09608131603584,,9.612299967557192,,1,held,,0,1,,,held,0,0.05889998283237219,1,,0,9.50749998446554,1,,0,gesture,0.008499948307871819,1
1790161591.3339696,,0.06667351722717285,14.998458782259188,,51.59349995665252,,1,iou,0.14839996583759785,1,1,,,ok,0,0.0467000063508749,1,,0,9.317400050349534,1,42.06300002988428,1,gesture,0.00809994526207447,1
1790161591.3518798,,0.017910242080688477,55.83397452110595,,10.23489993531257,,1,held,,0,1,,,held,0,0.09629991836845875,1,,0,10.085799964144826,1,,0,gesture,0.009300070814788342,1
1790161591.4231002,,0.07122039794921875,14.040921264059989,,64.57040004897863,,1,iou,0.211200094781816,1,1,,,ok,0,0.04870002157986164,1,6.789299892261624,1,11.529000010341406,1,45.98020005505532,1,gesture,0.009399955160915852,1
1790161591.4494953,,0.026395082473754883,37.885844872593914,,11.368399951606989,,1,held,,0,1,,,held,0,0.10200007818639278,1,,0,11.197700048796833,1,,0,gesture,0.010999967344105244,1
1790161591.523409,,0.07391357421875,13.529314616019818,,57.09830007981509,,1,iou,0.27730001602321863,1,1,,,ok,0,0.044199987314641476,1,,0,9.266999899409711,1,47.49110003467649,1,gesture,0.008100061677396297,1
1790161591.5413423,,0.017933368682861328,55.761971868435744,,9.481699904426932,,1,held,,0,1,,,held,0,0.1023000804707408,1,,0,9.32960002683103,1,,0,gesture,0.0075999414548277855,1
1790161591.6253855,,0.08404326438903809,11.898633486807205,,67.41810007952154,,1,iou,0.1550000160932541,1,1,,,ok,0,0.04870002157986164,1,6.740099983289838,1,10.428300010971725,1,50.03540008328855,1,gesture,0.008299946784973145,1
1790161591.6497462,,0.02436065673828125,41.04979642968995,,9.886399959214032,,1,held,,0,1,,,held,0,0.06250001024454832,1,,0,9.75650001782924,1,,0,gesture,0.009899958968162537,1
1790161591.714865,,0.06511878967285156,15.356550774728332,,50.93759996816516,,1,iou,0.1404000213369727,1,1,,,ok,0,0.050299917347729206,1,,0,9.508299990557134,1,41.21719999238849,1,gesture,0.008100061677396297,1
1790161591.733138,,0.018273115158081055,54.72520647678196,,9.865800035186112,,1,held,,0,1,,,held,0,0.07170008029788733,1,,0,9.733499959111214,1,,0,gesture,0.013199984095990658,1
1790161591.805998,,0.0728600025177002,13.72495148839812,,61.11310003325343,,1,iou,0.1694000093266368,1,1,,,ok,0,0.047600013203918934,1,6.645799963735044,1,9.639000054448843,1,44.60080002900213,1,gesture,0.008399947546422482,1
1790161591.834287,,0.028288841247558594,35.34962748204834,,9.288999950513244,,1,held,,0,1,,,held,0,0.10089995339512825,1,,0,9.118899935856462,1,,0,gesture,0.012599979527294636,1
1790161591.897145,,0.06285810470581055,15.908847469713177,,56.46890006028116,,1,iou,0.20319991745054722,1,1,,,ok,0,0.04439998883754015,1,,0,9.213100071065128,1,46.989900059998035,1,gesture,0.007900060154497623,1
1790161591.9375436,,0.040398597717285156,24.753334434975567,,9.964300086721778,,1,held,,0,1,,,held,0,0.12039998546242714,1,,0,9.78449999820441,1,,0,gesture,0.011300086043775082,1
1790161592.0082893,,0.07074570655822754,14.135133404554324,,62.20230006147176,,1,iou,0.12970005627721548,1,1,,,ok,0,0.04030007403343916,1,6.099599995650351,1,9.992699953727424,1,45.930400025099516,1,gesture,0.0074999406933784485,1
1790161592.0365996,,0.028310298919677734,35.32283438042142,,9.783699992112815,,1,held,,0,1,,,held,0,0.0510999234393239,1,,0,9.682399919256568,1,,0,gesture,0.008200062438845634,1
1790161592.099998,,0.06339836120605469,15.7732783778092,,56.01980001665652,,1,iou,0.13770000077784061,1,1,,,ok,0,0.040599959902465343,1,,0,10.322100017219782,1,45.50170002039522,1,gesture,0.0076999422162771225,1
1790161592.1182487,,0.018250703811645508,54.792407477563394,,9.419800015166402,,1,held,,0,1,,,held,0,0.09900005534291267,1,,0,9.262800100259483,1,,0,gesture,0.012499978765845299,1
1790161592.1808977,,0.06264901161193848,15.961943760489252,,57.33490001875907,,1,iou,0.1398000167682767,1,1,,,ok,0,0.0420999713242054,1,6.465199985541403,1,9.433600003831089,1,41.24429996591061,1,gesture,0.007700058631598949,1
1790161592.221312,,0.04041433334350586,24.743696537077458,,10.7282999670133,,1,held,,0,1,,,held,0,0.09370001498609781,1,,0,10.572300059720874,1,,0,gesture,0.012499978765845299,1
1790161592.2903047,,0.06899261474609375,14.494304987282982,,59.30580000858754,,1,iou,0.1629000762477517,1,1,,,ok,0,0.050900038331747055,1,,0,10.692799929529428,1,48.37610002141446,1,gesture,0.009199953638017178,1
1790161592.320596,,0.030291318893432617,33.012758655972796,,9.76400007493794,,1,,,0,0,,,no_face,0,0.0039000296965241432,1,,0,9.712300030514598,1,,0,gesture,0.008199946023523808,1
1790161592.453769,,0.13317298889160156,7.509030234456682,,125.16619998496026,0.118,1,pose,64.59870003163815,1,1,64.59229998290539,1,ok,8,0.05450006574392319,1,6.162300007417798,1,10.6776999309659,1,43.66319999098778,1,gesture,0.00809994526207447,1
1790161592.4821763,,0.02840733528137207,35.20217542740602,,9.761199937202036,,1,held,,0,1,,,held,0,0.05219993181526661,1,,0,9.66419989708811,1,,0,gesture,0.00800006091594696,1
1790161592.5447624,,0.06258606910705566,15.97799660958839,,51.22200003825128,,1,iou,0.29660004656761885,1,1,,,ok,0,0.062000006437301636,1,,0,9.39609995111823,1,41.4450999815017,1,gesture,0.011299969628453255,1
1790161592.5650492,,0.02028679847717285,49.2931401238703,,10.462499922141433,,1,held,,0,1,,,held,0,0.05359994247555733,1,,0,10.358200059272349,1,,0,gesture,0.008100061677396297,1
1790161592.6256042,,0.06055498123168945,16.513918089973462,,56.552299996837974,,1,iou,0.13360008597373962,1,1,,,ok,0,0.04060007631778717,1,5.407899967394769,1,9.568399982526898,1,41.392300045117736,1,gesture,0.0073999399319291115,1
1790161592.6638422,,0.0382380485534668,26.15196219027073,,9.661799995228648,,1,held,,0,1,,,held,0,0.054900068789720535,1,,0,9.55630000680685,1,,0,gesture,0.008199946023523808,1
1790161592.726427,,0.06258487701416016,15.978300952380952,,58.00180009100586,,1,iou,0.14220003504306078,1,1,,,ok,0,0.04330009687691927,1,,0,10.56959992274642,1,47.22900001797825,1,gesture,0.007999944500625134,1
1790161592.7648695,,0.038442373275756836,26.012962124548032,,9.084000019356608,,1,held,,0,1,,,held,0,0.05119992420077324,1,,0,8.986199973151088,1,,0,gesture,0.008100061677396297,1
1790161592.8375924,,0.0727229118347168,13.75082453068959,,65.1244999608025,,1,iou,0.25759998243302107,1,1,,,ok,0,0.07619999814778566,1,6.9018000504001975,1,9.188500000163913,1,48.68569993413985,1,gesture,0.01109996810555458,1
1790161592.8588128,,0.02122044563293457,47.12436379978653,,10.298100067302585,,1,held,,0,1,,,held,0,0.0863000750541687,1,,0,10.166399995796382,1,,0,gesture,0.008499948307871819,1
1790161592.9183555,,0.05954265594482422,16.79468246976856,,54.9216999206692,,1,iou,0.16439997125416994,1,1,,,ok,0,0.05050003528594971,1,,0,10.25099994149059,1,44.4350999314338,1,gesture,0.009100069291889668,1
1790161592.9567947,,0.038439273834228516,26.01505960577078,,9.698500041849911,,1,held,,0,1,,,held,0,0.058399979025125504,1,,0,9.592500049620867,1,,0,gesture,0.00870006624609232,1
1790161593.0375936,,0.08079886436462402,12.376411572906063,,69.5215999148786,,1,iou,0.1365999924018979,1,1,,,ok,0,0.0415000831708312,1,6.911600008606911,1,9.508699993602931,1,52.91299999225885,1,gesture,0.007899943739175797,1
1790161593.0599642,,0.022370576858520508,44.7015741401912,,10.391499963589013,,1,held,,0,1,,,held,0,0.057699973694980145,1,,0,10.28110005427152,1,,0,gesture,0.008900067768990993,1
1790161593.1205409,,0.060576677322387695,16.508003479260225,,57.931500021368265,,1,iou,0.13940001372247934,1,1,,,ok,0,0.04339998122304678,1,,0,9.826399968005717,1,47.90310002863407,1,gesture,0.00800006091594696,1
1790161593.1589394,,0.03839850425720215,26.042681071683585,,9.749399963766336,,1,held,,0,1,,,held,0,0.057299970649182796,1,,0,9.639499941840768,1,,0,gesture,0.008599949069321156,1
1790161593.2216585,,0.06271910667419434,15.944104644134676,,57.89210007060319,,1,iou,0.17919996753335,1,1,,,ok,0,0.042199972085654736,1,5.93089999165386,1,8.968299953266978,1,42.761400109156966,1,gesture,0.0078000593930482864,1
1790161593.2600374,,0.03837895393371582,26.055947270660297,,9.703299961984158,,1,held,,0,1,,,held,0,0.08770008571445942,1,,0,9.561400045640767,1,,0,gesture,0.01479999627918005,1
1790161593.3232393,,0.063201904296875,15.822308063737324,,57.909299968741834,,1,iou,0.224200077354908,1,1,,,ok,0,0.06859994027763605,1,,0,10.998999932780862,1,46.59229994285852,1,gesture,0.012699980288743973,1
1790161593.3637943,,0.04055500030517578,24.657871840094064,,9.918400086462498,,1,held,,0,1,,,held,0,0.07870001718401909,1,,0,9.790700045414269,1,,0,gesture,0.00909995287656784,1
1790161593.4344256,,0.07063126564025879,14.158035976492748,,62.982400064356625,,1,iou,0.15549990348517895,1,1,,,ok,0,0.047900015488266945,1,6.153699941933155,1,9.919100091792643,1,46.695100027136505,1,gesture,0.008500064723193645,1
1790161593.4627411,,0.02831554412841797,35.31629113199286,,9.87629999872297,,1,held,,0,1,,,held,0,0.061400001868605614,1,,0,9.764299960806966,1,,0,gesture,0.00879995059221983,1
1790161593.5253353,,0.06259417533874512,15.975927386026457,,57.74129997007549,,1,iou,0.15829992480576038,1,1,,,ok,0,0.05009991582483053,1,,0,9.692399995401502,1,47.81999997794628,1,gesture,0.009100069291889668,1
1790161593.563757,,0.038421630859375,26.027005559968227,,9.148200042545795,,1,held,,0,1,,,held,0,0.07579999510198832,1,,0,9.00670001283288,1,,0,gesture,0.013699987903237343,1
1790161593.6364393,,0.07268238067626953,13.758492645611641,,66.84860005043447,,1,iou,0.14709995593875647,1,1,,,ok,0,0.089599983766675,1,6.669199909083545,1,10.041200090199709,1,49.885300104506314,1,gesture,0.012399978004395962,1
1790161593.664963,,0.028523683547973633,35.05858555463611,,9.61249996908009,,1,held,,0,1,,,held,0,0.05959998816251755,1,,0,9.484100039117038,1,,0,gesture,0.00879995059221983,1
1790161593.7276928,,0.0627298355102539,15.941377685209115,,56.0348000144586,,1,iou,0.13280007988214493,1,1,,,ok,0,0.04039995837956667,1,,0,10.002899914979935,1,45.84200005047023,1,gesture,0.0077999429777264595,1
1790161593.747952,,0.02025914192199707,49.36043213726713,,10.070099961012602,,1,held,,0,1,,,held,0,0.05079992115497589,1,,0,9.969699895009398,1,,0,gesture,0.008200062438845634,1
1790161593.8186278,,0.07067584991455078,14.1491046971353,,62.235399964265525,,1,iou,0.14020001981407404,1,1,,,ok,0,0.04239997360855341,1,6.488399929367006,1,9.084300021640956,1,46.470100060105324,1,gesture,0.0077999429777264595,1
1790161593.8489099,,0.030282020568847656,33.02289547444336,,10.406099958345294,,1,held,,0,1,,,held,0,0.05740008782595396,1,,0,10.300399968400598,1,,0,gesture,0.0075999414548277855,1
1790161593.9094844,,0.06057453155517578,16.508588251964042,,52.77090007439256,,1,iou,0.2055000513792038,1,1,,,ok,0,0.0817000400274992,1,,0,9.055699920281768,1,43.40550000779331,1,gesture,0.01209997572004795,1
1790161593.9298134,,0.020328998565673828,49.19081462716675,,9.95029998011887,,1,held,,0,1,,,held,0,0.05289993714541197,1,,0,9.834600030444562,1,,0,gesture,0.011900090612471104,1
1790161594.0015554,,0.07174205780029297,13.938825155861592,,61.906800023280084,,1,iou,0.2836999483406544,1,1,,,ok,0,0.08480006363242865,1,5.52500004414469,1,9.28520003799349,1,46.710999915376306,1,gesture,0.013499986380338669,1
1790161594.0298142,,0.028258800506591797,35.387206182609724,,9.7901999251917,,1,held,,0,1,,,held,0,0.059999991208314896,1,,0,9.661099989898503,1,,0,gesture,0.009100069291889668,1
1790161594.092678,,0.06286382675170898,15.90739940076611,,55.7235999731347,,1,iou,0.22460008040070534,1,1,,,ok,0,0.1097000204026699,1,,0,9.826599969528615,1,45.53700005635619,1,gesture,0.012999982573091984,1
1790161594.1108932,,0.018215179443359375,54.899267015706805,,9.822300053201616,,1,held,,0,1,,,held,0,0.07730000652372837,1,,0,9.687699959613383,1,,0,gesture,0.010399962775409222,1
1790161594.1839178,,0.07302451133728027,13.694032067962402,,67.50679994001985,,1,iou,0.17010001465678215,1,1,,,ok,0,0.04770001396536827,1,6.830299971625209,1,10.623799986205995,1,49.82339998241514,1,gesture,0.008800067007541656,1
1790161594.2143,,0.030382156372070312,32.914056124050475,,9.908500011079013,,1,held,,0,1,,,held,0,0.11020002420991659,1,,0,9.734700084663928,1,,0,gesture,0.012499978765845299,1
1790161594.2850206,,0.07072067260742188,14.140137008468633,,66.62400008644909,,1,iou,0.25130005087703466,1,1,,,ok,0,0.06620003841817379,1,,0,14.408699935302138,1,51.870600087568164,1,gesture,0.011599971912801266,1
1790161594.315597,,0.030576467514038086,32.70488978299687,,12.576899956911802,,1,held,,0,1,,,held,0,0.10629999451339245,1,,0,12.399300001561642,1,,0,gesture,0.01309998333454132,1
1790161594.3941662,,0.07856917381286621,12.727637971372477,,68.49430000875145,,1,iou,0.13530009891837835,1,1,,,ok,0,0.04099996294826269,1,7.024100050330162,1,9.977399953640997,1,51.30599997937679,1,gesture,0.007999944500625134,1
1790161594.4166749,,0.022508621215820312,44.42742140496568,,10.973599972203374,,1,held,,0,1,,,held,0,0.09950005915015936,1,,0,10.805999976582825,1,,0,gesture,0.012999982573091984,1
1790161594.5384157,,0.12174081802368164,8.214171846664238,,118.80529997870326,0.167,1,pose,64.13850001990795,1,1,64.13219997193664,1,ok,8,0.08870009332895279,1,,0,10.21710003260523,1,44.34200003743172,1,gesture,0.0077999429777264595,1
1790161594.5767796,,0.03836393356323242,26.06614877882046,,9.355199988931417,,1,held,,0,1,,,held,0,0.05710008554160595,1,,0,9.253000025637448,1,,0,gesture,0.008499948307871819,1
1790161594.6475449,,0.07076525688171387,14.131228290056635,,59.98599994927645,,1,iou,0.11560006532818079,1,1,,,ok,0,0.03720005042850971,1,5.672800005413592,1,9.79319994803518,1,44.35859993100166,1,gesture,0.0068999361246824265,1
1790161594.677898,,0.030353069305419922,32.945597360772915,,9.411599952727556,,1,held,,0,1,,,held,0,0.04939991049468517,1,,0,9.314299910329282,1,,0,gesture,0.007400056347250938,1
1790161594.7406328,,0.06273484230041504,15.940105423575508,,51.34660005569458,,1,iou,0.1770999515429139,1,1,,,ok,0,0.06669992581009865,1,,0,9.229699964635074,1,41.83490003924817,1,gesture,0.02750009298324585,1
1790161594.7588787,,0.018245935440063477,54.806726861712555,,9.808299946598709,,1,held,,0,1,,,held,0,0.057999975979328156,1,,0,9.703799965791404,1,,0,gesture,0.008399947546422482,1
1790161594.83146,,0.07258129119873047,13.777655143416506,,63.96699999459088,,1,iou,0.21189998369663954,1,1,,,ok,0,0.07810001261532307,1,6.4067000057548285,1,10.157700045965612,1,47.10139997769147,1,gesture,0.0075999414548277855,1
1790161594.8598042,,0.028344154357910156,35.28064331617375,,9.447699994780123,,1,held,,0,1,,,held,0,0.055999960750341415,1,,0,9.345500031486154,1,,0,gesture,0.008299946784973145,1
1790161594.9223807,,0.0625765323638916,15.9804316766045,,57.620499981567264,,1,iou,0.17060001846402884,1,1,,,ok,0,0.048900023102760315,1,,0,9.756299899891019,1,47.62500000651926,1,gesture,0.008500064723193645,1
1790161594.9607787,,0.038398027420043945,26.043004476787143,,9.339099982753396,,1,held,,0,1,,,held,0,0.057299970649182796,1,,0,9.235799894668162,1,,0,gesture,0.008300063200294971,1
1790161595.0335662,,0.07278752326965332,13.738618310934086,,64.51230007223785,,1,iou,0.152299995534122,1,1,,,ok,0,0.040400074794888496,1,6.075599929317832,1,9.408600046299398,1,48.825600068084896,1,gesture,0.0076999422162771225,1
1790161595.063038,,0.029471874237060547,33.93065510379083,,10.009399964474142,,1,held,,0,1,,,held,0,0.06230000872164965,1,,0,9.89260000642389,1,,0,gesture,0.008999952115118504,1
1790161595.1345615,,0.07152342796325684,13.981432776316623,,60.67150004673749,,1,iou,0.23530004546046257,1,1,,,ok,0,0.07129996083676815,1,,0,10.560199967585504,1,49.77779998444021,1,gesture,0.011499971151351929,1
1790161595.1630054,,0.02844381332397461,35.1570300581717,,8.90889996662736,,1,held,,0,1,,,held,0,0.09389990009367466,1,,0,8.758300100453198,1,,0,gesture,0.00970007386058569,1
1790161595.236573,,0.07356762886047363,13.592935037998476,,65.51260000560433,,1,iou,0.2576999831944704,1,1,,,ok,0,0.06449990905821323,1,7.791999960318208,1,11.266499990597367,1,46.118800062686205,1,gesture,0.010300078429281712,1
1790161595.2571013,,0.020528316497802734,48.713200622517476,,11.601499980315566,,1,held,,0,1,,,held,0,0.056299963034689426,1,,0,11.494000093080103,1,,0,gesture,0.00870006624609232,1
1790161595.3179302,,0.06082892417907715,16.439547690438395,,51.92809994332492,,1,iou,0.11719996109604836,1,1,,,ok,0,0.03699993249028921,1,,0,9.259399957954884,1,42.49879997223616,1,gesture,0.00700005330145359,1
1790161595.3382204,,0.020290136337280273,49.28503107998543,,10.125500033609569,,1,held,,0,1,,,held,0,0.050900038331747055,1,,0,10.021599940955639,1,,0,gesture,0.0076999422162771225,1
1790161595.4088771,,0.07065677642822266,14.152924185776566,,63.863900024443865,,1,iou,0.15159999020397663,1,1,,,ok,0,0.0467000063508749,1,6.3729999819770455,1,9.716899949125946,1,47.56510001607239,1,gesture,0.008400063961744308,1
1790161595.4371846,,0.028307437896728516,35.32640444706477,,9.675500099547207,,1,held,,0,1,,,held,0,0.05300005432218313,1,,0,9.573100018315017,1,,0,gesture,0.008199946023523808,1
1790161595.4995933,,0.0624086856842041,16.02341066851059,,53.69960004463792,,1,iou,0.14720007311552763,1,1,,,ok,0,0.045900000259280205,1,,0,9.00510000064969,1,44.48260006029159,1,gesture,0.008399947546422482,1
1790161595.5178568,,0.018263578414916992,54.753782488936466,,9.820700041018426,,1,held,,0,1,,,held,0,0.08789997082203627,1,,0,9.606399922631681,1,,0,gesture,0.013200100511312485,1
1790161595.580473,,0.06261610984802246,15.970330996721636,,58.116399915888906,,1,iou,0.15529990196228027,1,1,,,ok,0,0.048200017772614956,1,5.834000068716705,1,9.943400043994188,1,42.12449991609901,1,gesture,0.008600065484642982,1
1790161595.6188812,,0.03840827941894531,26.036053036698615,,9.726300020702183,,1,held,,0,1,,,held,0,0.05719996988773346,1,,0,9.621999925002456,1,,0,gesture,0.008600065484642982,1
1790161595.6820462,,0.06316494941711426,15.831564961707299,,57.31399997603148,,0,,,0,0,,,no_hand,0,0.005100038833916187,1,,0,10.782699915580451,1,46.48809996433556,1,gesture,0.009999959729611874,1
1790161595.7005098,,0.018463611602783203,54.16058469564319,,9.896100033074617,,0,,,0,0,,,no_hand,0,0.004600035026669502,1,,0,9.848799905739725,1,,0,gesture,0.008399947546422482,1
1790161595.7537396,,0.05322980880737305,18.78646612500112,,42.58159990422428,,0,,,0,0,,,no_hand,0,0.004900037311017513,1,6.325199967250228,1,9.572400012984872,1,26.654499932192266,1,gesture,0.008600065484642982,1
1790161595.7840815,,0.03034186363220215,32.9577646291538,,10.577899985946715,,0,,,0,0,,,no_hand,0,0.007899943739175797,1,,0,10.518600000068545,1,,0,gesture,0.012500095181167126,1
1790161595.8245234,,0.04044198989868164,24.726775376416352,,33.355000079609454,,0,,,0,0,,,no_hand,0,0.00700005330145359,1,,0,9.048999985679984,1,24.25840008072555,1,gesture,0.012399978004395962,1
1790161595.8448603,,0.02033686637878418,49.171783959952634,,10.090700001455843,,0,,,0,0,,,no_hand,0,0.004699919372797012,1,,0,10.044299997389317,1,,0,gesture,0.008200062438845634,1
1790161595.8954637,,0.050603389739990234,19.761522007481883,,44.21139997430146,,0,,,0,0,,,no_hand,0,0.00509992241859436,1,7.125700009055436,1,10.429200017824769,1,26.626299950294197,1,gesture,0.008900067768990993,1
1790161595.9257886,,0.030324935913085938,32.976162022768726,,10.054999962449074,,0,,,0,0,,,no_hand,0,0.004499917849898338,1,,0,10.007899953052402,1,,0,gesture,0.00870006624609232,1
1790161595.97633,,0.05054140090942383,19.78575943694395,,38.2609999505803,,0,,,0,0,,,no_hand,0,0.004999921657145023,1,,0,11.125699966214597,1,27.09549991413951,1,gesture,0.00970007386058569,1
1790161596.004602,,0.028271913528442383,35.370792960086355,,9.830599999986589,,0,,,0,0,,,no_hand,0,0.004400033503770828,1,,0,9.788700030185282,1,,0,gesture,0.0075999414548277855,1
1790161596.055657,,0.051054954528808594,19.586737648267487,,40.56140000466257,,0,,,0,0,,,no_hand,0,0.020400038920342922,1,6.3856999622657895,1,10.390200070105493,1,23.738499963656068,1,gesture,0.009299954399466515,1
1790161596.0859358,,0.030278921127319336,33.02627579744723,,9.70890000462532,,0,,,0,0,,,no_hand,0,0.005100038833916187,1,,0,9.652100037783384,1,,0,gesture,0.009199953638017178,1
1790161596.1364982,,0.050562381744384766,19.777549345983005,,37.61040000244975,,0,,,0,0,,,no_hand,0,0.004800036549568176,1,,0,10.765100014396012,1,26.808299939148128,1,gesture,0.008699949830770493,1
1790161596.1587992,,0.02230095863342285,44.841121695158066,,9.803100023418665,,0,,,0,0,,,no_hand,0,0.004100031219422817,1,,0,9.759000036865473,1,,0,gesture,0.0077999429777264595,1
1790161596.2173762,,0.05857706069946289,17.071529162766087,,39.9932999862358,,0,,,0,0,,,no_hand,0,0.004400033503770828,1,6.0029999585822225,1,9.64400009252131,1,24.3176999501884,1,gesture,0.008299946784973145,1
1790161596.2497044,,0.032328128814697266,30.932814136318715,,9.94899997022003,,0,,,0,0,,,no_hand,0,0.004500034265220165,1,,0,9.903600090183318,1,,0,gesture,0.007899943739175797,1
1790161596.2901878,,0.04048347473144531,24.701436984687867,,36.577400052919984,,0,,,0,0,,,no_hand,0,0.004300032742321491,1,,0,10.518499999307096,1,26.02470002602786,1,gesture,0.007500057108700275,1
1790161596.329013,,0.038825273513793945,25.7564186803402,,8.689500042237341,,0,,,0,0,,,no_hand,0,0.004800036549568176,1,,0,8.641400025226176,1,,0,gesture,0.0077999429777264595,1
1790161596.3794692,,0.05045604705810547,19.819229969569243,,40.07160000037402,,0,,,0,0,,,no_hand,0,0.004400033503770828,1,6.129799992777407,1,9.125399985350668,1,24.789199931547046,1,gesture,0.0076999422162771225,1
1790161596.411807,,0.03233790397644043,30.92346370774505,,9.695000015199184,,0,,,0,0,,,no_hand,0,0.007700058631598949,1,,0,9.634899906814098,1,,0,gesture,0.014499993994832039,1
1790161596.4662287,,0.05442166328430176,18.375035595217756,,45.37549999076873,,0,,,0,0,,,no_hand,0,6.827600067481399,1,,0,10.542399948462844,1,27.96639990992844,1,face,0.013499986380338669,1
1790161596.4930298,,0.026801109313964844,37.311888410489985,,9.978999965824187,,0,,,0,0,,,no_hand,0,0.5275000585243106,1,,0,9.40970005467534,1,,0,face,0.008499948307871819,1
1790161596.5636687,,0.07063889503479004,14.156506829665082,,49.495199928060174,,0,,,0,0,,,no_hand,0,6.689900066703558,1,6.822899915277958,1,9.734000079333782,1,26.223300024867058,1,face,0.008699949830770493,1
1790161596.5839307,,0.02026200294494629,49.35346237571336,,10.182500001974404,,0,,,0,0,,,no_hand,0,0.5254000425338745,1,,0,9.609899949282408,1,,0,face,0.012399978004395962,1
1790161596.6346478,,0.05071711540222168,19.717209704639366,,40.55040003731847,,0,,,0,0,,,no_hand,0,6.880000000819564,1,,0,9.769099997356534,1,23.864899994805455,1,face,0.009899958968162537,1
1790161596.6528609,,0.01821303367614746,54.90573496877904,,9.565700078383088,,0,,,0,0,,,no_hand,0,0.5062000127509236,1,,0,9.00660001207143,1,,0,face,0.008699949830770493,1
1790161596.7135353,,0.060674428939819336,16.481407694695605,,48.60109998844564,,0,,,0,0,,,no_hand,0,7.381899980828166,1,7.042100070975721,1,10.377299971878529,1,23.76329991966486,1,face,0.014199991710484028,1
1790161596.7358696,,0.02233433723449707,44.774106771139124,,10.5178999947384,,0,,,0,0,,,no_hand,0,0.5394000327214599,1,,0,9.928600047715008,1,,0,face,0.011999974958598614,1
1790161596.7843347,,0.04846501350402832,20.633441068099195,,39.12480000872165,,0,,,0,0,,,no_hand,0,6.78719999268651,1,,0,9.609299944713712,1,22.694199928082526,1,face,0.008100061677396297,1
1790161596.8166032,,0.032268524169921875,30.98995153091382,,10.778900003060699,,0,,,0,0,,,no_hand,0,0.6788999307900667,1,,0,10.05719997920096,1,,0,face,0.008900067768990993,1
1790161596.887655,,0.07105183601379395,14.074231661034922,,64.32880007196218,,0,,,0,0,,,no_hand,0,23.045500041916966,1,5.853999988175929,1,9.76090005133301,1,25.64230002462864,1,face,0.008899951353669167,1
1790161596.9179657,,0.030310630798339844,32.99172513607903,,10.245700017549098,,0,,,0,0,,,no_hand,0,0.5661000031977892,1,,0,9.634500020183623,1,,0,face,0.009699957445263863,1
1790161596.972022,,0.054056406021118164,18.499195074295745,,43.309600092470646,,0,,,0,0,,,no_hand,0,7.244799984619021,1,,0,10.304299998097122,1,25.71330009959638,1,face,0.014199991710484028,1
1790161596.9996333,,0.027611255645751953,36.21711423883948,,10.659900028258562,,0,,,0,0,,,no_hand,0,0.5092000355944037,1,,0,10.106400004588068,1,,0,face,0.00879995059221983,1
1790161597.060077,,0.06044363975524902,16.54433789972349,,47.391399974003434,,0,,,0,0,,,no_hand,0,7.045899983495474,1,6.0773000586777925,1,9.769899887032807,1,24.470399948768318,1,face,0.009400071576237679,1
1790161597.0802317,,0.020154714584350586,49.6161826462412,,9.894600021652877,,0,,,0,0,,,no_hand,0,0.43569994159042835,1,,0,9.418900008313358,1,,0,face,0.008100061677396297,1
1790161597.130846,,0.050614356994628906,19.75724002788612,,46.10779997892678,,0,,,0,0,,,no_hand,0,7.881799945607781,1,,0,11.299100005999207,1,26.87780000269413,1,face,0.014899997040629387,1
1790161597.1611676,,0.030321598052978516,32.97979210240765,,10.307200020179152,,0,,,0,0,,,no_hand,0,0.5332999862730503,1,,0,9.725900017656386,1,,0,face,0.008599949069321156,1
1790161597.219784,,0.05861639976501465,17.060071993654798,,48.79120003897697,,0,,,0,0,,,no_hand,0,6.640300038270652,1,7.310899905860424,1,9.48680005967617,1,25.327400071546435,1,face,0.008299946784973145,1
1790161597.2421162,,0.022332191467285156,44.77840884827262,,10.742699960246682,,0,,,0,0,,,no_hand,0,0.5600000731647015,1,,0,10.1402000291273,1,,0,face,0.007999944500625134,1
1790161597.3712645,,0.12914824485778809,7.743039799736748,,119.31179999373853,0.156,1,pose,59.902100008912385,1,1,59.895999962463975,1,ok,8,6.16810005158186,1,,0,8.502800017595291,1,44.72050000913441,1,face,0.0077999429777264595,1
1790161597.4015543,,0.030289888381958008,33.014317761423115,,9.367399965412915,,1,held,,0,1,,,held,0,0.04549999721348286,1,,0,9.267800021916628,1,,0,gesture,0.011100084520876408,1
1790161597.4742892,,0.07273483276367188,13.748570829181308,,62.228100025095046,,1,iou,0.20070001482963562,1,1,,,ok,0,0.049400026910007,1,5.859500030055642,1,10.497999959625304,1,45.609200024046004,1,gesture,0.008899951353669167,1
1790161597.5025582,,0.028269052505493164,35.37437272811612,,9.505599969998002,,1,held,,0,1,,,held,0,0.051600043661892414,1,,0,9.40380000974983,1,,0,gesture,0.007700058631598949,1
1790161597.5651507,,0.0625925064086914,15.976353358828637,,53.079099976457655,,1,iou,0.15810003969818354,1,1,,,ok,0,0.0475000124424696,1,,0,9.630099986679852,1,43.22289989795536,1,gesture,0.008299946784973145,1
1790161597.5834346,,0.018283843994140625,54.69309409555602,,9.544200031086802,,1,held,,0,1,,,held,0,0.052699935622513294,1,,0,9.441899950616062,1,,0,gesture,0.00800006091594696,1
1790161597.6541545,,0.07071995735168457,14.140280020632389,,57.07570002414286,,1,iou,0.20859995856881142,1,1,,,ok,0,0.08029991295188665,1,5.601300043053925,1,8.465399965643883,1,42.7054000319913,1,gesture,0.012200092896819115,1
1790161597.6765032,,0.022348642349243164,44.7454473687018,,10.79650002066046,,1,held,,0,1,,,held,0,0.053699943237006664,1,,0,10.692899930290878,1,,0,gesture,0.007500057108700275,1
1790161597.747117,,0.07061386108398438,14.16152557938523,,62.0176000520587,,1,iou,0.2319000195711851,1,1,,,ok,0,0.05300005432218313,1,,0,10.137300007045269,1,51.574100041761994,1,gesture,0.010399962775409222,1
1790161597.775445,,0.02832794189453125,35.30083490438998,,9.581500082276762,,1,held,,0,1,,,held,0,0.06480002775788307,1,,0,9.45989997126162,1,,0,gesture,0.009499955922365189,1
1790161597.8481607,,0.07271575927734375,13.752177106284755,,60.481299995444715,,1,iou,0.14140002895146608,1,1,,,ok,0,0.040100072510540485,1,6.4227000111714005,1,9.815900004468858,1,44.05160003807396,1,gesture,0.0074999406933784485,1
1790161597.8783586,,0.030197858810424805,33.114930640538766,,10.393999982625246,,1,held,,0,1,,,held,0,0.05609996151179075,1,,0,10.279899928718805,1,,0,gesture,0.00800006091594696,1
1790161597.9470606,,0.06870198249816895,14.555620720648813,,58.848500018939376,,1,iou,0.17630006186664104,1,1,,,ok,0,0.045199994929134846,1,,0,10.3503999998793,1,48.25620003975928,1,gesture,0.008299946784973145,1
1790161597.9796119,,0.03255128860473633,30.720750018310994,,10.275700013153255,,1,held,,0,1,,,held,0,0.09220000356435776,1,,0,10.120099992491305,1,,0,gesture,0.011999974958598614,1
1790161598.053361,,0.07374906539916992,13.55949386731151,,65.31490001361817,,1,iou,0.1357999863103032,1,1,,,ok,0,0.04050007555633783,1,7.296299911104143,1,10.45150007121265,1,47.38130001351237,1,gesture,0.0073999399319291115,1
1790161598.0806615,,0.027300596237182617,36.62923664055472,,10.855000000447035,,1,held,,0,1,,,held,0,0.10659999679774046,1,,0,10.684600099921227,1,,0,gesture,0.012199976481497288,1
1790161598.1492405,,0.06857895851135254,14.581732089653421,,58.439299929887056,,1,iou,0.15600002370774746,1,1,,,ok,0,0.04680000711232424,1,,0,10.18889993429184,1,48.02869993727654,1,gesture,0.00809994526207447,1
1790161598.182163,,0.03292250633239746,30.3743581944716,,9.931000065989792,,1,held,,0,1,,,held,0,0.07140007801353931,1,,0,9.798999992199242,1,,0,gesture,0.00879995059221983,1
1790161598.2528534,,0.07069039344787598,14.146193722027542,,61.34250003378838,,1,iou,0.2824000548571348,1,1,,,ok,0,0.08249992970377207,1,7.127300021238625,1,10.106800007633865,1,43.727500014938414,1,gesture,0.012499978765845299,1
1790161598.2830358,,0.030182361602783203,33.13193358295022,,9.831100003793836,,1,held,,0,1,,,held,0,0.06330001633614302,1,,0,9.711600025184453,1,,0,gesture,0.008900067768990993,1
1790161598.3537443,,0.0707085132598877,14.142568608740513,,63.945099944248796,,1,iou,0.152900000102818,1,1,,,ok,0,0.04569999873638153,1,,0,11.34770002681762,1,52.37729998771101,1,gesture,0.00809994526207447,1
1790161598.3840628,,0.030318498611450195,32.98316360633822,,9.99070005491376,,1,held,,0,1,,,held,0,0.055200071074068546,1,,0,9.88509994931519,1,,0,gesture,0.00809994526207447,1
1790161598.4547968,,0.07073402404785156,14.137467978967237,,60.4213000042364,,1,iou,0.2513999352231622,1,1,,,ok,0,0.04830001853406429,1,5.334099987521768,1,10.367800015956163,1,44.40969997085631,1,gesture,0.0078000593930482864,1
1790161598.4833527,,0.028555870056152344,35.0190695655078,,9.348000050522387,,1,held,,0,1,,,held,0,0.054900068789720535,1,,0,9.241699939593673,1,,0,gesture,0.008199946023523808,1
1790161598.5459497,,0.06259703636169434,15.975197199782137,,53.64599998574704,,1,iou,0.14319992624223232,1,1,,,ok,0,0.04499999340623617,1,,0,9.505100082606077,1,43.9321999438107,1,gesture,0.00800006091594696,1
1790161598.5641966,,0.018246889114379883,54.80386238616022,,9.28349990863353,,1,held,,0,1,,,held,0,0.11060002725571394,1,,0,9.111299994401634,1,,0,gesture,0.011999974958598614,1
1790161598.645109,,0.08091235160827637,12.359052482386533,,65.74460002593696,,1,iou,0.20540005061775446,1,1,,,ok,0,0.05859998054802418,1,6.351000047288835,1,10.022099944762886,1,49.09600003156811,1,gesture,0.00909995287656784,1
1790161598.6677494,,0.022640466690063477,44.16870083507966,,9.765499969944358,,1,held,,0,1,,,held,0,0.07409998215734959,1,,0,9.643100085668266,1,,0,gesture,0.008600065484642982,1
1790161598.7286026,,0.06085324287414551,16.43297797733087,,55.48650003038347,,1,iou,0.2742999931797385,1,1,,,ok,0,0.08560006972402334,1,,0,9.838399942964315,1,45.26169993914664,1,gesture,0.012499978765845299,1
1790161598.7468677,,0.0182650089263916,54.74949418475636,,9.619000018574297,,1,held,,0,1,,,held,0,0.05110003985464573,1,,0,9.521399973891675,1,,0,gesture,0.0073999399319291115,1
1790161598.819993,,0.07312536239624023,13.675145903296274,,64.3184999935329,,1,iou,0.22659997921437025,1,1,,,ok,0,0.04610000178217888,1,5.711600068025291,1,10.055099963210523,1,48.26800001319498,1,gesture,0.00879995059221983,1
1790161598.8482654,,0.028272390365600586,35.37019640251975,,9.404800017364323,,1,held,,0,1,,,held,0,0.0657000346109271,1,,0,9.287399938330054,1,,0,gesture,0.00909995287656784,1
1790161598.9108891,,0.06262373924255371,15.96838534548071,,55.6376000167802,,1,iou,0.15419989358633757,1,1,,,ok,0,0.047900015488266945,1,,0,9.637700044550002,1,45.778999920003116,1,gesture,0.008300063200294971,1
1790161598.9313617,,0.02047252655029297,48.84594959705595,,10.193900088779628,,1,held,,0,1,,,held,0,0.05200004670768976,1,,0,10.079000028781593,1,,0,gesture,0.023099943064153194,1
1790161598.9998264,,0.06846475601196289,14.60605511871348,,59.999799937941134,,1,iou,0.23779994808137417,1,1,,,ok,0,0.04269997589290142,1,5.762499989941716,1,9.095899993553758,1,44.8511999566108,1,gesture,0.007600057870149612,1
1790161599.0422537,,0.04242730140686035,23.56972908576984,,10.357000050134957,,1,held,,0,1,,,held,0,0.054999953135848045,1,,0,10.24819992017001,1,,0,gesture,0.00800006091594696,1
1790161599.1026537,,0.06040000915527344,16.55628888116967,,49.97429996728897,,1,iou,0.13729999773204327,1,1,,,ok,0,0.04449998959898949,1,,0,9.279099991545081,1,40.49489996396005,1,gesture,0.0077999429777264595,1
1790161599.120926,,0.01827216148376465,54.728062735682876,,9.668399929068983,,1,held,,0,1,,,held,0,0.056699966080486774,1,,0,9.561100043356419,1,,0,gesture,0.008599949069321156,1
1790161599.1937034,,0.07277750968933105,13.740508630602356,,60.536199947819114,,1,iou,0.15730003360658884,1,1,,,ok,0,0.07489998824894428,1,6.044800044037402,1,10.178399970754981,1,44.06869993545115,1,gesture,0.007899943739175797,1
1790161599.2240505,,0.030347108840942383,32.9520681934242,,10.31200005672872,,1,held,,0,1,,,held,0,0.04850002005696297,1,,0,10.216700029559433,1,,0,gesture,0.0069999368861317635,1
1790161599.2844732,,0.060422658920288086,16.550082665498696,,55.17159996088594,,1,iou,0.14080002438277006,1,1,,,ok,0,0.04190008621662855,1,,0,9.85559995751828,1,45.11509998701513,1,gesture,0.007999944500625134,1
1790161599.3027706,,0.018297433853149414,54.65247247377679,,9.35639999806881,,1,held,,0,1,,,held,0,0.05149992648512125,1,,0,9.255000040866435,1,,0,gesture,0.00800006091594696,1
1790161599.435931,,0.13316035270690918,7.509742800103846,,122.30129993986338,0.165,1,pose,60.99639995954931,1,1,60.98860001657158,1,ok,8,0.05009991582483053,1,6.45659992005676,1,10.296600055880845,1,44.493200024589896,1,gesture,0.006900052540004253,1
1790161599.4643693,,0.028438329696655273,35.16380922039923,,9.458699962124228,,1,held,,0,1,,,held,0,0.08330005221068859,1,,0,9.324499987997115,1,,0,gesture,0.010299962013959885,1
1790161599.526987,,0.06261777877807617,15.969905344999582,,57.469199993647635,,1,iou,0.14530005864799023,1,1,,,ok,0,0.044100102968513966,1,,0,10.176599957048893,1,47.08240006584674,1,gesture,0.007999944500625134,1
1790161599.5654213,,0.03843426704406738,26.01844855928786,,9.359699906781316,,1,held,,0,1,,,held,0,0.05150004290044308,1,,0,9.259500075131655,1,,0,gesture,0.0078000593930482864,1
1790161599.6382012,,0.07277989387512207,13.740058507310138,,66.13699998706579,,1,iou,0.21030008792877197,1,1,,,ok,0,0.08329993579536676,1,6.278399960137904,1,10.489200009033084,1,49.05989998951554,1,gesture,0.012999982573091984,1
1790161599.6687853,,0.030584096908569336,32.69673134339993,,10.20959997549653,,1,held,,0,1,,,held,0,0.08779997006058693,1,,0,10.065399925224483,1,,0,gesture,0.009599956683814526,1
1790161599.7294405,,0.06065511703491211,16.486655188949946,,56.74329993780702,,1,iou,0.14410004951059818,1,1,,,ok,0,0.08409994188696146,1,,0,9.255400043912232,1,47.23659995943308,1,gesture,0.011399970389902592,1
1790161599.767834,,0.038393497467041016,26.046077225927444,,9.314000024460256,,1,held,,0,1,,,held,0,0.05779997445642948,1,,0,9.208500036038458,1,,0,gesture,0.00870006624609232,1
1790161599.838552,,0.07071805000305176,14.140661400545492,,58.40360000729561,,1,iou,0.28709997422993183,1,1,,,ok,0,0.0849999487400055,1,5.650200066156685,1,9.600999997928739,1,42.654699995182455,1,gesture,0.012499978765845299,1
1790161599.8709645,,0.03241252899169922,30.852267043281255,,10.452200076542795,,1,held,,0,1,,,held,0,0.06760004907846451,1,,0,10.193499969318509,1,,0,gesture,0.14839996583759785,1
1790161599.9316387,,0.060674190521240234,16.481472458209883,,54.19819999951869,,1,iou,0.14049990568310022,1,1,,,ok,0,0.04339998122304678,1,,0,9.14450001437217,1,44.8513999581337,1,gesture,0.008100061677396297,1
1790161599.9519324,,0.020293712615966797,49.27634577880119,,10.688000009395182,,1,held,,0,1,,,held,0,0.05929998587816954,1,,0,10.576099972240627,1,,0,gesture,0.008499948307871819,1
1790161600.0227482,,0.0708158016204834,14.121142133774152,,66.20150001253933,,1,iou,0.13749999925494194,1,1,,,ok,0,0.04229997284710407,1,7.183300098404288,1,9.659099974669516,1,49.169500009156764,1,gesture,0.0076999422162771225,1
1790161600.053059,,0.030310869216918945,32.991465630481464,,10.549800004810095,,1,held,,0,1,,,held,0,0.08750008419156075,1,,0,10.411700000986457,1,,0,gesture,0.0074999406933784485,1
1790161600.1134937,,0.060434579849243164,16.546818104710017,,57.144799968227744,,1,iou,0.15869992785155773,1,1,,,ok,0,0.049699912779033184,1,,0,9.817700018174946,1,47.099299961701035,1,gesture,0.009100069291889668,1
1790161600.1518695,,0.0383758544921875,26.058051689860836,,9.348800056613982,,1,held,,0,1,,,held,0,0.045199994929134846,1,,0,9.259200072847307,1,,0,gesture,0.00700005330145359,1
1790161600.2245946,,0.07272505760192871,13.750418809891453,,61.7799999890849,,1,iou,0.2261000918224454,1,1,,,ok,0,0.050600036047399044,1,6.0520999832078815,1,9.446199983358383,1,45.992800034582615,1,gesture,0.009999959729611874,1
1790161600.2528307,,0.02823615074157715,35.415592201366195,,9.212500066496432,,1,held,,0,1,,,held,0,0.08390005677938461,1,,0,9.064799989573658,1,,0,gesture,0.01279998105019331,1
1790161600.3155613,,0.06273055076599121,15.941195921113142,,56.97959999088198,,1,iou,0.2618000144138932,1,1,,,ok,0,0.04610000178217888,1,,0,10.255899978801608,1,46.39829997904599,1,gesture,0.008300063200294971,1
1790161600.35595,,0.04038882255554199,24.75932539565415,,9.953900007531047,,1,held,,0,1,,,held,0,0.11010002344846725,1,,0,9.793100063689053,1,,0,gesture,0.0072999391704797745,1
1790161600.424575,,0.06862497329711914,14.571954668315765,,60.845799976959825,,1,iou,0.2101999707520008,1,1,,,ok,0,0.05949998740106821,1,5.718000000342727,1,10.024200077168643,1,44.819199945777655,1,gesture,0.012299977242946625,1
1790161600.454892,,0.030316829681396484,32.9849793170701,,9.71769995521754,,1,held,,0,1,,,held,0,0.05289993714541197,1,,0,9.613399975933135,1,,0,gesture,0.008200062438845634,1
1790161600.5176346,,0.06274271011352539,15.938106565537577,,54.3640999821946,,1,iou,0.1946000847965479,1,1,,,ok,0,0.04169996827840805,1,,0,10.230800020508468,1,43.8772999914363,1,gesture,0.0074999406933784485,1
1790161600.5379076,,0.02027297019958496,49.32676318048711,,10.180399985983968,,1,held,,0,1,,,held,0,0.10609999299049377,1,,0,10.011499980464578,1,,0,gesture,0.013899989426136017,1
1790161600.6086462,,0.07073855400085449,14.13656264429607,,62.949600047431886,,1,iou,0.15460001304745674,1,1,,,ok,0,0.046600005589425564,1,5.678499932400882,1,9.77270002476871,1,47.286400105804205,1,gesture,0.008599949069321156,1
1790161600.6391416,,0.030495405197143555,32.79182531057722,,10.006399941630661,,1,held,,0,1,,,held,0,0.062000006437301636,1,,0,9.882100042887032,1,,0,gesture,0.00879995059221983,1
1790161600.6998348,,0.06069326400756836,16.47629298492336,,56.5602999413386,,1,iou,0.2658000448718667,1,1,,,ok,0,0.09410001803189516,1,,0,9.54150001052767,1,46.62889998871833,1,gesture,0.013199984095990658,1
1790161600.7301562,,0.030321359634399414,32.98005142439278,,10.083600063808262,,1,held,,0,1,,,held,0,0.056299963034689426,1,,0,9.976799949072301,1,,0,gesture,0.00870006624609232,1
1790161600.798827,,0.06867074966430664,14.562240908806844,,59.4408999895677,,1,iou,0.1832999987527728,1,1,,,ok,0,0.04569999873638153,1,5.946799996308982,1,9.917200077325106,1,43.337499955669045,1,gesture,0.00809994526207447,1
1790161600.829115,,0.030287981033325195,33.01639679778332,,9.290699963457882,,1,held,,0,1,,,held,0,0.052999937906861305,1,,0,9.188299998641014,1,,0,gesture,0.00800006091594696,1
1790161600.8917282,,0.06261324882507324,15.971060738179645,,55.898700025863945,,1,iou,0.14049990568310022,1,1,,,ok,0,0.04369998350739479,1,,0,9.291700087487698,1,46.404500026255846,1,gesture,0.008200062438845634,1
1790161600.9099722,,0.018244028091430664,54.8124567112296,,9.163399925455451,,1,held,,0,1,,,held,0,0.049999915063381195,1,,0,9.068300016224384,1,,0,gesture,0.007900060154497623,1
1790161600.9827344,,0.07276225090026855,13.743390118189831,,64.14489995222539,,1,iou,0.13760000001639128,1,1,,,ok,0,0.0423000892624259,1,6.783899967558682,1,10.33570000436157,1,46.83510004542768,1,gesture,0.007899943739175797,1
1790161601.0111527,,0.028418302536010742,35.188590125424724,,9.866599924862385,,1,held,,0,1,,,held,0,0.052999937906861305,1,,0,9.763200068846345,1,,0,gesture,0.007700058631598949,1
1790161601.0762157,,0.0650629997253418,15.36971864533482,,53.32050006836653,,1,iou,0.11899997480213642,1,1,,,ok,0,0.03720005042850971,1,,0,9.431500104255974,1,43.712500017136335,1,gesture,0.0070999376475811005,1
1790161601.104181,,0.027965307235717773,35.75859158531907,,9.829999995417893,,1,held,,0,1,,,held,0,0.054299947805702686,1,,0,9.729199926368892,1,,0,gesture,0.008100061677396297,1
1790161601.182934,,0.07875299453735352,12.697929848568332,,57.31549998745322,,1,iou,0.273600104264915,1,1,,,ok,0,0.0852999510243535,1,5.13519998639822,1,9.533599950373173,1,42.27189999073744,1,gesture,0.012299977242946625,1
1790161601.213716,,0.030781984329223633,32.48653463352671,,9.73859999794513,,1,held,,0,1,,,held,0,0.09919994045048952,1,,0,9.579199948348105,1,,0,gesture,0.012399978004395962,1
1790161601.285428,,0.07171201705932617,13.944664241876175,,59.70040010288358,,1,iou,0.21989992819726467,1,1,,,ok,0,0.05630007945001125,1,,0,10.873400024138391,1,48.52800001390278,1,gesture,0.012499978765845299,1
1790161601.3168201,,0.03139209747314453,31.855150833915605,,10.354099911637604,,1,held,,0,1,,,held,0,0.052699935622513294,1,,0,10.255100089125335,1,,0,gesture,0.008100061677396297,1
1790161601.3873916,,0.0705714225769043,14.170041689470875,,64.94850001763552,,1,iou,0.12780004180967808,1,1,,,ok,0,0.04050007555633783,1,6.791099905967712,1,10.322800022549927,1,47.6568000158295,1,gesture,0.0075999414548277855,1
1790161601.4179564,,0.03056478500366211,32.71739028689995,,10.560399969108403,,1,held,,0,1,,,held,0,0.07509998977184296,1,,0,10.422099963761866,1,,0,gesture,0.01100008375942707,1
1790161601.549835,,0.13187861442565918,7.582730561395961,,125.26310002431273,0.16,1,pose,62.24200001452118,1,1,62.23000003956258,1,ok,8,0.0817000400274992,1,,0,11.952499975450337,1,50.96119991503656,1,gesture,0.011599971912801266,1
1790161601.5781727,,0.028337717056274414,35.28865779886755,,9.573000017553568,,1,held,,0,1,,,held,0,0.0610999995842576,1,,0,9.452400030568242,1,,0,gesture,0.008900067768990993,1
1790161601.6513383,,0.0731656551361084,13.667614923145605,,63.5974999750033,,1,iou,0.1183999702334404,1,1,,,ok,0,0.03809994086623192,1,6.010700017213821,1,10.34160004928708,1,47.07979992963374,1,gesture,0.006900052540004253,1
1790161601.6811354,,0.029797077178955078,33.56033861959705,,10.91940002515912,,1,held,,0,1,,,held,0,0.0681000528857112,1,,0,10.795200010761619,1,,0,gesture,0.009399955160915852,1
1790161601.7423406,,0.061205148696899414,16.338494739261353,,53.07539994828403,,1,iou,0.1580999232828617,1,1,,,ok,0,0.04980002995580435,1,,0,10.02909999806434,1,42.81819995958358,1,gesture,0.009200070053339005,1
1790161601.7605805,,0.018239974975585938,54.82463662030744,,9.170700097456574,,1,held,,0,1,,,held,0,0.05170004442334175,1,,0,9.07190004363656,1,,0,gesture,0.007999944500625134,1
1790161601.8313313,,0.07075071334838867,14.134133108677338,,59.0861999662593,,1,iou,0.1620999537408352,1,1,,,ok,0,0.05170004442334175,1,5.683799972757697,1,10.30190009623766,1,42.875399929471314,1,gesture,0.008899951353669167,1
1790161601.8616161,,0.030284881591796875,33.019775790401816,,9.055800037458539,,1,held,,0,1,,,held,0,0.050600036047399044,1,,0,8.957000100053847,1,,0,gesture,0.0078000593930482864,1
1790161601.9420545,,0.08043837547302246,12.431877124810676,,54.201899911276996,,1,iou,0.13240007683634758,1,1,,,ok,0,0.0412999652326107,1,,0,8.79769993480295,1,45.213199919089675,1,gesture,0.0072999391704797745,1
1790161601.9623609,,0.02030634880065918,49.24568221577767,,9.854100062511861,,1,held,,0,1,,,held,0,0.09540002793073654,1,,0,9.69410000834614,1,,0,gesture,0.012399978004395962,1
1790161602.0351589,,0.07279801368713379,13.736638533816734,,64.3327001016587,,1,iou,0.14919997192919254,1,1,,,ok,0,0.04610000178217888,1,6.224500015377998,1,10.50299999769777,1,47.39970003720373,1,gesture,0.0078000593930482864,1
1790161602.0636978,,0.028538942337036133,35.039840937001365,,9.693400003015995,,1,held,,0,1,,,held,0,0.053600058890879154,1,,0,9.586500003933907,1,,0,gesture,0.008199946023523808,1
1790161602.1263642,,0.06266641616821289,15.957510595719102,,55.61929999385029,,1,iou,0.14730007387697697,1,1,,,ok,0,0.04610000178217888,1,,0,9.609399945475161,1,45.797099941410124,1,gesture,0.008299946784973145,1
1790161602.1446276,,0.01826333999633789,54.754497271611704,,9.839300066232681,,1,held,,0,1,,,held,0,0.06450002547353506,1,,0,9.715300053358078,1,,0,gesture,0.009199953638017178,1
1790161602.2173564,,0.07272887229919434,13.749697587584864,,60.574500006623566,,1,iou,0.31109992414712906,1,1,,,ok,0,0.06729993037879467,1,6.385799963027239,1,10.037300060503185,1,43.760200031101704,1,gesture,0.009900075383484364,1
1790161602.245654,,0.02829766273498535,35.33860762159931,,9.767199982888997,,1,held,,0,1,,,held,0,0.05530007183551788,1,,0,9.6614999929443,1,,0,gesture,0.008699949830770493,1
1790161602.3083322,,0.06267809867858887,15.954536290706034,,56.00609991233796,,1,iou,0.15209999401122332,1,1,,,ok,0,0.04840001929551363,1,,0,10.183700011111796,1,45.60219997074455,1,gesture,0.008900067768990993,1
1790161602.3467402,,0.03840804100036621,26.036214655948353,,9.683300042524934,,1,held,,0,1,,,held,0,0.05849997978657484,1,,0,9.577600052580237,1,,0,gesture,0.008200062438845634,1
1790161602.4194396,,0.07269930839538574,13.755289040183916,,61.177599942311645,,1,iou,0.20030001178383827,1,1,,,ok,0,0.06009999196976423,1,6.053999997675419,1,10.244200006127357,1,44.605599949136376,1,gesture,0.010500079952180386,1
1790161602.4477627,,0.02832317352294922,35.306778005993465,,9.515299927443266,,1,held,,0,1,,,held,0,0.05730008706450462,1,,0,9.38449997920543,1,,0,gesture,0.008999952115118504,1
1790161602.51035,,0.06258726119995117,15.977692278389394,,57.43399995844811,,1,iou,0.13929989654570818,1,1,,,ok,0,0.041499966755509377,1,,0,9.708500001579523,1,47.52649995498359,1,gesture,0.007700058631598949,1
1790161602.548747,,0.03839707374572754,26.043651311091654,,9.618200012482703,,1,held,,0,1,,,held,0,0.05689996760338545,1,,0,9.51609993353486,1,,0,gesture,0.00870006624609232,1
1790161602.621484,,0.07273697853088379,13.74816524136213,,66.9570000609383,,1,iou,0.14030002057552338,1,1,,,ok,0,0.042400090023875237,1,6.703000050038099,1,10.64959994982928,1,49.41149998921901,1,gesture,0.007999944500625134,1
1790161602.6517942,,0.03031015396118164,32.992244159521746,,10.189300053752959,,1,held,,0,1,,,held,0,0.049400026910007,1,,0,10.09120000526309,1,,0,gesture,0.007999944500625134,1
1790161602.7123392,,0.06054496765136719,16.51664934001197,,57.191899977624416,,1,iou,0.18409988842904568,1,1,,,ok,0,0.04539999645203352,1,,0,11.293500079773366,1,45.64649995882064,1,gesture,0.008600065484642982,1
1790161602.750805,,0.03846573829650879,25.997161221542484,,9.224000037647784,,1,held,,0,1,,,held,0,0.051699928008019924,1,,0,9.124099975451827,1,,0,gesture,0.008200062438845634,1
1790161602.8234887,,0.07268381118774414,13.758221860669558,,62.66739999409765,,1,iou,0.1406000228598714,1,1,,,ok,0,0.04329998046159744,1,6.249899975955486,1,9.95779992081225,1,46.26570001710206,1,gesture,0.007900060154497623,1
1790161602.8517706,,0.02828192710876465,35.35826947556545,,9.375899913720787,,1,held,,0,1,,,held,0,0.049200025387108326,1,,0,9.279899997636676,1,,0,gesture,0.007500057108700275,1
1790161602.9225326,,0.07076191902160645,14.131894864166417,,58.46170010045171,,1,iou,0.1767000649124384,1,1,,,ok,0,0.05110003985464573,1,,0,10.307799908332527,1,47.90340003091842,1,gesture,0.01009996049106121,1
1790161602.9528499,,0.030317306518554688,32.98446052217678,,9.778900071978569,,1,held,,0,1,,,held,0,0.060399994254112244,1,,0,9.66760003939271,1,,0,gesture,0.00900006853044033,1
1790161603.0157597,,0.06290984153747559,15.895764089698064,,56.35010008700192,,1,iou,0.13369997031986713,1,1,,,ok,0,0.04069996066391468,1,5.731599987484515,1,9.431199985556304,1,41.00330010987818,1,gesture,0.007500057108700275,1
1790161603.0541272,,0.038367509841918945,26.063719123815442,,9.284799918532372,,1,held,,0,1,,,held,0,0.05339994095265865,1,,0,9.18020005337894,1,,0,gesture,0.008400063961744308,1
1790161603.126718,,0.07259082794189453,13.775845080599604,,61.037000035867095,,1,iou,0.16579998191446066,1,1,,,ok,0,0.051200040616095066,1,,0,11.089300038293004,1,49.71080005634576,1,gesture,0.00909995287656784,1
1790161603.1550424,,0.028324365615844727,35.30529204299627,,9.436699911020696,,1,held,,0,1,,,held,0,0.0521000474691391,1,,0,9.33270005043596,1,,0,gesture,0.00800006091594696,1
1790161603.2258542,,0.07081174850463867,14.121950398308451,,59.453099966049194,,1,iou,0.16339996363967657,1,1,,,ok,0,0.0491999089717865,1,6.128599983640015,1,10.134399984963238,1,42.9666000418365,1,gesture,0.008500064723193645,1
1790161603.2581677,,0.03231358528137207,30.94673621922336,,9.858099976554513,,1,held,,0,1,,,held,0,0.09499990846961737,1,,0,9.697999921627343,1,,0,gesture,0.013299984857439995,1
1790161603.3289518,,0.07078409194946289,14.127468085823033,,60.684299911372364,,1,iou,0.47220010310411453,1,1,,,ok,0,0.1898000482469797,1,,0,9.367799968458712,1,50.63429998699576,1,gesture,0.009699957445263863,1
1790161603.3572066,,0.02825474739074707,35.39228244268368,,9.736799984239042,,1,held,,0,1,,,held,0,0.0521000474691391,1,,0,9.63490002322942,1,,0,gesture,0.007600057870149612,1
1790161603.4499154,,0.09270882606506348,10.786459525419893,,59.15300000924617,,1,iou,0.16649998724460602,1,1,,,ok,0,0.049200025387108326,1,5.630600033327937,1,9.873799979686737,1,43.42130001168698,1,gesture,0.009200070053339005,1
1790161603.4701815,,0.020266056060791016,49.34359191548434,,10.55360003374517,,1,held,,0,1,,,held,0,0.07350009400397539,1,,0,10.420900071039796,1,,0,gesture,0.010599964298307896,1
1790161603.5310907,,0.060909271240234375,16.41786184004509,,54.22539997380227,,1,iou,0.2736999886110425,1,1,,,ok,0,0.0814999220892787,1,,0,9.01539996266365,1,44.83340005390346,1,gesture,0.010300078429281712,1
1790161603.5513942,,0.02030348777770996,49.25262156671638,,9.954000008292496,,1,held,,0,1,,,held,0,0.11020002420991659,1,,0,9.779200074262917,1,,0,gesture,0.012299977242946625,1
1790161603.6809554,,0.129561185836792,7.718360970080178,,120.95830007456243,0.145,1,pose,59.50450000818819,1,1,59.49690006673336,1,ok,8,0.06280001252889633,1,6.257400033064187,1,10.075700003653765,1,45.04810005892068,1,gesture,0.00809994526207447,1
1790161603.7012944,,0.020339012145996094,49.16659633328644,,9.618400014005601,,1,held,,0,1,,,held,0,0.06029999349266291,1,,0,9.512200020253658,1,,0,gesture,0.008699949830770493,1
1790161603.7659945,,0.06470012664794922,15.455920286543932,,51.51179991662502,,1,iou,0.16289995983242989,1,1,,,ok,0,0.04630000330507755,1,,0,9.878700016997755,1,41.40639991965145,1,gesture,0.008200062438845634,1
1790161603.7838333,,0.017838716506958008,56.05784472273827,,10.494899936020374,,1,held,,0,1,,,held,0,0.06849993951618671,1,,0,10.37140004336834,1,,0,gesture,0.010300078429281712,1
1790161603.8641746,,0.08034133911132812,12.446892360286785,,65.86660002358258,,1,iou,0.1385000068694353,1,1,,,ok,0,0.04279997665435076,1,7.12660001590848,1,9.946700069122016,1,48.601999995298684,1,gesture,0.0077999429777264595,1
1790161603.8820298,,0.017855167388916016,56.0061957537722,,9.780199965462089,,1,held,,0,1,,,held,0,0.051999930292367935,1,,0,9.681299910880625,1,,0,gesture,0.00800006091594696,1
1790161603.950668,,0.06863832473754883,14.569120150057314,,48.93779999110848,,1,iou,0.25019992608577013,1,1,,,ok,0,0.07770000956952572,1,,0,9.218099992722273,1,39.36759999487549,1,gesture,0.012499978765845299,1
1790161603.975627,,0.02495884895324707,40.06595023164732,,10.202800040133297,,1,held,,0,1,,,held,0,0.1039999770000577,1,,0,10.038099950179458,1,,0,gesture,0.012899981811642647,1
1790161604.0484872,,0.0728602409362793,13.724906576613721,,58.78149997442961,,1,iou,0.15129998791962862,1,1,,,ok,0,0.05709996912628412,1,5.844000028446317,1,9.843899984844029,1,42.87409991957247,1,gesture,0.008500064723193645,1
1790161604.0663848,,0.017897605895996094,55.87339478872489,,10.408100089989603,,1,held,,0,1,,,held,0,0.0619000056758523,1,,0,10.29120001476258,1,,0,gesture,0.00900006853044033,1
1790161604.1487951,,0.08241033554077148,12.134400296250007,,58.679900015704334,,1,iou,0.1401999033987522,1,1,,,ok,0,0.0393999507650733,1,,0,9.825300076045096,1,48.656900064088404,1,gesture,0.007700058631598949,1
1790161604.1766765,,0.027881383895874023,35.86622542606227,,9.584099985659122,,1,held,,0,1,,,held,0,0.049400026910007,1,,0,9.487500065006316,1,,0,gesture,0.0077999429777264595,1
1790161604.2488728,,0.07219624519348145,13.85113584951769,,61.106399982236326,,1,iou,0.11849997099488974,1,1,,,ok,0,0.09079999290406704,1,5.989899975247681,1,9.959000046364963,1,44.9330999981612,1,gesture,0.011699972674250603,1
1790161604.2666965,,0.01782369613647461,56.10508574333182,,9.969200007617474,,1,held,,0,1,,,held,0,0.05150004290044308,1,,0,9.868500055745244,1,,0,gesture,0.0073999399319291115,1
1790161604.3335218,,0.06682538986206055,14.96437210563496,,55.20619999151677,,1,iou,0.13780000153928995,1,1,,,ok,0,0.04179996903985739,1,,0,9.159900015220046,1,45.848999987356365,1,gesture,0.0076999422162771225,1
1790161604.3669841,,0.0334622859954834,29.88438985115888,,10.042699985206127,,1,held,,0,1,,,held,0,0.0849999487400055,1,,0,9.895100025460124,1,,0,gesture,0.012200092896819115,1
1790161604.4531589,,0.08617472648620605,11.6043304200109,,68.89559992123395,,1,iou,0.1495999749749899,1,1,,,ok,0,0.09190000128000975,1,6.321099936030805,1,9.940900024957955,1,52.37930000294,1,gesture,0.008800067007541656,1
1790161604.4735577,,0.020398855209350586,49.02235884009865,,9.540200000628829,,1,held,,0,1,,,held,0,0.05180004518479109,1,,0,9.439700050279498,1,,0,gesture,0.00809994526207447,1
1790161604.5361555,,0.06259775161743164,15.975014663650144,,50.28159997891635,,1,iou,0.2479000249877572,1,1,,,ok,0,0.0439999857917428,1,,0,9.532500058412552,1,40.43920000549406,1,gesture,0.008199946023523808,1
1790161604.5544212,,0.018265724182128906,54.74735028455072,,9.550699964165688,,1,held,,0,1,,,held,0,0.05149992648512125,1,,0,9.440799942240119,1,,0,gesture,0.007900060154497623,1
1790161604.6271086,,0.07268738746643066,13.757544944944287,,63.47129994537681,,1,iou,0.13509998098015785,1,1,,,ok,0,0.0415000831708312,1,5.467799957841635,1,9.880300029180944,1,47.936900053173304,1,gesture,0.0075999414548277855,1
1790161604.6554303,,0.02832174301147461,35.308561326711,,9.736299980431795,,1,held,,0,1,,,held,0,0.09539991151541471,1,,0,9.577599936164916,1,,0,gesture,0.012499978765845299,1
1790161604.7180862,,0.06265592575073242,15.960182345375536,,57.288500014692545,,1,iou,0.1545000122860074,1,1,,,ok,0,0.04770001396536827,1,,0,9.825000073760748,1,47.23969998303801,1,gesture,0.008899951353669167,1
1790161604.7463748,,0.028288602828979492,35.349925411500955,,9.65849997010082,,1,held,,0,1,,,held,0,0.05159992724657059,1,,0,9.558899910189211,1,,0,gesture,0.007700058631598949,1
1790161604.8190546,,0.07267975807189941,13.758989112356934,,61.64589989930391,,1,iou,0.13639999087899923,1,1,,,ok,0,0.04220008850097656,1,5.790600087493658,1,9.997299988754094,1,45.669599901884794,1,gesture,0.0075999414548277855,1
1790161604.8494563,,0.03040170669555664,32.89289019244946,,10.229800012893975,,1,held,,0,1,,,held,0,0.10649999603629112,1,,0,10.058299987576902,1,,0,gesture,0.012999982573091984,1
1790161604.9104419,,0.060985565185546875,16.397322824795147,,57.977300020866096,,1,iou,0.16279995907098055,1,1,,,ok,0,0.043199979700148106,1,,0,9.911600034683943,1,47.83759999554604,1,gesture,0.0078000593930482864,1
1790161604.9488122,,0.038370370864868164,26.061775725905168,,9.708600002340972,,1,held,,0,1,,,held,0,0.05509995389729738,1,,0,9.606799925677478,1,,0,gesture,0.008500064723193645,1
1790161605.0214531,,0.07264089584350586,13.766350048247658,,58.23129997588694,,1,iou,0.1786999637261033,1,1,,,ok,0,0.05179992876946926,1,5.454900092445314,1,9.42269992083311,1,43.11069997493178,1,gesture,0.009800074622035027,1
1790161605.0518441,,0.03039097785949707,32.90450227114044,,10.605900082737207,,1,held,,0,1,,,held,0,0.06250001024454832,1,,0,10.493000037968159,1,,0,gesture,0.008600065484642982,1
1790161605.122692,,0.07084798812866211,14.114726845651136,,65.50190004054457,,1,iou,0.228899996727705,1,1,,,ok,0,0.08119991980493069,1,,0,12.584000010974705,1,52.58420004975051,1,gesture,0.01100008375942707,1
1790161605.1433954,,0.02070331573486328,48.30144179833249,,11.323200073093176,,1,held,,0,1,,,held,0,0.05570007488131523,1,,0,11.218099971301854,1,,0,gesture,0.008399947546422482,1
1790161605.2040663,,0.06067085266113281,16.482379200855103,,57.19740001950413,,1,iou,0.13699999544769526,1,1,,,ok,0,0.09189988486468792,1,5.474100005812943,1,9.41699999384582,1,42.066400055773556,1,gesture,0.007400056347250938,1
1790161605.2425313,,0.038465023040771484,25.997644637832074,,9.557300014421344,,1,held,,0,1,,,held,0,0.06089999806135893,1,,0,9.447299991734326,1,,0,gesture,0.008999952115118504,1
1790161605.3053553,,0.06282401084899902,15.91748101539641,,54.79109997395426,,1,iou,0.29610004276037216,1,1,,,ok,0,0.07369997911155224,1,,0,9.998800000175834,1,44.39599998295307,1,gesture,0.013199984095990658,1
1790161605.325696,,0.020340681076049805,49.16256226923753,,10.678200051188469,,1,held,,0,1,,,held,0,0.054999953135848045,1,,0,10.56530000641942,1,,0,gesture,0.0078000593930482864,1
1790161605.3862839,,0.06058788299560547,16.504950339204484,,55.73410005308688,,1,iou,0.19529997371137142,1,1,,,ok,0,0.04429998807609081,1,5.82119997125119,1,9.02910006698221,1,40.63449997920543,1,gesture,0.007700058631598949,1
1790161605.426653,,0.04036903381347656,24.771462319867705,,11.004800093360245,,1,held,,0,1,,,held,0,0.08929998148232698,1,,0,10.861799935810268,1,,0,gesture,0.007900060154497623,1
1790161605.4873087,,0.060655832290649414,16.48646077772406,,57.16490000486374,,1,iou,0.29120000544935465,1,1,,,ok,0,0.05100003909319639,1,,0,9.558300022035837,1,47.244600020349026,1,gesture,0.008699949830770493,1
1790161605.5259326,,0.038623809814453125,25.890765432098764,,9.633200010284781,,1,held,,0,1,,,held,0,0.11119991540908813,1,,0,9.469400043599308,1,,0,gesture,0.012299977242946625,1
1790161605.5966356,,0.07070302963256836,14.143665486427247,,59.841200010851026,,1,iou,0.13399997260421515,1,1,,,ok,0,0.040499959141016006,1,6.410000030882657,1,9.844999993219972,1,43.40219998266548,1,gesture,0.007500057108700275,1
1790161605.62694,,0.030304431915283203,32.99847371485217,,9.439299930818379,,1,held,,0,1,,,held,0,0.05149992648512125,1,,0,9.33859997894615,1,,0,gesture,0.007700058631598949,1
1790161605.7500603,,0.12312030792236328,8.122136931549717,,117.3236999893561,0.155,1,pose,58.26710001565516,1,1,58.25960007496178,1,ok,8,0.06480002775788307,1,,0,9.693300002254546,1,49.27909991238266,1,gesture,0.008999952115118504,1
1790161605.7803829,,0.030322551727294922,32.97875485524681,,10.202800040133297,,1,held,,0,1,,,held,0,0.06330001633614302,1,,0,10.094000026583672,1,,0,gesture,0.009199953638017178,1
1790161605.845104,,0.06472110748291016,15.450909894643779,,59.36760001350194,,1,iou,0.16769999638199806,1,1,,,ok,0,0.04740001168102026,1,5.939500057138503,1,9.47019993327558,1,43.731799931265414,1,gesture,0.00870006624609232,1
1790161605.8629115,,0.017807483673095703,56.15616548400054,,9.802700020372868,,1,held,,0,1,,,held,0,0.05300005432218313,1,,0,9.706699987873435,1,,0,gesture,0.008299946784973145,1
1790161605.9308069,,0.06789541244506836,14.728535610694797,,60.62100001145154,,1,iou,0.16419996973127127,1,1,,,ok,0,0.04959991201758385,1,,0,10.750200017355382,1,49.637500080280006,1,gesture,0.009100069291889668,1
1790161605.9486015,,0.01779460906982422,56.19679511227826,,10.308199911378324,,1,held,,0,1,,,held,0,0.05380006041377783,1,,0,10.204300051555037,1,,0,gesture,0.007999944500625134,1
1790161606.020924,,0.07232260704040527,13.826935185581998,,56.35600001551211,,1,iou,0.14889996964484453,1,1,,,ok,0,0.04569999873638153,1,6.673899944871664,1,9.388500009663403,1,40.08830001112074,1,gesture,0.008500064723193645,1
1790161606.041214,,0.020289897918701172,49.28561020892576,,10.381800006143749,,1,held,,0,1,,,held,0,0.08400005754083395,1,,0,10.245700017549098,1,,0,gesture,0.008499948307871819,1
1790161606.1022894,,0.061075448989868164,16.37319113553943,,58.02119988948107,,1,iou,0.14539994299411774,1,1,,,ok,0,0.045199994929134846,1,,0,9.794600075110793,1,48.01709996536374,1,gesture,0.008800067007541656,1
1790161606.1406515,,0.03836202621459961,26.067444780052455,,9.615500108338892,,1,held,,0,1,,,held,0,0.046900007873773575,1,,0,9.522899985313416,1,,0,gesture,0.007300055585801601,1
1790161606.211287,,0.07063555717468262,14.15717579075631,,56.946199969388545,,1,iou,0.1495999749749899,1,1,,,ok,0,0.08420005906373262,1,7.5029999716207385,1,10.198800009675324,1,38.99430006276816,1,gesture,0.012599979527294636,1
1790161606.2517216,,0.04043459892272949,24.731295144314394,,9.462799993343651,,1,held,,0,1,,,held,0,0.06290001329034567,1,,0,9.350499953143299,1,,0,gesture,0.00879995059221983,1
1790161606.3143137,,0.0625920295715332,15.976475069515866,,55.42990006506443,,1,iou,0.1514999894425273,1,1,,,ok,0,0.046600005589425564,1,,0,9.667700040154159,1,45.54399999324232,1,gesture,0.00879995059221983,1
1790161606.3325627,,0.018249034881591797,54.79741841080714,,9.624199941754341,,1,held,,0,1,,,held,0,0.05439994856715202,1,,0,9.516200050711632,1,,0,gesture,0.00800006091594696,1
1790161606.4053552,,0.07279253005981445,13.737673346128904,,64.87130001187325,,1,iou,0.12350000906735659,1,1,,,ok,0,0.04000007174909115,1,6.59749994520098,1,10.326300049200654,1,47.7744999807328,1,gesture,0.0075999414548277855,1
1790161606.4357564,,0.030401229858398438,32.893406110797414,,10.649499949067831,,1,held,,0,1,,,held,0,0.0934000127017498,1,,0,10.505500016734004,1,,0,gesture,0.008399947546422482,1
1790161606.4963548,,0.06059837341308594,16.50209310377388,,50.867200014181435,,1,iou,0.15670002903789282,1,1,,,ok,0,0.05030003376305103,1,,0,10.060900007374585,1,40.57940002530813,1,gesture,0.00879995059221983,1
1790161606.506566,,0.01021122932434082,97.9314016203974,,9.893400012515485,,1,held,,0,1,,,held,0,0.06009999196976423,1,,0,9.783899993635714,1,,0,gesture,0.008899951353669167,1
1790161606.5850966,,0.07853055000305176,12.733897826529157,,61.04200007393956,,1,iou,0.22709998302161694,1,1,,,ok,0,0.043899985030293465,1,6.1373000498861074,1,9.410099941305816,1,45.213200035505,1,gesture,0.008300063200294971,1
1790161606.6155462,,0.030449628829956055,32.84112281251223,,9.590699919499457,,1,held,,0,1,,,held,0,0.06120000034570694,1,,0,9.479800006374717,1,,0,gesture,0.008800067007541656,1
1790161606.6779063,,0.06236004829406738,16.03590804298872,,53.42100001871586,,1,iou,0.14429993461817503,1,1,,,ok,0,0.06260001100599766,1,,0,9.724600007757545,1,43.47059992142022,1,gesture,0.008500064723193645,1
1790161606.6982052,,0.02029895782470703,49.263612872915196,,10.190300061367452,,1,held,,0,1,,,held,0,0.056699966080486774,1,,0,10.08379994891584,1,,0,gesture,0.008800067007541656,1
1790161606.7588553,,0.06065011024475098,16.488016195923503,,61.20110000483692,,1,iou,0.15129998791962862,1,1,,,ok,0,0.047900015488266945,1,5.809499998576939,1,9.866899927146733,1,45.31479999423027,1,gesture,0.008500064723193645,1
1790161606.7971601,,0.038304805755615234,26.10638483275448,,9.455100051127374,,1,held,,0,1,,,held,0,0.07040007039904594,1,,0,9.331600042060018,1,,0,gesture,0.00879995059221983,1
1790161606.8797607,,0.08260059356689453,12.106450532829944,,47.72280005272478,,1,iou,0.13179995585232973,1,1,,,ok,0,0.04100007936358452,1,,0,9.237500024028122,1,38.288300042040646,1,gesture,0.0076999422162771225,1
1790161606.9084609,,0.02870011329650879,34.843068027945534,,9.371399995870888,,1,held,,0,1,,,held,0,0.06479991134256124,1,,0,9.254699922166765,1,,0,gesture,0.00800006091594696,1
1790161606.980968,,0.07250714302062988,13.791744624601716,,60.62150001525879,,1,iou,0.14130002819001675,1,1,,,ok,0,0.041899969801306725,1,6.186499958857894,1,9.880700032226741,1,44.36120006721467,1,gesture,0.0077999429777264595,1
1790161607.0092547,,0.02828669548034668,35.35230902792411,,9.628199972212315,,1,held,,0,1,,,held,0,0.0950000248849392,1,,0,9.469900047406554,1,,0,gesture,0.012399978004395962,1
1790161607.0718665,,0.06261181831359863,15.97142563391759,,57.546399999409914,,1,iou,0.1412000274285674,1,1,,,ok,0,0.042199972085654736,1,,0,9.325899998657405,1,48.01829997450113,1,gesture,0.008100061677396297,1
1790161607.1125185,,0.04065203666687012,24.599013530236295,,9.931500069797039,,1,held,,0,1,,,held,0,0.06290001329034567,1,,0,9.818400023505092,1,,0,gesture,0.008200062438845634,1
1790161607.1832566,,0.07073807716369629,14.136657937222148,,59.827800025232136,,1,iou,0.18720002844929695,1,1,,,ok,0,0.08310005068778992,1,5.938700051046908,1,9.045299957506359,1,44.56239996943623,1,gesture,0.0077999429777264595,1
1790161607.213558,,0.030301332473754883,33.001849039679605,,9.920299984514713,,1,held,,0,1,,,held,0,0.06790005136281252,1,,0,9.802800021134317,1,,0,gesture,0.008699949830770493,1
1790161607.2822602,,0.06870222091674805,14.555570208010883,,59.72939997445792,,1,iou,0.2506000455468893,1,1,,,ok,0,0.08190004155039787,1,,0,10.19930001348257,1,49.17340003885329,1,gesture,0.01009996049106121,1
1790161607.3131576,,0.03089737892150879,32.36520491075907,,9.598599979653955,,1,held,,0,1,,,held,0,0.0518999295309186,1,,0,9.497300023213029,1,,0,gesture,0.007900060154497623,1
1790161607.38598,,0.07282233238220215,13.732051244274635,,60.794000048190355,,1,iou,0.13170007150620222,1,1,,,ok,0,0.03990007098764181,1,5.968899931758642,1,9.69410000834614,1,44.95020001195371,1,gesture,0.0071999384090304375,1
1790161607.4162714,,0.03029155731201172,33.012498819381044,,10.044099995866418,,1,held,,0,1,,,held,0,0.07499998901039362,1,,0,9.909300017170608,1,,0,gesture,0.01100008375942707,1
1790161607.4765394,,0.06026792526245117,16.592573838327095,,55.00159994699061,,1,iou,0.13310008216649294,1,1,,,ok,0,0.04069996066391468,1,,0,9.347699931822717,1,45.461999950930476,1,gesture,0.0073999399319291115,1
1790161607.5149786,,0.038439273834228516,26.01505960577078,,9.450800018385053,,1,held,,0,1,,,held,0,0.057299970649182796,1,,0,9.34719992801547,1,,0,gesture,0.008800067007541656,1
1790161607.5775585,,0.06257987022399902,15.97957931872645,,55.67000003065914,,1,iou,0.14110002666711807,1,1,,,ok,0,0.04329998046159744,1,5.196199985221028,1,9.335999959148467,1,40.9429999999702,1,gesture,0.008100061677396297,1
1790161607.597855,,0.020296573638916016,49.26939974157171,,10.678200051188469,,1,held,,0,1,,,held,0,0.05350005812942982,1,,0,10.574599960818887,1,,0,gesture,0.008399947546422482,1
1790161607.658659,,0.060803890228271484,16.446316119672197,,54.289699997752905,,1,iou,0.14180003199726343,1,1,,,ok,0,0.04320009611546993,1,,0,9.788000024855137,1,44.297700049355626,1,gesture,0.008199946023523808,1
1790161607.6789618,,0.020302772521972656,49.254356710038046,,9.960499941371381,,1,held,,0,1,,,held,0,0.05749997217208147,1,,0,9.850600035861135,1,,0,gesture,0.008599949069321156,1
1790161607.8102255,,0.13126373291015625,7.618250508573089,,124.99130005016923,0.141,1,pose,65.91799994930625,1,1,65.91060000937432,1,ok,8,0.054699950851500034,1,5.705900024622679,1,9.86910006031394,1,43.433899991214275,1,gesture,0.00800006091594696,1
1790161607.8385026,,0.028277158737182617,35.36423193342495,,9.534699958749115,,1,held,,0,1,,,held,0,0.05700008478015661,1,,0,9.429299971088767,1,,0,gesture,0.008599949069321156,1
1790161607.90108,,0.0625772476196289,15.980249020833016,,52.02910001389682,,1,iou,0.11529994662851095,1,1,,,ok,0,0.03630004357546568,1,,0,9.714800049550831,1,42.14249993674457,1,gesture,0.006900052540004253,1
1790161607.9122596,,0.011179685592651367,89.44795376511485,,9.709800011478364,,1,held,,0,1,,,held,0,0.06400002166628838,1,,0,9.593399940058589,1,,0,gesture,0.008699949830770493,1
1790161607.9903278,,0.07806825637817383,12.80930363239902,,66.91280007362366,,1,iou,0.1351999817416072,1,1,,,ok,0,0.04099996294826269,1,7.298600045032799,1,9.61099995765835,1,49.8172000516206,1,gesture,0.007600057870149612,1
1790161608.0105896,,0.020261764526367188,49.35404311399793,,9.571500006131828,,1,held,,0,1,,,held,0,0.05810009315609932,1,,0,9.464300004765391,1,,0,gesture,0.008199946023523808,1
1790161608.073257,,0.0626673698425293,15.957267753741736,,57.19089997000992,,1,iou,0.15440001152455807,1,1,,,ok,0,0.048299902118742466,1,,0,10.038999957032502,1,46.92950006574392,1,gesture,0.00870006624609232,1
1790161608.1116726,,0.03841567039489746,26.031043834987308,,9.736899985000491,,1,held,,0,1,,,held,0,0.052299932576715946,1,,0,9.638199931941926,1,,0,gesture,0.008100061677396297,1
1790161608.1825137,,0.07084107398986816,14.116104452948045,,58.90509998425841,,1,iou,0.23250002413988113,1,1,,,ok,0,0.06939994636923075,1,5.6733000092208385,1,9.922800003550947,1,42.99190000165254,1,gesture,0.011599971912801266,1
1790161608.2128327,,0.0303189754486084,32.982644868558666,,9.748299955390394,,1,held,,0,1,,,held,0,0.05449994932860136,1,,0,9.643499972298741,1,,0,gesture,0.008300063200294971,1
1790161608.275618,,0.06278538703918457,15.927273003444203,,58.06860001757741,,1,iou,0.13810000382363796,1,1,,,ok,0,0.0420999713242054,1,,0,9.549799957312644,1,48.32129995338619,1,gesture,0.007900060154497623,1
1790161608.3142884,,0.03867030143737793,25.85963808995345,,9.953900007531047,,1,held,,0,1,,,held,0,0.06059999577701092,1,,0,9.844099986366928,1,,0,gesture,0.008800067007541656,1
1790161608.3850951,,0.07080674171447754,14.122948970486725,,65.91270002536476,,1,iou,0.17779995687305927,1,1,,,ok,0,0.08620007429271936,1,6.626299931667745,1,9.413000079803169,1,49.597500008530915,1,gesture,0.007999944500625134,1
1790161608.4174368,,0.032341718673706055,30.919816293282025,,9.955400018952787,,1,held,,0,1,,,held,0,0.056699966080486774,1,,0,9.850600035861135,1,,0,gesture,0.008999952115118504,1
1790161608.478119,,0.060682058334350586,16.47933553094268,,54.39289996866137,,1,iou,0.14510005712509155,1,1,,,ok,0,0.04409998655319214,1,,0,10.341900051571429,1,43.84039994329214,1,gesture,0.008299946784973145,1
1790161608.498595,,0.020476102828979492,48.83741834821792,,11.030099936760962,,1,held,,0,1,,,held,0,0.08350005373358727,1,,0,10.88219997473061,1,,0,gesture,0.011199968867003918,1
1790161608.5698154,,0.07122039794921875,14.040921264059989,,65.33869996201247,,1,iou,0.13419997412711382,1,1,,,ok,0,0.046200002543628216,1,6.4215000020340085,1,10.384400025941432,1,48.34019998088479,1,gesture,0.007999944500625134,1
1790161608.5981374,,0.02832198143005371,35.3082640940812,,9.814699995331466,,1,held,,0,1,,,held,0,0.0521000474691391,1,,0,9.712800034321845,1,,0,gesture,0.008399947546422482,1
1790161608.661029,,0.06289172172546387,15.900343838020827,,51.46620003506541,,1,iou,0.14579994603991508,1,1,,,ok,0,0.044599990360438824,1,,0,8.867700002156198,1,42.3901000758633,1,gesture,0.007900060154497623,1
1790161608.6793032,,0.01827406883239746,54.72235051600193,,9.52229998074472,,1,held,,0,1,,,held,0,0.04840001929551363,1,,0,9.427799959667027,1,,0,gesture,0.0073999399319291115,1
1790161608.7524142,,0.07311105728149414,13.677821620740257,,65.30570005998015,,1,iou,0.14370004646480083,1,1,,,ok,0,0.04329998046159744,1,6.312699988484383,1,10.61720005236566,1,48.17750002257526,1,gesture,0.008599949069321156,1
1790161608.7807052,,0.028290987014770508,35.34694634294334,,9.862199891358614,,1,held,,0,1,,,held,0,0.05570007488131523,1,,0,9.757300023920834,1,,0,gesture,0.008499948307871819,1
1790161608.843256,,0.06255078315734863,15.987010066436191,,54.7072000335902,,1,iou,0.14080002438277006,1,1,,,ok,0,0.0415000831708312,1,,0,8.587999967858195,1,45.919999945908785,1,gesture,0.00809994526207447,1
1790161608.863585,,0.020328998565673828,49.19081462716675,,10.411499999463558,,1,held,,0,1,,,held,0,0.05679996684193611,1,,0,10.301399976015091,1,,0,gesture,0.008800067007541656,1
1790161608.9339683,,0.07038331031799316,14.207913715367756,,61.78490002639592,,1,iou,0.27630000840872526,1,1,,,ok,0,0.07929990533739328,1,6.332100019790232,1,9.717099950648844,1,45.36500002723187,1,gesture,0.01170008908957243,1
1790161608.9643135,,0.03034520149230957,32.95413939674882,,10.493000037968159,,1,held,,0,1,,,held,0,0.08329993579536676,1,,0,10.35200001206249,1,,0,gesture,0.0127000967040658,1
1790161609.0350986,,0.0707850456237793,14.127277748960909,,61.51719996705651,,0,,,0,0,,,no_hand,0,0.004599918611347675,1,,0,11.023700004443526,1,50.45179999433458,1,gesture,0.009400071576237679,1
1790161609.0634696,,0.028371095657348633,35.24714068421893,,9.218299994245172,,0,,,0,0,,,no_hand,0,0.007200054824352264,1,,0,9.160300018265843,1,,0,gesture,0.011999974958598614,1
1790161609.1140146,,0.05054497718811035,19.78435950773817,,40.76460003852844,,0,,,0,0,,,no_hand,0,0.004700035788118839,1,7.159900036640465,1,10.729899979196489,1,22.845400031656027,1,gesture,0.008899951353669167,1
1790161609.1443355,,0.03032088279724121,32.9805700805976,,9.694900014437735,,0,,,0,0,,,no_hand,0,0.004400033503770828,1,,0,9.650800027884543,1,,0,gesture,0.00879995059221983,1
1790161609.1868238,,0.04248833656311035,23.535870803382544,,33.61749998293817,,0,,,0,0,,,no_hand,0,0.004599918611347675,1,,0,9.209799929521978,1,24.37410003039986,1,gesture,0.008200062438845634,1
1790161609.2071033,,0.020279407501220703,49.31110536339909,,10.57430007494986,,0,,,0,0,,,no_hand,0,0.005500041879713535,1,,0,10.526700061745942,1,,0,gesture,0.009699957445263863,1
1790161609.2577825,,0.05067920684814453,19.731958374889444,,42.47320001013577,,0,,,0,0,,,no_hand,0,0.005100038833916187,1,6.148800021037459,1,9.328500018455088,1,26.964299962855875,1,gesture,0.009499955922365189,1
1790161609.288089,,0.030306577682495117,32.996137355937535,,9.97989997267723,,0,,,0,0,,,no_hand,0,0.004400033503770828,1,,0,9.930500062182546,1,,0,gesture,0.008399947546422482,1
1790161609.3288863,,0.04079723358154297,24.511465906168915,,37.30540000833571,,0,,,0,0,,,no_hand,0,0.004500034265220165,1,,0,10.01860003452748,1,27.249200036749244,1,gesture,0.008999952115118504,1
1790161609.3672733,,0.03838706016540527,26.050445011707566,,9.066300000995398,,0,,,0,0,,,no_hand,0,0.004200031980872154,1,,0,9.004999999888241,1,,0,gesture,0.008300063200294971,1
1790161609.41987,,0.0525965690612793,19.012646981496424,,44.82770001050085,,0,,,0,0,,,no_hand,0,0.006199930794537067,1,6.769499974325299,1,10.761299985460937,1,27.253500069491565,1,gesture,0.011899974197149277,1
1790161609.448361,,0.02849102020263672,35.098778242677824,,9.789600037038326,,0,,,0,0,,,no_hand,0,0.004800036549568176,1,,0,9.741300018504262,1,,0,gesture,0.008499948307871819,1
1790161609.4907925,,0.04243159294128418,23.567345241640492,,34.92190001998097,,0,,,0,0,,,no_hand,0,0.0076999422162771225,1,,0,10.467199957929552,1,24.40370002295822,1,gesture,0.013599987141788006,1
1790161609.5090415,,0.018249034881591797,54.79741841080714,,9.422800038009882,,0,,,0,0,,,no_hand,0,0.004400033503770828,1,,0,9.37529990915209,1,,0,gesture,0.008599949069321156,1
1790161609.5721283,,0.06308674812316895,15.851189508890611,,37.989400094375014,,0,,,0,0,,,no_hand,0,0.005500041879713535,1,5.830500042065978,1,10.17999998293817,1,21.946800057776272,1,gesture,0.009299954399466515,1
1790161609.610493,,0.03836464881896973,26.065662811581415,,9.244800079613924,,0,,,0,0,,,no_hand,0,0.007300055585801601,1,,0,9.153700084425509,1,,0,gesture,0.013199984095990658,1
1790161609.657483,,0.046990156173706055,21.28105291464349,,36.76559997256845,,0,,,0,0,,,no_hand,0,0.005800044164061546,1,,0,10.43220004066825,1,26.292899972759187,1,gesture,0.009699957445263863,1
1790161609.683439,,0.025955915451049805,38.52686305308312,,9.841299965046346,,0,,,0,0,,,no_hand,0,0.004799920134246349,1,,0,9.790599928237498,1,,0,gesture,0.00900006853044033,1
1790161609.7427588,,0.05931973457336426,16.857796266152206,,44.247500016354024,,0,,,0,0,,,no_hand,0,0.006600050255656242,1,6.543199997395277,1,12.102299951948225,1,25.56229999754578,1,gesture,0.011499971151351929,1
1790161609.785326,,0.04256725311279297,23.492237033717934,,21.267900010570884,,0,,,0,0,,,no_hand,0,9.199399966746569,1,,0,12.008999940007925,1,,0,face,0.017300015315413475,1
1790161609.8541486,,0.06882262229919434,14.530106040607906,,49.81440003030002,,0,,,0,0,,,no_hand,0,8.329300093464553,1,,0,10.023799957707524,1,31.424500048160553,1,face,0.007999944500625134,1
1790161609.8764753,,0.02232670783996582,44.78940680228523,,13.442300027236342,,0,,,0,0,,,no_hand,0,0.6415999960154295,1,,0,12.754599913023412,1,,0,face,0.008300063200294971,1
1790161609.9371114,,0.060636043548583984,16.491841180217516,,52.8657000977546,,0,,,0,0,,,no_hand,0,7.819800055585802,1,6.372599978931248,1,11.022699996829033,1,27.62020006775856,1,face,0.010299962013959885,1
1790161609.9574072,,0.02029585838317871,49.2711360672877,,12.001800001598895,,0,,,0,0,,,no_hand,0,0.6168000400066376,1,,0,11.340799974277616,1,,0,face,0.010199961252510548,1
1790161610.0159192,,0.058511972427368164,17.09051940167144,,43.80920005496591,,0,,,0,0,,,no_hand,0,7.047799997963011,1,,0,10.806199978105724,1,25.920400046743453,1,face,0.00870006624609232,1
1790161610.0483694,,0.032450199127197266,30.81645188309112,,11.132300016470253,,0,,,0,0,,,no_hand,0,0.5383000243455172,1,,0,10.55040000937879,1,,0,face,0.008800067007541656,1
1790161610.1091607,,0.0607912540435791,16.449734681951707,,53.0566000379622,,0,,,0,0,,,no_hand,0,7.302299956791103,1,7.2413000743836164,1,10.51649998407811,1,27.958199963904917,1,face,0.013500102795660496,1
1790161610.129462,,0.020301342010498047,49.25782736347622,,10.10289997793734,,0,,,0,0,,,no_hand,0,0.6187999388203025,1,,0,9.434300009161234,1,,0,face,0.01200009137392044,1
1790161610.1796985,,0.05023646354675293,19.905859795830228,,41.41629999503493,,0,,,0,0,,,no_hand,0,6.780500058084726,1,,0,10.081299929879606,1,24.518099962733686,1,face,0.0097999582067132,1
1790161610.209974,,0.030275583267211914,33.02991691932118,,10.755699942819774,,0,,,0,0,,,no_hand,0,0.5179999861866236,1,,0,10.193900088779628,1,,0,face,0.008999952115118504,1
1790161610.270707,,0.06073284149169922,16.465555956848767,,55.882400018163025,,0,,,0,0,,,no_hand,0,9.200000087730587,1,8.055299986153841,1,10.918400017544627,1,27.677000034600496,1,face,0.010499963536858559,1
1790161610.29106,,0.020353078842163086,49.13261564773273,,12.505599996075034,,0,,,0,0,,,no_hand,0,0.7288999622687697,1,,0,11.722699971869588,1,,0,face,0.013899989426136017,1
1790161610.3417938,,0.05073380470275879,19.71072356703463,,45.564500032924116,,0,,,0,0,,,no_hand,0,7.297799922525883,1,,0,10.451699956320226,1,27.779099997133017,1,face,0.009300070814788342,1
1790161610.3636706,,0.021876811981201172,45.710499357004295,,10.11639996431768,,0,,,0,0,,,no_hand,0,0.5404999246820807,1,,0,9.53389995265752,1,,0,face,0.008100061677396297,1
1790161610.4228108,,0.05914020538330078,16.908970699692,,50.850700004957616,,0,,,0,0,,,no_hand,0,8.017999934963882,1,6.933700060471892,1,10.754300048574805,1,25.11179994326085,1,face,0.011100084520876408,1
1790161610.4430964,,0.020285606384277344,49.29603685769357,,12.203000020235777,,0,,,0,0,,,no_hand,0,0.6337000522762537,1,,0,11.522199958562851,1,,0,face,0.011199968867003918,1
1790161610.4937758,,0.05067944526672363,19.73186554700915,,41.66509991046041,,0,,,0,0,,,no_hand,0,6.5821000607684255,1,,0,9.368900093249977,1,25.683299987576902,1,face,0.00809994526207447,1
1790161610.5241063,,0.030330419540405273,32.97020005502496,,10.269099962897599,,0,,,0,0,,,no_hand,0,0.5182999884709716,1,,0,9.696099907159805,1,,0,face,0.013599987141788006,1
1790161610.5825312,,0.058424949645996094,17.115975384816284,,49.502399982884526,,0,,,0,0,,,no_hand,0,6.902099936269224,1,6.826000055298209,1,9.88209992647171,1,25.866999989375472,1,face,0.008500064723193645,1
1790161610.6048117,,0.022280454635620117,44.88238756139581,,11.046800063923001,,0,,,0,0,,,no_hand,0,0.5369000136852264,1,,0,10.463600046932697,1,,0,face,0.00909995287656784,1
1790161610.6553957,,0.05058407783508301,19.769066528409493,,41.725700022652745,,0,,,0,0,,,no_hand,0,7.479000021703541,1,,0,10.494100046344101,1,23.70849996805191,1,face,0.013999990187585354,1
1790161610.6835158,,0.028120040893554688,35.56182595129892,,9.601400000974536,,0,,,0,0,,,no_hand,0,0.4798000445589423,1,,0,9.072700049728155,1,,0,face,0.008699949830770493,1
1790161610.74416,,0.06064414978027344,16.489636735335743,,48.81449998356402,,0,,,0,0,,,no_hand,0,6.975399912334979,1,6.6784999798983335,1,10.458500008098781,1,24.672599975019693,1,face,0.010300078429281712,1
1790161610.7665334,,0.022373437881469727,44.69585788727741,,10.854699998162687,,0,,,0,0,,,no_hand,0,0.7538000354543328,1,,0,10.055999970063567,1,,0,face,0.009300070814788342,1
1790161610.8875418,,0.12100839614868164,8.26388938145508,,118.29559993930161,0.164,1,pose,57.53049999475479,1,1,57.50860006082803,1,ok,8,6.61079993005842,1,,0,10.377999977208674,1,43.7536999816075,1,face,0.008200062438845634,1
1790161610.9259148,,0.03837299346923828,26.059994532395557,,9.93249996099621,,1,held,,0,1,,,held,0,0.04710000939667225,1,,0,9.835799923166633,1,,0,gesture,0.011499971151351929,1
1790161610.9887834,,0.06286859512329102,15.906192878000683,,57.14680009987205,,1,iou,0.14260003808885813,1,1,,,ok,0,0.0439999857917428,1,5.941800074651837,1,9.574299911037087,1,41.43430001568049,1,gesture,0.007700058631598949,1
1790161611.0271823,,0.03839898109436035,26.042357674612095,,9.348900057375431,,1,held,,0,1,,,held,0,0.06780005060136318,1,,0,9.2333999928087,1,,0,gesture,0.0076999422162771225,1
1790161611.089847,,0.06266474723815918,15.957935586965206,,51.790099940262735,,1,iou,0.18670002464205027,1,1,,,ok,0,0.04740001168102026,1,,0,9.285399923101068,1,42.248699930496514,1,gesture,0.012599979527294636,1
1790161611.1101537,,0.02030658721923828,49.24510402479688,,10.168900014832616,,1,held,,0,1,,,held,0,0.05230004899203777,1,,0,10.070099961012602,1,,0,gesture,0.0076999422162771225,1
1790161611.1810057,,0.07085204124450684,14.113919407756372,,66.90650002565235,,1,iou,0.13840000610798597,1,1,,,ok,0,0.04239997360855341,1,6.846699980087578,1,10.103299980983138,1,49.76590001024306,1,gesture,0.007600057870149612,1
1790161611.211675,,0.030669212341308594,32.60598899219503,,10.469299973919988,,1,held,,0,1,,,held,0,0.09089999366551638,1,,0,10.31479996163398,1,,0,gesture,0.01209997572004795,1
1790161611.2722387,,0.06056380271911621,16.511512737035623,,56.95130000822246,,1,iou,0.1487999688833952,1,1,,,ok,0,0.04700000863522291,1,,0,9.677099995315075,1,47.05880000256002,1,gesture,0.008100061677396297,1
1790161611.3106024,,0.03836369514465332,26.06631077192699,,9.82429995201528,,1,held,,0,1,,,held,0,0.08200004231184721,1,,0,9.694800013676286,1,,0,gesture,0.00809994526207447,1
1790161611.3834932,,0.0728907585144043,13.719160293857898,,63.776600058190525,,1,iou,0.260799890384078,1,1,,,ok,0,0.07449998520314693,1,6.1645000241696835,1,9.994200081564486,1,47.268499969504774,1,gesture,0.01100008375942707,1
1790161611.4137766,,0.030283451080322266,33.02133555873971,,9.903599973767996,,1,held,,0,1,,,held,0,0.10569998994469643,1,,0,9.735099971294403,1,,0,gesture,0.012199976481497288,1
1790161611.492364,,0.07858729362487793,12.724703369647987,,57.05209996085614,,1,iou,0.15139998868107796,1,1,,,ok,0,0.0996999442577362,1,,0,10.837499983608723,1,45.94199999701232,1,gesture,0.009200070053339005,1
1790161611.5327911,,0.040427207946777344,24.735816564836878,,9.682699921540916,,1,held,,0,1,,,held,0,0.0610999995842576,1,,0,9.572400012984872,1,,0,gesture,0.00879995059221983,1
1790161611.6060143,,0.07322311401367188,13.656889815056005,,63.99739999324083,,1,iou,0.2867000875994563,1,1,,,ok,0,0.08139992132782936,1,5.631400039419532,1,9.986599907279015,1,47.99490002915263,1,gesture,0.012699980288743973,1
1790161611.634302,,0.028287649154663086,35.351117179532565,,9.57420002669096,,1,held,,0,1,,,held,0,0.09370001498609781,1,,0,9.419700014404953,1,,0,gesture,0.01209997572004795,1
1790161611.696636,,0.06233406066894531,16.042593555888743,,54.96569990646094,,1,iou,0.13679999392479658,1,1,,,ok,0,0.04490010906010866,1,,0,10.015600011684,1,44.73439999856055,1,gesture,0.024099950678646564,1
1790161611.7349803,,0.038344383239746094,26.07943890367349,,9.113600011914968,,1,held,,0,1,,,held,0,0.052200048230588436,1,,0,9.01580008212477,1,,0,gesture,0.0077999429777264595,1
1790161611.797643,,0.06266260147094727,15.958482037545753,,60.03269995562732,,1,iou,0.12299988884478807,1,1,,,ok,0,0.038499943912029266,1,6.890199962072074,1,8.664900087751448,1,44.306499999947846,1,gesture,0.007600057870149612,1
1790161611.836019,,0.0383760929107666,26.0578897993924,,9.687599958851933,,1,held,,0,1,,,held,0,0.06009999196976423,1,,0,9.576800046488643,1,,0,gesture,0.008599949069321156,1
1790161611.9066637,,0.07064461708068848,14.155360186294528,,58.76030004583299,,1,iou,0.2698000753298402,1,1,,,ok,0,0.06180000491440296,1,,0,10.372799937613308,1,48.03309997078031,1,gesture,0.011999974958598614,1
1790161611.939001,,0.03233742713928223,30.92391969505946,,9.97880008071661,,1,held,,0,1,,,held,0,0.058399979025125504,1,,0,9.861099999397993,1,,0,gesture,0.008200062438845634,1
1790161611.9998105,,0.06080937385559082,16.44483303470259,,58.06750000920147,,1,iou,0.24800002574920654,1,1,,,ok,0,0.04499999340623617,1,6.007299991324544,1,9.451799909584224,1,42.305000009946525,1,gesture,0.008200062438845634,1
1790161612.0302334,,0.03042292594909668,32.86994819871006,,10.127400048077106,,1,held,,0,1,,,held,0,0.06410002242773771,1,,0,10.013199993409216,1,,0,gesture,0.00879995059221983,1
1790161612.0906422,,0.060408830642700195,16.553871170172037,,52.637799992226064,,1,iou,0.14150002971291542,1,1,,,ok,0,0.04429998807609081,1,,0,9.389600018039346,1,43.04350004531443,1,gesture,0.00809994526207447,1
1790161612.1109166,,0.02027440071105957,49.323282806307844,,10.555999935604632,,1,held,,0,1,,,held,0,0.05470006726682186,1,,0,10.447300039231777,1,,0,gesture,0.0077999429777264595,1
1790161612.1898568,,0.07894015312194824,12.667824427135086,,60.49559998791665,,1,iou,0.13979990035295486,1,1,,,ok,0,0.04349998198449612,1,5.258499993942678,1,9.62150003761053,1,45.422099996358156,1,gesture,0.0078000593930482864,1
1790161612.2077053,,0.017848491668701172,56.027143276962946,,10.003199917264283,,1,held,,0,1,,,held,0,0.06189988926053047,1,,0,9.891699999570847,1,,0,gesture,0.00900006853044033,1
1790161612.2725134,,0.06480813026428223,15.430162788558816,,60.401299968361855,,1,iou,0.15089998487383127,1,1,,,ok,0,0.04650000482797623,1,,0,9.771900018677115,1,50.41339993476868,1,gesture,0.008299946784973145,1
1790161612.307957,,0.03544354438781738,28.21388259193736,,9.805100038647652,,1,held,,0,1,,,held,0,0.1007000682875514,1,,0,9.639900061301887,1,,0,gesture,0.012599979527294636,1
1790161612.3900955,,0.0821385383605957,12.174553138624265,,59.232299914583564,,0,,,0,0,,,no_hand,0,0.004600035026669502,1,4.962200066074729,1,9.726500022225082,1,44.50979991815984,1,gesture,0.009399955160915852,1
1790161612.407955,,0.017859458923339844,55.99273775831687,,9.765200084075332,,0,,,0,0,,,no_hand,0,0.004200031980872154,1,,0,9.718499961309135,1,,0,gesture,0.008199946023523808,1
1790161612.4489322,,0.04097723960876465,24.40379121550465,,37.2135000070557,,0,,,0,0,,,no_hand,0,0.00700005330145359,1,,0,10.056299972347915,1,27.10579999256879,1,gesture,0.013399985618889332,1
1790161612.490379,,0.04144692420959473,24.127242710292737,,9.532000054605305,,0,,,0,0,,,no_hand,0,0.0073999399319291115,1,,0,9.471900062635541,1,,0,gesture,0.01200009137392044,1
1790161612.5328152,,0.04243612289428711,23.564829484802516,,38.02340000402182,,0,,,0,0,,,no_hand,0,0.004500034265220165,1,5.604499951004982,1,9.718500077724457,1,22.67310000024736,1,gesture,0.0077999429777264595,1
1790161612.5714793,,0.03866410255432129,25.86378407710475,,9.390800027176738,,0,,,0,0,,,no_hand,0,0.004400033503770828,1,,0,9.34460002463311,1,,0,gesture,0.007899943739175797,1
1790161612.613901,,0.042421579360961914,23.572908294881668,,33.35729998070747,,0,,,0,0,,,no_hand,0,0.005699926987290382,1,,0,8.712599985301495,1,24.599600001238286,1,gesture,0.012499978765845299,1
1790161612.6341758,,0.020274877548217773,49.322122790719554,,9.967299993149936,,0,,,0,0,,,no_face,0,0.004500034265220165,1,,0,9.926199913024902,1,,0,gesture,0.0074999406933784485,1
1790161612.6847837,,0.050607919692993164,19.759753138765223,,42.769000050611794,,0,,,0,0,,,no_face,0,0.005300040356814861,1,6.391800008714199,1,10.474000009708107,1,25.874000042676926,1,gesture,0.008299946784973145,1
1790161612.7130728,,0.028289079666137695,35.349329557617594,,9.143400005996227,,0,,,0,0,,,no_face,0,0.004400033503770828,1,,0,9.100300027057528,1,,0,gesture,0.0078000593930482864,1
1790161612.755587,,0.04251432418823242,23.52148409022084,,31.70459996908903,,0,,,0,0,,,no_face,0,0.004599918611347675,1,,0,9.356700000353158,1,22.316299960948527,1,gesture,0.008200062438845634,1
1790161612.7758994,,0.02031230926513672,49.231231513216585,,10.554200038313866,,0,,,0,0,,,no_face,0,0.004900037311017513,1,,0,10.50770003348589,1,,0,gesture,0.008499948307871819,1
1790161612.8249023,,0.049002885818481445,20.406961412522563,,39.04240007977933,,0,,,0,0,,,no_face,0,0.007100054062902927,1,6.688200053758919,1,10.085799964144826,1,22.22859999164939,1,gesture,0.012699980288743973,1
1790161612.857213,,0.03231072425842285,30.94947646490212,,10.012999991886318,,0,,,0,0,,,no_face,0,0.008400063961744308,1,,0,9.9609000608325,1,,0,gesture,0.01079996582120657,1
1790161612.8976479,,0.040434837341308594,24.731149319559425,,37.38939994946122,,0,,,0,0,,,no_face,0,0.005499925464391708,1,,0,10.979399899952114,1,26.369999977760017,1,gesture,0.010100076906383038,1
1790161612.9360437,,0.03839588165283203,26.044459899157996,,9.436600026674569,,0,,,0,0,,,no_face,0,0.004800036549568176,1,,0,9.393699932843447,1,,0,gesture,0.008299946784973145,1
1790161612.9867063,,0.05066251754760742,19.7384584976517,,39.67560001183301,,0,,,0,0,,,no_hand,0,0.004399917088449001,1,5.729799973778427,1,9.640000062063336,1,24.278700002469122,1,gesture,0.0078000593930482864,1
1790161613.0070126,,0.02030634880065918,49.24568221577767,,9.726600022986531,,0,,,0,0,,,no_hand,0,0.006800051778554916,1,,0,9.67169995419681,1,,0,gesture,0.011199968867003918,1
1790161613.0494683,,0.04245567321777344,23.553978166135046,,36.97969997301698,,0,,,0,0,,,no_hand,0,0.005100038833916187,1,,0,10.375500074587762,1,26.564099942333996,1,gesture,0.008899951353669167,1
1790161613.0881116,,0.03864336013793945,25.87766685998445,,9.739800007082522,,0,,,0,0,,,no_hand,0,0.004399917088449001,1,,0,9.69410000834614,1,,0,gesture,0.0078000593930482864,1
1790161613.150937,,0.06282544136047363,15.917118580390044,,48.73030004091561,,0,,,0,0,,,no_hand,0,7.182099972851574,1,6.343199987895787,1,9.135999949648976,1,26.038500014692545,1,face,0.01279998105019331,1
1790161613.181068,,0.030130863189697266,33.188561300226304,,10.024999966844916,,0,,,0,0,,,no_hand,0,0.6439000135287642,1,,0,9.33399994391948,1,,0,face,0.009499955922365189,1
1790161613.2317307,,0.05066275596618652,19.738365608602557,,43.57839992735535,,0,,,0,0,,,no_hand,0,7.042400073260069,1,,0,10.256799985654652,1,26.236700010485947,1,face,0.011699972674250603,1
1790161613.262083,,0.030352354049682617,32.94637372650365,,10.101000079885125,,0,,,0,0,,,no_hand,0,0.5610999651253223,1,,0,9.495100006461143,1,,0,face,0.00900006853044033,1
1790161613.3126404,,0.05055737495422363,19.77950795320038,,47.411799896508455,,0,,,0,0,,,no_hand,0,7.0819000247865915,1,6.107799941673875,1,10.038400068879128,1,24.15309997741133,1,face,0.012999982573091984,1
1790161613.3430128,,0.03037238121032715,32.92464930803589,,11.507299961522222,,0,,,0,0,,,no_hand,0,0.5995999090373516,1,,0,10.86299994494766,1,,0,face,0.008200062438845634,1
1790161613.3940644,,0.05105161666870117,19.588018269616956,,43.33440004847944,,0,,,0,0,,,no_hand,0,7.00360001064837,1,,0,9.891599998809397,1,26.404000003822148,1,face,0.009400071576237679,1
1790161613.4243584,,0.030293941497802734,33.00990067840897,,11.042700032703578,,0,,,0,0,,,no_hand,0,0.4672999493777752,1,,0,10.53109997883439,1,,0,face,0.00870006624609232,1
1790161613.4751651,,0.05080676078796387,19.682419908117822,,46.016299980692565,,0,,,0,0,,,no_hand,0,6.825499935075641,1,5.729799973778427,1,10.087500093504786,1,23.34409998729825,1,face,0.010399962775409222,1
1790161613.5055263,,0.030361175537109375,32.93680110566654,,11.220499989576638,,0,,,0,0,,,no_hand,0,0.5073999054729939,1,,0,10.66020003054291,1,,0,face,0.0078000593930482864,1
1790161613.5558722,,0.05034589767456055,19.862591515679608,,43.325599981471896,,0,,,0,0,,,no_hand,0,7.628200110048056,1,,0,10.370100033469498,1,25.275400024838746,1,face,0.009999959729611874,1
1790161613.5761676,,0.020295381546020508,49.27229368575624,,10.998400044627488,,0,,,0,0,,,no_hand,0,0.4898000042885542,1,,0,10.464799939654768,1,,0,face,0.008200062438845634,1
1790161613.634764,,0.05859637260437012,17.065902811967238,,48.62459993455559,,0,,,0,0,,,no_hand,0,7.857900112867355,1,6.093399948440492,1,10.864500072784722,1,23.77099997829646,1,face,0.013699987903237343,1
1790161613.657047,,0.022283077239990234,44.8771051336372,,10.236100060865283,,0,,,0,0,,,no_hand,0,0.5006000865250826,1,,0,9.696000022813678,1,,0,face,0.008899951353669167,1
1790161613.7379751,,0.08092808723449707,12.35664939296541,,40.137199917808175,,0,,,0,0,,,no_hand,0,7.0393000496551394,1,,0,8.92049993854016,1,24.135999963618815,1,face,0.01279998105019331,1
1790161613.7582998,,0.02032470703125,49.2012012012012,,10.075500002130866,,0,,,0,0,,,no_hand,0,0.494200037792325,1,,0,9.53559996560216,1,,0,face,0.008900067768990993,1
1790161613.8169496,,0.05864977836608887,17.05036281225228,,48.632799996994436,,0,,,0,0,,,no_hand,0,6.552699953317642,1,6.329800002276897,1,9.925100021064281,1,25.796799920499325,1,face,0.011900090612471104,1
1790161613.839062,,0.022112369537353516,45.22355681107541,,10.002599912695587,,0,,,0,0,,,no_hand,0,0.6089999806135893,1,,0,9.336200077086687,1,,0,face,0.013300101272761822,1
1790161613.8895762,,0.05051422119140625,19.796405376831295,,43.24749996885657,,0,,,0,0,,,no_hand,0,7.117799948900938,1,,0,9.865200030617416,1,26.229299954138696,1,face,0.009199953638017178,1
1790161613.9198198,,0.030243635177612305,33.06480831842082,,10.167300002649426,,0,,,0,0,,,no_hand,0,0.5731000564992428,1,,0,9.55329998396337,1,,0,face,0.008699949830770493,1
1790161613.9705105,,0.050690650939941406,19.727503621620606,,45.405899989418685,,0,,,0,0,,,no_hand,0,7.058800081722438,1,5.748900002799928,1,9.20970004517585,1,23.358399979770184,1,face,0.009999959729611874,1
1790161614.0010629,,0.030552387237548828,32.730666583428274,,10.893799946643412,,0,,,0,0,,,no_hand,0,0.6723999977111816,1,,0,10.182600002735853,1,,0,face,0.0076999422162771225,1
1790161614.0500789,,0.04901599884033203,20.4015020331926,,39.719399996101856,,0,,,0,0,,,no_hand,0,6.848499993793666,1,,0,8.983699954114854,1,23.85370002593845,1,face,0.00879995059221983,1
1790161614.0803862,,0.030307292938232422,32.99535864315046,,9.001399972476065,,0,,,0,0,,,no_face,0,0.00500003807246685,1,,0,8.954600081779063,1,,0,face,0.00809994526207447,1
1790161614.151875,,0.07148885726928711,13.98819393955564,,59.70099999103695,,1,,,0,0,,,no_face,0,0.00609993003308773,1,6.887599942274392,1,9.88250004593283,1,42.89150005206466,1,face,0.010600080713629723,1
1790161614.184018,,0.03214287757873535,31.111091331211938,,10.26470004580915,,1,,,0,0,,,no_face,0,0.007200054824352264,1,,0,10.19940001424402,1,,0,face,0.013699987903237343,1
1790161614.2446296,,0.060611724853515625,16.49845805274089,,53.62209992017597,,0,,,0,0,,,no_face,0,0.005499925464391708,1,,0,9.801400010474026,1,43.785299989394844,1,face,0.009400071576237679,1
1790161614.2649684,,0.020338773727416992,49.167172682194895,,11.140499962493777,,0,,,0,0,,,no_face,0,0.007900060154497623,1,,0,11.08089997433126,1,,0,face,0.013999990187585354,1
1790161614.3256414,,0.06067299842834473,16.48179628341605,,52.84569994546473,,0,,,0,0,,,no_hand,0,7.167099975049496,1,6.644199951551855,1,10.41420002002269,1,28.590000001713634,1,face,0.010299962013959885,1
1790161614.346464,,0.020822525024414062,48.02491526976276,,11.20819989591837,,0,,,0,0,,,no_hand,0,0.5831000162288547,1,,0,10.578399989753962,1,,0,face,0.00870006624609232,1
1790161614.3871324,,0.040668487548828125,24.58906293968671,,38.84319995995611,,0,,,0,0,,,no_hand,0,7.016599993221462,1,,0,9.828299982473254,1,21.965299965813756,1,face,0.009299954399466515,1
1790161614.427633,,0.040500640869140625,24.690967316567768,,11.189999990165234,,0,,,0,0,,,no_hand,0,0.5265999352559447,1,,0,10.615799925290048,1,,0,face,0.009100069291889668,1
1790161614.4982674,,0.07063436508178711,14.157414720753927,,62.63299996498972,,0,,,0,0,,,no_hand,0,6.3396000768989325,1,5.197799997404218,1,9.191700024530292,1,41.880000033415854,1,face,0.007899943739175797,1
1790161614.5286026,,0.030335187911987305,32.9650174873266,,10.601999936625361,,0,,,0,0,,,no_hand,0,0.5983998998999596,1,,0,9.954600012861192,1,,0,face,0.0100000761449337,1
1790161614.6705875,,0.1419849395751953,7.043000497037923,,123.8203999819234,,1,pose,60.36770006176084,1,0,60.361500014550984,1,handedness=Left(1.00),8,6.881300010718405,1,,0,9.024300030432642,1,47.52779996488243,1,face,0.0077999429777264595,1
1790161614.7010922,,0.030504703521728516,32.78182983446141,,10.062600020319223,,1,held,,0,0,,,held,0,0.5399000365287066,1,,0,9.477299987338483,1,,0,face,0.008599949069321156,1
1790161614.8505833,,0.1494910717010498,6.689362706555388,,143.5355000430718,,2,pose,58.235400007106364,1,0,58.22889995761216,1,handedness=Left(0.99);far(3.05>0.70),8,6.439300021156669,1,5.710500059649348,1,9.565299958921969,1,63.573300023563206,1,face,0.008999952115118504,1
1790161614.8728685,,0.02228522300720215,44.87278407206513,,9.857899975031614,,2,held,,0,0,,,held,0,0.4878999898210168,1,,0,9.325599996373057,1,,0,face,0.008599949069321156,1
1790161615.0134678,,0.14059925079345703,7.1124134329066875,,124.0277000470087,,1,pose,63.66999994497746,1,0,63.66309989243746,1,handedness=Left(0.90),8,6.61079993005842,1,,0,9.32519999332726,1,44.39759999513626,1,face,0.009200070053339005,1
1790161615.031296,,0.01782822608947754,56.09083006806906,,10.139199905097485,,1,held,,0,0,,,held,0,0.543600064702332,1,,0,9.547999943606555,1,,0,face,0.009399955160915852,1
1790161615.170736,,0.13944005966186523,7.171540247651551,,122.89220001548529,,1,pose,57.74430010933429,1,0,57.73690005298704,1,handedness=Left(0.95),8,6.449799984693527,1,6.640800042077899,1,9.22419992275536,1,42.81829996034503,1,face,0.011999974958598614,1
1790161615.1910245,,0.020288467407226562,49.289085268402744,,10.187699925154448,,1,held,,0,0,,,held,0,0.5344999954104424,1,,0,9.606899926438928,1,,0,face,0.009199953638017178,1
1790161615.3320737,,0.14104914665222168,7.089727401652797,,128.61540005542338,,1,pose,62.762900022789836,1,0,62.755299964919686,1,handedness=Left(0.98),8,6.25959993340075,1,,0,10.759899974800646,1,48.8134000916034,1,face,0.006600050255656242,1
1790161615.352361,,0.020287275314331055,49.291981525660766,,10.91660000383854,,1,held,,0,0,,,held,0,0.5301999626681209,1,,0,10.331900091841817,1,,0,face,0.009500072337687016,1
1790161615.4837208,,0.13135981559753418,7.612678165321446,,130.35220000892878,,1,pose,62.27899994701147,1,0,62.27190000936389,1,handedness=Left(0.99),8,6.30709994584322,1,6.779700051993132,1,10.102599975652993,1,44.871199992485344,1,face,0.009800074622035027,1
1790161615.50199,,0.01826930046081543,54.736633301577776,,10.133999981917441,,1,held,,0,0,,,held,0,0.5275999428704381,1,,0,9.55780001822859,1,,0,face,0.009699957445263863,1
1790161615.6371202,,0.1351301670074463,7.400272064674466,,127.20420002005994,,1,pose,65.27790008112788,1,0,65.27150003239512,1,handedness=Left(0.99),8,6.164100021123886,1,,0,9.730899939313531,1,46.00989993195981,1,face,0.008499948307871819,1
1790161615.6613374,,0.02421712875366211,41.29308681355465,,10.750800021924078,,1,held,,0,0,,,held,0,0.6558999884873629,1,,0,10.044099995866418,1,,0,face,0.010499963536858559,1
1790161615.8060749,,0.14473748207092285,6.909060360121435,,128.03539994638413,,1,pose,63.5007000528276,1,0,63.4927999926731,1,handedness=Left(0.99),8,6.607000017538667,1,5.93690003734082,1,9.71479993313551,1,42.26559994276613,1,face,0.0075999414548277855,1
1790161615.823929,,0.01785421371459961,56.00918729802633,,9.700399939902127,,1,held,,0,0,,,held,0,0.5061000119894743,1,,0,9.149999939836562,1,,0,face,0.00900006853044033,1
1790161615.959873,,0.13594388961791992,7.355976078149388,,117.9816999938339,,1,pose,58.878200012259185,1,0,58.870899956673384,1,handedness=Left(0.98),8,7.122199982404709,1,,0,8.14269995316863,1,43.814900098368526,1,face,0.009100069291889668,1
1790161615.9822867,,0.02241373062133789,44.61550898840549,,9.819099912419915,,1,held,,0,0,,,held,0,0.5475000943988562,1,,0,9.223899920471013,1,,0,face,0.009299954399466515,1
1790161616.1162245,,0.13393783569335938,7.466150209336106,,126.2149999383837,,1,pose,61.44779990427196,1,0,61.44100008532405,1,handedness=Left(0.99),8,6.427100044675171,1,5.848499946296215,1,9.74600005429238,1,42.734900023788214,1,face,0.00800006091594696,1
1790161616.1340604,,0.01783585548400879,56.06683687791576,,10.20979997701943,,1,held,,0,0,,,held,0,0.6304000271484256,1,,0,9.531799936667085,1,,0,face,0.009699957445263863,1
1790161616.2694592,,0.13539886474609375,7.385586296275426,,123.7470000050962,,1,pose,61.08489993494004,1,0,61.076799989677966,1,handedness=Left(0.97),8,7.044099969789386,1,,0,9.578300057910383,1,46.01869999896735,1,face,0.009100069291889668,1
1790161616.2873635,,0.017904281616210938,55.852562053904336,,9.865299914963543,,1,held,,0,0,,,held,0,0.5130000645294785,1,,0,9.303099941462278,1,,0,face,0.009899958968162537,1
1790161616.4334168,,0.14605331420898438,6.846814845770105,,130.4853999754414,,1,pose,61.75930006429553,1,0,61.75340001937002,1,handedness=Left(0.98),8,7.807699963450432,1,6.128499982878566,1,9.622699930332601,1,45.15500005800277,1,face,0.008299946784973145,1
1790161616.4542897,,0.020872831344604492,47.909168789336015,,9.553099982440472,,1,held,,0,0,,,held,0,0.5082000279799104,1,,0,9.00069996714592,1,,0,face,0.008299946784973145,1
1790161616.5933123,,0.1390225887298584,7.193075665877212,,127.420200034976,,1,pose,61.992399976588786,1,0,61.98569992557168,1,handedness=Left(0.98),8,6.335799931548536,1,,0,10.412600007839501,1,48.659600084647536,1,face,0.008100061677396297,1
1790161616.6113782,,0.018065929412841797,55.35281231029113,,10.824099997989833,,1,held,,0,0,,,held,0,0.5654999986290932,1,,0,10.199200012721121,1,,0,face,0.013899989426136017,1
1790161616.7628229,,0.151444673538208,6.603071449374611,,135.90970006771386,,1,pose,68.22060002014041,1,0,68.2140999706462,1,handedness=Left(0.99),8,7.067900034599006,1,6.153599941171706,1,9.897900046780705,1,44.55790005158633,1,face,0.00879995059221983,1
1790161616.780691,,0.0178680419921875,55.96584116140051,,10.452999966219068,,1,held,,0,0,,,held,0,0.5619999719783664,1,,0,9.834500029683113,1,,0,face,0.009199953638017178,1
1790161616.9168746,,0.1361837387084961,7.343020609388021,,122.45540006551892,,1,pose,60.36659993696958,1,0,60.3588999947533,1,handedness=Left(1.00),8,6.051199976354837,1,,0,10.462600039318204,1,45.549700036644936,1,face,0.010800082236528397,1
1790161616.9347544,,0.017879724502563477,55.92927339885056,,11.10330002848059,,1,held,,0,0,,,held,0,0.5667000077664852,1,,0,10.460500023327768,1,,0,face,0.03630004357546568,1
1790161617.0701406,,0.13538622856140137,7.3862756251199695,,127.51930009108037,,1,pose,59.167500003241,1,0,59.15890005417168,1,handedness=Left(1.00),8,6.470100022852421,1,5.4175000404939055,1,9.681500028818846,1,46.77020001690835,1,face,0.009499955922365189,1
1790161617.088103,,0.01796245574951172,55.67167507300239,,10.846400051377714,,1,held,,0,0,,,held,0,0.5959999980404973,1,,0,10.198100004345179,1,,0,face,0.010399962775409222,1
1790161617.2434187,,0.15531563758850098,6.438501721568032,,142.99690001644194,,2,pose,68.30379995517433,1,0,68.29730002209544,1,handedness=Left(0.99);handedness=Left(0.96),8,9.266600012779236,1,,0,9.310800000093877,1,56.09470000490546,1,face,0.009399955160915852,1
1790161617.2728946,,0.029475927352905273,33.92598943630643,,10.399900027550757,,2,held,,0,0,,,held,0,0.484099960885942,1,,0,9.852200048044324,1,,0,face,0.00879995059221983,1
1790161617.4274023,,0.15450763702392578,6.472171986198639,,145.47360001597553,,2,pose,57.502000010572374,1,0,57.49530007597059,1,handedness=Left(0.99);far(3.22>0.70),8,7.316899951547384,1,5.395399988628924,1,9.029800072312355,1,66.21700001414865,1,face,0.009199953638017178,1
1790161617.455284,,0.027881860733032227,35.86561203984779,,10.1326999720186,,2,held,,0,0,,,held,0,0.7749999640509486,1,,0,9.307699976488948,1,,0,face,0.0097999582067132,1
1790161617.5811505,,0.12586641311645508,7.944931258784441,,122.33159993775189,,1,pose,61.88069994095713,1,0,61.87380000483245,1,handedness=Left(0.98),8,6.01209991145879,1,,0,10.096900048665702,1,44.32309989351779,1,face,0.007200054824352264,1
1790161617.614601,,0.03345036506652832,29.895039949822166,,10.55510004516691,,1,held,,0,0,,,held,0,0.5923999706283212,1,,0,9.910500026308,1,,0,face,0.010200077667832375,1
1790161617.755031,,0.14043021202087402,7.120974793168842,,130.43460005428642,,1,pose,59.46849996689707,1,0,59.45930001325905,1,handedness=Left(1.00),8,6.217099959030747,1,6.507799960672855,1,10.9966000309214,1,47.23080003168434,1,face,0.011300086043775082,1
1790161617.7833648,,0.028333663940429688,35.29370582295523,,10.506500024348497,,1,held,,0,0,,,held,0,0.593600096181035,1,,0,9.863600018434227,1,,0,face,0.010199961252510548,1
1790161617.9176004,,0.13423562049865723,7.449587496114737,,122.36749997828156,,1,pose,63.34029999561608,1,0,63.33439995069057,1,handedness=Left(0.99),8,6.113899988122284,1,,0,9.193000034429133,1,43.69990003760904,1,face,0.010399962775409222,1
1790161617.9354467,,0.017846345901489258,56.03387973761907,,9.63480002246797,,1,held,,0,0,,,held,0,0.5475999787449837,1,,0,9.04349994380027,1,,0,face,0.009100069291889668,1
1790161618.071731,,0.13628435134887695,7.337599585737328,,128.88750003185123,,1,pose,60.866399900987744,1,0,60.859300079755485,1,handedness=Left(0.98),8,7.783000008203089,1,5.745299975387752,1,9.519800078123808,1,44.96179998386651,1,face,0.008200062438845634,1
1790161618.104358,,0.03262686729431152,30.649586764781105,,10.567799909040332,,1,held,,0,0,,,held,0,0.6442000158131123,1,,0,9.874199982732534,1,,0,face,0.010600080713629723,1
1790161618.2300406,,0.12568259239196777,7.956551348664804,,119.8615999892354,,1,pose,63.248899998143315,1,0,63.242699950933456,1,handedness=Left(0.98),8,6.308399955742061,1,,0,9.589400026015937,1,40.69559997878969,1,face,0.007900060154497623,1
1790161618.2558892,,0.0258486270904541,38.68677421437597,,10.267099947668612,,1,held,,0,0,,,held,0,0.5635999841615558,1,,0,9.652400040067732,1,,0,face,0.010199961252510548,1
1790161618.399606,,0.14371681213378906,6.9581281768835685,,130.96129999030381,,1,pose,62.38890008535236,1,0,62.38150002900511,1,handedness=Left(0.99),8,6.066499976441264,1,5.353500018827617,1,9.717899956740439,1,47.423799987882376,1,face,0.007999944500625134,1
1790161618.4176984,,0.01809239387512207,55.27184555577519,,10.804499965161085,,1,held,,0,0,,,held,0,0.48749998677521944,1,,0,10.244100005365908,1,,0,face,0.008200062438845634,1
1790161618.5565197,,0.13882136344909668,7.203502221519977,,129.84110007528216,,1,pose,65.84100006148219,1,0,65.83370000589639,1,handedness=Left(0.98),8,6.3931000186130404,1,,0,9.53239994123578,1,48.053500009700656,1,face,0.009999959729611874,1
1790161618.5860496,,0.029529809951782227,33.86408519502329,,10.43339993339032,,1,held,,0,0,,,held,0,0.5081999115645885,1,,0,9.872599970549345,1,,0,face,0.009100069291889668,1
1790161618.7393181,,0.15326857566833496,6.524494637204346,,129.73679997958243,,1,pose,58.9345000917092,1,0,58.92760003916919,1,handedness=Left(0.98),8,6.3714999705553055,1,6.078000064007938,1,10.964999906718731,1,47.37699998077005,1,face,0.007899943739175797,1
1790161618.757131,,0.01781296730041504,56.13887810688903,,10.487700114026666,,1,held,,0,0,,,held,0,0.7135000778362155,1,,0,9.725799900479615,1,,0,face,0.009899958968162537,1
1790161618.9042723,,0.1471412181854248,6.796192204551531,,123.6258998978883,,1,pose,64.1627999721095,1,0,64.15500002913177,1,handedness=Left(0.98),8,6.226800032891333,1,,0,9.470999939367175,1,43.74699993059039,1,face,0.0078000593930482864,1
1790161618.9220953,,0.017822980880737305,56.107337301852716,,10.610199999064207,,1,held,,0,0,,,held,0,0.5642999894917011,1,,0,9.999900008551776,1,,0,face,0.009299954399466515,1
1790161619.0729232,,0.15082788467407227,6.63007375699079,,135.12630003970116,,1,pose,63.5627000592649,1,0,63.55640001129359,1,handedness=Left(0.98),8,7.734999991953373,1,6.650299998000264,1,9.45999997202307,1,47.707000048831105,1,face,0.008299946784973145,1
1790161619.1039977,,0.03107452392578125,32.18070218512153,,10.345599963329732,,1,held,,0,0,,,held,0,0.6612000288441777,1,,0,9.639999945648015,1,,0,face,0.008699949830770493,1
1790161619.23369,,0.12969231605529785,7.710557035419297,,121.15390005055815,,1,pose,61.020500026643276,1,0,61.011799960397184,1,handedness=Left(0.99),8,6.385000073350966,1,,0,9.611499961465597,1,44.11500005517155,1,face,0.010499963536858559,1
1790161619.2572083,,0.02351832389831543,42.52003690074309,,10.267199948430061,,1,held,,0,0,,,held,0,0.5193999968469143,1,,0,9.701899951323867,1,,0,face,0.008999952115118504,1
1790161619.4037752,,0.14656686782836914,6.8228243860065785,,129.03800001367927,,1,pose,57.984400074929,1,0,57.97540000639856,1,handedness=Left(0.98),8,6.640100036747754,1,6.393000017851591,1,9.9651999771595,1,48.04209992289543,1,face,0.009299954399466515,1
1790161619.4316645,,0.027889251708984375,35.856107235672276,,10.0391999585554,,1,held,,0,0,,,held,0,0.6024000467732549,1,,0,9.38859989400953,1,,0,face,0.009999959729611874,1
1790161619.5719416,,0.14027714729309082,7.12874491174696,,126.41829997301102,,1,pose,62.59230000432581,1,0,62.58590007200837,1,far(3.37>0.70),8,6.798799964599311,1,,0,10.262400028295815,1,46.74210003577173,1,face,0.00809994526207447,1
1790161619.6053817,,0.03344011306762695,29.90420510773004,,10.600399924442172,,1,held,,0,0,,,held,0,0.5855999188497663,1,,0,9.965499979443848,1,,0,face,0.00970007386058569,1
1790161619.739531,,0.13414931297302246,7.454380330677511,,130.95849996898323,,1,pose,58.81800001952797,1,0,58.81089996546507,1,handedness=Left(0.99),8,6.605400005355477,1,6.962000043131411,1,10.177399963140488,1,48.38469997048378,1,face,0.008500064723193645,1
1790161619.774872,,0.03534102439880371,28.295727614331685,,10.492300032638013,,1,held,,0,0,,,held,0,0.5324999801814556,1,,0,9.91340004839003,1,,0,face,0.009300070814788342,1
1790161619.90457,,0.1296980381011963,7.710216859408117,,118.35749994497746,,1,pose,56.45260005258024,1,0,56.443199981004,1,handedness=Left(0.99),8,6.604199996218085,1,,0,8.671000017784536,1,46.60999996121973,1,face,0.008999952115118504,1
1790161619.9224145,,0.017844438552856445,56.03986906272964,,9.678000002168119,,1,held,,0,0,,,held,0,0.5096999229863286,1,,0,9.115300024859607,1,,0,face,0.008800067007541656,1
1790161620.058126,,0.1357114315032959,7.368576021362754,,129.07349993474782,,1,pose,63.251499901525676,1,0,63.24520008638501,1,handedness=Left(0.99),8,7.114899926818907,1,6.527499994263053,1,9.696200024336576,1,42.47059999033809,1,face,0.008400063961744308,1
1790161620.0875456,,0.029419660568237305,33.99087483285384,,11.38790010008961,,1,held,,0,0,,,held,0,0.6291000172495842,1,,0,10.685100103728473,1,,0,face,0.028499984182417393,1
1790161620.221311,,0.13376545906066895,7.4757714511819735,,123.41109989210963,,1,pose,61.705000000074506,1,0,61.69540004339069,1,handedness=Left(0.99),8,6.530000013299286,1,,0,11.218199972063303,1,43.934499961324036,1,face,0.009300070814788342,1
1790161620.239157,,0.017845869064331055,56.03537694887176,,10.9033000189811,,1,held,,0,0,,,held,0,0.5842000246047974,1,,0,10.270699975080788,1,,0,face,0.009699957445263863,1
1790161620.380669,,0.14151215553283691,7.066530760094011,,128.83400009013712,,1,pose,59.841500013135374,1,0,59.833899955265224,1,handedness=Left(0.99),8,6.463299971073866,1,6.401100079528987,1,10.817499947734177,1,45.30019999947399,1,face,0.007700058631598949,1
1790161620.3988943,,0.01822519302368164,54.869103372491566,,10.665000067092478,,1,held,,0,0,,,held,0,0.5264000501483679,1,,0,10.078100021928549,1,,0,face,0.008699949830770493,1
1790161620.541218,,0.14232373237609863,7.026235072007826,,126.24420004431158,,1,pose,58.17720002960414,1,0,58.169799973256886,1,handedness=Left(0.99),8,6.469100015237927,1,,0,10.409499984234571,1,51.168100093491375,1,face,0.00809994526207447,1
1790161620.5617108,,0.0204927921295166,48.797645224715836,,10.388299939222634,,1,held,,0,0,,,held,0,0.5907999584451318,1,,0,9.748599957674742,1,,0,face,0.010299962013959885,1
1790161620.709357,,0.14764618873596191,6.7729482796763305,,123.18350002169609,,1,pose,60.153599944896996,1,0,60.14690001029521,1,handedness=Left(0.98),8,7.359700044617057,1,4.750699969008565,1,9.518400067463517,1,41.388000012375414,1,face,0.009499955922365189,1
1790161620.7277114,,0.018354415893554688,54.482801621116074,,10.99779992364347,,1,held,,0,0,,,held,0,0.591200077906251,1,,0,10.357399936765432,1,,0,face,0.01009996049106121,1
1790161620.8593671,,0.13165569305419922,7.5955697532071484,,120.2423000941053,,1,pose,59.38300001434982,1,0,59.3744000652805,1,handedness=Left(0.94),8,6.256300024688244,1,,0,9.79210005607456,1,44.79090007953346,1,face,0.00909995287656784,1
1790161620.8773065,,0.017939329147338867,55.743444572917085,,10.422699968330562,,1,held,,0,0,,,held,0,0.6034999387338758,1,,0,9.768899995833635,1,,0,face,0.01009996049106121,1
1790161621.0239031,,0.14659667015075684,6.821437342141685,,131.99380005244166,,1,pose,59.25539997406304,1,0,59.24899992533028,1,handedness=Left(0.99),8,7.01260007917881,1,6.668500020168722,1,10.3817000053823,1,48.663900000974536,1,face,0.00879995059221983,1
1790161621.0417306,,0.017827510833740234,56.09308048252066,,10.054700076580048,,1,held,,0,0,,,held,0,0.5387000273913145,1,,0,9.460599976591766,1,,0,face,0.009199953638017178,1
1790161621.1772351,,0.13550448417663574,7.379829575945681,,125.09089999366552,,1,pose,60.46169996261597,1,0,60.45559991616756,1,handedness=Left(0.98),8,6.827199948020279,1,,0,9.454600047320127,1,48.32279996480793,1,face,0.008300063200294971,1
1790161621.1950567,,0.017821550369262695,56.11184096108309,,10.664899949915707,,1,held,,0,0,,,held,0,0.5551999201998115,1,,0,10.057399980723858,1,,0,face,0.009400071576237679,1
1790161621.3221314,,0.1270747184753418,7.869385917184188,,121.20860000140965,,1,pose,55.70300004910678,1,0,55.697300005704165,1,handedness=Left(0.98),8,6.66730001103133,1,6.166199920699,1,8.992600021883845,1,43.66840003058314,1,face,0.007999944500625134,1
1790161621.3598697,,0.03773832321166992,26.498262638515094,,10.41109999641776,,1,held,,0,0,,,held,0,0.5172999808564782,1,,0,9.848399902693927,1,,0,face,0.009500072337687016,1
1790161621.4910774,,0.13120770454406738,7.621503656929996,,128.4674999769777,,1,pose,66.83499994687736,1,0,66.82729988824576,1,handedness=Left(0.98),8,6.83009997010231,1,,0,10.776999988593161,1,44.0023000119254,1,face,0.008800067007541656,1
1790161621.524526,,0.03344845771789551,29.896744670083326,,11.077399947680533,,1,held,,0,0,,,held,0,0.7372000254690647,1,,0,10.282399947755039,1,,0,face,0.010699965059757233,1
1790161621.6652837,,0.14075779914855957,7.104402072559923,,134.26419999450445,,1,pose,64.53960004728287,1,0,64.53239999245852,1,handedness=Left(0.99),8,6.925599998794496,1,6.139000062830746,1,9.57989995367825,1,47.06340003758669,1,face,0.012899981811642647,1
1790161621.6832101,,0.017926454544067383,55.78347896633816,,10.082100052386522,,1,held,,0,0,,,held,0,0.5914000794291496,1,,0,9.44209995213896,1,,0,face,0.010199961252510548,1
1790161621.8254158,,0.14220571517944336,7.032066177777331,,126.86209997627884,,1,pose,61.4025000249967,1,0,61.39520008582622,1,handedness=Left(0.99),8,6.870899931527674,1,,0,11.326999985612929,1,47.23609995562583,1,face,0.009399955160915852,1
1790161621.8433223,,0.01790642738342285,55.845869116570135,,9.962200070731342,,1,held,,0,0,,,held,0,0.5376000190153718,1,,0,9.375900030136108,1,,0,face,0.01079996582120657,1
1790161621.9793937,,0.13607144355773926,7.349080555433878,,130.42689999565482,,1,pose,62.39129998721182,1,0,62.38430005032569,1,handedness=Left(0.99),8,6.921799969859421,1,6.696399999782443,1,9.575900039635599,1,44.82940002344549,1,face,0.009199953638017178,1
1790161621.997278,,0.017884254455566406,55.91510691622674,,10.839099995791912,,1,held,,0,0,,,held,0,0.9089999366551638,1,,0,9.875099989585578,1,,0,face,0.01309998333454132,1
1790161622.139317,,0.14203906059265137,7.0403169087964015,,129.8147999914363,,1,pose,69.15620004292578,1,0,69.14849998429418,1,handedness=Left(0.99),8,6.450799992308021,1,,0,9.432199993170798,1,44.74879999179393,1,face,0.012499978765845299,1
1790161622.1611898,,0.021872758865356445,45.71896970820026,,10.071800090372562,,1,held,,0,0,,,held,0,0.5939999828115106,1,,0,9.420599904842675,1,,0,face,0.018400023691356182,1
1790161622.308249,,0.14705920219421387,6.799982490584636,,129.78139996994287,,1,pose,65.28990005608648,1,0,65.28320000506938,1,handedness=Left(0.99),8,6.406300002709031,1,6.263499963097274,1,9.200999978929758,1,42.608699994161725,1,face,0.008899951353669167,1
1790161622.3260355,,0.017786502838134766,56.222406905981074,,10.524200042709708,,1,held,,0,0,,,held,0,0.507200020365417,1,,0,9.95909993071109,1,,0,face,0.008999952115118504,1
1790161622.4775884,,0.15155291557312012,6.59835540753769,,123.01910005044192,,1,pose,60.764300054870546,1,0,60.758200008422136,1,handedness=Left(0.99),8,6.785799982026219,1,,0,9.709300007671118,1,45.7348000491038,1,face,0.0077999429777264595,1
1790161622.4955692,,0.01798081398010254,55.61483485155867,,11.331499903462827,,1,held,,0,0,,,held,0,0.7357000140473247,1,,0,10.529999970458448,1,,0,face,0.012599979527294636,1
1790161622.6653557,,0.1697864532470703,5.889751395800802,,139.83340002596378,,1,pose,67.33200000599027,1,0,67.32399994507432,1,handedness=Left(0.99),8,6.267599994316697,1,5.44800003990531,1,10.07349998690188,1,50.698300008662045,1,face,0.010299962013959885,1
1790161622.683243,,0.017887353897094727,55.905418193935354,,10.614600032567978,,1,held,,0,0,,,held,0,0.596199999563396,1,,0,9.968700003810227,1,,0,face,0.010400079190731049,1
1790161622.8167667,,0.13352370262145996,7.489306994691441,,117.16340004932135,,1,pose,57.230900041759014,1,0,57.22359998617321,1,handedness=Left(1.00),8,6.89540000166744,1,,0,10.151800001040101,1,42.859400040470064,1,face,0.008999952115118504,1
1790161622.8346105,,0.01784372329711914,56.042115389754414,,10.104099987074733,,1,held,,0,0,,,held,0,0.5756999598816037,1,,0,9.481100016273558,1,,0,face,0.0097999582067132,1
1790161622.9621341,,0.12752366065979004,7.841682044148798,,120.0908999890089,,1,pose,54.14559994824231,1,0,54.139699903316796,1,far(3.33>0.70),8,6.640799925662577,1,6.156699964776635,1,10.413500014692545,1,42.72370005492121,1,face,0.007900060154497623,1
1790161622.9801285,,0.017994403839111328,55.572833028592626,,10.21269999910146,,1,held,,0,0,,,held,0,0.5577000556513667,1,,0,9.576200041919947,1,,0,face,0.024499953724443913,1
1790161623.108932,,0.12880349159240723,7.763764690203076,,115.34349992871284,,1,pose,60.01100002322346,1,0,60.004199971444905,1,handedness=Left(0.93),8,6.403399980627,1,,0,9.231099975295365,1,39.67679990455508,1,face,0.009699957445263863,1
1790161623.1268046,,0.01787257194519043,55.95165615036751,,10.083000059239566,,1,held,,0,0,,,held,0,0.5404000403359532,1,,0,9.49409999884665,1,,0,face,0.009199953638017178,1
1790161623.2623203,,0.13551568984985352,7.379219344328054,,122.48949997592717,,1,pose,55.946100037544966,1,0,55.93959998805076,1,handedness=Left(0.96),8,6.306300056166947,1,5.944499978795648,1,9.966999990865588,1,44.31340005248785,1,face,0.009499955922365189,1
1790161623.280221,,0.017900705337524414,55.863720515176944,,10.168000007979572,,1,held,,0,0,,,held,0,0.5698000313714147,1,,0,9.548199945129454,1,,0,face,0.009999959729611874,1
1790161623.4187467,,0.13852572441101074,7.218875802684594,,129.72630001604557,,1,pose,66.39709998853505,1,0,66.38919992838055,1,handedness=Left(0.97),8,6.958500016480684,1,,0,9.90289996843785,1,46.437100041657686,1,face,0.012399978004395962,1
1790161623.4365716,,0.017824888229370117,56.10133354734294,,10.300100082531571,,1,held,,0,0,,,held,0,0.5785999819636345,1,,0,9.667900041677058,1,,0,face,0.009400071576237679,1
1790161623.5782852,,0.14171361923217773,7.056484799542388,,128.43570008408278,,1,pose,61.761700082570314,1,0,61.755400034599006,1,handedness=Left(0.99),8,6.655900040641427,1,5.955000058747828,1,9.189999895170331,1,44.86290004570037,1,face,0.0074999406933784485,1
1790161623.603977,,0.025691747665405273,38.92300411102553,,10.369000025093555,,1,held,,0,0,,,held,0,0.5362000083550811,1,,0,9.780500084161758,1,,0,face,0.009600073099136353,1
1790161623.7438424,,0.13986539840698242,7.149731180046298,,124.56999998539686,,1,pose,63.427999964915216,1,0,63.42159991618246,1,handedness=Left(0.96),8,7.059599971398711,1,,0,9.37570002861321,1,44.68689998611808,1,face,0.009100069291889668,1
1790161623.7636907,,0.019848346710205078,50.38203003003003,,10.718600009568036,,1,held,,0,0,,,held,0,0.5502999993041158,1,,0,10.095699923112988,1,,0,face,0.009699957445263863,1
1790161623.909461,,0.14577031135559082,6.860107457413662,,132.47080007568002,,1,pose,63.78929992206395,1,0,63.7806000886485,1,handedness=Left(0.94),8,6.787499994970858,1,5.439599975943565,1,10.003700037486851,1,46.43660003785044,1,face,0.011400086805224419,1
1790161623.9272716,,0.017810583114624023,56.146393049810584,,10.337600018829107,,1,held,,0,0,,,held,0,0.582900014705956,1,,0,9.706899989396334,1,,0,face,0.009899958968162537,1
1790161624.0626285,,0.13535690307617188,7.387875884226249,,127.20740004442632,,1,pose,64.26479993388057,1,0,64.25809999927878,1,handedness=Left(0.97),8,7.402700022794306,1,,0,9.74920007865876,1,45.7651000469923,1,face,0.010299962013959885,1
1790161624.0814824,,0.01885390281677246,53.03941627992261,,9.947599959559739,,1,held,,0,0,,,held,0,0.5266999360173941,1,,0,9.374300017952919,1,,0,face,0.009800074622035027,1
1790161624.2210004,,0.13951802253723145,7.167532780455962,,133.6365999886766,,1,pose,68.71800008229911,1,0,68.7117000343278,1,handedness=Left(0.99),8,5.895699956454337,1,5.623799981549382,1,9.258799953386188,1,44.12870004307479,1,face,0.008899951353669167,1
1790161624.2388833,,0.017882823944091797,55.919579766951976,,10.559699963778257,,1,held,,0,0,,,held,0,0.5021999822929502,1,,0,10.015500010922551,1,,0,face,0.008800067007541656,1
1790161624.3784995,,0.1396162509918213,7.162489988780604,,125.86629996076226,,1,pose,63.937800005078316,1,0,63.930399948731065,1,handedness=Left(1.00),8,7.709599914960563,1,,0,9.33239993173629,1,44.86439994070679,1,face,0.009400071576237679,1
1790161624.4051752,,0.026675701141357422,37.487299572779435,,9.579500067047775,,1,held,,0,0,,,held,0,0.5592000670731068,1,,0,8.970299968495965,1,,0,face,0.009599956683814526,1
1790161624.5568979,,0.15172266960144043,6.590972875885293,,123.49669996183366,,1,pose,58.55010007508099,1,0,58.54300002101809,1,handedness=Left(1.00),8,6.138700060546398,1,5.224499967880547,1,8.604099974036217,1,44.969100039452314,1,face,0.0068999361246824265,1
1790161624.581269,,0.02437114715576172,41.0321267853649,,10.033899918198586,,1,held,,0,0,,,held,0,0.6777000380679965,1,,0,9.307199972681701,1,,0,face,0.009399955160915852,1
1790161624.7125957,,0.13132667541503906,7.614599218625187,,124.83440001960844,,1,pose,63.128900015726686,1,0,63.11980006285012,1,handedness=Left(1.00),8,7.156300009228289,1,,0,9.31200000923127,1,45.212999917566776,1,face,0.01209997572004795,1
1790161624.7306638,,0.01806807518005371,55.34623860232506,,10.581300011835992,,1,held,,0,0,,,held,0,0.5144999595358968,1,,0,9.997199987992644,1,,0,face,0.009400071576237679,1
1790161624.8792884,,0.14862465858459473,6.728358601616678,,133.6878000292927,,1,pose,63.62689996603876,1,0,63.61980002839118,1,far(3.29>0.70),8,6.722599966451526,1,5.7342000072821975,1,9.90599999204278,1,47.68670001067221,1,face,0.008600065484642982,1
1790161624.897186,,0.017897605895996094,55.87339478872489,,10.584500036202371,,1,held,,0,0,,,held,0,0.9339000098407269,1,,0,9.587300010025501,1,,0,face,0.012699980288743973,1
1790161625.0238647,,0.1266787052154541,7.893986588347333,,123.68009996134788,,1,pose,64.14689996745437,1,0,64.13830001838505,1,handedness=Left(0.98),8,6.269400008022785,1,,0,9.516200050711632,1,43.724499992094934,1,face,0.012199976481497288,1
1790161625.0636115,,0.039746761322021484,25.159282586527503,,9.919999982230365,,1,held,,0,0,,,held,0,0.5310000851750374,1,,0,9.339399985037744,1,,0,face,0.0097999582067132,1
1790161625.2082312,,0.14461970329284668,6.914687122369881,,126.7678999574855,,1,pose,54.62230008561164,1,0,54.61540003307164,1,handedness=Left(0.97),8,6.73529994674027,1,6.518399924971163,1,10.227799997664988,1,48.65250003058463,1,face,0.008299946784973145,1
1790161625.2271483,,0.018917083740234375,52.862270619076426,,10.165099985897541,,1,held,,0,0,,,held,0,0.49350003246217966,1,,0,9.615199989639223,1,,0,face,0.013499986380338669,1
1790161625.3637464,,0.1365981101989746,7.3207454959908125,,127.01850000303239,,1,pose,66.25589996110648,1,0,66.24710001051426,1,handedness=Left(0.98),8,6.537199951708317,1,,0,9.801500011235476,1,44.39619998447597,1,face,0.012699980288743973,1
1790161625.3816411,,0.017894744873046875,55.88232786186314,,10.224100085906684,,1,held,,0,0,,,held,0,0.6044000620022416,1,,0,9.425800060853362,1,,0,face,0.010299962013959885,1
1790161625.5335166,,0.15187549591064453,6.584340640364703,,134.8909999942407,,1,pose,59.94589999318123,1,0,59.937700047157705,1,handedness=Left(0.99),8,7.337599992752075,1,6.529800011776388,1,10.28059993404895,1,50.781400059349835,1,face,0.0127000967040658,1
1790161625.5515919,,0.018075227737426758,55.32433751467426,,10.458000004291534,,1,held,,0,0,,,held,0,0.5512000061571598,1,,0,9.85399994533509,1,,0,face,0.011699972674250603,1
1790161625.6990974,,0.147505521774292,6.779407224701503,,129.6495000133291,,1,pose,64.93130000308156,1,0,64.92419994901866,1,handedness=Left(1.00),8,6.864700000733137,1,,0,10.333899990655482,1,47.49889997765422,1,face,0.009399955160915852,1
1790161625.7312598,,0.03216242790222168,31.092180075463865,,10.801900061778724,,1,held,,0,0,,,held,0,0.535300001502037,1,,0,10.176200070418417,1,,0,face,0.009100069291889668,1
1790161625.864262,,0.13300228118896484,7.518668033815421,,123.98310005664825,,1,pose,61.28510006237775,1,0,61.276899999938905,1,handedness=Left(1.00),8,6.256700027734041,1,5.9785000048577785,1,9.882499929517508,1,40.56370002217591,1,face,0.013599987141788006,1
1790161625.8822281,,0.017966032028198242,55.66059319222347,,11.041699908673763,,1,held,,0,0,,,held,0,0.5730000557377934,1,,0,10.418899939395487,1,,0,face,0.009999959729611874,1
1790161626.019681,,0.1374528408050537,7.275222499171753,,126.20210007298738,,1,pose,59.95289993006736,1,0,59.946599998511374,1,handedness=Left(1.00),8,6.6133999498561025,1,,0,9.936300106346607,1,49.67820004094392,1,face,0.009200070053339005,1
1790161626.0375602,,0.017879247665405273,55.93076502513635,,10.219499934464693,,1,held,,0,0,,,held,0,0.5905999569222331,1,,0,9.572400012984872,1,,0,face,0.009699957445263863,1
1790161626.2275276,,0.18996739387512207,5.264061266521164,,133.23200005106628,,2,pose,55.29339995700866,1,0,55.28710002545267,1,handedness=Left(0.98);handedness=Left(0.92),8,7.445499999448657,1,5.171500029973686,1,9.207100025378168,1,56.09510000795126,1,face,0.015500001609325409,1
1790161626.2453907,,0.017863035202026367,55.98152770177382,,10.647600051015615,,2,held,,0,0,,,held,0,0.5568000487983227,1,,0,10.04069996997714,1,,0,face,0.009899958968162537,1
1790161626.380068,,0.13467741012573242,7.425150209425752,,123.04740003310144,,1,pose,63.12940001953393,1,0,63.121399958617985,1,handedness=Left(0.94),8,7.268100045621395,1,,0,9.318799944594502,1,43.30689995549619,1,face,0.013199984095990658,1
1790161626.3978775,,0.017809391021728516,56.15015127580391,,10.913699981756508,,1,held,,0,0,,,held,0,0.5295999580994248,1,,0,10.3270000545308,1,,0,face,0.009199953638017178,1
1790161626.542624,,0.1447465419769287,6.908627911535123,,134.11420001648366,,1,pose,59.10559999756515,1,0,59.098699945025146,1,handedness=Left(0.99),8,7.192399934865534,1,6.372599978931248,1,10.421899962238967,1,51.0086000431329,1,face,0.00900006853044033,1
1790161626.5646203,,0.021996259689331055,45.462274683228735,,10.116099962033331,,1,held,,0,0,,,held,0,0.5886000581085682,1,,0,9.470899938605726,1,,0,face,0.009699957445263863,1
1790161626.707075,,0.1424548625946045,7.019767397100246,,125.53720001596957,,1,pose,60.62630005180836,1,0,60.61849999241531,1,handedness=Left(0.99),8,6.587000098079443,1,,0,11.028199922293425,1,47.27460001595318,1,face,0.00909995287656784,1
1790161626.7153208,,0.008245706558227539,121.27523492843719,,9.91939997766167,,1,held,,0,0,,,held,0,0.5806999979540706,1,,0,9.294499992392957,1,,0,face,0.008299946784973145,1
1790161626.8584757,,0.14315485954284668,6.985442221056401,,127.75489990599453,,1,pose,62.27329990360886,1,0,62.2666000854224,1,handedness=Left(0.98),8,6.103800027631223,1,5.893199937418103,1,10.14780008699745,1,43.327099992893636,1,face,0.00700005330145359,1
1790161626.878728,,0.020252227783203125,49.377283857600304,,10.34889998845756,,1,held,,0,0,,,held,0,0.6733000045642257,1,,0,9.620700031518936,1,,0,face,0.011399970389902592,1
1790161627.0151997,,0.13647174835205078,7.327523916674237,,125.40160003118217,,1,pose,61.34889996610582,1,0,61.340299900621176,1,handedness=Left(0.91),8,7.72939994931221,1,,0,10.809200000949204,1,45.493700075894594,1,face,0.008600065484642982,1
1790161627.0330424,,0.017842769622802734,56.04511077260215,,10.113200056366622,,1,held,,0,0,,,held,0,0.6479000439867377,1,,0,9.41420008894056,1,,0,face,0.01079996582120657,1
1790161627.1078265,,0.0747840404510498,13.3718370118629,,63.5163999395445,,0,,,0,0,,,no_hand,0,7.297199917957187,1,6.174499983899295,1,9.399399976246059,1,40.61849997378886,1,face,0.009300070814788342,1
1790161627.1256623,,0.01783585548400879,56.06683687791576,,10.3034001076594,,0,,,0,0,,,no_hand,0,0.49450004007667303,1,,0,9.765100083313882,1,,0,face,0.00809994526207447,1
1790161627.2593257,,0.13366341590881348,7.481478706800446,,121.23220006469637,,1,pose,61.95640005171299,1,0,61.95070000831038,1,handedness=Left(0.99),8,6.486700032837689,1,,0,9.238000027835369,1,43.53080003056675,1,face,0.007999944500625134,1
1790161627.2796502,,0.0203244686126709,49.20177836170188,,10.598400025628507,,1,held,,0,0,,,held,0,0.5888999439775944,1,,0,9.945500059984624,1,,0,face,0.010400079190731049,1
1790161627.4163013,,0.13665103912353516,7.317909958196372,,129.75630001164973,,1,pose,62.25980003364384,1,0,62.25299998186529,1,handedness=Left(0.97),8,8.236200083047152,1,6.477399962022901,1,9.33539995457977,1,43.432600097730756,1,face,0.010899966582655907,1
1790161627.4342754,,0.017974138259887695,55.635490588812694,,10.519000003114343,,1,held,,0,0,,,held,0,0.5509000038728118,1,,0,9.906899998895824,1,,0,face,0.0097999582067132,1
1790161627.5774758,,0.14320039749145508,6.983220839590694,,125.95470005180687,,1,pose,61.29900005180389,1,0,61.29109999164939,1,handedness=Left(0.98),8,6.659800070337951,1,,0,10.505900019779801,1,47.4701999919489,1,face,0.0077999429777264595,1
1790161627.5952845,,0.01780867576599121,56.152406452908494,,10.562899988144636,,1,held,,0,0,,,held,0,0.5821000086143613,1,,0,9.928299929015338,1,,0,face,0.012599979527294636,1
1790161627.731264,,0.13597965240478516,7.3540414489602695,,123.23219992686063,,1,pose,55.63419999089092,1,0,55.62639993149787,1,handedness=Left(0.99),8,7.089800084941089,1,6.680299993604422,1,9.995599975809455,1,43.8150999834761,1,face,0.013299984857439995,1
1790161627.7492983,,0.01803421974182129,55.45013947462355,,10.218400042504072,,1,held,,0,0,,,held,0,0.6661999505013227,1,,0,9.506399976089597,1,,0,face,0.009100069291889668,1
1790161627.889964,,0.14066576957702637,7.109050076695565,,128.61959997098893,,1,pose,69.32259991299361,1,0,69.31419996544719,1,handedness=Left(0.99),8,5.611600005067885,1,,0,10.152900009416044,1,43.512300006113946,1,face,0.008400063961744308,1
1790161627.9083076,,0.018343448638916016,54.515376017052695,,10.635500075295568,,1,held,,0,0,,,held,0,0.6521999603137374,1,,0,9.93549998383969,1,,0,face,0.00900006853044033,1
1790161628.0487945,,0.1404869556427002,7.11809858378094,,136.31520001217723,,1,pose,67.52979999873787,1,0,67.52289994619787,1,handedness=Left(0.99),8,8.314099977724254,1,6.244000047445297,1,9.21399996150285,1,44.99940003734082,1,face,0.009699957445263863,1
1790161628.0821943,,0.03339982032775879,29.940280821477774,,9.782799985259771,,1,held,,0,0,,,held,0,0.5394999170675874,1,,0,9.195600054226816,1,,0,face,0.009500072337687016,1
1790161628.2182393,,0.13604497909545898,7.350510152221992,,127.87720002233982,,1,pose,65.4548000311479,1,0,65.44659996870905,1,handedness=Left(0.99),8,7.012499962002039,1,,0,11.139599955640733,1,44.24179997295141,1,face,0.014299992471933365,1
1790161628.2360938,,0.01785445213317871,56.008439382002216,,10.152200004085898,,1,held,,0,0,,,held,0,0.5463999696075916,1,,0,9.55189997330308,1,,0,face,0.010299962013959885,1
1790161628.3082974,,0.0722036361694336,13.849718006630477,,69.07889991998672,,0,,,0,0,,,no_hand,0,7.295999908819795,1,6.27889996394515,1,9.749999968335032,1,45.726099982857704,1,face,0.009100069291889668,1
1790161628.3417215,,0.03342413902282715,29.918496907790086,,9.585699997842312,,0,,,0,0,,,no_hand,0,0.6757000228390098,1,,0,8.869699900969863,1,,0,face,0.008499948307871819,1
1790161628.4084733,,0.06675171852111816,14.980887715776653,,42.62550000566989,,0,,,0,0,,,no_hand,0,7.047199993394315,1,,0,10.160700068809092,1,25.383900036104023,1,face,0.009199953638017178,1
1790161628.4210308,,0.012557506561279297,79.6336434402886,,11.938999989069998,,0,,,0,0,,,no_hand,0,0.5605999613180757,1,,0,11.335199931636453,1,,0,face,0.00900006853044033,1
1790161628.4835799,,0.06254911422729492,15.987436630455498,,46.178000047802925,,0,,,0,0,,,no_hand,0,7.7939999755471945,1,5.619499948807061,1,10.064300033263862,1,22.67040009610355,1,face,0.010299962013959885,1
1790161628.5265992,,0.04301929473876953,23.24538340464209,,11.419899994507432,,0,,,0,0,,,no_hand,0,0.5547999171540141,1,,0,10.818999959155917,1,,0,face,0.00970007386058569,1
1790161628.575693,,0.04909372329711914,20.369202676845674,,45.60099996160716,,0,,,0,0,,,no_hand,0,7.518100086599588,1,,0,10.327299940399826,1,27.720200014300644,1,face,0.009599956683814526,1
1790161628.6191568,,0.043463945388793945,23.007575383568934,,9.933199966326356,,0,,,0,0,,,no_hand,0,0.548599986359477,1,,0,9.342700010165572,1,,0,face,0.009500072337687016,1
1790161628.6818688,,0.06271195411682129,15.945923135119928,,50.69030006416142,,0,,,0,0,,,no_hand,0,7.316399947740138,1,6.860999972559512,1,9.869300061836839,1,26.60840004682541,1,face,0.015600002370774746,1
1790161628.7021503,,0.020281553268432617,49.30588829981074,,10.478900047019124,,0,,,0,0,,,no_hand,0,0.5360000068321824,1,,0,9.901699959300458,1,,0,face,0.010100076906383038,1
1790161628.75273,,0.05057954788208008,19.770837065040112,,40.45850003603846,,0,,,0,0,,,no_hand,0,6.560000008903444,1,,0,9.234299999661744,1,24.62859998922795,1,face,0.010499963536858559,1
1790161628.783019,,0.030289173126220703,33.015097369373905,,9.98330011498183,,0,,,0,0,,,no_hand,0,0.5691000260412693,1,,0,9.371899999678135,1,,0,face,0.0097999582067132,1
1790161628.8541353,,0.07111620903015137,14.061491938863428,,52.25419998168945,,0,,,0,0,,,no_hand,0,7.294900016859174,1,7.244199980050325,1,10.6114000082016,1,27.075699996203184,1,face,0.009199953638017178,1
1790161628.874431,,0.02029561996459961,49.27171486972253,,11.548600043170154,,0,,,0,0,,,no_hand,0,0.7325999904423952,1,,0,10.752300033345819,1,,0,face,0.014999997802078724,1
1790161628.9349837,,0.06055283546447754,16.514503281793232,,39.97919999528676,,0,,,0,0,,,no_hand,0,6.991199916228652,1,,0,9.399899980053306,1,23.555299965664744,1,face,0.008900067768990993,1
1790161628.9653027,,0.0303189754486084,32.982644868558666,,10.86320006288588,,0,,,0,0,,,no_hand,0,0.582000007852912,1,,0,10.234200046397746,1,,0,face,0.009999959729611874,1
1790161629.0238848,,0.05858206748962402,17.070070123030714,,49.45940000470728,,0,,,0,0,,,no_hand,0,6.7007000325247645,1,6.669900030829012,1,9.692899999208748,1,26.370199979282916,1,face,0.008599949069321156,1
1790161629.044264,,0.020379304885864258,49.0693870865847,,9.324399987235665,,0,,,0,0,,,no_hand,0,0.48500008415430784,1,,0,8.79500003065914,1,,0,face,0.008899951353669167,1
1790161629.0969863,,0.05272221565246582,18.96733639936147,,42.85670001991093,,0,,,0,0,,,no_hand,0,6.735700066201389,1,,0,10.53430000320077,1,25.549300014972687,1,face,0.01009996049106121,1
1790161629.127266,,0.03027963638305664,33.02549566148564,,9.91329993121326,,0,,,0,0,,,no_hand,0,0.5750999553129077,1,,0,9.295199997723103,1,,0,face,0.008599949069321156,1
1790161629.1779637,,0.05069780349731445,19.724720422117926,,48.01710008177906,,0,,,0,0,,,no_hand,0,7.760100066661835,1,5.397800006903708,1,10.285599972121418,1,24.543900042772293,1,face,0.009999959729611874,1
1790161629.208278,,0.030314207077026367,32.9878329807231,,11.939899995923042,,0,,,0,0,,,no_hand,0,0.6967000663280487,1,,0,11.191800003871322,1,,0,face,0.013899989426136017,1
1790161629.2589052,,0.05062723159790039,19.752215723394837,,42.71890001837164,,0,,,0,0,,,no_hand,0,6.660099956206977,1,,0,9.97870007995516,1,26.044300058856606,1,face,0.009599956683814526,1
1790161629.2898014,,0.03089618682861328,32.36645368398308,,9.875400108285248,,0,,,0,0,,,no_hand,0,0.5741000641137362,1,,0,9.254900040104985,1,,0,face,0.00909995287656784,1
1790161629.3405702,,0.05076885223388672,19.69711655865502,,48.02360001485795,,0,,,0,0,,,no_hand,0,7.108299992978573,1,5.550500005483627,1,10.284199961461127,1,25.051400065422058,1,face,0.010299962013959885,1
1790161629.3709202,,0.0303499698638916,32.948961876556396,,10.676999925635755,,0,,,0,0,,,no_hand,0,0.5690999096259475,1,,0,10.046200011856854,1,,0,face,0.009900075383484364,1
1790161629.441555,,0.07063484191894531,14.157319147787108,,67.71350000053644,,0,,,0,0,,,no_hand,0,7.612099987454712,1,,0,11.964999954216182,1,48.08809992391616,1,face,0.015700003132224083,1
1790161629.471938,,0.030382871627807617,32.91328128065288,,12.66340003348887,,0,,,0,0,,,no_hand,0,0.7329999934881926,1,,0,11.878499994054437,1,,0,face,0.012999982573091984,1
1790161629.613252,,0.14131402969360352,7.076438214720759,,138.4340999647975,0.302,1,pose,62.86860001273453,1,1,62.86159995943308,1,ok,8,6.568000069819391,1,7.010999950580299,1,10.93870005570352,1,51.03580001741648,1,face,0.00909995287656784,1
1790161629.643717,,0.030465126037597656,32.82441696666145,,10.347799980081618,,1,held,,0,1,,,held,0,0.0483999028801918,1,,0,10.250200051814318,1,,0,gesture,0.010900082997977734,1
1790161629.7326558,,0.08893871307373047,11.243697659207154,,75.95890003722161,,2,iou,0.4042999353259802,1,1,,,ok,0,0.08459994569420815,1,,0,9.589200024493039,1,65.85859996266663,1,gesture,0.010500079952180386,1
1790161629.7595713,,0.026915550231933594,37.153243808241506,,11.000400059856474,,2,,,0,0,,,no_face,0,0.004200031980872154,1,,0,10.943999979645014,1,,0,gesture,0.009199953638017178,1
1790161629.8393285,,0.0797572135925293,12.53805085404423,,62.64050002209842,,1,,,0,0,,,no_face,0,0.007300055585801601,1,6.265899981372058,1,10.019000037573278,1,46.308099990710616,1,gesture,0.01309998333454132,1
1790161629.8596747,,0.02034616470336914,49.14931214699196,,9.99469996895641,,1,,,0,0,,,no_face,0,0.005199923180043697,1,,0,9.940500021912158,1,,0,gesture,0.009100069291889668,1
1790161629.9243655,,0.06469082832336426,15.458141840469091,,55.66720000933856,,1,,,0,0,,,no_face,0,0.006400048732757568,1,,0,9.992899955250323,1,45.626399922184646,1,gesture,0.009899958968162537,1
1790161629.9421904,,0.017824888229370117,56.10133354734294,,11.054900009185076,,1,,,0,0,,,no_face,0,0.007300055585801601,1,,0,10.988499969244003,1,,0,gesture,0.012999982573091984,1
1790161630.0245135,,0.08232307434082031,12.147262575009847,,65.53259992506355,,1,,,0,0,,,no_face,0,0.004800036549568176,1,6.235099979676306,1,10.193900088779628,1,49.069799948483706,1,gesture,0.008999952115118504,1
1790161630.0423338,,0.017820358276367188,56.11559456277427,,10.101799969561398,,1,,,0,0,,,no_face,0,0.0069999368861317635,1,,0,10.035600047558546,1,,0,gesture,0.01100008375942707,1
1790161630.1426177,,0.10028386116027832,9.971694233050655,,53.4887999529019,,1,,,0,0,,,no_face,0,0.004899920895695686,1,,0,10.400199913419783,1,43.047299957834184,1,gesture,0.00900006853044033,1
1790161630.1604881,,0.017870426177978516,55.95837446967474,,10.498999967239797,,1,,,0,0,,,no_face,0,0.005599926225841045,1,,0,10.436300071887672,1,,0,gesture,0.009900075383484364,1
1790161630.2428315,,0.08234333992004395,12.144273003390538,,65.30730007216334,,1,,,0,0,,,no_face,0,0.0039000296965241432,1,6.632599979639053,1,10.14589995611459,1,48.50080003961921,1,gesture,0.007300055585801601,1
1790161630.2606895,,0.017858028411865234,55.99722303810312,,11.412400053814054,,1,,,0,0,,,no_face,0,0.004900037311017513,1,,0,11.357699986547232,1,,0,gesture,0.008399947546422482,1
1790161630.3410392,,0.08034968376159668,12.445599698526161,,62.99060001038015,,1,,,0,0,,,no_face,0,0.004900037311017513,1,,0,10.647600051015615,1,52.296799956820905,1,gesture,0.00879995059221983,1
1790161630.3734474,,0.03240823745727539,30.856352534392702,,10.147700086236,,1,,,0,0,,,no_face,0,0.005500041879713535,1,,0,10.088899987749755,1,,0,gesture,0.010299962013959885,1
1790161630.4462214,,0.07277393341064453,13.741183870840922,,66.31210003979504,,1,,,0,0,,,no_face,0,0.00500003807246685,1,5.928999977186322,1,10.361599968746305,1,49.987200065515935,1,gesture,0.009199953638017178,1
1790161630.4767299,,0.03050851821899414,32.77773088885763,,10.75319992378354,,1,,,0,0,,,no_face,0,0.00509992241859436,1,,0,10.693700052797794,1,,0,gesture,0.010600080713629723,1
1790161630.5374346,,0.060704708099365234,16.473186863251826,,58.14059998374432,,1,,,0,0,,,no_face,0,0.005300040356814861,1,,0,10.100399958901107,1,47.9962999233976,1,gesture,0.009999959729611874,1
1790161630.5778897,,0.04045510292053223,24.71876049763969,,10.326700052246451,,1,,,0,0,,,no_face,0,0.03330002073198557,1,,0,10.246100020594895,1,,0,gesture,0.008599949069321156,1
1790161630.6485481,,0.07065844535827637,14.152589898199167,,60.91500003822148,,1,,,0,0,,,no_face,0,0.0074999406933784485,1,6.235299981199205,1,10.218400042504072,1,44.41530001349747,1,gesture,0.013400102034211159,1
1790161630.6788802,,0.030332088470458984,32.96838597097986,,10.080199921503663,,1,,,0,0,,,no_face,0,0.004299916326999664,1,,0,10.02909999806434,1,,0,gesture,0.010200077667832375,1
1790161630.7477145,,0.06883430480957031,14.52764000110837,,59.04520000331104,,1,,,0,0,,,no_face,0,0.005300040356814861,1,,0,9.846500004641712,1,49.15410000830889,1,gesture,0.010199961252510548,1
1790161630.7782166,,0.0305020809173584,32.7846484542932,,9.518700069747865,,1,,,0,0,,,no_face,0,0.004100031219422817,1,,0,9.466400020755827,1,,0,gesture,0.0097999582067132,1
1790161630.8509629,,0.07274627685546875,13.746407970634504,,61.10190006438643,,1,,,0,0,,,no_face,0,0.004500034265220165,1,6.417499971576035,1,9.801600011996925,1,44.84540002886206,1,hover,0.013399985618889332,1
1790161630.8812888,,0.030325889587402344,32.97512500393094,,10.837500100024045,,1,,,0,0,,,no_face,0,0.005400041118264198,1,,0,10.779400006867945,1,,0,hover,0.014499993994832039,1
1790161630.9418597,,0.06057095527648926,16.509562965208048,,55.652700015343726,,1,,,0,0,,,no_face,0,0.005100038833916187,1,,0,9.941899916157126,1,45.663899974897504,1,hover,0.012499978765845299,1
1790161630.9621236,,0.0202639102935791,49.34881696139682,,10.129999951459467,,1,,,0,0,,,no_face,0,0.005399924702942371,1,,0,10.065200040116906,1,,0,hover,0.013300101272761822,1
1790161631.0409057,,0.0787820816040039,12.693241656478108,,63.93879989627749,,1,,,0,0,,,no_face,0,0.004900037311017513,1,5.8741000248119235,1,9.814499993808568,1,48.21589996572584,1,hover,0.011399970389902592,1
1790161631.073446,,0.032540321350097656,30.731104012191906,,10.133499978110194,,1,,,0,0,,,no_face,0,0.005299923941493034,1,,0,10.07640000898391,1,,0,hover,0.012899981811642647,1
1790161631.1426048,,0.06915879249572754,14.45947744188532,,60.41959999129176,,1,,,0,0,,,no_face,0,0.0071999384090304375,1,,0,11.241900036111474,1,49.111400032415986,1,hover,0.019900035113096237,1
1790161631.172933,,0.03032827377319336,32.97253274216625,,9.76970000192523,,1,,,0,0,,,no_face,0,0.004300032742321491,1,,0,9.717999957501888,1,,0,hover,0.01079996582120657,1
1790161631.2645206,,0.09158754348754883,10.918515356140635,,78.90819991007447,,2,,,0,0,,,no_face,0,0.007100054062902927,1,5.917300004512072,1,9.774000034667552,1,63.164299936033785,1,hover,0.01880002673715353,1
1790161631.2948198,,0.03029918670654297,33.00418620754776,,9.750599972903728,,2,,,0,0,,,no_face,0,0.004799920134246349,1,,0,9.698300040327013,1,,0,hover,0.011499971151351929,1
1790161631.3956113,,0.10079145431518555,9.921476049674748,,88.7988000176847,,3,,,0,0,,,no_face,0,0.005200039595365524,1,,0,9.27929999306798,1,79.47080000303686,1,hover,0.011699972674250603,1
1790161631.4298978,,0.0342864990234375,29.165999109924343,,9.893800015561283,,3,,,0,0,,,no_face,0,0.005299923941493034,1,,0,9.834500029683113,1,,0,hover,0.012900098226964474,1
1790161631.5112486,,0.08135080337524414,12.292441604876762,,76.85620000120252,,2,,,0,0,,,no_face,0,0.004599918611347675,1,5.266000051051378,1,8.693099953234196,1,62.8658999921754,1,hover,0.010400079190731049,1
1790161631.5446692,,0.033420562744140625,29.92169843625157,,9.301400044932961,,2,,,0,0,,,no_face,0,0.004900037311017513,1,,0,9.190100012347102,1,,0,hover,0.013299984857439995,1
1790161631.630334,,0.08566474914550781,11.673413042994234,,77.41240004543215,,2,,,0,0,,,no_face,0,0.004900037311017513,1,,0,10.414299904368818,1,66.95100001525134,1,hover,0.013699987903237343,1
1790161631.6481712,,0.0178372859954834,56.06234043975139,,9.526100009679794,,2,,,0,0,,,no_face,0,0.004400033503770828,1,,0,9.47350007481873,1,,0,hover,0.012399978004395962,1
1790161631.7347205,,0.08654928207397461,11.554110860738154,,75.36299992352724,,2,,,0,0,,,no_face,0,0.005299923941493034,1,5.786699941381812,1,9.519300074316561,1,60.017399955540895,1,hover,0.013199984095990658,1
1790161631.7525983,,0.017877817153930664,55.93524038140961,,9.881199919618666,,2,,,0,0,,,no_face,0,0.00500003807246685,1,,0,9.821000043302774,1,,0,hover,0.012699980288743973,1
1790161631.831546,,0.07894778251647949,12.666600227704443,,72.23809999413788,,2,,,0,0,,,no_face,0,0.005200039595365524,1,,0,9.717100067064166,1,62.4760000500828,1,hover,0.01279998105019331,1
1790161631.8494031,,0.017857074737548828,56.00021362386178,,9.725500014610589,,2,,,0,0,,,no_face,0,0.0070999376475811005,1,,0,9.656699956394732,1,,0,hover,0.017200014553964138,1
1790161631.94326,,0.0938568115234375,10.65452771907007,,76.68049994390458,,2,,,0,0,,,no_face,0,0.004100031219422817,1,5.209699971601367,1,9.444799972698092,1,61.99359998572618,1,hover,0.011499971151351929,1
1790161631.961236,,0.017976045608520508,55.62958738411343,,9.91169991903007,,2,,,0,0,,,no_face,0,0.007200054824352264,1,,0,9.837800054810941,1,,0,hover,0.018000020645558834,1
1790161632.0479412,,0.08670520782470703,11.533332600063794,,74.63139994069934,,2,,,0,0,,,no_face,0,0.006700051017105579,1,,0,9.262300096452236,1,65.31139998696744,1,hover,0.017700018361210823,1
1790161632.0657976,,0.017856359481811523,56.00245677281527,,9.511000011116266,,2,,,0,0,,,no_face,0,0.004199915565550327,1,,0,9.453300037421286,1,,0,hover,0.012399978004395962,1
1790161632.1586988,,0.09290122985839844,10.764120147001458,,76.04039995931089,,2,,,0,0,,,no_face,0,0.004199915565550327,1,5.238499958068132,1,9.538899990729988,1,61.231200001202524,1,hover,0.010800082236528397,1
1790161632.1782749,,0.019576072692871094,51.08276903590393,,9.684299933724105,,2,,,0,0,,,no_face,0,0.00509992241859436,1,,0,9.628299972973764,1,,0,hover,0.013199984095990658,1
1790161632.2641575,,0.08588266372680664,11.643793480614518,,72.2237000009045,,2,,,0,0,,,no_face,0,0.007600057870149612,1,,0,10.606999974697828,1,61.551099992357194,1,hover,0.018699909560382366,1
1790161632.2819822,,0.017824649810791016,56.102083946389875,,10.038200067356229,,2,,,0,0,,,no_face,0,0.004700035788118839,1,,0,9.979399968869984,1,,0,hover,0.011399970389902592,1
1790161632.3763242,,0.09434199333190918,10.599733635920233,,79.22200008761138,,2,,,0,0,,,no_face,0,0.008100061677396297,1,7.312100031413138,1,9.68499993905425,1,62.170600052922964,1,hover,0.011699972674250603,1
1790161632.3961651,,0.01984095573425293,50.400797894711545,,10.090199997648597,,2,,,0,0,,,no_face,0,0.004400033503770828,1,,0,10.031400015577674,1,,0,hover,0.012499978765845299,1
1790161632.4818442,,0.0856790542602539,11.671464030899033,,74.37000004574656,,2,,,0,0,,,no_face,0,0.004400033503770828,1,,0,9.26600000821054,1,65.06280007306486,1,hover,0.011299969628453255,1
1790161632.5141525,,0.032308340072631836,30.9517603736966,,9.16380004491657,,2,,,0,0,,,no_face,0,0.004200031980872154,1,,0,9.114100015722215,1,,0,hover,0.010199961252510548,1
1790161632.5965385,,0.08238601684570312,12.13798212714729,,78.95150000695139,,2,,,0,0,,,no_face,0,0.004999921657145023,1,5.092800012789667,1,9.122999967075884,1,64.69770008698106,1,hover,0.01279998105019331,1
1790161632.6339355,,0.037396907806396484,26.740178764966146,,9.915799950249493,,2,,,0,0,,,no_face,0,0.005300040356814861,1,,0,9.859599987976253,1,,0,hover,0.012899981811642647,1
1790161632.719768,,0.08583259582519531,11.6505855425435,,73.81000008899719,,2,,,0,0,,,no_face,0,0.011699972674250603,1,,0,10.8913000440225,1,62.85980006214231,1,hover,0.016300007700920105,1
1790161632.7376475,,0.017879486083984375,55.93001920204822,,10.262900032103062,,2,,,0,0,,,no_face,0,0.005100038833916187,1,,0,10.207799961790442,1,,0,hover,0.012699980288743973,1
1790161632.8652375,,0.12758994102478027,7.837608450698961,,117.8762000054121,,2,,,0,0,,,no_face,0,0.0037999125197529793,1,5.032900022342801,1,9.408399928361177,1,103.40330004692078,1,hover,0.01100008375942707,1
1790161632.883074,,0.017836570739746094,56.06458856867882,,10.328000062145293,,2,,,0,0,,,no_face,0,0.00500003807246685,1,,0,10.271599981933832,1,,0,hover,0.013399985618889332,1
1790161632.9769244,,0.09385037422180176,10.655258524986218,,88.58000009786338,,2,,,0,0,,,no_face,0,0.00700005330145359,1,,0,10.093000018969178,1,78.43069999944419,1,hover,0.016300007700920105,1
1790161632.9967496,,0.019825220108032227,50.44080189530143,,9.559399913996458,,2,,,0,0,,,no_face,0,0.004200031980872154,1,,0,9.508600109256804,1,,0,hover,0.011299969628453255,1
1790161633.1122217,,0.11547207832336426,8.660102204098488,,100.93920002691448,,2,,,0,0,,,no_face,0,0.004800036549568176,1,5.198099999688566,1,9.349599946290255,1,86.35490003507584,1,hover,0.012699980288743973,1
1790161633.1301644,,0.01794266700744629,55.73307466415084,,9.69720003195107,,2,,,0,0,,,no_face,0,0.004200031980872154,1,,0,9.642699966207147,1,,0,hover,0.011699972674250603,1
1790161633.2123678,,0.08220338821411133,12.164948692812354,,76.37480006087571,,2,,,0,0,,,no_face,0,0.004500034265220165,1,,0,9.031100082211196,1,67.30410002637655,1,hover,0.010599964298307896,1
1790161633.2352295,,0.022861719131469727,43.74124247828218,,10.26899996213615,,2,,,0,0,,,no_face,0,0.004800036549568176,1,,0,10.214500012807548,1,,0,hover,0.012299977242946625,1
1790161633.3280742,,0.09284472465515137,10.770671179372346,,88.59409997239709,,2,,,0,0,,,no_face,0,0.007899943739175797,1,5.346100078895688,1,9.25249990541488,1,73.94429994747043,1,hover,0.017200014553964138,1
1790161633.3614972,,0.03342294692993164,29.919564007818185,,9.702699957415462,,2,,,0,0,,,no_face,0,0.004200031980872154,1,,0,9.648600011132658,1,,0,hover,0.010499963536858559,1
1790161633.435979,,0.07448172569274902,13.426112119437002,,67.9341999348253,,2,,,0,0,,,no_face,0,0.004600035026669502,1,,0,8.822000003419816,1,59.07189997378737,1,hover,0.01109996810555458,1
1790161633.4538038,,0.017824888229370117,56.10133354734294,,10.027199983596802,,2,,,0,0,,,no_face,0,0.008399947546422482,1,,0,9.961999952793121,1,,0,hover,0.01610000617802143,1
1790161633.544203,,0.09039926528930664,11.062036807485983,,78.15359998494387,,2,,,0,0,,,no_face,0,0.004700035788118839,1,5.157800042070448,1,8.62900004722178,1,64.33379999361932,1,hover,0.011199968867003918,1
1790161633.5624194,,0.018216371536254883,54.89567436686081,,9.952899999916553,,2,,,0,0,,,no_face,0,0.004599918611347675,1,,0,9.899800061248243,1,,0,hover,0.011899974197149277,1
1790161633.6519942,,0.08957481384277344,11.163852394438175,,76.7774999840185,,2,,,0,0,,,no_face,0,0.004299916326999664,1,,0,8.945400011725724,1,67.79440003447235,1,hover,0.010300078429281712,1
1790161633.6724534,,0.02045917510986328,48.87782594508926,,9.9611000623554,,2,,,0,0,,,no_face,0,0.005100038833916187,1,,0,9.901200071908534,1,,0,hover,0.013699987903237343,1
1790161633.7512143,,0.07876086235046387,12.696661389387522,,76.28650008700788,,2,,,0,0,,,no_face,0,0.00500003807246685,1,5.139000015333295,1,9.473899961449206,1,61.6393000818789,1,hover,0.011399970389902592,1
1790161633.7846606,,0.033446311950683594,29.89866271278264,,9.233900113031268,,2,,,0,0,,,no_face,0,0.007300055585801601,1,,0,9.167300071567297,1,,0,hover,0.017400016076862812,1
1790161633.8841915,,0.09953093528747559,10.047127529864921,,73.50479997694492,,2,,,0,0,,,no_face,0,0.006299931555986404,1,,0,9.498799918219447,1,63.95250000059605,1,hover,0.015900004655122757,1
1790161633.9150453,,0.030853748321533203,32.41097287690287,,9.431499987840652,,2,,,0,0,,,no_face,0,0.004100031219422817,1,,0,9.374800021760166,1,,0,hover,0.011299969628453255,1
1790161633.99741,,0.08236479759216309,12.141109178117484,,77.51880004070699,,2,,,0,0,,,no_face,0,0.004499917849898338,1,5.142300040461123,1,9.107599966228008,1,63.23500000871718,1,hover,0.011600088328123093,1
1790161634.0204093,,0.022999286651611328,43.479609396056645,,9.732099948450923,,2,,,0,0,,,no_face,0,0.004599918611347675,1,,0,9.676499990746379,1,,0,hover,0.011800089851021767,1
1790161634.1132445,,0.0928351879119873,10.771777625398391,,75.11689991224557,,2,,,0,0,,,no_face,0,0.004500034265220165,1,,0,10.398200014606118,1,64.67849994078279,1,hover,0.010699965059757233,1
1790161634.1310863,,0.017841815948486328,56.04810647566614,,9.201199980452657,,2,,,0,0,,,no_face,0,0.004200031980872154,1,,0,9.147000033408403,1,,0,hover,0.01079996582120657,1
1790161634.2289417,,0.0978553295135498,10.219167468661299,,80.24099993053824,,2,,,0,0,,,no_face,0,0.00409991480410099,1,6.998199969530106,1,9.581000078469515,1,63.62709996756166,1,hover,0.011100084520876408,1
1790161634.2575169,,0.02857518196105957,34.995402701642845,,9.79919999372214,,2,,,0,0,,,no_face,0,0.005300040356814861,1,,0,9.742700029164553,1,,0,hover,0.013299984857439995,1
1790161634.3448458,,0.08732891082763672,11.450961548962008,,77.07879994995892,,2,,,0,0,,,no_face,0,0.005200039595365524,1,,0,10.309299919754267,1,66.72439991962165,1,hover,0.012699980288743973,1
1790161634.3627124,,0.01786661148071289,55.97032213296325,,8.976600016467273,,2,,,0,0,,,no_face,0,0.004399917088449001,1,,0,8.918399922549725,1,,0,hover,0.011400086805224419,1
1790161634.4557974,,0.09308505058288574,10.742863582692795,,79.04550002422184,,2,,,0,0,,,no_face,0,0.004699919372797012,1,5.2423999877646565,1,9.388700011186302,1,64.35840006452054,1,hover,0.014399993233382702,1
1790161634.4736402,,0.017842769622802734,56.04511077260215,,10.298099950887263,,2,,,0,0,,,no_face,0,0.004400033503770828,1,,0,10.246000019833446,1,,0,hover,0.010499963536858559,1
1790161634.560992,,0.08735179901123047,11.447961133249631,,72.50759995076805,,2,,,0,0,,,no_face,0,0.006399932317435741,1,,0,9.921399992890656,1,62.53290001768619,1,hover,0.016000005416572094,1
1790161634.5788324,,0.01784038543701172,56.05260063077992,,9.568399982526898,,2,,,0,0,,,no_face,0,0.004499917849898338,1,,0,9.508699993602931,1,,0,hover,0.01309998333454132,1
1790161634.672489,,0.09365653991699219,10.677310958597234,,81.89400006085634,,2,,,0,0,,,no_face,0,0.005200039595365524,1,4.901500069536269,1,9.621999925002456,1,67.33240000903606,1,hover,0.012699980288743973,1
1790161634.698841,,0.0263521671295166,37.94754317871328,,9.484600042924285,,2,,,0,0,,,no_face,0,0.004200031980872154,1,,0,9.43189999088645,1,,0,hover,0.011199968867003918,1
1790161634.7832944,,0.08445334434509277,11.84085731304856,,73.84590001311153,,2,,,0,0,,,no_face,0,0.004799920134246349,1,,0,9.849899914115667,1,63.95029998384416,1,hover,0.01170008908957243,1
1790161634.8009949,,0.0177004337310791,56.49579073557738,,9.485999937169254,,2,,,0,0,,,no_face,0,0.004500034265220165,1,,0,9.43340000230819,1,,0,hover,0.012699980288743973,1
1790161634.887843,,0.08684802055358887,11.514367208668366,,78.63559992983937,,2,,,0,0,,,no_face,0,0.007899943739175797,1,5.4391000885516405,1,10.3817000053823,1,62.762799905613065,1,hover,0.017400016076862812,1
1790161634.9171176,,0.029274702072143555,34.15918623307028,,9.717399952933192,,2,,,0,0,,,no_face,0,0.005500041879713535,1,,0,9.664000011980534,1,,0,hover,0.011399970389902592,1
1790161634.998959,,0.08184146881103516,12.218744537795542,,69.84690006356686,,2,,,0,0,,,no_face,0,0.00879995059221983,1,,0,8.761100005358458,1,61.039800057187676,1,hover,0.01200009137392044,1
1790161635.01677,,0.017810821533203125,56.14564146498179,,10.2957000490278,,2,,,0,0,,,no_face,0,0.004700035788118839,1,,0,10.24069997947663,1,,0,hover,0.011599971912801266,1
1790161635.114636,,0.09786605834960938,10.21804716429546,,80.52029996179044,,2,,,0,0,,,no_face,0,0.0074999406933784485,1,5.452099954709411,1,9.561300044879317,1,65.4586999444291,1,hover,0.017400016076862812,1
1790161635.1324549,,0.017818927764892578,56.12009954775348,,9.717500070109963,,2,,,0,0,,,no_face,0,0.006600050255656242,1,,0,9.650100022554398,1,,0,hover,0.016700010746717453,1
1790161635.2146165,,0.08216166496276855,12.171126284419243,,70.68199990317225,,1,,,0,0,,,no_face,0,0.004700035788118839,1,,0,9.275600081309676,1,61.36169994715601,1,hover,0.01109996810555458,1
1790161635.2324479,,0.01783132553100586,56.08108035833668,,9.54739993903786,,1,,,0,0,,,no_face,0,0.004499917849898338,1,,0,9.493099991232157,1,,0,hover,0.01170008908957243,1
1790161635.37717,,0.14472222328186035,6.9097888169697645,,140.4387999791652,0.166,1,pose,57.073600008152425,1,1,57.066500070504844,1,ok,8,0.04239997360855341,1,4.9628999549895525,1,10.193400084972382,1,68.15439998172224,1,gesture,0.010599964298307896,1
1790161635.417161,,0.039990901947021484,25.00568757675844,,10.51919988822192,,1,held,,0,1,,,held,0,0.05570007488131523,1,,0,10.416700039058924,1,,0,gesture,0.008199946023523808,1
1790161635.4991302,,0.0819692611694336,12.199695175157938,,70.9353000856936,,0,,,0,0,,,no_hand,0,0.004400033503770828,1,,0,10.189600056037307,1,60.708000091835856,1,gesture,0.008199946023523808,1
1790161635.5169487,,0.017818450927734375,56.121601370156284,,9.325699997134507,,0,,,0,0,,,no_hand,0,0.004200031980872154,1,,0,9.278899990022182,1,,0,gesture,0.008199946023523808,1
1790161635.587024,,0.07007527351379395,14.270368845626486,,36.32859990466386,,0,,,0,0,,,no_hand,0,0.005200039595365524,1,5.5961000034585595,1,9.50299995020032,1,21.19889995083213,1,gesture,0.008400063961744308,1
1790161635.61689,,0.02986598014831543,33.482912498902344,,9.567199973389506,,0,,,0,0,,,no_hand,0,0.005100038833916187,1,,0,9.52059996780008,1,,0,gesture,0.00909995287656784,1
1790161635.6611323,,0.04424238204956055,22.60276128170031,,33.508800086565316,,0,,,0,0,,,no_hand,0,0.007400056347250938,1,,0,10.326199932023883,1,23.133400012739003,1,gesture,0.012699980288743973,1
1790161635.6743538,,0.013221502304077148,75.63437021008025,,9.54160001128912,,0,,,0,0,,,no_hand,0,0.004599918611347675,1,,0,9.498100029304624,1,,0,gesture,0.0078000593930482864,1
1790161635.7214248,,0.047070980072021484,21.24451197892924,,40.39420001208782,,0,,,0,0,,,no_hand,0,0.004599918611347675,1,5.611800006590784,1,8.983599953353405,1,25.76980006415397,1,gesture,0.00870006624609232,1
1790161635.7392793,,0.01785445213317871,56.008439382002216,,9.737299988046288,,0,,,0,0,,,no_hand,0,0.004700035788118839,1,,0,9.689000085927546,1,,0,gesture,0.008399947546422482,1
1790161635.7883654,,0.04908609390258789,20.372368638346238,,35.942999995313585,,0,,,0,0,,,no_hand,0,0.005499925464391708,1,,0,10.421699960716069,1,25.48059995751828,1,gesture,0.009300070814788342,1
1790161635.819751,,0.03138566017150879,31.86168442962299,,9.019799996167421,,0,,,0,0,,,no_hand,0,0.004699919372797012,1,,0,8.972199982963502,1,,0,gesture,0.008200062438845634,1
1790161635.8726492,,0.05289816856384277,18.90424616105755,,45.25670001748949,,0,,,0,0,,,no_hand,0,0.005400041118264198,1,7.260599988512695,1,10.460700024850667,1,27.503999997861683,1,gesture,0.008899951353669167,1
1790161635.9009264,,0.028277158737182617,35.36423193342495,,9.399999980814755,,0,,,0,0,,,no_hand,0,0.004800036549568176,1,,0,9.35619999654591,1,,0,gesture,0.008600065484642982,1
1790161635.94336,,0.042433738708496094,23.566153500393302,,33.08690001722425,,0,,,0,0,,,no_hand,0,0.0070999376475811005,1,,0,9.443399962037802,1,23.592800018377602,1,gesture,0.012899981811642647,1
1790161635.9636264,,0.020266294479370117,49.34301142312624,,10.003100032918155,,0,,,0,0,,,no_hand,0,0.004600035026669502,1,,0,9.960000053979456,1,,0,gesture,0.007999944500625134,1
1790161636.0147517,,0.051125288009643555,19.559792011565275,,43.74999995343387,,0,,,0,0,,,no_hand,0,0.005599926225841045,1,6.536800065077841,1,10.430599912069738,1,26.7500999616459,1,gesture,0.009300070814788342,1
1790161636.045072,,0.030320405960083008,32.981088753115834,,9.87629999872297,,0,,,0,0,,,no_hand,0,0.0074999406933784485,1,,0,9.816200006753206,1,,0,gesture,0.01179997343569994,1
1790161636.0859218,,0.04084968566894531,24.479992529299153,,31.96129994466901,,0,,,0,0,,,no_hand,0,0.0069999368861317635,1,,0,9.667900041677058,1,22.24489999935031,1,gesture,0.012399978004395962,1
1790161636.1062136,,0.020291805267333984,49.28097755845376,,10.68799989297986,,0,,,0,0,,,no_hand,0,0.00500003807246685,1,,0,10.638400097377598,1,,0,gesture,0.009199953638017178,1
1790161636.1546843,,0.04847073554992676,20.63100525821319,,39.712200057692826,,0,,,0,0,,,no_hand,0,0.00500003807246685,1,6.035699974745512,1,9.757300023920834,1,23.887200048193336,1,gesture,0.00909995287656784,1
1790161636.1852107,,0.030526399612426758,32.75853073720877,,9.43759991787374,,0,,,0,0,,,no_hand,0,0.004799920134246349,1,,0,9.389599901624024,1,,0,gesture,0.009500072337687016,1
1790161636.2357352,,0.05052447319030762,19.792388457636317,,38.8214000267908,,0,,,0,0,,,no_hand,0,0.004200031980872154,1,,0,10.925900074653327,1,27.858200017362833,1,gesture,0.007899943739175797,1
1790161636.2681518,,0.032416582107543945,30.84840951715515,,10.525600053369999,,0,,,0,0,,,no_hand,0,0.0075999414548277855,1,,0,10.466999956406653,1,,0,gesture,0.013599987141788006,1
1790161636.3166578,,0.04850602149963379,20.615997129501743,,40.04790005274117,,0,,,0,0,,,no_hand,0,0.00700005330145359,1,6.065799971111119,1,8.801699965260923,1,25.1383000286296,1,gesture,0.012999982573091984,1
1790161636.3469958,,0.030338048934936523,32.96190872869301,,9.44100006017834,,0,,,0,0,,,no_hand,0,0.004400033503770828,1,,0,9.393800050020218,1,,0,gesture,0.009299954399466515,1
1790161636.3897946,,0.042798757553100586,23.36516425177287,,38.292899960651994,,0,,,0,0,,,no_hand,0,0.0075999414548277855,1,,0,10.676900041289628,1,27.562699979171157,1,gesture,0.014199991710484028,1
1790161636.430205,,0.040410518646240234,24.746032307928303,,10.592299979180098,,0,,,0,0,,,no_hand,0,0.005800044164061546,1,,0,10.529000079259276,1,,0,gesture,0.016000005416572094,1
1790161636.4908104,,0.06060528755187988,16.50021046668529,,39.21979991719127,,0,,,0,0,,,no_hand,0,0.005299923941493034,1,6.453300011344254,1,9.868399938568473,1,22.866399958729744,1,gesture,0.009500072337687016,1
1790161636.5211182,,0.030307769775390625,32.99483952171177,,10.010900092311203,,0,,,0,0,,,no_hand,0,0.007300055585801601,1,,0,9.953000000678003,1,,0,gesture,0.013199984095990658,1
1790161636.5615296,,0.04041147232055664,24.74544832387403,,36.57210001256317,,0,,,0,0,,,no_hand,0,0.005300040356814861,1,,0,10.506400023587048,1,26.025600032880902,1,gesture,0.010499963536858559,1
1790161636.6019177,,0.04038810729980469,24.759763872491146,,15.90500003658235,,0,,,0,0,,,no_hand,0,6.604800000786781,1,,0,9.255400043912232,1,,0,face,0.01309998333454132,1
1790161636.6703465,,0.06842875480651855,14.613739543083714,,38.30629994627088,,0,,,0,0,,,no_hand,0,0.5870999302715063,1,6.607899907976389,1,9.557500015944242,1,21.525599993765354,1,face,0.009800074622035027,1
1790161636.7007635,,0.03041696548461914,32.87638934612551,,16.63539989385754,,0,,,0,0,,,no_hand,0,6.694899988360703,1,,0,9.886700077913702,1,,0,face,0.013600103557109833,1
1790161636.753411,,0.05264759063720703,18.994221537904174,,33.06660009548068,,0,,,0,0,,,no_hand,0,0.48100005369633436,1,,0,9.488700074143708,1,23.06440006941557,1,face,0.008899951353669167,1
1790161636.773679,,0.020267963409423828,49.338948359016584,,16.48020010907203,,0,,,0,0,,,no_hand,0,6.642500055022538,1,,0,9.792900062166154,1,,0,face,0.009199953638017178,1
1790161636.8523395,,0.07866048812866211,12.712862884404382,,50.13420002069324,,0,,,0,0,,,no_hand,0,7.000399986281991,1,6.935499957762659,1,9.95199999306351,1,26.220300002023578,1,face,0.008599949069321156,1
1790161636.8745248,,0.022185325622558594,45.07483987447878,,11.058200034312904,,0,,,0,0,,,no_hand,0,0.4873999860137701,1,,0,10.527199949137866,1,,0,face,0.008600065484642982,1
1790161636.9230113,,0.04848647117614746,20.624309745435593,,40.08890001568943,,0,,,0,0,,,no_hand,0,6.722699967212975,1,,0,9.469999931752682,1,23.85959995444864,1,face,0.008899951353669167,1
1790161636.9555216,,0.03251028060913086,30.75950072603001,,10.694399941712618,,0,,,0,0,,,no_hand,0,0.5842000246047974,1,,0,10.064599919132888,1,,0,face,0.00900006853044033,1
1790161637.0161955,,0.06067395210266113,16.481537222233136,,50.50939996726811,,0,,,0,0,,,no_hand,0,6.393500021658838,1,6.597599945962429,1,11.03810011409223,1,26.444599963724613,1,face,0.013299984857439995,1
1790161637.036513,,0.020317554473876953,49.21852190851698,,10.007400065660477,,0,,,0,0,,,no_hand,0,0.5746000679209828,1,,0,9.379700059071183,1,,0,face,0.008499948307871819,1
1790161637.0870783,,0.050565242767333984,19.776430316003886,,43.696400010958314,,0,,,0,0,,,no_hand,0,7.573499926365912,1,,0,10.567299905233085,1,25.52080003079027,1,face,0.009600073099136353,1
1790161637.1176412,,0.030562877655029297,32.71943209298697,,10.66449994686991,,0,,,0,0,,,no_hand,0,0.5851000314578414,1,,0,10.036699939519167,1,,0,face,0.009599956683814526,1
1790161637.168167,,0.05052590370178223,19.79182808688143,,46.64089996367693,,0,,,0,0,,,no_hand,0,6.3662000466138124,1,6.648099981248379,1,9.947999962605536,1,23.648699978366494,1,face,0.010399962775409222,1
1790161637.1881614,,0.019994258880615234,50.01435691970141,,10.546199977397919,,0,,,0,0,,,no_hand,0,0.5221999017521739,1,,0,9.982899995520711,1,,0,face,0.008600065484642982,1
1790161637.2291074,,0.040946006774902344,24.422405962501454,,32.23919996526092,,0,,,0,0,,,no_hand,0,0.5021999822929502,1,,0,8.381999912671745,1,23.325399961322546,1,face,0.008200062438845634,1
1790161637.249434,,0.020326614379882812,49.19658440461669,,16.78220008034259,,0,,,0,0,,,no_hand,0,6.634999997913837,1,,0,10.064100031740963,1,,0,face,0.009199953638017178,1
1790161637.3301558,,0.08072185516357422,12.388218754061175,,51.873299991711974,,0,,,0,0,,,no_hand,0,6.687300046905875,1,6.27139990683645,1,9.931100066751242,1,28.95790000911802,1,face,0.008399947546422482,1
1790161637.3504543,,0.020298480987548828,49.26477013789377,,9.92530002258718,,0,,,0,0,,,no_hand,0,0.47389999963343143,1,,0,9.410000056959689,1,,0,face,0.008399947546422482,1
1790161637.4010682,,0.0506138801574707,19.75742616232512,,41.706399992108345,,0,,,0,0,,,no_hand,0,7.057400071062148,1,,0,9.82729997485876,1,24.787700036540627,1,face,0.009299954399466515,1
1790161637.431403,,0.0303347110748291,32.965535670777236,,11.67380006518215,,0,,,0,0,,,no_hand,0,0.6705999840050936,1,,0,10.952300042845309,1,,0,face,0.01200009137392044,1
1790161637.5019512,,0.07054829597473145,14.17468680403243,,49.80509995948523,,0,,,0,0,,,no_hand,0,6.636000005528331,1,7.514600059948862,1,9.444399969652295,1,26.184899965301156,1,face,0.008600065484642982,1
1790161637.5323067,,0.030355453491210938,32.94300973923971,,10.498399962671101,,0,,,0,0,,,no_hand,0,0.5985000170767307,1,,0,9.850399917922914,1,,0,face,0.015199999324977398,1
1790161637.5828788,,0.05057215690612793,19.773726516276547,,42.38310002256185,,0,,,0,0,,,no_hand,0,7.066400023177266,1,,0,9.969200007617474,1,25.303600006736815,1,face,0.013399985618889332,1
1790161637.6132255,,0.03034663200378418,32.95258596984672,,10.323700029402971,,0,,,0,0,,,no_hand,0,0.5984000163152814,1,,0,9.682700037956238,1,,0,face,0.0097999582067132,1
1790161637.6680481,,0.054822683334350586,18.24062485050643,,47.71830001845956,,0,,,0,0,,,no_hand,0,6.501999916508794,1,6.016399944201112,1,9.862200007773936,1,25.309400050900877,1,face,0.009500072337687016,1
1790161637.6948154,,0.026767253875732422,37.35908078738755,,10.541500058025122,,0,,,0,0,,,no_hand,0,0.7018999895080924,1,,0,9.796000085771084,1,,0,face,0.009399955160915852,1
1790161637.7435713,,0.04875588417053223,20.510344895035136,,40.22600001189858,,0,,,0,0,,,no_hand,0,7.036499911919236,1,,0,9.676999994553626,1,23.47600006032735,1,face,0.0100000761449337,1
1790161637.7759337,,0.03236246109008789,30.899998526573253,,10.009499965235591,,0,,,0,0,,,no_hand,0,0.4848999669775367,1,,0,9.481800021603703,1,,0,face,0.00800006091594696,1
1790161637.826455,,0.0505213737487793,19.793602703136354,,46.81819991674274,,0,,,0,0,,,no_hand,0,6.90900010522455,1,5.947600002400577,1,9.938200004398823,1,23.98709999397397,1,face,0.012899981811642647,1
1790161637.8568156,,0.03036046028137207,32.93757705687877,,10.895600076764822,,0,,,0,0,,,no_hand,0,0.6919000297784805,1,,0,10.152800008654594,1,,0,face,0.01179997343569994,1
1790161637.9071093,,0.050293684005737305,19.88321237087989,,40.26209993753582,,0,,,0,0,,,no_hand,0,7.042100070975721,1,,0,8.720300043933094,1,24.46859993506223,1,face,0.007999944500625134,1
1790161637.9373744,,0.030265092849731445,33.04136567381697,,9.966299985535443,,0,,,0,0,,,no_hand,0,0.5749000702053308,1,,0,9.34760004747659,1,,0,face,0.008999952115118504,1
1790161637.998121,,0.06074666976928711,16.461807763256015,,50.09859998244792,,0,,,0,0,,,no_hand,0,6.673899944871664,1,6.701699923723936,1,10.451900074258447,1,26.241100043989718,1,face,0.010299962013959885,1
1790161638.026432,,0.02831101417541504,35.32194197650428,,9.673899970948696,,0,,,0,0,,,no_hand,0,0.4734999965876341,1,,0,9.1476000379771,1,,0,face,0.00879995059221983,1
1790161638.0795252,,0.05309319496154785,18.834805491066017,,41.13079991657287,,0,,,0,0,,,no_hand,0,7.100900053046644,1,,0,10.377999977208674,1,23.61529995687306,1,face,0.010299962013959885,1
1790161638.1079957,,0.028470516204833984,35.12405580585191,,9.618000010959804,,0,,,0,0,,,no_hand,0,0.4553999751806259,1,,0,9.121599956415594,1,,0,face,0.008300063200294971,1
1790161638.1606252,,0.05262947082519531,19.00076106258834,,46.10060004051775,,0,,,0,0,,,no_hand,0,6.542999995872378,1,5.749800009652972,1,9.789199917577207,1,23.989900015294552,1,face,0.009900075383484364,1
1790161638.1909087,,0.030283451080322266,33.02133555873971,,10.467400075867772,,0,,,0,0,,,no_hand,0,0.6149000255391002,1,,0,9.798099985346198,1,,0,face,0.009499955922365189,1
1790161638.2616704,,0.07076168060302734,14.131942479009151,,63.76079993788153,,0,,,0,0,,,no_hand,0,7.103499956429005,1,,0,10.6423000106588,1,45.970399980433285,1,face,0.012599979527294636,1
1790161638.2919836,,0.03031325340270996,32.988870799021576,,11.045399936847389,,0,,,0,0,,,no_hand,0,0.7131000747904181,1,,0,10.289300000295043,1,,0,face,0.009899958968162537,1
1790161638.4231477,,0.1311640739440918,7.624038884506182,,125.60200004372746,0.138,1,pose,55.024500004947186,1,1,55.01769995316863,1,ok,8,7.815800025127828,1,6.112699978984892,1,9.141799993813038,1,47.493900055997074,1,face,0.009699957445263863,1
1790161638.4540324,,0.030884742736816406,32.378446811795584,,10.059499996714294,,1,held,,0,1,,,held,0,0.04190008621662855,1,,0,9.970400016754866,1,,0,gesture,0.011399970389902592,1
1790161638.5148306,,0.06079816818237305,16.447863971828113,,58.359500020742416,,1,iou,0.2546999603509903,1,1,,,ok,0,0.0833999365568161,1,,0,10.416100034490228,1,47.57830000016838,1,gesture,0.012100092135369778,1
1790161638.5533786,,0.03854799270629883,25.941688004849023,,9.677599999122322,,1,held,,0,1,,,held,0,0.06089999806135893,1,,0,9.552399977110326,1,,0,gesture,0.00800006091594696,1
1790161638.6264424,,0.07306385040283203,13.686658922115045,,64.57940000109375,,1,iou,0.14000001829117537,1,1,,,ok,0,0.04260009154677391,1,6.426600040867925,1,10.52959996741265,1,47.43070004042238,1,gesture,0.0075999414548277855,1
1790161638.6547356,,0.028293132781982422,35.34426561051656,,9.616199997253716,,1,held,,0,1,,,held,0,0.0545999500900507,1,,0,9.511500014923513,1,,0,gesture,0.0078000593930482864,1
1790161638.7253826,,0.07064700126647949,14.15488247304389,,58.6345000192523,,1,iou,0.12440001592040062,1,1,,,ok,0,0.039400067180395126,1,,0,10.283200070261955,1,48.16979996394366,1,gesture,0.0073999399319291115,1
1790161638.7476735,,0.022290945053100586,44.861265308305256,,9.62760008405894,,1,held,,0,1,,,held,0,0.051900045946240425,1,,0,9.50480008032173,1,,0,gesture,0.0077999429777264595,1
1790161638.8163717,,0.06869816780090332,14.556428970538729,,58.79899999126792,,1,iou,0.30800001695752144,1,1,,,ok,0,0.07459998596459627,1,5.845900042913854,1,9.357400005683303,1,43.198299943469465,1,gesture,0.012299977242946625,1
1790161638.8466718,,0.030300140380859375,33.00314742540602,,9.475999977439642,,1,held,,0,1,,,held,0,0.08610007353127003,1,,0,9.331100038252771,1,,0,gesture,0.011199968867003918,1
1790161638.919347,,0.07267522811889648,13.759846730222884,,60.36040000617504,,1,iou,0.2237000735476613,1,1,,,ok,0,0.044599990360438824,1,,0,10.539499926380813,1,49.533699988387525,1,gesture,0.00809994526207447,1
1790161638.9496439,,0.030296802520751953,33.00678344901396,,10.416499921120703,,1,held,,0,1,,,held,0,0.050600036047399044,1,,0,10.31820010393858,1,,0,gesture,0.00800006091594696,1
1790161639.0204306,,0.07078671455383301,14.126944671792955,,63.79670009482652,,1,iou,0.215300009585917,1,1,,,ok,0,0.0619000056758523,1,5.993300001136959,1,10.591800091788173,1,46.92110000178218,1,gesture,0.01079996582120657,1
1790161639.0488887,,0.028458118438720703,35.139357584490874,,9.54150001052767,,1,held,,0,1,,,held,0,0.05289993714541197,1,,0,9.443299961276352,1,,0,gesture,0.007900060154497623,1
1790161639.111858,,0.06296920776367188,15.88077785182044,,52.48009995557368,,1,iou,0.28929999098181725,1,1,,,ok,0,0.08560006972402334,1,,0,9.965699980966747,1,42.11569996550679,1,gesture,0.012299977242946625,1
1790161639.1301494,,0.018291473388671875,54.67028154327424,,9.302599937655032,,1,held,,0,1,,,held,0,0.09210000280290842,1,,0,9.1476000379771,1,,0,gesture,0.011800089851021767,1
1790161639.2012231,,0.07107377052307129,14.069888126666779,,59.31419995613396,,1,iou,0.14420005027204752,1,1,,,ok,0,0.04499999340623617,1,6.491300067864358,1,9.985499898903072,1,42.63739997986704,1,gesture,0.008399947546422482,1
1790161639.2315125,,0.030289411544799805,33.014837495965935,,9.73869999870658,,1,held,,0,1,,,held,0,0.05330005660653114,1,,0,9.637500043027103,1,,0,gesture,0.007899943739175797,1
1790161639.2940953,,0.06258273124694824,15.978848798625476,,55.52199995145202,,1,iou,0.14140002895146608,1,1,,,ok,0,0.0439999857917428,1,,0,9.928600047715008,1,45.38899997714907,1,gesture,0.0075999414548277855,1
1790161639.3144064,,0.02031111717224121,49.234120975220385,,9.960500057786703,,1,held,,0,1,,,held,0,0.08130003698170185,1,,0,9.831000003032386,1,,0,gesture,0.007899943739175797,1
1790161639.3851314,,0.0707249641418457,14.139278996231146,,63.40340001042932,,1,iou,0.1357999863103032,1,1,,,ok,0,0.04099996294826269,1,5.965500022284687,1,9.396699955686927,1,47.85460000857711,1,gesture,0.007600057870149612,1
1790161639.4134178,,0.028286457061767578,35.35260700257919,,9.790899930521846,,1,held,,0,1,,,held,0,0.06760004907846451,1,,0,9.668800048530102,1,,0,gesture,0.0097999582067132,1
1790161639.4841099,,0.07069206237792969,14.145859752313628,,58.808399946428835,,1,iou,0.15249999705702066,1,1,,,ok,0,0.04689989145845175,1,,0,9.964699973352253,1,48.6235999269411,1,gesture,0.008600065484642982,1
1790161639.5164256,,0.032315731048583984,30.944681353381238,,10.072799981571734,,1,held,,0,1,,,held,0,0.06759993266314268,1,,0,9.954099892638624,1,,0,gesture,0.007700058631598949,1
1790161639.5871391,,0.07071352005004883,14.141567260295218,,60.38000003900379,,1,iou,0.17079990357160568,1,1,,,ok,0,0.05689996760338545,1,5.61380002181977,1,10.537700029090047,1,43.98940003011376,1,gesture,0.008900067768990993,1
1790161639.6174376,,0.030298471450805664,33.004965337068484,,10.06010000128299,,1,held,,0,1,,,held,0,0.11709996033459902,1,,0,9.883100050501525,1,,0,gesture,0.011900090612471104,1
1790161639.678043,,0.06060528755187988,16.50021046668529,,52.12549993302673,,1,iou,0.13170007150620222,1,1,,,ok,0,0.04060007631778717,1,,0,9.490899974480271,1,42.4452000297606,1,gesture,0.0075999414548277855,1
1790161639.6962767,,0.018233776092529297,54.84327519025079,,9.777499944902956,,1,held,,0,1,,,held,0,0.05239993333816528,1,,0,9.674499975517392,1,,0,gesture,0.007700058631598949,1
1790161639.7689934,,0.07271671295166016,13.751996747498328,,62.3129999730736,,1,iou,0.20709994714707136,1,1,,,ok,0,0.052999937906861305,1,6.134400027804077,1,10.534500004723668,1,45.37209996487945,1,gesture,0.009400071576237679,1
1790161639.799354,,0.030360698699951172,32.9373184024124,,10.237999958917499,,1,held,,0,1,,,held,0,0.056699966080486774,1,,0,10.13000006787479,1,,0,gesture,0.008600065484642982,1
1790161639.8700683,,0.07071423530578613,14.141424222092605,,61.615999904461205,,1,iou,0.15890004578977823,1,1,,,ok,0,0.1656000968068838,1,,0,11.558900005184114,1,49.71209994982928,1,gesture,0.008299946784973145,1
1790161639.8984294,,0.028361082077026367,35.25958555756378,,9.435600019060075,,1,held,,0,1,,,held,0,0.08399994112551212,1,,0,9.289999958127737,1,,0,gesture,0.011899974197149277,1
1790161639.9692028,,0.07077336311340332,14.129609728983139,,58.71130002196878,,1,iou,0.2818000502884388,1,1,,,ok,0,0.07660000119358301,1,5.974299972876906,1,9.509700001217425,1,42.852999991737306,1,gesture,0.012199976481497288,1
1790161639.999536,,0.030333280563354492,32.96709031887885,,9.702100069262087,,1,held,,0,1,,,held,0,0.09670003782957792,1,,0,9.554699994623661,1,,0,gesture,0.007899943739175797,1
1790161640.0620773,,0.06254124641418457,15.98944788176138,,56.13499996252358,,1,iou,0.152900000102818,1,1,,,ok,0,0.046200002543628216,1,,0,10.958099970594049,1,44.95799995493144,1,gesture,0.00909995287656784,1
1790161640.1027205,,0.04064321517944336,24.604352672024405,,10.220800060778856,,1,held,,0,1,,,held,0,0.05380006041377783,1,,0,10.116999968886375,1,,0,gesture,0.008499948307871819,1
1790161640.1842284,,0.08150792121887207,12.268746215655705,,59.07469999510795,,1,iou,0.1373999984934926,1,1,,,ok,0,0.04090007860213518,1,5.0200000405311584,1,9.665300021879375,1,44.201199896633625,1,gesture,0.0076999422162771225,1
1790161640.221597,,0.0373685359954834,26.76048106676875,,10.089899995364249,,1,held,,0,1,,,held,0,0.10190007742494345,1,,0,9.92840004619211,1,,0,gesture,0.00909995287656784,1
1790161640.2923043,,0.07070732116699219,14.142807045938874,,58.76049993094057,,1,iou,0.22099993657320738,1,1,,,ok,0,0.05089992191642523,1,,0,10.316799976862967,1,48.15309995319694,1,gesture,0.008200062438845634,1
1790161640.3226433,,0.03033900260925293,32.960872606109184,,9.76379995699972,,1,held,,0,1,,,held,0,0.05979998968541622,1,,0,9.65559994801879,1,,0,gesture,0.008899951353669167,1
1790161640.395551,,0.07290768623352051,13.715974976863736,,67.03010003548115,,1,iou,0.2839000662788749,1,1,,,ok,0,0.0825999304652214,1,6.870000041089952,1,10.029299999587238,1,49.748699995689094,1,gesture,0.012499978765845299,1
1790161640.4258854,,0.03033447265625,32.96579476861167,,10.23769995663315,,1,held,,0,1,,,held,0,0.056999968364834785,1,,0,10.125700035132468,1,,0,gesture,0.008399947546422482,1
1790161640.5573187,,0.13143324851989746,7.60842489447114,,128.1149999704212,0.14,1,pose,68.83859995286912,1,1,68.83160001598299,1,ok,8,0.05609996151179075,1,,0,9.82010003644973,1,49.38229999970645,1,gesture,0.008200062438845634,1
1790161640.5856183,,0.028299570083618164,35.33622585238043,,9.617400006391108,,1,held,,0,1,,,held,0,0.06690004374831915,1,,0,9.490899974480271,1,,0,gesture,0.009599956683814526,1
1790161640.6582959,,0.0726776123046875,13.759395339072013,,64.33309998828918,,1,iou,0.1406000228598714,1,1,,,ok,0,0.042899977415800095,1,6.1027000192552805,1,10.40379994083196,1,47.63299995101988,1,gesture,0.007900060154497623,1
1790161640.6862874,,0.027991533279418945,35.72508836931988,,9.74750006571412,,1,held,,0,1,,,held,0,0.09079999290406704,1,,0,9.596799965947866,1,,0,gesture,0.011899974197149277,1
1790161640.7488775,,0.06259012222290039,15.976961930809608,,50.630199955776334,,1,iou,0.13729999773204327,1,1,,,ok,0,0.042599975131452084,1,,0,9.180300054140389,1,41.250000009313226,1,gesture,0.0077999429777264595,1
1790161640.7691617,,0.020284175872802734,49.2995133877148,,10.072399978525937,,1,held,,0,1,,,held,0,0.06120000034570694,1,,0,9.87339997664094,1,,0,gesture,0.00879995059221983,1
1790161640.8398855,,0.0707237720489502,14.139517322518769,,64.40559995826334,,1,iou,0.16529997810721397,1,1,,,ok,0,0.05149992648512125,1,6.075100041925907,1,10.214000009000301,1,47.887599910609424,1,gesture,0.009400071576237679,1
1790161640.8701851,,0.030299663543701172,33.00366680830304,,10.797899914905429,,1,held,,0,1,,,held,0,0.0961000332608819,1,,0,10.640399996191263,1,,0,gesture,0.012399978004395962,1
1790161640.949026,,0.07884097099304199,12.683760580374559,,56.30059994291514,,1,iou,0.15119998715817928,1,1,,,ok,0,0.045199994929134846,1,,0,9.450200013816357,1,46.63530003745109,1,gesture,0.008499948307871819,1
1790161640.9694746,,0.02044844627380371,48.903471031982,,9.275199961848557,,1,held,,0,1,,,held,0,0.04810001701116562,1,,0,9.179700049571693,1,,0,gesture,0.0072999391704797745,1
1790161641.0422342,,0.07275962829589844,13.743885495582877,,61.18040008004755,,1,iou,0.14739995822310448,1,1,,,ok,0,0.04539999645203352,1,5.9154999908059835,1,10.350299999117851,1,44.71160005778074,1,gesture,0.007900060154497623,1
1790161641.0705218,,0.028287649154663086,35.351117179532565,,8.982599945738912,,1,held,,0,1,,,held,0,0.051699928008019924,1,,0,8.883200003765523,1,,0,gesture,0.008100061677396297,1
1790161641.1315794,,0.06105756759643555,16.37798620818918,,51.792000071145594,,1,iou,0.15870004426687956,1,1,,,ok,0,0.04930002614855766,1,,0,9.755100007168949,1,41.80990008171648,1,gesture,0.008499948307871819,1
1790161641.1539187,,0.022339344024658203,44.764071805161265,,11.126000084914267,,1,held,,0,1,,,held,0,0.0638000201433897,1,,0,11.011100024916232,1,,0,gesture,0.009599956683814526,1
1790161641.214966,,0.06104731559753418,16.380736650120483,,57.05940001644194,,1,iou,0.1327999634668231,1,1,,,ok,0,0.039899954572319984,1,5.723699927330017,1,9.36400005593896,1,41.789500042796135,1,gesture,0.007400056347250938,1
1790161641.253349,,0.03838300704956055,26.053195850673955,,9.481100016273558,,1,held,,0,1,,,held,0,0.060999998822808266,1,,0,9.344499907456338,1,,0,gesture,0.010499963536858559,1
1790161641.3159208,,0.06257176399230957,15.98164948846425,,52.132599987089634,,1,iou,0.1493000891059637,1,1,,,ok,0,0.045599997974932194,1,,0,9.795699967071414,1,42.12380002718419,1,gesture,0.007899943739175797,1
1790161641.3362167,,0.02029585838317871,49.2711360672877,,10.26920008007437,,1,held,,0,1,,,held,0,0.051900045946240425,1,,0,10.17420005518943,1,,0,gesture,0.00809994526207447,1
1790161641.4068875,,0.07067084312438965,14.15010711333772,,64.68740000855178,,1,iou,0.13619998935610056,1,1,,,ok,0,0.04099996294826269,1,6.338899955153465,1,9.769199998117983,1,48.39230002835393,1,gesture,0.007700058631598949,1
1790161641.4352953,,0.028407812118530273,35.20158454398201,,8.684300002641976,,1,held,,0,1,,,held,0,0.09079999290406704,1,,0,8.533600019291043,1,,0,gesture,0.010699965059757233,1
1790161641.4980464,,0.06275105476379395,15.93598711231511,,56.92030000500381,,1,iou,0.16099994536489248,1,1,,,ok,0,0.04879990592598915,1,,0,10.110800038091838,1,46.581100090406835,1,gesture,0.008900067768990993,1
1790161641.5263402,,0.028293848037719727,35.343372123397906,,9.4513000221923,,1,held,,0,1,,,held,0,0.0809000339359045,1,,0,9.309499990195036,1,,0,gesture,0.012199976481497288,1
1790161641.5990589,,0.07271862030029297,13.751636044117454,,61.865400057286024,,1,iou,0.16009993851184845,1,1,,,ok,0,0.04910002462565899,1,6.5885999938473105,1,10.172400041483343,1,44.88399997353554,1,gesture,0.008800067007541656,1
1790161641.6273646,,0.028305768966674805,35.328487319222056,,9.500400046817958,,1,held,,0,1,,,held,0,0.057299970649182796,1,,0,9.395499946549535,1,,0,gesture,0.008200062438845634,1
1790161641.6900618,,0.06269717216491699,15.949682664628419,,57.8211999963969,,1,iou,0.242199981585145,1,1,,,ok,0,0.0412999652326107,1,,0,10.080299922265112,1,47.43799997959286,1,gesture,0.007900060154497623,1
1790161641.7306237,,0.04056191444396973,24.653668686702442,,10.376799968071282,,1,held,,0,1,,,held,0,0.05509995389729738,1,,0,10.272799991071224,1,,0,gesture,0.008199946023523808,1
1790161641.8013155,,0.07069182395935059,14.145907461307306,,64.88760001957417,,1,iou,0.15239999629557133,1,1,,,ok,0,0.04569999873638153,1,6.555300089530647,1,10.567199904471636,1,47.55629994906485,1,gesture,0.008100061677396297,1
1790161641.829635,,0.028319358825683594,35.311533928270755,,9.49989992659539,,1,held,,0,1,,,held,0,0.05259993486106396,1,,0,9.399200091138482,1,,0,gesture,0.008400063961744308,1
1790161641.8925452,,0.06291031837463379,15.895643605631667,,58.0698000267148,,1,iou,0.1503999810665846,1,1,,,ok,0,0.045599997974932194,1,,0,9.384199976921082,1,48.4713000478223,1,gesture,0.008699949830770493,1
1790161641.9329643,,0.04041910171508789,24.740777443520322,,9.921500110067427,,1,held,,0,1,,,held,0,0.07419998291879892,1,,0,9.798699989914894,1,,0,gesture,0.009200070053339005,1
1790161642.0037344,,0.0707700252532959,14.13027615040208,,65.61730010434985,,1,iou,0.1503999810665846,1,1,,,ok,0,0.0467000063508749,1,6.511499988846481,1,9.767699986696243,1,49.130700062960386,1,gesture,0.008100061677396297,1
1790161642.031679,,0.027944564819335938,35.78513412053785,,9.728999924845994,,1,held,,0,1,,,held,0,0.06250001024454832,1,,0,9.608100051991642,1,,0,gesture,0.01070008147507906,1
1790161642.0943162,,0.0626373291015625,15.964920828258222,,56.97509995661676,,1,iou,0.13040006160736084,1,1,,,ok,0,0.04020007327198982,1,,0,10.176299954764545,1,46.610299963504076,1,gesture,0.0076999422162771225,1
1790161642.1346962,,0.040380001068115234,24.764734362268698,,10.146899963729084,,1,held,,0,1,,,held,0,0.0610999995842576,1,,0,10.032200021669269,1,,0,gesture,0.009199953638017178,1
1790161642.2056813,,0.07098507881164551,14.087467630393675,,61.87880004290491,,1,iou,0.1382000045850873,1,1,,,ok,0,0.04249997437000275,1,6.055000005289912,1,9.459499968215823,1,46.173500013537705,1,gesture,0.007600057870149612,1
1790161642.2339606,,0.02827930450439453,35.36154857855866,,9.475600090809166,,1,held,,0,1,,,held,0,0.08839997462928295,1,,0,9.326200000941753,1,,0,gesture,0.0100000761449337,1
1790161642.2965696,,0.06260895729064941,15.972155475417077,,55.959700024686754,,1,iou,0.14409993309527636,1,1,,,ok,0,0.04269997589290142,1,,0,9.840099955908954,1,45.91480002272874,1,gesture,0.008200062438845634,1
1790161642.3349872,,0.03841757774353027,26.029751450646973,,9.845599997788668,,1,held,,0,1,,,held,0,0.062000006437301636,1,,0,9.72949992865324,1,,0,gesture,0.008599949069321156,1
1790161642.4077768,,0.07278966903686523,13.738213310099509,,66.27479998860508,,1,iou,0.1287000486627221,1,1,,,ok,0,0.04039995837956667,1,6.158500094898045,1,9.723699884489179,1,50.213699927553535,1,gesture,0.007700058631598949,1
1790161642.4360685,,0.028291702270507812,35.34605272028585,,9.75199998356402,,1,held,,0,1,,,held,0,0.049600028432905674,1,,0,9.65280004311353,1,,0,gesture,0.0073999399319291115,1
1790161642.4986675,,0.06259894371032715,15.974710446033082,,54.39820000901818,,1,iou,0.19150006119161844,1,1,,,ok,0,0.08369993884116411,1,,0,9.892000001855195,1,44.20540004502982,1,gesture,0.011899974197149277,1
1790161642.5189412,,0.020273685455322266,49.32502293200367,,9.97570005711168,,1,held,,0,1,,,held,0,0.05949998740106821,1,,0,9.858099976554513,1,,0,gesture,0.012199976481497288,1
1790161642.6498275,,0.13088631629943848,7.640218078353009,,125.46899996232241,0.141,1,pose,59.66219992842525,1,1,59.65569999534637,1,ok,8,0.05909998435527086,1,6.747399922460318,1,10.586000047624111,1,48.40400000102818,1,gesture,0.008600065484642982,1
1790161642.6780195,,0.02819204330444336,35.47100113323072,,9.733299957588315,,1,held,,0,1,,,held,0,0.058699981309473515,1,,0,9.629899985156953,1,,0,gesture,0.008599949069321156,1
1790161642.74119,,0.0631704330444336,15.830190673168374,,57.03600007109344,,1,iou,0.2578999847173691,1,1,,,ok,0,0.06740004755556583,1,,0,10.203600046224892,1,46.48350004572421,1,gesture,0.010399962775409222,1
1790161642.7590284,,0.017838478088378906,56.058593958834535,,10.7744000852108,,1,held,,0,1,,,held,0,0.10290008503943682,1,,0,10.610299999825656,1,,0,gesture,0.012999982573091984,1
1790161642.8304174,,0.07138895988464355,14.007768170539062,,59.90980006754398,,1,iou,0.27379998937249184,1,1,,,ok,0,0.07149996235966682,1,5.858800024725497,1,9.519499959424138,1,44.17110001668334,1,gesture,0.011800089851021767,1
1790161642.8708951,,0.040477752685546875,24.704928847422487,,10.188499931246042,,1,held,,0,1,,,held,0,0.050999922677874565,1,,0,10.090600000694394,1,,0,gesture,0.008100061677396297,1
1790161642.9396615,,0.06876635551452637,14.54199502820471,,59.9814000306651,,1,iou,0.16419996973127127,1,1,,,ok,0,0.04379998426884413,1,,0,11.26599998679012,1,48.487699939869344,1,gesture,0.008500064723193645,1
1790161642.9699569,,0.030295372009277344,33.008341990115525,,9.338799980469048,,1,held,,0,1,,,held,0,0.0610999995842576,1,,0,9.229099960066378,1,,0,gesture,0.008899951353669167,1
1790161643.0426946,,0.0727376937866211,13.748030050740123,,60.917100054211915,,1,iou,0.15159999020397663,1,1,,,ok,0,0.047600013203918934,1,5.881500081159174,1,9.908700012601912,1,44.91739999502897,1,gesture,0.008199946023523808,1
1790161643.0710018,,0.028307199478149414,35.32670198519317,,9.628399973735213,,1,held,,0,1,,,held,0,0.09180000051856041,1,,0,9.477999992668629,1,,0,gesture,0.012399978004395962,1
1790161643.1416411,,0.07063937187194824,14.156411268955694,,60.01660006586462,,1,iou,0.2962000435218215,1,1,,,ok,0,0.06780005060136318,1,,0,11.073499917984009,1,48.55399997904897,1,gesture,0.01279998105019331,1
1790161643.1719415,,0.030300378799438477,33.00288774008766,,9.600999997928739,,1,held,,0,1,,,held,0,0.04650000482797623,1,,0,9.508299990557134,1,,0,gesture,0.007400056347250938,1
1790161643.2627425,,0.09080100059509277,11.013094497265307,,64.44849993567914,,1,iou,0.16410008538514376,1,1,,,ok,0,0.05179992876946926,1,5.948000005446374,1,10.870199999772012,1,47.40199993830174,1,gesture,0.0097999582067132,1
1790161643.2928185,,0.030076026916503906,33.24907251799473,,9.333700058050454,,1,held,,0,1,,,held,0,0.05749997217208147,1,,0,9.228599956259131,1,,0,gesture,0.008400063961744308,1
1790161643.3558092,,0.06299066543579102,15.87536808956783,,54.93579991161823,,1,iou,0.157299917191267,1,1,,,ok,0,0.048200017772614956,1,,0,9.69860004261136,1,45.01150001306087,1,gesture,0.00900006853044033,1
1790161643.3760633,,0.020254135131835938,49.37263395799981,,10.044099995866418,,1,held,,0,1,,,held,0,0.052999937906861305,1,,0,9.942200034856796,1,,0,gesture,0.008400063961744308,1
1790161643.446754,,0.07069063186645508,14.146146011102942,,67.2328999498859,,1,iou,0.14050002209842205,1,1,,,ok,0,0.04249997437000275,1,6.57260010484606,1,10.010499972850084,1,50.45689991675317,1,gesture,0.0076999422162771225,1
1790161643.476968,,0.03021407127380371,33.09716161512543,,9.278599987737834,,1,held,,0,1,,,held,0,0.07489998824894428,1,,0,9.143900009803474,1,,0,gesture,0.01070008147507906,1
1790161643.537409,,0.060441017150878906,16.545055777332472,,52.56780004128814,,1,iou,0.22689998149871826,1,1,,,ok,0,0.09590003173798323,1,,0,9.976400062441826,1,42.24460001569241,1,gesture,0.012399978004395962,1
1790161643.5579002,,0.02049112319946289,48.801619621622876,,9.981099981814623,,1,held,,0,1,,,held,0,0.053699943237006664,1,,0,9.876800002530217,1,,0,gesture,0.007999944500625134,1
1790161643.6286242,,0.0707240104675293,14.139469656618505,,61.32690003141761,,1,iou,0.1770000671967864,1,1,,,ok,0,0.07690000347793102,1,5.692500039003789,1,9.826899971812963,1,45.542199979536235,1,gesture,0.00809994526207447,1
1790161643.6568816,,0.028257369995117188,35.38899763752953,,8.702899911440909,,1,held,,0,1,,,held,0,0.05279993638396263,1,,0,8.600000059232116,1,,0,gesture,0.008400063961744308,1
1790161643.7256165,,0.06873488426208496,14.548653289165612,,56.89840007107705,,1,iou,0.2679999452084303,1,1,,,ok,0,0.08759996853768826,1,,0,10.456799995154142,1,46.062399982474744,1,gesture,0.012800097465515137,1
1790161643.7579124,,0.032295942306518555,30.963642135258638,,9.40830004401505,,1,held,,0,1,,,held,0,0.05489995237439871,1,,0,9.305099956691265,1,,0,gesture,0.008300063200294971,1
1790161643.830629,,0.07271671295166016,13.751996747498328,,64.80329995974898,,1,iou,0.14700007159262896,1,1,,,ok,0,0.04539999645203352,1,6.567199947312474,1,9.795199963264167,1,48.237500013783574,1,gesture,0.008499948307871819,1
1790161643.8589158,,0.02828669548034668,35.35230902792411,,9.83929994981736,,1,held,,0,1,,,held,0,0.05170004442334175,1,,0,9.73859999794513,1,,0,gesture,0.0076999422162771225,1
1790161643.9215097,,0.06259393692016602,15.975988237893182,,53.9323000703007,,1,iou,0.15400000847876072,1,1,,,ok,0,0.047200010158121586,1,,0,9.67019994277507,1,44.041700079105794,1,gesture,0.008400063961744308,1
1790161643.939767,,0.01825714111328125,54.77308817384037,,9.138999972492456,,1,held,,0,1,,,held,0,0.0513000413775444,1,,0,9.039100026711822,1,,0,gesture,0.007500057108700275,1
1790161644.0125408,,0.07277393341064453,13.741183870840922,,62.78769997879863,,1,iou,0.13749999925494194,1,1,,,ok,0,0.04279997665435076,1,7.410999969579279,1,9.868099936284125,1,45.31820002011955,1,gesture,0.007900060154497623,1
1790161644.0408146,,0.028273820877075195,35.36840685055106,,9.62460006121546,,1,held,,0,1,,,held,0,0.05370005965232849,1,,0,9.518199949525297,1,,0,gesture,0.007999944500625134,1
1790161644.103454,,0.06263947486877441,15.96437393664194,,58.19050001446158,,1,iou,0.2859999658539891,1,1,,,ok,0,0.05119992420077324,1,,0,10.689000017009676,1,47.143900068476796,1,gesture,0.009200070053339005,1
1790161644.1438317,,0.04037761688232422,24.766196650842012,,10.150599991902709,,1,held,,0,1,,,held,0,0.04970002919435501,1,,0,10.052600060589612,1,,0,gesture,0.0075999414548277855,1
1790161644.214595,,0.07076334953308105,14.131609181847892,,63.60779993701726,,1,iou,0.147900078445673,1,1,,,ok,0,0.04179996903985739,1,6.315600010566413,1,9.947999962605536,1,47.14459995739162,1,gesture,0.0077999429777264595,1
1790161644.2349174,,0.020322322845458984,49.20697341561276,,10.492200031876564,,1,held,,0,1,,,held,0,0.053299940191209316,1,,0,10.38739993236959,1,,0,gesture,0.008100061677396297,1
1790161644.303579,,0.06866168975830078,14.564162395655375,,59.683000086806715,,1,iou,0.26950007304549217,1,1,,,ok,0,0.06620003841817379,1,,0,9.725499898195267,1,49.59650000091642,1,gesture,0.01079996582120657,1
1790161644.3359127,,0.0323336124420166,30.927568077748365,,10.608599986881018,,1,held,,0,1,,,held,0,0.10609999299049377,1,,0,10.444000014103949,1,,0,gesture,0.01009996049106121,1
1790161644.4066904,,0.07077765464782715,14.128752993805223,,63.95510002039373,,1,iou,0.11720007751137018,1,1,,,ok,0,0.037100049667060375,1,6.569099961780012,1,9.12509998306632,1,48.09850000310689,1,gesture,0.006399932317435741,1
1790161644.4370217,,0.03033137321472168,32.9691634111257,,9.949799976311624,,1,held,,0,1,,,held,0,0.0985999358817935,1,,0,9.79619997087866,1,,0,gesture,0.011499971151351929,1
1790161644.497554,,0.060532331466674805,16.520097207069174,,55.166499922052026,,1,iou,0.14000001829117537,1,1,,,ok,0,0.04370009992271662,1,,0,9.422500035725534,1,45.542099978774786,1,gesture,0.007999944500625134,1
1790161644.517819,,0.020264863967895508,49.346494582161725,,9.932000073604286,,1,held,,0,1,,,held,0,0.11180003639310598,1,,0,9.757700026966631,1,,0,gesture,0.013699987903237343,1
1790161644.589094,,0.07127499580383301,14.030165680433786,,62.30310001410544,,0,,,0,0,,,no_hand,0,0.004500034265220165,1,5.742499954067171,1,9.791100048460066,1,46.736399992369115,1,gesture,0.008999952115118504,1
1790161644.617407,,0.028313159942626953,35.319265035283024,,9.472199948504567,,0,,,0,0,,,no_hand,0,0.004200031980872154,1,,0,9.426299948245287,1,,0,gesture,0.008300063200294971,1
1790161644.7405562,,0.12314915657043457,8.120234257780359,,113.40569995809346,,1,pose,55.33200001809746,1,0,55.32479996327311,1,handedness=Left(1.00),8,0.004100031219422817,1,,0,10.169699904508889,1,47.88139997981489,1,gesture,0.00700005330145359,1
1790161644.7608654,,0.0203092098236084,49.238744819975814,,12.227399973198771,,1,held,,0,0,,,held,0,0.006800051778554916,1,,0,12.157600023783743,1,,0,gesture,0.01309998333454132,1
1790161644.9278874,,0.1670219898223877,5.987235579359381,,168.42999996151775,,1,pose,75.66279999446124,1,0,75.65340003930032,1,handedness=Left(1.00),8,0.008299946784973145,1,6.3439999939873815,1,12.567400000989437,1,73.8310000160709,1,gesture,0.013899989426136017,1
1790161644.9609244,,0.03303694725036621,30.26914056016223,,9.64830000884831,,1,held,,0,0,,,held,0,0.0071999384090304375,1,,0,9.573600022122264,1,,0,gesture,0.012400094419717789,1
1790161645.112654,,0.15172958374023438,6.590672532998115,,142.4610000103712,,2,pose,66.86590006574988,1,0,66.85770000331104,1,handedness=Left(1.00);handedness=Left(0.97),8,0.004900037311017513,1,,0,10.22289996035397,1,65.34919992554933,1,gesture,0.008499948307871819,1
1790161645.131022,,0.018368005752563477,54.44249166028478,,10.092200012877584,,2,held,,0,0,,,held,0,0.004899920895695686,1,,0,10.041900095529854,1,,0,gesture,0.008600065484642982,1
1790161645.2756205,,0.14459848403930664,6.915701825256805,,130.51430007908493,,1,pose,63.84390010498464,1,0,63.837400055490434,1,handedness=Left(0.99),8,0.00500003807246685,1,6.818099995143712,1,9.916599956341088,1,49.92090002633631,1,gesture,0.008299946784973145,1
1790161645.2982285,,0.022608041763305664,44.23204851041392,,10.60850010253489,,1,held,,0,0,,,held,0,0.005200039595365524,1,,0,10.55500004440546,1,,0,gesture,0.008999952115118504,1
1790161645.430346,,0.13211750984191895,7.569019437291231,,125.86030003149062,,1,pose,63.08730004820973,1,0,63.07889998424798,1,handedness=Left(0.99),8,6.85979996342212,1,,0,9.961999952793121,1,45.92699999921024,1,face,0.012599979527294636,1
1790161645.4482236,,0.017877578735351562,55.935986343753335,,10.695999953895807,,1,held,,0,0,,,held,0,0.5772999720647931,1,,0,10.065000038594007,1,,0,face,0.009399955160915852,1
1790161645.5911355,,0.1429119110107422,6.997317388925221,,127.69019999541342,,1,pose,58.40820004232228,1,0,58.40139999054372,1,handedness=Left(0.99),8,7.43019999936223,1,5.576000083237886,1,9.76359995547682,1,46.499399933964014,1,face,0.009399955160915852,1
1790161645.6245637,,0.033428192138671875,29.91486933698505,,10.573499952442944,,1,held,,0,0,,,held,0,0.5782999796792865,1,,0,9.941200027242303,1,,0,face,0.009499955922365189,1
1790161645.760063,,0.1354992389678955,7.3801152509567585,,126.9591999007389,,1,pose,63.39150003623217,1,0,63.38459998369217,1,handedness=Left(0.99),8,5.745600094087422,1,,0,9.696500026620924,1,48.10589994303882,1,face,0.008299946784973145,1
1790161645.7779136,,0.017850637435913086,56.02040843584298,,9.80090000666678,,1,held,,0,0,,,held,0,0.5661000031977892,1,,0,9.187999996356666,1,,0,face,0.00970007386058569,1
1790161645.931368,,0.15345454216003418,6.516587817629557,,134.26190009340644,,1,pose,61.65699998382479,1,0,61.6513000568375,1,handedness=Left(0.99),8,6.889000069350004,1,6.167700048536062,1,9.38589998986572,1,50.151600036770105,1,face,0.0075999414548277855,1
1790161645.949224,,0.01785588264465332,56.00395230528888,,10.341299930587411,,1,held,,0,0,,,held,0,0.678099924698472,1,,0,9.610899956896901,1,,0,face,0.010900082997977734,1
1790161646.101119,,0.15189504623413086,6.583493173691794,,123.97469999268651,,1,pose,58.104899944737554,1,0,58.09820001013577,1,handedness=Left(0.99),8,6.419499986805022,1,,0,9.665200021117926,1,49.76460000034422,1,face,0.00870006624609232,1
1790161646.1189928,,0.017873764038085938,55.94792444776438,,10.606099967844784,,1,held,,0,0,,,held,0,0.6128000095486641,1,,0,9.943300043232739,1,,0,face,0.010699965059757233,1
1790161646.260599,,0.14160609245300293,7.061843051222432,,124.28490002639592,,1,pose,58.26730001717806,1,0,58.25989996083081,1,handedness=Left(0.99),8,6.27749995328486,1,5.605700076557696,1,9.323099977336824,1,44.79900002479553,1,face,0.009399955160915852,1
1790161646.2784202,,0.017821311950683594,56.112591641247924,,10.180899989791214,,1,held,,0,0,,,held,0,0.5743999499827623,1,,0,9.560700040310621,1,,0,face,0.008400063961744308,1
1790161646.4229565,,0.14453625679016113,6.918679244971784,,133.97949992213398,,1,pose,66.64129998534918,1,0,66.6340000461787,1,handedness=Left(0.99),8,7.059299969114363,1,,0,10.12830005493015,1,50.127599970437586,1,face,0.010499963536858559,1
1790161646.441868,,0.01891160011291504,52.877598618272586,,10.080100037157536,,1,held,,0,0,,,held,0,0.5722000496461987,1,,0,9.459399967454374,1,,0,face,0.010599964298307896,1
1790161646.5762486,,0.13438057899475098,7.441551506033181,,125.46939996536821,,1,pose,57.86539998371154,1,0,57.85720003768802,1,handedness=Left(0.99),8,6.409700028598309,1,5.643300013616681,1,9.407300036400557,1,46.13209993112832,1,face,0.008699949830770493,1
1790161646.5940678,,0.01781916618347168,56.119348666693426,,10.656400001607835,,1,held,,0,0,,,held,0,0.573699944652617,1,,0,10.033200029283762,1,,0,face,0.0100000761449337,1
1790161646.7280228,,0.1339550018310547,7.465193433099343,,124.02550003025681,,1,pose,59.97569998726249,1,0,59.968499932438135,1,handedness=Left(0.99),8,6.368200061842799,1,,0,9.31630004197359,1,48.345700022764504,1,face,0.008599949069321156,1
1790161646.7458875,,0.017864704132080078,55.97629787801949,,9.530200040899217,,1,held,,0,0,,,held,0,0.4873999860137701,1,,0,8.997500059194863,1,,0,face,0.008900067768990993,1
1790161646.9023476,,0.15646004676818848,6.3914080345482835,,135.5876000598073,,1,pose,63.07000003289431,1,0,63.062199973501265,1,handedness=Left(1.00),8,15.733600012026727,1,6.228699930943549,1,8.950000046752393,1,41.59300005994737,1,face,0.009299954399466515,1
1790161646.9222574,,0.01990985870361328,50.226373521099774,,10.441699996590614,,1,held,,0,0,,,held,0,0.6138000171631575,1,,0,9.69389989040792,1,,0,face,0.012199976481497288,1
1790161647.054943,,0.13268566131591797,7.536609382524383,,119.0314000705257,,1,pose,58.95500001497567,1,0,58.948000078089535,1,handedness=Left(0.99),8,6.211400032043457,1,,0,9.344200021587312,1,44.499900075607,1,face,0.009199953638017178,1
1790161647.079256,,0.024312973022460938,41.130305169843886,,9.922800003550947,,1,held,,0,0,,,held,0,0.6684999680146575,1,,0,9.207599912770092,1,,0,face,0.009100069291889668,1
1790161647.2369857,,0.1577296257019043,6.339963057351799,,130.24970004335046,,1,pose,62.096600071527064,1,0,62.08980001974851,1,handedness=Left(0.99),8,7.901999983005226,1,4.986200015991926,1,8.715400006622076,1,46.53579997830093,1,face,0.009399955160915852,1
1790161647.2613676,,0.02438187599182129,41.01407128538601,,10.94159996137023,,1,held,,0,0,,,held,0,0.5422999383881688,1,,0,10.344400070607662,1,,0,face,0.009500072337687016,1
1790161647.4081388,,0.14677119255065918,6.813326120892848,,120.57279993314296,,1,pose,58.21339995600283,1,0,58.20629990193993,1,handedness=Left(1.00),8,6.450400105677545,1,,0,10.515399975702167,1,45.37099995650351,1,face,0.010599964298307896,1
1790161647.4260054,,0.01786661148071289,55.97032213296325,,10.80529997125268,,1,held,,0,0,,,held,0,0.497399945743382,1,,0,10.258399997837842,1,,0,face,0.008300063200294971,1
1790161647.577025,,0.15101957321166992,6.621658231005554,,133.93710006494075,,1,pose,61.09100009780377,1,0,61.08340003993362,1,handedness=Left(0.99),8,6.670900038443506,1,5.696499953046441,1,9.829799993894994,1,50.63800001516938,1,face,0.007899943739175797,1
1790161647.5948648,,0.017839908599853516,56.05409884264828,,10.171100031584501,,1,held,,0,0,,,held,0,0.6696999771520495,1,,0,9.432999999262393,1,,0,face,0.026499968953430653,1
1790161647.7288375,,0.1339726448059082,7.4642103352422575,,127.64139997307211,,1,pose,64.86649997532368,1,0,64.85969992354512,1,handedness=Left(0.99),8,7.051100023090839,1,,0,9.43189999088645,1,46.26750003080815,1,face,0.009499955922365189,1
1790161647.746672,,0.01783442497253418,56.07133403740492,,9.863600018434227,,1,held,,0,0,,,held,0,0.5852999165654182,1,,0,9.23039996996522,1,,0,face,0.010300078429281712,1
1790161647.8772311,,0.13055920600891113,7.659360305329572,,127.41129996720701,,1,pose,63.013600069098175,1,0,63.00369999371469,1,handedness=Left(0.99),8,6.361200008541346,1,6.622100016102195,1,9.088699938729405,1,42.31559997424483,1,face,0.0074999406933784485,1
1790161647.9106555,,0.03342437744140625,29.918283496918512,,9.436000022105873,,1,held,,0,0,,,held,0,0.5599999567493796,1,,0,8.827800047583878,1,,0,face,0.00909995287656784,1
1790161648.0555425,,0.14488697052001953,6.901931874280073,,116.48490000516176,,1,pose,60.8302999753505,1,0,60.82300003618002,1,handedness=Left(0.99),8,6.486700032837689,1,,0,9.047900093719363,1,40.10240000206977,1,face,0.0075999414548277855,1
1790161648.0798798,,0.024337291717529297,41.089206293226745,,10.583900031633675,,1,held,,0,0,,,held,0,0.6609999109059572,1,,0,9.873800096102059,1,,0,face,0.010300078429281712,1
1790161648.2217112,,0.1418313980102539,7.0506249957975005,,127.70950002595782,,1,pose,58.657499961555004,1,0,58.65120002999902,1,handedness=Left(0.99),8,6.647099973633885,1,6.366499932482839,1,10.088300099596381,1,45.93700007535517,1,face,0.009999959729611874,1
1790161648.2396266,,0.01791548728942871,55.81762772314121,,10.101099964231253,,1,held,,0,0,,,held,0,0.582600012421608,1,,0,9.463700000196695,1,,0,face,0.00900006853044033,1
1790161648.3781233,,0.13849663734436035,7.220391911130545,,127.7676000026986,,1,pose,65.28979993890971,1,0,65.28189999517053,1,handedness=Left(0.99),8,7.661500014364719,1,,0,10.364499990828335,1,44.42759999074042,1,face,0.01279998105019331,1
1790161648.395987,,0.017863750457763672,55.97928622907936,,10.883199982345104,,1,held,,0,0,,,held,0,0.5838999059051275,1,,0,10.245600016787648,1,,0,face,0.010100076906383038,1
1790161648.542295,,0.14630794525146484,6.834898803897924,,128.31659999210387,,1,pose,61.70249998103827,1,0,61.694800038821995,1,handedness=Left(0.99),8,6.543499999679625,1,5.5090999230742455,1,9.7239000024274,1,44.820900075137615,1,face,0.010500079952180386,1
1790161648.5626178,,0.020322799682617188,49.20581886438292,,9.771800017915666,,1,held,,0,0,,,held,0,0.5401000380516052,1,,0,9.184999973513186,1,,0,face,0.00909995287656784,1
1790161648.7048926,,0.1422748565673828,7.028648800825815,,125.24750002194196,,1,pose,59.82129997573793,1,0,59.81510004494339,1,handedness=Left(0.99),8,6.504600052721798,1,,0,10.952400043606758,1,47.94489999767393,1,face,0.008899951353669167,1
1790161648.7261753,,0.021282672882080078,46.98657943673963,,11.06640009675175,,1,held,,0,0,,,held,0,0.5813000025227666,1,,0,10.432300041429698,1,,0,face,0.011999974958598614,1
1790161648.8700562,,0.14388084411621094,6.950195532577716,,129.9595000455156,,1,pose,66.07709999661893,1,0,66.07029994484037,1,handedness=Left(0.99),8,6.365600042045116,1,5.032599903643131,1,9.150100057013333,1,43.32190006971359,1,face,0.008999952115118504,1
1790161648.8878784,,0.017822265625,56.10958904109589,,10.913999984040856,,1,held,,0,0,,,held,0,0.6017000414431095,1,,0,10.259000002406538,1,,0,face,0.011399970389902592,1
1790161649.0233765,,0.135498046875,7.38018018018018,,122.15539999306202,,1,pose,60.35919999703765,1,0,60.35309995058924,1,handedness=Left(0.99),8,6.198200047947466,1,,0,9.865700034424663,1,45.71320000104606,1,face,0.00809994526207447,1
1790161649.0414367,,0.01806020736694336,55.3703498349835,,11.203999980352819,,1,held,,0,0,,,held,0,0.67839992698282,1,,0,10.451700072735548,1,,0,face,0.010200077667832375,1
1790161649.1753893,,0.13395261764526367,7.46532630402358,,130.55420003365725,,1,pose,63.950000097975135,1,0,63.94340004771948,1,handedness=Left(0.99),8,6.173399975523353,1,5.978000001050532,1,9.495799895375967,1,44.94440008420497,1,face,0.00809994526207447,1
1790161649.208778,,0.033388614654541016,29.9503291869582,,10.376799968071282,,1,held,,0,0,,,held,0,0.5763000808656216,1,,0,9.750799974426627,1,,0,face,0.009999959729611874,1
1790161649.3443875,,0.13560962677001953,7.37410775192163,,120.69320003502071,,1,pose,63.318600063212216,1,0,63.31150000914931,1,handedness=Left(0.99),8,5.92929997947067,1,,0,9.573700022883713,1,41.848700027912855,1,face,0.012299977242946625,1
1790161649.3622653,,0.017877817153930664,55.93524038140961,,9.610499953851104,,1,held,,0,0,,,held,0,0.5196999991312623,1,,0,9.041200042702258,1,,0,face,0.008699949830770493,1
1790161649.5014935,,0.13922810554504395,7.182457852782273,,130.19599998369813,,1,pose,64.18490002397448,1,0,64.17649996001273,1,handedness=Left(0.99),8,6.266799988225102,1,6.103100022301078,1,10.114199947565794,1,43.51290001068264,1,face,0.011599971912801266,1
1790161649.5296192,,0.028125762939453125,35.55459107554591,,10.759599972516298,,1,held,,0,0,,,held,0,0.5681000184267759,1,,0,10.126600041985512,1,,0,face,0.009900075383484364,1
1790161649.6556907,,0.12607145309448242,7.932009788532892,,115.57560006622225,,1,pose,58.50379995536059,1,0,58.496200013905764,1,handedness=Left(0.99),8,6.224100012332201,1,,0,9.976400062441826,1,40.84840009454638,1,face,0.011899974197149277,1
1790161649.694085,,0.03839421272277832,26.04559200680589,,10.14289993327111,,1,held,,0,0,,,held,0,0.4958000499755144,1,,0,9.595900075510144,1,,0,face,0.00909995287656784,1
1790161649.8355317,,0.14144682884216309,7.069794410985873,,128.18919995334,,1,pose,60.167300049215555,1,0,60.159599990583956,1,handedness=Left(0.99),8,6.230699946172535,1,6.176900002174079,1,9.595999959856272,1,46.0068000247702,1,face,0.008599949069321156,1
1790161649.8453488,,0.009817123413085938,101.86283271808821,,10.228200000710785,,1,held,,0,0,,,held,0,0.4974999465048313,1,,0,9.687900077551603,1,,0,face,0.007900060154497623,1
1790161649.9847167,,0.13936781883239746,7.175257590868889,,123.89889999758452,,1,pose,60.0360999815166,1,0,60.029199928976595,1,handedness=Left(0.99),8,7.092199986800551,1,,0,9.26600000821054,1,47.47960006352514,1,face,0.009300070814788342,1
1790161650.0029533,,0.018236637115478516,54.83467119884952,,9.977899957448244,,1,held,,0,0,,,held,0,0.5741999484598637,1,,0,9.357500006444752,1,,0,face,0.009600073099136353,1
1790161650.14566,,0.14270663261413574,7.007382780195638,,131.30590005312115,,1,pose,62.831200077198446,1,0,62.82460002694279,1,handedness=Left(0.99),8,7.707600016146898,1,5.978000001050532,1,9.441899950616062,1,45.335100032389164,1,face,0.009199953638017178,1
1790161650.1635394,,0.017879486083984375,55.93001920204822,,10.636099963448942,,1,held,,0,0,,,held,0,0.5934999790042639,1,,0,9.992999956011772,1,,0,face,0.010399962775409222,1
1790161650.292635,,0.12909555435180664,7.746200130756132,,121.51339999400079,,1,pose,60.69830001797527,1,0,60.69160008337349,1,handedness=Left(0.99),8,7.121299975551665,1,,0,10.037200059741735,1,43.635500012896955,1,face,0.008199946023523808,1
1790161650.3104134,,0.017778396606445312,56.248042055573436,,10.293300030753016,,1,held,,0,0,,,held,0,0.5734999431297183,1,,0,9.665900026448071,1,,0,face,0.009500072337687016,1
1790161650.4614236,,0.15101027488708496,6.622065953775204,,128.54090007022023,,1,pose,65.10600005276501,1,0,65.09879999794066,1,handedness=Left(0.99),8,5.580700002610683,1,5.688100005500019,1,9.091699961572886,1,43.06110006291419,1,face,0.010999967344105244,1
1790161650.4717355,,0.01031184196472168,96.97588495063698,,10.176299954764545,,1,held,,0,0,,,held,0,0.5909000756219029,1,,0,9.538799989968538,1,,0,face,0.009899958968162537,1
1790161650.6081321,,0.1363966464996338,7.331558551204446,,120.22699997760355,,1,pose,57.55490006413311,1,0,57.547900010831654,1,handedness=Left(0.99),8,6.70290004927665,1,,0,10.569999925792217,1,45.37840001285076,1,face,0.008599949069321156,1
1790161650.6261086,,0.01797652244567871,55.62811177867081,,9.882800048217177,,1,held,,0,0,,,held,0,0.5535000236704946,1,,0,9.28230001591146,1,,0,face,0.009399955160915852,1
1790161650.7614117,,0.13530302047729492,7.390818005927732,,123.54459997732192,,1,pose,57.72209994029254,1,0,57.71580000873655,1,handedness=Left(0.99),8,7.278200006112456,1,5.94409997574985,1,9.094800101593137,1,43.494599987752736,1,face,0.00800006091594696,1
1790161650.7792468,,0.017835140228271484,56.06908536748389,,10.345399961806834,,1,held,,0,0,,,held,0,0.5602999590337276,1,,0,9.739600005559623,1,,0,face,0.009199953638017178,1
1790161650.908454,,0.12920713424682617,7.739510715326959,,119.91580005269498,,1,pose,54.88419998437166,1,0,54.87680004443973,1,handedness=Left(0.99),8,6.549700046889484,1,,0,10.658500017598271,1,47.800500062294304,1,face,0.008199946023523808,1
1790161650.9335775,,0.02512359619140625,39.80321894928637,,9.923999896273017,,1,held,,0,0,,,held,0,0.4957000492140651,1,,0,9.386799996718764,1,,0,face,0.0074999406933784485,1
1790161651.0776553,,0.14407777786254883,6.940695607854299,,133.65900004282594,,1,pose,61.97150005027652,1,0,61.96510000154376,1,handedness=Left(0.99),8,6.4261999214068055,1,7.209000061266124,1,11.041199904866517,1,47.00080002658069,1,face,0.007700058631598949,1
1790161651.1056917,,0.02803635597229004,35.66797343379283,,10.394699987955391,,1,held,,0,0,,,held,0,0.5794999888166785,1,,0,9.757600026205182,1,,0,face,0.01009996049106121,1
1790161651.2465339,,0.14084219932556152,7.100144734948835,,125.98300003446639,,1,pose,68.21360008325428,1,0,68.20630002766848,1,handedness=Left(0.99),8,6.570699973963201,1,,0,10.285599972121418,1,40.89140007272363,1,face,0.00909995287656784,1
1790161651.26435,,0.01781606674194336,56.12911168803362,,10.514800087548792,,1,held,,0,0,,,held,0,0.6627000402659178,1,,0,9.802499902434647,1,,0,face,0.010399962775409222,1
1790161651.409341,,0.14499115943908691,6.896972228297242,,136.28530001733452,,1,pose,71.77969999611378,1,0,71.77159993443638,1,handedness=Left(0.99),8,6.022299989126623,1,5.784499924629927,1,9.009100031107664,1,43.677099980413914,1,face,0.008900067768990993,1
1790161651.427239,,0.017897844314575195,55.872650494878044,,10.874499916099012,,1,held,,0,0,,,held,0,0.5903000710532069,1,,0,10.232799919322133,1,,0,face,0.010299962013959885,1
1790161651.5626397,,0.13540077209472656,7.385482257814591,,126.23960000928491,,1,pose,63.90859989915043,1,0,63.90160007867962,1,handedness=Left(0.99),8,6.9685999769717455,1,,0,10.341000044718385,1,45.000200043432415,1,face,0.009100069291889668,1
1790161651.580513,,0.017873287200927734,55.94941706907131,,12.264699907973409,,1,held,,0,0,,,held,0,0.6520000752061605,1,,0,11.54899992980063,1,,0,face,0.010299962013959885,1
1790161651.7306643,,0.15015125274658203,6.659951094032837,,135.70659991819412,,1,pose,60.740699991583824,1,0,60.73440006002784,1,handedness=Left(0.99),8,7.150200079195201,1,6.488999933935702,1,10.066900053061545,1,51.24860000796616,1,face,0.008399947546422482,1
1790161651.7653089,,0.03464460372924805,28.86452412084509,,9.756000014021993,,1,held,,0,0,,,held,0,0.5652999971061945,1,,0,9.143500006757677,1,,0,face,0.009199953638017178,1
1790161651.8945043,,0.1291954517364502,7.740210561281453,,121.13059998955578,,1,pose,59.29949996061623,1,0,59.29009988903999,1,handedness=Left(0.99),8,6.833299994468689,1,,0,10.317999986000359,1,44.65369996614754,1,face,0.012399978004395962,1
1790161651.9123075,,0.017803192138671875,56.16970216413113,,10.949399904347956,,1,held,,0,0,,,held,0,0.6105999927967787,1,,0,10.291400016285479,1,,0,face,0.00970007386058569,1
1790161652.0477395,,0.13543200492858887,7.383779044896249,,126.94260000716895,,1,pose,56.47579999640584,1,0,56.467800051905215,1,handedness=Left(0.99),8,6.813099957071245,1,6.868900032714009,1,9.981399984098971,1,46.78789991885424,1,face,0.012600095942616463,1
1790161652.0657594,,0.018019914627075195,55.49415858482952,,11.14299998153001,,1,held,,0,0,,,held,0,0.6113999988883734,1,,0,10.479699936695397,1,,0,face,0.009999959729611874,1
1790161652.1938152,,0.12805581092834473,7.809095055901547,,121.82350002694875,,1,pose,60.383599950000644,1,0,60.37689989898354,1,handedness=Left(0.99),8,6.0653999680653214,1,,0,9.635600028559566,1,45.71900004521012,1,face,0.008100061677396297,1
1790161652.2116663,,0.01785111427307129,56.01891202436125,,10.072099976241589,,1,held,,0,0,,,held,0,0.5472999764606357,1,,0,9.476899984292686,1,,0,face,0.009600073099136353,1
1790161652.3635213,,0.1518549919128418,6.585229681313057,,127.01020005624741,,1,pose,55.78310007695109,1,0,55.77620002441108,1,handedness=Left(0.99),8,6.7269999999552965,1,5.225999979302287,1,9.781699976883829,1,49.480600049719214,1,face,0.008899951353669167,1
1790161652.3813405,,0.01781916618347168,56.119348666693426,,10.626800009049475,,1,held,,0,0,,,held,0,0.5647001089528203,1,,0,10.01549989450723,1,,0,face,0.009599956683814526,1
1790161652.5104508,,0.12911033630371094,7.7453132617334655,,122.11840006057173,,1,pose,60.88379991706461,1,0,60.87670009583235,1,handedness=Left(0.99),8,5.7471999898552895,1,,0,11.140500078909099,1,44.324400019831955,1,face,0.010100076906383038,1
1790161652.538243,,0.02779221534729004,35.98129862999597,,10.396600002422929,,1,held,,0,0,,,held,0,0.5867999279871583,1,,0,9.759200038388371,1,,0,face,0.010100076906383038,1
1790161652.6794245,,0.14118146896362305,7.083082555669264,,130.47470001038164,,1,pose,59.565900010056794,1,0,59.55800006631762,1,handedness=Left(0.99),8,6.807000027038157,1,6.050999974831939,1,10.721399914473295,1,47.316200099885464,1,face,0.008900067768990993,1
1790161652.6864653,,0.007040739059448242,142.03054417391894,,9.927900042384863,,1,held,,0,0,,,held,0,0.5497999954968691,1,,0,9.333600057289004,1,,0,face,0.008900067768990993,1
1790161652.826309,,0.13984370231628418,7.150840427109848,,130.16369997058064,,1,pose,66.29250000696629,1,0,66.28629995975643,1,handedness=Left(0.99),8,5.716399988159537,1,,0,9.38030006363988,1,48.75389998778701,1,face,0.0073999399319291115,1
1790161652.8481326,,0.021823644638061523,45.82186049052275,,10.836599976755679,,1,held,,0,0,,,held,0,0.6231999723240733,1,,0,10.163899976760149,1,,0,face,0.010299962013959885,1
1790161652.9866009,,0.13846826553344727,7.221871351876277,,129.09189995843917,,1,pose,61.38940004166216,1,0,61.3823999883607,1,handedness=Left(0.99),8,6.881900015287101,1,5.622499971650541,1,8.57689999975264,1,46.60789994522929,1,face,0.010599964298307896,1
1790161653.0044959,,0.017894983291625977,55.881583330002535,,10.310100042261183,,1,held,,0,0,,,held,0,0.6037000566720963,1,,0,9.65839996933937,1,,0,face,0.009699957445263863,1
1790161653.1484234,,0.14392757415771484,6.947938960634513,,134.76379995699972,,1,pose,67.02030007727444,1,0,67.01350002549589,1,handedness=Left(0.99),8,6.703699938952923,1,,0,10.096099926158786,1,50.90749997179955,1,face,0.024399952962994576,1
1790161653.166304,,0.017880678176879883,55.92629038494873,,10.195199982263148,,1,held,,0,0,,,held,0,0.5985000170767307,1,,0,9.546399931423366,1,,0,face,0.010299962013959885,1
1790161653.3108203,,0.1445162296295166,6.919638040402874,,128.28879989683628,,1,pose,59.364299988374114,1,0,59.35699993278831,1,handedness=Left(0.99),8,6.6318000899627805,1,5.805700086057186,1,9.594599949195981,1,46.879299916327,1,face,0.00879995059221983,1
1790161653.3286703,,0.01784992218017578,56.02265320297056,,10.383700020611286,,1,held,,0,0,,,held,0,0.5520000122487545,1,,0,9.756900020875037,1,,0,face,0.009499955922365189,1
1790161653.4641218,,0.1354515552520752,7.382713311331133,,124.01769997086376,,1,pose,63.77300003077835,1,0,63.76639998052269,1,handedness=Left(0.99),8,6.326499977149069,1,,0,8.85839993134141,1,45.03879998810589,1,face,0.0097999582067132,1
1790161653.4819617,,0.017839908599853516,56.05409884264828,,10.238799965009093,,1,held,,0,0,,,held,0,0.5906000733375549,1,,0,9.59939998574555,1,,0,face,0.009899958968162537,1
1790161653.6264622,,0.1445004940032959,6.920391566115969,,130.24660001974553,,1,pose,60.84930000361055,1,0,60.84270006977022,1,handedness=Left(0.99),8,6.839599926024675,1,5.784599925391376,1,9.386299992911518,1,47.37490008119494,1,face,0.008900067768990993,1
1790161653.6486897,,0.02222752571105957,44.989262997565135,,10.183900012634695,,1,held,,0,0,,,held,0,0.6223000818863511,1,,0,9.51040000654757,1,,0,face,0.011499971151351929,1
1790161653.780063,,0.13137316703796387,7.611904489681844,,121.40780000481755,,1,pose,59.22960001043975,1,0,59.22120006289333,1,handedness=Left(0.99),8,6.479899981059134,1,,0,10.456399992108345,1,45.22199998609722,1,face,0.00879995059221983,1
1790161653.7979124,,0.017849445343017578,56.02414981433495,,10.56690001860261,,1,held,,0,0,,,held,0,0.6349000614136457,1,,0,9.884099941700697,1,,0,face,0.009999959729611874,1
1790161653.944282,,0.14636969566345215,6.832015298435135,,128.9472000207752,,1,pose,62.1883999556303,1,0,62.18200002331287,1,handedness=Left(0.99),8,6.704299943521619,1,5.756899947300553,1,9.828400099650025,1,44.45819999091327,1,face,0.00700005330145359,1
1790161653.9671934,,0.02291131019592285,43.64656544949374,,9.905199985951185,,1,held,,0,0,,,held,0,0.5668000085279346,1,,0,9.290099958889186,1,,0,face,0.009499955922365189,1
1790161654.1056821,,0.13848876953125,7.22080211546937,,128.225399996154,,1,pose,66.22690008953214,1,0,66.21910003013909,1,handedness=Left(0.99),8,7.045999984256923,1,,0,9.964699973352253,1,44.966100016608834,1,face,0.00909995287656784,1
1790161654.123515,,0.01783275604248047,56.07658163538157,,10.291500017046928,,1,held,,0,0,,,held,0,0.6069999653846025,1,,0,9.635900030843914,1,,0,face,0.009900075383484364,1
1790161654.2652788,,0.14176392555236816,7.053980736662064,,131.82549993507564,,1,pose,64.16389998048544,1,0,64.15609992109239,1,handedness=Left(0.99),8,9.758100030012429,1,5.91910001821816,1,8.868200005963445,1,43.09689998626709,1,face,0.013199984095990658,1
1790161654.298782,,0.03350329399108887,29.847811390306212,,12.617800035513937,,1,held,,0,0,,,held,0,0.7319999858736992,1,,0,11.81719999294728,1,,0,face,0.012899981811642647,1
1790161654.4498825,,0.15110039710998535,6.618116293050535,,129.84430009964854,,1,pose,59.01229998562485,1,0,59.004300041124225,1,handedness=Left(0.99),8,6.603799993172288,1,,0,11.187299969606102,1,53.017300087958574,1,face,0.00970007386058569,1
1790161654.4678676,,0.017985105514526367,55.60156426062173,,9.973700041882694,,1,held,,0,0,,,held,0,0.5564999300986528,1,,0,9.29419999010861,1,,0,face,0.009200070053339005,1
1790161654.6123357,,0.14446806907653809,6.921944803389097,,137.26799993310124,,1,pose,65.55880000814795,1,0,65.55280007887632,1,handedness=Left(0.99),8,6.813699961639941,1,6.231699953787029,1,10.056100087240338,1,48.59669995494187,1,face,0.00809994526207447,1
1790161654.6301968,,0.017861127853393555,55.98750583995194,,11.059400043450296,,1,held,,0,0,,,held,0,0.6573999999091029,1,,0,10.352400015108287,1,,0,face,0.010499963536858559,1
1790161654.7658312,,0.1356344223022461,7.372759680220499,,123.89040004927665,,1,pose,64.6106000058353,1,0,64.60459996014833,1,handedness=Left(0.99),8,6.4891999354586005,1,,0,8.595299907028675,1,44.17560005094856,1,face,0.008800067007541656,1
1790161654.7836614,,0.01783013343811035,56.084829845557266,,10.781199904158711,,1,held,,0,0,,,held,0,0.6056000711396337,1,,0,10.119699989445508,1,,0,face,0.009899958968162537,1
1790161654.9129074,,0.12924599647521973,7.737183566778639,,124.70629997551441,,1,pose,59.38099999912083,1,0,59.374399948865175,1,handedness=Left(0.99),8,6.812599953263998,1,7.00660003349185,1,10.072399978525937,1,41.42249992582947,1,face,0.008400063961744308,1
1790161654.9507182,,0.0378108024597168,26.44746831452172,,10.66330005414784,,1,held,,0,0,,,held,0,0.6217999616637826,1,,0,9.99070005491376,1,,0,face,0.0100000761449337,1
1790161655.0830207,,0.13230252265930176,7.5584348650338695,,114.79289992712438,,1,pose,54.070299956947565,1,0,54.063100018538535,1,handedness=Left(0.99),8,6.5082000801339746,1,,0,9.462800109758973,1,44.72809995058924,1,face,0.007999944500625134,1
1790161655.1012979,,0.01827716827392578,54.713070701800156,,10.718300007283688,,1,held,,0,0,,,held,0,0.6093999836593866,1,,0,10.057699983008206,1,,0,face,0.010500079952180386,1
1790161655.2348042,,0.13350629806518555,7.490283338631274,,127.19199992716312,,1,pose,62.979099922813475,1,0,62.973299995064735,1,handedness=Left(0.99),8,6.468400009907782,1,5.846800049766898,1,9.453000035136938,1,42.43309993762523,1,face,0.008100061677396297,1
1790161655.2449546,,0.010150432586669922,98.5179687132992,,0.07830001413822174,,1,,,0,0,,,no_face,0,0.003500026650726795,1,,0,,0,,0,face,0.0070999376475811005,1
1790161655.3020463,,0.057091712951660156,17.515676939781173,,38.01499994006008,,1,,,0,0,,,no_face,0,0.006700051017105579,1,,0,,0,37.92769997380674,1,face,0.012499978765845299,1
1790161655.319901,,0.017854690551757812,56.00769148595236,,0.18360000103712082,,1,,,0,0,,,no_face,0,0.005400041118264198,1,,0,,0,,0,face,0.010299962013959885,1
1790161655.368585,,0.048684120178222656,20.540578659719092,,41.035300004296005,,1,,,0,0,,,no_face,0,0.0039000296965241432,1,5.367000005207956,1,,0,35.596400033682585,1,face,0.0071999384090304375,1
1790161655.3864508,,0.017865657806396484,55.97330984599781,,0.07449998520314693,,1,,,0,0,,,no_face,0,0.003200024366378784,1,,0,,0,,0,face,0.006499933078885078,1
1790161655.4355829,,0.04913210868835449,20.353288851146427,,41.28929995931685,,1,,,0,0,,,no_face,0,0.003800028935074806,1,,0,,0,41.21809999924153,1,face,0.0067999353632330894,1
1790161655.4540074,,0.018424510955810547,54.27552472890085,,0.07809989620000124,,1,,,0,0,,,no_face,0,0.0038999132812023163,1,,0,,0,,0,face,0.006700051017105579,1
1790161655.520142,,0.06613469123840332,15.120657271917777,,52.165100001730025,,1,,,0,0,,,no_face,0,0.00400003045797348,1,5.33219997305423,1,,0,46.76519997883588,1,face,0.0067999353632330894,1
1790161655.538022,,0.017879962921142578,55.92852761554258,,0.07669988553971052,,1,,,0,0,,,no_face,0,0.003300025127828121,1,,0,,0,,0,face,0.006600050255656242,1
1790161655.5875885,,0.04956650733947754,20.174913538915906,,31.629799981601536,,1,,,0,0,,,no_face,0,0.0033999094739556313,1,,0,,0,31.55519999563694,1,face,0.007500057108700275,1
1790161655.6046379,,0.017049312591552734,58.65339113410712,,0.08040003012865782,,1,,,0,0,,,no_face,0,0.003400025889277458,1,,0,,0,,0,face,0.006600050255656242,1
1790161655.65317,,0.04853224754333496,20.604856577208572,,39.71929999534041,,1,,,0,0,,,no_face,0,0.0038999132812023163,1,4.979899968020618,1,,0,34.667400061152875,1,face,0.007400056347250938,1
1790161655.6710854,,0.01791524887084961,55.81837055175534,,0.0782000133767724,,1,,,0,0,,,no_face,0,0.003700028173625469,1,,0,,0,,0,face,0.006499933078885078,1
1790161655.719227,,0.0481417179107666,20.77200489300271,,44.82070007361472,,1,,,0,0,,,no_face,0,0.004400033503770828,1,,0,,0,44.742200057953596,1,face,0.008199946023523808,1
1790161655.7500951,,0.030868053436279297,32.39595273036225,,0.12019998393952847,,1,,,0,0,,,no_face,0,0.005999929271638393,1,,0,,0,,0,face,0.011900090612471104,1
1790161655.8112788,,0.06118369102478027,16.344224796686188,,40.765500045381486,,1,,,0,0,,,no_face,0,0.003400025889277458,1,4.797799978405237,1,,0,35.9050000552088,1,face,0.0069999368861317635,1
1790161655.8291514,,0.01787257194519043,55.95165615036751,,0.07830001413822174,,1,,,0,0,,,no_face,0,0.003700028173625469,1,,0,,0,,0,face,0.0074999406933784485,1
1790161655.8910577,,0.06190633773803711,16.153434955748804,,36.28899995237589,,1,,,0,0,,,no_face,0,0.0035999109968543053,1,,0,,0,36.21589997783303,1,face,0.00800006091594696,1
1790161655.9080436,,0.01698589324951172,58.87238223569704,,0.07289997301995754,,1,,,0,0,,,no_face,0,0.0031999079510569572,1,,0,,0,,0,face,0.006500049494206905,1
1790161655.9534993,,0.0454556941986084,21.99944402192442,,41.489999974146485,,1,,,0,0,,,no_face,0,0.003800028935074806,1,6.492599961347878,1,,0,34.933899994939566,1,hover,0.009899958968162537,1
1790161655.9871905,,0.0336911678314209,29.681369461683804,,0.0782000133767724,,1,,,0,0,,,no_face,0,0.0039000296965241432,1,,0,,0,,0,hover,0.009400071576237679,1
1790161656.0394146,,0.052224159240722656,19.148225927210973,,39.747799979522824,,1,,,0,0,,,no_face,0,0.003700028173625469,1,,0,,0,39.68030004762113,1,hover,0.009499955922365189,1
1790161656.0718386,,0.032423973083496094,30.841377687579048,,0.09079999290406704,,1,,,0,0,,,no_face,0,0.003800028935074806,1,,0,,0,,0,hover,0.010699965059757233,1
1790161656.1228492,,0.0510106086730957,19.60376529534386,,40.22099997382611,,1,,,0,0,,,no_face,0,0.003500026650726795,1,5.127000040374696,1,,0,35.03209992777556,1,hover,0.008999952115118504,1
1790161656.1410244,,0.018175125122070312,55.02025396159093,,0.07650000043213367,,1,,,0,0,,,no_face,0,0.003500026650726795,1,,0,,0,,0,hover,0.009499955922365189,1
1790161656.187236,,0.04621171951293945,21.639532364079123,,41.17849993053824,,1,,,0,0,,,no_face,0,0.003800028935074806,1,,0,,0,41.109199984930456,1,hover,0.009999959729611874,1
1790161656.216972,,0.029736042022705078,33.629223392825644,,0.11389993596822023,,1,,,0,0,,,no_face,0,0.005699926987290382,1,,0,,0,,0,hover,0.014299992471933365,1
1790161656.2696133,,0.05264115333557129,18.996544274501456,,39.461800013668835,,1,,,0,0,,,no_face,0,0.003600027412176132,1,6.082999985665083,1,,0,33.31740002613515,1,hover,0.008899951353669167,1
1790161656.2875667,,0.01795339584350586,55.699768930440094,,0.103199970908463,,1,,,0,0,,,no_face,0,0.003700028173625469,1,,0,,0,,0,hover,0.009599956683814526,1
1790161656.3358064,,0.048239707946777344,20.72981041061226,,34.35600001830608,,1,,,0,0,,,no_face,0,0.0035999109968543053,1,,0,,0,34.28920009173453,1,hover,0.009500072337687016,1
1790161656.3540208,,0.01821446418762207,54.90142283073943,,0.15119998715817928,,1,,,0,0,,,no_face,0,0.005800044164061546,1,,0,,0,,0,hover,0.015300000086426735,1
1790161656.403224,,0.04920315742492676,20.32389895965073,,40.361199993640184,,1,,,0,0,,,no_face,0,0.0039000296965241432,1,5.267900065518916,1,,0,35.02479998860508,1,hover,0.009900075383484364,1
1790161656.4211054,,0.017881393432617188,55.92405333333333,,0.08180004078894854,,1,,,0,0,,,no_face,0,0.003600027412176132,1,,0,,0,,0,hover,0.009299954399466515,1
1790161656.469897,,0.04879164695739746,20.49531143872131,,36.384399980306625,,1,,,0,0,,,no_face,0,0.003700028173625469,1,,0,,0,36.31700004916638,1,hover,0.008899951353669167,1
1790161656.4878535,,0.01795649528503418,55.69015468366195,,0.07770000956952572,,1,,,0,0,,,no_face,0,0.00400003045797348,1,,0,,0,,0,hover,0.009599956683814526,1
1790161656.5543737,,0.06652021408081055,15.033024379404027,,50.39129999931902,,1,,,0,0,,,no_face,0,0.0037999125197529793,1,5.263800034299493,1,,0,45.06180004682392,1,hover,0.009200070053339005,1
1790161656.5713313,,0.016957521438598633,58.97088224956063,,0.07489998824894428,,1,,,0,0,,,no_face,0,0.003500026650726795,1,,0,,0,,0,hover,0.009199953638017178,1
1790161656.621497,,0.050165653228759766,19.93395751152512,,35.182900028303266,,1,,,0,0,,,no_face,0,0.003500026650726795,1,,0,,0,35.11689999140799,1,hover,0.008999952115118504,1
1790161656.6394722,,0.017975330352783203,55.63180093906677,,0.07299997378140688,,1,,,0,0,,,no_face,0,0.003300025127828121,1,,0,,0,,0,hover,0.008499948307871819,1
1790161656.6879277,,0.04845547676086426,20.63750202965011,,41.00340011063963,,1,,,0,0,,,no_face,0,0.004500034265220165,1,5.437500076368451,1,,0,35.50060000270605,1,hover,0.009999959729611874,1
1790161656.7058709,,0.017943143844604492,55.7315935635605,,0.07209996692836285,,1,,,0,0,,,no_face,0,0.003300025127828121,1,,0,,0,,0,hover,0.009299954399466515,1
1790161656.7703898,,0.06451892852783203,15.49932745037175,,50.887699937447906,,2,,,0,0,,,no_face,0,0.0038999132812023163,1,,0,,0,50.82100001163781,1,hover,0.009500072337687016,1
1790161656.7883518,,0.017961978912353516,55.67315299052271,,0.11679995805025101,,2,,,0,0,,,no_face,0,0.005300040356814861,1,,0,,0,,0,hover,0.015099998563528061,1
1790161656.8860326,,0.09768080711364746,10.237425647359185,,75.85679995827377,,2,,,0,0,,,no_face,0,0.0034999102354049683,1,5.395799991674721,1,,0,70.40359999518842,1,hover,0.008600065484642982,1
1790161656.9038901,,0.01785755157470703,55.99871829105474,,0.0735999783501029,,2,,,0,0,,,no_face,0,0.0033999094739556313,1,,0,,0,,0,hover,0.009200070053339005,1
1790161656.9704418,,0.06655168533325195,15.025915496994319,,59.63739997241646,,2,,,0,0,,,no_face,0,0.003400025889277458,1,,0,,0,59.57269994542003,1,hover,0.009299954399466515,1
1790161656.987444,,0.017002105712890625,58.816244110388155,,0.07499998901039362,,2,,,0,0,,,no_face,0,0.0036999117583036423,1,,0,,0,,0,hover,0.009800074622035027,1
1790161657.0703642,,0.08292031288146973,12.059771185734043,,64.13299997802824,,2,,,0,0,,,no_face,0,0.003999914042651653,1,4.733899957500398,1,,0,59.34280005749315,1,hover,0.008800067007541656,1
1790161657.0873053,,0.016941070556640625,59.02814681378068,,0.0735999783501029,,2,,,0,0,,,no_face,0,0.0034999102354049683,1,,0,,0,,0,hover,0.009600073099136353,1
1790161657.1550355,,0.06773018836975098,14.76446506454145,,50.07540003862232,,2,,,0,0,,,no_face,0,0.002900022082030773,1,,0,,0,50.01749994698912,1,hover,0.008100061677396297,1
1790161657.173033,,0.01799750328063965,55.56326254851829,,0.07170008029788733,,2,,,0,0,,,no_face,0,0.003300025127828121,1,,0,,0,,0,hover,0.008800067007541656,1
1790161657.2462118,,0.07317876815795898,13.665165801116853,,61.090299976058304,,2,,,0,0,,,no_face,0,0.003700028173625469,1,5.212499992921948,1,,0,55.820300010964274,1,hover,0.00909995287656784,1
1790161657.273223,,0.02701115608215332,37.021740089855506,,0.08540006820112467,,2,,,0,0,,,no_face,0,0.006900052540004253,1,,0,,0,,0,hover,0.012599979527294636,1
1790161657.3379562,,0.06473326683044434,15.448007631366686,,49.56260009203106,,2,,,0,0,,,no_face,0,0.003700028173625469,1,,0,,0,49.49610005132854,1,hover,0.009599956683814526,1
1790161657.3549027,,0.01694655418395996,59.009046272457404,,0.08309993427246809,,2,,,0,0,,,no_face,0,0.004299916326999664,1,,0,,0,,0,hover,0.010400079190731049,1
1790161657.4312704,,0.07636761665344238,13.094555569777933,,65.09489996824414,,2,,,0,0,,,no_face,0,0.004399917088449001,1,5.454800091683865,1,,0,59.57509996369481,1,hover,0.009800074622035027,1
1790161657.44823,,0.016959667205810547,58.96342114881772,,0.0754999928176403,,2,,,0,0,,,no_face,0,0.003600027412176132,1,,0,,0,,0,hover,0.009499955922365189,1
1790161657.5204794,,0.0722494125366211,13.840942990271783,,56.33920000400394,,2,,,0,0,,,no_face,0,0.003300025127828121,1,,0,,0,56.27699999604374,1,hover,0.008999952115118504,1
1790161657.5374894,,0.017009973526000977,58.789039175835725,,0.11290004476904869,,2,,,0,0,,,no_face,0,0.005300040356814861,1,,0,,0,,0,hover,0.014199991710484028,1
1790161657.6032357,,0.06574630737304688,15.20997969248622,,58.27239993959665,,2,,,0,0,,,no_face,0,0.004499917849898338,1,7.0535000413656235,1,,0,51.15249997470528,1,hover,0.00970007386058569,1
1790161657.6211398,,0.017904043197631836,55.85330581263732,,0.0711000757291913,,2,,,0,0,,,no_face,0,0.003700028173625469,1,,0,,0,,0,hover,0.008800067007541656,1
1790161657.6720843,,0.05094456672668457,19.629178620066735,,48.16460004076362,,2,,,0,0,,,no_face,0,0.00600004568696022,1,,0,,0,48.053800011985004,1,hover,0.01379998866468668,1
1790161657.706979,,0.034894704818725586,28.657643192424107,,0.07559999357908964,,2,,,0,0,,,no_face,0,0.003300025127828121,1,,0,,0,,0,hover,0.009899958968162537,1
1790161657.7885702,,0.08159112930297852,12.256234330163814,,67.57099996320903,,2,,,0,0,,,no_face,0,0.004300032742321491,1,6.200099945999682,1,,0,61.305199982598424,1,hover,0.0097999582067132,1
1790161657.8065028,,0.017932653427124023,55.764195971548226,,0.08749996777623892,,2,,,0,0,,,no_face,0,0.0037999125197529793,1,,0,,0,,0,hover,0.010100076906383038,1
1790161657.8723423,,0.06583952903747559,15.188444003461875,,50.387099967338145,,2,,,0,0,,,no_face,0,0.003700028173625469,1,,0,,0,50.310099963098764,1,hover,0.009899958968162537,1
1790161657.8902025,,0.01786017417907715,55.990495387860264,,0.08310005068778992,,2,,,0,0,,,no_face,0,0.003500026650726795,1,,0,,0,,0,hover,0.010299962013959885,1
1790161657.9584136,,0.06821107864379883,14.660375116218917,,56.03989993687719,,2,,,0,0,,,no_face,0,0.0038999132812023163,1,4.815399996004999,1,,0,51.15959991235286,1,hover,0.00870006624609232,1
1790161657.9764397,,0.018026113510131836,55.47507505918764,,0.09419990237802267,,2,,,0,0,,,no_face,0,0.00509992241859436,1,,0,,0,,0,hover,0.009500072337687016,1
1790161658.0389276,,0.06248784065246582,16.003113398679094,,51.08590004965663,,2,,,0,0,,,no_face,0,0.00400003045797348,1,,0,,0,51.01559998001903,1,hover,0.01079996582120657,1
1790161658.0568237,,0.017896175384521484,55.87786096826623,,0.07459998596459627,,2,,,0,0,,,no_face,0,0.003800028935074806,1,,0,,0,,0,hover,0.0097999582067132,1
1790161658.1241663,,0.06734251976013184,14.849459205891204,,55.09789998177439,,2,,,0,0,,,no_face,0,0.0035999109968543053,1,4.898099927231669,1,,0,50.14090007171035,1,hover,0.008800067007541656,1
1790161658.1411784,,0.01701211929321289,58.781624015472154,,0.06890005897730589,,2,,,0,0,,,no_face,0,0.003400025889277458,1,,0,,0,,0,hover,0.008499948307871819,1
1790161658.2006745,,0.059496164321899414,16.807806207297283,,51.49920005351305,,2,,,0,0,,,no_face,0,0.00600004568696022,1,,0,,0,51.424500066787004,1,hover,0.013699987903237343,1
1790161658.2185397,,0.01786518096923828,55.97480382213207,,0.09710004087537527,,2,,,0,0,,,no_face,0,0.004399917088449001,1,,0,,0,,0,hover,0.009900075383484364,1
1790161658.2887943,,0.07025456428527832,14.233950636137497,,58.04629996418953,,2,,,0,0,,,no_face,0,0.003400025889277458,1,5.166999995708466,1,,0,52.824400016106665,1,hover,0.008399947546422482,1
1790161658.3067753,,0.01798105239868164,55.61409743032167,,0.14849996659904718,,2,,,0,0,,,no_face,0,0.0067999353632330894,1,,0,,0,,0,hover,0.01650000922381878,1
1790161658.3610854,,0.05431008338928223,18.41278704788997,,49.573599942959845,,2,,,0,0,,,no_face,0,0.004199915565550327,1,,0,,0,49.50209998060018,1,hover,0.010100076906383038,1
1790161658.378985,,0.017899513244628906,55.86744099312696,,0.08029991295188665,,2,,,0,0,,,no_face,0,0.003400025889277458,1,,0,,0,,0,hover,0.009900075383484364,1
1790161658.4577336,,0.07874870300292969,12.698621842226366,,67.57219997234643,,2,,,0,0,,,no_face,0,0.003500026650726795,1,4.824500065296888,1,,0,62.68839992117137,1,hover,0.00909995287656784,1
1790161658.475715,,0.017981290817260742,55.613360028639995,,0.09929994121193886,,2,,,0,0,,,no_face,0,0.004899920895695686,1,,0,,0,,0,hover,0.01379998866468668,1
1790161658.5466373,,0.0709223747253418,14.099922681278784,,50.42230000253767,,2,,,0,0,,,no_face,0,0.004100031219422817,1,,0,,0,50.35629996564239,1,hover,0.009499955922365189,1
1790161658.5783854,,0.031748056411743164,31.497991153565984,,0.07609999738633633,,2,,,0,0,,,no_face,0,0.0037999125197529793,1,,0,,0,,0,hover,0.009400071576237679,1
1790161658.644178,,0.06579256057739258,15.199286837661349,,54.937200038693845,,2,,,0,0,,,no_face,0,0.003300025127828121,1,4.627100075595081,1,,0,50.255400012247264,1,hover,0.008299946784973145,1
1790161658.6746118,,0.03043389320373535,32.858103079538424,,0.11340004857629538,,2,,,0,0,,,no_face,0,0.005900044925510883,1,,0,,0,,0,hover,0.015500001609325409,1
1790161658.7342978,,0.05968594551086426,16.754363048801434,,51.268900046125054,,2,,,0,0,,,no_face,0,0.003500026650726795,1,,0,,0,51.205200026743114,1,hover,0.00909995287656784,1
1790161658.7522328,,0.01793503761291504,55.756782984380195,,0.1615999499335885,,2,,,0,0,,,no_face,0,0.006100046448409557,1,,0,,0,,0,hover,0.018200022168457508,1
1790161658.841207,,0.0889742374420166,11.23920843549446,,62.99469992518425,,2,,,0,0,,,no_face,0,0.0038999132812023163,1,4.992799949832261,1,,0,57.93909996282309,1,hover,0.009100069291889668,1
1790161658.859124,,0.01791691780090332,55.81317116661565,,0.07280008867383003,,2,,,0,0,,,no_face,0,0.003600027412176132,1,,0,,0,,0,hover,0.008999952115118504,1
1790161658.924891,,0.06576704978942871,15.205182583098601,,59.13029995281249,,0,,,0,0,,,no_face,0,0.003800028935074806,1,,0,,0,59.063199907541275,1,hover,0.009599956683814526,1
1790161658.942849,,0.01795792579650879,55.68571845833167,,0.07660000119358301,,0,,,0,0,,,no_face,0,0.004300032742321491,1,,0,,0,,0,hover,0.01079996582120657,1
1790161658.9781458,,0.03529691696166992,28.331086283992814,,22.661799914203584,,0,,,0,0,,,no_face,0,0.00409991480410099,1,5.599799915216863,1,,0,16.99849998112768,1,hover,0.010200077667832375,1
1790161659.008704,,0.030558109283447266,32.72453772333619,,0.07060007192194462,,0,,,0,0,,,no_face,0,0.003400025889277458,1,,0,,0,,0,hover,0.009899958968162537,1
1790161659.0424674,,0.03376340866088867,29.617862640699364,,19.52439988963306,,0,,,0,0,,,no_face,0,0.0039000296965241432,1,,0,,0,19.458799972198904,1,hover,0.009300070814788342,1
1790161659.0603251,,0.017857789993286133,55.9979706545974,,0.06909994408488274,,0,,,0,0,,,no_face,0,0.0033999094739556313,1,,0,,0,,0,hover,0.00870006624609232,1
1790161659.0936615,,0.03333640098571777,29.997239366913885,,23.25059997383505,,0,,,0,0,,,no_face,0,0.003600027412176132,1,4.9983999924734235,1,,0,18.178400001488626,1,hover,0.024399952962994576,1
1790161659.1106484,,0.016986846923828125,58.86907702672356,,0.0697999494150281,,0,,,0,0,,,no_face,0,0.0035999109968543053,1,,0,,0,,0,hover,0.009500072337687016,1
1790161659.1446915,,0.034043073654174805,29.374550904494107,,17.57060003001243,,0,,,0,0,,,no_face,0,0.003600027412176132,1,,0,,0,17.510200035758317,1,hover,0.008400063961744308,1
1790161659.1640484,,0.019356966018676758,51.660988557563215,,0.07029995322227478,,0,,,0,0,,,no_face,0,0.003800028935074806,1,,0,,0,,0,hover,0.00909995287656784,1
1790161659.2020512,,0.038002729415893555,26.313899432228112,,27.85269997548312,,0,,,0,0,,,no_face,0,0.006400048732757568,1,5.617899936623871,1,,0,22.13830000255257,1,hover,0.015900004655122757,1
1790161659.23465,,0.03259873390197754,30.676038002179492,,0.06780005060136318,,0,,,0,0,,,no_face,0,0.003400025889277458,1,,0,,0,,0,hover,0.008699949830770493,1
1790161659.283406,,0.04875612258911133,20.510244598969184,,17.897399957291782,,0,,,0,0,,,no_face,0,0.003600027412176132,1,,0,,0,17.832899931818247,1,hover,0.009399955160915852,1
1790161659.3012884,,0.017882347106933594,55.921070876219936,,0.07760000880807638,,0,,,0,0,,,no_face,0,0.004100031219422817,1,,0,,0,,0,hover,0.009999959729611874,1
1790161659.3478181,,0.04652976989746094,21.491617134658743,,24.204399902373552,,0,,,0,0,,,no_face,0,0.0035999109968543053,1,6.1778000090271235,1,,0,17.97349995467812,1,hover,0.008300063200294971,1
1790161659.3668644,,0.019046306610107422,52.5036176551586,,0.07039995398372412,,0,,,0,0,,,no_face,0,0.003300025127828121,1,,0,,0,,0,hover,0.009399955160915852,1
1790161659.4116557,,0.044791221618652344,22.325803223539932,,17.92439993005246,,0,,,0,0,,,no_face,0,0.0033999094739556313,1,,0,,0,17.86189991980791,1,hover,0.00900006853044033,1
1790161659.429542,,0.01788640022277832,55.90839898161848,,0.10770000517368317,,0,,,0,0,,,no_face,0,0.005599926225841045,1,,0,,0,,0,hover,0.01479999627918005,1
1790161659.4771466,,0.04760456085205078,21.006390608409962,,23.47119990736246,,0,,,0,0,,,no_face,0,0.0035999109968543053,1,5.959399975836277,1,,0,17.452799947932363,1,hover,0.009600073099136353,1
1790161659.4950647,,0.017918109893798828,55.80945791308513,,0.07269997149705887,,0,,,0,0,,,no_face,0,0.003500026650726795,1,,0,,0,,0,hover,0.009800074622035027,1
1790161659.539586,,0.044521331787109375,22.461143004027075,,22.08489994518459,,0,,,0,0,,,no_face,0,0.003500026650726795,1,,0,,0,22.01990003231913,1,hover,0.009100069291889668,1
1790161659.5574813,,0.017895221710205078,55.88083881798076,,0.09890005458146334,,0,,,0,0,,,no_face,0,0.005500041879713535,1,,0,,0,,0,hover,0.013499986380338669,1
1790161659.6035388,,0.04605746269226074,21.712008033999556,,29.579299967736006,,0,,,0,0,,,no_face,0,0.003800028935074806,1,6.002000067383051,1,,0,23.519899928942323,1,hover,0.008899951353669167,1
1790161659.6370816,,0.03354287147521973,29.812593735117883,,0.06580003537237644,,0,,,0,0,,,no_face,0,0.003100023604929447,1,,0,,0,,0,hover,0.008999952115118504,1
1790161659.6585085,,0.021426916122436523,46.67027183407328,,17.79690000694245,,0,,,0,0,,,no_face,0,0.004300032742321491,1,,0,,0,17.72699994035065,1,hover,0.009999959729611874,1
1790161659.700962,,0.04245352745056152,23.555168676255033,,0.06720004603266716,,0,,,0,0,,,no_face,0,0.003300025127828121,1,,0,,0,,0,hover,0.009299954399466515,1
1790161659.7501173,,0.049155235290527344,20.343713016316475,,24.134499952197075,,0,,,0,0,,,no_face,0,0.004300032742321491,1,5.374299944378436,1,,0,18.698400002904236,1,hover,0.009699957445263863,1
1790161659.7690423,,0.018924951553344727,52.84029378787306,,0.06770004983991385,,0,,,0,0,,,no_face,0,0.003200024366378784,1,,0,,0,,0,hover,0.009199953638017178,1
1790161659.8115363,,0.04249405860900879,23.532701576026888,,18.042300012893975,,0,,,0,0,,,no_face,0,0.006299931555986404,1,,0,,0,17.940600053407252,1,hover,0.015099998563528061,1
1790161659.8284092,,0.016872882843017578,59.266694927229054,,0.11999998241662979,,0,,,0,0,,,no_face,0,0.005700043402612209,1,,0,,0,,0,hover,0.015400000847876072,1
1790161659.8754685,,0.04705929756164551,21.249785946975646,,21.498800022527575,,0,,,0,0,,,no_face,0,0.0039000296965241432,1,4.865499911829829,1,,0,16.580200055614114,1,hover,0.008599949069321156,1
1790161659.8933706,,0.017902135848999023,55.85925659568234,,0.06690004374831915,,0,,,0,0,,,no_face,0,0.003100023604929447,1,,0,,0,,0,hover,0.00879995059221983,1
1790161659.939628,,0.04625725746154785,21.6182293304195,,21.415399969555438,,0,,,0,0,,,no_face,0,0.0036999117583036423,1,,0,,0,21.353299962356687,1,hover,0.00870006624609232,1
1790161659.957494,,0.017866134643554688,55.97181594961033,,0.06830005440860987,,0,,,0,0,,,no_face,0,0.003100023604929447,1,,0,,0,,0,hover,0.009300070814788342,1
1790161660.0066724,,0.049178361892700195,20.33414618774513,,25.641000014729798,,0,,,0,0,,,no_face,0,0.004200031980872154,1,4.7157000517472625,1,,0,20.866299979388714,1,hover,0.009699957445263863,1
1790161660.0359313,,0.02925896644592285,34.17755722329512,,0.10449998080730438,,0,,,0,0,,,no_face,0,0.003700028173625469,1,,0,,0,,0,hover,0.009699957445263863,1
1790161660.074652,,0.03872060775756836,25.8260409098186,,23.910499992780387,,0,,,0,0,,,no_face,0,0.0039000296965241432,1,,0,,0,23.845399962738156,1,hover,0.009299954399466515,1
1790161660.1000195,,0.02536749839782715,39.420520869557045,,0.06830005440860987,,0,,,0,0,,,no_face,0,0.003700028173625469,1,,0,,0,,0,hover,0.009100069291889668,1
1790161660.1475432,,0.04752373695373535,21.04211630018713,,24.235700024291873,,0,,,0,0,,,no_face,0,0.003500026650726795,1,6.2296000542119145,1,,0,17.95100001618266,1,hover,0.008599949069321156,1
1790161660.1699512,,0.022408008575439453,44.626901879003256,,0.07269997149705887,,0,,,0,0,,,no_face,0,0.003800028935074806,1,,0,,0,,0,hover,0.009499955922365189,1
1790161660.2021117,,0.03216052055358887,31.094024063873796,,19.055599928833544,,0,,,0,0,,,no_face,0,0.0033999094739556313,1,,0,,0,18.99100001901388,1,hover,0.00900006853044033,1
1790161660.2280324,,0.025920629501342773,38.57930996421968,,0.06929994560778141,,0,,,0,0,,,no_face,0,0.003400025889277458,1,,0,,0,,0,hover,0.009199953638017178,1
1790161660.2755487,,0.0475163459777832,21.04538931650092,,29.771399917081,,0,,,0,0,,,no_face,0,0.00409991480410099,1,5.0617000088095665,1,,0,24.64799990411848,1,hover,0.00970007386058569,1
1790161660.3081465,,0.03259778022766113,30.67693545437923,,0.08279993198812008,,0,,,0,0,,,no_face,0,0.004199915565550327,1,,0,,0,,0,hover,0.0100000761449337,1
1790161660.3407269,,0.03258037567138672,30.693323185902877,,21.836300031282008,,0,,,0,0,,,no_face,0,0.003400025889277458,1,,0,,0,21.774900029413402,1,hover,0.008899951353669167,1
1790161660.3597214,,0.018994569778442383,52.646625412644816,,0.06969994865357876,,0,,,0,0,,,no_face,0,0.003300025127828121,1,,0,,0,,0,hover,0.00909995287656784,1
1790161660.41965,,0.05992865562438965,16.686508141741495,,21.67709998320788,,0,,,0,0,,,no_face,0,0.003300025127828121,1,4.8322000075131655,1,,0,16.793300048448145,1,hover,0.00800006091594696,1
1790161660.4374564,,0.017806291580200195,56.15992501841066,,0.0711000757291913,,0,,,0,0,,,no_face,0,0.003100023604929447,1,,0,,0,,0,hover,0.008900067768990993,1
1790161660.4595973,,0.022140979766845703,45.16511963474253,,18.11830000951886,,0,,,0,0,,,no_face,0,0.003200024366378784,1,,0,,0,18.058599904179573,1,hover,0.008400063961744308,1
1790161660.5000455,,0.04044818878173828,24.722985876971684,,0.06970006506890059,,0,,,0,0,,,no_face,0,0.003700028173625469,1,,0,,0,,0,hover,0.009299954399466515,1
1790161660.5475914,,0.0475459098815918,21.032303356700865,,26.005899999290705,,0,,,0,0,,,no_face,0,0.0034999102354049683,1,5.174999940209091,1,,0,20.771600073203444,1,hover,0.009100069291889668,1
1790161660.5694454,,0.021853923797607422,45.758373153542365,,0.06909994408488274,,0,,,0,0,,,no_face,0,0.0034999102354049683,1,,0,,0,,0,hover,0.009200070053339005,1
1790161660.6114874,,0.04204201698303223,23.785728463113244,,23.65059999283403,,0,,,0,0,,,no_face,0,0.003400025889277458,1,,0,,0,23.588999989442527,1,hover,0.008499948307871819,1
1790161660.629385,,0.017897605895996094,55.87339478872489,,0.06800005212426186,,0,,,0,0,,,no_face,0,0.003400025889277458,1,,0,,0,,0,hover,0.00909995287656784,1
1790161660.6755981,,0.04621315002441406,21.638862520120515,,21.482500014826655,,0,,,0,0,,,no_face,0,0.00400003045797348,1,4.649800015613437,1,,0,16.777500044554472,1,hover,0.008399947546422482,1
1790161660.6935067,,0.017908573150634766,55.83917778310302,,0.06869994103908539,,0,,,0,0,,,no_face,0,0.003300025127828121,1,,0,,0,,0,hover,0.009299954399466515,1
1790161660.7348413,,0.04133462905883789,24.192789986733576,,18.670900026336312,,0,,,0,0,,,no_face,0,0.003600027412176132,1,,0,,0,18.609500024467707,1,hover,0.008899951353669167,1
1790161660.7560983,,0.02125692367553711,47.0434958164158,,0.06869994103908539,,0,,,0,0,,,no_face,0,0.003300025127828121,1,,0,,0,,0,hover,0.009100069291889668,1
1790161660.787581,,0.031482696533203125,31.763479946686054,,23.013100028038025,,0,,,0,0,,,no_face,0,0.003700028173625469,1,5.150799988768995,1,,0,17.79710000846535,1,hover,0.010199961252510548,1
1790161660.805496,,0.017915010452270508,55.81911340014107,,0.07309997454285622,,0,,,0,0,,,no_face,0,0.004100031219422817,1,,0,,0,,0,hover,0.009699957445263863,1
1790161660.8514466,,0.04595065116882324,21.762477235110076,,18.701600027270615,,0,,,0,0,,,no_face,0,0.00400003045797348,1,,0,,0,18.631899962201715,1,hover,0.00909995287656784,1
1790161660.8999333,,0.04848670959472656,20.62420833169427,,0.07409998215734959,,0,,,0,0,,,no_face,0,0.003700028173625469,1,,0,,0,,0,hover,0.010299962013959885,1
1790161660.9603732,,0.0604398250579834,16.545382105931687,,34.286500071175396,,0,,,0,0,,,no_face,0,0.00400003045797348,1,5.620799958705902,1,,0,28.59800006262958,1,hover,0.00879995059221983,1
1790161660.9737315,,0.013358354568481445,74.85951917756876,,0.07609999738633633,,0,,,0,0,,,no_face,0,0.0037999125197529793,1,,0,,0,,0,hover,0.009200070053339005,1
1790161661.0115724,,0.037840843200683594,26.42647244134177,,16.811099951155484,,0,,,0,0,,,no_face,0,0.003300025127828121,1,,0,,0,16.73769997432828,1,hover,0.008699949830770493,1
1790161661.0293741,,0.017801761627197266,56.17421584121287,,0.07599999662488699,,0,,,0,0,,,no_face,0,0.0034999102354049683,1,,0,,0,,0,hover,0.009500072337687016,1
1790161661.0915837,,0.0622096061706543,16.074687842530064,,32.34480007085949,,0,,,0,0,,,no_face,0,0.003800028935074806,1,5.2958999294787645,1,,0,26.98170009534806,1,hover,0.009999959729611874,1
1790161661.111846,,0.02026224136352539,49.35288165109547,,0.07219996768981218,,0,,,0,0,,,no_face,0,0.0034999102354049683,1,,0,,0,,0,hover,0.009300070814788342,1
1790161661.1454415,,0.03359556198120117,29.765836349442907,,20.332000101916492,,0,,,0,0,,,no_face,0,0.003200024366378784,1,,0,,0,20.267400075681508,1,hover,0.008500064723193645,1
1790161661.1759295,,0.030488014221191406,32.799774781819885,,0.07319997530430555,,0,,,0,0,,,no_face,0,0.0037999125197529793,1,,0,,0,,0,hover,0.00870006624609232,1
1790161661.2188993,,0.042969703674316406,23.27221075526555,,32.94469998218119,,0,,,0,0,,,no_face,0,0.007999944500625134,1,5.8212000876665115,1,,0,27.038599946536124,1,hover,0.010600080713629723,1
1790161661.2367017,,0.01780247688293457,56.17195891199829,,0.12360000982880592,,0,,,0,0,,,no_face,0,0.006100046448409557,1,,0,,0,,0,hover,0.015199999324977398,1
1790161661.2606778,,0.02397608757019043,41.70822270616429,,19.89940006751567,,0,,,0,0,,,no_face,0,0.003700028173625469,1,,0,,0,19.823500071652234,1,hover,0.009599956683814526,1
1790161661.2998514,,0.03917360305786133,25.52739400873979,,0.08020002860575914,,0,,,0,0,,,no_face,0,0.003700028173625469,1,,0,,0,,0,hover,0.009899958968162537,1
1790161661.3527894,,0.052937984466552734,18.890027833073617,,21.78419998381287,,0,,,0,0,,,no_face,0,0.003500026650726795,1,4.756600013934076,1,,0,16.96279994212091,1,hover,0.008199946023523808,1
1790161661.3756528,,0.022863388061523438,43.738049553683155,,0.07529999129474163,,0,,,0,0,,,no_face,0,0.003700028173625469,1,,0,,0,,0,hover,0.008999952115118504,1
1790161661.4182494,,0.04259657859802246,23.476063874445185,,18.345899996347725,,0,,,0,0,,,no_face,0,0.006600050255656242,1,,0,,0,18.228299915790558,1,hover,0.015900004655122757,1
1790161661.4360945,,0.01784515380859375,56.03762291577597,,0.08789997082203627,,0,,,0,0,,,no_face,0,0.0037999125197529793,1,,0,,0,,0,hover,0.010100076906383038,1
1790161661.4764616,,0.04036712646484375,24.77263277263277,,23.531600018031895,,0,,,0,0,,,no_face,0,0.003500026650726795,1,4.904699977487326,1,,0,18.546200008131564,1,hover,0.00909995287656784,1
1790161661.4943612,,0.017899513244628906,55.86744099312696,,0.19719998817890882,,0,,,0,0,,,no_face,0,0.003800028935074806,1,,0,,0,,0,hover,0.010499963536858559,1
1790161661.5409632,,0.04660201072692871,21.45830157114134,,18.57780001591891,,0,,,0,0,,,no_face,0,0.003700028173625469,1,,0,,0,18.501800019294024,1,hover,0.009499955922365189,1
1790161661.5604172,,0.019454002380371094,51.403304083533506,,0.13399997260421515,,0,,,0,0,,,no_face,0,0.007600057870149612,1,,0,,0,,0,hover,0.015099998563528061,1
1790161661.5923617,,0.03194451332092285,31.304280329887675,,22.368600009940565,,0,,,0,0,,,no_face,0,0.003700028173625469,1,4.75900003220886,1,,0,17.53780001308769,1,hover,0.009399955160915852,1
1790161661.609351,,0.01698923110961914,58.86081562771899,,0.08200004231184721,,0,,,0,0,,,no_face,0,0.003600027412176132,1,,0,,0,,0,hover,0.009599956683814526,1
1790161661.6515658,,0.04221487045288086,23.688335159435677,,17.48569996561855,,0,,,0,0,,,no_face,0,0.003800028935074806,1,,0,,0,17.406499944627285,1,hover,0.00909995287656784,1
1790161661.699827,,0.048261165618896484,20.720593611366354,,0.07910002022981644,,0,,,0,0,,,no_face,0,0.003500026650726795,1,,0,,0,,0,hover,0.010199961252510548,1
1790161661.761445,,0.06161808967590332,16.229000367583044,,33.83700002450496,,0,,,0,0,,,no_face,0,0.003600027412176132,1,5.626199999824166,1,,0,28.138799942098558,1,hover,0.009699957445263863,1
1790161661.7787993,,0.017354249954223633,57.6227726716949,,0.16419996973127127,,0,,,0,0,,,no_face,0,0.0036999117583036423,1,,0,,0,,0,hover,0.0100000761449337,1
1790161661.8123507,,0.03355145454406738,29.804967134482148,,18.402599962428212,,0,,,0,0,,,no_face,0,0.003500026650726795,1,,0,,0,18.329299986362457,1,hover,0.00879995059221983,1
1790161661.8302517,,0.017900943756103516,55.86297647904957,,0.08159992285072803,,0,,,0,0,,,no_face,0,0.0033999094739556313,1,,0,,0,,0,hover,0.010100076906383038,1
1790161661.8772607,,0.04700899124145508,21.272526246386366,,22.930399980396032,,0,,,0,0,,,no_face,0,0.003700028173625469,1,4.898700048215687,1,,0,17.962399986572564,1,hover,0.009399955160915852,1
1790161661.8951273,,0.01786661148071289,55.97032213296325,,0.12790004257112741,,0,,,0,0,,,no_face,0,0.004100031219422817,1,,0,,0,,0,hover,0.010999967344105244,1
1790161661.9557397,,0.06061244010925293,16.498263363057426,,17.99840002786368,,0,,,0,0,,,no_face,0,0.003800028935074806,1,,0,,0,17.922700033523142,1,hover,0.009599956683814526,1
1790161661.9776683,,0.02192854881286621,45.60265289480837,,0.07569999434053898,,0,,,0,0,,,no_face,0,0.003400025889277458,1,,0,,0,,0,hover,0.009699957445263863,1
1790161662.010326,,0.032657623291015625,30.62072187828525,,25.032400037162006,,0,,,0,0,,,no_face,0,0.003700028173625469,1,4.772200016304851,1,,0,20.1909999595955,1,hover,0.009699957445263863,1
1790161662.0417366,,0.03141069412231445,31.836291044889407,,0.12740003876388073,,0,,,0,0,,,no_face,0,0.006200047209858894,1,,0,,0,,0,hover,0.015400000847876072,1
1790161662.0773034,,0.03556680679321289,28.116102910616846,,19.997700001113117,,0,,,0,0,,,no_face,0,0.0034999102354049683,1,,0,,0,19.925800035707653,1,hover,0.009100069291889668,1
1790161662.1010323,,0.02372884750366211,42.14279685710267,,0.07860001642256975,,0,,,0,0,,,no_face,0,0.003300025127828121,1,,0,,0,,0,hover,0.009199953638017178,1
1790161662.1475399,,0.04650759696960449,21.50186346229757,,27.955800062045455,,0,,,0,0,,,no_face,0,0.003600027412176132,1,5.011899978853762,1,,0,22.87450002040714,1,hover,0.008999952115118504,1
1790161662.1789336,,0.03139376640319824,31.853457376115436,,0.09029998909682035,,0,,,0,0,,,no_face,0,0.0038999132812023163,1,,0,,0,,0,hover,0.010400079190731049,1
1790161662.2035515,,0.024617910385131836,40.62083192097235,,17.679800046607852,,0,,,0,0,,,no_face,0,0.00400003045797348,1,,0,,0,17.605299944989383,1,hover,0.008899951353669167,1
1790161662.22795,,0.0243985652923584,40.986016514389014,,0.07419998291879892,,0,,,0,0,,,no_face,0,0.003300025127828121,1,,0,,0,,0,hover,0.009199953638017178,1
1790161662.2771108,,0.04916071891784668,20.341443778947113,,22.357800044119358,,0,,,0,0,,,no_face,0,0.003700028173625469,1,5.100299953483045,1,,0,17.18950003851205,1,hover,0.009199953638017178,1
1790161662.2951171,,0.018006324768066406,55.536041523224405,,0.07289997301995754,,0,,,0,0,,,no_face,0,0.003200024366378784,1,,0,,0,,0,hover,0.008499948307871819,1
1790161662.3296688,,0.03455162048339844,28.942202594534916,,26.768599986098707,,0,,,0,0,,,no_face,0,0.00400003045797348,1,,0,,0,26.683799922466278,1,hover,0.009699957445263863,1
1790161662.3475878,,0.017919063568115234,55.80648766598366,,0.07529999129474163,,0,,,0,0,,,no_face,0,0.003300025127828121,1,,0,,0,,0,hover,0.00909995287656784,1
1790161662.3945248,,0.046936988830566406,21.305158786598128,,25.577499996870756,,0,,,0,0,,,no_face,0,0.0037999125197529793,1,5.102299968712032,1,,0,20.411100005730987,1,hover,0.008600065484642982,1
1790161662.41258,,0.018055200576782227,55.385704287657305,,0.10679999832063913,,0,,,0,0,,,no_face,0,0.003700028173625469,1,,0,,0,,0,hover,0.010300078429281712,1
1790161662.451935,,0.03935503959655762,25.409706361659204,,24.1963000735268,,0,,,0,0,,,no_face,0,0.003700028173625469,1,,0,,0,24.12179997190833,1,hover,0.009199953638017178,1
1790161662.4999418,,0.04800677299499512,20.830394080107272,,0.07920002099126577,,0,,,0,0,,,no_face,0,0.00400003045797348,1,,0,,0,,0,hover,0.009899958968162537,1
1790161662.5475671,,0.04762530326843262,20.997241620985708,,22.913800086826086,,0,,,0,0,,,no_face,0,0.003700028173625469,1,4.805100033991039,1,,0,18.039599992334843,1,hover,0.009599956683814526,1
1790161662.5802805,,0.03271341323852539,30.56850083813133,,0.13029994443058968,,0,,,0,0,,,no_face,0,0.005799927748739719,1,,0,,0,,0,hover,0.014899997040629387,1
1790161662.613857,,0.03357648849487305,29.78274515373145,,24.054900044575334,,0,,,0,0,,,no_face,0,0.0039000296965241432,1,,0,,0,23.976000025868416,1,hover,0.009999959729611874,1
1790161662.630753,,0.01689600944519043,59.18557297472731,,0.08300004992634058,,0,,,0,0,,,no_face,0,0.003600027412176132,1,,0,,0,,0,hover,0.009899958968162537,1
1790161662.6777053,,0.046952247619628906,21.298234923730018,,26.227900059893727,,0,,,0,0,,,no_face,0,0.003500026650726795,1,6.237299996428192,1,,0,19.928900059312582,1,hover,0.008499948307871819,1
1790161662.7082143,,0.030508995056152344,32.777218592729206,,0.09029998909682035,,0,,,0,0,,,no_face,0,0.004300032742321491,1,,0,,0,,0,hover,0.010499963536858559,1
1790161662.7363598,,0.028145551681518555,35.529593141947124,,17.112200031988323,,0,,,0,0,,,no_face,0,0.003400025889277458,1,,0,,0,17.020200029946864,1,hover,0.008899951353669167,1
1790161662.7543366,,0.017976760864257812,55.62737400530504,,0.09019998833537102,,0,,,0,0,,,no_face,0,0.003100023604929447,1,,0,,0,,0,hover,0.009299954399466515,1
1790161662.7963955,,0.04205894470214844,23.776155276404698,,22.884499980136752,,0,,,0,0,,,no_face,0,0.003100023604929447,1,5.895799957215786,1,,0,16.92610001191497,1,hover,0.008699949830770493,1
1790161662.814261,,0.017865419387817383,55.974056824096195,,0.07409998215734959,,0,,,0,0,,,no_face,0,0.003300025127828121,1,,0,,0,,0,hover,0.009599956683814526,1
1790161662.851631,,0.03736996650695801,26.75945668331834,,17.89510005619377,,0,,,0,0,,,no_face,0,0.0039000296965241432,1,,0,,0,17.822700086981058,1,hover,0.008699949830770493,1
1790161662.8999243,,0.048293352127075195,20.706783769506856,,0.07289997301995754,,0,,,0,0,,,no_face,0,0.0032999087125062943,1,,0,,0,,0,hover,0.008900067768990993,1
1790161662.9475782,,0.047653913497924805,20.984635397123203,,21.711000008508563,,0,,,0,0,,,no_face,0,0.007400056347250938,1,4.755000001750886,1,,0,16.862999997101724,1,hover,0.016300007700920105,1
1790161662.9805496,,0.03297138214111328,30.32933213779539,,0.07680000271648169,,0,,,0,0,,,no_face,0,0.004100031219422817,1,,0,,0,,0,hover,0.009699957445263863,1
1790161663.0265896,,0.04604005813598633,21.720215840004972,,17.502599977888167,,0,,,0,0,,,no_face,0,0.005300040356814861,1,,0,,0,17.400899901986122,1,hover,0.013399985618889332,1
1790161663.0435386,,0.016948938369750977,59.00074554431769,,0.0942000187933445,,0,,,0,0,,,no_face,0,0.0032999087125062943,1,,0,,0,,0,hover,0.0100000761449337,1
1790161663.0786014,,0.03506278991699219,28.520263286732305,,29.64560000691563,,0,,,0,0,,,no_face,0,0.0035999109968543053,1,5.882600089535117,1,,0,23.698000004515052,1,hover,0.009100069291889668,1
1790161663.0975387,,0.018937349319458008,52.80570068866535,,0.0953000271692872,,0,,,0,0,,,no_face,0,0.006500049494206905,1,,0,,0,,0,hover,0.015600002370774746,1
1790161663.1311562,,0.033617496490478516,29.746414944468874,,23.79460004158318,,0,,,0,0,,,no_face,0,0.004100031219422817,1,,0,,0,23.712499998509884,1,hover,0.010699965059757233,1
1790161663.1481042,,0.01694798469543457,59.00406555532109,,0.0771000050008297,,0,,,0,0,,,no_face,0,0.0039000296965241432,1,,0,,0,,0,hover,0.010199961252510548,1
1790161663.1820543,,0.033950090408325195,29.455002563256247,,23.736100061796606,,0,,,0,0,,,no_face,0,0.004300032742321491,1,5.263099912554026,1,,0,18.40340008493513,1,hover,0.0097999582067132,1
1790161663.2229233,,0.04086899757385254,24.468424952017596,,0.07930002175271511,,0,,,0,0,,,no_face,0,0.0039000296965241432,1,,0,,0,,0,hover,0.01009996049106121,1
1790161663.2564704,,0.033547163009643555,29.808779946982025,,18.577300012111664,,0,,,0,0,,,no_face,0,0.003400025889277458,1,,0,,0,18.50390003528446,1,hover,0.009399955160915852,1
1790161663.299846,,0.043375492095947266,23.054493486505798,,0.08100003469735384,,0,,,0,0,,,no_face,0,0.003300025127828121,1,,0,,0,,0,hover,0.009599956683814526,1
1790161663.3479557,,0.04810976982116699,20.785798886945145,,25.558500085026026,,0,,,0,0,,,no_face,0,0.003200024366378784,1,5.042300093919039,1,,0,20.457200007513165,1,hover,0.008299946784973145,1
1790161663.3657088,,0.017753124237060547,56.32811366871693,,0.12440001592040062,,0,,,0,0,,,no_face,0,0.006200047209858894,1,,0,,0,,0,hover,0.01589988823980093,1
1790161663.4115362,,0.045827388763427734,21.82101199704496,,21.52459998615086,,0,,,0,0,,,no_face,0,0.003800028935074806,1,,0,,0,21.43419999629259,1,hover,0.008999952115118504,1
1790161663.4293978,,0.017861604690551758,55.98601118571219,,0.2736999886110425,,0,,,0,0,,,no_face,0,0.01079996582120657,1,,0,,0,,0,hover,0.03190001007169485,1
1790161663.4918482,,0.062450408935546875,16.01270539368395,,22.805799962952733,,0,,,0,0,,,no_face,0,0.0035999109968543053,1,4.733799956738949,1,,0,18.01030000206083,1,hover,0.008800067007541656,1
1790161663.509755,,0.017906665802001953,55.84512555588102,,0.09270000737160444,,0,,,0,0,,,no_face,0,0.003999914042651653,1,,0,,0,,0,hover,0.009600073099136353,1
1790161663.5433493,,0.033594369888305664,29.766892587204143,,18.745600013062358,,0,,,0,0,,,no_face,0,0.0033999094739556313,1,,0,,0,18.673400045372546,1,hover,0.00900006853044033,1
1790161663.5602746,,0.016925334930419922,59.08302577827863,,0.09529991075396538,,0,,,0,0,,,no_face,0,0.018399907276034355,1,,0,,0,,0,hover,0.009900075383484364,1
1790161663.599171,,0.03889632225036621,25.70937153294962,,24.566799984313548,,0,,,0,0,,,no_face,0,0.004600035026669502,1,5.294800037518144,1,,0,19.204100011847913,1,hover,0.009400071576237679,1
1790161663.6161077,,0.016936779022216797,59.04310369098229,,0.07619999814778566,,0,,,0,0,,,no_face,0,0.003800028935074806,1,,0,,0,,0,hover,0.009299954399466515,1
1790161663.6515381,,0.0354304313659668,28.22432472443912,,18.855600035749376,,0,,,0,0,,,no_face,0,0.003700028173625469,1,,0,,0,18.78379995469004,1,hover,0.008600065484642982,1
1790161663.6998093,,0.04827117919921875,20.716295242611032,,0.10659999679774046,,0,,,0,0,,,no_face,0,0.005299923941493034,1,,0,,0,,0,hover,0.013800105080008507,1
1790161663.752829,,0.05301976203918457,18.860891892742636,,31.619900022633374,,0,,,0,0,,,no_face,0,0.006100046448409557,1,5.568100023083389,1,,0,25.9676999412477,1,hover,0.01580000389367342,1
1790161663.7813175,,0.0284883975982666,35.10200938998569,,0.0801000278443098,,0,,,0,0,,,no_face,0,0.00400003045797348,1,,0,,0,,0,hover,0.009699957445263863,1
1790161663.8178492,,0.036531686782836914,27.3734964920868,,16.98960002977401,,0,,,0,0,,,no_face,0,0.003500026650726795,1,,0,,0,16.918900073505938,1,hover,0.008699949830770493,1
1790161663.835696,,0.01784682273864746,56.03238260637232,,0.07499998901039362,,0,,,0,0,,,no_face,0,0.003500026650726795,1,,0,,0,,0,hover,0.010199961252510548,1
1790161663.8646286,,0.028932571411132812,34.56312215703078,,23.248700075782835,,0,,,0,0,,,no_face,0,0.004400033503770828,1,5.077600013464689,1,,0,18.101299996487796,1,hover,0.009599956683814526,1
1790161663.8826547,,0.018026113510131836,55.47507505918764,,0.12370001059025526,,0,,,0,0,,,no_face,0,0.005599926225841045,1,,0,,0,,0,hover,0.015099998563528061,1
1790161663.9236352,,0.04098057746887207,24.4018035314309,,17.45189994107932,,0,,,0,0,,,no_face,0,0.003500026650726795,1,,0,,0,17.361699952743948,1,hover,0.008999952115118504,1
1790161663.9415226,,0.017887353897094727,55.905418193935354,,0.08310005068778992,,0,,,0,0,,,no_face,0,0.004500034265220165,1,,0,,0,,0,hover,0.016000005416572094,1
1790161663.9936476,,0.052124977111816406,19.18466070219734,,22.386000026017427,,0,,,0,0,,,no_face,0,0.0037999125197529793,1,5.086899967864156,1,,0,17.223300063051283,1,hover,0.010800082236528397,1
1790161664.010637,,0.016989469528198242,58.859989615346834,,0.07339997682720423,,0,,,0,0,,,no_face,0,0.0032999087125062943,1,,0,,0,,0,hover,0.009300070814788342,1
1790161664.051564,,0.04092693328857422,24.433787719911454,,18.859899952076375,,0,,,0,0,,,no_face,0,0.0037999125197529793,1,,0,,0,18.784899963065982,1,hover,0.009100069291889668,1
1790161664.099853,,0.04828906059265137,20.708624018090344,,0.07559999357908964,,0,,,0,0,,,no_face,0,0.003400025889277458,1,,0,,0,,0,hover,0.009899958968162537,1
1790161664.147402,,0.04754900932312012,21.03093238398476,,22.37959997728467,,0,,,0,0,,,no_face,0,0.003700028173625469,1,5.128800054080784,1,,0,17.183099989779294,1,hover,0.009499955922365189,1
1790161664.165354,,0.01795196533203125,55.70420739481513,,0.12820004485547543,,0,,,0,0,,,no_face,0,0.005599926225841045,1,,0,,0,,0,hover,0.015700003132224083,1
1790161664.2060475,,0.04069352149963379,24.573936173329194,,17.30339997448027,,0,,,0,0,,,no_face,0,0.004200031980872154,1,,0,,0,17.231600009836257,1,hover,0.009599956683814526,1
1790161664.24398,,0.037932395935058594,26.36269013199246,,0.07700000423938036,,0,,,0,0,,,no_face,0,0.003300025127828121,1,,0,,0,,0,hover,0.009699957445263863,1
1790161664.2811043,,0.0371243953704834,26.936465631843607,,24.553600000217557,,0,,,0,0,,,no_face,0,0.007600057870149612,1,5.220000050030649,1,,0,19.257099949754775,1,hover,0.010599964298307896,1
1790161664.2982666,,0.017162322998046875,58.267170482329405,,0.07909990381449461,,0,,,0,0,,,no_face,0,0.0032999087125062943,1,,0,,0,,0,hover,0.009400071576237679,1
1790161664.331843,,0.033576250076293945,29.782956635352093,,18.025900004431605,,0,,,0,0,,,no_face,0,0.004200031980872154,1,,0,,0,17.949100001715124,1,hover,0.01009996049106121,1
1790161664.3497636,,0.017920732498168945,55.80129049424599,,0.10950001887977123,,0,,,0,0,,,no_face,0,0.00509992241859436,1,,0,,0,,0,hover,0.014499993994832039,1
1790161664.3873148,,0.037551164627075195,26.63033250582536,,26.22160001192242,,0,,,0,0,,,no_face,0,0.00400003045797348,1,5.551200010813773,1,,0,20.594600006006658,1,hover,0.0097999582067132,1
1790161664.4051402,,0.01782536506652832,56.099832809469675,,0.12139999307692051,,0,,,0,0,,,no_face,0,0.005900044925510883,1,,0,,0,,0,hover,0.015300000086426735,1
1790161664.4574304,,0.05229020118713379,19.124041929409405,,19.39300005324185,,0,,,0,0,,,no_face,0,0.00400003045797348,1,,0,,0,19.313300028443336,1,hover,0.010199961252510548,1
1790161664.499945,,0.04251456260681152,23.52135218344652,,0.07920002099126577,,0,,,0,0,,,no_face,0,0.003400025889277458,1,,0,,0,,0,hover,0.0100000761449337,1
1790161664.5476217,,0.047676801681518555,20.97456131139015,,25.221699965186417,,0,,,0,0,,,no_face,0,0.005400041118264198,1,5.974799976684153,1,,0,19.150499952957034,1,hover,0.012499978765845299,1
1790161664.565461,,0.01783919334411621,56.05634631062641,,0.12149999383836985,,0,,,0,0,,,no_face,0,0.006199930794537067,1,,0,,0,,0,hover,0.014899997040629387,1
1790161664.6287487,,0.06328773498535156,15.800849883969741,,18.165300018154085,,0,,,0,0,,,no_face,0,0.004100031219422817,1,,0,,0,18.08720000553876,1,hover,0.010299962013959885,1
1790161664.646617,,0.0178682804107666,55.96509440256188,,0.1284000463783741,,0,,,0,0,,,no_face,0,0.006200047209858894,1,,0,,0,,0,hover,0.01589988823980093,1
1790161664.682073,,0.035456180572509766,28.203827480936564,,23.660599952563643,,0,,,0,0,,,no_face,0,0.003700028173625469,1,4.789699916727841,1,,0,18.804199993610382,1,hover,0.009499955922365189,1
1790161664.714307,,0.03223395347595215,31.023188041331668,,0.09380001574754715,,0,,,0,0,,,no_face,0,0.003400025889277458,1,,0,,0,,0,hover,0.009299954399466515,1
1790161664.73783,,0.02352285385131836,42.51184853337658,,19.50539997778833,,0,,,0,0,,,no_face,0,0.003999914042651653,1,,0,,0,19.427399965934455,1,hover,0.00970007386058569,1
1790161664.7824628,,0.044632911682128906,22.404991346338754,,0.12660003267228603,,0,,,0,0,,,no_face,0,0.006299931555986404,1,,0,,0,,0,hover,0.016600009985268116,1
1790161664.8370874,,0.05462455749511719,18.306784454764482,,32.29150001425296,,0,,,0,0,,,no_face,0,0.0034999102354049683,1,6.729099899530411,1,,0,25.499100098386407,1,hover,0.008400063961744308,1
1790161664.8549707,,0.01788330078125,55.918088737201366,,0.07880001794546843,,0,,,0,0,,,no_face,0,0.003600027412176132,1,,0,,0,,0,hover,0.009699957445263863,1
1790161664.913737,,0.05876636505126953,17.01653657032505,,38.71130000334233,,1,,,0,0,,,no_face,0,0.003700028173625469,1,,0,,0,38.63279998768121,1,hover,0.009599956683814526,1
1790161664.9316342,,0.01789712905883789,55.87488343590973,,0.0825999304652214,,1,,,0,0,,,no_face,0,0.003500026650726795,1,,0,,0,,0,hover,0.009499955922365189,1
1790161664.9886703,,0.05703616142272949,17.53273668942051,,39.795299991965294,,0,,,0,0,,,no_face,0,0.004399917088449001,1,6.386099965311587,1,,0,33.33430003840476,1,hover,0.009900075383484364,1
1790161665.0116386,,0.022968292236328125,43.53828267729613,,0.07680000271648169,,0,,,0,0,,,no_face,0,0.003800028935074806,1,,0,,0,,0,hover,0.00909995287656784,1
1790161665.0608592,,0.04922056198120117,20.316712360617306,,33.4766999585554,,1,,,0,0,,,no_face,0,0.0033999094739556313,1,,0,,0,33.40399998705834,1,hover,0.008900067768990993,1
1790161665.0837023,,0.022843122482299805,43.77685234472033,,0.11909997556358576,,1,,,0,0,,,no_face,0,0.005400041118264198,1,,0,,0,,0,hover,0.013999990187585354,1
1790161665.1446545,,0.060952186584472656,16.40630231721246,,42.08080004900694,,1,,,0,0,,,no_face,0,0.003700028173625469,1,5.434099934063852,1,,0,36.574100027792156,1,hover,0.00909995287656784,1
1790161665.1617355,,0.017081022262573242,58.544505394804794,,0.08490006439387798,,1,,,0,0,,,no_face,0,0.003700028173625469,1,,0,,0,,0,search_360,0.014499993994832039,1
1790161665.2227907,,0.06105518341064453,16.37862576342138,,40.92520009726286,,1,,,0,0,,,no_face,0,0.006500049494206905,1,,0,,0,40.81979999318719,1,search_360,0.012899981811642647,1
1790161665.2396877,,0.016896963119506836,59.18223250694925,,0.08579995483160019,,1,,,0,0,,,no_face,0,0.004700035788118839,1,,0,,0,,0,search_360,0.007999944500625134,1
1790161665.3659983,,0.1263105869293213,7.9169927423388735,,71.92749995738268,,2,,,0,0,,,no_face,0,0.004799920134246349,1,4.852700047194958,1,,0,66.97839999105781,1,search_360,0.008600065484642982,1
1790161665.3829575,,0.016959190368652344,58.965079008041386,,0.08040003012865782,,2,,,0,0,,,no_face,0,0.003600027412176132,1,,0,,0,,0,search_360,0.006600050255656242,1
1790161665.4555542,,0.07259678840637207,13.77471403283491,,49.47830003220588,,2,,,0,0,,,no_face,0,0.003300025127828121,1,,0,,0,49.40280003938824,1,search_360,0.006600050255656242,1
1790161665.484001,,0.028446674346923828,35.15349414150896,,0.08410005830228329,,2,,,0,0,,,no_face,0,0.003700028173625469,1,,0,,0,,0,search_360,0.006700051017105579,1
1790161665.5549004,,0.07089948654174805,14.104474500124422,,52.34940000809729,,2,,,0,0,,,no_face,0,0.003800028935074806,1,4.534999956376851,1,,0,47.73089999798685,1,search_360,0.006500049494206905,1
1790161665.5843694,,0.029469013214111328,33.933949288846456,,0.11750007979571819,,2,,,0,0,,,no_face,0,0.003700028173625469,1,,0,,0,,0,search_360,0.0068999361246824265,1
1790161665.6548822,,0.07051277160644531,14.181828018069194,,54.15300000458956,,2,,,0,0,,,no_face,0,0.003500026650726795,1,,0,,0,54.06380002386868,1,search_360,0.0069999368861317635,1
1790161665.6834486,,0.028566360473632812,35.006209521265944,,0.11899997480213642,,2,,,0,0,,,no_face,0,0.005800044164061546,1,,0,,0,,0,search_360,0.009999959729611874,1
1790161665.7666757,,0.08322715759277344,12.0153088117337,,58.25250002089888,,2,,,0,0,,,no_face,0,0.003400025889277458,1,4.864800022915006,1,,0,53.32009994890541,1,search_360,0.006300047971308231,1
1790161665.7846315,,0.017955780029296875,55.692373061397916,,0.09300000965595245,,2,,,0,0,,,no_face,0,0.004100031219422817,1,,0,,0,,0,search_360,0.0075999414548277855,1
1790161665.8588436,,0.07421207427978516,13.474896230900702,,48.49570000078529,,2,,,0,0,,,no_face,0,0.005600042641162872,1,,0,,0,48.3853000914678,1,search_360,0.01079996582120657,1
1790161665.884703,,0.025859355926513672,38.67072338699268,,0.07500010542571545,,2,,,0,0,,,no_face,0,0.002900022082030773,1,,0,,0,,0,search_360,0.005800044164061546,1
1790161665.9504704,,0.06576752662658691,15.205072340302122,,59.79490000754595,,2,,,0,0,,,no_face,0,0.003500026650726795,1,5.4957999382168055,1,,0,54.21460000798106,1,search_360,0.007500057108700275,1
1790161665.9679687,,0.017498254776000977,57.148556401836686,,0.11739996261894703,,2,,,0,0,,,no_face,0,0.004999921657145023,1,,0,,0,,0,search_360,0.007500057108700275,1
1790161666.024468,,0.05649924278259277,17.699352252347293,,50.63419998623431,,2,,,0,0,,,no_face,0,0.003400025889277458,1,,0,,0,50.56729994248599,1,search_360,0.006399932317435741,1
1790161666.0414605,,0.016992568969726562,58.84925356381188,,0.07109995931386948,,2,,,0,0,,,no_face,0,0.003300025127828121,1,,0,,0,,0,search_360,0.00609993003308773,1
1790161666.111901,,0.07044053077697754,14.196372301141652,,56.86499993316829,,2,,,0,0,,,no_face,0,0.004199915565550327,1,5.093400017358363,1,,0,51.69849994126707,1,search_360,0.007400056347250938,1
1790161666.1297774,,0.017876386642456055,55.939716453940434,,0.08120003622025251,,2,,,0,0,,,no_face,0,0.003700028173625469,1,,0,,0,,0,search_360,0.006499933078885078,1
1790161666.1907027,,0.06092524528503418,16.41355722609856,,52.087999996729195,,2,,,0,0,,,no_face,0,0.004100031219422817,1,,0,,0,52.00309993233532,1,search_360,0.00809994526207447,1
1790161666.2081382,,0.017435550689697266,57.35408177218652,,0.130399945192039,,2,,,0,0,,,no_face,0,0.00509992241859436,1,,0,,0,,0,search_360,0.010100076906383038,1
1790161666.2829895,,0.07485127449035645,13.359825958993339,,58.615899994038045,,2,,,0,0,,,no_face,0,0.00400003045797348,1,4.854600061662495,1,,0,53.68749995250255,1,search_360,0.0065999338403344154,1
1790161666.2999341,,0.01694464683532715,59.0156885368153,,0.08110003545880318,,2,,,0,0,,,no_face,0,0.003700028173625469,1,,0,,0,,0,search_360,0.0070999376475811005,1
1790161666.364878,,0.06494379043579102,15.397930938273237,,46.97760008275509,,2,,,0,0,,,no_face,0,0.005100038833916187,1,,0,,0,46.835800050757825,1,search_360,0.012999982573091984,1
1790161666.385443,,0.020565032958984375,48.626228900018546,,0.11550006456673145,,2,,,0,0,,,no_face,0,0.005800044164061546,1,,0,,0,,0,search_360,0.012299977242946625,1
1790161666.467504,,0.0820610523223877,12.186048944039467,,58.961099945008755,,2,,,0,0,,,no_face,0,0.004499917849898338,1,5.6532000890001655,1,,0,53.225599927827716,1,search_360,0.007900060154497623,1
1790161666.4855144,,0.018010377883911133,55.52354350617546,,0.07870001718401909,,2,,,0,0,,,no_face,0,0.003800028935074806,1,,0,,0,,0,search_360,0.00609993003308773,1
1790161666.550316,,0.06480169296264648,15.431695597465765,,48.755900003015995,,2,,,0,0,,,no_face,0,0.0033999094739556313,1,,0,,0,48.685100045986474,1,search_360,0.006300047971308231,1
1790161666.5681827,,0.01786661148071289,55.97032213296325,,0.08189992513507605,,2,,,0,0,,,no_face,0,0.0033999094739556313,1,,0,,0,,0,search_360,0.006500049494206905,1
1790161666.638756,,0.07057332992553711,14.16965872313399,,60.476599959656596,,2,,,0,0,,,no_face,0,0.005699926987290382,1,5.204300046898425,1,,0,55.16779993195087,1,search_360,0.010500079952180386,1
1790161666.6566515,,0.01789546012878418,55.88009432579704,,0.09930005762726068,,2,,,0,0,,,no_face,0,0.003800028935074806,1,,0,,0,,0,search_360,0.0073999399319291115,1
1790161666.7387033,,0.08205175399780273,12.187429899753015,,60.74099999386817,,2,,,0,0,,,no_face,0,0.00409991480410099,1,,0,,0,60.65260001923889,1,search_360,0.008100061677396297,1
1790161666.7566679,,0.017964601516723633,55.66502541506855,,0.112100038677454,,2,,,0,0,,,no_face,0,0.005300040356814861,1,,0,,0,,0,search_360,0.01109996810555458,1
1790161666.8390882,,0.08242034912109375,12.132926039063223,,59.08589996397495,,2,,,0,0,,,no_face,0,0.005700043402612209,1,5.199600011110306,1,,0,53.78359998576343,1,search_360,0.010499963536858559,1
1790161666.8569717,,0.0178835391998291,55.91734325214308,,0.09029998909682035,,2,,,0,0,,,no_face,0,0.004100031219422817,1,,0,,0,,0,search_360,0.0071999384090304375,1
1790161666.9333668,,0.07639503479003906,13.089855940878337,,51.56340007670224,,2,,,0,0,,,no_face,0,0.0039000296965241432,1,,0,,0,51.489599980413914,1,search_360,0.006300047971308231,1
1790161666.951287,,0.017920255661010742,55.802775301677684,,0.08380005601793528,,2,,,0,0,,,no_face,0,0.003600027412176132,1,,0,,0,,0,search_360,0.0069999368861317635,1
1790161667.02533,,0.07404303550720215,13.505659150113184,,53.42330003622919,,2,,,0,0,,,no_face,0,0.003700028173625469,1,4.800599999725819,1,,0,48.549999948590994,1,search_360,0.006400048732757568,1
1790161667.0432146,,0.017884492874145508,55.91436151067148,,0.09410001803189516,,2,,,0,0,,,no_face,0,0.0039000296965241432,1,,0,,0,,0,search_360,0.0068999361246824265,1
1790161667.1123092,,0.06909465789794922,14.472898924790549,,53.3948999363929,,2,,,0,0,,,no_face,0,0.0036999117583036423,1,,0,,0,53.31240000668913,1,search_360,0.007200054824352264,1
1790161667.1301756,,0.01786637306213379,55.971069031319644,,0.11829996947199106,,2,,,0,0,,,no_face,0,0.004800036549568176,1,,0,,0,,0,search_360,0.011199968867003918,1
1790161667.1940641,,0.0638885498046875,15.652256985908766,,53.69910004083067,,2,,,0,0,,,no_face,0,0.003500026650726795,1,4.990500048734248,1,,0,48.63189999014139,1,search_360,0.006800051778554916,1
1790161667.2103357,,0.016271591186523438,61.456804595006446,,0.09079999290406704,,2,,,0,0,,,no_face,0,0.0039000296965241432,1,,0,,0,,0,search_360,0.006299931555986404,1
1790161667.2846625,,0.07432675361633301,13.454105706834666,,58.444300084374845,,2,,,0,0,,,no_face,0,0.003500026650726795,1,,0,,0,58.368600090034306,1,search_360,0.006600050255656242,1
1790161667.3028746,,0.018212080001831055,54.90861010381347,,0.08919998072087765,,2,,,0,0,,,no_face,0,0.003300025127828121,1,,0,,0,,0,search_360,0.0068999361246824265,1
1790161667.369195,,0.06632041931152344,15.07831238675908,,60.385300079360604,,2,,,0,0,,,no_face,0,0.004300032742321491,1,5.831200047396123,1,,0,54.48739998973906,1,search_360,0.00600004568696022,1
1790161667.3871806,,0.01798558235168457,55.60009014144253,,0.08219992741942406,,2,,,0,0,,,no_face,0,0.003500026650726795,1,,0,,0,,0,search_360,0.006399932317435741,1
1790161667.4693382,,0.08215761184692383,12.171726727685334,,60.70819997694343,,2,,,0,0,,,no_face,0,0.005600042641162872,1,,0,,0,60.61679997947067,1,search_360,0.01009996049106121,1
1790161667.486327,,0.016988754272460938,58.86246772201639,,0.07730000652372837,,2,,,0,0,,,no_face,0,0.003300025127828121,1,,0,,0,,0,search_360,0.005999929271638393,1
1790161667.551223,,0.0648961067199707,15.4092448768158,,57.80750000849366,,2,,,0,0,,,no_face,0,0.003600027412176132,1,4.7672000946477056,1,,0,52.969399956054986,1,search_360,0.0067999353632330894,1
1790161667.5691602,,0.017937183380126953,55.75011298083314,,0.09240000508725643,,2,,,0,0,,,no_face,0,0.0034999102354049683,1,,0,,0,,0,search_360,0.007700058631598949,1
1790161667.6268153,,0.05765509605407715,17.344520579101243,,58.74410003889352,,2,,,0,0,,,no_face,0,0.0039000296965241432,1,,0,,0,58.66310000419617,1,search_360,0.007899943739175797,1
1790161667.6447585,,0.017943143844604492,55.7315935635605,,0.07810001261532307,,2,,,0,0,,,no_face,0,0.0031999079510569572,1,,0,,0,,0,search_360,0.006600050255656242,1
1790161667.7137477,,0.06898927688598633,14.49500625514062,,63.334799953736365,,2,,,0,0,,,no_face,0,0.0038999132812023163,1,5.245800013653934,1,,0,58.01489995792508,1,search_360,0.006800051778554916,1
1790161667.7307105,,0.016962766647338867,58.952647335797714,,0.08210004307329655,,2,,,0,0,,,no_face,0,0.003800028935074806,1,,0,,0,,0,search_360,0.006399932317435741,1
1790161667.8111994,,0.08048892021179199,12.424070261704113,,55.041100014932454,,2,,,0,0,,,no_face,0,0.003800028935074806,1,,0,,0,54.96330000460148,1,search_360,0.007600057870149612,1
1790161667.8281834,,0.016983985900878906,58.87899376719636,,0.08130003698170185,,2,,,0,0,,,no_face,0,0.003600027412176132,1,,0,,0,,0,search_360,0.0070999376475811005,1
1790161667.901428,,0.07324457168579102,13.652888903356011,,57.690100045874715,,2,,,0,0,,,no_face,0,0.007899943739175797,1,5.157700041308999,1,,0,52.425800007767975,1,search_360,0.00900006853044033,1
1790161667.9193344,,0.01790642738342285,55.845869116570135,,0.08390005677938461,,2,,,0,0,,,no_face,0,0.003400025889277458,1,,0,,0,,0,search_360,0.006499933078885078,1
1790161667.9856622,,0.06632781028747559,15.076632194939593,,53.86360001284629,,2,,,0,0,,,no_face,0,0.003500026650726795,1,,0,,0,53.79400006495416,1,search_360,0.0066999346017837524,1
1790161668.0127926,,0.0271303653717041,36.85906865975939,,0.11020002420991659,,2,,,0,0,,,no_face,0,0.005599926225841045,1,,0,,0,,0,search_360,0.010100076906383038,1
1790161668.0856326,,0.07283997535705566,13.728725127899631,,59.055499965325,,2,,,0,0,,,no_face,0,0.003200024366378784,1,5.357899935916066,1,,0,53.6320999963209,1,search_360,0.005899928510189056,1
1790161668.115969,,0.030336380004882812,32.963722099968564,,0.08260004688054323,,2,,,0,0,,,no_face,0,0.0039000296965241432,1,,0,,0,,0,search_360,0.0066999346017837524,1
1790161668.1857815,,0.06981253623962402,14.324074927855472,,53.70349995791912,,2,,,0,0,,,no_face,0,0.003700028173625469,1,,0,,0,53.6324999993667,1,search_360,0.00700005330145359,1
1790161668.2121212,,0.02633976936340332,37.965404563845865,,0.07759989239275455,,2,,,0,0,,,no_face,0,0.003500026650726795,1,,0,,0,,0,search_360,0.006200047209858894,1
1790161668.285993,,0.07387185096740723,13.536956051652298,,58.768599992617965,,2,,,0,0,,,no_face,0,0.0039000296965241432,1,5.264400038868189,1,,0,53.43869992066175,1,search_360,0.006299931555986404,1
1790161668.3029459,,0.0169527530670166,58.98746923563744,,0.07789989467710257,,2,,,0,0,,,no_face,0,0.003200024366378784,1,,0,,0,,0,search_360,0.00600004568696022,1
1790161668.3702238,,0.06727790832519531,14.863720125875316,,50.434499979019165,,2,,,0,0,,,no_face,0,0.00409991480410099,1,,0,,0,50.35999999381602,1,search_360,0.007300055585801601,1
1790161668.3880143,,0.017790555953979492,56.20959809163886,,0.07770000956952572,,2,,,0,0,,,no_face,0,0.003300025127828121,1,,0,,0,,0,search_360,0.006500049494206905,1
1790161668.4701974,,0.0821831226348877,12.167948453877418,,61.09420000575483,,2,,,0,0,,,no_face,0,0.004300032742321491,1,6.815499975346029,1,,0,54.19369996525347,1,search_360,0.008499948307871819,1
1790161668.4881074,,0.017910003662109375,55.834717784877526,,0.08409994188696146,,2,,,0,0,,,no_face,0,0.0033999094739556313,1,,0,,0,,0,search_360,0.006700051017105579,1
1790161668.5859363,,0.09782886505126953,10.221931936713426,,74.02499997988343,,3,,,0,0,,,no_face,0,0.003500026650726795,1,,0,,0,73.95509991329163,1,search_360,0.0066999346017837524,1
1790161668.616132,,0.03019571304321289,33.117283853138574,,0.12400001287460327,,3,,,0,0,,,no_face,0,0.005600042641162872,1,,0,,0,,0,search_360,0.010999967344105244,1
1790161668.6975327,,0.08140063285827637,12.284916773817509,,63.2746999617666,,2,,,0,0,,,no_face,0,0.0034999102354049683,1,5.204000044614077,1,,0,58.00149997230619,1,search_360,0.006600050255656242,1
1790161668.7154403,,0.01790761947631836,55.84215151111703,,0.07469998672604561,,2,,,0,0,,,no_face,0,0.003300025127828121,1,,0,,0,,0,search_360,0.005800044164061546,1
1790161668.7993975,,0.08395719528198242,11.910831425958847,,70.17760002054274,,3,,,0,0,,,no_face,0,0.0039000296965241432,1,,0,,0,70.10729995090514,1,search_360,0.006900052540004253,1
1790161668.8174253,,0.018027782440185547,55.469939429206235,,0.07790001109242439,,3,,,0,0,,,no_face,0,0.003600027412176132,1,,0,,0,,0,search_360,0.006800051778554916,1
1790161668.8860776,,0.06865239143371582,14.566134975290764,,58.438400039449334,,2,,,0,0,,,no_face,0,0.00400003045797348,1,5.455399979837239,1,,0,52.91520000901073,1,search_360,0.006200047209858894,1
1790161668.903092,,0.017014265060424805,58.77421072544596,,0.09089999366551638,,2,,,0,0,,,no_face,0,0.004200031980872154,1,,0,,0,,0,search_360,0.0069999368861317635,1
1790161668.9678352,,0.0647432804107666,15.445618350745526,,49.12250000052154,,2,,,0,0,,,no_face,0,0.003800028935074806,1,,0,,0,49.04730000998825,1,search_360,0.0067999353632330894,1
1790161668.9873788,,0.01954364776611328,51.167520616795976,,0.07970002479851246,,2,,,0,0,,,no_face,0,0.0034999102354049683,1,,0,,0,,0,search_360,0.006400048732757568,1
1790161669.070438,,0.08305907249450684,12.039623968424829,,59.18180011212826,,2,,,0,0,,,no_face,0,0.00400003045797348,1,5.372299929149449,1,,0,53.73610008973628,1,search_360,0.007500057108700275,1
1790161669.0884342,,0.01799631118774414,55.56694311226518,,0.12129999231547117,,2,,,0,0,,,no_face,0,0.005600042641162872,1,,0,,0,,0,search_360,0.01079996582120657,1
1790161669.170512,,0.0820777416229248,12.183571090370913,,58.56039992067963,,2,,,0,0,,,no_face,0,0.0033999094739556313,1,,0,,0,58.48879995755851,1,search_360,0.007500057108700275,1
1790161669.18763,,0.017117977142333984,58.41811749630909,,0.07840001489967108,,2,,,0,0,,,no_face,0,0.003700028173625469,1,,0,,0,,0,search_360,0.006500049494206905,1
1790161669.2606416,,0.07301163673400879,13.696446823170593,,54.818599950522184,,2,,,0,0,,,no_face,0,0.003999914042651653,1,5.342700053006411,1,,0,49.404499935917556,1,search_360,0.00700005330145359,1
1790161669.2885964,,0.027954816818237305,35.77201047325823,,0.0961000332608819,,2,,,0,0,,,no_face,0,0.003500026650726795,1,,0,,0,,0,search_360,0.006900052540004253,1
1790161669.3534307,,0.0648343563079834,15.42392115762958,,50.77750002965331,,2,,,0,0,,,no_face,0,0.00400003045797348,1,,0,,0,50.700000021606684,1,search_360,0.0075999414548277855,1
1790161669.3713129,,0.017882108688354492,55.921816460674904,,0.07539999205619097,,2,,,0,0,,,no_face,0,0.003500026650726795,1,,0,,0,,0,search_360,0.006200047209858894,1
1790161669.4470582,,0.0757453441619873,13.202131577373551,,62.494599958881736,,2,,,0,0,,,no_face,0,0.003400025889277458,1,5.943299969658256,1,,0,56.489699985831976,1,search_360,0.006399932317435741,1
1790161669.464957,,0.0178987979888916,55.86967351777603,,0.19459996838122606,,2,,,0,0,,,no_face,0,0.009500072337687016,1,,0,,0,,0,search_360,0.016700010746717453,1
1790161669.5353246,,0.07036757469177246,14.211090894922123,,54.67820004560053,,2,,,0,0,,,no_face,0,0.003400025889277458,1,,0,,0,54.61460002698004,1,search_360,0.0065999338403344154,1
1790161669.5532732,,0.017948627471923828,55.714566563056245,,0.07429998368024826,,2,,,0,0,,,no_face,0,0.0035999109968543053,1,,0,,0,,0,search_360,0.00700005330145359,1
1790161669.6164606,,0.0631873607635498,15.825949808887396,,57.903300039470196,,2,,,0,0,,,no_face,0,0.00400003045797348,1,4.653200041502714,1,,0,53.192000021226704,1,search_360,0.0070999376475811005,1
1790161669.6499784,,0.03351783752441406,29.834860297046607,,0.07529999129474163,,2,,,0,0,,,no_face,0,0.0033999094739556313,1,,0,,0,,0,search_360,0.006800051778554916,1
1790161669.7155316,,0.06555318832397461,15.254788143298782,,53.104299935512245,,2,,,0,0,,,no_face,0,0.0033999094739556313,1,,0,,0,53.043299936689436,1,search_360,0.006700051017105579,1
1790161669.7345057,,0.01897406578063965,52.703517082794065,,0.10629999451339245,,2,,,0,0,,,no_face,0,0.005699926987290382,1,,0,,0,,0,search_360,0.010300078429281712,1
1790161669.8168805,,0.08237481117248535,12.139633290401008,,62.01160000637174,,2,,,0,0,,,no_face,0,0.003999914042651653,1,5.16629999037832,1,,0,56.78560002706945,1,search_360,0.006800051778554916,1
1790161669.835953,,0.019072532653808594,52.43142157107855,,0.07310009095817804,,2,,,0,0,,,no_face,0,0.003800028935074806,1,,0,,0,,0,search_360,0.007100054062902927,1
1790161669.9027824,,0.06682944297790527,14.963464536590761,,62.385400058701634,,2,,,0,0,,,no_face,0,0.004500034265220165,1,,0,,0,62.31030006892979,1,search_360,0.008199946023523808,1
1790161669.9372728,,0.034490346908569336,28.99361965395436,,0.07469998672604561,,2,,,0,0,,,no_face,0,0.003200024366378784,1,,0,,0,,0,search_360,0.0068999361246824265,1
1790161670.0021746,,0.06490182876586914,15.407886326400165,,53.65510005503893,,2,,,0,0,,,no_face,0,0.003400025889277458,1,4.868100048042834,1,,0,48.72970003634691,1,search_360,0.0065999338403344154,1
1790161670.0200992,,0.01792454719543457,55.78941487875926,,0.19639998208731413,,2,,,0,0,,,no_face,0,0.004200031980872154,1,,0,,0,,0,search_360,0.0075999414548277855,1
1790161670.100242,,0.08014273643493652,12.477737153532871,,60.40789990220219,,2,,,0,0,,,no_face,0,0.00300002284348011,1,,0,,0,60.35009992774576,1,search_360,0.006600050255656242,1
1790161670.117353,,0.01711106300354004,58.441722749376474,,0.07209996692836285,,2,,,0,0,,,no_face,0,0.003300025127828121,1,,0,,0,,0,search_360,0.006399932317435741,1
1790161670.187686,,0.07033300399780273,14.218076054752913,,52.75499995332211,,2,,,0,0,,,no_face,0,0.003500026650726795,1,4.8825000412762165,1,,0,47.8098999010399,1,hover,0.01279998105019331,1
1790161670.2043393,,0.01665329933166504,60.048161033085655,,0.07250008638948202,,2,,,0,0,,,no_face,0,0.003700028173625469,1,,0,,0,,0,hover,0.009699957445263863,1
1790161670.2721884,,0.06784915924072266,14.7385761473048,,54.141700034961104,,2,,,0,0,,,no_face,0,0.003700028173625469,1,,0,,0,54.072399972938,1,hover,0.009300070814788342,1
1790161670.2911465,,0.018958091735839844,52.74792494592283,,0.08140003774315119,,2,,,0,0,,,no_face,0,0.003800028935074806,1,,0,,0,,0,hover,0.010299962013959885,1
1790161670.3639302,,0.0727837085723877,13.739338371380747,,55.26089994236827,,2,,,0,0,,,no_face,0,0.0038999132812023163,1,5.233400035649538,1,,0,49.960299977101386,1,hover,0.010100076906383038,1
1790161670.3748477,,0.010917425155639648,91.59668930575877,,0.08190004155039787,,2,,,0,0,,,no_face,0,0.003700028173625469,1,,0,,0,,0,hover,0.0097999582067132,1
1790161670.4509528,,0.07610511779785156,13.13972080900228,,57.07020009867847,,2,,,0,0,,,no_face,0,0.003800028935074806,1,,0,,0,56.981700006872416,1,hover,0.0097999582067132,1
1790161670.4689195,,0.017966747283935547,55.65837734547095,,0.07559999357908964,,2,,,0,0,,,no_face,0,0.003700028173625469,1,,0,,0,,0,hover,0.009399955160915852,1
1790161670.5363204,,0.06740093231201172,14.83659002476123,,60.48089999239892,,2,,,0,0,,,no_face,0,0.003999914042651653,1,4.9486999632790685,1,,0,55.46390009112656,1,hover,0.009800074622035027,1
1790161670.5688179,,0.032497406005859375,30.771686817701607,,0.07660000119358301,,2,,,0,0,,,no_face,0,0.003200024366378784,1,,0,,0,,0,hover,0.008899951353669167,1
1790161670.6362462,,0.0674283504486084,14.830557077948482,,59.965900029055774,,1,,,0,0,,,no_face,0,0.0039000296965241432,1,,0,,0,59.885900001972914,1,hover,0.010399962775409222,1
1790161670.6541445,,0.0178983211517334,55.87116196667155,,0.08319993503391743,,1,,,0,0,,,no_face,0,0.004100031219422817,1,,0,,0,,0,hover,0.010400079190731049,1
1790161670.7164447,,0.06230020523071289,16.051311489211884,,44.29660004097968,,1,,,0,0,,,no_face,0,0.004100031219422817,1,4.613299970515072,1,,0,39.61790003813803,1,hover,0.00900006853044033,1
1790161670.7344415,,0.017996788024902344,55.565470828254995,,0.07890001870691776,,1,,,0,0,,,no_face,0,0.003300025127828121,1,,0,,0,,0,hover,0.008499948307871819,1
1790161670.7881334,,0.053691864013671875,18.624795737122557,,36.587400012649596,,1,,,0,0,,,no_face,0,0.003500026650726795,1,,0,,0,36.51540004648268,1,hover,0.008499948307871819,1
1790161670.8055751,,0.017441749572753906,57.333697851167365,,0.09620003402233124,,1,,,0,0,,,no_face,0,0.003300025127828121,1,,0,,0,,0,hover,0.009899958968162537,1
1790161670.8537676,,0.048192501068115234,20.750116259511017,,39.75770005490631,,1,,,0,0,,,no_face,0,0.003800028935074806,1,5.1102000288665295,1,,0,34.577200072817504,1,hover,0.009899958968162537,1
1790161670.8707764,,0.01700878143310547,58.793159517802074,,0.13299996498972178,,1,,,0,0,,,no_face,0,0.004800036549568176,1,,0,,0,,0,hover,0.016299891285598278,1
1790161670.92196,,0.05118370056152344,19.53746972237749,,39.9577000644058,,1,,,0,0,,,no_face,0,0.003700028173625469,1,,0,,0,39.88240007311106,1,hover,0.009599956683814526,1
1790161670.9389212,,0.016961097717285156,58.958448130447,,0.07660000119358301,,1,,,0,0,,,no_face,0,0.003300025127828121,1,,0,,0,,0,hover,0.00909995287656784,1
1790161670.9886744,,0.04975318908691406,20.099214107724745,,39.974400075152516,,1,,,0,0,,,no_face,0,0.005300040356814861,1,6.150600034743547,1,,0,33.74990005977452,1,hover,0.018700025975704193,1
1790161671.00774,,0.01906561851501465,52.45043580476947,,0.09039998985826969,,1,,,0,0,,,no_face,0,0.006399932317435741,1,,0,,0,,0,hover,0.01309998333454132,1
1790161671.0559294,,0.048189401626586914,20.75145086359161,,34.630100009962916,,1,,,0,0,,,no_face,0,0.004300032742321491,1,,0,,0,34.557700040750206,1,hover,0.00879995059221983,1
1790161671.0738187,,0.01788926124572754,55.89945757200165,,0.16579998191446066,,1,,,0,0,,,no_face,0,0.003700028173625469,1,,0,,0,,0,hover,0.011299969628453255,1
1790161671.1304734,,0.05665469169616699,17.65078884133537,,43.96519996225834,,1,,,0,0,,,no_face,0,0.003800028935074806,1,5.3530000150203705,1,,0,38.5406999848783,1,hover,0.009600073099136353,1
1790161671.1473715,,0.016898155212402344,59.17805745245217,,0.08590007200837135,,1,,,0,0,,,no_face,0,0.003500026650726795,1,,0,,0,,0,hover,0.009699957445263863,1
1790161671.2050288,,0.05765724182128906,17.343875086837144,,39.99940003268421,,1,,,0,0,,,no_face,0,0.003700028173625469,1,,0,,0,39.92030001245439,1,hover,0.009999959729611874,1
1790161671.2324777,,0.02744889259338379,36.431342233494604,,0.0849999487400055,,1,,,0,0,,,no_face,0,0.003400025889277458,1,,0,,0,,0,hover,0.0100000761449337,1
1790161671.28933,,0.05685234069824219,17.589425302781226,,48.5375999705866,,1,,,0,0,,,no_face,0,0.0036999117583036423,1,6.037999992258847,1,,0,42.43150004185736,1,hover,0.008900067768990993,1
1790161671.3073184,,0.01798844337463379,55.591247067555564,,0.08549995254725218,,1,,,0,0,,,no_face,0,0.003600027412176132,1,,0,,0,,0,hover,0.009999959729611874,1
1790161671.353703,,0.046384572982788086,21.55889201289122,,42.859300039708614,,1,,,0,0,,,no_face,0,0.003400025889277458,1,,0,,0,42.78300004079938,1,hover,0.009499955922365189,1
1790161671.3916898,,0.03798675537109375,26.324964852379996,,0.08679996244609356,,1,,,0,0,,,no_face,0,0.003500026650726795,1,,0,,0,,0,hover,0.010499963536858559,1
1790161671.4433713,,0.0516815185546875,19.34927664599941,,39.99560000374913,,1,,,0,0,,,no_face,0,0.0036999117583036423,1,5.921700038015842,1,,0,34.002000000327826,1,hover,0.009500072337687016,1
1790161671.4611938,,0.0178225040435791,56.10883844126657,,0.08070003241300583,,1,,,0,0,,,no_face,0,0.003500026650726795,1,,0,,0,,0,hover,0.008999952115118504,1
1790161671.5228982,,0.061704397201538086,16.206300447824056,,35.22909991443157,,1,,,0,0,,,no_face,0,0.003200024366378784,1,,0,,0,35.15869996044785,1,hover,0.008800067007541656,1
1790161671.5407543,,0.017856121063232422,56.00320452906775,,0.0836000544950366,,1,,,0,0,,,no_face,0,0.003300025127828121,1,,0,,0,,0,hover,0.009599956683814526,1
1790161671.5893168,,0.04856252670288086,20.59200926916921,,42.61750006116927,,1,,,0,0,,,no_face,0,0.004200031980872154,1,5.30560000333935,1,,0,37.23910008557141,1,hover,0.009899958968162537,1
1790161671.6072526,,0.017935752868652344,55.75455947253682,,0.1194000942632556,,1,,,0,0,,,no_face,0,0.00500003807246685,1,,0,,0,,0,hover,0.012699980288743973,1
1790161671.6576946,,0.05044198036193848,19.824756935089734,,35.18090001307428,,1,,,0,0,,,no_face,0,0.003700028173625469,1,,0,,0,35.10209999512881,1,hover,0.010199961252510548,1
1790161671.6750777,,0.017383098602294922,57.527143053079136,,0.08599995635449886,,1,,,0,0,,,no_face,0,0.003700028173625469,1,,0,,0,,0,hover,0.010200077667832375,1
1790161671.7174785,,0.04240083694458008,23.584440121006285,,38.504399941302836,,1,,,0,0,,,no_face,0,0.004100031219422817,1,5.033700028434396,1,,0,33.400599961169064,1,hover,0.00909995287656784,1
1790161671.7597175,,0.04223895072937012,23.6748305233034,,0.08829997386783361,,1,,,0,0,,,no_face,0,0.00400003045797348,1,,0,,0,,0,hover,0.010499963536858559,1
1790161671.8092947,,0.04957723617553711,20.170547556530185,,33.15779997501522,,1,,,0,0,,,no_face,0,0.0039000296965241432,1,,0,,0,33.0796999623999,1,hover,0.009399955160915852,1
1790161671.826296,,0.01700139045715332,58.8187185348273,,0.10249996557831764,,1,,,0,0,,,no_face,0,0.00400003045797348,1,,0,,0,,0,hover,0.009499955922365189,1
1790161671.8743753,,0.04807925224304199,20.798992358387178,,38.754899986088276,,1,,,0,0,,,no_face,0,0.0036999117583036423,1,4.8964000307023525,1,,0,33.790200017392635,1,hover,0.009200070053339005,1
1790161671.8927472,,0.0183718204498291,54.43118730290564,,0.11589995119720697,,1,,,0,0,,,no_face,0,0.004999921657145023,1,,0,,0,,0,hover,0.01680001150816679,1
1790161671.942882,,0.050134897232055664,19.94618629357859,,35.42680002283305,,1,,,0,0,,,no_face,0,0.004200031980872154,1,,0,,0,35.350500023923814,1,hover,0.009399955160915852,1
1790161671.9607687,,0.017886638641357422,55.90765375489856,,0.09099999442696571,,1,,,0,0,,,no_face,0,0.003800028935074806,1,,0,,0,,0,hover,0.01109996810555458,1
1790161672.0095758,,0.04880714416503906,20.488803782875454,,41.69639991596341,,1,,,0,0,,,no_face,0,0.0038999132812023163,1,6.783099961467087,1,,0,34.8357999464497,1,hover,0.009900075383484364,1
1790161672.027562,,0.017986059188842773,55.59861610042551,,0.11350004933774471,,1,,,0,0,,,no_face,0,0.005600042641162872,1,,0,,0,,0,hover,0.01409999094903469,1
1790161672.074631,,0.04706907272338867,21.245372856115328,,32.17170003335923,,1,,,0,0,,,no_face,0,0.003800028935074806,1,,0,,0,32.09740004967898,1,hover,0.00909995287656784,1
1790161672.091635,,0.017004013061523438,58.80964666292765,,0.08389994036406279,,1,,,0,0,,,no_face,0,0.0036999117583036423,1,,0,,0,,0,hover,0.010200077667832375,1
1790161672.1506176,,0.05898261070251465,16.954149504226102,,40.07430002093315,,1,,,0,0,,,no_face,0,0.004200031980872154,1,5.1024999702349305,1,,0,34.90400000009686,1,hover,0.009499955922365189,1
1790161672.1686075,,0.0179898738861084,55.58682658538201,,0.0790000194683671,,1,,,0,0,,,no_face,0,0.0037999125197529793,1,,0,,0,,0,hover,0.009400071576237679,1
1790161672.2150912,,0.046483755111694336,21.512891925300178,,32.63859997969121,,1,,,0,0,,,no_face,0,0.003300025127828121,1,,0,,0,32.5696999207139,1,hover,0.008599949069321156,1
1790161672.2330823,,0.017991065979003906,55.58314338722502,,0.09029998909682035,,1,,,0,0,,,no_face,0,0.004300032742321491,1,,0,,0,,0,hover,0.010199961252510548,1
1790161672.2903583,,0.057276010513305664,17.459316580153434,,39.79959990829229,,1,,,0,0,,,no_face,0,0.007200054824352264,1,5.343899945728481,1,,0,34.33339996263385,1,hover,0.017900019884109497,1
1790161672.308251,,0.01789259910583496,55.88902954148733,,0.11469994205981493,,1,,,0,0,,,no_face,0,0.004400033503770828,1,,0,,0,,0,hover,0.010499963536858559,1
1790161672.3574145,,0.0491635799407959,20.340260029969883,,43.397100060246885,,1,,,0,0,,,no_face,0,0.003400025889277458,1,,0,,0,43.32510009407997,1,hover,0.008899951353669167,1
1790161672.3743901,,0.01697564125061035,58.9079366862825,,0.08020002860575914,,1,,,0,0,,,no_face,0,0.003600027412176132,1,,0,,0,,0,hover,0.009599956683814526,1
1790161672.438632,,0.06424188613891602,15.566168120244944,,46.73469997942448,,1,,,0,0,,,no_face,0,0.0036999117583036423,1,5.360400071367621,1,,0,41.303399950265884,1,hover,0.009200070053339005,1
1790161672.4584846,,0.019852638244628906,50.371138972954796,,0.15139998868107796,,1,,,0,0,,,no_face,0,0.020900042727589607,1,,0,,0,,0,hover,0.01409999094903469,1
1790161672.5071476,,0.04866290092468262,20.54953529276311,,31.43489989452064,,1,,,0,0,,,no_face,0,0.003100023604929447,1,,0,,0,31.336999963968992,1,hover,0.00900006853044033,1
1790161672.524054,,0.0169064998626709,59.148848556641425,,0.07650000043213367,,1,,,0,0,,,no_face,0,0.003300025127828121,1,,0,,0,,0,hover,0.00879995059221983,1
1790161672.574751,,0.05069684982299805,19.725091470010064,,44.78849994484335,,1,,,0,0,,,no_face,0,0.003600027412176132,1,4.62549994699657,1,,0,40.0939000537619,1,hover,0.009100069291889668,1
1790161672.5917315,,0.016980648040771484,58.890567521271514,,0.0727999722585082,,1,,,0,0,,,no_face,0,0.003700028173625469,1,,0,,0,,0,hover,0.009500072337687016,1
1790161672.6423519,,0.050620317459106445,19.754913643278684,,33.733900054357946,,1,,,0,0,,,no_face,0,0.003600027412176132,1,,0,,0,33.65820006001741,1,hover,0.009599956683814526,1
1790161672.6602485,,0.017896652221679688,55.8763721624214,,0.08100003469735384,,1,,,0,0,,,no_face,0,0.003500026650726795,1,,0,,0,,0,hover,0.00909995287656784,1
1790161672.718716,,0.05846738815307617,17.103551767728256,,48.87820000294596,,1,,,0,0,,,no_face,0,0.004700035788118839,1,5.255299969576299,1,,0,43.543800013139844,1,hover,0.010599964298307896,1
1790161672.7366462,,0.017930269241333008,55.771610930124325,,0.1265000319108367,,1,,,0,0,,,no_face,0,0.005699926987290382,1,,0,,0,,0,hover,0.014899997040629387,1
1790161672.790426,,0.05377984046936035,18.59432812132873,,36.901600076816976,,1,,,0,0,,,no_face,0,0.003400025889277458,1,,0,,0,36.83250001631677,1,hover,0.008399947546422482,1
1790161672.8083308,,0.01790475845336914,55.851074595861405,,0.24550000671297312,,1,,,0,0,,,no_face,0,0.009199953638017178,1,,0,,0,,0,hover,0.028999987989664078,1
1790161672.8751667,,0.06683588027954102,14.962023329647202,,46.73850000835955,,1,,,0,0,,,no_face,0,0.0071999384090304375,1,7.0853999350219965,1,,0,39.556600037030876,1,hover,0.017000013031065464,1
1790161672.8922184,,0.01705169677734375,58.645190156599554,,0.08159992285072803,,1,,,0,0,,,no_face,0,0.004100031219422817,1,,0,,0,,0,hover,0.009400071576237679,1
1790161672.9625218,,0.07030344009399414,14.224055020110285,,56.55740003567189,,1,,,0,0,,,no_face,0,0.003400025889277458,1,,0,,0,56.4860999584198,1,hover,0.008800067007541656,1
1790161672.9920492,,0.02952742576599121,33.86681954346896,,0.08049991447478533,,1,,,0,0,,,no_face,0,0.0036999117583036423,1,,0,,0,,0,hover,0.009100069291889668,1
1790161673.060526,,0.06847667694091797,14.60351238806178,,49.3510999949649,,1,,,0,0,,,no_face,0,0.004199915565550327,1,5.653599975630641,1,,0,43.61460008658469,1,hover,0.011300086043775082,1
1790161673.0929365,,0.032410621643066406,30.854082683536856,,0.0782000133767724,,1,,,0,0,,,no_face,0,0.0039000296965241432,1,,0,,0,,0,hover,0.008900067768990993,1
1790161673.1362078,,0.04327130317687988,23.11000424258787,,30.69020004477352,,1,,,0,0,,,no_face,0,0.00300002284348011,1,,0,,0,30.62159998808056,1,hover,0.008599949069321156,1
1790161673.169741,,0.03353309631347656,29.821284341049996,,0.07840001489967108,,1,,,0,0,,,no_face,0,0.003200024366378784,1,,0,,0,,0,hover,0.008899951353669167,1
1790161673.2315493,,0.06180834770202637,16.179044371497014,,45.07800005376339,,1,,,0,0,,,no_face,0,0.004400033503770828,1,5.933500011451542,1,,0,39.06440001446754,1,hover,0.009999959729611874,1
1790161673.2494938,,0.0179445743560791,55.72715073407294,,0.09640003554522991,,1,,,0,0,,,no_face,0,0.003500026650726795,1,,0,,0,,0,hover,0.01009996049106121,1
1790161673.2911065,,0.04161262512207031,24.03116835495256,,35.85780004505068,,1,,,0,0,,,no_face,0,0.004300032742321491,1,,0,,0,35.75920010916889,1,hover,0.010399962775409222,1
1790161673.3090162,,0.017909765243530273,55.83546106843808,,0.10279996786266565,,1,,,0,0,,,no_face,0,0.004800036549568176,1,,0,,0,,0,hover,0.01179997343569994,1
1790161673.3753386,,0.06632232666015625,15.077878753019672,,57.83449998125434,,2,,,0,0,,,no_face,0,0.0038999132812023163,1,5.076600005850196,1,,0,52.68480000086129,1,hover,0.009800074622035027,1
1790161673.4037468,,0.028408288955688477,35.20099368039411,,0.0906999921426177,,2,,,0,0,,,no_face,0,0.003600027412176132,1,,0,,0,,0,hover,0.009199953638017178,1
1790161673.4637742,,0.060027360916137695,16.659069876436313,,36.713299923576415,,1,,,0,0,,,no_face,0,0.0037999125197529793,1,,0,,0,36.641999962739646,1,hover,0.00900006853044033,1
1790161673.4932256,,0.029451370239257812,33.95427757269607,,0.11900009121745825,,1,,,0,0,,,no_face,0,0.004400033503770828,1,,0,,0,,0,hover,0.015099998563528061,1
1790161673.5424087,,0.04918313026428223,20.332174764529373,,39.04020006302744,,1,,,0,0,,,no_face,0,0.006500049494206905,1,4.960699938237667,1,,0,33.96750008687377,1,hover,0.015099998563528061,1
1790161673.5603533,,0.0179445743560791,55.72715073407294,,0.0833999365568161,,1,,,0,0,,,no_face,0,0.0035999109968543053,1,,0,,0,,0,hover,0.009400071576237679,1
1790161673.6152341,,0.05488085746765137,18.221289647113,,37.96300000976771,,1,,,0,0,,,no_face,0,0.003500026650726795,1,,0,,0,37.87290002219379,1,hover,0.009499955922365189,1
1790161673.6322265,,0.01699233055114746,58.850079274880386,,0.08950009942054749,,1,,,0,0,,,no_face,0,0.00400003045797348,1,,0,,0,,0,hover,0.009199953638017178,1
1790161673.6909926,,0.05876612663269043,17.01660560768897,,41.45619994960725,,1,,,0,0,,,no_face,0,0.003400025889277458,1,5.040300078690052,1,,0,36.34369990322739,1,hover,0.008899951353669167,1
1790161673.70891,,0.017917394638061523,55.81168580591076,,0.08539995178580284,,1,,,0,0,,,no_face,0,0.0036999117583036423,1,,0,,0,,0,hover,0.009800074622035027,1
1790161673.7755322,,0.06662225723266602,15.009998783254723,,44.80459995102137,,1,,,0,0,,,no_face,0,0.003700028173625469,1,,0,,0,44.72169990185648,1,hover,0.01009996049106121,1
1790161673.7934551,,0.01792287826538086,55.794609838507995,,0.2221000613644719,,1,,,0,0,,,no_face,0,0.005600042641162872,1,,0,,0,,0,hover,0.014899997040629387,1
1790161673.8472307,,0.05377554893493652,18.59581203364206,,37.95399994123727,,1,,,0,0,,,no_face,0,0.0034999102354049683,1,5.3681000135838985,1,,0,32.51629997976124,1,hover,0.009400071576237679,1
1790161673.8651216,,0.01789093017578125,55.89424307036247,,0.07720000576227903,,1,,,0,0,,,no_face,0,0.003500026650726795,1,,0,,0,,0,hover,0.008800067007541656,1
1790161673.9247253,,0.05960369110107422,16.777484439751035,,39.42709998227656,,1,,,0,0,,,no_face,0,0.0039000296965241432,1,,0,,0,39.35249999631196,1,hover,0.009100069291889668,1
1790161673.9426904,,0.017965078353881836,55.66354792902549,,0.08150003850460052,,1,,,0,0,,,no_face,0,0.003700028173625469,1,,0,,0,,0,hover,0.009599956683814526,1
1790161673.9995534,,0.05686306953430176,17.586106557205213,,38.83899992797524,,1,,,0,0,,,no_face,0,0.003999914042651653,1,4.977000062353909,1,,0,33.78909989260137,1,hover,0.008900067768990993,1
1790161674.0181086,,0.018555164337158203,53.8933518361473,,0.1265000319108367,,1,,,0,0,,,no_face,0,0.006100046448409557,1,,0,,0,,0,hover,0.016300007700920105,1
1790161674.075697,,0.05758833885192871,17.36462658822653,,40.77680001500994,,1,,,0,0,,,no_face,0,0.003600027412176132,1,,0,,0,40.70020001381636,1,hover,0.010199961252510548,1
1790161674.0946903,,0.018993377685546875,52.64992970475999,,0.07890001870691776,,1,,,0,0,,,no_face,0,0.00300002284348011,1,,0,,0,,0,hover,0.008699949830770493,1
1790161674.1677587,,0.07306838035583496,13.685810402941877,,47.15790005866438,,1,,,0,0,,,no_face,0,0.003600027412176132,1,4.975600051693618,1,,0,42.106700013391674,1,hover,0.008999952115118504,1
1790161674.1938326,,0.026073932647705078,38.35248075199795,,0.08629995863884687,,1,,,0,0,,,no_face,0,0.003500026650726795,1,,0,,0,,0,hover,0.009699957445263863,1
1790161674.2488306,,0.054997920989990234,18.18250548383461,,39.648600039072335,,1,,,0,0,,,no_face,0,0.003600027412176132,1,,0,,0,39.57380005158484,1,hover,0.009299954399466515,1
1790161674.2667446,,0.0179140567779541,55.82208499141568,,0.07890001870691776,,1,,,0,0,,,no_face,0,0.0033999094739556313,1,,0,,0,,0,hover,0.00870006624609232,1
1790161674.3239334,,0.05718874931335449,17.48595680106059,,44.887600000947714,,1,,,0,0,,,no_face,0,0.004200031980872154,1,5.77819999307394,1,,0,39.02969998307526,1,hover,0.010399962775409222,1
1790161674.3564568,,0.032523393630981445,30.747098883537493,,0.12759992387145758,,1,,,0,0,,,no_face,0,0.005799927748739719,1,,0,,0,,0,hover,0.014999997802078724,1
1790161674.407102,,0.05064535140991211,19.745148807562305,,35.58340005110949,,1,,,0,0,,,no_face,0,0.003800028935074806,1,,0,,0,35.50540003925562,1,hover,0.009199953638017178,1
1790161674.4353478,,0.02824568748474121,35.40363464476538,,0.08200004231184721,,1,,,0,0,,,no_face,0,0.003700028173625469,1,,0,,0,,0,hover,0.009399955160915852,1
1790161674.4914632,,0.05611538887023926,17.820423597391287,,41.58309998456389,,1,,,0,0,,,no_face,0,0.003400025889277458,1,5.0076000625267625,1,,0,36.50349995587021,1,hover,0.009299954399466515,1
1790161674.5094736,,0.018010377883911133,55.52354350617546,,0.08700008038431406,,1,,,0,0,,,no_face,0,0.003600027412176132,1,,0,,0,,0,hover,0.009999959729611874,1
1790161674.5577607,,0.048287153244018555,20.70944201134641,,43.89659990556538,,1,,,0,0,,,no_face,0,0.004199915565550327,1,,0,,0,43.78700000233948,1,hover,0.010800082236528397,1
1790161674.5757213,,0.017960548400878906,55.67758721393299,,0.07829989772289991,,1,,,0,0,,,no_face,0,0.0035999109968543053,1,,0,,0,,0,hover,0.0100000761449337,1
1790161674.6348608,,0.05913949012756348,16.90917520328645,,41.80520004592836,,1,,,0,0,,,no_face,0,0.004200031980872154,1,4.836800042539835,1,,0,36.88939998392016,1,hover,0.008999952115118504,1
1790161674.6518047,,0.016943931579589844,59.018179771486466,,0.07860001642256975,,1,,,0,0,,,no_face,0,0.003100023604929447,1,,0,,0,,0,hover,0.008899951353669167,1
1790161674.7207828,,0.06897807121276855,14.497361007897966,,53.378800046630204,,1,,,0,0,,,no_face,0,0.006199930794537067,1,,0,,0,53.24310006108135,1,hover,0.01650000922381878,1
1790161674.7378125,,0.017029762268066406,58.72072576580613,,0.098800053820014,,1,,,0,0,,,no_face,0,0.003800028935074806,1,,0,,0,,0,hover,0.010999967344105244,1
1790161674.8195827,,0.08177018165588379,12.2293968259522,,57.724400074221194,,1,,,0,0,,,no_face,0,0.004400033503770828,1,5.6368999648839235,1,,0,52.011400111950934,1,hover,0.009699957445263863,1
1790161674.8374271,,0.017844438552856445,56.03986906272964,,0.08239992894232273,,1,,,0,0,,,no_face,0,0.0032999087125062943,1,,0,,0,,0,hover,0.00970007386058569,1
1790161674.8914797,,0.05405259132385254,18.50050063295885,,44.910899945534766,,1,,,0,0,,,no_face,0,0.0035999109968543053,1,,0,,0,44.841700000688434,1,hover,0.008900067768990993,1
1790161674.9084463,,0.016966581344604492,58.939392661917005,,0.12290000449866056,,1,,,0,0,,,no_face,0,0.006399932317435741,1,,0,,0,,0,hover,0.015300000086426735,1
1790161674.9585652,,0.05011892318725586,19.952543598428267,,44.594199978746474,,1,,,0,0,,,no_face,0,0.00409991480410099,1,4.961900063790381,1,,0,39.54849997535348,1,hover,0.00970007386058569,1
1790161674.9766133,,0.01804804801940918,55.40765399807131,,0.11989998165518045,,1,,,0,0,,,no_face,0,0.005100038833916187,1,,0,,0,,0,hover,0.01379998866468668,1
1790161675.0201814,,0.04356813430786133,22.952555024132913,,39.224499952979386,,1,,,0,0,,,no_face,0,0.00409991480410099,1,,0,,0,39.13920000195503,1,hover,0.010500079952180386,1
1790161675.0537884,,0.03360700607299805,29.755700279515885,,0.0828000484034419,,1,,,0,0,,,no_face,0,0.003600027412176132,1,,0,,0,,0,hover,0.009199953638017178,1
1790161675.1046128,,0.05082440376281738,19.675587433680626,,38.138399948365986,,1,,,0,0,,,no_face,0,0.0039000296965241432,1,4.890000098384917,1,,0,33.18049991503358,1,hover,0.008999952115118504,1
1790161675.12253,,0.017917156219482422,55.812428476380575,,0.11080002877861261,,1,,,0,0,,,no_face,0,0.003800028935074806,1,,0,,0,,0,hover,0.0097999582067132,1
1790161675.17671,,0.05417990684509277,18.457026935449093,,41.57830006442964,,1,,,0,0,,,no_face,0,0.003400025889277458,1,,0,,0,41.50400008074939,1,hover,0.009399955160915852,1
1790161675.1937122,,0.017002344131469727,58.815419348505884,,0.08610007353127003,,1,,,0,0,,,no_face,0,0.00400003045797348,1,,0,,0,,0,hover,0.010299962013959885,1
1790161675.2517066,,0.05799436569213867,17.243054356495072,,44.64420001022518,,1,,,0,0,,,no_face,0,0.003500026650726795,1,5.174999940209091,1,,0,39.40040001180023,1,hover,0.008699949830770493,1
1790161675.2696896,,0.017982959747314453,55.60819876435181,,0.08950009942054749,,1,,,0,0,,,no_face,0,0.0039000296965241432,1,,0,,0,,0,hover,0.010699965059757233,1
1790161675.3249629,,0.05527329444885254,18.09191961455013,,36.30319994408637,,1,,,0,0,,,no_face,0,0.005199923180043697,1,,0,,0,36.20599990244955,1,hover,0.012800097465515137,1
1790161675.3441162,,0.019153356552124023,52.21016991348727,,0.08350005373358727,,1,,,0,0,,,no_face,0,0.003700028173625469,1,,0,,0,,0,hover,0.009499955922365189,1
1790161675.40789,,0.06377387046813965,15.680403159779727,,47.40939999464899,,1,,,0,0,,,no_face,0,0.004100031219422817,1,5.583500023931265,1,,0,41.75059997942299,1,hover,0.009699957445263863,1
1790161675.4390743,,0.03118419647216797,32.06752500076455,,0.09330001194030046,,1,,,0,0,,,no_face,0,0.003400025889277458,1,,0,,0,,0,hover,0.0097999582067132,1
1790161675.4924667,,0.05339241027832031,18.72925374200693,,36.47669998463243,,1,,,0,0,,,no_face,0,0.0039000296965241432,1,,0,,0,36.39809996820986,1,hover,0.009399955160915852,1
1790161675.5103536,,0.017886877059936523,55.906908548045266,,0.08359993807971478,,1,,,0,0,,,no_face,0,0.003800028935074806,1,,0,,0,,0,hover,0.009299954399466515,1
1790161675.5595329,,0.0491793155670166,20.33375187251846,,37.94690000358969,,1,,,0,0,,,no_face,0,0.005399924702942371,1,4.743300029076636,1,,0,33.105900045484304,1,hover,0.013199984095990658,1
1790161675.5774844,,0.017951488494873047,55.705687040136,,0.13209995813667774,,1,,,0,0,,,no_face,0,0.005199923180043697,1,,0,,0,,0,hover,0.01650000922381878,1
1790161675.6375396,,0.06005525588989258,16.65133193060463,,43.50579995661974,,1,,,0,0,,,no_face,0,0.00809994526207447,1,,0,,0,43.3798999292776,1,hover,0.016900012269616127,1
1790161675.655574,,0.01803445816040039,55.44940641442585,,0.1306000631302595,,1,,,0,0,,,no_face,0,0.006100046448409557,1,,0,,0,,0,hover,0.015900004655122757,1
1790161675.7087958,,0.053221702575683594,18.789327503718173,,40.36780004389584,,1,,,0,0,,,no_face,0,0.003600027412176132,1,5.021400051191449,1,,0,35.27560003567487,1,hover,0.008899951353669167,1
1790161675.7395208,,0.03072500228881836,32.54678358035229,,0.08410005830228329,,1,,,0,0,,,no_face,0,0.003500026650726795,1,,0,,0,,0,hover,0.009599956683814526,1
1790161675.7932572,,0.05373644828796387,18.609343041080454,,33.68289989884943,,1,,,0,0,,,no_face,0,0.0033999094739556313,1,,0,,0,33.610899932682514,1,hover,0.009100069291889668,1
1790161675.8102412,,0.016983985900878906,58.87899376719636,,0.08899997919797897,,1,,,0,0,,,no_face,0,0.003500026650726795,1,,0,,0,,0,hover,0.010199961252510548,1
1790161675.8777866,,0.06754541397094727,14.804854115338186,,49.60949998348951,,1,,,0,0,,,no_face,0,0.003800028935074806,1,5.759999970905483,1,,0,43.77250000834465,1,hover,0.009499955922365189,1
1790161675.8957171,,0.01793050765991211,55.77086934553094,,0.1268000341951847,,1,,,0,0,,,no_face,0,0.005500041879713535,1,,0,,0,,0,hover,0.014899997040629387,1
1790161675.9459515,,0.050234317779541016,19.906710077931447,,34.640499972738326,,1,,,0,0,,,no_face,0,0.003600027412176132,1,,0,,0,34.56830000504851,1,hover,0.008499948307871819,1
1790161675.9638364,,0.01788496971130371,55.912870759181494,,0.12089998926967382,,1,,,0,0,,,no_face,0,0.00400003045797348,1,,0,,0,,0,hover,0.04930002614855766,1
1790161676.0176024,,0.05376601219177246,18.599110464678,,40.33870005514473,,1,,,0,0,,,no_face,0,0.00400003045797348,1,5.627600010484457,1,,0,34.63540005031973,1,hover,0.009299954399466515,1
1790161676.0404932,,0.022890806198120117,43.68566101800835,,0.10169995948672295,,1,,,0,0,,,no_face,0,0.0039000296965241432,1,,0,,0,,0,hover,0.009899958968162537,1
1790161676.093735,,0.053241729736328125,18.78225979795085,,35.64120002556592,,1,,,0,0,,,no_face,0,0.00409991480410099,1,,0,,0,35.56050010956824,1,hover,0.010100076906383038,1
1790161676.1221752,,0.028440237045288086,35.16145095442085,,0.08450006134808064,,1,,,0,0,,,no_face,0,0.003600027412176132,1,,0,,0,,0,hover,0.010399962775409222,1
1790161676.171291,,0.049115896224975586,20.360007184221896,,36.82239993941039,,1,,,0,0,,,no_face,0,0.0035999109968543053,1,4.802100011147559,1,,0,31.948199961334467,1,hover,0.009400071576237679,1
1790161676.1962402,,0.024949073791503906,40.08164825503612,,0.09320001117885113,,1,,,0,0,,,no_face,0,0.006399932317435741,1,,0,,0,,0,hover,0.013999990187585354,1
1790161676.2591794,,0.06293916702270508,15.888357715939481,,35.23979999590665,,1,,,0,0,,,no_face,0,0.0030999071896076202,1,,0,,0,35.17090005334467,1,hover,0.008600065484642982,1
1790161676.2770596,,0.01788020133972168,55.92778185212347,,0.1970999874174595,,1,,,0,0,,,no_face,0,0.009499955922365189,1,,0,,0,,0,hover,0.023900065571069717,1
1790161676.32676,,0.04970049858093262,20.1205225008275,,37.76450001168996,,1,,,0,0,,,no_face,0,0.0037999125197529793,1,4.906499991193414,1,,0,32.785600051283836,1,hover,0.009300070814788342,1
1790161676.3447006,,0.017940521240234375,55.73974059111205,,0.12520002201199532,,1,,,0,0,,,no_face,0,0.005499925464391708,1,,0,,0,,0,hover,0.014299992471933365,1
1790161676.39451,,0.04980945587158203,20.076509219016256,,39.401100017130375,,1,,,0,0,,,no_face,0,0.003800028935074806,1,,0,,0,39.322600001469254,1,hover,0.01009996049106121,1
1790161676.4114823,,0.01697230339050293,58.919521822804725,,0.08359993807971478,,1,,,0,0,,,no_face,0,0.003500026650726795,1,,0,,0,,0,hover,0.009499955922365189,1
1790161676.478835,,0.0673527717590332,14.84719891822243,,42.39880002569407,,1,,,0,0,,,no_face,0,0.003800028935074806,1,4.879100015386939,1,,0,37.44630003347993,1,hover,0.009199953638017178,1
1790161676.496736,,0.017900943756103516,55.86297647904957,,0.09169999975711107,,1,,,0,0,,,no_face,0,0.003800028935074806,1,,0,,0,,0,hover,0.010599964298307896,1
1790161676.5449717,,0.04823565483093262,20.731552282332007,,33.46639999654144,,1,,,0,0,,,no_face,0,0.004100031219422817,1,,0,,0,33.38679997250438,1,hover,0.009299954399466515,1
1790161676.5629306,,0.017958879470825195,55.6827613674079,,0.12839992996305227,,1,,,0,0,,,no_face,0,0.004900037311017513,1,,0,,0,,0,hover,0.012299977242946625,1
1790161676.623379,,0.060448408126831055,16.543032827296788,,41.64229996968061,,1,,,0,0,,,no_face,0,0.003800028935074806,1,5.1021999679505825,1,,0,36.46069997921586,1,hover,0.008599949069321156,1
1790161676.6422977,,0.018918752670288086,52.857607339542035,,0.13569998554885387,,1,,,0,0,,,no_face,0,0.006299931555986404,1,,0,,0,,0,hover,0.016000005416572094,1
1790161676.6944594,,0.05216169357299805,19.171156676509035,,42.30610001832247,,1,,,0,0,,,no_face,0,0.007100054062902927,1,,0,,0,42.193799978122115,1,hover,0.0171000137925148,1
1790161676.7114,,0.016940593719482422,59.02980831480283,,0.08060003165155649,,1,,,0,0,,,no_face,0,0.003200024366378784,1,,0,,0,,0,hover,0.008899951353669167,1
1790161676.7790291,,0.06762909889221191,14.786534441244179,,39.429299999028444,,1,,,0,0,,,no_face,0,0.0032999087125062943,1,5.128600052557886,1,,0,34.22919998411089,1,hover,0.00870006624609232,1
1790161676.79696,,0.017930984497070312,55.76938623550686,,0.0841999426484108,,1,,,0,0,,,no_face,0,0.003200024366378784,1,,0,,0,,0,hover,0.009899958968162537,1
1790161676.8405292,,0.043569087982177734,22.952052620634557,,36.46249999292195,,1,,,0,0,,,no_face,0,0.0038999132812023163,1,,0,,0,36.38519998639822,1,hover,0.009800074622035027,1
1790161676.857536,,0.017006874084472656,58.7997532664162,,0.08080003317445517,,1,,,0,0,,,no_face,0,0.003500026650726795,1,,0,,0,,0,hover,0.01009996049106121,1
1790161676.9102619,,0.052725791931152344,18.96604988514479,,40.82270001526922,,1,,,0,0,,,no_face,0,0.004400033503770828,1,5.485899979248643,1,,0,35.25830002035946,1,hover,0.010499963536858559,1
1790161676.9273078,,0.017045974731445312,58.664876356719255,,0.09929994121193886,,1,,,0,0,,,no_face,0,0.0036999117583036423,1,,0,,0,,0,hover,0.010300078429281712,1
1790161676.9789476,,0.05163979530334473,19.364910223322084,,34.667500061914325,,1,,,0,0,,,no_face,0,0.003500026650726795,1,,0,,0,34.591900068335235,1,hover,0.009699957445263863,1
1790161676.9968803,,0.017932653427124023,55.764195971548226,,0.08030002936720848,,1,,,0,0,,,no_face,0,0.003200024366378784,1,,0,,0,,0,hover,0.009399955160915852,1
1790161677.0572076,,0.06032729148864746,16.576245598365418,,42.88239998277277,,1,,,0,0,,,no_face,0,0.006900052540004253,1,5.632900050841272,1,,0,37.12769993580878,1,hover,0.017799902707338333,1
1790161677.0741673,,0.016959667205810547,58.96342114881772,,0.08450006134808064,,1,,,0,0,,,no_face,0,0.003700028173625469,1,,0,,0,,0,hover,0.009399955160915852,1
1790161677.1212273,,0.04706001281738281,21.249462975722448,,37.62870002537966,,1,,,0,0,,,no_face,0,0.003300025127828121,1,,0,,0,37.55330003332347,1,hover,0.008899951353669167,1
1790161677.1547072,,0.033479928970336914,29.868641623642514,,0.10710000060498714,,1,,,0,0,,,no_face,0,0.00400003045797348,1,,0,,0,,0,hover,0.010199961252510548,1
1790161677.2104177,,0.055710554122924805,17.949920185563215,,39.01079995557666,,1,,,0,0,,,no_face,0,0.003800028935074806,1,5.08929998613894,1,,0,33.84579997509718,1,hover,0.00870006624609232,1
1790161677.2271616,,0.016743898391723633,59.72324823078785,,0.10699999984353781,,1,,,0,0,,,no_face,0,0.0038999132812023163,1,,0,,0,,0,hover,0.010300078429281712,1
1790161677.279289,,0.05212736129760742,19.18378323987596,,44.3877000361681,,1,,,0,0,,,no_face,0,0.004700035788118839,1,,0,,0,44.3059999961406,1,hover,0.010299962013959885,1
1790161677.299834,,0.020545005798339844,48.67362948521561,,0.08709996473044157,,1,,,0,0,,,no_face,0,0.003500026650726795,1,,0,,0,,0,hover,0.0097999582067132,1
1790161677.363056,,0.06322193145751953,15.817295943764801,,37.5789999961853,,1,,,0,0,,,no_face,0,0.003600027412176132,1,4.9347999738529325,1,,0,32.55720005836338,1,hover,0.009400071576237679,1
1790161677.3804874,,0.01743149757385254,57.36741755912081,,0.23710005916655064,,1,,,0,0,,,no_face,0,0.006900052540004253,1,,0,,0,,0,hover,0.0171000137925148,1
1790161677.426386,,0.0458986759185791,21.787120869759445,,33.50520005915314,,1,,,0,0,,,no_face,0,0.003400025889277458,1,,0,,0,33.4297000663355,1,hover,0.009299954399466515,1
1790161677.4514186,,0.025032520294189453,39.948035125816716,,0.0942000187933445,,1,,,0,0,,,no_face,0,0.003600027412176132,1,,0,,0,,0,hover,0.010199961252510548,1
1790161677.4949732,,0.04355454444885254,22.95971666456829,,39.150599972344935,,1,,,0,0,,,no_face,0,0.003600027412176132,1,4.75170009303838,1,,0,34.32719991542399,1,hover,0.008899951353669167,1
1790161677.5128598,,0.017886638641357422,55.90765375489856,,0.08150003850460052,,1,,,0,0,,,no_face,0,0.003400025889277458,1,,0,,0,,0,hover,0.008899951353669167,1
1790161677.561989,,0.04912924766540527,20.354474117138935,,36.81740001775324,,1,,,0,0,,,no_face,0,0.008400063961744308,1,,0,,0,36.73219995107502,1,hover,0.010599964298307896,1
1790161677.5799353,,0.017946243286132812,55.72196832819641,,0.08729996625334024,,1,,,0,0,,,no_face,0,0.003700028173625469,1,,0,,0,,0,hover,0.009899958968162537,1
1790161677.6425214,,0.06258606910705566,15.97799660958839,,54.405400063842535,,1,,,0,0,,,no_face,0,0.003600027412176132,1,4.665200016461313,1,,0,49.67029998078942,1,hover,0.009299954399466515,1
1790161677.6605194,,0.01799798011779785,55.56179045953715,,0.08510006591677666,,1,,,0,0,,,no_face,0,0.003600027412176132,1,,0,,0,,0,hover,0.009299954399466515,1
1790161677.7113333,,0.050813913345336914,19.679649414204544,,35.00150004401803,,1,,,0,0,,,no_face,0,0.00400003045797348,1,,0,,0,34.92000000551343,1,hover,0.009399955160915852,1
1790161677.7403846,,0.02905130386352539,34.42186294624538,,0.11509994510561228,,1,,,0,0,,,no_face,0,0.004799920134246349,1,,0,,0,,0,hover,0.013200100511312485,1
1790161677.795969,,0.05558443069458008,17.990649314997984,,40.485600009560585,,1,,,0,0,,,no_face,0,0.0032999087125062943,1,5.087000085040927,1,,0,35.33049998804927,1,hover,0.00870006624609232,1
1790161677.8138728,,0.017903804779052734,55.854049591179056,,0.13229995965957642,,1,,,0,0,,,no_face,0,0.005499925464391708,1,,0,,0,,0,hover,0.015199999324977398,1
1790161677.8609898,,0.047116994857788086,21.22376444037384,,40.72390007786453,,1,,,0,0,,,no_face,0,0.003800028935074806,1,,0,,0,40.65530002117157,1,hover,0.008399947546422482,1
1790161677.8789198,,0.017930030822753906,55.772352534439655,,0.09220000356435776,,1,,,0,0,,,no_face,0,0.004100031219422817,1,,0,,0,,0,hover,0.009299954399466515,1
1790161677.9296036,,0.05068373680114746,19.730194794503795,,38.65560004487634,,1,,,0,0,,,no_face,0,0.003700028173625469,1,4.675199976190925,1,,0,33.91220001503825,1,hover,0.00879995059221983,1
1790161677.9474652,,0.017861604690551758,55.98601118571219,,0.139000010676682,,1,,,0,0,,,no_face,0,0.005199923180043697,1,,0,,0,,0,hover,0.017700018361210823,1
1790161677.9961479,,0.04868268966674805,20.541182232234682,,34.733799984678626,,1,,,0,0,,,no_face,0,0.003800028935074806,1,,0,,0,34.65329995378852,1,hover,0.010399962775409222,1
1790161678.0204694,,0.024321556091308594,41.11579029918049,,0.08490006439387798,,1,,,0,0,,,no_face,0,0.003400025889277458,1,,0,,0,,0,hover,0.009699957445263863,1
1790161678.0809,,0.06043052673339844,16.547927910867028,,38.32440008409321,,1,,,0,0,,,no_face,0,0.003500026650726795,1,4.792499938048422,1,,0,33.44730008393526,1,hover,0.00900006853044033,1
1790161678.0988626,,0.01796269416809082,55.67093614366679,,0.09479990694671869,,1,,,0,0,,,no_face,0,0.003800028935074806,1,,0,,0,,0,hover,0.0100000761449337,1
1790161678.1559117,,0.05704903602600098,17.52877996999344,,34.12430000025779,,1,,,0,0,,,no_face,0,0.0036999117583036423,1,,0,,0,34.04840000439435,1,hover,0.009100069291889668,1
1790161678.1755352,,0.019623517990112305,50.95926227416866,,0.11679995805025101,,1,,,0,0,,,no_face,0,0.005599926225841045,1,,0,,0,,0,hover,0.013800105080008507,1
1790161678.2291124,,0.05357718467712402,18.66466119909754,,38.87450008187443,,1,,,0,0,,,no_face,0,0.003600027412176132,1,5.141100031323731,1,,0,33.6588000645861,1,hover,0.009499955922365189,1
1790161678.2461207,,0.017008304595947266,58.794807816311085,,0.09270000737160444,,1,,,0,0,,,no_face,0,0.004199915565550327,1,,0,,0,,0,hover,0.0100000761449337,1
1790161678.296978,,0.0508573055267334,19.66285845549456,,43.29189995769411,,1,,,0,0,,,no_face,0,0.003700028173625469,1,,0,,0,43.21659996639937,1,hover,0.008899951353669167,1
1790161678.3139632,,0.016985177993774414,58.87486138599964,,0.08679996244609356,,1,,,0,0,,,no_face,0,0.0034999102354049683,1,,0,,0,,0,hover,0.009500072337687016,1
1790161678.3632326,,0.04926943778991699,20.296557964877984,,40.438099997118115,,1,,,0,0,,,no_face,0,0.003200024366378784,1,6.055900012142956,1,,0,34.31370004545897,1,hover,0.008899951353669167,1
1790161678.3822212,,0.018988609313964844,52.66315102204811,,0.08030002936720848,,1,,,0,0,,,no_face,0,0.003400025889277458,1,,0,,0,,0,hover,0.008999952115118504,1
1790161678.4296024,,0.04738116264343262,21.10543397859418,,43.50340005476028,,1,,,0,0,,,no_face,0,0.003500026650726795,1,,0,,0,43.4256000444293,1,hover,0.009600073099136353,1
1790161678.4630804,,0.0334780216217041,29.870343334496535,,0.1382000045850873,,1,,,0,0,,,no_face,0,0.004700035788118839,1,,0,,0,,0,hover,0.013499986380338669,1
1790161678.5313692,,0.06828880310058594,14.643689076334386,,44.99790002591908,,1,,,0,0,,,no_face,0,0.003300025127828121,1,4.623299930244684,1,,0,40.309600066393614,1,hover,0.008399947546422482,1
1790161678.5648413,,0.03347206115722656,29.875662430907745,,0.08480006363242865,,1,,,0,0,,,no_face,0,0.003700028173625469,1,,0,,0,,0,hover,0.009899958968162537,1
1790161678.6144333,,0.049592018127441406,20.164535297398128,,37.29629993904382,,1,,,0,0,,,no_face,0,0.0031999079510569572,1,,0,,0,37.2248999774456,1,hover,0.008800067007541656,1
1790161678.6314552,,0.017021894454956055,58.74786749772393,,0.1156999496743083,,1,,,0,0,,,no_face,0,0.005700043402612209,1,,0,,0,,0,hover,0.014699995517730713,1
1790161678.6821756,,0.0507204532623291,19.71591213564166,,40.50420003477484,,1,,,0,0,,,no_face,0,0.00400003045797348,1,5.901800002902746,1,,0,34.53090006951243,1,hover,0.00909995287656784,1
1790161678.7010763,,0.018900632858276367,52.90828129927468,,0.12009998317807913,,1,,,0,0,,,no_face,0,0.005799927748739719,1,,0,,0,,0,hover,0.014699995517730713,1
1790161678.7470021,,0.04592585563659668,21.77422687369891,,40.01749993767589,,1,,,0,0,,,no_face,0,0.0037999125197529793,1,,0,,0,39.941799943335354,1,hover,0.009300070814788342,1
1790161678.7649572,,0.01795506477355957,55.69459161587592,,0.08189992513507605,,1,,,0,0,,,no_face,0,0.0038999132812023163,1,,0,,0,,0,hover,0.009400071576237679,1
1790161678.8141508,,0.049193620681762695,20.327838978738253,,42.80789999756962,,1,,,0,0,,,no_face,0,0.004700035788118839,1,5.470100091770291,1,,0,37.22849988844246,1,hover,0.01409999094903469,1
1790161678.831525,,0.017374277114868164,57.5563514607605,,0.11669995728880167,,1,,,0,0,,,no_face,0,0.0036999117583036423,1,,0,,0,,0,hover,0.010900082997977734,1
1790161678.8827498,,0.051224708557128906,19.52182897994899,,39.266400039196014,,1,,,0,0,,,no_face,0,0.003500026650726795,1,,0,,0,39.18520000297576,1,hover,0.010299962013959885,1
1790161678.9007556,,0.018005847930908203,55.53751224808665,,0.08370005525648594,,1,,,0,0,,,no_face,0,0.003500026650726795,1,,0,,0,,0,hover,0.00909995287656784,1
1790161678.9499483,,0.04919266700744629,20.328233064668563,,40.8371000085026,,1,,,0,0,,,no_face,0,0.005100038833916187,1,6.732200039550662,1,,0,34.012399963103235,1,hover,0.011399970389902592,1
1790161678.9669242,,0.016975879669189453,58.90710935086093,,0.08549995254725218,,1,,,0,0,,,no_face,0,0.0035999109968543053,1,,0,,0,,0,hover,0.009800074622035027,1
1790161679.021935,,0.05501079559326172,18.178250091014682,,38.338699960149825,,1,,,0,0,,,no_face,0,0.004100031219422817,1,,0,,0,38.231899961829185,1,hover,0.010600080713629723,1
1790161679.0490873,,0.027152299880981445,36.829292707555865,,0.08089991752058268,,1,,,0,0,,,no_face,0,0.0032999087125062943,1,,0,,0,,0,hover,0.009300070814788342,1
1790161679.098778,,0.04969072341918945,20.124480611079658,,39.35029997956008,,1,,,0,0,,,no_face,0,0.003700028173625469,1,4.931400064378977,1,,0,34.34819995891303,1,hover,0.00909995287656784,1
1790161679.1167703,,0.017992258071899414,55.579460677135096,,0.0817000400274992,,1,,,0,0,,,no_face,0,0.003400025889277458,1,,0,,0,,0,hover,0.008999952115118504,1
1790161679.1718254,,0.05505514144897461,18.163607860799072,,34.30029994342476,,1,,,0,0,,,no_face,0,0.003600027412176132,1,,0,,0,34.22609996050596,1,hover,0.009200070053339005,1
1790161679.2018993,,0.030073881149291992,33.25144483466652,,0.08780008647590876,,1,,,0,0,,,no_face,0,0.003700028173625469,1,,0,,0,,0,hover,0.010699965059757233,1
1790161679.246792,,0.04489278793334961,22.275292893028986,,39.45769998244941,,1,,,0,0,,,no_face,0,0.00400003045797348,1,5.380399990826845,1,,0,33.98509998805821,1,hover,0.009599956683814526,1
1790161679.264793,,0.01800084114074707,55.55295956344949,,0.08839997462928295,,1,,,0,0,,,no_face,0,0.0037999125197529793,1,,0,,0,,0,hover,0.010100076906383038,1
1790161679.3158267,,0.051033735275268555,19.5948815936389,,38.52599998936057,,1,,,0,0,,,no_face,0,0.0034999102354049683,1,,0,,0,38.45049999654293,1,hover,0.008900067768990993,1
1790161679.3336434,,0.017816781997680664,56.126858381618916,,0.12869993224740028,,1,,,0,0,,,no_face,0,0.005299923941493034,1,,0,,0,,0,hover,0.014899997040629387,1
1790161679.383782,,0.05013847351074219,19.944763571347053,,44.87480001989752,,1,,,0,0,,,no_face,0,0.004399917088449001,1,5.097900051623583,1,,0,39.70299998763949,1,hover,0.009200070053339005,1
1790161679.4017227,,0.017940759658813477,55.738999853818655,,0.14070002362132072,,1,,,0,0,,,no_face,0,0.006399932317435741,1,,0,,0,,0,hover,0.016000005416572094,1
1790161679.4477148,,0.045992136001586914,21.742847515616496,,36.22880007606,,1,,,0,0,,,no_face,0,0.004200031980872154,1,,0,,0,36.139799980446696,1,hover,0.011399970389902592,1
1790161679.464723,,0.017008304595947266,58.794807816311085,,0.08569995407015085,,1,,,0,0,,,no_face,0,0.0037999125197529793,1,,0,,0,,0,hover,0.009800074622035027,1
1790161679.5168226,,0.05209946632385254,19.194054575990407,,44.50029996223748,,1,,,0,0,,,no_face,0,0.0039000296965241432,1,4.6934999991208315,1,,0,39.732699980959296,1,hover,0.009100069291889668,1
1790161679.5347755,,0.017952919006347656,55.70124833997344,,0.08099991828203201,,1,,,0,0,,,no_face,0,0.003100023604929447,1,,0,,0,,0,hover,0.009100069291889668,1
1790161679.5845757,,0.04980015754699707,20.0802577593512,,43.42190001625568,,1,,,0,0,,,no_face,0,0.004500034265220165,1,,0,,0,43.324099970050156,1,hover,0.011899974197149277,1
1790161679.6025205,,0.017944812774658203,55.72641033135812,,0.1463999506086111,,1,,,0,0,,,no_face,0,0.007999944500625134,1,,0,,0,,0,hover,0.016400008462369442,1
1790161679.6641035,,0.06158304214477539,16.238236455566827,,54.38330001197755,,1,,,0,0,,,no_face,0,0.003800028935074806,1,5.420300061814487,1,,0,48.88989997562021,1,hover,0.00909995287656784,1
1790161679.6810489,,0.016945362091064453,59.01319751245181,,0.07870001718401909,,1,,,0,0,,,no_face,0,0.003500026650726795,1,,0,,0,,0,hover,0.009499955922365189,1
1790161679.7388222,,0.05777335166931152,17.309018277559744,,39.37040001619607,,1,,,0,0,,,no_face,0,0.003800028935074806,1,,0,,0,39.295499911531806,1,hover,0.00909995287656784,1
1790161679.7655227,,0.026700496673583984,37.452486829181176,,0.12600002810359,,1,,,0,0,,,no_face,0,0.005900044925510883,1,,0,,0,,0,hover,0.013499986380338669,1
1790161679.8338723,,0.06834959983825684,14.63066356447455,,46.50309996213764,,1,,,0,0,,,no_face,0,0.003600027412176132,1,5.008799955248833,1,,0,41.42859997227788,1,hover,0.008499948307871819,1
1790161679.8524268,,0.0185544490814209,53.89542937177955,,0.08159992285072803,,1,,,0,0,,,no_face,0,0.0034999102354049683,1,,0,,0,,0,hover,0.009600073099136353,1
1790161679.9005141,,0.048087358474731445,20.795486209238792,,37.34209993854165,,1,,,0,0,,,no_face,0,0.003700028173625469,1,,0,,0,37.25930000655353,1,hover,0.009899958968162537,1
1790161679.9184403,,0.01792621612548828,55.784220886311644,,0.12129999231547117,,1,,,0,0,,,no_face,0,0.005799927748739719,1,,0,,0,,0,hover,0.014399993233382702,1
1790161679.967596,,0.04915571212768555,20.343515671229156,,39.332799962721765,,1,,,0,0,,,no_face,0,0.0036999117583036423,1,4.6159999910742044,1,,0,34.644900006242096,1,hover,0.00900006853044033,1
1790161679.9855826,,0.017986536026000977,55.597142137564454,,0.12799992691725492,,1,,,0,0,,,no_face,0,0.005700043402612209,1,,0,,0,,0,hover,0.014999997802078724,1
1790161680.0342987,,0.048716068267822266,20.527108109430824,,44.23340002540499,,1,,,0,0,,,no_face,0,0.004300032742321491,1,,0,,0,44.14859996177256,1,hover,0.010299962013959885,1
1790161680.0677164,,0.033417701721191406,29.92426015239291,,0.13910001143813133,,1,,,0,0,,,no_face,0,0.005100038833916187,1,,0,,0,,0,hover,0.01680001150816679,1
1790161680.1237428,,0.056026458740234375,17.848709743310412,,44.2240999545902,,1,,,0,0,,,no_face,0,0.0039000296965241432,1,4.939800011925399,1,,0,39.20639993157238,1,hover,0.009599956683814526,1
1790161680.1417384,,0.017995595932006836,55.569151684574514,,0.089599983766675,,1,,,0,0,,,no_face,0,0.0034999102354049683,1,,0,,0,,0,hover,0.008900067768990993,1
1790161680.185754,,0.04401564598083496,22.71919399832083,,40.49959999974817,,1,,,0,0,,,no_face,0,0.004500034265220165,1,,0,,0,40.40749999694526,1,hover,0.011599971912801266,1
1790161680.2193155,,0.03356146812438965,29.796074364019976,,0.08999998681247234,,1,,,0,0,,,no_face,0,0.0038999132812023163,1,,0,,0,,0,search_360,0.015199999324977398,1
1790161680.2669132,,0.047597646713256836,21.00944204288741,,42.11139993276447,,1,,,0,0,,,no_face,0,0.003400025889277458,1,4.915300058200955,1,,0,37.12699993047863,1,search_360,0.006700051017105579,1
1790161680.284796,,0.017882823944091797,55.919579766951976,,0.07920002099126577,,1,,,0,0,,,no_face,0,0.003500026650726795,1,,0,,0,,0,search_360,0.0068999361246824265,1
1790161680.3351676,,0.050371646881103516,19.852438066207863,,34.29119999054819,,1,,,0,0,,,no_face,0,0.003300025127828121,1,,0,,0,34.21760001219809,1,search_360,0.006299931555986404,1
1790161680.3530834,,0.017915725708007812,55.81688491429788,,0.07870001718401909,,1,,,0,0,,,no_face,0,0.0032999087125062943,1,,0,,0,,0,search_360,0.006700051017105579,1
1790161680.4054205,,0.0523371696472168,19.106879618072323,,37.13729989249259,,1,,,0,0,,,no_face,0,0.004300032742321491,1,5.392099963501096,1,,0,31.66939993388951,1,search_360,0.006900052540004253,1
1790161680.438969,,0.03354835510253906,29.807720734550003,,0.08260004688054323,,1,,,0,0,,,no_face,0,0.003700028173625469,1,,0,,0,,0,search_360,0.0066999346017837524,1
1790161680.5310564,,0.0920875072479248,10.859236283893818,,38.29649998806417,,1,,,0,0,,,no_face,0,0.006100046448409557,1,,0,,0,38.184399949386716,1,search_360,0.011399970389902592,1
1790161680.5489233,,0.017866849899291992,55.96957525454036,,0.0771000050008297,,1,,,0,0,,,no_face,0,0.003400025889277458,1,,0,,0,,0,search_360,0.006399932317435741,1
1790161680.6012177,,0.05229449272155762,19.12247251970694,,39.24620000179857,,1,,,0,0,,,no_face,0,0.006300047971308231,1,5.297399940900505,1,,0,33.8423999492079,1,search_360,0.011399970389902592,1
1790161680.6191332,,0.01791548728942871,55.81762772314121,,0.09120011236518621,,1,,,0,0,,,no_face,0,0.004300032742321491,1,,0,,0,,0,search_360,0.007300055585801601,1
1790161680.6687055,,0.04957222938537598,20.17258477979617,,39.100400055758655,,1,,,0,0,,,no_face,0,0.003600027412176132,1,,0,,0,39.02520006522536,1,search_360,0.00700005330145359,1
1790161680.686643,,0.017937421798706055,55.74937196783412,,0.08179992437362671,,1,,,0,0,,,no_face,0,0.003400025889277458,1,,0,,0,,0,search_360,0.006800051778554916,1
1790161680.7472837,,0.060640811920166016,16.490544376557917,,43.63639990333468,,1,,,0,0,,,no_face,0,0.003600027412176132,1,5.079800030216575,1,,0,38.48859993740916,1,search_360,0.006100046448409557,1
1790161680.751848,,0.0045642852783203125,219.09235269536148,,0.12159999459981918,,1,,,0,0,,,no_face,0,0.004400033503770828,1,,0,,0,,0,search_360,0.010499963536858559,1
1790161680.8012252,,0.0493772029876709,20.252260952279784,,38.62710006069392,,1,,,0,0,,,no_face,0,0.004400033503770828,1,,0,,0,38.544800016097724,1,search_360,0.00809994526207447,1
1790161680.8191674,,0.017942190170288086,55.73455584346555,,0.07619999814778566,,1,,,0,0,,,no_face,0,0.0033999094739556313,1,,0,,0,,0,search_360,0.006400048732757568,1
1790161680.8692682,,0.05010080337524414,19.95975977690851,,41.32980003487319,,1,,,0,0,,,no_face,0,0.003800028935074806,1,5.67009998485446,1,,0,35.57180007919669,1,search_360,0.0073999399319291115,1
1790161680.8867335,,0.01746535301208496,57.25621459286056,,0.12430001515895128,,1,,,0,0,,,no_face,0,0.005600042641162872,1,,0,,0,,0,search_360,0.01079996582120657,1
1790161680.9360034,,0.049269914627075195,20.296361533585287,,35.415499936789274,,1,,,0,0,,,no_face,0,0.0033999094739556313,1,,0,,0,35.34409997519106,1,search_360,0.006500049494206905,1
1790161680.9532187,,0.017215251922607422,58.08802592582334,,0.08489994797855616,,1,,,0,0,,,no_face,0,0.0035999109968543053,1,,0,,0,,0,search_360,0.006500049494206905,1
1790161681.0012808,,0.04806208610534668,20.80642104897637,,41.85890010558069,,1,,,0,0,,,no_face,0,0.0039000296965241432,1,4.964599967934191,1,,0,36.82250005658716,1,search_360,0.00700005330145359,1
1790161681.0192058,,0.017925024032592773,55.787930782224706,,0.08369993884116411,,1,,,0,0,,,no_face,0,0.003600027412176132,1,,0,,0,,0,search_360,0.0069999368861317635,1
1790161681.0695279,,0.05032205581665039,19.872002122558822,,33.46690000034869,,1,,,0,0,,,no_face,0,0.005799927748739719,1,,0,,0,33.35360006894916,1,search_360,0.01079996582120657,1
1790161681.0869977,,0.01746988296508789,57.24136801594017,,0.17840007785707712,,1,,,0,0,,,no_face,0,0.003300025127828121,1,,0,,0,,0,search_360,0.0065999338403344154,1
1790161681.1361096,,0.04911184310913086,20.361687460556336,,39.72139989491552,,1,,,0,0,,,no_face,0,0.0039000296965241432,1,5.2553999703377485,1,,0,34.3948999652639,1,search_360,0.006900052540004253,1
1790161681.1539738,,0.017864227294921875,55.97779201366645,,0.20979996770620346,,1,,,0,0,,,no_face,0,0.008399947546422482,1,,0,,0,,0,search_360,0.01650000922381878,1
1790161681.20181,,0.0478360652923584,20.904729389600227,,33.650800003670156,,1,,,0,0,,,no_face,0,0.0038999132812023163,1,,0,,0,33.573799999430776,1,search_360,0.007100054062902927,1
1790161681.2196722,,0.017862319946289062,55.98376935397758,,0.12159999459981918,,1,,,0,0,,,no_face,0,0.005899928510189056,1,,0,,0,,0,search_360,0.011299969628453255,1
1790161681.2704291,,0.05075693130493164,19.70174268401522,,39.80610007420182,,1,,,0,0,,,no_face,0,0.00400003045797348,1,5.000700009986758,1,,0,34.731200081296265,1,search_360,0.0074999406933784485,1
1790161681.288345,,0.017915964126586914,55.816142125224566,,0.089599983766675,,1,,,0,0,,,no_face,0,0.005699926987290382,1,,0,,0,,0,search_360,0.010800082236528397,1
1790161681.3388104,,0.05046534538269043,19.815578243183868,,36.640799953602254,,1,,,0,0,,,no_face,0,0.004500034265220165,1,,0,,0,36.55849990900606,1,search_360,0.0077999429777264595,1
1790161681.3567352,,0.017924785614013672,55.788672820621954,,0.07990002632141113,,1,,,0,0,,,no_face,0,0.0035999109968543053,1,,0,,0,,0,search_360,0.006500049494206905,1
1790161681.4173656,,0.06063032150268555,16.493397613860687,,45.65970005933195,,1,,,0,0,,,no_face,0,0.003800028935074806,1,5.622199969366193,1,,0,39.946100092493,1,search_360,0.0077999429777264595,1
1790161681.4352887,,0.01792311668395996,55.79386764216827,,0.1023999648168683,,1,,,0,0,,,no_face,0,0.0034999102354049683,1,,0,,0,,0,search_360,0.007200054824352264,1
1790161681.4860234,,0.050734758377075195,19.71035305948862,,39.04740000143647,,1,,,0,0,,,no_face,0,0.0036999117583036423,1,,0,,0,38.96739997435361,1,search_360,0.007500057108700275,1
1790161681.503004,,0.016980648040771484,58.890567521271514,,0.19829999655485153,,1,,,0,0,,,no_face,0,0.0039000296965241432,1,,0,,0,,0,search_360,0.0077999429777264595,1
1790161681.552194,,0.04919004440307617,20.329316879768125,,43.958700029179454,,1,,,0,0,,,no_face,0,0.003500026650726795,1,4.657199955545366,1,,0,39.235300035215914,1,search_360,0.0068999361246824265,1
1790161681.5700288,,0.01783466339111328,56.07058446072403,,0.12430001515895128,,1,,,0,0,,,no_face,0,0.003700028173625469,1,,0,,0,,0,search_360,0.007400056347250938,1
1790161681.6186934,,0.04866456985473633,20.548830555473902,,36.808500066399574,,1,,,0,0,,,no_face,0,0.00400003045797348,1,,0,,0,36.732700071297586,1,search_360,0.0071999384090304375,1
1790161681.636558,,0.017864704132080078,55.97629787801949,,0.08359993807971478,,1,,,0,0,,,no_face,0,0.004100031219422817,1,,0,,0,,0,search_360,0.007400056347250938,1
1790161681.7019358,,0.06537771224975586,15.295732530067758,,50.13740004505962,,1,,,0,0,,,no_face,0,0.005700043402612209,1,6.4891999354586005,1,,0,43.53710007853806,1,search_360,0.011499971151351929,1
1790161681.719801,,0.01786518096923828,55.97480382213207,,0.1444000517949462,,1,,,0,0,,,no_face,0,0.007400056347250938,1,,0,,0,,0,search_360,0.01680001150816679,1
1790161681.7863898,,0.0665888786315918,15.017522753800655,,47.874400042928755,,1,,,0,0,,,no_face,0,0.004200031980872154,1,,0,,0,47.78489994350821,1,search_360,0.008100061677396297,1
1790161681.7952433,,0.008853435516357422,112.95050358162331,,0.14759995974600315,,1,,,0,0,,,no_face,0,0.008499948307871819,1,,0,,0,,0,search_360,0.013999990187585354,1
1790161681.85621,,0.06096673011779785,16.402388615361755,,46.480000019073486,,1,,,0,0,,,no_face,0,0.006600050255656242,1,6.50409993249923,1,,0,39.844100014306605,1,search_360,0.012599979527294636,1
1790161681.8740466,,0.017836570739746094,56.06458856867882,,0.09590003173798323,,1,,,0,0,,,no_face,0,0.003700028173625469,1,,0,,0,,0,search_360,0.0072999391704797745,1
1790161681.952494,,0.07844734191894531,12.747404507768241,,55.5132000008598,,1,,,0,0,,,no_face,0,0.00400003045797348,1,,0,,0,55.4316999623552,1,search_360,0.007900060154497623,1
1790161681.970445,,0.017951011657714844,55.70716676406524,,0.08749996777623892,,1,,,0,0,,,no_face,0,0.004299916326999664,1,,0,,0,,0,search_360,0.007400056347250938,1
1790161682.0407186,,0.07027363777160645,14.230087294613384,,61.629400006495416,,1,,,0,0,,,no_face,0,0.006100046448409557,1,8.725399966351688,1,,0,52.78449994511902,1,search_360,0.012299977242946625,1
1790161682.063786,,0.023067474365234375,43.351083181743014,,0.4376999568194151,,1,,,0,0,,,no_face,0,0.014199991710484028,1,,0,,0,,0,search_360,0.025399960577487946,1
1790161682.133983,,0.07019686698913574,14.245650025303386,,63.575100037269294,,1,,,0,0,,,no_face,0,0.0075999414548277855,1,,0,,0,63.3139000274241,1,search_360,0.015500001609325409,1
1790161682.1394157,,0.005432844161987305,184.06565146794225,,0.15109998639672995,,1,,,0,0,,,no_face,0,0.006400048732757568,1,,0,,0,,0,search_360,0.011499971151351929,1
1790161682.2220893,,0.08267354965209961,12.095767076750933,,69.92579996585846,,1,,,0,0,,,no_face,0,0.0074999406933784485,1,7.493100012652576,1,,0,62.30719992890954,1,search_360,0.012699980288743973,1
1790161682.2441964,,0.02210712432861328,45.23428670031491,,0.15620002523064613,,1,,,0,0,,,no_face,0,0.004399917088449001,1,,0,,0,,0,search_360,0.009200070053339005,1
1790161682.3184974,,0.07430100440979004,13.458768262199133,,55.375800002366304,,1,,,0,0,,,no_face,0,0.005600042641162872,1,,0,,0,55.25650002527982,1,search_360,0.011399970389902592,1
1790161682.338544,,0.020046472549438477,49.88408796279778,,0.08919998072087765,,1,,,0,0,,,no_face,0,0.0039000296965241432,1,,0,,0,,0,search_360,0.0071999384090304375,1
1790161682.403141,,0.06459712982177734,15.480563962500923,,54.141199914738536,,1,,,0,0,,,no_face,0,0.004499917849898338,1,5.161899956874549,1,,0,48.87549998238683,1,search_360,0.008200062438845634,1
1790161682.421073,,0.01793193817138672,55.766420252087435,,0.08909997995942831,,1,,,0,0,,,no_face,0,0.00400003045797348,1,,0,,0,,0,search_360,0.0070999376475811005,1
1790161682.4739425,,0.052869558334350586,18.91447614666901,,37.389099947176874,,1,,,0,0,,,no_face,0,0.006200047209858894,1,,0,,0,37.27149998303503,1,search_360,0.011399970389902592,1
1790161682.5055337,,0.031591176986694336,31.654407824728498,,0.08629995863884687,,1,,,0,0,,,no_face,0,0.0039000296965241432,1,,0,,0,,0,search_360,0.0071999384090304375,1
1790161682.5568213,,0.05128765106201172,19.497870916156863,,42.1762999612838,,1,,,0,0,,,no_face,0,0.003800028935074806,1,5.508400034159422,1,,0,36.59539995715022,1,search_360,0.0066999346017837524,1
1790161682.5738046,,0.0169832706451416,58.88147347437283,,0.08399994112551212,,1,,,0,0,,,no_face,0,0.003600027412176132,1,,0,,0,,0,search_360,0.007100054062902927,1
1790161682.621345,,0.04754042625427246,21.034729361732005,,39.99200009275228,,1,,,0,0,,,no_face,0,0.003700028173625469,1,,0,,0,39.916699985042214,1,search_360,0.006500049494206905,1
1790161682.6392722,,0.017927169799804688,55.78125332482179,,0.09860005229711533,,1,,,0,0,,,no_face,0,0.004400033503770828,1,,0,,0,,0,search_360,0.007899943739175797,1
1790161682.7036989,,0.06442666053771973,15.521524655379777,,45.15400005038828,,1,,,0,0,,,no_face,0,0.004300032742321491,1,5.657400004565716,1,,0,39.41850003320724,1,search_360,0.007400056347250938,1
1790161682.721598,,0.017899036407470703,55.86892932306791,,0.0969999236986041,,1,,,0,0,,,no_face,0,0.005199923180043697,1,,0,,0,,0,search_360,0.010300078429281712,1
1790161682.765905,,0.04430699348449707,22.569800416494026,,36.60910006146878,,1,,,0,0,,,no_face,0,0.005800044164061546,1,,0,,0,36.49970004335046,1,search_360,0.010499963536858559,1
1790161682.8061194,,0.04021453857421875,24.866628723202428,,0.07910002022981644,,1,,,0,0,,,no_face,0,0.00400003045797348,1,,0,,0,,0,search_360,0.006499933078885078,1
1790161682.8753211,,0.06920170783996582,14.450510416774332,,48.64000005181879,,1,,,0,0,,,no_face,0,0.00400003045797348,1,5.272299982607365,1,,0,43.29860000871122,1,search_360,0.006200047209858894,1
1790161682.9062793,,0.030958175659179688,32.30164500030805,,0.12179999612271786,,1,,,0,0,,,no_face,0,0.004499917849898338,1,,0,,0,,0,search_360,0.008200062438845634,1
1790161682.9631367,,0.05685734748840332,17.587876398981873,,42.14160004630685,,1,,,0,0,,,no_face,0,0.003800028935074806,1,,0,,0,42.05930000171065,1,search_360,0.00809994526207447,1
1790161682.9811137,,0.017976999282836914,55.6266362515086,,0.09089999366551638,,1,,,0,0,,,no_face,0,0.0039000296965241432,1,,0,,0,,0,search_360,0.0075999414548277855,1
1790161683.0444927,,0.06337904930114746,15.778084572529163,,49.63979998137802,,1,,,0,0,,,no_face,0,0.004199915565550327,1,6.0526999877765775,1,,0,43.51039999164641,1,search_360,0.007600057870149612,1
1790161683.062503,,0.018010377883911133,55.52354350617546,,0.14030002057552338,,1,,,0,0,,,no_face,0,0.00609993003308773,1,,0,,0,,0,search_360,0.012500095181167126,1
1790161683.1022072,,0.039704084396362305,25.186325669094643,,36.59170004539192,,1,,,0,0,,,no_face,0,0.003700028173625469,1,,0,,0,36.51230002287775,1,search_360,0.0077999429777264595,1
1790161683.1357722,,0.03356504440307617,29.792899660467956,,0.0923000043258071,,1,,,0,0,,,no_face,0,0.0036999117583036423,1,,0,,0,,0,search_360,0.007600057870149612,1
1790161683.2045696,,0.06879734992980957,14.535443603863362,,52.63699998613447,,1,,,0,0,,,no_face,0,0.00400003045797348,1,6.254200008697808,1,,0,46.28519993275404,1,search_360,0.0077999429777264595,1
1790161683.2224724,,0.017902851104736328,55.857024903449194,,0.1534000039100647,,1,,,0,0,,,no_face,0,0.009699957445263863,1,,0,,0,,0,search_360,0.01680001150816679,1
1790161683.276175,,0.053702592849731445,18.621074829629958,,42.39560000132769,,1,,,0,0,,,no_face,0,0.003700028173625469,1,,0,,0,42.318399995565414,1,search_360,0.0069999368861317635,1
1790161683.306256,,0.03008103370666504,33.24353842861559,,0.07880001794546843,,1,,,0,0,,,no_face,0,0.003200024366378784,1,,0,,0,,0,search_360,0.006299931555986404,1
1790161683.3555589,,0.04930281639099121,20.282816950447554,,46.23470001388341,,1,,,0,0,,,no_face,0,0.003999914042651653,1,5.96500001847744,1,,0,40.1914999820292,1,search_360,0.0078000593930482864,1
1790161683.3890967,,0.033537864685058594,29.817044388204852,,0.14410004951059818,,1,,,0,0,,,no_face,0,0.006900052540004253,1,,0,,0,,0,search_360,0.01279998105019331,1
1790161683.4454062,,0.05630946159362793,17.759004822613356,,37.830399931408465,,1,,,0,0,,,no_face,0,0.004499917849898338,1,,0,,0,37.74029994383454,1,search_360,0.008200062438845634,1
1790161683.4633198,,0.0179135799407959,55.823570905703065,,0.107599887996912,,1,,,0,0,,,no_face,0,0.004200031980872154,1,,0,,0,,0,search_360,0.00800006091594696,1
1790161683.5360453,,0.07272553443908691,13.750328652965417,,54.37780008651316,,1,,,0,0,,,no_face,0,0.006700051017105579,1,5.770899937488139,1,,0,48.4591000713408,1,search_360,0.010999967344105244,1
1790161683.5539293,,0.017884016036987305,55.91585234165656,,0.09109999518841505,,1,,,0,0,,,no_face,0,0.004599918611347675,1,,0,,0,,0,search_360,0.0078000593930482864,1
1790161683.6049132,,0.05098390579223633,19.614032790565,,45.8864999236539,,1,,,0,0,,,no_face,0,0.005799927748739719,1,,0,,0,45.77659990172833,1,search_360,0.011399970389902592,1
1790161683.6384351,,0.03352189064025879,29.831252978286074,,0.10249996557831764,,1,,,0,0,,,no_face,0,0.006399932317435741,1,,0,,0,,0,search_360,0.0078000593930482864,1
1790161683.7048793,,0.06644415855407715,15.050231980680836,,48.857999965548515,,1,,,0,0,,,no_face,0,0.004699919372797012,1,6.123800063505769,1,,0,42.64889995101839,1,search_360,0.008300063200294971,1
1790161683.7227416,,0.017862319946289062,55.98376935397758,,0.0934000127017498,,1,,,0,0,,,no_face,0,0.00400003045797348,1,,0,,0,,0,search_360,0.007899943739175797,1
1790161683.781791,,0.059049367904663086,16.934982295060788,,41.28930007573217,,1,,,0,0,,,no_face,0,0.004300032742321491,1,,0,,0,41.21420008596033,1,search_360,0.0073999399319291115,1
1790161683.8072772,,0.025486230850219727,39.23687287762987,,0.13669999316334724,,1,,,0,0,,,no_face,0,0.005600042641162872,1,,0,,0,,0,search_360,0.011199968867003918,1
1790161683.861888,,0.0546107292175293,18.3114200144944,,43.88420004397631,,1,,,0,0,,,no_face,0,0.0039000296965241432,1,5.664799944497645,1,,0,38.14980003517121,1,search_360,0.0069999368861317635,1
1790161683.87974,,0.017852067947387695,56.01591944121693,,0.11220003943890333,,1,,,0,0,,,no_face,0,0.004300032742321491,1,,0,,0,,0,search_360,0.00809994526207447,1
1790161683.9391756,,0.05943560600280762,16.824931505750307,,45.840000035241246,,1,,,0,0,,,no_face,0,0.003600027412176132,1,,0,,0,45.74450000654906,1,search_360,0.0074999406933784485,1
1790161683.972767,,0.033591508865356445,29.769427863697985,,0.0825999304652214,,1,,,0,0,,,no_face,0,0.0031999079510569572,1,,0,,0,,0,search_360,0.006900052540004253,1
1790161684.0214155,,0.04864835739135742,20.55567862148731,,42.0095999725163,,1,,,0,0,,,no_face,0,0.008599949069321156,1,5.3527000127360225,1,,0,36.56619996763766,1,search_360,0.009999959729611874,1
1790161684.0392802,,0.017864704132080078,55.97629787801949,,0.15540001913905144,,1,,,0,0,,,no_face,0,0.006500049494206905,1,,0,,0,,0,search_360,0.012899981811642647,1
1790161684.1047556,,0.0654754638671875,15.272896760661851,,42.84989996813238,,1,,,0,0,,,no_face,0,0.003800028935074806,1,,0,,0,42.771399952471256,1,search_360,0.0074999406933784485,1
1790161684.1217966,,0.01704096794128418,58.68211262679259,,0.12260000221431255,,1,,,0,0,,,no_face,0,0.005900044925510883,1,,0,,0,,0,search_360,0.011199968867003918,1
1790161684.173049,,0.05125236511230469,19.511294704328087,,44.18570001143962,,1,,,0,0,,,no_face,0,0.004500034265220165,1,5.575399962253869,1,,0,38.52810000535101,1,search_360,0.00809994526207447,1
1790161684.1904757,,0.017426729202270508,57.38311466214275,,0.12430001515895128,,1,,,0,0,,,no_face,0,0.004999921657145023,1,,0,,0,,0,search_360,0.011100084520876408,1
1790161684.2480552,,0.05757951736450195,17.367286941111193,,48.93579997587949,,1,,,0,0,,,no_face,0,0.006499933078885078,1,,0,,0,48.81119995843619,1,search_360,0.014499993994832039,1
1790161684.2661,,0.018044710159301758,55.417903151218866,,0.09930005762726068,,1,,,0,0,,,no_face,0,0.004200031980872154,1,,0,,0,,0,search_360,0.009499955922365189,1
1790161684.3233378,,0.057237863540649414,17.47095258525532,,53.638999932445586,,1,,,0,0,,,no_face,0,0.004199915565550327,1,5.505500012077391,1,,0,48.05739992298186,1,search_360,0.007500057108700275,1
1790161684.341175,,0.0178372859954834,56.06234043975139,,0.08809997234493494,,1,,,0,0,,,no_face,0,0.0037999125197529793,1,,0,,0,,0,search_360,0.007400056347250938,1
1790161684.4058523,,0.06467723846435547,15.461389875993452,,47.72659996524453,,1,,,0,0,,,no_face,0,0.0036999117583036423,1,,0,,0,47.643300029449165,1,search_360,0.007900060154497623,1
1790161684.4238133,,0.01796102523803711,55.67610906098176,,0.26130001060664654,,1,,,0,0,,,no_face,0,0.01179997343569994,1,,0,,0,,0,search_360,0.016300007700920105,1
1790161684.4904935,,0.0666801929473877,14.99695720420342,,50.28259998653084,,1,,,0,0,,,no_face,0,0.004399917088449001,1,6.866200012154877,1,,0,43.33360004238784,1,search_360,0.008300063200294971,1
1790161684.5084336,,0.017940044403076172,55.74122212476411,,0.12770004104822874,,1,,,0,0,,,no_face,0,0.005300040356814861,1,,0,,0,,0,search_360,0.011399970389902592,1
1790161684.5693238,,0.06089019775390625,16.423004636010525,,40.21260002627969,,1,,,0,0,,,no_face,0,0.004600035026669502,1,,0,,0,40.12599994894117,1,search_360,0.007900060154497623,1
1790161684.5776875,,0.008363723754882812,119.56396807297605,,0.24620001204311848,,1,,,0,0,,,no_face,0,0.006299931555986404,1,,0,,0,,0,search_360,0.01309998333454132,1
1790161684.65267,,0.0749824047088623,13.336462119116437,,59.1792999766767,,1,,,0,0,,,no_face,0,0.004900037311017513,1,7.508300011977553,1,,0,51.57939996570349,1,search_360,0.008499948307871819,1
1790161684.683982,,0.031311988830566406,31.93664910303658,,0.36449998151510954,,1,,,0,0,,,no_face,0,0.015400000847876072,1,,0,,0,,0,search_360,0.03130000550299883,1
1790161684.7756526,,0.09167075157165527,10.908604793300302,,81.55089989304543,,1,,,0,0,,,no_face,0,0.006900052540004253,1,,0,,0,81.4058999530971,1,search_360,0.013299984857439995,1
1790161684.7914314,,0.015778779983520508,63.37625602514317,,0.23689994122833014,,1,,,0,0,,,no_face,0,0.007700058631598949,1,,0,,0,,0,search_360,0.013599987141788006,1
1790161684.8832436,,0.0918121337890625,10.891806548113678,,84.25890002399683,,1,,,0,0,,,no_face,0,0.004500034265220165,1,6.441200035624206,1,,0,77.73689995519817,1,search_360,0.007999944500625134,1
1790161684.8915462,,0.008302688598632812,120.44291293360901,,0.1463000662624836,,1,,,0,0,,,no_face,0,0.006400048732757568,1,,0,,0,,0,search_360,0.011599971912801266,1
1790161684.958522,,0.06697583198547363,14.930758907435292,,52.95799998566508,,1,,,0,0,,,no_face,0,0.007100054062902927,1,,0,,0,52.82609991263598,1,search_360,0.01479999627918005,1
1790161684.9746282,,0.016106128692626953,62.08816650383397,,0.15650002751499414,,1,,,0,0,,,no_face,0,0.006400048732757568,1,,0,,0,,0,search_360,0.013499986380338669,1
1790161685.02278,,0.04815173149108887,20.767685170055902,,56.223199935629964,,1,,,0,0,,,no_face,0,0.0034999102354049683,1,5.336900008842349,1,,0,50.80239998642355,1,search_360,0.006200047209858894,1
1790161685.0705035,,0.04772353172302246,20.954023390468958,,0.09190000128000975,,1,,,0,0,,,no_face,0,0.003800028935074806,1,,0,,0,,0,search_360,0.007900060154497623,1
1790161685.1229894,,0.05248594284057617,19.052720516757365,,46.48080002516508,,1,,,0,0,,,no_face,0,0.00509992241859436,1,,0,,0,46.36870010290295,1,search_360,0.010100076906383038,1
1790161685.1410923,,0.01810288429260254,55.23981614402929,,0.08990010246634483,,1,,,0,0,,,no_face,0,0.004100031219422817,1,,0,,0,,0,search_360,0.0078000593930482864,1
1790161685.207498,,0.0664057731628418,15.058931661676109,,52.51700000371784,,1,,,0,0,,,no_face,0,0.004499917849898338,1,6.943400017917156,1,,0,45.49080005381256,1,search_360,0.0078000593930482864,1
1790161685.2159042,,0.00840616226196289,118.96034942424414,,0.15410000924021006,,1,,,0,0,,,no_face,0,0.0066999346017837524,1,,0,,0,,0,search_360,0.013599987141788006,1
1790161685.2841408,,0.0682365894317627,14.65489421917856,,48.20800002198666,,1,,,0,0,,,no_face,0,0.003500026650726795,1,,0,,0,48.127499991096556,1,hover,0.013199984095990658,1
1790161685.3101447,,0.02600383758544922,38.4558623977702,,0.09159999899566174,,1,,,0,0,,,no_face,0,0.004100031219422817,1,,0,,0,,0,hover,0.01079996582120657,1
1790161685.375115,,0.06497025489807129,15.391658868644612,,54.60929998662323,,1,,,0,0,,,no_face,0,0.0076999422162771225,1,6.012100027874112,1,,0,48.48070000298321,1,hover,0.016700010746717453,1
1790161685.3944707,,0.01935577392578125,51.6641702798581,,0.12360000982880592,,1,,,0,0,,,no_face,0,0.004400033503770828,1,,0,,0,,0,hover,0.012199976481497288,1
1790161685.4532974,,0.05882668495178223,16.99908809785318,,41.63280001375824,,1,,,0,0,,,no_face,0,0.0037999125197529793,1,,0,,0,41.55339999124408,1,hover,0.009800074622035027,1
1790161685.4713337,,0.018036365509033203,55.44354263053536,,0.16549997963011265,,1,,,0,0,,,no_face,0,0.005400041118264198,1,,0,,0,,0,hover,0.016200006939470768,1
1790161685.539328,,0.06799435615539551,14.707103008881829,,49.64740003924817,,1,,,0,0,,,no_face,0,0.005500041879713535,1,7.073499960824847,1,,0,42.47500002384186,1,hover,0.01750001683831215,1
1790161685.5571606,,0.017832517623901367,56.077331372417945,,0.09520002640783787,,1,,,0,0,,,no_face,0,0.004200031980872154,1,,0,,0,,0,hover,0.01179997343569994,1
1790161685.6082692,,0.051108598709106445,19.56617918036993,,41.944999946281314,,1,,,0,0,,,no_face,0,0.006500049494206905,1,,0,,0,41.816200013272464,1,hover,0.017300015315413475,1
1790161685.626165,,0.01789569854736328,55.87934985345057,,0.0836000544950366,,1,,,0,0,,,no_face,0,0.003300025127828121,1,,0,,0,,0,hover,0.009599956683814526,1
1790161685.6865134,,0.0603485107421875,16.570417193426042,,47.04199999105185,,1,,,0,0,,,no_face,0,0.004200031980872154,1,5.592199973762035,1,,0,41.37410002294928,1,hover,0.010300078429281712,1
1790161685.708377,,0.021863460540771484,45.738413556956225,,0.09059999138116837,,1,,,0,0,,,no_face,0,0.003800028935074806,1,,0,,0,,0,hover,0.010999967344105244,1
1790161685.7658973,,0.057520389556884766,17.38513956013894,,41.3088999921456,,1,,,0,0,,,no_face,0,0.004499917849898338,1,,0,,0,41.19610006455332,1,hover,0.012400094419717789,1
1790161685.7881727,,0.022275447845458984,44.89247565021942,,0.08999998681247234,,1,,,0,0,,,no_face,0,0.003999914042651653,1,,0,,0,,0,hover,0.01379998866468668,1
1790161685.8539429,,0.06577014923095703,15.204466033495251,,46.63250001613051,,1,,,0,0,,,no_face,0,0.003800028935074806,1,5.622899974696338,1,,0,40.92589998617768,1,hover,0.010399962775409222,1
1790161685.8682656,,0.014322757720947266,69.81895662016846,,0.08320005144923925,,1,,,0,0,,,no_face,0,0.003800028935074806,1,,0,,0,,0,hover,0.0097999582067132,1
1790161685.9261727,,0.0579071044921875,17.26903820816864,,45.84549996070564,,1,,,0,0,,,no_face,0,0.004799920134246349,1,,0,,0,45.715600019320846,1,hover,0.012699980288743973,1
1790161685.9482362,,0.022063493728637695,45.32373758658324,,0.2172000240534544,,1,,,0,0,,,no_face,0,0.006100046448409557,1,,0,,0,,0,hover,0.021699932403862476,1
1790161686.0162287,,0.0679924488067627,14.707515577826012,,46.17989994585514,,1,,,0,0,,,no_face,0,0.00409991480410099,1,5.948100006207824,1,,0,40.158099960535765,1,hover,0.009900075383484364,1
1790161686.0383005,,0.02207183837890625,45.306602143104044,,0.13339996803551912,,1,,,0,0,,,no_face,0,0.0066999346017837524,1,,0,,0,,0,hover,0.016000005416572094,1
1790161686.0862017,,0.047901153564453125,20.876323962729952,,36.959500052034855,,1,,,0,0,,,no_face,0,0.003700028173625469,1,,0,,0,36.88759997021407,1,hover,0.009399955160915852,1
1790161686.0974183,,0.01121664047241211,89.15325426178633,,0.07950002327561378,,1,,,0,0,,,no_face,0,0.003800028935074806,1,,0,,0,,0,hover,0.01009996049106121,1
1790161686.1563177,,0.0588994026184082,16.97810088972725,,46.94159992504865,,1,,,0,0,,,no_face,0,0.004100031219422817,1,4.949499969370663,1,,0,41.92490002606064,1,hover,0.009300070814788342,1
1790161686.1781232,,0.021805524826049805,45.85993723963743,,0.09789993055164814,,1,,,0,0,,,no_face,0,0.0035999109968543053,1,,0,,0,,0,hover,0.009600073099136353,1
1790161686.231097,,0.05297374725341797,18.877275100365456,,34.643799997866154,,1,,,0,0,,,no_face,0,0.003600027412176132,1,,0,,0,34.56850000657141,1,hover,0.009499955922365189,1
1790161686.2505662,,0.019469261169433594,51.36301738917463,,0.08669996168464422,,1,,,0,0,,,no_face,0,0.003500026650726795,1,,0,,0,,0,hover,0.009399955160915852,1
1790161686.315876,,0.06530976295471191,15.311646448532285,,49.283399945124984,,1,,,0,0,,,no_face,0,0.0037999125197529793,1,6.994300056248903,1,,0,42.21989994402975,1,hover,0.009200070053339005,1
1790161686.3282936,,0.01241755485534668,80.53115219937408,,0.1458000624552369,,1,,,0,0,,,no_face,0,0.006100046448409557,1,,0,,0,,0,hover,0.017300015315413475,1
1790161686.381153,,0.05285954475402832,18.91805925785602,,35.7186000328511,,1,,,0,0,,,no_face,0,0.004300032742321491,1,,0,,0,35.64030001871288,1,hover,0.010199961252510548,1
1790161686.3977067,,0.016553640365600586,60.409672912675894,,0.12860004790127277,,1,,,0,0,,,no_face,0,0.005799927748739719,1,,0,,0,,0,hover,0.015400000847876072,1
1790161686.456921,,0.05921435356140137,16.887797296698782,,40.416000061668456,,1,,,0,0,,,no_face,0,0.004800036549568176,1,5.085999961011112,1,,0,35.24630004540086,1,hover,0.014199991710484028,1
1790161686.4773974,,0.020476341247558594,48.836849704252245,,0.08100003469735384,,1,,,0,0,,,no_face,0,0.003700028173625469,1,,0,,0,,0,hover,0.0097999582067132,1
1790161686.5361433,,0.0587458610534668,17.022475831784348,,38.51119999308139,,1,,,0,0,,,no_face,0,0.004100031219422817,1,,0,,0,38.425999926403165,1,hover,0.010899966582655907,1
1790161686.558134,,0.02199077606201172,45.47361117134307,,0.08030002936720848,,1,,,0,0,,,no_face,0,0.003300025127828121,1,,0,,0,,0,hover,0.00900006853044033,1
1790161686.6062427,,0.048108577728271484,20.78631394276992,,36.617200006730855,,1,,,0,0,,,no_face,0,0.00400003045797348,1,5.058799986727536,1,,0,31.48669993970543,1,hover,0.009699957445263863,1
1790161686.6384888,,0.03224611282348633,31.011489833641406,,0.09730004239827394,,1,,,0,0,,,no_face,0,0.006100046448409557,1,,0,,0,,0,hover,0.014999997802078724,1
1790161686.7060823,,0.06759357452392578,14.79430562805988,,51.64669989608228,,1,,,0,0,,,no_face,0,0.004300032742321491,1,,0,,0,51.565199973993,1,hover,0.010599964298307896,1
1790161686.7277284,,0.02164602279663086,46.19786320079304,,0.08559995330870152,,1,,,0,0,,,no_face,0,0.0036999117583036423,1,,0,,0,,0,hover,0.01070008147507906,1
1790161686.7960303,,0.06830191612243652,14.640877690860412,,49.929399974644184,,1,,,0,0,,,no_face,0,0.004500034265220165,1,5.085399956442416,1,,0,44.77549996227026,1,hover,0.009699957445263863,1
1790161686.808327,,0.012296676635742188,81.32278579184117,,0.1735000405460596,,1,,,0,0,,,no_face,0,0.005100038833916187,1,,0,,0,,0,hover,0.015500001609325409,1
1790161686.8589697,,0.05064272880554199,19.74617133764259,,36.46229999139905,,1,,,0,0,,,no_face,0,0.003700028173625469,1,,0,,0,36.39369993470609,1,hover,0.008899951353669167,1
1790161686.8881907,,0.029221057891845703,34.22189585679085,,0.07810001261532307,,1,,,0,0,,,no_face,0,0.0034999102354049683,1,,0,,0,,0,hover,0.009300070814788342,1
1790161686.9459126,,0.057721853256225586,17.324461076483974,,43.573100003413856,,1,,,0,0,,,no_face,0,0.004100031219422817,1,5.4691999685019255,1,,0,38.03559998050332,1,hover,0.009699957445263863,1
1790161686.9675553,,0.021642684936523438,46.20498810258218,,0.0814999220892787,,1,,,0,0,,,no_face,0,0.0035999109968543053,1,,0,,0,,0,hover,0.009100069291889668,1
1790161687.0162098,,0.04865455627441406,20.55305970441805,,33.213899936527014,,1,,,0,0,,,no_face,0,0.0034999102354049683,1,,0,,0,33.14379998482764,1,hover,0.00900006853044033,1
1790161687.028086,,0.011876106262207031,84.20268208463824,,0.0751999905332923,,1,,,0,0,,,no_face,0,0.003400025889277458,1,,0,,0,,0,hover,0.008899951353669167,1
1790161687.085896,,0.057810068130493164,17.298024934735,,40.97790003288537,,1,,,0,0,,,no_face,0,0.003800028935074806,1,5.254899966530502,1,,0,35.654300008900464,1,hover,0.009299954399466515,1
1790161687.1091073,,0.023211240768432617,43.08257408453598,,0.07870001718401909,,1,,,0,0,,,no_face,0,0.003500026650726795,1,,0,,0,,0,hover,0.009599956683814526,1
1790161687.1612163,,0.0521090030670166,19.19054177094724,,35.98699998110533,,1,,,0,0,,,no_face,0,0.0034999102354049683,1,,0,,0,35.91430000960827,1,hover,0.009200070053339005,1
1790161687.1884062,,0.027189970016479492,36.778267846338665,,0.07720000576227903,,1,,,0,0,,,no_face,0,0.0033999094739556313,1,,0,,0,,0,hover,0.009600073099136353,1
1790161687.2463017,,0.05789542198181152,17.27252286569672,,39.205800043419,,1,,,0,0,,,no_face,0,0.0039000296965241432,1,4.967599990777671,1,,0,34.16759998071939,1,hover,0.009599956683814526,1
1790161687.2683845,,0.022082805633544922,45.284100969532076,,0.1550000160932541,,1,,,0,0,,,no_face,0,0.005499925464391708,1,,0,,0,,0,hover,0.01780001912266016,1
1790161687.3258123,,0.05742788314819336,17.41314401959563,,37.315000081434846,,1,,,0,0,,,no_face,0,0.008100061677396297,1,,0,,0,37.17820008751005,1,hover,0.017699901945888996,1
1790161687.3492577,,0.02344536781311035,42.6523485564945,,0.07780001033097506,,1,,,0,0,,,no_face,0,0.003200024366378784,1,,0,,0,,0,hover,0.00879995059221983,1
1790161687.4162693,,0.06701159477233887,14.92279065133936,,38.80799992475659,,1,,,0,0,,,no_face,0,0.0037999125197529793,1,4.9934000708162785,1,,0,33.74679991975427,1,hover,0.009600073099136353,1
1790161687.4382203,,0.021950960159301758,45.55609379921581,,0.1284000463783741,,1,,,0,0,,,no_face,0,0.009699957445263863,1,,0,,0,,0,hover,0.0171000137925148,1
1790161687.4863038,,0.04808354377746582,20.797136014518266,,35.09799996390939,,1,,,0,0,,,no_face,0,0.003400025889277458,1,,0,,0,35.02680000383407,1,hover,0.009199953638017178,1
1790161687.4985204,,0.012216567993164062,81.856049960968,,0.08300004992634058,,1,,,0,0,,,no_face,0,0.0039000296965241432,1,,0,,0,,0,hover,0.009899958968162537,1
1790161687.5559607,,0.05744028091430664,17.409385610280506,,38.96789997816086,,1,,,0,0,,,no_face,0,0.003800028935074806,1,4.875199985690415,1,,0,34.02369993273169,1,hover,0.00879995059221983,1
1790161687.5785403,,0.022579669952392578,44.28762697189196,,0.08150003850460052,,1,,,0,0,,,no_face,0,0.003700028173625469,1,,0,,0,,0,hover,0.009699957445263863,1
1790161687.626112,,0.047571659088134766,21.02091916002606,,33.43650000169873,,1,,,0,0,,,no_face,0,0.003400025889277458,1,,0,,0,33.366299932822585,1,hover,0.009199953638017178,1
1790161687.637519,,0.011406898498535156,87.66624864141794,,0.08320005144923925,,1,,,0,0,,,no_face,0,0.0039000296965241432,1,,0,,0,,0,hover,0.010499963536858559,1
1790161687.6962707,,0.058751821517944336,17.0207488749021,,38.66580000612885,,1,,,0,0,,,no_face,0,0.003500026650726795,1,4.635400022380054,1,,0,33.967999974265695,1,hover,0.009200070053339005,1
1790161687.7188315,,0.022560834884643555,44.32460080103987,,0.11770008131861687,,1,,,0,0,,,no_face,0,0.003700028173625469,1,,0,,0,,0,hover,0.010599964298307896,1
1790161687.7660418,,0.0472102165222168,21.18185582837577,,36.47239995189011,,1,,,0,0,,,no_face,0,0.003999914042651653,1,,0,,0,36.39879997354001,1,hover,0.00970007386058569,1
1790161687.797397,,0.03135514259338379,31.892695018743396,,0.07990002632141113,,1,,,0,0,,,no_face,0,0.003600027412176132,1,,0,,0,,0,hover,0.009399955160915852,1
1790161687.8457925,,0.048395633697509766,20.66302109505089,,37.66659996472299,,1,,,0,0,,,no_face,0,0.00400003045797348,1,5.023100064136088,1,,0,32.57639997173101,1,hover,0.009200070053339005,1
1790161687.8781185,,0.03232598304748535,30.93486742633772,,0.07960002403706312,,1,,,0,0,,,no_face,0,0.003500026650726795,1,,0,,0,,0,hover,0.009699957445263863,1
1790161687.926068,,0.04794955253601074,20.85525197026577,,33.30760006792843,,1,,,0,0,,,no_face,0,0.003500026650726795,1,,0,,0,33.23680011089891,1,hover,0.009399955160915852,1
1790161687.9383602,,0.012292146682739258,81.35275520297922,,0.15989993698894978,,1,,,0,0,,,no_face,0,0.008400063961744308,1,,0,,0,,0,hover,0.048900023102760315,1
1790161688.0060272,,0.06766700744628906,14.778250697635087,,48.61029994208366,,1,,,0,0,,,no_face,0,0.003400025889277458,1,5.051499931141734,1,,0,43.49539999384433,1,hover,0.00879995059221983,1
1790161688.0182881,,0.012260913848876953,81.55998911056663,,0.089599983766675,,1,,,0,0,,,no_face,0,0.0034999102354049683,1,,0,,0,,0,hover,0.010500079952180386,1
1790161688.071107,,0.05281877517700195,18.932661665267357,,35.08329996839166,,1,,,0,0,,,no_face,0,0.00409991480410099,1,,0,,0,35.00909998547286,1,hover,0.010300078429281712,1
1790161688.077497,,0.006390094757080078,156.49220207447206,,0.09400001727044582,,1,,,0,0,,,no_face,0,0.0038999132812023163,1,,0,,0,,0,hover,0.011600088328123093,1
1790161688.1363027,,0.05880570411682129,17.00515307177406,,46.398599981330335,,1,,,0,0,,,no_face,0,0.0035999109968543053,1,5.1108000334352255,1,,0,41.21799999848008,1,hover,0.009600073099136353,1
1790161688.158068,,0.02176523208618164,45.94483514076021,,0.07770000956952572,,1,,,0,0,,,no_face,0,0.003700028173625469,1,,0,,0,,0,hover,0.009699957445263863,1
1790161688.2061896,,0.04812169075012207,20.780649732209653,,37.09400002844632,,1,,,0,0,,,no_face,0,0.004100031219422817,1,,0,,0,37.014300003647804,1,hover,0.010599964298307896,1
1790161688.2375338,,0.03134417533874512,31.90385419915264,,0.11959997937083244,,1,,,0,0,,,no_face,0,0.004500034265220165,1,,0,,0,,0,hover,0.01479999627918005,1
1790161688.2988398,,0.061305999755859375,16.311617198680853,,44.9247999349609,,1,,,0,0,,,no_face,0,0.00409991480410099,1,5.5324999848380685,1,,0,39.31899997405708,1,hover,0.010600080713629723,1
1790161688.3188212,,0.01998138427734375,50.04658266513937,,0.0782000133767724,,1,,,0,0,,,no_face,0,0.003800028935074806,1,,0,,0,,0,hover,0.009399955160915852,1
1790161688.383444,,0.06462287902832031,15.474395678994126,,33.18589995615184,,1,,,0,0,,,no_face,0,0.0031999079510569572,1,,0,,0,33.12010003719479,1,hover,0.008800067007541656,1
1790161688.4005322,,0.01708817481994629,58.52000055809022,,0.08079991675913334,,1,,,0,0,,,no_face,0,0.0069999368861317635,1,,0,,0,,0,hover,0.0100000761449337,1
1790161688.4558146,,0.0552823543548584,18.088954634257842,,36.21250006835908,,1,,,0,0,,,no_face,0,0.004100031219422817,1,4.895699908956885,1,,0,31.23070008587092,1,hover,0.01009996049106121,1
1790161688.4857488,,0.029934167861938477,33.406641020126955,,0.13459997717291117,,1,,,0,0,,,no_face,0,0.006300047971308231,1,,0,,0,,0,hover,0.016900012269616127,1
1790161688.5370371,,0.05128836631774902,19.497599003342337,,42.176199960522354,,1,,,0,0,,,no_face,0,0.003700028173625469,1,,0,,0,42.09679993800819,1,hover,0.011199968867003918,1
1790161688.5548644,,0.017827272415161133,56.09383066080002,,0.07280008867383003,,1,,,0,0,,,no_face,0,0.003600027412176132,1,,0,,0,,0,hover,0.009499955922365189,1
1790161688.6013596,,0.04649519920349121,21.50759685152424,,45.8702000323683,,1,,,0,0,,,no_face,0,0.004100031219422817,1,5.036899936385453,1,,0,40.76510004233569,1,hover,0.0097999582067132,1
1790161688.6348555,,0.03349590301513672,29.85439740341087,,0.0841999426484108,,1,,,0,0,,,no_face,0,0.0039000296965241432,1,,0,,0,,0,hover,0.010399962775409222,1
1790161688.683646,,0.04879045486450195,20.495812198864357,,33.8313999818638,,1,,,0,0,,,no_face,0,0.0035999109968543053,1,,0,,0,33.75890001188964,1,hover,0.009900075383484364,1
1790161688.701662,,0.01801609992980957,55.505908820221,,0.1066999975591898,,1,,,0,0,,,no_face,0,0.005299923941493034,1,,0,,0,,0,hover,0.013699987903237343,1
1790161688.75474,,0.05307793617248535,18.840220101066816,,39.464599918574095,,1,,,0,0,,,no_face,0,0.004400033503770828,1,4.814099986106157,1,,0,34.581399988383055,1,hover,0.00970007386058569,1
1790161688.7706063,,0.01586627960205078,63.02674761074713,,0.09200000204145908,,1,,,0,0,,,no_face,0,0.0039000296965241432,1,,0,,0,,0,hover,0.01109996810555458,1
1790161688.8198998,,0.04929351806640625,20.28664293453026,,37.42730000521988,,1,,,0,0,,,no_face,0,0.003600027412176132,1,,0,,0,37.36019995994866,1,hover,0.00900006853044033,1
1790161688.8378148,,0.017915010452270508,55.81911340014107,,0.07589999586343765,,1,,,0,0,,,no_face,0,0.003400025889277458,1,,0,,0,,0,hover,0.009199953638017178,1
1790161688.883903,,0.046088218688964844,21.697518985246344,,37.40629996173084,,1,,,0,0,,,no_face,0,0.004300032742321491,1,5.1544999005272985,1,,0,32.18360000755638,1,hover,0.009599956683814526,1
1790161688.9018626,,0.0179595947265625,55.68054375531011,,0.12330000754445791,,1,,,0,0,,,no_face,0,0.0036999117583036423,1,,0,,0,,0,hover,0.010300078429281712,1
1790161688.9520729,,0.05021023750305176,19.916257116673076,,42.273800005204976,,1,,,0,0,,,no_face,0,0.0039000296965241432,1,,0,,0,42.19740000553429,1,hover,0.010100076906383038,1
1790161688.969547,,0.01747417449951172,57.22730993832888,,0.10080006904900074,,1,,,0,0,,,no_face,0,0.00400003045797348,1,,0,,0,,0,hover,0.009999959729611874,1
1790161689.018861,,0.049314022064208984,20.278208066216074,,38.9340000692755,,1,,,0,0,,,no_face,0,0.0039000296965241432,1,4.887399962171912,1,,0,33.98380009457469,1,hover,0.00879995059221983,1
1790161689.0367002,,0.01783919334411621,56.05634631062641,,0.08080003317445517,,1,,,0,0,,,no_face,0,0.003500026650726795,1,,0,,0,,0,hover,0.009699957445263863,1
1790161689.084103,,0.04740285873413086,21.095774109504983,,35.7617000117898,,1,,,0,0,,,no_face,0,0.0034999102354049683,1,,0,,0,35.67410004325211,1,hover,0.008900067768990993,1
1790161689.101994,,0.01789093017578125,55.89424307036247,,0.07960002403706312,,1,,,0,0,,,no_face,0,0.00400003045797348,1,,0,,0,,0,hover,0.0097999582067132,1
1790161689.1531305,,0.05113649368286133,19.555505823332496,,43.001399957574904,,1,,,0,0,,,no_face,0,0.0037999125197529793,1,4.691399983130395,1,,0,38.24459994211793,1,hover,0.00970007386058569,1
1790161689.1709824,,0.017851829528808594,56.01666755702762,,0.06770004983991385,,1,,,0,0,,,no_face,0,0.003200024366378784,1,,0,,0,,0,hover,0.00870006624609232,1
1790161689.2200983,,0.049115896224975586,20.360007184221896,,35.78969999216497,,1,,,0,0,,,no_face,0,0.003200024366378784,1,,0,,0,35.72270006407052,1,hover,0.00909995287656784,1
1790161689.2453945,,0.02529621124267578,39.531611687087654,,0.08120003622025251,,1,,,0,0,,,no_face,0,0.00400003045797348,1,,0,,0,,0,hover,0.010199961252510548,1
1790161689.3002298,,0.05483531951904297,18.23642150298266,,39.19469995889813,,1,,,0,0,,,no_face,0,0.003800028935074806,1,5.207499954849482,1,,0,33.921999973244965,1,hover,0.009199953638017178,1
1790161689.3180952,,0.017865419387817383,55.974056824096195,,0.1292000524699688,,1,,,0,0,,,no_face,0,0.004100031219422817,1,,0,,0,,0,hover,0.010499963536858559,1
1790161689.3688679,,0.050772666931152344,19.695636657337666,,37.9028000170365,,1,,,0,0,,,no_face,0,0.003300025127828121,1,,0,,0,37.833499955013394,1,hover,0.009399955160915852,1
1790161689.3867424,,0.017874479293823242,55.94568566512385,,0.07539999205619097,,1,,,0,0,,,no_face,0,0.003300025127828121,1,,0,,0,,0,hover,0.009999959729611874,1
1790161689.4534948,,0.06675243377685547,14.980727194799629,,50.25350011419505,,1,,,0,0,,,no_face,0,0.004500034265220165,1,5.803599953651428,1,,0,44.37450005207211,1,hover,0.009999959729611874,1
1790161689.471126,,0.01763129234313965,56.71733986017769,,0.09370001498609781,,1,,,0,0,,,no_face,0,0.003200024366378784,1,,0,,0,,0,hover,0.009299954399466515,1
1790161689.5202887,,0.04916262626647949,20.340654597653767,,34.61029997561127,,1,,,0,0,,,no_face,0,0.004100031219422817,1,,0,,0,34.53839989379048,1,hover,0.009399955160915852,1
1790161689.5382512,,0.01796245574951172,55.67167507300239,,0.08119991980493069,,1,,,0,0,,,no_face,0,0.0033999094739556313,1,,0,,0,,0,hover,0.009600073099136353,1
1790161689.5847666,,0.046515464782714844,21.49822655048693,,38.21739996783435,,1,,,0,0,,,no_face,0,0.003700028173625469,1,4.760999931022525,1,,0,33.390099997632205,1,hover,0.009299954399466515,1
1790161689.6017513,,0.01698470115661621,58.87651426886958,,0.09019998833537102,,1,,,0,0,,,no_face,0,0.003700028173625469,1,,0,,0,,0,hover,0.01009996049106121,1
1790161689.653168,,0.051416635513305664,19.448958299521927,,36.31430002860725,,1,,,0,0,,,no_face,0,0.003800028935074806,1,,0,,0,36.242200061678886,1,hover,0.009699957445263863,1
1790161689.6717336,,0.018565654754638672,53.86289970463593,,0.12600002810359,,1,,,0,0,,,no_face,0,0.006299931555986404,1,,0,,0,,0,hover,0.015199999324977398,1
1790161689.729014,,0.05728030204772949,17.458008499444333,,41.74850007984787,,1,,,0,0,,,no_face,0,0.0039000296965241432,1,5.486199981532991,1,,0,36.19290003553033,1,hover,0.009999959729611874,1
1790161689.7469385,,0.01792454719543457,55.78941487875926,,0.0814999220892787,,1,,,0,0,,,no_face,0,0.0033999094739556313,1,,0,,0,,0,hover,0.010300078429281712,1
1790161689.8032494,,0.05631089210510254,17.758553676143702,,32.42889989633113,,1,,,0,0,,,no_face,0,0.003800028935074806,1,,0,,0,32.35539991874248,1,hover,0.009300070814788342,1
1790161689.8232446,,0.01999521255493164,50.01197147831064,,0.11100003030151129,,1,,,0,0,,,no_face,0,0.006200047209858894,1,,0,,0,,0,hover,0.015400000847876072,1
1790161689.8699007,,0.046656131744384766,21.433409985180642,,39.81690004002303,,1,,,0,0,,,no_face,0,0.00400003045797348,1,5.361099960282445,1,,0,34.38790002837777,1,hover,0.008999952115118504,1
1790161689.9024568,,0.03255605697631836,30.7162504577078,,0.1273000380024314,,1,,,0,0,,,no_face,0,0.005500041879713535,1,,0,,0,,0,hover,0.01650000922381878,1
1790161689.9562538,,0.053797006607055664,18.588394839590322,,33.57339999638498,,1,,,0,0,,,no_face,0,0.004400033503770828,1,,0,,0,33.499800018034875,1,hover,0.010299962013959885,1
1790161689.9876773,,0.03142356872558594,31.823247344461304,,0.09460002183914185,,1,,,0,0,,,no_face,0,0.004200031980872154,1,,0,,0,,0,hover,0.01009996049106121,1
1790161690.042961,,0.055283546447753906,18.08856457761907,,41.014900081790984,,1,,,0,0,,,no_face,0,0.004400033503770828,1,5.2900000009685755,1,,0,35.656900028698146,1,hover,0.009499955922365189,1
1790161690.060868,,0.017907142639160156,55.84363849390211,,0.12039998546242714,,1,,,0,0,,,no_face,0,0.005600042641162872,1,,0,,0,,0,hover,0.014999997802078724,1
1790161690.1191127,,0.05824470520019531,17.16894259422995,,36.0269999364391,,1,,,0,0,,,no_face,0,0.003600027412176132,1,,0,,0,35.956299980171025,1,hover,0.009600073099136353,1
1790161690.1370244,,0.017911672592163086,55.829515354000556,,0.0814999220892787,,1,,,0,0,,,no_face,0,0.003400025889277458,1,,0,,0,,0,hover,0.010300078429281712,1
1790161690.1855717,,0.04854726791381836,20.598481500034378,,42.97790001146495,,1,,,0,0,,,no_face,0,0.00400003045797348,1,5.287399981170893,1,,0,37.618800066411495,1,hover,0.010299962013959885,1
1790161690.2035813,,0.018009662628173828,55.5257486298287,,0.09989994578063488,,1,,,0,0,,,no_face,0,0.004100031219422817,1,,0,,0,,0,hover,0.010599964298307896,1
1790161690.244113,,0.04053163528442383,24.67208621075046,,33.56840007472783,,1,,,0,0,,,no_face,0,0.003800028935074806,1,,0,,0,33.49010006058961,1,hover,0.0097999582067132,1
1790161690.2619858,,0.01787281036376953,55.950909770022946,,0.09770004544407129,,1,,,0,0,,,no_face,0,0.0039000296965241432,1,,0,,0,,0,hover,0.010899966582655907,1
1790161690.3192358,,0.057250022888183594,17.467241925005414,,45.76100001577288,,1,,,0,0,,,no_face,0,0.0038999132812023163,1,5.3128000581637025,1,,0,40.379000012762845,1,hover,0.008900067768990993,1
1790161690.3527355,,0.033499717712402344,29.850997807953995,,0.09049999061971903,,1,,,0,0,,,no_face,0,0.003999914042651653,1,,0,,0,,0,hover,0.010200077667832375,1
1790161690.3962297,,0.043494224548339844,22.9915583134168,,32.188800047151744,,1,,,0,0,,,no_face,0,0.003400025889277458,1,,0,,0,32.11660007946193,1,hover,0.008899951353669167,1
1790161690.4141297,,0.01789999008178711,55.865952742481156,,0.12390001211315393,,1,,,0,0,,,no_face,0,0.004199915565550327,1,,0,,0,,0,hover,0.012600095942616463,1
1790161690.4702075,,0.05607771873474121,17.832394444042908,,41.60700005013496,,1,,,0,0,,,no_face,0,0.0039000296965241432,1,4.903799970634282,1,,0,36.62809997331351,1,hover,0.0097999582067132,1
1790161690.4891787,,0.01897120475769043,52.71146523230825,,0.08659996092319489,,1,,,0,0,,,no_face,0,0.003300025127828121,1,,0,,0,,0,hover,0.0097999582067132,1
1790161690.5530133,,0.06383466720581055,15.665468996272532,,58.239700039848685,,2,,,0,0,,,no_face,0,0.003500026650726795,1,,0,,0,58.16520005464554,1,hover,0.009199953638017178,1
1790161690.57093,,0.01791667938232422,55.81391387661681,,0.08740008343011141,,2,,,0,0,,,no_face,0,0.003600027412176132,1,,0,,0,,0,hover,0.0100000761449337,1
1790161690.6200933,,0.0491633415222168,20.340358670455757,,41.65969998575747,,1,,,0,0,,,no_face,0,0.003700028173625469,1,5.469900090247393,1,,0,36.11089999321848,1,hover,0.009600073099136353,1
1790161690.6379464,,0.0178530216217041,56.01292717778876,,0.08479994721710682,,1,,,0,0,,,no_face,0,0.003800028935074806,1,,0,,0,,0,hover,0.009899958968162537,1
1790161690.6867516,,0.04880523681640625,20.489604502110364,,35.13019997626543,,1,,,0,0,,,no_face,0,0.004200031980872154,1,,0,,0,35.05139995831996,1,hover,0.0097999582067132,1
1790161690.7046602,,0.017908573150634766,55.83917778310302,,0.12930005323141813,,1,,,0,0,,,no_face,0,0.004999921657145023,1,,0,,0,,0,hover,0.015500001609325409,1
1790161690.7559488,,0.051288604736328125,19.497508367422835,,45.9994999691844,,1,,,0,0,,,no_face,0,0.004100031219422817,1,5.1726000383496284,1,,0,40.7437999965623,1,hover,0.009800074622035027,1
1790161690.7887592,,0.03281044960021973,30.47809500279762,,0.12970005627721548,,1,,,0,0,,,no_face,0,0.00400003045797348,1,,0,,0,,0,hover,0.010299962013959885,1
1790161690.8532164,,0.06445717811584473,15.514175910753718,,37.32699993997812,,0,,,0,0,,,no_face,0,0.0038999132812023163,1,,0,,0,37.24350000265986,1,hover,0.01100008375942707,1
1790161690.8711007,,0.017884254455566406,55.91510691622674,,0.09029998909682035,,0,,,0,0,,,no_face,0,0.003999914042651653,1,,0,,0,,0,hover,0.010300078429281712,1
1790161690.9046593,,0.03355860710144043,29.798614614045682,,24.056300055235624,,0,,,0,0,,,no_face,0,0.004200031980872154,1,4.9854000099003315,1,,0,18.99100001901388,1,hover,0.01079996582120657,1
1790161690.9215727,,0.016913414001464844,59.12466873414153,,0.09439990390092134,,0,,,0,0,,,no_face,0,0.0039000296965241432,1,,0,,0,,0,hover,0.010400079190731049,1
1790161690.9636805,,0.04210782051086426,23.748557580699043,,18.21520004887134,,0,,,0,0,,,no_face,0,0.0039000296965241432,1,,0,,0,18.138200044631958,1,hover,0.009299954399466515,1
1790161690.9891431,,0.025462627410888672,39.27324481731868,,0.04229997284710407,,0,,,0,0,,,no_face,0,0.0034999102354049683,1,,0,,0,,0,hover,0.010200077667832375,1
1790161691.0434427,,0.05429959297180176,18.41634430886634,,23.220099974423647,,0,,,0,0,,,no_face,0,0.0039000296965241432,1,5.049700033850968,1,,0,18.138599931262434,1,hover,0.01009996049106121,1
1790161691.0613446,,0.017901897430419922,55.86000053272248,,0.045599997974932194,,0,,,0,0,,,no_face,0,0.0039000296965241432,1,,0,,0,,0,hover,0.010599964298307896,1
1790161691.1078453,,0.04650068283081055,21.505060552302627,,20.402500056661665,,0,,,0,0,,,no_face,0,0.0039000296965241432,1,,0,,0,20.36590001080185,1,hover,0.010399962775409222,1
1790161691.127799,,0.01995372772216797,50.11594895569469,,0.042599975131452084,,0,,,0,0,,,no_face,0,0.003700028173625469,1,,0,,0,,0,hover,0.009599956683814526,1
1790161691.1712053,,0.04340624809265137,23.038157959782268,,21.633299998939037,,0,,,0,0,,,no_face,0,0.013899989426136017,1,4.719999968074262,1,,0,16.874699969775975,1,hover,0.008900067768990993,1
1790161691.1891341,,0.0179288387298584,55.776060851873034,,0.04029995761811733,,0,,,0,0,,,no_face,0,0.0032999087125062943,1,,0,,0,,0,hover,0.009200070053339005,1
1790161691.2297401,,0.040606021881103516,24.626889157673475,,19.48030001949519,,0,,,0,0,,,no_face,0,0.0034999102354049683,1,,0,,0,19.447400001809,1,hover,0.008900067768990993,1
1790161691.251736,,0.02199578285217285,45.46326024041536,,0.04779989831149578,,0,,,0,0,,,no_face,0,0.004600035026669502,1,,0,,0,,0,hover,0.010899966582655907,1
1790161691.3212316,,0.06949567794799805,14.389384052750389,,44.413099996745586,,0,,,0,0,,,no_face,0,0.00409991480410099,1,4.592400044202805,1,,0,39.778999984264374,1,hover,0.02280005719512701,1
1790161691.33917,,0.01793837547302246,55.74640811281383,,0.04600000102072954,,0,,,0,0,,,no_face,0,0.004200031980872154,1,,0,,0,,0,hover,0.010699965059757233,1
1790161691.3716633,,0.03249335289001465,30.77552517848364,,17.917399993166327,,0,,,0,0,,,no_face,0,0.003600027412176132,1,,0,,0,17.886399989947677,1,hover,0.008399947546422482,1
1790161691.389678,,0.01801466941833496,55.51031644145635,,0.04680000711232424,,0,,,0,0,,,no_face,0,0.003700028173625469,1,,0,,0,,0,hover,0.009499955922365189,1
1790161691.4590209,,0.06934285163879395,14.421097147965412,,39.559299941174686,,1,,,0,0,,,no_face,0,0.003400025889277458,1,4.840999958105385,1,,0,34.6752000041306,1,hover,0.00809994526207447,1
1790161691.4899595,,0.03093862533569336,32.32205662500193,,0.05340005736798048,,1,,,0,0,,,no_face,0,0.00400003045797348,1,,0,,0,,0,hover,0.010899966582655907,1
1790161691.5560977,,0.06613826751708984,15.119839656241439,,48.86360000818968,,1,,,0,0,,,no_face,0,0.00400003045797348,1,,0,,0,48.826899961568415,1,hover,0.009299954399466515,1
1790161691.5740707,,0.017972946166992188,55.63918072800594,,0.049600028432905674,,1,,,0,0,,,no_face,0,0.003600027412176132,1,,0,,0,,0,hover,0.010299962013959885,1
1790161691.6232207,,0.04914999008178711,20.34588406500121,,41.346400044858456,,1,,,0,0,,,no_face,0,0.003700028173625469,1,5.4561999859288335,1,,0,35.796600044704974,1,hover,0.009899958968162537,1
1790161691.6401799,,0.016959190368652344,58.965079008041386,,0.0809000339359045,,1,,,0,0,,,no_face,0,0.003400025889277458,1,,0,,0,,0,hover,0.009699957445263863,1
1790161691.6920757,,0.051895856857299805,19.269360996384385,,35.37970001343638,,1,,,0,0,,,no_face,0,0.003300025127828121,1,,0,,0,35.30700004193932,1,hover,0.009199953638017178,1
1790161691.7099974,,0.01792168617248535,55.798321116417675,,0.08160003926604986,,1,,,0,0,,,no_face,0,0.003500026650726795,1,,0,,0,,0,hover,0.009599956683814526,1
1790161691.7722595,,0.06226205825805664,16.061145872423854,,46.96369997691363,,1,,,0,0,,,no_face,0,0.005600042641162872,1,5.601000040769577,1,,0,41.24960000626743,1,hover,0.014999997802078724,1
1790161691.7892709,,0.017011404037475586,58.784095527743126,,0.09550002869218588,,1,,,0,0,,,no_face,0,0.003600027412176132,1,,0,,0,,0,hover,0.010299962013959885,1
1790161691.8385022,,0.04923129081726074,20.31228479691609,,38.34049997385591,,1,,,0,0,,,no_face,0,0.0035999109968543053,1,,0,,0,38.26519998256117,1,hover,0.009900075383484364,1
1790161691.8564215,,0.017919301986694336,55.80574515360769,,0.09510002564638853,,1,,,0,0,,,no_face,0,0.0039000296965241432,1,,0,,0,,0,hover,0.010699965059757233,1
1790161691.9077885,,0.05136704444885254,19.46773482355453,,43.419199995696545,,1,,,0,0,,,no_face,0,0.003500026650726795,1,6.073800032027066,1,,0,37.27400000207126,1,hover,0.009300070814788342,1
1790161691.9256463,,0.017857789993286133,55.9979706545974,,0.08139992132782936,,1,,,0,0,,,no_face,0,0.00409991480410099,1,,0,,0,,0,hover,0.009500072337687016,1
1790161691.9721873,,0.04654097557067871,21.486442596833104,,34.47980002965778,,1,,,0,0,,,no_face,0,0.004100031219422817,1,,0,,0,34.40250002313405,1,hover,0.009699957445263863,1
1790161691.989518,,0.017330646514892578,57.701251891594445,,0.10159995872527361,,1,,,0,0,,,no_face,0,0.005800044164061546,1,,0,,0,,0,hover,0.01580000389367342,1
1790161692.0397172,,0.050199270248413086,19.920608308675806,,40.97980004735291,,1,,,0,0,,,no_face,0,0.003800028935074806,1,5.207499954849482,1,,0,35.69620009511709,1,hover,0.009999959729611874,1
1790161692.0576696,,0.017952442169189453,55.702727828096364,,0.08120003622025251,,1,,,0,0,,,no_face,0,0.003200024366378784,1,,0,,0,,0,hover,0.0100000761449337,1
1790161692.1086712,,0.051001548767089844,19.60724770470652,,42.71439998410642,,1,,,0,0,,,no_face,0,0.0038999132812023163,1,,0,,0,42.63739997986704,1,hover,0.0100000761449337,1
1790161692.1256542,,0.0169830322265625,58.88230008984726,,0.08260004688054323,,1,,,0,0,,,no_face,0,0.003600027412176132,1,,0,,0,,0,hover,0.009899958968162537,1
1790161692.187875,,0.06222081184387207,16.071792867461387,,46.0070000262931,,1,,,0,0,,,no_face,0,0.004100031219422817,1,5.359400063753128,1,,0,40.57529999408871,1,hover,0.009299954399466515,1
1790161692.2058327,,0.017957687377929688,55.68645778013808,,0.16950001008808613,,1,,,0,0,,,no_face,0,0.003600027412176132,1,,0,,0,,0,hover,0.010599964298307896,1
1790161692.2462134,,0.04038071632385254,24.7642957093683,,35.38919996935874,,1,,,0,0,,,no_face,0,0.0032999087125062943,1,,0,,0,35.317900008521974,1,hover,0.009100069291889668,1
1790161692.264153,,0.01793956756591797,55.742703737175056,,0.09809993207454681,,1,,,0,0,,,no_face,0,0.0035999109968543053,1,,0,,0,,0,hover,0.02510007470846176,1
1790161692.3253794,,0.06122636795043945,16.332832298813873,,40.34239996690303,,1,,,0,0,,,no_face,0,0.003400025889277458,1,4.886799957603216,1,,0,35.36580002401024,1,hover,0.00870006624609232,1
1790161692.3443098,,0.018930435180664062,52.82498740554156,,0.1137999352067709,,1,,,0,0,,,no_face,0,0.003700028173625469,1,,0,,0,,0,hover,0.01209997572004795,1
1790161692.387899,,0.043589115142822266,22.941507225449335,,33.933799946680665,,1,,,0,0,,,no_face,0,0.002900022082030773,1,,0,,0,33.86759990826249,1,hover,0.00809994526207447,1
1790161692.405755,,0.017856121063232422,56.00320452906775,,0.13509998098015785,,1,,,0,0,,,no_face,0,0.005500041879713535,1,,0,,0,,0,hover,0.015500001609325409,1
1790161692.4560058,,0.05025076866149902,19.900193104233583,,44.674100005067885,,1,,,0,0,,,no_face,0,0.003400025889277458,1,5.016400013118982,1,,0,39.59019994363189,1,hover,0.00879995059221983,1
1790161692.4735072,,0.017501354217529297,57.1384355502275,,0.09019998833537102,,1,,,0,0,,,no_face,0,0.0034999102354049683,1,,0,,0,,0,hover,0.00970007386058569,1
1790161692.5573084,,0.08380126953125,11.932993445010926,,67.26329994853586,,2,,,0,0,,,no_face,0,0.0038999132812023163,1,,0,,0,67.17519997619092,1,hover,0.01170008908957243,1
1790161692.59071,,0.0334014892578125,29.938784833257195,,0.07849989924579859,,2,,,0,0,,,no_face,0,0.0032999087125062943,1,,0,,0,,0,hover,0.00900006853044033,1
1790161692.6709096,,0.0801997184753418,12.46887169943695,,63.54330002795905,,2,,,0,0,,,no_face,0,0.0036999117583036423,1,5.340500036254525,1,,0,58.12920001335442,1,hover,0.009600073099136353,1
1790161692.6904058,,0.01949620246887207,51.292040159955,,0.08200004231184721,,2,,,0,0,,,no_face,0,0.003600027412176132,1,,0,,0,,0,hover,0.008899951353669167,1
1790161692.7577014,,0.06729555130004883,14.859823282245321,,56.699000066146255,,1,,,0,0,,,no_face,0,0.0039000296965241432,1,,0,,0,56.61980004515499,1,hover,0.010199961252510548,1
1790161692.7908225,,0.03312110900878906,30.19222574143392,,0.08020002860575914,,1,,,0,0,,,no_face,0,0.003400025889277458,1,,0,,0,,0,hover,0.009299954399466515,1
1790161692.8726642,,0.08184170722961426,12.21870894254943,,57.16660001780838,,2,,,0,0,,,no_face,0,0.004400033503770828,1,5.178299965336919,1,,0,51.91240005660802,1,hover,0.01009996049106121,1
1790161692.890672,,0.018007755279541016,55.531629815967165,,0.08050003089010715,,2,,,0,0,,,no_face,0,0.003800028935074806,1,,0,,0,,0,hover,0.0097999582067132,1
1790161692.9622278,,0.07155585289001465,13.975097208848254,,55.00749999191612,,2,,,0,0,,,no_face,0,0.003100023604929447,1,,0,,0,54.94109995197505,1,hover,0.008199946023523808,1
1790161692.9907868,,0.028558969497680664,35.01526902366741,,0.08260004688054323,,2,,,0,0,,,no_face,0,0.004100031219422817,1,,0,,0,,0,hover,0.009899958968162537,1
1790161693.0727878,,0.0820009708404541,12.194977568566337,,63.862400013022125,,2,,,0,0,,,no_face,0,0.004300032742321491,1,5.705800023861229,1,,0,58.07030003052205,1,hover,0.011299969628453255,1
1790161693.0906608,,0.017873048782348633,55.95016340959114,,0.07869990076869726,,2,,,0,0,,,no_face,0,0.003200024366378784,1,,0,,0,,0,hover,0.00870006624609232,1
1790161693.1617053,,0.0710444450378418,14.075695847400178,,53.34800004493445,,1,,,0,0,,,no_face,0,0.003500026650726795,1,,0,,0,53.27539995778352,1,hover,0.009499955922365189,1
1790161693.1910312,,0.02932596206665039,34.09947805726736,,0.11490005999803543,,1,,,0,0,,,no_face,0,0.005800044164061546,1,,0,,0,,0,hover,0.014199991710484028,1
1790161693.2625751,,0.07154393196105957,13.977425794046194,,56.78710003849119,,2,,,0,0,,,no_face,0,0.0039000296965241432,1,5.068099941127002,1,,0,51.62090004887432,1,hover,0.009899958968162537,1
1790161693.290997,,0.028421878814697266,35.18416240248301,,0.0860999571159482,,2,,,0,0,,,no_face,0,0.0032999087125062943,1,,0,,0,,0,hover,0.009300070814788342,1
1790161693.3618038,,0.07080674171447754,14.122948970486725,,50.771000096574426,,2,,,0,0,,,no_face,0,0.003600027412176132,1,,0,,0,50.70020002312958,1,hover,0.008800067007541656,1
1790161693.3881674,,0.026363611221313477,37.9310706566465,,0.0836000544950366,,2,,,0,0,,,no_face,0,0.003700028173625469,1,,0,,0,,0,hover,0.01079996582120657,1
1790161693.451971,,0.06380367279052734,15.673078935174805,,56.149200070649385,,2,,,0,0,,,no_face,0,0.004300032742321491,1,5.905000027269125,1,,0,50.1644000178203,1,hover,0.010899966582655907,1
1790161693.4699388,,0.017967700958251953,55.65542315755951,,0.08329993579536676,,2,,,0,0,,,no_face,0,0.0034999102354049683,1,,0,,0,,0,hover,0.009600073099136353,1
1790161693.5290089,,0.05907011032104492,16.92903559118172,,52.39510000683367,,2,,,0,0,,,no_face,0,0.003999914042651653,1,,0,,0,52.314699976705015,1,hover,0.010200077667832375,1
1790161693.562519,,0.03351020812988281,29.841652911377995,,0.07810001261532307,,2,,,0,0,,,no_face,0,0.0032999087125062943,1,,0,,0,,0,hover,0.009400071576237679,1
1790161693.6373103,,0.07479119300842285,13.370558213817793,,53.36410005111247,,2,,,0,0,,,no_face,0,0.003600027412176132,1,4.754099994897842,1,,0,48.543900018557906,1,hover,0.009399955160915852,1
1790161693.6552591,,0.01794886589050293,55.71382649469336,,0.16930000856518745,,2,,,0,0,,,no_face,0,0.0072999391704797745,1,,0,,0,,0,hover,0.014999997802078724,1
1790161693.7471871,,0.09192800521850586,10.87807787869514,,75.6192000117153,,3,,,0,0,,,no_face,0,0.00400003045797348,1,,0,,0,75.54250000976026,1,hover,0.010599964298307896,1
1790161693.7760015,,0.028814315795898438,34.70497120540147,,0.11300004553049803,,3,,,0,0,,,no_face,0,0.005500041879713535,1,,0,,0,,0,hover,0.014299992471933365,1
1790161693.842687,,0.06668543815612793,14.995777603781208,,58.32709989044815,,2,,,0,0,,,no_face,0,0.003400025889277458,1,4.937399993650615,1,,0,53.32639999687672,1,hover,0.008200062438845634,1
1790161693.8595533,,0.016866445541381836,59.28931484387148,,0.1365999924018979,,2,,,0,0,,,no_face,0,0.006500049494206905,1,,0,,0,,0,hover,0.01680001150816679,1
1790161693.9304886,,0.07093524932861328,14.097363574031002,,57.58289992809296,,2,,,0,0,,,no_face,0,0.0038999132812023163,1,,0,,0,57.50969995278865,1,hover,0.009200070053339005,1
1790161693.948346,,0.01785731315612793,55.99946594747593,,0.11449994053691626,,2,,,0,0,,,no_face,0,0.005800044164061546,1,,0,,0,,0,hover,0.014899997040629387,1
1790161694.0211844,,0.07283854484558105,13.728994752984383,,59.07780001871288,,1,,,0,0,,,no_face,0,0.00400003045797348,1,5.947300000116229,1,,0,53.04310005158186,1,hover,0.009899958968162537,1
1790161694.0456343,,0.024449825286865234,40.90008776206729,,0.12119999155402184,,1,,,0,0,,,no_face,0,0.005100038833916187,1,,0,,0,,0,hover,0.015300000086426735,1
1790161694.0992606,,0.053626298904418945,18.6475669667667,,39.596599992364645,,1,,,0,0,,,no_face,0,0.004400033503770828,1,,0,,0,39.51579995919019,1,hover,0.010999967344105244,1
1790161694.1171646,,0.017904043197631836,55.85330581263732,,0.11499994434416294,,1,,,0,0,,,no_face,0,0.005600042641162872,1,,0,,0,,0,hover,0.014499993994832039,1
1790161694.174857,,0.05769228935241699,17.333338843453358,,49.0390999475494,,1,,,0,0,,,no_face,0,0.00400003045797348,1,6.482800003141165,1,,0,42.4879000056535,1,hover,0.00900006853044033,1
1790161694.1928277,,0.017970800399780273,55.645824212271975,,0.11099991388618946,,1,,,0,0,,,no_face,0,0.0038999132812023163,1,,0,,0,,0,hover,0.011400086805224419,1
1790161694.2482529,,0.055425167083740234,18.042345248849315,,40.467899991199374,,1,,,0,0,,,no_face,0,0.0039000296965241432,1,,0,,0,40.39280000142753,1,hover,0.010399962775409222,1
1790161694.2652185,,0.016965627670288086,58.94270577158195,,0.1824999926611781,,1,,,0,0,,,no_face,0,0.005500041879713535,1,,0,,0,,0,hover,0.017000013031065464,1
1790161694.331564,,0.0663454532623291,15.07262292784424,,45.39139999542385,,1,,,0,0,,,no_face,0,0.00400003045797348,1,5.405699950642884,1,,0,39.91779999341816,1,hover,0.009699957445263863,1
1790161694.349533,,0.017969131469726562,55.650992463645046,,0.07970002479851246,,1,,,0,0,,,no_face,0,0.003800028935074806,1,,0,,0,,0,hover,0.009699957445263863,1
1790161694.3906755,,0.04114246368408203,24.30578799749658,,31.535100075416267,,1,,,0,0,,,no_face,0,0.003800028935074806,1,,0,,0,31.46309999283403,1,hover,0.009499955922365189,1
1790161694.409125,,0.01844954490661621,54.20187896566429,,0.09280000813305378,,1,,,0,0,,,no_face,0,0.0065999338403344154,1,,0,,0,,0,hover,0.01610000617802143,1
1790161694.4582791,,0.049154043197631836,20.34420639578594,,43.97880006581545,,1,,,0,0,,,no_face,0,0.004300032742321491,1,4.816300002858043,1,,0,39.09239999484271,1,hover,0.009399955160915852,1
1790161694.476136,,0.017856836318969727,56.000961320213094,,0.12270000297576189,,1,,,0,0,,,no_face,0,0.005900044925510883,1,,0,,0,,0,hover,0.015500001609325409,1
1790161694.5325382,,0.05640220642089844,17.72980284738426,,35.87860008701682,,1,,,0,0,,,no_face,0,0.003800028935074806,1,,0,,0,35.77730001416057,1,hover,0.01079996582120657,1
1790161694.5495005,,0.016962289810180664,58.9543045892192,,0.1047999830916524,,1,,,0,0,,,no_face,0,0.006800051778554916,1,,0,,0,,0,hover,0.018299906514585018,1
1790161694.606666,,0.05716562271118164,17.493030821203654,,40.75280006509274,,1,,,0,0,,,no_face,0,0.0039000296965241432,1,5.215900018811226,1,,0,35.46210005879402,1,hover,0.00909995287656784,1
1790161694.6246092,,0.017943143844604492,55.7315935635605,,0.13699999544769526,,1,,,0,0,,,no_face,0,0.005500041879713535,1,,0,,0,,0,hover,0.01610000617802143,1
1790161694.675471,,0.05086183547973633,19.661107204800075,,37.31059993151575,,1,,,0,0,,,no_face,0,0.0037999125197529793,1,,0,,0,37.23149991128594,1,hover,0.010300078429281712,1
1790161694.6933713,,0.01790022850036621,55.86520864689194,,0.07720000576227903,,1,,,0,0,,,no_face,0,0.00300002284348011,1,,0,,0,,0,hover,0.009399955160915852,1
1790161694.759602,,0.06623077392578125,15.098721345467112,,42.01189999002963,,1,,,0,0,,,no_face,0,0.003600027412176132,1,6.485500023700297,1,,0,35.461299936287105,1,hover,0.008999952115118504,1
1790161694.7766266,,0.017024517059326172,58.738817466319354,,0.08380005601793528,,1,,,0,0,,,no_face,0,0.003600027412176132,1,,0,,0,,0,hover,0.009599956683814526,1
1790161694.8248186,,0.04819202423095703,20.750321572042033,,36.068900022655725,,1,,,0,0,,,no_face,0,0.005200039595365524,1,,0,,0,35.9722999855876,1,hover,0.01409999094903469,1
1790161694.8427997,,0.01798105239868164,55.61409743032167,,0.08319993503391743,,1,,,0,0,,,no_face,0,0.00409991480410099,1,,0,,0,,0,hover,0.009900075383484364,1
1790161694.9017992,,0.05899953842163086,16.949285142769394,,40.736100054346025,,1,,,0,0,,,no_face,0,0.00400003045797348,1,5.605700076557696,1,,0,35.061500035226345,1,hover,0.009999959729611874,1
1790161694.919705,,0.017905712127685547,55.84809991744561,,0.13430009130388498,,1,,,0,0,,,no_face,0,0.005800044164061546,1,,0,,0,,0,hover,0.015500001609325409,1
1790161694.9759603,,0.056255340576171875,17.77609005221401,,39.56309997010976,,1,,,0,0,,,no_face,0,0.003400025889277458,1,,0,,0,39.482600055634975,1,hover,0.009200070053339005,1
1790161694.9939272,,0.01796698570251465,55.657638769091946,,0.08230004459619522,,1,,,0,0,,,no_face,0,0.003700028173625469,1,,0,,0,,0,hover,0.0097999582067132,1
1790161695.0602088,,0.06628155708312988,15.087153108757036,,59.580300003290176,,2,,,0,0,,,no_face,0,0.0039000296965241432,1,4.8247999511659145,1,,0,54.68890001066029,1,hover,0.009199953638017178,1
1790161695.0771043,,0.016895532608032227,59.18724335003175,,0.08719996549189091,,2,,,0,0,,,no_face,0,0.004100031219422817,1,,0,,0,,0,hover,0.010599964298307896,1
1790161695.1336997,,0.0565953254699707,17.669303810799654,,42.20920009538531,,1,,,0,0,,,no_face,0,0.004400033503770828,1,,0,,0,42.12790005840361,1,hover,0.010599964298307896,1
1790161695.150675,,0.01697540283203125,58.90876404494382,,0.08240004535764456,,1,,,0,0,,,no_face,0,0.003800028935074806,1,,0,,0,,0,hover,0.009999959729611874,1
1790161695.206969,,0.05629396438598633,17.763893712359284,,53.66670002695173,,2,,,0,0,,,no_face,0,0.004199915565550327,1,5.475500016473234,1,,0,48.11560001689941,1,hover,0.0100000761449337,1
1790161695.2517815,,0.04481244087219238,22.315231675329997,,0.10699999984353781,,2,,,0,0,,,no_face,0,0.004900037311017513,1,,0,,0,,0,hover,0.01179997343569994,1
1790161695.3035338,,0.051752328872680664,19.322801925690463,,44.568800018168986,,1,,,0,0,,,no_face,0,0.0039000296965241432,1,,0,,0,44.4730999879539,1,search_360,0.014199991710484028,1
1790161695.321484,,0.01795029640197754,55.70938649736349,,0.0801000278443098,,1,,,0,0,,,no_face,0,0.003800028935074806,1,,0,,0,,0,search_360,0.007300055585801601,1
1790161695.3757005,,0.05421638488769531,18.444608619173263,,52.4337999522686,,2,,,0,0,,,no_face,0,0.003999914042651653,1,4.807299934327602,1,,0,47.5641000084579,1,search_360,0.006400048732757568,1
1790161695.410418,,0.034717559814453125,28.803867706845402,,0.07680000271648169,,2,,,0,0,,,no_face,0,0.0032999087125062943,1,,0,,0,,0,search_360,0.006400048732757568,1
1790161695.4595652,,0.04914712905883789,20.347068468695728,,35.22210009396076,,1,,,0,0,,,no_face,0,0.003400025889277458,1,,0,,0,35.1541000418365,1,search_360,0.006200047209858894,1
1790161695.4770427,,0.01747751235961914,57.21638065096991,,0.0801000278443098,,1,,,0,0,,,no_face,0,0.003800028935074806,1,,0,,0,,0,search_360,0.0070999376475811005,1
1790161695.535401,,0.05835843086242676,17.13548471440886,,56.141700013540685,,2,,,0,0,,,no_face,0,0.003400025889277458,1,5.432400037534535,1,,0,50.64959998708218,1,search_360,0.006400048732757568,1
1790161695.5689235,,0.03352236747741699,29.830828645192494,,0.07320009171962738,,2,,,0,0,,,no_face,0,0.003500026650726795,1,,0,,0,,0,search_360,0.006200047209858894,1
1790161695.6241016,,0.055178165435791016,18.12311069246524,,44.0260999603197,,1,,,0,0,,,no_face,0,0.0035999109968543053,1,,0,,0,43.9512999728322,1,search_360,0.007100054062902927,1
1790161695.6410089,,0.016907215118408203,59.14634627859097,,0.07619999814778566,,1,,,0,0,,,no_face,0,0.003700028173625469,1,,0,,0,,0,search_360,0.0071999384090304375,1
1790161695.7327745,,0.0917656421661377,10.897324711023582,,41.30249994341284,,1,,,0,0,,,no_face,0,0.0038999132812023163,1,5.208600079640746,1,,0,36.030199960805476,1,search_360,0.006800051778554916,1
1790161695.7507799,,0.01800537109375,55.538983050847456,,0.08629995863884687,,1,,,0,0,,,no_face,0,0.0033999094739556313,1,,0,,0,,0,search_360,0.006400048732757568,1
1790161695.825192,,0.07441210746765137,13.438673275511283,,53.91530005726963,,2,,,0,0,,,no_face,0,0.003800028935074806,1,,0,,0,53.834900027140975,1,search_360,0.0069999368861317635,1
1790161695.8431263,,0.017934322357177734,55.759006673579535,,0.07619999814778566,,2,,,0,0,,,no_face,0,0.0037999125197529793,1,,0,,0,,0,search_360,0.006800051778554916,1
1790161695.892191,,0.04906463623046875,20.38127818379723,,42.47810004744679,,1,,,0,0,,,no_face,0,0.003700028173625469,1,5.053499946370721,1,,0,37.359700072556734,1,search_360,0.0066999346017837524,1
1790161695.9226568,,0.03046584129333496,32.823646337932274,,0.07699988782405853,,1,,,0,0,,,no_face,0,0.003400025889277458,1,,0,,0,,0,search_360,0.006300047971308231,1
1790161695.9728007,,0.05014395713806152,19.94258245807559,,33.627400058321655,,1,,,0,0,,,no_face,0,0.003200024366378784,1,,0,,0,33.5588000016287,1,search_360,0.0066999346017837524,1
1790161695.994672,,0.021871328353881836,45.72195999345942,,0.08070003241300583,,1,,,0,0,,,no_face,0,0.004100031219422817,1,,0,,0,,0,search_360,0.0066999346017837524,1
1790161696.0437794,,0.04910731315612793,20.363565744692213,,38.37490000296384,,1,,,0,0,,,no_face,0,0.003500026650726795,1,4.970200010575354,1,,0,33.34179997909814,1,search_360,0.006299931555986404,1
1790161696.0616562,,0.017876863479614258,55.93822435016871,,0.07819989696145058,,1,,,0,0,,,no_face,0,0.003500026650726795,1,,0,,0,,0,search_360,0.006300047971308231,1
1790161696.1054857,,0.04382944107055664,22.815714176920483,,34.718999988399446,,1,,,0,0,,,no_face,0,0.00400003045797348,1,,0,,0,34.64560001157224,1,search_360,0.0067999353632330894,1
1790161696.1233642,,0.01787853240966797,55.93300261375153,,0.10579999070614576,,1,,,0,0,,,no_face,0,0.008500064723193645,1,,0,,0,,0,search_360,0.012199976481497288,1
1790161696.1767056,,0.05334138870239258,18.747168461985428,,39.664800046011806,,1,,,0,0,,,no_face,0,0.003500026650726795,1,4.889799980446696,1,,0,34.70860002562404,1,search_360,0.006800051778554916,1
1790161696.1946743,,0.01796865463256836,55.65246928323116,,0.16739999409765005,,1,,,0,0,,,no_face,0,0.005900044925510883,1,,0,,0,,0,search_360,0.011399970389902592,1
1790161696.2506332,,0.05595898628234863,17.87023079643303,,39.56879989709705,,1,,,0,0,,,no_face,0,0.0036999117583036423,1,,0,,0,39.493999909609556,1,search_360,0.007200054824352264,1
1790161696.2694757,,0.018842458724975586,53.071630119826395,,0.13599998783320189,,1,,,0,0,,,no_face,0,0.005600042641162872,1,,0,,0,,0,search_360,0.011499971151351929,1
1790161696.3367603,,0.06728458404541016,14.862245404164245,,48.380999942310154,,1,,,0,0,,,no_face,0,0.003800028935074806,1,5.114000057801604,1,,0,43.20349998306483,1,search_360,0.006400048732757568,1
1790161696.35468,,0.01791977882385254,55.80426018812948,,0.11770008131861687,,1,,,0,0,,,no_face,0,0.003500026650726795,1,,0,,0,,0,search_360,0.007500057108700275,1
1790161696.3927877,,0.03810763359069824,26.241461507179277,,33.911700011231005,,1,,,0,0,,,no_face,0,0.004199915565550327,1,,0,,0,33.83219998795539,1,search_360,0.008100061677396297,1
1790161696.4263456,,0.033557891845703125,29.799249744230988,,0.07690000347793102,,1,,,0,0,,,no_face,0,0.003100023604929447,1,,0,,0,,0,search_360,0.006399932317435741,1
1790161696.4774323,,0.0510866641998291,19.57458009175211,,49.708800041116774,,1,,,0,0,,,no_face,0,0.003700028173625469,1,6.299200002104044,1,,0,43.33629994653165,1,search_360,0.00700005330145359,1
1790161696.5243216,,0.046889305114746094,21.326824902882013,,0.10790000669658184,,1,,,0,0,,,no_face,0,0.005300040356814861,1,,0,,0,,0,search_360,0.009399955160915852,1
1790161696.5735703,,0.049248695373535156,20.30510640769931,,34.6054999390617,,1,,,0,0,,,no_face,0,0.004199915565550327,1,,0,,0,34.52580003067851,1,search_360,0.007700058631598949,1
1790161696.595501,,0.021930694580078125,45.59819098973735,,0.13050006236881018,,1,,,0,0,,,no_face,0,0.005400041118264198,1,,0,,0,,0,search_360,0.010699965059757233,1
1790161696.6457,,0.050199031829833984,19.920702920921396,,40.361199993640184,,1,,,0,0,,,no_face,0,0.0039000296965241432,1,4.70699998550117,1,,0,35.58099991641939,1,search_360,0.006800051778554916,1
1790161696.6626356,,0.01693558692932129,59.04725972435347,,0.12370001059025526,,1,,,0,0,,,no_face,0,0.005199923180043697,1,,0,,0,,0,search_360,0.010400079190731049,1
1790161696.706842,,0.04420638084411621,22.62116872960656,,36.32419998757541,,1,,,0,0,,,no_face,0,0.0035999109968543053,1,,0,,0,36.24919999856502,1,search_360,0.006700051017105579,1
1790161696.7247245,,0.017882585525512695,55.92032531164589,,0.0860999571159482,,1,,,0,0,,,no_face,0,0.003700028173625469,1,,0,,0,,0,search_360,0.007100054062902927,1
1790161696.793328,,0.068603515625,14.576512455516013,,46.5475000673905,,1,,,0,0,,,no_face,0,0.003700028173625469,1,6.90719997510314,1,,0,39.559900062158704,1,search_360,0.006800051778554916,1
1790161696.810317,,0.01698899269104004,58.861641663275186,,0.12969993986189365,,1,,,0,0,,,no_face,0,0.0037999125197529793,1,,0,,0,,0,search_360,0.0078000593930482864,1
1790161696.8596373,,0.049320220947265625,20.27565937040761,,34.8817000631243,,1,,,0,0,,,no_face,0,0.003600027412176132,1,,0,,0,34.80550006497651,1,search_360,0.0070999376475811005,1
1790161696.877599,,0.017961740493774414,55.673891978709,,0.12550002429634333,,1,,,0,0,,,no_face,0,0.005800044164061546,1,,0,,0,,0,search_360,0.009699957445263863,1
1790161696.923486,,0.045886993408203125,21.792667719677446,,40.241200011223555,,1,,,0,0,,,no_face,0,0.003500026650726795,1,5.032600020058453,1,,0,35.14029993675649,1,search_360,0.006300047971308231,1
1790161696.9404287,,0.016942739486694336,59.02233229669448,,0.10800000745803118,,1,,,0,0,,,no_face,0,0.0039000296965241432,1,,0,,0,,0,search_360,0.0074999406933784485,1
1790161696.993133,,0.0527043342590332,18.97377158935664,,39.6385999629274,,1,,,0,0,,,no_face,0,0.0039000296965241432,1,,0,,0,39.55899993889034,1,search_360,0.0074999406933784485,1
1790161697.0100722,,0.016939163208007812,59.034793379123975,,0.08189992513507605,,1,,,0,0,,,no_face,0,0.00409991480410099,1,,0,,0,,0,search_360,0.007200054824352264,1
1790161697.0592055,,0.04913330078125,20.3527950310559,,39.19239994138479,,1,,,0,0,,,no_face,0,0.004199915565550327,1,5.220700055360794,1,,0,33.8929999852553,1,search_360,0.007300055585801601,1
1790161697.0781367,,0.018931150436401367,52.82299157462565,,0.08649996016174555,,1,,,0,0,,,no_face,0,0.003500026650726795,1,,0,,0,,0,search_360,0.0069999368861317635,1
1790161697.1395648,,0.061428070068359375,16.279202633049742,,44.3564000306651,,1,,,0,0,,,no_face,0,0.0035999109968543053,1,,0,,0,44.25770009402186,1,search_360,0.007700058631598949,1
1790161697.1565053,,0.016940593719482422,59.02980831480283,,0.1316999550908804,,1,,,0,0,,,no_face,0,0.005799927748739719,1,,0,,0,,0,search_360,0.0100000761449337,1
1790161697.2092745,,0.05276918411254883,18.95045407310351,,38.12719997949898,,1,,,0,0,,,no_face,0,0.0034999102354049683,1,5.116800079122186,1,,0,32.94169995933771,1,search_360,0.006300047971308231,1
1790161697.2263026,,0.017028093338012695,58.72648100698674,,0.08109991904348135,,1,,,0,0,,,no_face,0,0.0035999109968543053,1,,0,,0,,0,search_360,0.006300047971308231,1
1790161697.2782662,,0.05196356773376465,19.24425214841868,,37.50720003154129,,1,,,0,0,,,no_face,0,0.006400048732757568,1,,0,,0,37.3879000544548,1,search_360,0.011499971151351929,1
1790161697.2962337,,0.01796746253967285,55.65616167513701,,0.1862999051809311,,1,,,0,0,,,no_face,0,0.007400056347250938,1,,0,,0,,0,search_360,0.01409999094903469,1
1790161697.3580358,,0.06180214881896973,16.180667163033288,,42.879699962213635,,1,,,0,0,,,no_face,0,0.003400025889277458,1,4.714699927717447,1,,0,38.09779998846352,1,search_360,0.00609993003308773,1
1790161697.374956,,0.016920089721679688,59.10134144966746,,0.17749995458871126,,1,,,0,0,,,no_face,0,0.003600027412176132,1,,0,,0,,0,search_360,0.0069999368861317635,1
1790161697.4366996,,0.061743736267089844,16.195974854424417,,41.527100023813546,,1,,,0,0,,,no_face,0,0.00409991480410099,1,,0,,0,41.44689999520779,1,search_360,0.007300055585801601,1
1790161697.4552681,,0.01856851577758789,53.85460054954932,,0.12270000297576189,,1,,,0,0,,,no_face,0,0.004899920895695686,1,,0,,0,,0,search_360,0.010300078429281712,1
1790161697.4942906,,0.03902244567871094,25.626276944132165,,41.6199000319466,,1,,,0,0,,,no_face,0,0.003500026650726795,1,4.674299969337881,1,,0,36.87260008882731,1,search_360,0.0067999353632330894,1
1790161697.5109394,,0.01664876937866211,60.06449949878276,,0.11929997708648443,,1,,,0,0,,,no_face,0,0.003500026650726795,1,,0,,0,,0,search_360,0.006700051017105579,1
1790161697.5710413,,0.060101985931396484,16.638385312948756,,36.03439999278635,,1,,,0,0,,,no_face,0,0.0032999087125062943,1,,0,,0,35.96160002052784,1,search_360,0.006600050255656242,1
1790161697.595605,,0.02456355094909668,40.710726314461255,,0.13289996422827244,,1,,,0,0,,,no_face,0,0.005599926225841045,1,,0,,0,,0,search_360,0.011200085282325745,1
1790161697.6447618,,0.049156904220581055,20.34302232526106,,40.29110004194081,,1,,,0,0,,,no_face,0,0.003800028935074806,1,5.098500056192279,1,,0,35.115999984554946,1,search_360,0.0070999376475811005,1
1790161697.662699,,0.017937183380126953,55.75011298083314,,0.08509994950145483,,1,,,0,0,,,no_face,0,0.003500026650726795,1,,0,,0,,0,search_360,0.006900052540004253,1
1790161697.7330348,,0.07033586502075195,14.217497711941968,,33.707500086165965,,1,,,0,0,,,no_face,0,0.004700035788118839,1,,0,,0,33.60130009241402,1,search_360,0.010399962775409222,1
1790161697.7519855,,0.018950700759887695,52.7684972007297,,0.08889997843652964,,1,,,0,0,,,no_face,0,0.00409991480410099,1,,0,,0,,0,search_360,0.006700051017105579,1
1790161697.8107822,,0.05879664421081543,17.007773375883477,,40.05860001780093,,1,,,0,0,,,no_face,0,0.0034999102354049683,1,4.936399986036122,1,,0,35.04890005569905,1,search_360,0.006400048732757568,1
1790161697.827656,,0.016873836517333984,59.26334529629525,,0.08460006210952997,,1,,,0,0,,,no_face,0,0.00400003045797348,1,,0,,0,,0,search_360,0.006700051017105579,1
1790161697.8798068,,0.052150726318359375,19.175188354911857,,35.624400014057755,,1,,,0,0,,,no_face,0,0.003700028173625469,1,,0,,0,35.54660000372678,1,search_360,0.006499933078885078,1
1790161697.8977087,,0.017901897430419922,55.86000053272248,,0.09250000584870577,,1,,,0,0,,,no_face,0,0.003500026650726795,1,,0,,0,,0,search_360,0.0068999361246824265,1
1790161697.944512,,0.04680323600769043,21.36604400250628,,40.51730001810938,,1,,,0,0,,,no_face,0,0.0037999125197529793,1,5.242199986241758,1,,0,35.197600023820996,1,search_360,0.006800051778554916,1
1790161697.961471,,0.016959190368652344,58.965079008041386,,0.08430005982518196,,1,,,0,0,,,no_face,0,0.003700028173625469,1,,0,,0,,0,search_360,0.00700005330145359,1
1790161698.0118527,,0.05038166046142578,19.848492305362583,,34.714699955657125,,1,,,0,0,,,no_face,0,0.0037999125197529793,1,,0,,0,34.63080001529306,1,search_360,0.007600057870149612,1
1790161698.0287173,,0.016864538192749023,59.29602035767301,,0.13990001752972603,,1,,,0,0,,,no_face,0,0.005700043402612209,1,,0,,0,,0,search_360,0.010999967344105244,1
1790161698.0804017,,0.05168437957763672,19.3482055540179,,44.010199955664575,,1,,,0,0,,,no_face,0,0.003600027412176132,1,4.5915000373497605,1,,0,39.340300019830465,1,search_360,0.006900052540004253,1
1790161698.0973904,,0.016988754272460938,58.86246772201639,,0.14359992928802967,,1,,,0,0,,,no_face,0,0.005500041879713535,1,,0,,0,,0,search_360,0.007600057870149612,1
1790161698.1445935,,0.04720306396484375,21.185065459835137,,34.3288000440225,,1,,,0,0,,,no_face,0,0.003500026650726795,1,,0,,0,34.248000010848045,1,search_360,0.0068999361246824265,1
1790161698.1624749,,0.017881393432617188,55.92405333333333,,0.1287000486627221,,1,,,0,0,,,no_face,0,0.005600042641162872,1,,0,,0,,0,search_360,0.009299954399466515,1
1790161698.2118628,,0.04938793182373047,20.247861432405816,,39.13839999586344,,1,,,0,0,,,no_face,0,0.0032999087125062943,1,5.162599962204695,1,,0,33.90400006901473,1,search_360,0.00600004568696022,1
1790161698.2297912,,0.017928361892700195,55.77754431692754,,0.08469994645565748,,1,,,0,0,,,no_face,0,0.003700028173625469,1,,0,,0,,0,search_360,0.006700051017105579,1
1790161698.280922,,0.05113077163696289,19.557694280465174,,35.87379993405193,,1,,,0,0,,,no_face,0,0.0033999094739556313,1,,0,,0,35.795000032521784,1,search_360,0.00700005330145359,1
1790161698.2988145,,0.01789259910583496,55.88902954148733,,0.1455999445170164,,1,,,0,0,,,no_face,0,0.006500049494206905,1,,0,,0,,0,search_360,0.011599971912801266,1
1790161698.3452897,,0.04647517204284668,21.51686494195382,,40.846899966709316,,1,,,0,0,,,no_face,0,0.0032999087125062943,1,4.647699999623001,1,,0,36.12589999102056,1,search_360,0.006200047209858894,1
1790161698.3622694,,0.016979694366455078,58.89387514392429,,0.09790004696696997,,1,,,0,0,,,no_face,0,0.003700028173625469,1,,0,,0,,0,search_360,0.007100054062902927,1
1790161698.41252,,0.05025053024291992,19.900287522655457,,35.18420003820211,,1,,,0,0,,,no_face,0,0.003800028935074806,1,,0,,0,35.10169999208301,1,search_360,0.006600050255656242,1
1790161698.4306533,,0.01813340187072754,55.1468503885244,,0.130099942907691,,1,,,0,0,,,no_face,0,0.006199930794537067,1,,0,,0,,0,search_360,0.010900082997977734,1
1790161698.4813669,,0.050713539123535156,19.718600146679954,,41.851299931295216,,1,,,0,0,,,no_face,0,0.003600027412176132,1,4.62549994699657,1,,0,37.1510999975726,1,search_360,0.0068999361246824265,1
1790161698.4984818,,0.017114877700805664,58.42869680295326,,0.15049998182803392,,1,,,0,0,,,no_face,0,0.0065999338403344154,1,,0,,0,,0,search_360,0.012500095181167126,1
1790161698.5469828,,0.048501014709472656,20.61812533181273,,35.973999998532236,,1,,,0,0,,,no_face,0,0.006600050255656242,1,,0,,0,35.85340001154691,1,search_360,0.011899974197149277,1
1790161698.5648434,,0.01786065101623535,55.98900057399917,,0.0879999715834856,,1,,,0,0,,,no_face,0,0.0035999109968543053,1,,0,,0,,0,search_360,0.006500049494206905,1
1790161698.6293862,,0.06454277038574219,15.493602056798368,,47.34499996993691,,1,,,0,0,,,no_face,0,0.003999914042651653,1,4.889000090770423,1,,0,42.359599960036576,1,search_360,0.007200054824352264,1
1790161698.6462498,,0.016863584518432617,59.299373683392005,,0.08849997539073229,,1,,,0,0,,,no_face,0,0.003600027412176132,1,,0,,0,,0,search_360,0.0065999338403344154,1
1790161698.6970255,,0.050775766372680664,19.694434401250888,,39.56610010936856,,1,,,0,0,,,no_face,0,0.0039000296965241432,1,,0,,0,39.48170004878193,1,search_360,0.006400048732757568,1
1790161698.7174048,,0.020379304885864258,49.0693870865847,,0.08949998300522566,,1,,,0,0,,,no_face,0,0.003300025127828121,1,,0,,0,,0,search_360,0.006500049494206905,1
1790161698.7772968,,0.05989193916320801,16.696737724169502,,45.25379999540746,,1,,,0,0,,,no_face,0,0.003700028173625469,1,5.60479995328933,1,,0,39.56359997391701,1,search_360,0.0066999346017837524,1
1790161698.7983155,,0.02101874351501465,47.57658321895666,,0.13569998554885387,,1,,,0,0,,,no_face,0,0.004799920134246349,1,,0,,0,,0,search_360,0.009500072337687016,1
1790161698.8466213,,0.04830574989318848,20.701469332556798,,33.96320005413145,,1,,,0,0,,,no_face,0,0.003600027412176132,1,,0,,0,33.86480000335723,1,search_360,0.006800051778554916,1
1790161698.8644812,,0.017859935760498047,55.991242824723,,0.1601999392732978,,1,,,0,0,,,no_face,0,0.0078000593930482864,1,,0,,0,,0,search_360,0.012299977242946625,1
1790161698.9184608,,0.05397963523864746,18.525504953468754,,43.37960004340857,,1,,,0,0,,,no_face,0,0.00400003045797348,1,6.082599982619286,1,,0,37.19830000773072,1,search_360,0.0074999406933784485,1
1790161698.9363542,,0.017893314361572266,55.886795469686874,,0.12890005018562078,,1,,,0,0,,,no_face,0,0.005900044925510883,1,,0,,0,,0,search_360,0.011399970389902592,1
1790161698.981464,,0.04510974884033203,22.168157121413923,,37.39269997458905,,1,,,0,0,,,no_face,0,0.003700028173625469,1,,0,,0,37.30219998396933,1,search_360,0.0073999399319291115,1
1790161698.998411,,0.016947031021118164,59.00738593998396,,0.13949989806860685,,1,,,0,0,,,no_face,0,0.005800044164061546,1,,0,,0,,0,search_360,0.01209997572004795,1
1790161699.048643,,0.0502321720123291,19.90756043267565,,41.153899976052344,,1,,,0,0,,,no_face,0,0.003800028935074806,1,6.563199916854501,1,,0,34.50840001460165,1,search_360,0.0071999384090304375,1
1790161699.0659297,,0.01728653907775879,57.84847941521274,,0.16279995907098055,,1,,,0,0,,,no_face,0,0.006200047209858894,1,,0,,0,,0,search_360,0.01409999094903469,1
1790161699.118217,,0.05228734016418457,19.12508834566753,,34.809700096957386,,1,,,0,0,,,no_face,0,0.003800028935074806,1,,0,,0,34.72150000743568,1,search_360,0.00800006091594696,1
1790161699.137093,,0.018876075744628906,52.97711312080028,,0.1327000791206956,,1,,,0,0,,,no_face,0,0.006200047209858894,1,,0,,0,,0,search_360,0.011499971151351929,1
1790161699.1972213,,0.060128211975097656,16.631128170153374,,42.55280003417283,,1,,,0,0,,,no_face,0,0.004600035026669502,1,5.591999972239137,1,,0,36.85630008112639,1,search_360,0.007899943739175797,1
1790161699.2150984,,0.01787710189819336,55.93747832813209,,0.09280000813305378,,1,,,0,0,,,no_face,0,0.003500026650726795,1,,0,,0,,0,search_360,0.0070999376475811005,1
1790161699.2688768,,0.05377840995788574,18.59482273245169,,36.23560001142323,,1,,,0,0,,,no_face,0,0.003700028173625469,1,,0,,0,36.1465000314638,1,search_360,0.0073999399319291115,1
1790161699.3011477,,0.03227090835571289,30.987661982652895,,0.1647999742999673,,1,,,0,0,,,no_face,0,0.02129992935806513,1,,0,,0,,0,search_360,0.01070008147507906,1
1790161699.3629322,,0.06178450584411621,16.185287659709118,,41.746500064618886,,1,,,0,0,,,no_face,0,0.003700028173625469,1,5.324700032360852,1,,0,36.34520003106445,1,search_360,0.0070999376475811005,1
1790161699.380895,,0.01796269416809082,55.67093614366679,,0.08639995940029621,,1,,,0,0,,,no_face,0,0.003400025889277458,1,,0,,0,,0,search_360,0.006499933078885078,1
1790161699.4317863,,0.05089139938354492,19.649685646556165,,34.03810004238039,,1,,,0,0,,,no_face,0,0.003300025127828121,1,,0,,0,33.95710000768304,1,search_360,0.006600050255656242,1
1790161699.4496286,,0.01784229278564453,56.04660858410391,,0.14749995898455381,,1,,,0,0,,,no_face,0,0.00600004568696022,1,,0,,0,,0,search_360,0.011299969628453255,1
1790161699.4976997,,0.04807114601135254,20.8024996900186,,39.84289988875389,,1,,,0,0,,,no_face,0,0.003500026650726795,1,5.295100039802492,1,,0,34.468799945898354,1,search_360,0.006100046448409557,1
1790161699.515609,,0.01790928840637207,55.83694769492924,,0.1327999634668231,,1,,,0,0,,,no_face,0,0.005999929271638393,1,,0,,0,,0,search_360,0.011699972674250603,1
1790161699.5691216,,0.0535125732421875,18.687197034502425,,34.50199996586889,,1,,,0,0,,,no_face,0,0.00409991480410099,1,,0,,0,34.414099995046854,1,search_360,0.0078000593930482864,1
1790161699.6004426,,0.031321048736572266,31.92741112887265,,9.481700020842254,,1,,,0,0,,,no_face,0,0.004300032742321491,1,,0,9.429699974134564,1,,0,search_360,0.0076999422162771225,1
1790161699.6651423,,0.06469964981079102,15.456034196853006,,61.12059997394681,,1,,,0,0,,,no_face,0,0.004699919372797012,1,6.402799976058304,1,9.887199965305626,1,44.80130004230887,1,search_360,0.008500064723193645,1
1790161699.7001238,,0.034981489181518555,28.586547439733376,,10.540599934756756,,1,,,0,0,,,no_face,0,0.00800006091594696,1,,0,10.473200003616512,1,,0,search_360,0.013899989426136017,1
1790161699.7624376,,0.06231379508972168,16.04781089901784,,58.8755999924615,,1,,,0,0,,,no_face,0,0.004400033503770828,1,,0,9.619800024665892,1,49.21749990899116,1,search_360,0.00879995059221983,1
1790161699.800383,,0.03794550895690918,26.35357984354874,,9.741699905134737,,1,,,0,0,,,no_face,0,0.004599918611347675,1,,0,9.691899991594255,1,,0,search_360,0.008400063961744308,1
1790161699.8827226,,0.08233952522277832,12.144835633851349,,66.25430006533861,,1,,,0,0,,,no_face,0,0.007100054062902927,1,6.656399928033352,1,10.86620008572936,1,48.68360003456473,1,search_360,0.014199991710484028,1
1790161699.9010565,,0.018333911895751953,54.543733257041794,,9.686400066129863,,1,,,0,0,,,no_face,0,0.004500034265220165,1,,0,9.637800045311451,1,,0,search_360,0.008899951353669167,1
1790161699.9678054,,0.06674885749816895,14.981529834086404,,55.042200023308396,,1,,,0,0,,,no_face,0,0.00409991480410099,1,,0,9.600199991837144,1,45.404700096696615,1,search_360,0.008500064723193645,1
1790161700.000678,,0.032872676849365234,30.420400644047636,,11.092500062659383,,1,,,0,0,,,no_face,0,0.0069999368861317635,1,,0,11.021899990737438,1,,0,search_360,0.013600103557109833,1
1790161700.0830603,,0.0823822021484375,12.138544174847194,,65.63219998497516,,1,,,0,0,,,no_face,0,0.004900037311017513,1,5.849700071848929,1,10.20969997625798,1,49.53829990699887,1,search_360,0.010199961252510548,1
1790161700.100905,,0.017844676971435547,56.039120327071586,,10.21410000976175,,1,,,0,0,,,no_face,0,0.004800036549568176,1,,0,10.157299926504493,1,,0,search_360,0.009599956683814526,1
1790161700.1830277,,0.082122802734375,12.176885916016351,,54.754899931140244,,1,,,0,0,,,no_face,0,0.004900037311017513,1,,0,9.960400057025254,1,44.75000000093132,1,search_360,0.01079996582120657,1
1790161700.2008717,,0.017843961715698242,56.041366594070254,,10.254599968902767,,1,,,0,0,,,no_face,0,0.004699919372797012,1,,0,10.201500030234456,1,,0,search_360,0.009100069291889668,1
1790161700.2829976,,0.08212590217590332,12.176426358862106,,64.23480005469173,,1,,,0,0,,,no_face,0,0.004900037311017513,1,6.638999911956489,1,10.159700061194599,1,47.40140005014837,1,search_360,0.010199961252510548,1
1790161700.3008783,,0.017880678176879883,55.92629038494873,,10.761899990029633,,1,,,0,0,,,no_face,0,0.004900037311017513,1,,0,10.701899998821318,1,,0,search_360,0.010499963536858559,1
1790161700.363489,,0.06261062622070312,15.971729726436362,,59.34829998295754,,1,,,0,0,,,no_face,0,0.009399955160915852,1,,0,9.854599949903786,1,49.424699973315,1,hover,0.024399952962994576,1
1790161700.4074612,,0.04397225379943848,22.74161348565604,,10.318499989807606,,1,,,0,0,,,no_face,0,0.007200054824352264,1,,0,10.23190002888441,1,,0,hover,0.02010003663599491,1
1790161700.4726858,,0.06522464752197266,15.331627505738892,,56.96600000374019,,1,,,0,0,,,no_face,0,0.005199923180043697,1,5.15729992184788,1,10.17290004529059,1,41.59780009649694,1,hover,0.012999982573091984,1
1790161700.5014515,,0.02876567840576172,34.763650830487684,,9.874299983493984,,1,,,0,0,,,no_face,0,0.005400041118264198,1,,0,9.819500031881034,1,,0,hover,0.012899981811642647,1
1790161700.6460006,,0.14454913139343262,6.918063016775994,,131.07160001527518,,1,pose,59.07249997835606,1,0,59.06550004146993,1,handedness=Left(0.98),8,6.44189992453903,1,,0,22.101799957454205,1,43.43279998283833,1,face,0.01100008375942707,1
1790161700.6640298,,0.018029212951660156,55.4655382174028,,10.927599971182644,,1,held,,0,0,,,held,0,0.8027000585570931,1,,0,10.062600020319223,1,,0,face,0.01379998866468668,1
1790161700.7992222,,0.1351923942565918,7.396865818516572,,128.61730006989092,,1,pose,57.99719993956387,1,0,57.99010000191629,1,handedness=Left(0.98),8,6.507499958388507,1,6.906200083903968,1,10.275700013153255,1,46.91929998807609,1,face,0.008300063200294971,1
1790161700.8170712,,0.017848968505859375,56.0256465056636,,10.514399968087673,,1,held,,0,0,,,held,0,0.5740000633522868,1,,0,9.890699991956353,1,,0,face,0.008299946784973145,1
1790161700.9404645,,0.12339329719543457,8.104167914535628,,115.70590001065284,,1,pose,58.77159989904612,1,0,58.76490008085966,1,handedness=Left(0.98),8,6.390700000338256,1,,0,8.843400049954653,1,41.68020002543926,1,face,0.009100069291889668,1
1790161700.9583051,,0.01784062385559082,56.05185155487845,,10.124700027517974,,1,held,,0,0,,,held,0,0.5138000706210732,1,,0,9.565399959683418,1,,0,face,0.00879995059221983,1
1790161701.099936,,0.1416308879852295,7.060606723755687,,125.43469993397593,,1,pose,56.637999950908124,1,0,56.63130001630634,1,handedness=Left(0.98),8,6.959600024856627,1,6.3293999992311,1,8.944100001826882,1,46.55149998143315,1,face,0.008900067768990993,1
1790161701.1255283,,0.025592327117919922,39.07421139907958,,11.530900024808943,,1,held,,0,0,,,held,0,0.7304999744519591,1,,0,10.739799938164651,1,,0,face,0.013499986380338669,1
1790161701.2546134,,0.12908506393432617,7.746829644898065,,118.02970001008362,,1,pose,56.81390000972897,1,0,56.80650006979704,1,handedness=Left(0.99),8,7.380299968644977,1,,0,9.566400083713233,1,44.246000004932284,1,face,0.00809994526207447,1
1790161701.2724533,,0.017839908599853516,56.05409884264828,,10.53580001462251,,1,held,,0,0,,,held,0,0.7583999540656805,1,,0,9.712600032798946,1,,0,face,0.011800089851021767,1
1790161701.4190488,,0.14659547805786133,6.821492813068213,,125.45479997061193,,1,pose,59.7635000012815,1,0,59.75280003622174,1,handedness=Left(0.98),8,6.066900095902383,1,5.904600024223328,1,9.440299938432872,1,44.26460003014654,1,face,0.012199976481497288,1
1790161701.4368973,,0.017848491668701172,56.027143276962946,,10.719700017943978,,1,held,,0,0,,,held,0,0.6024999311193824,1,,0,10.069999960251153,1,,0,face,0.009500072337687016,1
1790161701.5735984,,0.13670110702514648,7.3152297136558495,,126.73589994665235,,1,pose,63.056400045752525,1,0,63.04989999625832,1,handedness=Left(0.99),8,6.5873999847099185,1,,0,9.961699950508773,1,47.1091999206692,1,face,0.009699957445263863,1
1790161701.6026356,,0.0290372371673584,34.43853815142334,,9.423999930731952,,1,held,,0,0,,,held,0,0.5285999504849315,1,,0,8.846100070513785,1,,0,face,0.007999944500625134,1
1790161701.738099,,0.13546347618103027,7.382063624763497,,124.3426000000909,,1,pose,58.239800040610135,1,0,58.23269998654723,1,handedness=Left(0.98),8,6.544100004248321,1,6.319300038740039,1,9.066599886864424,1,44.14610005915165,1,face,0.022500054910779,1
1790161701.7644527,,0.02635359764099121,37.94548333107161,,10.925699956715107,,1,held,,0,0,,,held,0,0.5313000874593854,1,,0,10.343499947339296,1,,0,face,0.00879995059221983,1
1790161701.9001946,,0.1357419490814209,7.366919414131727,,122.70780000835657,,1,pose,64.93640004191548,1,0,64.92959999013692,1,handedness=Left(0.99),8,6.852800026535988,1,,0,9.23179998062551,1,41.66530002839863,1,face,0.01009996049106121,1
1790161701.9275322,,0.02733755111694336,36.579721267726015,,10.01570001244545,,1,held,,0,0,,,held,0,0.5763999652117491,1,,0,9.389400016516447,1,,0,face,0.0100000761449337,1
1790161702.0797412,,0.15220904350280762,6.569911859288139,,136.33090001530945,,1,pose,68.44059994909912,1,0,68.43369989655912,1,handedness=Left(0.99),8,8.341699955053627,1,5.6573000038042665,1,9.955100016668439,1,43.922899989411235,1,face,0.008800067007541656,1
1790161702.1026008,,0.022859573364257812,43.7453483521068,,11.741099995560944,,1,held,,0,0,,,held,0,0.6667999550700188,1,,0,11.015100055374205,1,,0,face,0.00970007386058569,1
1790161702.2563593,,0.15375852584838867,6.503704392861019,,139.06050007790327,,1,pose,70.4361000098288,1,0,70.42929995805025,1,handedness=Left(0.99),8,6.169300060719252,1,,0,10.766100022010505,1,51.66840006131679,1,face,0.008199946023523808,1
1790161702.2852654,,0.02890610694885254,34.59476579704885,,15.555200050584972,,1,held,,0,0,,,held,0,0.8158000418916345,1,,0,14.665700029581785,1,,0,face,0.014399993233382702,1
1790161702.47898,,0.19371461868286133,5.162233014727421,,178.097500000149,,1,pose,87.05029997508973,1,0,87.04160002525896,1,handedness=Left(0.99),8,7.651299936696887,1,8.349200012162328,1,12.283400050364435,1,62.737499945797026,1,face,0.020400038920342922,1
1790161702.4864838,,0.0075037479400634766,133.2667365678518,,12.229299987666309,,1,held,,0,0,,,held,0,0.7579999510198832,1,,0,11.396900052204728,1,,0,face,0.013899989426136017,1
1790161702.663758,,0.17727422714233398,5.640977913823295,,166.93199996370822,,1,pose,80.08949994109571,1,0,80.07679996080697,1,handedness=Left(0.99),8,9.042999939993024,1,,0,15.408200095407665,1,62.36939993686974,1,face,0.008200062438845634,1
1790161702.6856449,,0.021886825561523438,45.68958605664488,,11.50020002387464,,1,held,,0,0,,,held,0,0.6060999585315585,1,,0,10.836699977517128,1,,0,face,0.009399955160915852,1
1790161702.8327794,,0.14713454246520996,6.796500558231936,,135.59139997232705,,1,pose,57.629200047813356,1,0,57.620499981567264,1,handedness=Left(0.99),8,7.442799978889525,1,7.549399975687265,1,10.800999938510358,1,52.148899994790554,1,face,0.0171000137925148,1
1790161702.8506544,,0.017874956130981445,55.94419324290078,,10.848700068891048,,1,held,,0,0,,,held,0,0.6009000353515148,1,,0,10.193799971602857,1,,0,face,0.009499955922365189,1
1790161702.9860752,,0.1354207992553711,7.384390030915711,,128.87790007516742,,1,pose,62.8232000162825,1,0,62.81679996754974,1,handedness=Left(0.99),8,6.610600044950843,1,,0,9.859099984169006,1,49.5641001034528,1,face,0.008399947546422482,1
1790161703.0039861,,0.01791095733642578,55.83174484851712,,12.692999909631908,,1,held,,0,0,,,held,0,0.9533000411465764,1,,0,11.656900052912533,1,,0,face,0.016200006939470768,1
1790161703.1546159,,0.15062975883483887,6.638794403810145,,139.7586000384763,,1,pose,64.24009997863322,1,0,64.23119991086423,1,handedness=Left(0.99),8,7.386599900200963,1,7.218500017188489,1,10.94920001924038,1,49.94810000061989,1,face,0.009800074622035027,1
1790161703.1724567,,0.017840862274169922,56.05110249899773,,13.077300041913986,,1,held,,0,0,,,held,0,0.7651000050827861,1,,0,12.245099991559982,1,,0,face,0.01279998105019331,1
1790161703.33333,,0.1608731746673584,6.216076745347543,,129.04120003804564,,1,pose,59.6502999542281,1,0,59.64240001048893,1,handedness=Left(0.99),8,7.810699986293912,1,,0,10.934700025245547,1,50.621200003661215,1,face,0.012199976481497288,1
1790161703.3559573,,0.02262735366821289,44.194297515436325,,11.702699935995042,,1,held,,0,0,,,held,0,0.6441000150516629,1,,0,11.000600061379373,1,,0,face,0.01070008147507906,1
1790161703.5022156,,0.14625835418701172,6.83721627772018,,140.81630005966872,,1,pose,69.32040001265705,1,0,69.31309995707124,1,handedness=Left(0.99),8,6.719799945130944,1,6.2061999924480915,1,10.604699957184494,1,47.95340006239712,1,face,0.007400056347250938,1
1790161703.5201643,,0.017948627471923828,55.714566563056245,,11.614399962127209,,1,held,,0,0,,,held,0,0.7547000423073769,1,,0,10.792199987918139,1,,0,face,0.014899997040629387,1
1790161703.5865722,,0.06640791893005371,15.058445078715422,,59.792199986986816,,1,,,0,0,,,no_face,0,0.004600035026669502,1,,0,9.364900062792003,1,50.386999966576695,1,face,0.008399947546422482,1
1790161703.604388,,0.017815828323364258,56.12986283037805,,11.46609999705106,,1,,,0,0,,,no_face,0,0.007200054824352264,1,,0,11.398299946449697,1,,0,face,0.014199991710484028,1
1790161703.7021713,,0.09778332710266113,10.226692316882572,,65.76370005495846,,1,,,0,0,,,no_face,0,0.004600035026669502,1,6.154199945740402,1,10.0662000477314,1,49.51110004913062,1,face,0.009299954399466515,1
1790161703.7386284,,0.036457061767578125,27.429528094590353,,11.447799974121153,,1,,,0,0,,,no_face,0,0.00600004568696022,1,,0,11.382300057448447,1,,0,face,0.011699972674250603,1
1790161703.8023891,,0.06376075744628906,15.683627987675372,,60.35020004492253,,1,,,0,0,,,no_face,0,0.01780001912266016,1,,0,10.432500042952597,1,49.85800001304597,1,face,0.01079996582120657,1
1790161703.8359475,,0.03355836868286133,29.798826321099224,,10.292000020854175,,1,,,0,0,,,no_face,0,0.005100038833916187,1,,0,10.235499939881265,1,,0,face,0.009199953638017178,1
1790161703.90222,,0.06627249717712402,15.089215626315355,,61.93419999908656,,1,,,0,0,,,no_face,0,0.00800006091594696,1,6.537100067362189,1,10.333099984563887,1,45.01579992938787,1,face,0.015600002370774746,1
1790161703.9359152,,0.033695220947265625,29.67779916223254,,11.518899933435023,,1,,,0,0,,,no_face,0,0.0069999368861317635,1,,0,11.453300016000867,1,,0,face,0.013899989426136017,1
1790161704.0023983,,0.0664830207824707,15.041434462972925,,57.34929989557713,,1,,,0,0,,,no_face,0,0.005400041118264198,1,,0,11.394300032407045,1,45.909699983894825,1,face,0.009599956683814526,1
1790161704.020223,,0.017824649810791016,56.102083946389875,,10.80260006710887,,1,,,0,0,,,no_face,0,0.008100061677396297,1,,0,10.733600007370114,1,,0,face,0.014599994756281376,1
1790161704.102573,,0.08235001564025879,12.143288525510927,,69.035500055179,,1,,,0,0,,,no_face,0,0.007300055585801601,1,6.40049995854497,1,10.591400088742375,1,51.99649999849498,1,face,0.01379998866468668,1
1790161704.1203964,,0.017823457717895508,56.10583624275988,,11.460900073871017,,1,,,0,0,,,no_face,0,0.008499948307871819,1,,0,11.388099985197186,1,,0,face,0.016200006939470768,1
1790161704.1872394,,0.06684303283691406,14.960422314167499,,60.58100005611777,,1,,,0,0,,,no_face,0,0.005200039595365524,1,,0,10.663899942301214,1,49.86969998572022,1,face,0.010899966582655907,1
1790161704.2051163,,0.017876863479614258,55.93822435016871,,12.326600030064583,,1,,,0,0,,,no_face,0,0.006399932317435741,1,,0,12.262000003829598,1,,0,face,0.013100099749863148,1
1790161704.2874205,,0.08230423927307129,12.150042438059263,,66.42950000241399,,1,,,0,0,,,no_face,0,0.005399924702942371,1,7.688700105063617,1,11.20539999101311,1,47.500999993644655,1,face,0.009500072337687016,1
1790161704.3056066,,0.018186092376708984,54.987073599202915,,12.357400031760335,,1,,,0,0,,,no_face,0,0.004300032742321491,1,,0,12.280400027520955,1,,0,face,0.008999952115118504,1
1790161704.3743255,,0.06871891021728516,14.55203519436002,,61.75649992655963,,1,,,0,0,,,no_face,0,0.0068999361246824265,1,,0,10.638600098900497,1,51.0561999399215,1,hover,0.017700018361210823,1
1790161704.405374,,0.03104853630065918,32.20763743309759,,12.615600018762052,,1,,,0,0,,,no_face,0,0.009300070814788342,1,,0,12.540000025182962,1,,0,hover,0.020999927073717117,1
1790161704.4875915,,0.08221745491027832,12.162867375197553,,78.60340003389865,,1,,,0,0,,,no_face,0,0.0071999384090304375,1,8.017399930395186,1,15.225000097416341,1,55.307700065895915,1,hover,0.019000028260052204,1
1790161704.5354483,,0.047856807708740234,20.89566872253719,,12.306699994951487,,1,,,0,0,,,no_face,0,0.005699926987290382,1,,0,12.145299930125475,1,,0,hover,0.014299992471933365,1
1790161704.6188204,,0.08337211608886719,11.994417881082565,,66.36830000206828,,1,,,0,0,,,no_face,0,0.004899920895695686,1,,0,12.548199971206486,1,53.76610008534044,1,hover,0.012899981811642647,1
1790161704.6366408,,0.017820358276367188,56.11559456277427,,14.54629993531853,,1,,,0,0,,,no_face,0,0.008600065484642982,1,,0,14.468399924226105,1,,0,hover,0.018900027498602867,1
1790161704.7390704,,0.10242962837219238,9.762800235556455,,67.64859997201711,,1,,,0,0,,,no_face,0,0.004900037311017513,1,6.12939998973161,1,10.750800021924078,1,50.72980001568794,1,hover,0.012999982573091984,1
1790161704.7799194,,0.04084897041320801,24.48042116813457,,18.6027999734506,,1,,,0,0,,,no_face,0,0.005500041879713535,1,,0,18.538600066676736,1,,0,hover,0.013499986380338669,1
1790161704.8908982,,0.11097884178161621,9.010726584872787,,89.3830000422895,,1,,,0,0,,,no_face,0,0.005800044164061546,1,,0,15.93170000705868,1,73.39589996263385,1,hover,0.013599987141788006,1
1790161704.9337878,,0.04288959503173828,23.31567829586641,,17.43399992119521,,1,,,0,0,,,no_face,0,0.0100000761449337,1,,0,17.311299918219447,1,,0,hover,0.02489995677024126,1
1790161705.024974,,0.0911862850189209,10.96656147130572,,82.87469996139407,,1,,,0,0,,,no_face,0,0.0065999338403344154,1,6.482400000095367,1,10.967999929562211,1,65.37750002462417,1,hover,0.016300007700920105,1
1790161705.0532548,,0.02828073501586914,35.35975990153265,,12.616299907676876,,1,,,0,0,,,no_face,0,0.015500001609325409,1,,0,12.496600043959916,1,,0,hover,0.0323000131174922,1
1790161705.1195498,,0.06629490852355957,15.084114636716404,,70.00629999674857,,1,,,0,0,,,no_face,0,0.00509992241859436,1,,0,11.475999956019223,1,58.478199993260205,1,hover,0.01479999627918005,1
1790161705.1380568,,0.018507003784179688,54.033597856333095,,12.184899998828769,,1,,,0,0,,,no_face,0,0.010199961252510548,1,,0,12.083000037819147,1,,0,hover,0.02889998722821474,1
1790161705.228645,,0.09058833122253418,11.038949349265044,,73.81299999542534,,1,,,0,0,,,no_face,0,0.005299923941493034,1,6.930499919690192,1,10.682700085453689,1,56.160900043323636,1,hover,0.013400102034211159,1
1790161705.2423167,,0.013671636581420898,73.14413267530475,,10.934800026006997,,1,,,0,0,,,no_face,0,0.005800044164061546,1,,0,10.857500019483268,1,,0,hover,0.014299992471933365,1
1790161705.3418083,,0.09949159622192383,10.051100173017844,,90.65629995893687,,2,,,0,0,,,no_face,0,0.005500041879713535,1,,0,10.878800065256655,1,79.72659997176379,1,hover,0.014699995517730713,1
1790161705.3759859,,0.034177541732788086,29.258979707152374,,19.049700000323355,,2,held,,0,0,,,held,0,8.240200113505125,1,,0,10.748100001364946,1,,0,face,0.012599979527294636,1
1790161705.5437963,,0.16781044006347656,5.959104806719632,,157.04980003647506,0.212,2,pose,70.74289990123361,1,1,70.7359000807628,1,ok,8,0.05359994247555733,1,6.437900010496378,1,9.806600050069392,1,69.99550003092736,1,gesture,0.011500087566673756,1
1790161705.584575,,0.04077863693237305,24.522644090786844,,10.295199928805232,,2,held,,0,1,,,held,0,0.10609999299049377,1,,0,10.129000060260296,1,,0,gesture,0.013299984857439995,1
1790161705.6831434,,0.09856843948364258,10.145235181144873,,101.86239995528013,,3,,,0,0,,,no_face,0,0.004899920895695686,1,,0,10.18600002862513,1,91.62839991040528,1,gesture,0.009100069291889668,1
1790161705.7232974,,0.04015398025512695,24.904131387381398,,10.521400021389127,,3,,,0,0,,,no_face,0,0.005600042641162872,1,,0,10.448399931192398,1,,0,gesture,0.0097999582067132,1
1790161705.836477,,0.11317968368530273,8.835507994354447,,105.13249994255602,,3,,,0,0,,,no_face,0,0.004599918611347675,1,5.565900006331503,1,9.919599979184568,1,89.61479994468391,1,gesture,0.008900067768990993,1
1790161705.8666089,,0.030131816864013672,33.187510879713884,,10.557599947787821,,3,,,0,0,,,no_face,0,0.011899974197149277,1,,0,10.466699954122305,1,,0,gesture,0.017600017599761486,1
1790161705.9566875,,0.09007859230041504,11.10141682348862,,83.04109994787723,,2,,,0,0,,,no_face,0,0.004600035026669502,1,,0,11.39510003849864,1,71.60629995632917,1,gesture,0.008399947546422482,1
1790161705.9815547,,0.02486729621887207,40.21345912311483,,10.939600062556565,,2,,,0,0,,,no_face,0,0.0074999406933784485,1,,0,10.870400001294911,1,,0,gesture,0.012600095942616463,1
1790161706.0818136,,0.10025882720947266,9.974184097632433,,87.93869998771697,,1,,,0,0,,,no_face,0,0.006900052540004253,1,5.397400003857911,1,10.193100082688034,1,72.29739998001605,1,gesture,0.013599987141788006,1
1790161706.1114802,,0.029666662216186523,33.70787022526541,,10.592800099402666,,1,,,0,0,,,no_face,0,0.004500034265220165,1,,0,10.542600066401064,1,,0,gesture,0.008900067768990993,1
1790161706.2017894,,0.09030914306640625,11.07307594829771,,81.13209996372461,,2,,,0,0,,,no_face,0,0.0069999368861317635,1,,0,11.151599930599332,1,69.927699980326,1,gesture,0.011999974958598614,1
1790161706.2317805,,0.02999114990234375,33.34316967692699,,11.746900039725006,,2,,,0,0,,,no_face,0,0.0071999384090304375,1,,0,11.678199982270598,1,,0,gesture,0.013100099749863148,1
1790161706.3416731,,0.10989260673522949,9.099793240953478,,102.34829992987216,,3,,,0,0,,,no_face,0,0.004800036549568176,1,4.922299995087087,1,9.688900085166097,1,87.7039999468252,1,gesture,0.008800067007541656,1
1790161706.3714683,,0.029795169830322266,33.56248699687925,,10.231400025077164,,3,,,0,0,,,no_face,0,0.00500003807246685,1,,0,10.17709996085614,1,,0,gesture,0.009199953638017178,1
1790161706.4818752,,0.11040687561035156,9.05740692752872,,94.93359993211925,,2,,,0,0,,,no_face,0,0.006399932317435741,1,,0,10.764900012873113,1,84.11639998666942,1,gesture,0.011599971912801266,1
1790161706.5115962,,0.02972102165222168,33.64621888511861,,11.785499984398484,,2,,,0,0,,,no_face,0,0.00809994526207447,1,,0,11.714000022038817,1,,0,gesture,0.01409999094903469,1
1790161706.6315181,,0.11992192268371582,8.338758899299984,,107.43700002785772,,2,,,0,0,,,no_face,0,0.006100046448409557,1,5.144100054167211,1,9.340999997220933,1,92.90839999448508,1,gesture,0.01179997343569994,1
1790161706.6568425,,0.025324344635009766,39.48769511758836,,11.026199907064438,,2,,,0,0,,,no_face,0,0.00700005330145359,1,,0,10.958099970594049,1,,0,gesture,0.012599979527294636,1
1790161706.7417994,,0.08495688438415527,11.770676470175538,,79.5717000728473,,1,,,0,0,,,no_face,0,0.007400056347250938,1,,0,10.477800038643181,1,69.03940008487552,1,gesture,0.013199984095990658,1
1790161706.7714443,,0.02964496612548828,33.73253981019784,,10.156000033020973,,1,,,0,0,,,no_face,0,0.004900037311017513,1,,0,10.09699993301183,1,,0,hover,0.011999974958598614,1
1790161706.8415549,,0.07011055946350098,14.263186710421165,,61.26190000213683,,1,,,0,0,,,no_face,0,0.0075999414548277855,1,5.8883000165224075,1,9.963700082153082,1,45.36069999448955,1,hover,0.017400016076862812,1
1790161706.8666363,,0.025081396102905273,39.870188880122434,,10.837599984370172,,1,,,0,0,,,no_face,0,0.005200039595365524,1,,0,10.780699900351465,1,,0,hover,0.013199984095990658,1
1790161706.936671,,0.07003474235534668,14.27862752640878,,57.270499994046986,,1,,,0,0,,,no_face,0,0.007400056347250938,1,,0,10.283300071023405,1,46.92740004975349,1,hover,0.018600025214254856,1
1790161706.9714735,,0.03480243682861328,28.733620146329432,,10.433499934151769,,1,,,0,0,,,no_face,0,0.005200039595365524,1,,0,10.376399965025485,1,,0,hover,0.01309998333454132,1
1790161707.0467157,,0.07524228096008301,13.290399855508271,,63.90160007867962,,0,,,0,0,,,no_face,0,0.00500003807246685,1,6.223500007763505,1,10.380499996244907,1,47.264000051654875,1,hover,0.01309998333454132,1
1790161707.071666,,0.024950265884399414,40.07973320337509,,10.260600014589727,,0,,,0,0,,,no_face,0,0.005499925464391708,1,,0,10.211699991486967,1,,0,hover,0.013300101272761822,1
1790161707.1476877,,0.07602167129516602,13.154143850867785,,57.22730001434684,,0,,,0,0,,,no_face,0,0.004599918611347675,1,,0,8.802999975159764,1,48.3888000017032,1,hover,0.011699972674250603,1
1790161707.168031,,0.020343303680419922,49.1562243630312,,11.289400048553944,,0,,,0,0,,,no_face,0,0.007600057870149612,1,,0,11.222300003282726,1,,0,hover,0.018699909560382366,1
1790161707.2218523,,0.05382132530212402,18.579995835972767,,45.44989997521043,,0,,,0,0,,,no_face,0,0.0068999361246824265,1,6.276299944147468,1,10.14330005273223,1,28.988400008529425,1,hover,0.015500001609325409,1
1790161707.2391517,,0.017299413681030273,57.80542730743257,,10.928799980320036,,0,,,0,0,,,no_face,0,0.005400041118264198,1,,0,10.878899949602783,1,,0,hover,0.013299984857439995,1
1790161707.2816925,,0.042540788650512695,23.506851464728268,,38.914799923077226,,0,,,0,0,,,no_face,0,0.007600057870149612,1,,0,11.258099926635623,1,27.60219993069768,1,hover,0.018300022929906845,1
1790161707.308026,,0.02633357048034668,37.974341563227135,,10.50159998703748,,0,,,0,0,,,no_face,0,0.006700051017105579,1,,0,10.44230000115931,1,,0,hover,0.015300000086426735,1
1790161707.3666427,,0.05861663818359375,17.06000260314981,,47.59390000253916,,0,,,0,0,,,no_face,0,0.004899920895695686,1,7.11330003105104,1,10.158299934118986,1,30.29150003567338,1,hover,0.01170008908957243,1
1790161707.3827515,,0.01610875129699707,62.07805816621032,,9.385199984535575,,0,,,0,0,,,no_face,0,0.004600035026669502,1,,0,9.34009999036789,1,,0,hover,0.011599971912801266,1
1790161707.4217875,,0.03903603553771973,25.61735550818731,,35.24480003397912,,0,,,0,0,,,no_face,0,0.004300032742321491,1,,0,9.222800028510392,1,25.98620008211583,1,hover,0.011699972674250603,1
1790161707.4414668,,0.01967930793762207,50.8147950715402,,10.94149996060878,,0,,,0,0,,,no_face,0,0.005399924702942371,1,,0,10.875400039367378,1,,0,hover,0.012299977242946625,1
1790161707.4920177,,0.05055093765258789,19.782026732570532,,40.24540004320443,,0,,,0,0,,,no_face,0,0.0074999406933784485,1,6.1975999269634485,1,9.391100029461086,1,24.61270010098815,1,hover,0.0171000137925148,1
1790161707.516635,,0.02461719512939453,40.62201216441328,,10.679599945433438,,0,,,0,0,,,no_face,0,0.005499925464391708,1,,0,10.629800031892955,1,,0,hover,0.012999982573091984,1
1790161707.5626647,,0.04602980613708496,21.72505347995214,,32.044999999925494,,0,,,0,0,,,no_face,0,0.00879995059221983,1,,0,8.50290001835674,1,23.49379996303469,1,hover,0.016600009985268116,1
1790161707.5829124,,0.020247697830200195,49.3883308801884,,10.082700056955218,,0,,,0,0,,,no_face,0,0.0075999414548277855,1,,0,10.017800028435886,1,,0,hover,0.01850002445280552,1
1790161707.633257,,0.05034446716308594,19.863155900738775,,42.407199973240495,,0,,,0,0,,,no_face,0,0.005500041879713535,1,6.252899998798966,1,10.79209998715669,1,25.3291999688372,1,hover,0.012299977242946625,1
1790161707.6635823,,0.03032541275024414,32.975643505196786,,10.427700006403029,,0,,,0,0,,,no_face,0,0.021600048057734966,1,,0,10.350800002925098,1,,0,hover,0.017200014553964138,1
1790161707.7040288,,0.04044651985168457,24.72400601255563,,34.89000000990927,,0,,,0,0,,,no_face,0,0.005599926225841045,1,,0,10.140999918803573,1,24.708000011742115,1,hover,0.014299992471933365,1
1790161707.7222536,,0.018224716186523438,54.8705389848247,,10.244100005365908,,0,,,0,0,,,no_face,0,0.004999921657145023,1,,0,10.193899972364306,1,,0,hover,0.0127000967040658,1
1790161707.7748046,,0.0525510311126709,19.029122337408978,,40.76050000730902,,0,,,0,0,,,no_face,0,0.00700005330145359,1,5.923899938352406,1,9.51940007507801,1,25.273700011894107,1,hover,0.01610000617802143,1
1790161707.7950976,,0.020292997360229492,49.278082594137345,,9.667899925261736,,0,,,0,0,,,no_face,0,0.004799920134246349,1,,0,9.61979990825057,1,,0,hover,0.012599979527294636,1
1790161707.84418,,0.04908251762390137,20.37385302161104,,42.22610010765493,,0,,,0,0,,,no_face,0,0.003800028935074806,1,,0,,0,42.191100073978305,1,hover,0.008900067768990993,1
1790161707.8639193,,0.019739151000976562,50.660740168132186,,0.045199994929134846,,0,,,0,0,,,no_face,0,0.004100031219422817,1,,0,,0,,0,hover,0.009999959729611874,1
1790161707.9251626,,0.061243295669555664,16.328317884713456,,45.98619998432696,,0,,,0,0,,,no_face,0,0.003800028935074806,1,4.7529999865219,1,,0,41.204300010576844,1,hover,0.00879995059221983,1
1790161707.944013,,0.01885056495666504,53.04880794283185,,0.045199994929134846,,0,,,0,0,,,no_face,0,0.0038999132812023163,1,,0,,0,,0,hover,0.0100000761449337,1
1790161707.9819398,,0.037926673889160156,26.366667504840454,,21.35000005364418,,0,,,0,0,,,no_face,0,0.003600027412176132,1,,0,,0,21.31280000321567,1,hover,0.009500072337687016,1
1790161708.0039842,,0.02204442024230957,45.36295302884459,,0.045199994929134846,,0,,,0,0,,,no_face,0,0.004100031219422817,1,,0,,0,,0,hover,0.0097999582067132,1
1790161708.0418322,,0.03784799575805664,26.42147833646202,,23.388099973089993,,0,,,0,0,,,no_face,0,0.0039000296965241432,1,4.679400008171797,1,,0,18.676699954085052,1,hover,0.0097999582067132,1
1790161708.063812,,0.021979808807373047,45.496301117257836,,0.043199979700148106,,0,,,0,0,,,no_face,0,0.003800028935074806,1,,0,,0,,0,hover,0.008999952115118504,1
1790161708.1017911,,0.0379791259765625,26.33025311370028,,17.843499896116555,,0,,,0,0,,,no_face,0,0.0032999087125062943,1,,0,,0,17.80909998342395,1,hover,0.00900006853044033,1
1790161708.1231604,,0.021369218826293945,46.796282453223846,,0.04029995761811733,,0,,,0,0,,,no_face,0,0.0033999094739556313,1,,0,,0,,0,hover,0.00900006853044033,1
1790161708.161682,,0.038521528244018555,25.959510060592557,,24.271199945360422,,0,,,0,0,,,no_face,0,0.0036999117583036423,1,5.312699940986931,1,,0,18.929900019429624,1,hover,0.008800067007541656,1
1790161708.185989,,0.0243070125579834,41.14039097213367,,0.06580003537237644,,0,,,0,0,,,no_face,0,0.006399932317435741,1,,0,,0,,0,hover,0.014999997802078724,1
1790161708.2217464,,0.03575754165649414,27.966128365493606,,19.131100038066506,,0,,,0,0,,,no_face,0,0.005999929271638393,1,,0,,0,19.08009999897331,1,hover,0.012800097465515137,1
1790161708.243857,,0.022110462188720703,45.22745799995687,,0.06619992200285196,,0,,,0,0,,,no_face,0,0.006400048732757568,1,,0,,0,,0,hover,0.015099998563528061,1
1790161708.2818553,,0.03799843788146973,26.31687131769327,,21.76810009405017,,0,,,0,0,,,no_face,0,0.00400003045797348,1,5.069100065156817,1,,0,16.668600030243397,1,hover,0.009199953638017178,1
1790161708.3039157,,0.022060394287109375,45.330105481583956,,0.042400090023875237,,0,,,0,0,,,no_face,0,0.0039000296965241432,1,,0,,0,,0,hover,0.009399955160915852,1
1790161708.3365133,,0.03259754180908203,30.677159825634124,,21.661600098013878,,0,,,0,0,,,no_face,0,0.003100023604929447,1,,0,,0,21.63289999589324,1,hover,0.0078000593930482864,1
1790161708.355306,,0.01879262924194336,53.21235188145442,,0.09159999899566174,,0,,,0,0,,,no_face,0,0.007200054824352264,1,,0,,0,,0,hover,0.017700018361210823,1
1790161708.3872147,,0.03190875053405762,31.339365636791573,,26.506199967116117,,0,,,0,0,,,no_face,0,0.003800028935074806,1,5.047399899922311,1,,0,21.42880007158965,1,hover,0.009200070053339005,1
1790161708.4197226,,0.032507896423339844,30.761756681432804,,0.04039995837956667,,0,,,0,0,,,no_face,0,0.0032999087125062943,1,,0,,0,,0,hover,0.009300070814788342,1
1790161708.4588208,,0.039098262786865234,25.576583938045,,21.77069999743253,,0,,,0,0,,,no_face,0,0.003700028173625469,1,,0,,0,21.73659997060895,1,hover,0.009299954399466515,1
1790161708.477761,,0.018940210342407227,52.797724097128686,,0.04339998122304678,,0,,,0,0,,,no_face,0,0.003700028173625469,1,,0,,0,,0,hover,0.009599956683814526,1
1790161708.5112545,,0.0334935188293457,29.856522543813444,,30.386399943381548,,0,,,0,0,,,no_face,0,0.003800028935074806,1,5.463300039991736,1,,0,24.894399917684495,1,hover,0.008899951353669167,1
1790161708.5535254,,0.04227089881896973,23.656937229620354,,0.04029995761811733,,0,,,0,0,,,no_face,0,0.003500026650726795,1,,0,,0,,0,hover,0.00879995059221983,1
1790161708.588474,,0.03494858741760254,28.61345976737047,,18.591700005345047,,0,,,0,0,,,no_face,0,0.003600027412176132,1,,0,,0,18.55879998765886,1,hover,0.008899951353669167,1
1790161708.6061628,,0.017688751220703125,56.53310329954712,,0.05479995161294937,,0,,,0,0,,,no_face,0,0.0073999399319291115,1,,0,,0,,0,hover,0.010800082236528397,1
1790161708.6353035,,0.029140710830688477,34.31625281243608,,22.660900023765862,,0,,,0,0,,,no_face,0,0.004300032742321491,1,4.736999981105328,1,,0,17.894400050863624,1,hover,0.008999952115118504,1
1790161708.6678164,,0.03251290321350098,30.75701955723075,,0.041899969801306725,,0,,,0,0,,,no_face,0,0.003400025889277458,1,,0,,0,,0,hover,0.009699957445263863,1
1790161708.7074792,,0.039662837982177734,25.212517582562906,,16.400299966335297,,0,,,0,0,,,no_face,0,0.0031999079510569572,1,,0,,0,16.370699973776937,1,hover,0.00800006091594696,1
1790161708.7273984,,0.019919157028198242,50.20292769339414,,0.05819997750222683,,0,,,0,0,,,no_face,0,0.005900044925510883,1,,0,,0,,0,hover,0.014199991710484028,1
1790161708.768836,,0.041437625885009766,24.132656701303784,,26.20800002478063,,0,,,0,0,,,no_face,0,0.003700028173625469,1,5.112099926918745,1,,0,21.066699991934,1,hover,0.009100069291889668,1
1790161708.7879288,,0.019092798233032227,52.37576953334749,,0.04529999569058418,,0,,,0,0,,,no_face,0,0.0036999117583036423,1,,0,,0,,0,hover,0.010300078429281712,1
1790161708.8352885,,0.04735970497131348,21.11499640054168,,18.325299955904484,,0,,,0,0,,,no_face,0,0.00300002284348011,1,,0,,0,18.295699963346124,1,hover,0.008399947546422482,1
1790161708.8522117,,0.016923189163208008,59.090517180653976,,0.04680000711232424,,0,,,0,0,,,no_face,0,0.004600035026669502,1,,0,,0,,0,hover,0.01109996810555458,1
1790161708.9151099,,0.06289815902709961,15.898716519972405,,33.83999993093312,,0,,,0,0,,,no_face,0,0.004599918611347675,1,5.2992000710219145,1,9.53109993133694,1,18.98059993982315,1,hover,0.01070008147507906,1
1790161708.9354317,,0.02032184600830078,49.20812802102398,,9.793499950319529,,0,,,0,0,,,no_face,0,0.005299923941493034,1,,0,9.74170002155006,1,,0,hover,0.013399985618889332,1
1790161708.984544,,0.04911231994628906,20.36148976659288,,34.15670001413673,,0,,,0,0,,,no_face,0,0.004599918611347675,1,,0,9.512200020253658,1,24.606200051493943,1,hover,0.011600088328123093,1
1790161709.0081515,,0.023607492446899414,42.359433228637506,,10.089499992318451,,0,,,0,0,,,no_face,0,0.005500041879713535,1,,0,10.040899971500039,1,,0,hover,0.012899981811642647,1
1790161709.0669906,,0.05883908271789551,16.995506282694933,,46.029799967072904,,0,,,0,0,,,no_face,0,0.00700005330145359,1,6.294600083492696,1,10.317599982954562,1,29.373599914833903,1,hover,0.017099897377192974,1
1790161709.0848796,,0.017889022827148438,55.90020258023243,,10.535300010815263,,0,,,0,0,,,no_face,0,0.004500034265220165,1,,0,10.490400018170476,1,,0,hover,0.011899974197149277,1
1790161709.1359746,,0.051095008850097656,19.571383242809414,,35.800499957986176,,0,,,0,0,,,no_face,0,0.004799920134246349,1,,0,10.018300032243133,1,25.741999968886375,1,hover,0.012499978765845299,1
1790161709.153869,,0.017894268035888672,55.88381698510406,,11.090399930253625,,0,,,0,0,,,no_face,0,0.007500057108700275,1,,0,11.022199993021786,1,,0,hover,0.017200014553964138,1
1790161709.2066734,,0.05280447006225586,18.937790660923433,,43.286000029183924,,0,,,0,0,,,no_face,0,0.005500041879713535,1,6.59739994443953,1,10.440399986691773,1,26.21430007275194,1,hover,0.012599979527294636,1
1790161709.2244904,,0.017817020416259766,56.126107319684195,,10.024200077168643,,0,,,0,0,,,no_face,0,0.0077999429777264595,1,,0,9.963400079868734,1,,0,hover,0.01680001150816679,1
1790161709.2769642,,0.05247378349304199,19.057135457606172,,36.83920006733388,,0,,,0,0,,,no_face,0,0.005400041118264198,1,,0,10.667000082321465,1,26.132900035008788,1,hover,0.012199976481497288,1
1790161709.2947898,,0.017825603485107422,56.09908247064173,,9.50589997228235,,0,,,0,0,,,no_face,0,0.004800036549568176,1,,0,9.456900064833462,1,,0,hover,0.01209997572004795,1
1790161709.3770547,,0.08226490020751953,12.15585258691645,,64.41570003516972,,1,,,0,0,,,no_face,0,0.007400056347250938,1,6.113899988122284,1,9.788700030185282,1,48.46199997700751,1,hover,0.01650000922381878,1
1790161709.4088511,,0.03179645538330078,31.45004648930746,,9.924200014211237,,1,,,0,0,,,no_face,0,0.004800036549568176,1,,0,9.868299937807024,1,,0,hover,0.011499971151351929,1
1790161709.4834538,,0.07460260391235352,13.404357858270535,,62.93509993702173,,1,,,0,0,,,no_face,0,0.003999914042651653,1,,0,11.104299919679761,1,51.78669991437346,1,hover,0.011100084520876408,1
1790161709.494275,,0.010821342468261719,92.40997620516436,,11.301000020466745,,1,,,0,0,,,no_face,0,0.008199946023523808,1,,0,11.208100011572242,1,,0,hover,0.028399983420968056,1
1790161709.5834348,,0.08915972709655762,11.215826164620564,,58.77390003297478,,1,,,0,0,,,no_face,0,0.004200031980872154,1,5.086499964818358,1,9.507899987511337,1,44.14720006752759,1,hover,0.01109996810555458,1
1790161709.610094,,0.026659250259399414,37.51043222408042,,11.361800017766654,,1,,,0,0,,,no_face,0,0.004800036549568176,1,,0,11.304300045594573,1,,0,hover,0.011499971151351929,1
1790161709.6837344,,0.07364034652709961,13.579512416226892,,55.403699981980026,,1,,,0,0,,,no_face,0,0.007999944500625134,1,,0,9.943499928340316,1,45.395599910989404,1,hover,0.02010003663599491,1
1790161709.7019167,,0.01818227767944336,54.998610054811046,,9.764199960045516,,1,,,0,0,,,no_face,0,0.005400041118264198,1,,0,9.704699972644448,1,,0,hover,0.01279998105019331,1
1790161709.7699194,,0.06800270080566406,14.705298291868846,,61.16110004950315,,1,,,0,0,,,no_face,0,0.004400033503770828,1,5.848499946296215,1,9.882800048217177,1,45.39630003273487,1,hover,0.011399970389902592,1
1790161709.792318,,0.022398710250854492,44.645427741173215,,10.620999964885414,,1,,,0,0,,,no_face,0,0.005599926225841045,1,,0,10.550699895247817,1,,0,hover,0.019600032828748226,1
1790161709.8521488,,0.059830665588378906,16.71383712960454,,53.424500045366585,,1,,,0,0,,,no_face,0,0.004900037311017513,1,,0,9.701900067739189,1,43.675800086930394,1,hover,0.012599979527294636,1
1790161709.8726478,,0.020498991012573242,48.78288884495051,,10.461300029419363,,1,,,0,0,,,no_face,0,0.005899928510189056,1,,0,10.395499994046986,1,,0,hover,0.014599994756281376,1
1790161709.952125,,0.07947731018066406,12.582207396385803,,60.7520000776276,,1,,,0,0,,,no_face,0,0.008300063200294971,1,7.089099963195622,1,10.533399996347725,1,43.0721000302583,1,hover,0.019299914129078388,1
1790161709.9699361,,0.017811059951782227,56.144889900274414,,10.691600036807358,,1,,,0,0,,,no_face,0,0.0070999376475811005,1,,0,10.614700033329427,1,,0,hover,0.018400023691356182,1
1790161710.0383704,,0.06843423843383789,14.61256854588655,,55.21800008136779,,1,,,0,0,,,no_face,0,0.007100054062902927,1,,0,9.066800004802644,1,46.08990007545799,1,hover,0.0171000137925148,1
1790161710.0586305,,0.020260095596313477,49.358108664697504,,10.381200001575053,,1,,,0,0,,,no_face,0,0.005999929271638393,1,,0,10.307999909855425,1,,0,hover,0.01680001150816679,1
1790161710.1258707,,0.06724023818969727,14.872047258054222,,59.91340009495616,,1,,,0,0,,,no_face,0,0.008100061677396297,1,5.857600015588105,1,9.386899997480214,1,44.619400054216385,1,hover,0.01880002673715353,1
1790161710.1497116,,0.023840904235839844,41.94471778871155,,10.423399973660707,,1,,,0,0,,,no_face,0,0.0070999376475811005,1,,0,10.348299983888865,1,,0,hover,0.01880002673715353,1
1790161710.220421,,0.0707094669342041,14.142377864770364,,61.053300043568015,,1,,,0,0,,,no_face,0,0.005200039595365524,1,,0,9.635899914428592,1,51.369499997235835,1,hover,0.013499986380338669,1
1790161710.2407324,,0.020311355590820312,49.23354305568598,,10.851999977603555,,1,,,0,0,,,no_face,0,0.005199923180043697,1,,0,10.789099964313209,1,,0,hover,0.014999997802078724,1
1790161710.3195586,,0.0788261890411377,12.686139113970377,,60.80640002619475,,1,,,0,0,,,no_face,0,0.00700005330145359,1,5.819600075483322,1,9.817500016652048,1,45.12199992313981,1,hover,0.015500001609325409,1
1790161710.3518908,,0.03233218193054199,30.928936443208883,,11.67949999216944,,1,,,0,0,,,no_face,0,0.0077999429777264595,1,,0,11.60110009368509,1,,0,hover,0.019200029782950878,1
1790161710.4121494,,0.06025862693786621,16.595134187692636,,53.33029991015792,,1,,,0,0,,,no_face,0,0.006700051017105579,1,,0,9.355899994261563,1,43.91899995971471,1,hover,0.015700003132224083,1
1790161710.4324074,,0.020257949829101562,49.363336785613406,,10.946900001727045,,1,,,0,0,,,no_face,0,0.005600042641162872,1,,0,10.887400014325976,1,,0,hover,0.01379998866468668,1
1790161710.5011256,,0.06871819496154785,14.552186659727644,,60.208700015209615,,1,,,0,0,,,no_face,0,0.003800028935074806,1,6.508000078611076,1,9.229599963873625,1,44.43959996569902,1,hover,0.010399962775409222,1
1790161710.5334284,,0.0323028564453125,30.95701464336325,,10.079800034873188,,1,,,0,0,,,no_face,0,0.00500003807246685,1,,0,10.024699964560568,1,,0,hover,0.01279998105019331,1
1790161710.595049,,0.061620473861694336,16.228372443945755,,56.811299989931285,,1,,,0,0,,,no_face,0,0.004500034265220165,1,,0,10.165399988181889,1,46.604700037278235,1,hover,0.011399970389902592,1
1790161710.632459,,0.03741002082824707,26.730805753653392,,9.683399926871061,,1,,,0,0,,,no_face,0,0.004199915565550327,1,,0,9.628199972212315,1,,0,hover,0.012100092135369778,1
1790161710.7051935,,0.07273459434509277,13.748615895971758,,61.39129993971437,,1,,,0,0,,,no_face,0,0.005499925464391708,1,5.650600069202483,1,10.521400021389127,1,45.18009989988059,1,hover,0.013400102034211159,1
1790161710.7354882,,0.03029465675354004,33.00912131586196,,10.41109999641776,,1,,,0,0,,,no_face,0,0.004900037311017513,1,,0,10.354499914683402,1,,0,hover,0.013599987141788006,1
1790161710.7963963,,0.06090807914733887,16.418183170429057,,51.78400001022965,,1,,,0,0,,,no_face,0,0.004400033503770828,1,,0,9.853000054135919,1,41.88759997487068,1,hover,0.011699972674250603,1
1790161710.8145533,,0.018157005310058594,55.07516151058354,,9.82139992993325,,1,,,0,0,,,no_face,0,0.0074999406933784485,1,,0,9.7312000580132,1,,0,hover,0.01780001912266016,1
1790161710.8873093,,0.07275605201721191,13.744561067764229,,60.959800030104816,,1,,,0,0,,,no_face,0,0.004700035788118839,1,6.410600035451353,1,10.17709996085614,1,44.33679999783635,1,hover,0.01209997572004795,1
1790161710.9156046,,0.028295278549194336,35.34158528467547,,9.798599989153445,,1,,,0,0,,,no_face,0,0.004700035788118839,1,,0,9.746299940161407,1,,0,hover,0.01179997343569994,1
1790161710.9883528,,0.07274818420410156,13.746047560368108,,59.35019999742508,,1,,,0,0,,,no_face,0,0.004899920895695686,1,,0,10.609199991449714,1,48.69690001942217,1,hover,0.01209997572004795,1
1790161711.0066195,,0.018266677856445312,54.74449201211235,,10.698099969886243,,1,,,0,0,,,no_face,0,0.004199915565550327,1,,0,10.624899994581938,1,,0,hover,0.027900096029043198,1
1790161711.1401522,,0.13353276252746582,7.488798861585104,,126.88490003347397,,1,pose,60.30700006522238,1,0,60.299200005829334,1,handedness=Left(0.94),8,6.348000024445355,1,5.964700016193092,1,9.754200000315905,1,44.49819994624704,1,face,0.0097999582067132,1
1790161711.1687136,,0.02856135368347168,35.0123460912392,,10.128499940037727,,1,held,,0,0,,,held,0,0.7046000100672245,1,,0,9.365800069645047,1,,0,face,0.011499971151351929,1
1790161711.3019009,,0.13318729400634766,7.508223719541448,,125.8049999596551,,1,pose,63.27190005686134,1,0,63.26159997843206,1,handedness=Left(0.97),8,8.481399971060455,1,,0,9.693400003015995,1,44.337700004689395,1,face,0.008699949830770493,1
1790161711.332249,,0.03034806251525879,32.95103268939186,,10.998999932780862,,1,held,,0,0,,,held,0,0.6663999520242214,1,,0,10.282499948516488,1,,0,face,0.01009996049106121,1
1790161711.463556,,0.13130712509155273,7.61573295662942,,127.94430006761104,,1,pose,57.80950002372265,1,0,57.80289997346699,1,handedness=Left(1.00),8,6.2272000359371305,1,6.411799928173423,1,10.351700009778142,1,47.13300010189414,1,face,0.008399947546422482,1
1790161711.4939,,0.030344009399414062,32.9554340310516,,10.629400028847158,,1,held,,0,0,,,held,0,0.6310999160632491,1,,0,9.943300043232739,1,,0,face,0.009400071576237679,1
1790161711.582805,,0.08890485763549805,11.247979318519471,,88.29510002397001,,0,,,0,0,,,no_hand,0,6.792700034566224,1,,0,10.25870000012219,1,71.21049996931106,1,face,0.008999952115118504,1
1790161711.6051028,,0.02229785919189453,44.84735468970532,,11.245799949392676,,0,,,0,0,,,no_hand,0,0.6371999625116587,1,,0,10.566500015556812,1,,0,face,0.009899958968162537,1
1790161711.6654532,,0.06035041809082031,16.569893492620334,,48.107000067830086,,0,,,0,0,,,no_hand,0,6.9809999549761415,1,6.332100019790232,1,10.298999957740307,1,24.466900038532913,1,face,0.009300070814788342,1
1790161711.685734,,0.020280838012695312,49.307627198344775,,10.8291000360623,,0,,,0,0,,,no_hand,0,0.6451000226661563,1,,0,10.139300022274256,1,,0,face,0.009199953638017178,1
1790161711.7363694,,0.050635337829589844,19.749053583199924,,41.82059993036091,,0,,,0,0,,,no_hand,0,6.520200055092573,1,,0,9.77130001410842,1,25.495899957604706,1,face,0.009199953638017178,1
1790161711.7667594,,0.030390024185180664,32.90553485270466,,13.531399890780449,,0,,,0,0,,,no_hand,0,0.7640999974682927,1,,0,12.704900000244379,1,,0,face,0.012400094419717789,1
1790161711.827469,,0.06070971488952637,16.471828303257602,,54.31739997584373,,0,,,0,0,,,no_hand,0,8.058900013566017,1,6.945400033146143,1,12.299100053496659,1,26.974499924108386,1,face,0.015600002370774746,1
1790161711.8678625,,0.04039335250854492,24.756548736291627,,10.438299970701337,,0,,,0,0,,,no_hand,0,0.727799953892827,1,,0,9.657100075855851,1,,0,face,0.01309998333454132,1
1790161711.908308,,0.040445566177368164,24.72458898497415,,34.1228999895975,,0,,,0,0,,,no_face,0,0.005700043402612209,1,,0,10.409099981188774,1,23.67589995265007,1,face,0.009999959729611874,1
1790161711.9285557,,0.020247697830200195,49.3883308801884,,11.175999999977648,,0,,,0,0,,,no_face,0,0.005200039595365524,1,,0,11.12829998601228,1,,0,face,0.008900067768990993,1
1790161711.979264,,0.05070829391479492,19.72063981644302,,43.648699996992946,,0,,,0,0,,,no_face,0,0.004400033503770828,1,6.445199949666858,1,10.268300073221326,1,26.908600004389882,1,face,0.008199946023523808,1
1790161712.0075102,,0.028246164321899414,35.4030369788897,,9.722099988721311,,0,,,0,0,,,no_face,0,0.004300032742321491,1,,0,9.67790000140667,1,,0,face,0.008599949069321156,1
1790161712.049962,,0.04245185852050781,23.55609471177607,,35.180100006982684,,0,,,0,0,,,no_face,0,0.007500057108700275,1,,0,9.743999922648072,1,25.385999935679138,1,face,0.013299984857439995,1
1790161712.0702486,,0.02028656005859375,49.29371944339977,,10.9655000269413,,0,,,0,0,,,no_face,0,0.00509992241859436,1,,0,10.91960002668202,1,,0,face,0.010100076906383038,1
1790161712.1246672,,0.05441856384277344,18.376082156251094,,44.025400071404874,,0,,,0,0,,,no_face,0,0.005300040356814861,1,6.833399995230138,1,10.266099940054119,1,26.88710007350892,1,face,0.015500001609325409,1
1790161712.1509795,,0.02631235122680664,38.0049654772476,,10.339100030250847,,0,,,0,0,,,no_face,0,0.005299923941493034,1,,0,10.278499918058515,1,,0,face,0.02550007775425911,1
1790161712.1914525,,0.040472984313964844,24.707839487264074,,36.554699996486306,,0,,,0,0,,,no_face,0,0.004400033503770828,1,,0,10.563199990428984,1,25.958099984563887,1,face,0.008399947546422482,1
1790161712.232321,,0.040868520736694336,24.468710439576466,,10.536799905821681,,0,,,0,0,,,no_face,0,0.00500003807246685,1,,0,10.491999913938344,1,,0,face,0.009499955922365189,1
1790161712.2808955,,0.04857444763183594,20.586955668119526,,39.11160002462566,,0,,,0,0,,,no_face,0,0.004400033503770828,1,6.4116999274119735,1,9.126899996772408,1,23.546700016595423,1,face,0.008400063961744308,1
1790161712.311187,,0.03029155731201172,33.012498819381044,,9.817600017413497,,0,,,0,0,,,no_face,0,0.005100038833916187,1,,0,9.774500038474798,1,,0,face,0.009199953638017178,1
1790161712.353812,,0.04262495040893555,23.460437851685292,,34.19129992835224,,0,,,0,0,,,no_face,0,0.004599918611347675,1,,0,11.154299951158464,1,23.00049993209541,1,face,0.009900075383484364,1
1790161712.374052,,0.020240068435668945,49.40694756929311,,10.935600032098591,,0,,,0,0,,,no_face,0,0.004800036549568176,1,,0,10.8915000455454,1,,0,face,0.011399970389902592,1
1790161712.4244695,,0.050417423248291016,19.83441309714091,,43.77740004565567,,0,,,0,0,,,no_face,0,0.005200039595365524,1,6.135000032372773,1,10.913099977187812,1,26.697900029830635,1,face,0.009899958968162537,1
1790161712.4547832,,0.030313730239868164,32.98835188170986,,9.944400051608682,,0,,,0,0,,,no_face,0,0.004800036549568176,1,,0,9.897700045257807,1,,0,face,0.009199953638017178,1
1790161712.5234182,,0.0686349868774414,14.569828676235602,,32.57569996640086,,0,,,0,0,,,no_face,0,0.007200054824352264,1,,0,9.509299998171628,1,23.02109997253865,1,face,0.012999982573091984,1
1790161712.5658293,,0.042411088943481445,23.578739072996598,,9.910900029353797,,0,,,0,0,,,no_face,0,0.004200031980872154,1,,0,9.85559995751828,1,,0,face,0.011599971912801266,1
1790161712.6167543,,0.05092501640319824,19.636714342564197,,44.477000017650425,,0,,,0,0,,,no_face,0,0.007100054062902927,1,6.443800055421889,1,10.129099944606423,1,27.86299993749708,1,face,0.013499986380338669,1
1790161712.6470966,,0.03034234046936035,32.95724668997761,,10.67929994314909,,0,,,0,0,,,no_face,0,0.004799920134246349,1,,0,10.63339994288981,1,,0,face,0.009600073099136353,1
1790161712.6880267,,0.04093003273010254,24.431937462501384,,35.825900034978986,,0,,,0,0,,,no_face,0,0.004400033503770828,1,,0,9.462799993343651,1,26.3297000201419,1,face,0.008999952115118504,1
1790161712.72894,,0.04091334342956543,24.441903696322324,,10.471599991433322,,0,,,0,0,,,no_face,0,0.007500057108700275,1,,0,10.404799948446453,1,,0,hover,0.01850002445280552,1
1790161712.779272,,0.050332069396972656,19.868048581768573,,45.709900092333555,,0,,,0,0,,,no_face,0,0.006800051778554916,1,6.989800021983683,1,10.460899909958243,1,28.2171000726521,1,hover,0.016300007700920105,1
1790161712.7995422,,0.020270109176635742,49.33372540255708,,10.579099995084107,,0,,,0,0,,,no_face,0,0.009199953638017178,1,,0,10.503900004550815,1,,0,hover,0.02350006252527237,1
1790161712.840033,,0.04049086570739746,24.696928122663117,,36.09800001140684,,0,,,0,0,,,no_face,0,0.004700035788118839,1,,0,10.113200056366622,1,25.945000001229346,1,hover,0.012399978004395962,1
1790161712.8803787,,0.04034566879272461,24.78580799186867,,10.807799990288913,,0,,,0,0,,,no_face,0,0.005600042641162872,1,,0,10.755999945104122,1,,0,hover,0.013299984857439995,1
1790161712.9309964,,0.05061769485473633,19.755937185006548,,40.70219991263002,,0,,,0,0,,,no_face,0,0.006300047971308231,1,5.8732000179588795,1,9.399499977007508,1,25.383699918165803,1,hover,0.01750001683831215,1
1790161712.961316,,0.030319690704345703,32.981866792482506,,10.571900056675076,,0,,,0,0,,,no_face,0,0.005400041118264198,1,,0,10.523000033572316,1,,0,hover,0.014199991710484028,1
1790161713.010285,,0.04896879196166992,20.421169482448025,,39.021800039336085,,0,,,0,0,,,no_face,0,0.0100000761449337,1,,0,11.525799985975027,1,27.422099956311285,1,hover,0.025499961338937283,1
1790161713.042594,,0.03230905532836914,30.95107516566554,,9.970000013709068,,0,,,0,0,,,no_face,0,0.005300040356814861,1,,0,9.923000005073845,1,,0,hover,0.013299984857439995,1
1790161713.1015966,,0.05900263786315918,16.948394787352257,,43.12789998948574,,0,,,0,0,,,no_face,0,0.004499917849898338,1,6.28800003323704,1,10.393099975772202,1,26.418099994771183,1,hover,0.01100008375942707,1
1790161713.1320884,,0.03049182891845703,32.795671347699624,,9.833200019784272,,0,,,0,0,,,no_face,0,0.0074999406933784485,1,,0,9.77110001258552,1,,0,hover,0.017300015315413475,1
1790161713.1745381,,0.0424497127532959,23.557285435868057,,34.899799968115985,,0,,,0,0,,,no_face,0,0.005100038833916187,1,,0,9.968500002287328,1,24.894499918445945,1,hover,0.011199968867003918,1
1790161713.1948109,,0.02027273178100586,49.32734329060332,,10.16669999808073,,0,,,0,0,,,no_face,0,0.006200047209858894,1,,0,10.104099987074733,1,,0,hover,0.019600032828748226,1
1790161713.2464964,,0.05168557167053223,19.347759300689624,,41.235400014556944,,0,,,0,0,,,no_face,0,0.005899928510189056,1,5.948200006969273,1,11.179900029674172,1,24.07050004694611,1,hover,0.014199991710484028,1
1790161713.2765007,,0.030004262924194336,33.32859742385595,,10.73730003554374,,0,,,0,0,,,no_face,0,0.004800036549568176,1,,0,10.687300004065037,1,,0,hover,0.011599971912801266,1
1790161713.3169363,,0.0404355525970459,24.730711855612356,,33.56130002066493,,0,,,0,0,,,no_face,0,0.004300032742321491,1,,0,8.52080003824085,1,25.005499948747456,1,hover,0.010499963536858559,1
1790161713.3372717,,0.02033543586730957,49.175242985942575,,9.979199967347085,,0,,,0,0,,,no_face,0,0.005399924702942371,1,,0,9.931399952620268,1,,0,hover,0.012899981811642647,1
1790161713.388839,,0.05156731605529785,19.392128124869966,,42.995700030587614,,0,,,0,0,,,no_face,0,0.005500041879713535,1,7.126800017431378,1,11.307299952022731,1,24.526100023649633,1,hover,0.013499986380338669,1
1790161713.415791,,0.026952028274536133,37.102958998628864,,9.660699986852705,,0,,,0,0,,,no_face,0,0.004800036549568176,1,,0,9.611999965272844,1,,0,hover,0.012299977242946625,1
1790161713.4582295,,0.042438507080078125,23.56350561797753,,34.24459998495877,,0,,,0,0,,,no_face,0,0.004600035026669502,1,,0,10.29580004978925,1,23.91139999963343,1,hover,0.011399970389902592,1
1790161713.4785209,,0.02029132843017578,49.282135639422854,,11.412000050768256,,0,,,0,0,,,no_face,0,0.004600035026669502,1,,0,11.360800010152161,1,,0,hover,0.012599979527294636,1
1790161713.527093,,0.04857206344604492,20.58796618988249,,38.61679998226464,,0,,,0,0,,,no_face,0,0.005200039595365524,1,5.696999956853688,1,10.131799965165555,1,22.752300021238625,1,hover,0.013199984095990658,1
1790161713.5594304,,0.03233742713928223,30.92391969505946,,10.076200007461011,,0,,,0,0,,,no_face,0,0.00509992241859436,1,,0,10.029400000348687,1,,0,hover,0.013500102795660496,1
1790161713.6054816,,0.0460512638092041,21.714930650831207,,35.98509996663779,,0,,,0,0,,,no_face,0,0.007999944500625134,1,,0,10.193499969318509,1,25.737899937666953,1,hover,0.018300022929906845,1
1790161713.6383128,,0.03283119201660156,30.45883924940452,,9.546900051645935,,0,,,0,0,,,no_face,0,0.004800036549568176,1,,0,9.501200052909553,1,,0,hover,0.011299969628453255,1
1790161713.6909237,,0.05261087417602539,19.00747736397995,,47.637399984523654,,0,,,0,0,,,no_hand,0,7.026299950666726,1,5.930099985562265,1,9.229399962350726,1,25.422399980016053,1,face,0.011500087566673756,1
1790161713.721345,,0.03042125701904297,32.871751465563186,,10.790999978780746,,0,,,0,0,,,no_hand,0,0.5719000473618507,1,,0,10.175199946388602,1,,0,face,0.009199953638017178,1
1790161713.7718985,,0.05055356025695801,19.781000485764277,,41.09000007156283,,0,,,0,0,,,no_hand,0,6.910900003276765,1,,0,10.462600039318204,1,23.68029998615384,1,face,0.0097999582067132,1
1790161713.8022108,,0.030312299728393555,32.98990868262295,,11.849400005303323,,0,,,0,0,,,no_hand,0,0.8275000145658851,1,,0,10.964900022372603,1,,0,face,0.013299984857439995,1
1790161713.8528025,,0.05059170722961426,19.766085288670432,,50.33590004313737,,0,,,0,0,,,no_hand,0,6.803399999625981,1,6.706699961796403,1,9.398800088092685,1,27.40260004065931,1,face,0.008299946784973145,1
1790161713.8835735,,0.03077101707458496,32.49811332450044,,11.082999990321696,,0,,,0,0,,,no_hand,0,0.6061000749468803,1,,0,10.436000069603324,1,,0,face,0.008599949069321156,1
