t,event,latency_ms
1790262405.3254805,llm_explanation,4202.669700000115
1790262407.6563218,llm_explanation,2326.7782000002626
1790262409.7747936,llm_explanation,2133.541700000933
1790262413.8207612,llm_explanation,4022.92419999867
1790262417.587066,llm_explanation,3788.076500000898
1790262419.8364866,llm_explanation,2224.6267999980773
1790262421.3569376,llm_explanation,1546.5229000001273
1790262423.7647283,llm_explanation,2384.3593999990844
1790262425.3134372,llm_explanation,1558.248100001947
1790262429.8308194,rc_send_suppressed,
1790262429.8798208,llm_explanation,1693.7422000009974
1790262429.9800568,rc_send_suppressed,
1790262430.0843182,rc_send_suppressed,
1790262430.201091,rc_send_suppressed,
1790262430.3253891,rc_send_suppressed,
1790262430.4271014,rc_send_suppressed,
1790262430.528032,rc_send_suppressed,
1790262430.651765,rc_send_suppressed,
1790262430.757117,rc_send_suppressed,
1790262430.8581583,rc_send_suppressed,
1790262430.9696941,rc_send_suppressed,
1790262431.052363,llm_explanation,4023.928700000397
1790262431.0864985,rc_send_suppressed,
1790262431.1910224,rc_send_suppressed,
1790262431.3046162,rc_send_suppressed,
1790262431.545511,rc_send_suppressed,
1790262431.735262,rc_send_suppressed,
1790262431.853134,rc_send_suppressed,
1790262431.9578712,rc_send_suppressed,
1790262432.0606453,rc_send_suppressed,
1790262432.184644,rc_send_suppressed,
1790262432.2969882,rc_send_suppressed,
1790262432.3986957,rc_send_suppressed,
1790262432.513572,rc_send_suppressed,
1790262432.630942,rc_send_suppressed,
1790262432.7790217,rc_send_suppressed,
1790262432.8800836,rc_send_suppressed,
1790262433.0155137,rc_send_suppressed,
1790262433.115779,rc_send_suppressed,
1790262433.2182474,rc_send_suppressed,
1790262433.3274124,rc_send_suppressed,
1790262433.4297178,rc_send_suppressed,
1790262433.5331402,rc_send_suppressed,
1790262433.6643724,rc_send_suppressed,
1790262433.767263,rc_send_suppressed,
1790262433.8474214,debug_overlay_on,
1790262433.8686523,rc_send_suppressed,
1790262433.9977658,rc_send_suppressed,
1790262434.1015985,rc_send_suppressed,
1790262434.2029164,rc_send_suppressed,
1790262434.3335104,rc_send_suppressed,
1790262434.4355764,rc_send_suppressed,
1790262434.5373282,rc_send_suppressed,
1790262434.6666682,rc_send_suppressed,
1790262434.768462,rc_send_suppressed,
1790262434.869927,rc_send_suppressed,
1790262435.0066078,rc_send_suppressed,
1790262435.1159582,rc_send_suppressed,
1790262435.2195263,rc_send_suppressed,
1790262435.3394318,rc_send_suppressed,
1790262435.4419992,rc_send_suppressed,
1790262435.5420988,rc_send_suppressed,
1790262435.6640952,rc_send_suppressed,
1790262435.7668653,rc_send_suppressed,
1790262435.8698163,rc_send_suppressed,
1790262435.9172468,llm_explanation,851.7736000030709
1790262436.0001285,rc_send_suppressed,
1790262436.10244,rc_send_suppressed,
1790262436.202881,rc_send_suppressed,
1790262436.3280761,rc_send_suppressed,
1790262436.4286277,rc_send_suppressed,
1790262436.5398474,rc_send_suppressed,
1790262436.6450777,rc_send_suppressed,
1790262436.754752,rc_send_suppressed,
1790262436.897231,rc_send_suppressed,
1790262437.0127585,rc_send_suppressed,
1790262437.0777745,llm_explanation,1131.7514999973355
1790262437.1124675,rc_send_suppressed,
1790262437.2141957,rc_send_suppressed,
1790262437.3185549,rc_send_suppressed,
1790262437.4213135,rc_send_suppressed,
1790262437.5223813,rc_send_suppressed,
1790262437.643666,rc_send_suppressed,
1790262437.797835,rc_send_suppressed,
1790262437.9901352,rc_send_suppressed,
1790262438.2078993,rc_send_suppressed,
1790262438.3116431,rc_send_suppressed,
1790262438.424829,rc_send_suppressed,
1790262438.5528445,rc_send_suppressed,
1790262438.6848488,rc_send_suppressed,
1790262438.8030236,rc_send_suppressed,
1790262438.9144425,rc_send_suppressed,
1790262439.0457776,rc_send_suppressed,
1790262439.2000644,rc_send_suppressed,
1790262439.3935802,rc_send_suppressed,
1790262439.5390399,rc_send_suppressed,
1790262439.7079217,rc_send_suppressed,
1790262439.870003,rc_send_suppressed,
1790262440.0419466,rc_send_suppressed,
1790262440.1885698,rc_send_suppressed,
1790262440.3457887,rc_send_suppressed,
1790262440.4926543,rc_send_suppressed,
1790262440.64354,rc_send_suppressed,
1790262440.774795,rc_send_suppressed,
1790262440.924842,rc_send_suppressed,
1790262441.0742347,rc_send_suppressed,
1790262441.3393357,rc_send_suppressed,
1790262441.4948258,rc_send_suppressed,
1790262441.6525235,rc_send_suppressed,
1790262441.8038616,rc_send_suppressed,
1790262441.948418,rc_send_suppressed,
1790262442.0866663,rc_send_suppressed,
1790262442.2470021,rc_send_suppressed,
1790262442.3837936,llm_explanation,4002.464500001224
1790262442.3951995,rc_send_suppressed,
1790262442.5597858,rc_send_suppressed,
1790262442.7160797,rc_send_suppressed,
1790262442.8851469,rc_send_suppressed,
1790262442.999848,rc_send_suppressed,
1790262443.104352,rc_send_suppressed,
1790262443.2052886,rc_send_suppressed,
1790262443.3316655,rc_send_suppressed,
1790262443.4338984,rc_send_suppressed,
1790262443.543276,rc_send_suppressed,
1790262443.6540606,rc_send_suppressed,
1790262443.7631834,rc_send_suppressed,
1790262443.937099,rc_send_suppressed,
1790262444.0430043,rc_send_suppressed,
1790262444.2050786,rc_send_suppressed,
1790262444.3310306,rc_send_suppressed,
1790262444.447727,rc_send_suppressed,
1790262444.5581534,rc_send_suppressed,
1790262444.671172,rc_send_suppressed,
1790262444.7776263,rc_send_suppressed,
1790262444.8834,rc_send_suppressed,
1790262445.001308,rc_send_suppressed,
1790262445.1029348,rc_send_suppressed,
1790262445.2172225,rc_send_suppressed,
1790262445.3314564,rc_send_suppressed,
1790262445.4461782,rc_send_suppressed,
1790262445.5504827,rc_send_suppressed,
1790262445.6609602,rc_send_suppressed,
1790262445.7824328,rc_send_suppressed,
1790262445.9695442,rc_send_suppressed,
1790262446.0963836,rc_send_suppressed,
1790262446.2180345,rc_send_suppressed,
1790262446.3446121,rc_send_suppressed,
1790262446.4579008,rc_send_suppressed,
1790262446.5889852,rc_send_suppressed,
1790262446.7057724,rc_send_suppressed,
1790262446.839153,rc_send_suppressed,
1790262446.95405,rc_send_suppressed,
1790262447.060437,rc_send_suppressed,
1790262447.174678,rc_send_suppressed,
1790262447.2879372,rc_send_suppressed,
1790262447.4017084,rc_send_suppressed,
1790262447.5539594,rc_send_suppressed,
1790262447.6687121,rc_send_suppressed,
1790262447.7866127,rc_send_suppressed,
1790262447.9092462,rc_send_suppressed,
1790262448.0566723,rc_send_suppressed,
1790262448.2036934,rc_send_suppressed,
1790262448.3428183,rc_send_suppressed,
1790262448.465058,rc_send_suppressed,
1790262448.5949016,rc_send_suppressed,
1790262448.7323384,rc_send_suppressed,
1790262448.9964778,rc_send_suppressed,
1790262449.233438,rc_send_suppressed,
1790262449.3754766,rc_send_suppressed,
1790262449.4843597,rc_send_suppressed,
1790262449.6578138,rc_send_suppressed,
1790262449.7658024,rc_send_suppressed,
1790262449.9015615,rc_send_suppressed,
1790262450.0634885,rc_send_suppressed,
1790262450.294105,rc_send_suppressed,
1790262450.4480546,rc_send_suppressed,
1790262450.6016724,rc_send_suppressed,
1790262450.7485647,rc_send_suppressed,
1790262450.88683,rc_send_suppressed,
1790262451.0018275,rc_send_suppressed,
1790262451.149102,rc_send_suppressed,
1790262451.313141,rc_send_suppressed,
1790262451.4535594,rc_send_suppressed,
1790262451.577976,rc_send_suppressed,
1790262451.7481852,rc_send_suppressed,
1790262451.9079065,rc_send_suppressed,
1790262452.0605237,rc_send_suppressed,
1790262452.209477,rc_send_suppressed,
1790262452.3761783,rc_send_suppressed,
1790262452.5028915,rc_send_suppressed,
1790262452.632144,rc_send_suppressed,
1790262452.7517006,rc_send_suppressed,
1790262452.909536,rc_send_suppressed,
1790262453.0655386,rc_send_suppressed,
1790262453.2070959,rc_send_suppressed,
1790262453.4189854,rc_send_suppressed,
1790262453.5490737,rc_send_suppressed,
1790262453.6577818,rc_send_suppressed,
1790262453.789948,rc_send_suppressed,
1790262453.9031253,rc_send_suppressed,
1790262454.0617874,rc_send_suppressed,
1790262454.1903353,rc_send_suppressed,
1790262454.3434246,rc_send_suppressed,
1790262454.4731748,rc_send_suppressed,
1790262454.6193547,rc_send_suppressed,
1790262454.737812,rc_send_suppressed,
1790262454.8855245,rc_send_suppressed,
1790262455.006729,rc_send_suppressed,
1790262455.1329114,rc_send_suppressed,
1790262455.2547696,rc_send_suppressed,
1790262455.3910239,rc_send_suppressed,
1790262455.507514,rc_send_suppressed,
1790262455.6444707,rc_send_suppressed,
1790262455.7657034,rc_send_suppressed,
1790262455.9276512,rc_send_suppressed,
1790262456.080124,rc_send_suppressed,
1790262456.324366,rc_send_suppressed,
1790262456.438368,rc_send_suppressed,
1790262456.587854,rc_send_suppressed,
1790262456.749976,rc_send_suppressed,
1790262456.8857925,rc_send_suppressed,
1790262457.009623,rc_send_suppressed,
1790262457.159482,rc_send_suppressed,
1790262457.3100724,rc_send_suppressed,
1790262457.4591148,rc_send_suppressed,
1790262457.5993605,rc_send_suppressed,
1790262457.7722101,rc_send_suppressed,
1790262457.9226906,rc_send_suppressed,
1790262458.1144054,rc_send_suppressed,
1790262458.261644,rc_send_suppressed,
1790262458.44159,rc_send_suppressed,
1790262458.600066,rc_send_suppressed,
1790262458.7640588,rc_send_suppressed,
1790262458.910612,rc_send_suppressed,
1790262459.0508714,rc_send_suppressed,
1790262459.1745973,rc_send_suppressed,
1790262459.3356278,rc_send_suppressed,
1790262459.555849,rc_send_suppressed,
1790262459.6941733,rc_send_suppressed,
1790262459.8356364,rc_send_suppressed,
1790262459.9631958,rc_send_suppressed,
1790262460.1025796,rc_send_suppressed,
1790262460.2647488,rc_send_suppressed,
1790262460.4115567,rc_send_suppressed,
1790262460.562051,rc_send_suppressed,
1790262460.6717458,rc_send_suppressed,
1790262460.7942808,rc_send_suppressed,
1790262460.9133642,rc_send_suppressed,
1790262461.0797849,rc_send_suppressed,
1790262461.2385862,rc_send_suppressed,
1790262461.3640397,rc_send_suppressed,
1790262461.4785814,rc_send_suppressed,
1790262461.6738355,rc_send_suppressed,
1790262461.7926419,rc_send_suppressed,
1790262461.9199562,rc_send_suppressed,
1790262462.0938876,rc_send_suppressed,
1790262462.2940989,rc_send_suppressed,
1790262462.502216,rc_send_suppressed,
1790262462.6428678,rc_send_suppressed,
1790262462.7576556,rc_send_suppressed,
1790262462.9093053,rc_send_suppressed,
1790262463.024371,rc_send_suppressed,
1790262463.1379952,rc_send_suppressed,
1790262463.2505586,rc_send_suppressed,
1790262463.372351,rc_send_suppressed,
1790262463.4859698,rc_send_suppressed,
1790262463.6073592,rc_send_suppressed,
1790262463.744853,rc_send_suppressed,
1790262463.8851235,rc_send_suppressed,
1790262464.0043268,rc_send_suppressed,
1790262464.1107736,rc_send_suppressed,
1790262464.2326012,rc_send_suppressed,
1790262464.338055,rc_send_suppressed,
1790262464.456856,rc_send_suppressed,
1790262464.6278496,rc_send_suppressed,
1790262464.8034332,rc_send_suppressed,
1790262464.942047,rc_send_suppressed,
1790262465.0871508,rc_send_suppressed,
1790262465.2153227,rc_send_suppressed,
1790262465.3369439,rc_send_suppressed,
1790262465.439487,rc_send_suppressed,
1790262465.556422,rc_send_suppressed,
1790262465.6838582,rc_send_suppressed,
1790262465.8408015,rc_send_suppressed,
1790262465.9624755,rc_send_suppressed,
1790262466.148911,rc_send_suppressed,
1790262466.2941332,rc_send_suppressed,
1790262466.4551938,rc_send_suppressed,
1790262466.6054814,rc_send_suppressed,
1790262466.8069425,rc_send_suppressed,
1790262466.9380615,rc_send_suppressed,
1790262467.0460877,rc_send_suppressed,
1790262467.1659384,rc_send_suppressed,
1790262467.2793193,rc_send_suppressed,
1790262467.380738,rc_send_suppressed,
1790262467.4826987,rc_send_suppressed,
1790262467.5977998,rc_send_suppressed,
1790262467.754856,rc_send_suppressed,
1790262467.849516,llm_explanation,1413.17970000091
1790262467.8557436,rc_send_suppressed,
1790262467.958325,rc_send_suppressed,
1790262468.0866725,rc_send_suppressed,
1790262468.186729,rc_send_suppressed,
1790262468.2966506,rc_send_suppressed,
1790262468.417776,rc_send_suppressed,
1790262468.5298278,rc_send_suppressed,
1790262468.753201,rc_send_suppressed,
1790262468.855103,rc_send_suppressed,
1790262469.0141325,rc_send_suppressed,
1790262469.1239574,rc_send_suppressed,
1790262469.2255223,rc_send_suppressed,
1790262469.378027,rc_send_suppressed,
1790262469.4845128,rc_send_suppressed,
1790262469.5955317,rc_send_suppressed,
1790262469.7429004,llm_explanation,1879.3737999985751
1790262469.7495117,rc_send_suppressed,
1790262469.8637223,rc_send_suppressed,
1790262470.0313594,rc_send_suppressed,
1790262470.1368363,rc_send_suppressed,
1790262470.282005,rc_send_suppressed,
1790262470.3998342,rc_send_suppressed,
1790262470.5005322,rc_send_suppressed,
1790262470.6506684,rc_send_suppressed,
1790262470.821198,rc_send_suppressed,
1790262470.9380713,rc_send_suppressed,
1790262471.0721157,rc_send_suppressed,
1790262471.1717432,rc_send_suppressed,
1790262471.285472,rc_send_suppressed,
1790262471.387118,rc_send_suppressed,
1790262471.501068,rc_send_suppressed,
1790262471.602954,rc_send_suppressed,
1790262471.7083857,rc_send_suppressed,
1790262471.8333814,rc_send_suppressed,
1790262471.9503334,rc_send_suppressed,
1790262472.050912,rc_send_suppressed,
1790262472.1799011,rc_send_suppressed,
1790262472.2958035,rc_send_suppressed,
1790262472.4415185,rc_send_suppressed,
1790262472.5441518,rc_send_suppressed,
1790262472.6694696,rc_send_suppressed,
1790262472.769574,rc_send_suppressed,
1790262472.8710139,rc_send_suppressed,
1790262472.990604,rc_send_suppressed,
1790262473.1081269,rc_send_suppressed,
1790262473.2104292,rc_send_suppressed,
1790262473.35496,rc_send_suppressed,
1790262473.4628668,rc_send_suppressed,
1790262473.6086106,rc_send_suppressed,
1790262473.7114663,rc_send_suppressed,
1790262473.7673626,llm_explanation,4003.76949999918
1790262473.8466635,rc_send_suppressed,
1790262473.954911,rc_send_suppressed,
1790262474.1830852,rc_send_suppressed,
1790262474.3635721,rc_send_suppressed,
1790262474.478552,rc_send_suppressed,
1790262474.6050775,rc_send_suppressed,
1790262474.7664907,rc_send_suppressed,
1790262474.8747222,rc_send_suppressed,
1790262474.998275,rc_send_suppressed,
1790262475.127458,rc_send_suppressed,
1790262475.2315063,rc_send_suppressed,
1790262475.2452376,llm_explanation,1531.4508000010392
1790262475.350644,rc_send_suppressed,
1790262475.4743917,rc_send_suppressed,
1790262475.5914955,rc_send_suppressed,
1790262475.6952727,rc_send_suppressed,
1790262475.795802,rc_send_suppressed,
1790262475.9044826,rc_send_suppressed,
1790262476.0259557,rc_send_suppressed,
1790262476.1394758,rc_send_suppressed,
1790262476.2621903,rc_send_suppressed,
1790262476.3668597,rc_send_suppressed,
1790262476.485127,rc_send_suppressed,
1790262476.5964873,rc_send_suppressed,
1790262476.6973517,rc_send_suppressed,
1790262476.8031275,rc_send_suppressed,
1790262476.922619,rc_send_suppressed,
1790262477.026356,rc_send_suppressed,
1790262477.145857,rc_send_suppressed,
1790262477.2592812,rc_send_suppressed,
1790262477.3603992,rc_send_suppressed,
1790262477.52119,llm_explanation,2185.815199998615
1790262477.5301664,rc_send_suppressed,
1790262477.649654,rc_send_suppressed,
1790262477.7690904,rc_send_suppressed,
1790262477.8903117,rc_send_suppressed,
1790262478.0174284,rc_send_suppressed,
1790262478.142359,rc_send_suppressed,
1790262478.2632883,rc_send_suppressed,
1790262478.381126,rc_send_suppressed,
1790262478.5024097,rc_send_suppressed,
1790262478.6366909,rc_send_suppressed,
1790262478.7741997,rc_send_suppressed,
1790262478.8927379,rc_send_suppressed,
1790262479.028959,rc_send_suppressed,
1790262479.1447334,rc_send_suppressed,
1790262479.2851796,rc_send_suppressed,
1790262479.4262283,rc_send_suppressed,
1790262479.5637,rc_send_suppressed,
1790262479.689093,rc_send_suppressed,
1790262479.8497262,rc_send_suppressed,
1790262479.9955504,rc_send_suppressed,
1790262480.1569216,rc_send_suppressed,
1790262480.4040382,rc_send_suppressed,
1790262480.523422,rc_send_suppressed,
1790262480.6531,rc_send_suppressed,
1790262480.7822433,rc_send_suppressed,
1790262480.8961587,rc_send_suppressed,
1790262481.02591,rc_send_suppressed,
1790262481.1491418,rc_send_suppressed,
1790262481.2806442,rc_send_suppressed,
1790262481.399824,rc_send_suppressed,
1790262481.5206044,llm_explanation,4003.5527
1790262481.5325713,rc_send_suppressed,
1790262481.6755283,rc_send_suppressed,
1790262481.798752,rc_send_suppressed,
1790262481.914768,rc_send_suppressed,
1790262482.0425594,rc_send_suppressed,
1790262482.172088,rc_send_suppressed,
1790262482.3053238,rc_send_suppressed,
1790262482.4251692,rc_send_suppressed,
1790262482.5571682,rc_send_suppressed,
1790262482.6741467,rc_send_suppressed,
1790262482.7983823,rc_send_suppressed,
1790262482.9149306,rc_send_suppressed,
1790262483.1224115,rc_send_suppressed,
1790262483.247019,rc_send_suppressed,
1790262483.3710685,rc_send_suppressed,
1790262483.5090468,rc_send_suppressed,
1790262483.630541,rc_send_suppressed,
1790262483.747361,rc_send_suppressed,
1790262483.8708458,rc_send_suppressed,
1790262484.0169885,rc_send_suppressed,
1790262484.1380937,rc_send_suppressed,
1790262484.250447,rc_send_suppressed,
1790262484.3898158,rc_send_suppressed,
1790262484.5218601,rc_send_suppressed,
1790262484.6941645,rc_send_suppressed,
1790262484.843322,rc_send_suppressed,
1790262484.970479,rc_send_suppressed,
1790262485.0931096,rc_send_suppressed,
1790262485.2290168,rc_send_suppressed,
1790262485.3459432,rc_send_suppressed,
1790262485.4987826,rc_send_suppressed,
1790262485.6372092,rc_send_suppressed,
1790262485.7698228,rc_send_suppressed,
1790262485.9662068,rc_send_suppressed,
1790262486.0837986,rc_send_suppressed,
1790262486.2127588,rc_send_suppressed,
1790262486.3568797,rc_send_suppressed,
1790262486.5143104,rc_send_suppressed,
1790262486.635792,rc_send_suppressed,
1790262486.7498274,rc_send_suppressed,
1790262486.8746476,rc_send_suppressed,
1790262487.016262,rc_send_suppressed,
1790262487.1334639,rc_send_suppressed,
1790262487.2431552,rc_send_suppressed,
1790262487.3637173,rc_send_suppressed,
1790262487.51139,rc_send_suppressed,
1790262487.631528,rc_send_suppressed,
1790262487.7375295,rc_send_suppressed,
1790262487.86708,rc_send_suppressed,
1790262488.0184867,rc_send_suppressed,
1790262488.143731,rc_send_suppressed,
1790262488.257675,rc_send_suppressed,
1790262488.3889675,rc_send_suppressed,
1790262488.517349,rc_send_suppressed,
1790262488.7300115,rc_send_suppressed,
1790262488.856235,rc_send_suppressed,
1790262489.031866,rc_send_suppressed,
1790262489.1613624,rc_send_suppressed,
1790262489.280784,rc_send_suppressed,
1790262489.3922544,llm_explanation,3918.831200000568
1790262489.4027689,rc_send_suppressed,
1790262489.530997,rc_send_suppressed,
1790262489.6478975,rc_send_suppressed,
1790262489.7717278,rc_send_suppressed,
1790262489.894738,rc_send_suppressed,
1790262490.052408,rc_send_suppressed,
1790262490.1649773,rc_send_suppressed,
1790262490.3166564,rc_send_suppressed,
1790262490.458369,rc_send_suppressed,
1790262490.592962,rc_send_suppressed,
1790262490.7205255,rc_send_suppressed,
1790262490.9843776,rc_send_suppressed,
1790262491.1097577,rc_send_suppressed,
1790262491.2628748,rc_send_suppressed,
1790262491.378294,rc_send_suppressed,
1790262491.5004852,rc_send_suppressed,
1790262491.6162624,rc_send_suppressed,
1790262491.7371478,rc_send_suppressed,
1790262491.87785,rc_send_suppressed,
1790262492.0165749,rc_send_suppressed,
1790262492.1410697,rc_send_suppressed,
1790262492.2741714,rc_send_suppressed,
1790262492.4080908,rc_send_suppressed,
1790262492.5509696,rc_send_suppressed,
1790262492.6764488,rc_send_suppressed,
1790262492.7992399,rc_send_suppressed,
1790262492.9123938,rc_send_suppressed,
1790262493.0578363,rc_send_suppressed,
1790262493.1833024,rc_send_suppressed,
1790262493.3763218,llm_explanation,4007.2873000026448
1790262493.3889127,rc_send_suppressed,
1790262493.6637404,rc_send_suppressed,
1790262493.7680862,rc_send_suppressed,
1790262493.881948,rc_send_suppressed,
1790262494.0014164,rc_send_suppressed,
1790262494.1148703,rc_send_suppressed,
1790262494.2517178,rc_send_suppressed,
1790262494.3773983,rc_send_suppressed,
1790262494.493909,rc_send_suppressed,
1790262494.601729,rc_send_suppressed,
1790262494.7463973,rc_send_suppressed,
1790262494.8940804,rc_send_suppressed,
1790262495.090415,rc_send_suppressed,
1790262495.1936126,rc_send_suppressed,
1790262495.347611,rc_send_suppressed,
1790262495.459431,rc_send_suppressed,
1790262495.6240394,rc_send_suppressed,
1790262495.7367654,rc_send_suppressed,
1790262495.8508325,rc_send_suppressed,
1790262495.951334,rc_send_suppressed,
1790262496.0532837,rc_send_suppressed,
1790262496.1559303,rc_send_suppressed,
1790262496.2572725,rc_send_suppressed,
1790262496.3578653,rc_send_suppressed,
1790262496.518616,rc_send_suppressed,
1790262496.6182315,rc_send_suppressed,
1790262496.7672043,rc_send_suppressed,
1790262496.874579,rc_send_suppressed,
1790262496.9750066,rc_send_suppressed,
1790262497.1044014,rc_send_suppressed,
1790262497.2219653,rc_send_suppressed,
1790262497.3416626,rc_send_suppressed,
1790262497.4563122,rc_send_suppressed,
1790262497.6304162,rc_send_suppressed,
1790262497.7384443,rc_send_suppressed,
1790262497.8478103,rc_send_suppressed,
1790262497.951595,rc_send_suppressed,
1790262498.0518684,rc_send_suppressed,
1790262498.1539848,rc_send_suppressed,
1790262498.3007693,rc_send_suppressed,
1790262498.4111927,rc_send_suppressed,
1790262498.513359,rc_send_suppressed,
1790262498.614276,rc_send_suppressed,
1790262498.716838,rc_send_suppressed,
1790262498.8251455,rc_send_suppressed,
1790262498.9859602,rc_send_suppressed,
1790262499.1015325,rc_send_suppressed,
1790262499.2720397,llm_explanation,1816.5984000006574
1790262499.2780242,rc_send_suppressed,
1790262499.3936052,rc_send_suppressed,
1790262499.5486598,rc_send_suppressed,
1790262499.6518314,rc_send_suppressed,
1790262499.7994773,rc_send_suppressed,
1790262499.90617,rc_send_suppressed,
1790262500.0078044,rc_send_suppressed,
1790262500.1092467,rc_send_suppressed,
1790262500.2202513,rc_send_suppressed,
1790262500.3227792,rc_send_suppressed,
1790262500.4852152,rc_send_suppressed,
1790262500.5888681,rc_send_suppressed,
1790262500.7118497,rc_send_suppressed,
1790262500.8132179,rc_send_suppressed,
1790262500.9141095,rc_send_suppressed,
1790262501.0153909,rc_send_suppressed,
1790262501.117311,rc_send_suppressed,
1790262501.2186432,rc_send_suppressed,
1790262501.3759873,rc_send_suppressed,
1790262501.487148,rc_send_suppressed,
1790262501.6470513,rc_send_suppressed,
1790262501.749732,rc_send_suppressed,
1790262501.8523352,rc_send_suppressed,
1790262502.0087538,rc_send_suppressed,
1790262502.1122596,rc_send_suppressed,
1790262502.2245026,rc_send_suppressed,
1790262502.3257391,rc_send_suppressed,
1790262502.4294221,rc_send_suppressed,
1790262502.5487304,rc_send_suppressed,
1790262502.6577182,rc_send_suppressed,
1790262502.810753,rc_send_suppressed,
1790262502.9137177,rc_send_suppressed,
1790262503.0138218,rc_send_suppressed,
1790262503.0990424,llm_explanation,3900.6491000000096
1790262503.1148381,rc_send_suppressed,
1790262503.2215126,rc_send_suppressed,
1790262503.3211746,rc_send_suppressed,
1790262503.485966,rc_send_suppressed,
1790262503.5892653,rc_send_suppressed,
1790262503.7425437,rc_send_suppressed,
1790262503.857236,rc_send_suppressed,
1790262503.9574692,rc_send_suppressed,
1790262504.0726113,rc_send_suppressed,
1790262504.1741068,rc_send_suppressed,
1790262504.276646,rc_send_suppressed,
1790262504.3954284,rc_send_suppressed,
1790262504.506948,rc_send_suppressed,
1790262504.6707797,rc_send_suppressed,
1790262504.778073,rc_send_suppressed,
1790262504.9117992,rc_send_suppressed,
1790262505.02027,rc_send_suppressed,
1790262505.0843287,llm_explanation,1968.5414000014134
1790262505.121246,rc_send_suppressed,
1790262505.2405953,rc_send_suppressed,
1790262505.3426585,rc_send_suppressed,
1790262505.4486506,rc_send_suppressed,
1790262505.561675,rc_send_suppressed,
1790262505.7387044,rc_send_suppressed,
1790262505.849483,rc_send_suppressed,
1790262505.9522066,rc_send_suppressed,
1790262506.0676243,rc_send_suppressed,
1790262506.1710608,rc_send_suppressed,
1790262506.277537,rc_send_suppressed,
1790262506.3861935,rc_send_suppressed,
1790262506.4891489,rc_send_suppressed,
1790262506.6015525,rc_send_suppressed,
1790262506.7052922,rc_send_suppressed,
1790262506.8613708,rc_send_suppressed,
1790262506.9711683,rc_send_suppressed,
1790262507.0951,rc_send_suppressed,
1790262507.2112796,rc_send_suppressed,
1790262507.312389,rc_send_suppressed,
1790262507.430423,rc_send_suppressed,
1790262507.5389037,rc_send_suppressed,
1790262507.6987858,rc_send_suppressed,
1790262507.8039644,rc_send_suppressed,
1790262507.9436162,rc_send_suppressed,
1790262508.0442853,rc_send_suppressed,
1790262508.14637,rc_send_suppressed,
1790262508.263262,rc_send_suppressed,
1790262508.4140604,rc_send_suppressed,
1790262508.5281057,rc_send_suppressed,
1790262508.6926923,rc_send_suppressed,
1790262508.8160977,rc_send_suppressed,
1790262508.955048,rc_send_suppressed,
1790262509.1059241,llm_explanation,4004.9035000010917
1790262509.1158981,rc_send_suppressed,
1790262509.241495,rc_send_suppressed,
1790262509.362253,rc_send_suppressed,
1790262509.4851549,rc_send_suppressed,
1790262509.604396,rc_send_suppressed,
1790262509.7326086,rc_send_suppressed,
1790262509.8519547,rc_send_suppressed,
1790262509.9879706,rc_send_suppressed,
1790262510.112397,rc_send_suppressed,
1790262510.2327373,rc_send_suppressed,
1790262510.4331887,rc_send_suppressed,
1790262510.5593245,rc_send_suppressed,
1790262510.699443,rc_send_suppressed,
1790262510.827533,rc_send_suppressed,
1790262510.9778788,rc_send_suppressed,
1790262511.1195164,rc_send_suppressed,
1790262511.266134,llm_explanation,2124.570899999526
1790262511.2751083,rc_send_suppressed,
1790262511.399368,rc_send_suppressed,
1790262511.5100932,rc_send_suppressed,
1790262511.6443787,rc_send_suppressed,
1790262511.8120384,rc_send_suppressed,
1790262511.9521804,rc_send_suppressed,
1790262512.0632415,rc_send_suppressed,
1790262512.1848648,rc_send_suppressed,
1790262512.3001554,rc_send_suppressed,
1790262512.4652956,rc_send_suppressed,
1790262512.6273673,rc_send_suppressed,
1790262512.7976813,rc_send_suppressed,
1790262512.9537885,rc_send_suppressed,
1790262513.130041,rc_send_suppressed,
1790262513.2845964,rc_send_suppressed,
1790262513.5085778,rc_send_suppressed,
1790262513.6257267,rc_send_suppressed,
1790262513.786799,rc_send_suppressed,
1790262513.9040284,rc_send_suppressed,
1790262514.0206976,rc_send_suppressed,
1790262514.1363072,rc_send_suppressed,
1790262514.2824347,rc_send_suppressed,
1790262514.4103198,rc_send_suppressed,
1790262514.54875,rc_send_suppressed,
1790262514.6630661,rc_send_suppressed,
1790262514.7867212,rc_send_suppressed,
1790262514.9043243,rc_send_suppressed,
1790262515.0542836,rc_send_suppressed,
1790262515.1835387,rc_send_suppressed,
1790262515.2037768,llm_explanation,4010.5282999975316
1790262515.3266413,rc_send_suppressed,
1790262515.4777615,rc_send_suppressed,
1790262515.6004276,rc_send_suppressed,
1790262515.7248006,rc_send_suppressed,
1790262515.8472915,rc_send_suppressed,
1790262515.981303,rc_send_suppressed,
1790262516.1058166,rc_send_suppressed,
1790262516.29536,rc_send_suppressed,
1790262516.4138358,rc_send_suppressed,
1790262516.5285165,rc_send_suppressed,
1790262516.6569893,rc_send_suppressed,
1790262516.810494,rc_send_suppressed,
1790262516.9351115,rc_send_suppressed,
1790262517.0615747,rc_send_suppressed,
1790262517.1721182,llm_explanation,1933.9734999994107
1790262517.1816049,rc_send_suppressed,
1790262517.3156679,rc_send_suppressed,
1790262517.4487715,rc_send_suppressed,
1790262517.5764754,rc_send_suppressed,
1790262517.7166767,rc_send_suppressed,
1790262517.8373756,rc_send_suppressed,
1790262517.9889762,rc_send_suppressed,
1790262518.104488,rc_send_suppressed,
1790262518.2228942,rc_send_suppressed,
1790262518.348071,rc_send_suppressed,
1790262518.500373,rc_send_suppressed,
1790262518.6448386,rc_send_suppressed,
1790262518.7664537,rc_send_suppressed,
1790262518.8818662,rc_send_suppressed,
1790262519.0914407,rc_send_suppressed,
1790262519.1997504,rc_send_suppressed,
1790262519.3312976,rc_send_suppressed,
1790262519.4773493,rc_send_suppressed,
1790262519.6044052,rc_send_suppressed,
1790262519.721416,llm_explanation,2565.6405000008817
1790262519.7331555,rc_send_suppressed,
1790262519.8752956,rc_send_suppressed,
1790262520.007562,rc_send_suppressed,
1790262520.177681,rc_send_suppressed,
1790262520.3054824,rc_send_suppressed,
1790262520.4340618,rc_send_suppressed,
1790262520.5483522,rc_send_suppressed,
1790262520.670667,rc_send_suppressed,
1790262520.8130124,rc_send_suppressed,
1790262520.9306307,rc_send_suppressed,
1790262521.0471663,rc_send_suppressed,
1790262521.1726453,rc_send_suppressed,
1790262521.3354168,rc_send_suppressed,
1790262521.4831092,rc_send_suppressed,
1790262521.5952718,rc_send_suppressed,
1790262521.7284567,rc_send_suppressed,
1790262521.9480944,rc_send_suppressed,
1790262522.0721402,rc_send_suppressed,
1790262522.2077713,rc_send_suppressed,
1790262522.3376667,rc_send_suppressed,
1790262522.487969,rc_send_suppressed,
1790262522.6102858,rc_send_suppressed,
1790262522.722186,rc_send_suppressed,
1790262522.8464286,rc_send_suppressed,
1790262522.960483,rc_send_suppressed,
1790262523.0793753,rc_send_suppressed,
1790262523.2187018,rc_send_suppressed,
1790262523.3576484,rc_send_suppressed,
1790262523.4927695,rc_send_suppressed,
1790262523.6606326,rc_send_suppressed,
1790262523.7830431,llm_explanation,4005.956500001048
1790262523.796009,rc_send_suppressed,
1790262523.93888,rc_send_suppressed,
1790262524.07956,rc_send_suppressed,
1790262524.230395,rc_send_suppressed,
1790262524.3648024,rc_send_suppressed,
1790262524.5263608,rc_send_suppressed,
1790262524.63701,rc_send_suppressed,
1790262524.8407583,rc_send_suppressed,
1790262524.9632452,rc_send_suppressed,
1790262525.1030405,rc_send_suppressed,
1790262525.2293117,rc_send_suppressed,
1790262525.3680406,rc_send_suppressed,
1790262525.5103552,rc_send_suppressed,
1790262525.64179,rc_send_suppressed,
1790262525.756709,rc_send_suppressed,
1790262525.893865,rc_send_suppressed,
1790262526.0105891,rc_send_suppressed,
1790262526.1324797,rc_send_suppressed,
1790262526.2461092,rc_send_suppressed,
1790262526.3685153,rc_send_suppressed,
1790262526.5038068,llm_explanation,2782.2172999985924
1790262526.512655,rc_send_suppressed,
1790262526.631683,rc_send_suppressed,
1790262526.7498536,rc_send_suppressed,
1790262526.8720138,rc_send_suppressed,
1790262527.0371838,rc_send_suppressed,
1790262527.156522,rc_send_suppressed,
1790262527.2752585,rc_send_suppressed,
1790262527.3988068,rc_send_suppressed,
1790262527.5999796,rc_send_suppressed,
1790262527.7229307,rc_send_suppressed,
1790262527.8442097,rc_send_suppressed,
1790262527.9720566,rc_send_suppressed,
1790262528.088644,rc_send_suppressed,
1790262528.2242851,rc_send_suppressed,
1790262528.3504503,rc_send_suppressed,
1790262528.4899347,rc_send_suppressed,
1790262528.6249077,rc_send_suppressed,
1790262528.7601533,rc_send_suppressed,
1790262528.8834834,rc_send_suppressed,
1790262528.992783,rc_send_suppressed,
1790262529.0961273,rc_send_suppressed,
1790262529.2116642,rc_send_suppressed,
1790262529.3127515,rc_send_suppressed,
1790262529.4137018,rc_send_suppressed,
1790262529.5650597,rc_send_suppressed,
1790262529.6693463,rc_send_suppressed,
1790262529.7721572,rc_send_suppressed,
1790262529.9929693,rc_send_suppressed,
1790262530.1046371,rc_send_suppressed,
1790262530.2077293,rc_send_suppressed,
1790262530.3117056,rc_send_suppressed,
1790262530.4125493,rc_send_suppressed,
1790262530.5602522,llm_explanation,4027.5483000004897
1790262530.5672333,rc_send_suppressed,
1790262530.6737752,rc_send_suppressed,
1790262530.7755806,rc_send_suppressed,
1790262530.9286451,rc_send_suppressed,
1790262531.0925937,rc_send_suppressed,
1790262531.1958969,rc_send_suppressed,
1790262531.3458428,rc_send_suppressed,
1790262531.447419,rc_send_suppressed,
1790262531.6010268,rc_send_suppressed,
1790262531.7079644,rc_send_suppressed,
1790262531.8263216,rc_send_suppressed,
1790262531.9715393,rc_send_suppressed,
1790262532.0801053,rc_send_suppressed,
1790262532.183843,rc_send_suppressed,
1790262532.2584493,llm_explanation,1702.4342000004253
1790262532.286417,rc_send_suppressed,
1790262532.386869,rc_send_suppressed,
1790262532.488508,rc_send_suppressed,
1790262532.6276393,rc_send_suppressed,
1790262532.7340019,rc_send_suppressed,
1790262532.883947,rc_send_suppressed,
1790262532.9950128,rc_send_suppressed,
1790262533.095017,rc_send_suppressed,
1790262533.2526853,rc_send_suppressed,
1790262533.3596787,rc_send_suppressed,
1790262533.4672835,rc_send_suppressed,
1790262533.62627,rc_send_suppressed,
1790262533.734697,rc_send_suppressed,
1790262533.8454154,rc_send_suppressed,
1790262533.988341,rc_send_suppressed,
1790262534.0918152,rc_send_suppressed,
1790262534.1972265,rc_send_suppressed,
1790262534.3554144,rc_send_suppressed,
1790262534.4397552,llm_explanation,2215.2745999992476
1790262534.477949,rc_send_suppressed,
1790262534.5827942,rc_send_suppressed,
1790262534.6880414,rc_send_suppressed,
1790262534.7929587,rc_send_suppressed,
1790262534.8936713,rc_send_suppressed,
1790262535.0298703,rc_send_suppressed,
1790262535.1397474,rc_send_suppressed,
1790262535.2457654,rc_send_suppressed,
1790262535.356648,rc_send_suppressed,
1790262535.518808,rc_send_suppressed,
1790262535.6248307,rc_send_suppressed,
1790262535.7873378,rc_send_suppressed,
1790262535.900227,rc_send_suppressed,
1790262536.045081,rc_send_suppressed,
1790262536.202234,rc_send_suppressed,
1790262536.3132467,rc_send_suppressed,
1790262536.432868,rc_send_suppressed,
1790262536.541967,rc_send_suppressed,
1790262536.6437466,rc_send_suppressed,
1790262536.7738926,rc_send_suppressed,
1790262536.895655,rc_send_suppressed,
1790262537.029789,rc_send_suppressed,
1790262537.1914234,rc_send_suppressed,
1790262537.3581052,rc_send_suppressed,
1790262537.5363991,rc_send_suppressed,
1790262537.6385262,rc_send_suppressed,
1790262537.8039622,rc_send_suppressed,
1790262537.9062717,rc_send_suppressed,
1790262538.0643983,rc_send_suppressed,
1790262538.1659508,rc_send_suppressed,
1790262538.2756846,rc_send_suppressed,
1790262538.3785386,rc_send_suppressed,
1790262538.4494445,llm_explanation,4014.77590000286
1790262538.488829,rc_send_suppressed,
1790262538.589672,rc_send_suppressed,
1790262538.695304,rc_send_suppressed,
1790262538.8732052,rc_send_suppressed,
1790262538.9880872,rc_send_suppressed,
1790262539.0871317,rc_send_suppressed,
1790262539.1923456,rc_send_suppressed,
1790262539.369932,rc_send_suppressed,
1790262539.4884005,rc_send_suppressed,
1790262539.6614513,rc_send_suppressed,
1790262539.8055525,rc_send_suppressed,
1790262539.929263,rc_send_suppressed,
1790262540.0364187,rc_send_suppressed,
1790262540.137202,rc_send_suppressed,
1790262540.257005,rc_send_suppressed,
1790262540.3654666,rc_send_suppressed,
1790262540.4782948,rc_send_suppressed,
1790262540.5879405,rc_send_suppressed,
1790262540.6920989,rc_send_suppressed,
1790262540.802123,rc_send_suppressed,
1790262540.9214315,rc_send_suppressed,
1790262541.0307257,rc_send_suppressed,
1790262541.1346598,rc_send_suppressed,
1790262541.2553003,rc_send_suppressed,
1790262541.3565662,rc_send_suppressed,
1790262541.4726999,rc_send_suppressed,
1790262541.5802026,rc_send_suppressed,
1790262541.6862495,rc_send_suppressed,
1790262541.79697,rc_send_suppressed,
1790262541.904203,rc_send_suppressed,
1790262542.0631297,rc_send_suppressed,
1790262542.2357783,rc_send_suppressed,
1790262542.3525038,rc_send_suppressed,
1790262542.5003967,rc_send_suppressed,
1790262542.6198795,rc_send_suppressed,
1790262542.7588067,rc_send_suppressed,
1790262542.911735,rc_send_suppressed,
1790262543.0423589,rc_send_suppressed,
1790262543.1539783,rc_send_suppressed,
1790262543.302576,rc_send_suppressed,
1790262543.4178905,rc_send_suppressed,
1790262543.539403,rc_send_suppressed,
1790262543.6581445,rc_send_suppressed,
1790262543.7773578,rc_send_suppressed,
1790262543.9041831,rc_send_suppressed,
1790262544.0360365,rc_send_suppressed,
1790262544.1442382,rc_send_suppressed,
1790262544.289938,rc_send_suppressed,
1790262544.4112213,rc_send_suppressed,
1790262544.5321326,rc_send_suppressed,
1790262544.653565,rc_send_suppressed,
1790262544.8828707,rc_send_suppressed,
1790262545.005156,rc_send_suppressed,
1790262545.1292453,rc_send_suppressed,
1790262545.243085,rc_send_suppressed,
1790262545.3633485,rc_send_suppressed,
1790262545.4774935,rc_send_suppressed,
1790262545.622096,rc_send_suppressed,
1790262545.765399,rc_send_suppressed,
1790262545.9280128,rc_send_suppressed,
1790262546.0863895,rc_send_suppressed,
1790262546.262741,rc_send_suppressed,
1790262546.418982,rc_send_suppressed,
1790262546.6142669,rc_send_suppressed,
1790262546.7590313,rc_send_suppressed,
1790262546.9181607,rc_send_suppressed,
1790262547.0421555,rc_send_suppressed,
1790262547.1573384,rc_send_suppressed,
1790262547.2791867,rc_send_suppressed,
1790262547.4142354,rc_send_suppressed,
1790262547.5232198,rc_send_suppressed,
1790262547.6673307,rc_send_suppressed,
1790262547.878493,rc_send_suppressed,
1790262548.0093474,rc_send_suppressed,
1790262548.1601574,rc_send_suppressed,
1790262548.3062303,rc_send_suppressed,
1790262548.5411959,rc_send_suppressed,
1790262548.7677872,rc_send_suppressed,
1790262548.9084046,rc_send_suppressed,
1790262549.0334647,rc_send_suppressed,
1790262549.137899,rc_send_suppressed,
1790262549.2529745,rc_send_suppressed,
1790262549.3770885,rc_send_suppressed,
1790262549.5006921,rc_send_suppressed,
1790262549.6052938,rc_send_suppressed,
1790262549.7242343,rc_send_suppressed,
1790262549.8347278,rc_send_suppressed,
1790262549.9585292,rc_send_suppressed,
1790262550.187436,rc_send_suppressed,
1790262550.3136573,rc_send_suppressed,
1790262550.4361358,rc_send_suppressed,
1790262550.5673733,rc_send_suppressed,
1790262550.7031837,rc_send_suppressed,
1790262550.8462603,rc_send_suppressed,
1790262550.9666996,rc_send_suppressed,
1790262551.1304555,rc_send_suppressed,
1790262551.2728367,rc_send_suppressed,
1790262551.4031978,rc_send_suppressed,
1790262551.512537,rc_send_suppressed,
1790262551.618402,rc_send_suppressed,
1790262551.7339325,rc_send_suppressed,
1790262551.838209,rc_send_suppressed,
1790262551.9513514,rc_send_suppressed,
1790262552.0653157,rc_send_suppressed,
1790262552.1654983,rc_send_suppressed,
1790262552.2827291,rc_send_suppressed,
1790262552.3866718,rc_send_suppressed,
1790262552.4892929,rc_send_suppressed,
1790262552.5925338,rc_send_suppressed,
1790262552.7632914,rc_send_suppressed,
1790262552.8580608,llm_explanation,2334.9367000009806
1790262552.865563,rc_send_suppressed,
1790262552.980281,rc_send_suppressed,
1790262553.099836,rc_send_suppressed,
1790262553.2232137,rc_send_suppressed,
1790262553.3393779,rc_send_suppressed,
1790262553.4570909,rc_send_suppressed,
1790262553.6050334,rc_send_suppressed,
1790262553.732928,rc_send_suppressed,
1790262553.8517604,rc_send_suppressed,
1790262553.9880502,rc_send_suppressed,
1790262554.1086588,rc_send_suppressed,
1790262554.30993,rc_send_suppressed,
1790262554.4426048,rc_send_suppressed,
1790262554.5579774,rc_send_suppressed,
1790262554.6882067,rc_send_suppressed,
1790262554.828941,rc_send_suppressed,
1790262554.9481,rc_send_suppressed,
1790262555.070396,rc_send_suppressed,
1790262555.2097237,rc_send_suppressed,
1790262555.3363695,rc_send_suppressed,
1790262555.4465718,rc_send_suppressed,
1790262555.5647886,rc_send_suppressed,
1790262555.6758864,rc_send_suppressed,
1790262555.7983787,rc_send_suppressed,
1790262555.9365363,rc_send_suppressed,
1790262556.0688076,rc_send_suppressed,
1790262556.2031121,rc_send_suppressed,
1790262556.3310378,rc_send_suppressed,
1790262556.4528487,rc_send_suppressed,
1790262556.618097,rc_send_suppressed,
1790262556.8016827,rc_send_suppressed,
1790262556.8229713,llm_explanation,4003.5454999997455
1790262556.9719958,rc_send_suppressed,
1790262557.2159414,rc_send_suppressed,
1790262557.3615954,rc_send_suppressed,
1790262557.483804,rc_send_suppressed,
1790262557.6273417,rc_send_suppressed,
1790262557.7833605,rc_send_suppressed,
1790262557.9030805,rc_send_suppressed,
1790262558.0313904,rc_send_suppressed,
1790262558.167448,rc_send_suppressed,
1790262558.3122733,rc_send_suppressed,
1790262558.4369688,rc_send_suppressed,
1790262558.5441296,rc_send_suppressed,
1790262558.6689887,rc_send_suppressed,
1790262558.8221793,rc_send_suppressed,
1790262558.9893749,rc_send_suppressed,
1790262559.1376257,rc_send_suppressed,
1790262559.2591765,rc_send_suppressed,
1790262559.3730686,rc_send_suppressed,
1790262559.476854,rc_send_suppressed,
1790262559.5770948,rc_send_suppressed,
1790262559.678497,rc_send_suppressed,
1790262559.7921846,rc_send_suppressed,
1790262559.9397001,rc_send_suppressed,
1790262560.0419915,rc_send_suppressed,
1790262560.1974976,rc_send_suppressed,
1790262560.3050756,rc_send_suppressed,
1790262560.405317,rc_send_suppressed,
1790262560.5594404,rc_send_suppressed,
1790262560.6667936,rc_send_suppressed,
1790262560.779297,rc_send_suppressed,
1790262560.8820558,rc_send_suppressed,
1790262560.9833064,rc_send_suppressed,
1790262561.1358707,rc_send_suppressed,
1790262561.2378619,rc_send_suppressed,
1790262561.3400223,rc_send_suppressed,
1790262561.4480522,rc_send_suppressed,
1790262561.5485537,rc_send_suppressed,
1790262561.7721355,rc_send_suppressed,
1790262561.8824377,rc_send_suppressed,
1790262561.9847782,rc_send_suppressed,
1790262562.1362786,rc_send_suppressed,
1790262562.2391937,rc_send_suppressed,
1790262562.4010196,rc_send_suppressed,
1790262562.5064538,rc_send_suppressed,
1790262562.610879,rc_send_suppressed,
1790262562.7149065,rc_send_suppressed,
1790262562.8168712,rc_send_suppressed,
1790262562.9186409,rc_send_suppressed,
1790262563.0197399,rc_send_suppressed,
1790262563.1340256,rc_send_suppressed,
1790262563.283101,rc_send_suppressed,
1790262563.3850224,rc_send_suppressed,
1790262563.4993458,rc_send_suppressed,
1790262563.653359,rc_send_suppressed,
1790262563.838149,rc_send_suppressed,
1790262563.951284,rc_send_suppressed,
1790262564.0542214,rc_send_suppressed,
1790262564.1378882,llm_explanation,3269.067299999733
1790262564.1628218,rc_send_suppressed,
1790262564.3137536,rc_send_suppressed,
1790262564.4147089,rc_send_suppressed,
1790262564.5160654,rc_send_suppressed,
1790262564.6287498,rc_send_suppressed,
1790262564.7370787,rc_send_suppressed,
1790262564.9090486,rc_send_suppressed,
1790262565.0255249,rc_send_suppressed,
1790262565.1834893,rc_send_suppressed,
1790262565.2845135,rc_send_suppressed,
1790262565.4016075,rc_send_suppressed,
1790262565.5075672,rc_send_suppressed,
1790262565.6103556,rc_send_suppressed,
1790262565.7114475,rc_send_suppressed,
1790262565.836235,rc_send_suppressed,
1790262565.9397888,rc_send_suppressed,
1790262566.0403523,rc_send_suppressed,
1790262566.1527145,rc_send_suppressed,
1790262566.2910187,rc_send_suppressed,
1790262566.4702482,rc_send_suppressed,
1790262566.6097975,llm_explanation,2522.3869000001287
1790262566.619227,rc_send_suppressed,
1790262566.736848,rc_send_suppressed,
1790262566.8396504,rc_send_suppressed,
1790262566.958649,rc_send_suppressed,
1790262567.0945425,rc_send_suppressed,
1790262567.2423885,rc_send_suppressed,
1790262567.3939724,rc_send_suppressed,
1790262567.553717,rc_send_suppressed,
1790262567.7113361,rc_send_suppressed,
1790262567.9010665,rc_send_suppressed,
1790262568.076782,rc_send_suppressed,
1790262568.2079325,rc_send_suppressed,
1790262568.3696032,rc_send_suppressed,
1790262568.512483,rc_send_suppressed,
1790262568.6560197,rc_send_suppressed,
1790262568.8248672,rc_send_suppressed,
1790262568.9747345,rc_send_suppressed,
1790262569.088971,rc_send_suppressed,
1790262569.2167168,rc_send_suppressed,
1790262569.341949,rc_send_suppressed,
1790262569.467041,rc_send_suppressed,
1790262569.6648645,rc_send_suppressed,
1790262569.7989168,rc_send_suppressed,
1790262569.9325757,rc_send_suppressed,
1790262570.0919256,rc_send_suppressed,
1790262570.2056458,rc_send_suppressed,
1790262570.3288543,rc_send_suppressed,
1790262570.4450123,rc_send_suppressed,
1790262570.5464983,rc_send_suppressed,
1790262570.6349952,llm_explanation,4009.1825000017707
1790262570.6673036,rc_send_suppressed,
1790262570.8150141,rc_send_suppressed,
1790262570.9332247,rc_send_suppressed,
1790262571.0850942,rc_send_suppressed,
1790262571.2179186,rc_send_suppressed,
1790262571.3539586,rc_send_suppressed,
1790262571.5106459,rc_send_suppressed,
1790262571.673859,rc_send_suppressed,
1790262571.8274522,rc_send_suppressed,
1790262571.9701817,rc_send_suppressed,
1790262572.1021018,rc_send_suppressed,
1790262572.2404797,rc_send_suppressed,
1790262572.3733258,rc_send_suppressed,
1790262572.5325968,rc_send_suppressed,
1790262572.7096393,rc_send_suppressed,
1790262572.8743622,rc_send_suppressed,
1790262573.0637822,rc_send_suppressed,
1790262573.2399216,rc_send_suppressed,
1790262573.2551804,llm_explanation,2629.647300000215
1790262573.3749075,rc_send_suppressed,
1790262573.534804,rc_send_suppressed,
1790262573.6895819,rc_send_suppressed,
1790262573.8360443,rc_send_suppressed,
1790262573.9447615,rc_send_suppressed,
1790262574.0626235,rc_send_suppressed,
1790262574.2069585,rc_send_suppressed,
1790262574.3407707,rc_send_suppressed,
1790262574.4528358,rc_send_suppressed,
1790262574.5905871,rc_send_suppressed,
1790262574.7195346,rc_send_suppressed,
1790262574.8429031,rc_send_suppressed,
1790262574.962926,rc_send_suppressed,
1790262575.0835984,rc_send_suppressed,
1790262575.1843085,llm_explanation,1894.0691999996488
1790262575.1907988,rc_send_suppressed,
1790262575.311765,rc_send_suppressed,
1790262575.4243531,rc_send_suppressed,
1790262575.5498679,rc_send_suppressed,
1790262575.7060392,rc_send_suppressed,
1790262575.8263192,rc_send_suppressed,
1790262575.9406471,rc_send_suppressed,
1790262576.071231,rc_send_suppressed,
1790262576.1875267,rc_send_suppressed,
1790262576.3888853,rc_send_suppressed,
1790262576.5401235,rc_send_suppressed,
1790262576.664307,rc_send_suppressed,
1790262576.7840827,rc_send_suppressed,
1790262576.9005692,rc_send_suppressed,
1790262577.060811,rc_send_suppressed,
1790262577.189128,rc_send_suppressed,
1790262577.3039663,rc_send_suppressed,
1790262577.4251885,rc_send_suppressed,
1790262577.544673,rc_send_suppressed,
1790262577.6753418,rc_send_suppressed,
1790262577.797802,rc_send_suppressed,
1790262577.9328785,rc_send_suppressed,
1790262578.068924,rc_send_suppressed,
1790262578.1917863,rc_send_suppressed,
1790262578.301391,rc_send_suppressed,
1790262578.4196234,rc_send_suppressed,
1790262578.5360296,rc_send_suppressed,
1790262578.657287,rc_send_suppressed,
1790262578.774024,rc_send_suppressed,
1790262578.919301,rc_send_suppressed,
1790262579.1518803,rc_send_suppressed,
1790262579.172097,llm_explanation,4003.6510999998427
1790262579.2902367,rc_send_suppressed,
1790262579.4257178,rc_send_suppressed,
1790262579.5625083,rc_send_suppressed,
1790262579.7183619,rc_send_suppressed,
1790262579.8847227,rc_send_suppressed,
1790262580.008195,rc_send_suppressed,
1790262580.1320257,rc_send_suppressed,
1790262580.239251,rc_send_suppressed,
1790262580.394522,rc_send_suppressed,
1790262580.535545,rc_send_suppressed,
1790262580.6617892,rc_send_suppressed,
1790262580.7768698,rc_send_suppressed,
1790262580.9338229,rc_send_suppressed,
1790262581.0559676,rc_send_suppressed,
1790262581.2078743,rc_send_suppressed,
1790262581.3619995,rc_send_suppressed,
1790262581.4946723,rc_send_suppressed,
1790262581.6099155,rc_send_suppressed,
1790262581.736031,rc_send_suppressed,
1790262581.881711,rc_send_suppressed,
1790262582.0931044,rc_send_suppressed,
1790262582.2394028,rc_send_suppressed,
1790262582.3928266,rc_send_suppressed,
1790262582.5456553,rc_send_suppressed,
1790262582.6757786,rc_send_suppressed,
1790262582.7866926,llm_explanation,3585.1493000009214
1790262582.795669,rc_send_suppressed,
1790262582.9232595,rc_send_suppressed,
1790262583.0434113,rc_send_suppressed,
1790262583.1641881,rc_send_suppressed,
1790262583.2866845,rc_send_suppressed,
1790262583.418261,rc_send_suppressed,
1790262583.5727434,rc_send_suppressed,
1790262583.6968982,rc_send_suppressed,
1790262583.810474,rc_send_suppressed,
1790262583.9462378,rc_send_suppressed,
1790262584.081457,rc_send_suppressed,
1790262584.2529619,rc_send_suppressed,
1790262584.4064143,rc_send_suppressed,
1790262584.5417984,rc_send_suppressed,
1790262584.6749363,rc_send_suppressed,
1790262584.8017454,rc_send_suppressed,
1790262584.990599,rc_send_suppressed,
1790262585.0983438,rc_send_suppressed,
1790262585.2094562,rc_send_suppressed,
1790262585.311953,rc_send_suppressed,
1790262585.5080097,rc_send_suppressed,
1790262585.6254866,rc_send_suppressed,
1790262585.7509074,rc_send_suppressed,
1790262585.9380577,rc_send_suppressed,
1790262586.0903308,rc_send_suppressed,
1790262586.239676,rc_send_suppressed,
1790262586.3644853,rc_send_suppressed,
1790262586.4943445,rc_send_suppressed,
1790262586.6176815,rc_send_suppressed,
1790262586.7453465,rc_send_suppressed,
1790262586.7617195,llm_explanation,4015.4218999996374
1790262586.8745186,rc_send_suppressed,
1790262587.0056024,rc_send_suppressed,
1790262587.133739,rc_send_suppressed,
1790262587.2457607,rc_send_suppressed,
1790262587.3734775,rc_send_suppressed,
1790262587.492037,rc_send_suppressed,
1790262587.7024379,rc_send_suppressed,
1790262587.8283699,rc_send_suppressed,
1790262587.975288,rc_send_suppressed,
1790262588.1052253,rc_send_suppressed,
1790262588.2488341,rc_send_suppressed,
1790262588.3607423,rc_send_suppressed,
1790262588.492687,rc_send_suppressed,
1790262588.6101995,rc_send_suppressed,
1790262588.7506623,rc_send_suppressed,
1790262588.9068036,rc_send_suppressed,
1790262589.037865,rc_send_suppressed,
1790262589.1578789,rc_send_suppressed,
1790262589.2808561,rc_send_suppressed,
1790262589.4088364,rc_send_suppressed,
1790262589.538651,rc_send_suppressed,
1790262589.6560788,rc_send_suppressed,
1790262589.7824874,rc_send_suppressed,
1790262589.9122267,rc_send_suppressed,
1790262590.0733185,rc_send_suppressed,
1790262590.2545626,rc_send_suppressed,
1790262590.4257097,rc_send_suppressed,
1790262590.677033,rc_send_suppressed,
1790262590.821308,rc_send_suppressed,
1790262590.973096,rc_send_suppressed,
1790262591.1195364,rc_send_suppressed,
1790262591.242251,rc_send_suppressed,
1790262591.3774076,rc_send_suppressed,
1790262591.4944975,rc_send_suppressed,
1790262591.619794,rc_send_suppressed,
1790262591.7395349,rc_send_suppressed,
1790262591.8646357,rc_send_suppressed,
1790262592.0066125,rc_send_suppressed,
1790262592.137623,rc_send_suppressed,
1790262592.2733135,rc_send_suppressed,
1790262592.3930707,rc_send_suppressed,
1790262592.5086672,rc_send_suppressed,
1790262592.635638,rc_send_suppressed,
1790262592.7782583,rc_send_suppressed,
1790262592.9008439,rc_send_suppressed,
1790262593.0262065,rc_send_suppressed,
1790262593.14314,rc_send_suppressed,
1790262593.2760565,rc_send_suppressed,
1790262593.4810674,rc_send_suppressed,
1790262593.6081834,rc_send_suppressed,
1790262593.7255502,rc_send_suppressed,
1790262593.835659,rc_send_suppressed,
1790262593.9616284,rc_send_suppressed,
1790262594.0984526,llm_explanation,3334.1268000003765
1790262594.107375,rc_send_suppressed,
1790262594.237107,rc_send_suppressed,
1790262594.3541007,rc_send_suppressed,
1790262594.4899778,rc_send_suppressed,
1790262594.616804,rc_send_suppressed,
1790262594.7866373,rc_send_suppressed,
1790262594.940019,rc_send_suppressed,
1790262595.0729284,rc_send_suppressed,
1790262595.2099733,rc_send_suppressed,
1790262595.3453348,rc_send_suppressed,
1790262595.468673,rc_send_suppressed,
1790262595.6181004,rc_send_suppressed,
1790262595.775229,rc_send_suppressed,
1790262595.89521,rc_send_suppressed,
1790262596.0154943,rc_send_suppressed,
1790262596.136587,rc_send_suppressed,
1790262596.3502827,rc_send_suppressed,
1790262596.4835553,rc_send_suppressed,
1790262596.6123033,rc_send_suppressed,
1790262596.7323446,rc_send_suppressed,
1790262596.8456075,rc_send_suppressed,
1790262596.9727142,rc_send_suppressed,
1790262597.1202476,rc_send_suppressed,
1790262597.2758808,rc_send_suppressed,
1790262597.3911443,rc_send_suppressed,
1790262597.5162423,rc_send_suppressed,
1790262597.639732,rc_send_suppressed,
1790262597.7777002,llm_explanation,3679.5333000009123
1790262597.7893147,rc_send_suppressed,
1790262597.9453444,rc_send_suppressed,
1790262598.089371,rc_send_suppressed,
1790262598.219277,rc_send_suppressed,
1790262598.3442378,rc_send_suppressed,
1790262598.4581404,rc_send_suppressed,
1790262598.6181016,rc_send_suppressed,
1790262598.7692022,rc_send_suppressed,
1790262598.8926258,rc_send_suppressed,
1790262599.0161388,rc_send_suppressed,
1790262599.2228608,rc_send_suppressed,
1790262599.333489,rc_send_suppressed,
1790262599.4534857,rc_send_suppressed,
1790262599.6118515,rc_send_suppressed,
1790262599.7555137,rc_send_suppressed,
1790262599.869658,rc_send_suppressed,
1790262599.9966314,rc_send_suppressed,
1790262600.1141524,llm_explanation,2252.887599999667
1790262600.1251247,rc_send_suppressed,
1790262600.2887917,rc_send_suppressed,
1790262600.4403887,rc_send_suppressed,
1790262600.5634348,rc_send_suppressed,
1790262600.6768777,rc_send_suppressed,
1790262600.8199131,rc_send_suppressed,
1790262600.976481,rc_send_suppressed,
1790262601.1367974,rc_send_suppressed,
1790262601.2821634,rc_send_suppressed,
1790262601.4311938,rc_send_suppressed,
1790262601.56631,rc_send_suppressed,
1790262601.7144272,rc_send_suppressed,
1790262601.852891,rc_send_suppressed,
1790262601.9943178,rc_send_suppressed,
1790262602.22976,rc_send_suppressed,
1790262602.3600252,rc_send_suppressed,
1790262602.4791973,rc_send_suppressed,
1790262602.5978189,rc_send_suppressed,
1790262602.7137554,rc_send_suppressed,
1790262602.8324962,rc_send_suppressed,
1790262602.9881315,rc_send_suppressed,
1790262603.1557012,rc_send_suppressed,
1790262603.3081746,rc_send_suppressed,
1790262603.4299533,rc_send_suppressed,
1790262603.544562,rc_send_suppressed,
1790262603.6893315,rc_send_suppressed,
1790262603.804001,rc_send_suppressed,
1790262603.9237983,rc_send_suppressed,
1790262604.0445597,rc_send_suppressed,
1790262604.063727,llm_explanation,4015.322400002333
1790262604.176426,rc_send_suppressed,
1790262604.3111422,rc_send_suppressed,
1790262604.4335828,rc_send_suppressed,
1790262604.5440435,rc_send_suppressed,
1790262604.6864352,rc_send_suppressed,
1790262604.8099928,rc_send_suppressed,
1790262605.0354319,rc_send_suppressed,
1790262605.1458457,rc_send_suppressed,
1790262605.2765074,rc_send_suppressed,
1790262605.3892546,rc_send_suppressed,
1790262605.5107963,rc_send_suppressed,
1790262605.6350021,rc_send_suppressed,
1790262605.7355561,rc_send_suppressed,
1790262605.8865843,rc_send_suppressed,
1790262605.996465,rc_send_suppressed,
1790262606.0969641,rc_send_suppressed,
1790262606.2010143,rc_send_suppressed,
1790262606.3062625,rc_send_suppressed,
1790262606.4079683,rc_send_suppressed,
1790262606.4808364,llm_explanation,2422.970499999792
1790262606.5107987,rc_send_suppressed,
1790262606.6140997,rc_send_suppressed,
1790262606.7151086,rc_send_suppressed,
1790262606.816626,rc_send_suppressed,
1790262606.9210804,rc_send_suppressed,
1790262607.0218163,rc_send_suppressed,
1790262607.1324265,rc_send_suppressed,
1790262607.2721012,rc_send_suppressed,
1790262607.3858395,rc_send_suppressed,
1790262607.4900217,rc_send_suppressed,
1790262607.5900319,rc_send_suppressed,
1790262607.6926095,rc_send_suppressed,
1790262607.8054779,rc_send_suppressed,
1790262607.9076228,rc_send_suppressed,
1790262608.0265815,rc_send_suppressed,
1790262608.1364074,rc_send_suppressed,
1790262608.241025,rc_send_suppressed,
1790262608.363277,rc_send_suppressed,
1790262608.4663286,rc_send_suppressed,
1790262608.5875812,rc_send_suppressed,
1790262608.6948318,rc_send_suppressed,
1790262608.8068757,rc_send_suppressed,
1790262608.929665,rc_send_suppressed,
1790262609.0550547,rc_send_suppressed,
1790262609.1812086,rc_send_suppressed,
1790262609.2931373,rc_send_suppressed,
1790262609.411438,rc_send_suppressed,
1790262609.5339978,rc_send_suppressed,
1790262609.7670155,rc_send_suppressed,
1790262609.879744,rc_send_suppressed,
1790262610.022757,rc_send_suppressed,
1790262610.1525772,rc_send_suppressed,
1790262610.2779207,rc_send_suppressed,
1790262610.396811,rc_send_suppressed,
1790262610.519658,llm_explanation,4001.9553000020096
1790262610.5316255,rc_send_suppressed,
1790262610.6858373,rc_send_suppressed,
1790262610.84751,rc_send_suppressed,
1790262610.9662843,rc_send_suppressed,
1790262611.0879917,rc_send_suppressed,
1790262611.2071135,rc_send_suppressed,
1790262611.3601754,rc_send_suppressed,
1790262611.5167718,rc_send_suppressed,
1790262611.6387682,rc_send_suppressed,
1790262611.7496796,rc_send_suppressed,
1790262611.8777514,rc_send_suppressed,
1790262612.0151215,rc_send_suppressed,
1790262612.15994,rc_send_suppressed,
1790262612.296726,rc_send_suppressed,
1790262612.4357677,rc_send_suppressed,
1790262612.656229,rc_send_suppressed,
1790262612.796555,rc_send_suppressed,
1790262612.922086,rc_send_suppressed,
1790262613.060288,rc_send_suppressed,
1790262613.1688938,rc_send_suppressed,
1790262613.2934563,rc_send_suppressed,
1790262613.4035625,rc_send_suppressed,
1790262613.5301259,rc_send_suppressed,
1790262613.6780896,rc_send_suppressed,
1790262613.8046627,rc_send_suppressed,
1790262613.9137874,rc_send_suppressed,
1790262614.0445485,rc_send_suppressed,
1790262614.166784,rc_send_suppressed,
1790262614.296805,rc_send_suppressed,
1790262614.409973,rc_send_suppressed,
1790262614.5455842,rc_send_suppressed,
1790262614.695613,rc_send_suppressed,
1790262614.8797197,rc_send_suppressed,
1790262615.0177426,rc_send_suppressed,
1790262615.1542544,rc_send_suppressed,
1790262615.2906497,rc_send_suppressed,
1790262615.4923458,rc_send_suppressed,
1790262615.6094248,rc_send_suppressed,
1790262615.757552,rc_send_suppressed,
1790262615.8688169,rc_send_suppressed,
1790262616.0210397,rc_send_suppressed,
1790262616.1511388,rc_send_suppressed,
1790262616.2811594,rc_send_suppressed,
1790262616.3964834,rc_send_suppressed,
1790262616.519544,rc_send_suppressed,
1790262616.6718216,rc_send_suppressed,
1790262616.7909968,rc_send_suppressed,
1790262616.9026039,rc_send_suppressed,
1790262617.033739,rc_send_suppressed,
1790262617.1538181,rc_send_suppressed,
1790262617.2872276,rc_send_suppressed,
1790262617.4181528,rc_send_suppressed,
1790262617.5508103,rc_send_suppressed,
1790262617.698997,rc_send_suppressed,
1790262617.8176687,rc_send_suppressed,
1790262617.9481542,rc_send_suppressed,
1790262617.9691315,llm_explanation,3456.682099997124
1790262618.096831,rc_send_suppressed,
1790262618.318752,rc_send_suppressed,
1790262618.4461422,rc_send_suppressed,
1790262618.5633652,rc_send_suppressed,
1790262618.7135136,rc_send_suppressed,
1790262618.8288767,rc_send_suppressed,
1790262618.9584937,rc_send_suppressed,
1790262619.0727046,rc_send_suppressed,
1790262619.1972172,rc_send_suppressed,
1790262619.314015,rc_send_suppressed,
1790262619.4490142,rc_send_suppressed,
1790262619.5734687,rc_send_suppressed,
1790262619.7128823,rc_send_suppressed,
1790262619.8726146,rc_send_suppressed,
1790262620.0018291,rc_send_suppressed,
1790262620.117809,rc_send_suppressed,
1790262620.2481031,rc_send_suppressed,
1790262620.3669183,rc_send_suppressed,
1790262620.4881883,rc_send_suppressed,
1790262620.606475,rc_send_suppressed,
1790262620.7338362,rc_send_suppressed,
1790262620.872674,rc_send_suppressed,
1790262621.0827677,rc_send_suppressed,
1790262621.193989,rc_send_suppressed,
1790262621.3176646,rc_send_suppressed,
1790262621.4471197,rc_send_suppressed,
1790262621.5825703,rc_send_suppressed,
1790262621.7385116,rc_send_suppressed,
1790262621.884286,rc_send_suppressed,
1790262622.04102,llm_explanation,4008.6545000012848
1790262622.0499969,rc_send_suppressed,
1790262622.1960363,rc_send_suppressed,
1790262622.3142447,rc_send_suppressed,
1790262622.4379756,rc_send_suppressed,
1790262622.5577266,rc_send_suppressed,
1790262622.718803,rc_send_suppressed,
1790262622.870534,rc_send_suppressed,
1790262623.0009258,rc_send_suppressed,
1790262623.113665,rc_send_suppressed,
1790262623.267798,rc_send_suppressed,
1790262623.3995852,rc_send_suppressed,
1790262623.5616972,rc_send_suppressed,
1790262623.717935,rc_send_suppressed,
1790262623.8906286,rc_send_suppressed,
1790262624.1311238,rc_send_suppressed,
1790262624.2575006,rc_send_suppressed,
1790262624.3791413,llm_explanation,2330.1030000002356
1790262624.3911319,rc_send_suppressed,
1790262624.5491102,rc_send_suppressed,
1790262624.7216008,rc_send_suppressed,
1790262624.8930297,rc_send_suppressed,
1790262625.0381615,rc_send_suppressed,
1790262625.1589592,rc_send_suppressed,
1790262625.2834651,rc_send_suppressed,
1790262625.4159086,rc_send_suppressed,
1790262625.5440845,rc_send_suppressed,
1790262625.6655598,rc_send_suppressed,
1790262625.7991252,rc_send_suppressed,
1790262625.9259722,rc_send_suppressed,
1790262626.0428085,rc_send_suppressed,
1790262626.1608891,rc_send_suppressed,
1790262626.277617,rc_send_suppressed,
1790262626.4049335,llm_explanation,2095.1366999979655
1790262626.416413,rc_send_suppressed,
1790262626.570194,rc_send_suppressed,
1790262626.694048,rc_send_suppressed,
1790262626.8074048,rc_send_suppressed,
1790262627.0123358,rc_send_suppressed,
1790262627.120862,rc_send_suppressed,
1790262627.2689593,rc_send_suppressed,
1790262627.4137392,rc_send_suppressed,
1790262627.585856,rc_send_suppressed,
1790262627.7012508,rc_send_suppressed,
1790262627.803836,rc_send_suppressed,
1790262628.0081675,rc_send_suppressed,
1790262628.1311996,rc_send_suppressed,
1790262628.273876,rc_send_suppressed,
1790262628.4153814,rc_send_suppressed,
1790262628.593737,rc_send_suppressed,
1790262628.7408412,rc_send_suppressed,
1790262628.8641932,rc_send_suppressed,
1790262628.9820206,rc_send_suppressed,
1790262629.112305,rc_send_suppressed,
1790262629.23465,rc_send_suppressed,
1790262629.3566716,rc_send_suppressed,
1790262629.4711387,rc_send_suppressed,
1790262629.6015005,rc_send_suppressed,
1790262629.823417,rc_send_suppressed,
1790262629.9425824,rc_send_suppressed,
1790262630.0754604,rc_send_suppressed,
1790262630.2361195,rc_send_suppressed,
1790262630.350726,rc_send_suppressed,
1790262630.4841702,llm_explanation,4017.328099998849
1790262630.4946043,rc_send_suppressed,
1790262630.627182,rc_send_suppressed,
1790262630.7695603,rc_send_suppressed,
1790262630.91194,rc_send_suppressed,
1790262631.0423913,rc_send_suppressed,
1790262631.154463,rc_send_suppressed,
1790262631.2842767,rc_send_suppressed,
1790262631.4232655,rc_send_suppressed,
1790262631.5885866,rc_send_suppressed,
1790262631.7320845,rc_send_suppressed,
1790262631.8489985,rc_send_suppressed,
1790262631.9665303,rc_send_suppressed,
1790262632.088536,rc_send_suppressed,
1790262632.2319598,rc_send_suppressed,
1790262632.362721,rc_send_suppressed,
1790262632.4823337,rc_send_suppressed,
1790262632.6907032,rc_send_suppressed,
1790262632.8069143,rc_send_suppressed,
1790262632.9285216,rc_send_suppressed,
1790262633.071439,rc_send_suppressed,
1790262633.237383,rc_send_suppressed,
1790262633.3467321,rc_send_suppressed,
1790262633.4666467,rc_send_suppressed,
1790262633.5710433,llm_explanation,3143.107700001565
1790262633.583009,rc_send_suppressed,
1790262633.749186,rc_send_suppressed,
1790262633.8628023,rc_send_suppressed,
1790262633.9845693,rc_send_suppressed,
1790262634.0956109,rc_send_suppressed,
1790262634.2374876,rc_send_suppressed,
1790262634.373921,rc_send_suppressed,
1790262634.517909,rc_send_suppressed,
1790262634.6495833,rc_send_suppressed,
1790262634.8048182,rc_send_suppressed,
1790262634.9587092,rc_send_suppressed,
1790262635.132715,rc_send_suppressed,
1790262635.2829115,rc_send_suppressed,
1790262635.4445686,rc_send_suppressed,
1790262635.6325564,rc_send_suppressed,
1790262635.786436,rc_send_suppressed,
1790262635.9063463,rc_send_suppressed,
1790262636.033454,rc_send_suppressed,
1790262636.135795,llm_explanation,2579.8294999985956
1790262636.1453102,rc_send_suppressed,
1790262636.2885911,rc_send_suppressed,
1790262636.4052572,rc_send_suppressed,
1790262636.540551,rc_send_suppressed,
1790262636.6550136,rc_send_suppressed,
1790262636.7883377,rc_send_suppressed,
1790262636.932927,rc_send_suppressed,
1790262637.0664709,rc_send_suppressed,
1790262637.2014256,rc_send_suppressed,
1790262637.3209817,rc_send_suppressed,
1790262637.4390142,rc_send_suppressed,
1790262637.5535176,rc_send_suppressed,
1790262637.6814294,rc_send_suppressed,
1790262637.8266795,rc_send_suppressed,
1790262637.9353397,rc_send_suppressed,
1790262638.0663009,rc_send_suppressed,
1790262638.2090032,rc_send_suppressed,
1790262638.4300468,rc_send_suppressed,
1790262638.5427144,rc_send_suppressed,
1790262638.6658163,rc_send_suppressed,
1790262638.7850676,rc_send_suppressed,
1790262638.948039,rc_send_suppressed,
1790262639.0647826,rc_send_suppressed,
1790262639.212678,rc_send_suppressed,
1790262639.3412335,rc_send_suppressed,
1790262639.4955363,rc_send_suppressed,
1790262639.61564,rc_send_suppressed,
1790262639.8000548,rc_send_suppressed,
1790262639.9384773,rc_send_suppressed,
1790262640.0657153,rc_send_suppressed,
1790262640.2087736,llm_explanation,4004.052899999806
1790262640.2197437,rc_send_suppressed,
1790262640.3501427,rc_send_suppressed,
1790262640.4787261,rc_send_suppressed,
1790262640.6181362,rc_send_suppressed,
1790262640.7688487,rc_send_suppressed,
1790262640.8868454,rc_send_suppressed,
1790262641.0149426,rc_send_suppressed,
1790262641.1431475,rc_send_suppressed,
1790262641.3592937,rc_send_suppressed,
1790262641.4956212,rc_send_suppressed,
1790262641.621855,rc_send_suppressed,
1790262641.7844193,rc_send_suppressed,
1790262641.9343693,rc_send_suppressed,
1790262642.0566812,rc_send_suppressed,
1790262642.1782875,rc_send_suppressed,
1790262642.2993386,rc_send_suppressed,
1790262642.4401245,rc_send_suppressed,
1790262642.5692368,rc_send_suppressed,
1790262642.6824312,rc_send_suppressed,
1790262642.8201313,rc_send_suppressed,
1790262642.9455206,rc_send_suppressed,
1790262643.076307,rc_send_suppressed,
1790262643.2059917,rc_send_suppressed,
1790262643.3280344,rc_send_suppressed,
1790262643.4714684,rc_send_suppressed,
1790262643.592622,rc_send_suppressed,
1790262643.7061615,rc_send_suppressed,
1790262643.8348796,rc_send_suppressed,
1790262643.9743323,rc_send_suppressed,
1790262644.1865218,rc_send_suppressed,
1790262644.3032074,rc_send_suppressed,
1790262644.43062,rc_send_suppressed,
1790262644.5356522,rc_send_suppressed,
1790262644.6554213,rc_send_suppressed,
1790262644.8151596,rc_send_suppressed,
1790262644.9918056,rc_send_suppressed,
1790262645.1344104,rc_send_suppressed,
1790262645.2550924,rc_send_suppressed,
1790262645.38405,rc_send_suppressed,
1790262645.528088,rc_send_suppressed,
1790262645.6504653,rc_send_suppressed,
1790262645.789398,rc_send_suppressed,
1790262645.9167073,rc_send_suppressed,
1790262646.0588188,rc_send_suppressed,
1790262646.1938708,rc_send_suppressed,
1790262646.3252056,rc_send_suppressed,
1790262646.4459827,rc_send_suppressed,
1790262646.5768287,rc_send_suppressed,
1790262646.6902373,rc_send_suppressed,
1790262646.8116488,rc_send_suppressed,
1790262647.0077717,rc_send_suppressed,
1790262647.1496422,rc_send_suppressed,
1790262647.294094,llm_explanation,3056.073899999319
1790262647.3038816,rc_send_suppressed,
1790262647.4462593,rc_send_suppressed,
1790262647.6116135,rc_send_suppressed,
1790262647.7372935,rc_send_suppressed,
1790262647.857462,rc_send_suppressed,
1790262647.992875,rc_send_suppressed,
1790262648.142957,rc_send_suppressed,
1790262648.2666936,rc_send_suppressed,
1790262648.3677108,rc_send_suppressed,
1790262648.5162532,rc_send_suppressed,
1790262648.6262085,rc_send_suppressed,
1790262648.7803626,rc_send_suppressed,
1790262648.882735,rc_send_suppressed,
1790262648.983917,rc_send_suppressed,
1790262649.1104665,rc_send_suppressed,
1790262649.2102566,rc_send_suppressed,
1790262649.4248602,rc_send_suppressed,
1790262649.5301776,rc_send_suppressed,
1790262649.6664138,rc_send_suppressed,
1790262649.7788918,rc_send_suppressed,
1790262649.9212644,rc_send_suppressed,
1790262650.02228,llm_explanation,2828.285199997481
1790262650.0287054,rc_send_suppressed,
1790262650.179733,rc_send_suppressed,
1790262650.2886689,rc_send_suppressed,
1790262650.4484642,rc_send_suppressed,
1790262650.5582347,rc_send_suppressed,
1790262650.7204754,rc_send_suppressed,
1790262650.8292854,rc_send_suppressed,
1790262650.9808474,rc_send_suppressed,
1790262651.1090841,rc_send_suppressed,
1790262651.211544,rc_send_suppressed,
1790262651.3756628,rc_send_suppressed,
1790262651.543486,rc_send_suppressed,
1790262651.646345,rc_send_suppressed,
1790262651.7498765,rc_send_suppressed,
1790262651.8963833,rc_send_suppressed,
1790262651.9054286,llm_explanation,1889.017600002262
1790262651.9974985,rc_send_suppressed,
1790262652.1042821,rc_send_suppressed,
1790262652.2065086,rc_send_suppressed,
1790262652.3115878,rc_send_suppressed,
1790262652.4152498,rc_send_suppressed,
1790262652.5156891,rc_send_suppressed,
1790262652.6171072,rc_send_suppressed,
1790262652.7173617,rc_send_suppressed,
1790262652.8272696,rc_send_suppressed,
1790262652.9691207,rc_send_suppressed,
1790262653.1297889,rc_send_suppressed,
1790262653.2329288,rc_send_suppressed,
1790262653.3847935,rc_send_suppressed,
1790262653.4884243,rc_send_suppressed,
1790262653.6458886,rc_send_suppressed,
1790262653.7487075,rc_send_suppressed,
1790262653.8509424,rc_send_suppressed,
1790262654.013562,rc_send_suppressed,
1790262654.120678,rc_send_suppressed,
1790262654.2348068,rc_send_suppressed,
1790262654.3955324,rc_send_suppressed,
1790262654.5558667,rc_send_suppressed,
1790262654.6845362,rc_send_suppressed,
1790262654.8086236,rc_send_suppressed,
1790262654.9117634,rc_send_suppressed,
1790262655.0136027,rc_send_suppressed,
1790262655.1145506,rc_send_suppressed,
1790262655.267022,rc_send_suppressed,
1790262655.4285352,rc_send_suppressed,
1790262655.5925703,rc_send_suppressed,
1790262655.7578957,rc_send_suppressed,
1790262655.8747904,rc_send_suppressed,
1790262655.9828968,llm_explanation,4005.4716000013286
1790262655.9908686,rc_send_suppressed,
1790262656.096004,rc_send_suppressed,
1790262656.204075,rc_send_suppressed,
1790262656.3070238,rc_send_suppressed,
1790262656.4244714,rc_send_suppressed,
1790262656.5896564,rc_send_suppressed,
1790262656.7052126,rc_send_suppressed,
1790262656.8790836,rc_send_suppressed,
1790262656.9799666,rc_send_suppressed,
1790262657.0855937,rc_send_suppressed,
1790262657.2007463,rc_send_suppressed,
1790262657.320326,rc_send_suppressed,
1790262657.3305936,llm_explanation,1421.7482000021846
1790262657.4214451,rc_send_suppressed,
1790262657.5774825,rc_send_suppressed,
1790262657.682993,rc_send_suppressed,
1790262657.7860422,rc_send_suppressed,
1790262657.887373,rc_send_suppressed,
1790262657.9980044,rc_send_suppressed,
1790262658.1100473,rc_send_suppressed,
1790262658.2635813,rc_send_suppressed,
1790262658.3663337,rc_send_suppressed,
1790262658.5251753,rc_send_suppressed,
1790262658.651414,rc_send_suppressed,
1790262658.765481,rc_send_suppressed,
1790262658.871393,rc_send_suppressed,
1790262659.039224,rc_send_suppressed,
1790262659.1400454,rc_send_suppressed,
1790262659.2410662,rc_send_suppressed,
1790262659.3445241,rc_send_suppressed,
1790262659.4456005,rc_send_suppressed,
1790262659.5888174,rc_send_suppressed,
1790262659.702659,rc_send_suppressed,
1790262659.812795,rc_send_suppressed,
1790262659.917431,rc_send_suppressed,
1790262660.0211492,rc_send_suppressed,
1790262660.177323,rc_send_suppressed,
1790262660.2859318,rc_send_suppressed,
1790262660.4300451,rc_send_suppressed,
1790262660.590667,rc_send_suppressed,
1790262660.763295,rc_send_suppressed,
1790262660.99746,rc_send_suppressed,
1790262661.1007674,rc_send_suppressed,
1790262661.2629511,rc_send_suppressed,
1790262661.341543,llm_explanation,4002.408500000456
1790262661.370716,rc_send_suppressed,
1790262661.4753544,rc_send_suppressed,
1790262661.6402707,rc_send_suppressed,
1790262661.7532988,rc_send_suppressed,
1790262661.8644521,rc_send_suppressed,
1790262662.025397,rc_send_suppressed,
1790262662.1298382,rc_send_suppressed,
1790262662.3006828,rc_send_suppressed,
1790262662.4008238,rc_send_suppressed,
1790262662.5175266,rc_send_suppressed,
1790262662.634083,rc_send_suppressed,
1790262662.7918625,rc_send_suppressed,
1790262662.903289,rc_send_suppressed,
1790262663.0627668,rc_send_suppressed,
1790262663.1815598,rc_send_suppressed,
1790262663.2841618,rc_send_suppressed,
1790262663.4550176,rc_send_suppressed,
1790262663.5617785,rc_send_suppressed,
1790262663.6953309,rc_send_suppressed,
1790262663.802162,rc_send_suppressed,
1790262663.9216266,rc_send_suppressed,
1790262664.0327258,rc_send_suppressed,
1790262664.1508749,rc_send_suppressed,
1790262664.2606163,rc_send_suppressed,
1790262664.3658142,rc_send_suppressed,
1790262664.4918008,rc_send_suppressed,
1790262664.6004174,rc_send_suppressed,
1790262664.70852,rc_send_suppressed,
1790262664.8099341,rc_send_suppressed,
1790262664.8238964,llm_explanation,3478.8231999991694
1790262664.9133542,rc_send_suppressed,
1790262665.0302477,rc_send_suppressed,
1790262665.1351697,rc_send_suppressed,
1790262665.2367783,rc_send_suppressed,
1790262665.4626224,rc_send_suppressed,
1790262665.5793984,rc_send_suppressed,
1790262665.7116091,rc_send_suppressed,
1790262665.8268082,rc_send_suppressed,
1790262665.959913,rc_send_suppressed,
1790262666.0707228,rc_send_suppressed,
1790262666.1936333,rc_send_suppressed,
1790262666.3059134,rc_send_suppressed,
1790262666.4304843,rc_send_suppressed,
1790262666.5481336,rc_send_suppressed,
1790262666.6727347,rc_send_suppressed,
1790262666.7984555,rc_send_suppressed,
1790262666.9219613,rc_send_suppressed,
1790262667.0466754,rc_send_suppressed,
1790262667.1662645,rc_send_suppressed,
1790262667.2811124,rc_send_suppressed,
1790262667.398048,rc_send_suppressed,
1790262667.5650759,rc_send_suppressed,
1790262667.7373502,rc_send_suppressed,
1790262667.9037566,rc_send_suppressed,
1790262668.0701025,rc_send_suppressed,
1790262668.2929251,rc_send_suppressed,
1790262668.4263299,rc_send_suppressed,
1790262668.5533593,rc_send_suppressed,
1790262668.713063,rc_send_suppressed,
1790262668.8260982,rc_send_suppressed,
1790262668.8443956,llm_explanation,4008.0649000010453
1790262668.9766855,rc_send_suppressed,
1790262669.1109645,rc_send_suppressed,
1790262669.246463,rc_send_suppressed,
1790262669.365136,rc_send_suppressed,
1790262669.5252097,rc_send_suppressed,
1790262669.6461225,rc_send_suppressed,
1790262669.770664,rc_send_suppressed,
1790262669.8992803,rc_send_suppressed,
1790262670.0237248,rc_send_suppressed,
1790262670.1419373,rc_send_suppressed,
1790262670.267322,rc_send_suppressed,
1790262670.4113438,rc_send_suppressed,
1790262670.5380816,rc_send_suppressed,
1790262670.6473393,rc_send_suppressed,
1790262670.778699,rc_send_suppressed,
1790262670.906719,rc_send_suppressed,
1790262671.126154,rc_send_suppressed,
1790262671.2552128,rc_send_suppressed,
1790262671.4102633,rc_send_suppressed,
1790262671.526735,rc_send_suppressed,
1790262671.6472888,rc_send_suppressed,
1790262671.761754,rc_send_suppressed,
1790262671.9130323,rc_send_suppressed,
1790262672.0290687,rc_send_suppressed,
1790262672.1444411,rc_send_suppressed,
1790262672.2531497,rc_send_suppressed,
1790262672.404442,rc_send_suppressed,
1790262672.5218208,rc_send_suppressed,
1790262672.6645231,rc_send_suppressed,
1790262672.7807314,llm_explanation,3874.502400001802
1790262672.7912197,rc_send_suppressed,
1790262672.9274027,rc_send_suppressed,
1790262673.075398,rc_send_suppressed,
1790262673.23975,rc_send_suppressed,
1790262673.3541794,rc_send_suppressed,
1790262673.478942,rc_send_suppressed,
1790262673.5945857,rc_send_suppressed,
1790262673.7423263,rc_send_suppressed,
1790262673.9328158,rc_send_suppressed,
1790262674.0815778,rc_send_suppressed,
1790262674.2358618,rc_send_suppressed,
1790262674.3646135,rc_send_suppressed,
1790262674.5007572,rc_send_suppressed,
1790262674.6395385,rc_send_suppressed,
1790262674.7535877,rc_send_suppressed,
1790262674.9101741,rc_send_suppressed,
1790262675.0370374,rc_send_suppressed,
1790262675.1868818,rc_send_suppressed,
1790262675.3177955,rc_send_suppressed,
1790262675.4565504,rc_send_suppressed,
1790262675.5802493,rc_send_suppressed,
1790262675.7150545,rc_send_suppressed,
1790262675.8509066,rc_send_suppressed,
1790262675.9992661,rc_send_suppressed,
1790262676.1214843,rc_send_suppressed,
1790262676.2607808,rc_send_suppressed,
1790262676.4178743,rc_send_suppressed,
1790262676.591476,rc_send_suppressed,
1790262676.7522464,llm_explanation,4005.839900000865
1790262676.7627625,rc_send_suppressed,
1790262677.0044956,rc_send_suppressed,
1790262677.116432,rc_send_suppressed,
1790262677.2369144,rc_send_suppressed,
1790262677.3491478,rc_send_suppressed,
1790262677.4711325,rc_send_suppressed,
1790262677.6029487,rc_send_suppressed,
1790262677.7343776,rc_send_suppressed,
1790262677.8586667,rc_send_suppressed,
1790262677.9953976,rc_send_suppressed,
1790262678.1087518,rc_send_suppressed,
1790262678.2348,rc_send_suppressed,
1790262678.3442476,rc_send_suppressed,
1790262678.4716213,rc_send_suppressed,
1790262678.6291077,rc_send_suppressed,
1790262678.7940955,rc_send_suppressed,
1790262678.9534264,rc_send_suppressed,
1790262679.132936,rc_send_suppressed,
1790262679.2803526,rc_send_suppressed,
1790262679.4017553,llm_explanation,2699.1842000024917
1790262679.4117422,rc_send_suppressed,
1790262679.5517092,rc_send_suppressed,
1790262679.6874037,rc_send_suppressed,
1790262679.8914375,rc_send_suppressed,
1790262680.0257597,rc_send_suppressed,
1790262680.1437657,rc_send_suppressed,
1790262680.2835205,rc_send_suppressed,
1790262680.3983452,rc_send_suppressed,
1790262680.5247185,rc_send_suppressed,
1790262680.6454973,rc_send_suppressed,
1790262680.79488,rc_send_suppressed,
1790262680.9376853,rc_send_suppressed,
1790262681.0789738,rc_send_suppressed,
1790262681.222668,rc_send_suppressed,
1790262681.3604522,rc_send_suppressed,
1790262681.4714365,rc_send_suppressed,
1790262681.6615644,rc_send_suppressed,
1790262681.876161,rc_send_suppressed,
1790262682.0176723,rc_send_suppressed,
1790262682.1576054,rc_send_suppressed,
1790262682.3335462,rc_send_suppressed,
1790262682.4720256,rc_send_suppressed,
1790262682.639081,rc_send_suppressed,
1790262682.7911663,rc_send_suppressed,
1790262682.9646997,rc_send_suppressed,
1790262683.1187263,rc_send_suppressed,
1790262683.373294,rc_send_suppressed,
1790262683.4643433,llm_explanation,4016.7011999983515
1790262683.4892755,rc_send_suppressed,
1790262683.6002486,rc_send_suppressed,
1790262683.701306,rc_send_suppressed,
1790262683.8015733,rc_send_suppressed,
1790262683.91222,rc_send_suppressed,
1790262684.0178933,rc_send_suppressed,
1790262684.1798851,rc_send_suppressed,
1790262684.2923968,rc_send_suppressed,
1790262684.4555972,rc_send_suppressed,
1790262684.5848868,rc_send_suppressed,
1790262684.6970851,rc_send_suppressed,
1790262684.8038454,rc_send_suppressed,
1790262684.9295142,rc_send_suppressed,
1790262685.037338,rc_send_suppressed,
1790262685.1392436,rc_send_suppressed,
1790262685.2431157,rc_send_suppressed,
1790262685.3463302,rc_send_suppressed,
1790262685.4483106,rc_send_suppressed,
1790262685.5636399,rc_send_suppressed,
1790262685.6699061,rc_send_suppressed,
1790262685.7711914,rc_send_suppressed,
1790262685.8703396,rc_send_suppressed,
1790262686.0268147,rc_send_suppressed,
1790262686.1840315,rc_send_suppressed,
1790262686.2891626,rc_send_suppressed,
1790262686.4493153,rc_send_suppressed,
1790262686.5506775,rc_send_suppressed,
1790262686.6557665,rc_send_suppressed,
1790262686.8329408,rc_send_suppressed,
1790262686.9930298,rc_send_suppressed,
1790262687.1395674,rc_send_suppressed,
1790262687.2637935,rc_send_suppressed,
1790262687.3828218,rc_send_suppressed,
1790262687.5268242,rc_send_suppressed,
1790262687.670821,rc_send_suppressed,
1790262687.9119818,rc_send_suppressed,
1790262688.0272186,rc_send_suppressed,
1790262688.1480234,rc_send_suppressed,
1790262688.310265,rc_send_suppressed,
1790262688.4500465,rc_send_suppressed,
1790262688.578063,rc_send_suppressed,
1790262688.7228916,rc_send_suppressed,
1790262688.8487194,rc_send_suppressed,
1790262688.9984956,rc_send_suppressed,
1790262689.1504946,rc_send_suppressed,
1790262689.3194056,rc_send_suppressed,
1790262689.5055428,rc_send_suppressed,
1790262689.6799798,rc_send_suppressed,
1790262689.8382134,rc_send_suppressed,
1790262690.0192664,rc_send_suppressed,
1790262690.1803966,rc_send_suppressed,
1790262690.3290956,rc_send_suppressed,
1790262690.4860184,rc_send_suppressed,
1790262690.6577888,rc_send_suppressed,
1790262690.8070545,rc_send_suppressed,
1790262691.0345428,rc_send_suppressed,
1790262691.16354,rc_send_suppressed,
1790262691.3172626,rc_send_suppressed,
1790262691.4752839,rc_send_suppressed,
1790262691.603364,rc_send_suppressed,
1790262691.7282002,rc_send_suppressed,
1790262691.857889,rc_send_suppressed,
1790262691.9758477,rc_send_suppressed,
1790262692.0968401,rc_send_suppressed,
1790262692.2134745,rc_send_suppressed,
1790262692.335423,rc_send_suppressed,
1790262692.4691446,rc_send_suppressed,
1790262692.5911994,rc_send_suppressed,
1790262692.7004716,rc_send_suppressed,
1790262692.8187053,rc_send_suppressed,
1790262692.9840326,rc_send_suppressed,
1790262693.1402192,rc_send_suppressed,
1790262693.2523386,rc_send_suppressed,
1790262693.3792548,rc_send_suppressed,
1790262693.4907112,rc_send_suppressed,
1790262693.6449962,rc_send_suppressed,
1790262693.7624269,rc_send_suppressed,
1790262693.882576,rc_send_suppressed,
1790262694.0107703,rc_send_suppressed,
1790262694.1653695,rc_send_suppressed,
1790262694.310514,rc_send_suppressed,
1790262694.5622647,rc_send_suppressed,
1790262694.7018616,rc_send_suppressed,
1790262694.8603532,rc_send_suppressed,
1790262694.8790095,llm_explanation,3436.3413999999466
1790262695.0200913,rc_send_suppressed,
1790262695.1623728,rc_send_suppressed,
1790262695.2768407,rc_send_suppressed,
1790262695.40128,rc_send_suppressed,
1790262695.516961,rc_send_suppressed,
1790262695.6992993,rc_send_suppressed,
1790262695.841474,rc_send_suppressed,
1790262695.995934,rc_send_suppressed,
1790262696.1060112,rc_send_suppressed,
1790262696.2332294,rc_send_suppressed,
1790262696.3549132,rc_send_suppressed,
1790262696.507504,rc_send_suppressed,
1790262696.645359,rc_send_suppressed,
1790262696.7622204,rc_send_suppressed,
1790262696.8744373,rc_send_suppressed,
1790262697.0226405,rc_send_suppressed,
1790262697.1479955,rc_send_suppressed,
1790262697.277424,rc_send_suppressed,
1790262697.4743412,rc_send_suppressed,
1790262697.5886815,rc_send_suppressed,
1790262697.7174087,rc_send_suppressed,
1790262697.8562331,rc_send_suppressed,
1790262698.016163,rc_send_suppressed,
1790262698.158026,rc_send_suppressed,
1790262698.2975755,rc_send_suppressed,
1790262698.4230537,rc_send_suppressed,
1790262698.5661957,rc_send_suppressed,
1790262698.693194,rc_send_suppressed,
1790262698.8428118,rc_send_suppressed,
1790262698.973259,llm_explanation,4013.4818000005907
1790262698.9887273,rc_send_suppressed,
1790262699.1139016,rc_send_suppressed,
1790262699.2482777,rc_send_suppressed,
1790262699.369552,rc_send_suppressed,
1790262699.5057623,rc_send_suppressed,
1790262699.617672,rc_send_suppressed,
1790262699.7444296,rc_send_suppressed,
1790262699.8518963,rc_send_suppressed,
1790262700.03659,rc_send_suppressed,
1790262700.1501465,rc_send_suppressed,
1790262700.364783,rc_send_suppressed,
1790262700.520733,rc_send_suppressed,
1790262700.6848822,rc_send_suppressed,
1790262700.8607457,rc_send_suppressed,
1790262701.0334592,rc_send_suppressed,
1790262701.1713405,rc_send_suppressed,
1790262701.3291981,rc_send_suppressed,
1790262701.4637513,rc_send_suppressed,
1790262701.5957232,rc_send_suppressed,
1790262701.7205148,rc_send_suppressed,
1790262701.852,rc_send_suppressed,
1790262702.0121694,rc_send_suppressed,
1790262702.1348498,rc_send_suppressed,
1790262702.2857325,rc_send_suppressed,
1790262702.404498,rc_send_suppressed,
1790262702.519205,rc_send_suppressed,
1790262702.7031283,rc_send_suppressed,
1790262702.8493762,rc_send_suppressed,
1790262703.010674,rc_send_suppressed,
1790262703.1352398,rc_send_suppressed,
1790262703.2884808,rc_send_suppressed,
1790262703.4848244,rc_send_suppressed,
1790262703.6092114,rc_send_suppressed,
1790262703.7437294,rc_send_suppressed,
1790262703.899949,rc_send_suppressed,
1790262704.0448022,rc_send_suppressed,
1790262704.1668365,rc_send_suppressed,
1790262704.2836533,rc_send_suppressed,
1790262704.4107783,rc_send_suppressed,
1790262704.551135,rc_send_suppressed,
1790262704.71718,rc_send_suppressed,
1790262704.8694358,rc_send_suppressed,
1790262704.9939075,rc_send_suppressed,
1790262705.1066737,rc_send_suppressed,
1790262705.244058,rc_send_suppressed,
1790262705.3725133,rc_send_suppressed,
1790262705.4919965,rc_send_suppressed,
1790262705.6063662,rc_send_suppressed,
1790262705.73623,rc_send_suppressed,
1790262705.902728,rc_send_suppressed,
1790262706.0516455,rc_send_suppressed,
1790262706.196636,rc_send_suppressed,
1790262706.4012988,rc_send_suppressed,
1790262706.5377114,rc_send_suppressed,
1790262706.6578565,rc_send_suppressed,
1790262706.768491,rc_send_suppressed,
1790262706.8939414,rc_send_suppressed,
1790262707.0134792,rc_send_suppressed,
1790262707.131016,rc_send_suppressed,
1790262707.3034112,rc_send_suppressed,
1790262707.404331,rc_send_suppressed,
1790262707.5157633,rc_send_suppressed,
1790262707.6173828,rc_send_suppressed,
1790262707.7184541,rc_send_suppressed,
1790262707.8376617,rc_send_suppressed,
1790262707.9381618,rc_send_suppressed,
1790262708.09233,rc_send_suppressed,
1790262708.2056565,rc_send_suppressed,
1790262708.3059373,rc_send_suppressed,
1790262708.4639466,rc_send_suppressed,
1790262708.5950005,rc_send_suppressed,
1790262708.69993,rc_send_suppressed,
1790262708.8011332,rc_send_suppressed,
1790262708.9662216,rc_send_suppressed,
1790262709.0669696,rc_send_suppressed,
1790262709.1673498,rc_send_suppressed,
1790262709.269371,rc_send_suppressed,
1790262709.4213586,rc_send_suppressed,
1790262709.5237987,rc_send_suppressed,
1790262709.664659,rc_send_suppressed,
1790262709.7658916,rc_send_suppressed,
1790262709.923984,rc_send_suppressed,
1790262710.0276217,rc_send_suppressed,
1790262710.1284134,rc_send_suppressed,
1790262710.2793741,rc_send_suppressed,
1790262710.393926,rc_send_suppressed,
1790262710.561739,rc_send_suppressed,
1790262710.6724696,rc_send_suppressed,
1790262710.7752266,rc_send_suppressed,
1790262710.9337997,rc_send_suppressed,
1790262711.0484731,rc_send_suppressed,
1790262711.149407,rc_send_suppressed,
1790262711.2513244,rc_send_suppressed,
1790262711.3655663,rc_send_suppressed,
1790262711.4710603,rc_send_suppressed,
1790262711.5737252,rc_send_suppressed,
1790262711.6744673,rc_send_suppressed,
1790262711.7777193,rc_send_suppressed,
1790262711.8874032,rc_send_suppressed,
1790262711.9991412,rc_send_suppressed,
1790262712.1125982,rc_send_suppressed,
1790262712.2185087,rc_send_suppressed,
1790262712.3205602,rc_send_suppressed,
1790262712.4234762,rc_send_suppressed,
1790262712.5417867,rc_send_suppressed,
1790262712.6443298,rc_send_suppressed,
1790262712.793186,rc_send_suppressed,
1790262712.9041288,rc_send_suppressed,
1790262713.010776,rc_send_suppressed,
1790262713.1246574,rc_send_suppressed,
1790262713.2292302,rc_send_suppressed,
1790262713.3880587,rc_send_suppressed,
1790262713.5760887,rc_send_suppressed,
1790262713.653163,llm_explanation,2741.1181000024953
1790262713.6773045,rc_send_suppressed,
1790262713.7869518,rc_send_suppressed,
1790262713.9049907,rc_send_suppressed,
1790262714.0053046,rc_send_suppressed,
1790262714.1069043,rc_send_suppressed,
1790262714.2086263,rc_send_suppressed,
1790262714.3133714,rc_send_suppressed,
1790262714.4146957,rc_send_suppressed,
1790262714.5165062,rc_send_suppressed,
1790262714.617378,rc_send_suppressed,
1790262714.754467,rc_send_suppressed,
1790262714.85976,rc_send_suppressed,
1790262714.960888,rc_send_suppressed,
1790262715.1061585,rc_send_suppressed,
1790262715.2054236,rc_send_suppressed,
1790262715.3073316,rc_send_suppressed,
1790262715.4242666,rc_send_suppressed,
1790262715.5404685,rc_send_suppressed,
1790262715.6778882,rc_send_suppressed,
1790262715.8269947,rc_send_suppressed,
1790262715.9848554,rc_send_suppressed,
1790262716.1037095,rc_send_suppressed,
1790262716.2180235,rc_send_suppressed,
1790262716.3688314,rc_send_suppressed,
1790262716.4690473,rc_send_suppressed,
1790262716.5719733,rc_send_suppressed,
1790262716.6724718,rc_send_suppressed,
1790262716.8206427,rc_send_suppressed,
1790262716.931529,rc_send_suppressed,
1790262717.0510173,rc_send_suppressed,
1790262717.1620333,rc_send_suppressed,
1790262717.301764,rc_send_suppressed,
1790262717.4043062,rc_send_suppressed,
1790262717.5068517,rc_send_suppressed,
1790262717.607786,rc_send_suppressed,
1790262717.705482,llm_explanation,4005.8680000001914
1790262717.7117763,rc_send_suppressed,
1790262717.8148677,rc_send_suppressed,
1790262717.9806006,rc_send_suppressed,
1790262718.0916178,rc_send_suppressed,
1790262718.2015307,rc_send_suppressed,
1790262718.3021178,rc_send_suppressed,
1790262718.4587252,rc_send_suppressed,
1790262718.564046,rc_send_suppressed,
1790262718.665742,rc_send_suppressed,
1790262718.816669,rc_send_suppressed,
1790262718.928352,rc_send_suppressed,
1790262719.0719533,rc_send_suppressed,
1790262719.2103534,rc_send_suppressed,
1790262719.3128426,rc_send_suppressed,
1790262719.3688278,llm_explanation,1680.9761000004073
1790262719.5067258,rc_send_suppressed,
1790262719.6131241,rc_send_suppressed,
1790262719.7220511,rc_send_suppressed,
1790262719.834358,rc_send_suppressed,
1790262719.9376433,rc_send_suppressed,
1790262720.0396962,rc_send_suppressed,
1790262720.1411676,rc_send_suppressed,
1790262720.2503998,rc_send_suppressed,
1790262720.3672278,rc_send_suppressed,
1790262720.5270958,rc_send_suppressed,
1790262720.632444,rc_send_suppressed,
1790262720.7407782,llm_explanation,1292.073900000105
1790262720.7477593,rc_send_suppressed,
1790262720.85336,rc_send_suppressed,
1790262720.965657,rc_send_suppressed,
1790262721.0802622,rc_send_suppressed,
1790262721.1824582,rc_send_suppressed,
1790262721.2987745,rc_send_suppressed,
1790262721.4070947,rc_send_suppressed,
1790262721.5079012,rc_send_suppressed,
1790262721.7166917,rc_send_suppressed,
1790262721.8238776,rc_send_suppressed,
1790262721.9388723,rc_send_suppressed,
1790262722.0399852,rc_send_suppressed,
1790262722.1406474,rc_send_suppressed,
1790262722.256719,rc_send_suppressed,
1790262722.415179,rc_send_suppressed,
1790262722.5328982,rc_send_suppressed,
1790262722.6792898,llm_explanation,2004.685399999289
1790262722.6863024,rc_send_suppressed,
1790262722.7951767,rc_send_suppressed,
1790262722.9635062,rc_send_suppressed,
1790262723.0800173,rc_send_suppressed,
1790262723.1867888,rc_send_suppressed,
1790262723.293618,rc_send_suppressed,
1790262723.4110477,rc_send_suppressed,
1790262723.518723,rc_send_suppressed,
1790262723.6257231,rc_send_suppressed,
1790262723.8312814,rc_send_suppressed,
1790262723.9500499,rc_send_suppressed,
1790262724.1209285,rc_send_suppressed,
1790262724.2416809,rc_send_suppressed,
1790262724.3517945,rc_send_suppressed,
1790262724.454066,rc_send_suppressed,
1790262724.5637207,rc_send_suppressed,
1790262724.6656423,rc_send_suppressed,
1790262724.822205,rc_send_suppressed,
1790262724.936095,rc_send_suppressed,
1790262725.036942,rc_send_suppressed,
1790262725.139918,rc_send_suppressed,
1790262725.2534049,rc_send_suppressed,
1790262725.4114575,rc_send_suppressed,
1790262725.531661,rc_send_suppressed,
1790262725.631669,rc_send_suppressed,
1790262725.7636597,rc_send_suppressed,
1790262725.8639433,rc_send_suppressed,
1790262726.0272052,rc_send_suppressed,
1790262726.1397965,rc_send_suppressed,
1790262726.268013,rc_send_suppressed,
1790262726.3681278,rc_send_suppressed,
1790262726.4802413,rc_send_suppressed,
1790262726.5903566,rc_send_suppressed,
1790262726.6653044,llm_explanation,4013.125100002071
1790262726.6927996,rc_send_suppressed,
1790262726.8693268,rc_send_suppressed,
1790262726.971828,rc_send_suppressed,
1790262727.074699,rc_send_suppressed,
1790262727.1947987,rc_send_suppressed,
1790262727.3022306,rc_send_suppressed,
1790262727.4237897,rc_send_suppressed,
1790262727.533366,rc_send_suppressed,
1790262727.6945536,rc_send_suppressed,
1790262727.809192,rc_send_suppressed,
1790262727.9112015,rc_send_suppressed,
1790262728.0220187,rc_send_suppressed,
1790262728.13432,rc_send_suppressed,
1790262728.3078837,rc_send_suppressed,
1790262728.4378629,rc_send_suppressed,
1790262728.538896,rc_send_suppressed,
1790262728.6470363,rc_send_suppressed,
1790262728.8379476,rc_send_suppressed,
1790262728.9536989,rc_send_suppressed,
1790262729.0672603,rc_send_suppressed,
1790262729.1769948,rc_send_suppressed,
1790262729.2960856,rc_send_suppressed,
1790262729.40698,rc_send_suppressed,
1790262729.5079117,rc_send_suppressed,
1790262729.6107662,rc_send_suppressed,
1790262729.7158153,rc_send_suppressed,
1790262729.884769,rc_send_suppressed,
1790262729.9654028,llm_explanation,3269.8287000021082
1790262729.9933267,rc_send_suppressed,
1790262730.0959623,rc_send_suppressed,
1790262730.1961808,rc_send_suppressed,
1790262730.3563676,rc_send_suppressed,
1790262730.5145814,rc_send_suppressed,
1790262730.624309,rc_send_suppressed,
1790262730.7751598,rc_send_suppressed,
1790262730.881711,rc_send_suppressed,
1790262731.0275254,rc_send_suppressed,
1790262731.1917996,rc_send_suppressed,
1790262731.361137,rc_send_suppressed,
1790262731.5197105,rc_send_suppressed,
1790262731.6848996,rc_send_suppressed,
1790262731.7889566,rc_send_suppressed,
1790262731.9410744,rc_send_suppressed,
1790262732.0457125,rc_send_suppressed,
1790262732.2006636,rc_send_suppressed,
1790262732.3341331,rc_send_suppressed,
1790262732.4471881,rc_send_suppressed,
1790262732.5599294,rc_send_suppressed,
1790262732.6624985,rc_send_suppressed,
1790262732.7673442,rc_send_suppressed,
1790262732.869926,rc_send_suppressed,
1790262733.034071,rc_send_suppressed,
1790262733.19225,rc_send_suppressed,
1790262733.354235,rc_send_suppressed,
1790262733.4591908,rc_send_suppressed,
1790262733.6130154,rc_send_suppressed,
1790262733.7172859,rc_send_suppressed,
1790262733.8278449,rc_send_suppressed,
1790262733.9942155,llm_explanation,4011.280099999567
1790262734.0021942,rc_send_suppressed,
1790262734.123382,rc_send_suppressed,
1790262734.233401,rc_send_suppressed,
1790262734.3755357,rc_send_suppressed,
1790262734.480505,rc_send_suppressed,
1790262734.640263,rc_send_suppressed,
1790262734.7453878,rc_send_suppressed,
1790262734.9063554,rc_send_suppressed,
1790262735.0193837,rc_send_suppressed,
1790262735.132394,rc_send_suppressed,
1790262735.2324357,rc_send_suppressed,
1790262735.3350644,rc_send_suppressed,
1790262735.4586833,rc_send_suppressed,
1790262735.5736747,rc_send_suppressed,
1790262735.675073,rc_send_suppressed,
1790262735.7914126,rc_send_suppressed,
1790262735.8992097,rc_send_suppressed,
1790262735.9995372,rc_send_suppressed,
1790262736.1043599,rc_send_suppressed,
1790262736.2169805,rc_send_suppressed,
1790262736.3628013,rc_send_suppressed,
1790262736.5190742,rc_send_suppressed,
1790262736.6298447,rc_send_suppressed,
1790262736.7019842,llm_explanation,2705.4596000016318
1790262736.731922,rc_send_suppressed,
1790262736.838846,rc_send_suppressed,
1790262736.9482205,rc_send_suppressed,
1790262737.064728,rc_send_suppressed,
1790262737.2620738,rc_send_suppressed,
1790262737.4248385,rc_send_suppressed,
1790262737.5259068,rc_send_suppressed,
1790262737.6709864,rc_send_suppressed,
1790262737.7770307,rc_send_suppressed,
1790262737.918617,rc_send_suppressed,
1790262738.031856,rc_send_suppressed,
1790262738.1818874,rc_send_suppressed,
1790262738.3092833,rc_send_suppressed,
1790262738.4100332,rc_send_suppressed,
1790262738.5117898,rc_send_suppressed,
1790262738.6737554,rc_send_suppressed,
1790262738.7758827,rc_send_suppressed,
1790262738.8771634,rc_send_suppressed,
1790262738.9814858,rc_send_suppressed,
1790262739.0836346,rc_send_suppressed,
1790262739.2358017,rc_send_suppressed,
1790262739.3440669,rc_send_suppressed,
1790262739.447292,rc_send_suppressed,
1790262739.5476835,rc_send_suppressed,
1790262739.661045,rc_send_suppressed,
1790262739.820042,rc_send_suppressed,
1790262739.9297192,rc_send_suppressed,
1790262740.0363448,rc_send_suppressed,
1790262740.121596,llm_explanation,3439.5475999990595
1790262740.147035,rc_send_suppressed,
1790262740.3142507,rc_send_suppressed,
1790262740.4155319,rc_send_suppressed,
1790262740.5296,rc_send_suppressed,
1790262740.6434011,rc_send_suppressed,
1790262740.7464085,rc_send_suppressed,
1790262740.8559368,rc_send_suppressed,
1790262741.0152621,rc_send_suppressed,
1790262741.1404414,rc_send_suppressed,
1790262741.24217,rc_send_suppressed,
1790262741.370661,rc_send_suppressed,
1790262741.476545,rc_send_suppressed,
1790262741.584777,rc_send_suppressed,
1790262741.6923456,rc_send_suppressed,
1790262741.807168,rc_send_suppressed,
1790262741.9086642,rc_send_suppressed,
1790262742.0710883,rc_send_suppressed,
1790262742.1786373,rc_send_suppressed,
1790262742.3051891,rc_send_suppressed,
1790262742.408558,rc_send_suppressed,
1790262742.5506182,rc_send_suppressed,
1790262742.6300197,llm_explanation,2494.5771000020613
1790262742.654491,rc_send_suppressed,
1790262742.8111992,rc_send_suppressed,
1790262742.913978,rc_send_suppressed,
1790262743.0147114,rc_send_suppressed,
1790262743.127994,rc_send_suppressed,
1790262743.229838,rc_send_suppressed,
1790262743.33386,rc_send_suppressed,
1790262743.4717681,rc_send_suppressed,
1790262743.5756116,rc_send_suppressed,
1790262743.676908,rc_send_suppressed,
1790262743.7777152,rc_send_suppressed,
1790262743.9193337,rc_send_suppressed,
1790262744.0300581,rc_send_suppressed,
1790262744.140787,rc_send_suppressed,
1790262744.2420528,rc_send_suppressed,
1790262744.3470087,rc_send_suppressed,
1790262744.5193677,rc_send_suppressed,
1790262744.6364293,rc_send_suppressed,
1790262744.7374063,rc_send_suppressed,
1790262744.8389745,rc_send_suppressed,
1790262744.941822,rc_send_suppressed,
1790262745.0446677,rc_send_suppressed,
1790262745.217043,rc_send_suppressed,
1790262745.3229938,rc_send_suppressed,
1790262745.4340413,rc_send_suppressed,
1790262745.5770128,rc_send_suppressed,
1790262745.6894543,rc_send_suppressed,
1790262745.8418758,rc_send_suppressed,
1790262745.9589248,rc_send_suppressed,
1790262746.1126144,rc_send_suppressed,
1790262746.2154946,rc_send_suppressed,
1790262746.3459568,rc_send_suppressed,
1790262746.4468212,rc_send_suppressed,
1790262746.5478754,rc_send_suppressed,
1790262746.6175306,llm_explanation,4017.216100000951
1790262746.6539419,rc_send_suppressed,
1790262746.755921,rc_send_suppressed,
1790262746.862147,rc_send_suppressed,
1790262746.9655168,rc_send_suppressed,
1790262747.1277072,rc_send_suppressed,
1790262747.2380755,rc_send_suppressed,
1790262747.3443344,rc_send_suppressed,
1790262747.4460974,rc_send_suppressed,
1790262747.5816083,rc_send_suppressed,
1790262747.7469141,rc_send_suppressed,
1790262747.8712764,rc_send_suppressed,
1790262747.9982307,rc_send_suppressed,
1790262748.1071155,rc_send_suppressed,
1790262748.253227,rc_send_suppressed,
1790262748.3641057,rc_send_suppressed,
1790262748.4805632,rc_send_suppressed,
1790262748.603651,rc_send_suppressed,
1790262748.7384691,rc_send_suppressed,
1790262748.886288,rc_send_suppressed,
1790262749.043641,rc_send_suppressed,
1790262749.1527355,rc_send_suppressed,
1790262749.2696934,rc_send_suppressed,
1790262749.4020836,rc_send_suppressed,
1790262749.5439334,rc_send_suppressed,
1790262749.6594722,rc_send_suppressed,
1790262749.7840915,llm_explanation,3157.744100000855
1790262749.7950597,rc_send_suppressed,
1790262749.918541,rc_send_suppressed,
1790262750.0777898,rc_send_suppressed,
1790262750.19116,rc_send_suppressed,
1790262750.322921,rc_send_suppressed,
1790262750.5185332,rc_send_suppressed,
1790262750.6416008,rc_send_suppressed,
1790262750.7530751,rc_send_suppressed,
1790262750.8906505,rc_send_suppressed,
1790262751.049124,rc_send_suppressed,
1790262751.1842244,rc_send_suppressed,
1790262751.2891216,rc_send_suppressed,
1790262751.412713,rc_send_suppressed,
1790262751.5260937,rc_send_suppressed,
1790262751.6465921,rc_send_suppressed,
1790262751.7595944,rc_send_suppressed,
1790262751.8819878,rc_send_suppressed,
1790262752.046588,rc_send_suppressed,
1790262752.1848805,rc_send_suppressed,
1790262752.2935176,llm_explanation,2466.3272999969195
1790262752.302497,rc_send_suppressed,
1790262752.4245522,rc_send_suppressed,
1790262752.5323827,rc_send_suppressed,
1790262752.6585212,rc_send_suppressed,
1790262752.7670307,rc_send_suppressed,
1790262752.8865063,rc_send_suppressed,
1790262753.0523145,rc_send_suppressed,
1790262753.2834263,rc_send_suppressed,
1790262753.4055278,rc_send_suppressed,
1790262753.5347838,rc_send_suppressed,
1790262753.6393797,rc_send_suppressed,
1790262753.7606983,rc_send_suppressed,
1790262753.8940403,rc_send_suppressed,
1790262754.048542,rc_send_suppressed,
1790262754.1557262,rc_send_suppressed,
1790262754.2811592,rc_send_suppressed,
1790262754.3930604,rc_send_suppressed,
1790262754.507942,rc_send_suppressed,
1790262754.620806,rc_send_suppressed,
1790262754.741152,rc_send_suppressed,
1790262754.8516169,rc_send_suppressed,
1790262754.9814076,rc_send_suppressed,
1790262755.098387,rc_send_suppressed,
1790262755.2330337,rc_send_suppressed,
1790262755.3399398,rc_send_suppressed,
1790262755.4810333,rc_send_suppressed,
1790262755.6018898,rc_send_suppressed,
1790262755.7349582,rc_send_suppressed,
1790262755.928285,rc_send_suppressed,
1790262756.1059222,rc_send_suppressed,
1790262756.2395618,llm_explanation,4012.845400000515
1790262756.2507834,rc_send_suppressed,
1790262756.4293015,rc_send_suppressed,
1790262756.6058888,rc_send_suppressed,
1790262756.7637308,rc_send_suppressed,
1790262756.9046698,rc_send_suppressed,
1790262757.0512204,rc_send_suppressed,
1790262757.1603274,rc_send_suppressed,
1790262757.282177,rc_send_suppressed,
1790262757.4203994,rc_send_suppressed,
1790262757.5404541,rc_send_suppressed,
1790262757.6630044,rc_send_suppressed,
1790262757.7930799,rc_send_suppressed,
1790262757.9021196,rc_send_suppressed,
1790262758.0390012,rc_send_suppressed,
1790262758.1581483,rc_send_suppressed,
1790262758.2845957,rc_send_suppressed,
1790262758.4011757,rc_send_suppressed,
1790262758.531319,rc_send_suppressed,
1790262758.652444,rc_send_suppressed,
1790262758.8626504,rc_send_suppressed,
1790262758.9927132,rc_send_suppressed,
1790262759.1438875,rc_send_suppressed,
1790262759.2823513,rc_send_suppressed,
1790262759.4229553,rc_send_suppressed,
1790262759.5780823,rc_send_suppressed,
1790262759.7423918,rc_send_suppressed,
1790262759.867903,rc_send_suppressed,
1790262760.0091584,rc_send_suppressed,
1790262760.1289895,rc_send_suppressed,
1790262760.2532675,rc_send_suppressed,
1790262760.4087174,rc_send_suppressed,
1790262760.5305052,rc_send_suppressed,
1790262760.6372218,rc_send_suppressed,
1790262760.7609694,rc_send_suppressed,
1790262760.9037025,rc_send_suppressed,
1790262761.0255969,rc_send_suppressed,
1790262761.1474087,rc_send_suppressed,
1790262761.279962,rc_send_suppressed,
1790262761.4069307,rc_send_suppressed,
1790262761.5286071,rc_send_suppressed,
1790262761.7152221,rc_send_suppressed,
1790262761.842165,rc_send_suppressed,
1790262761.9579182,rc_send_suppressed,
1790262762.1222112,rc_send_suppressed,
1790262762.2350972,rc_send_suppressed,
1790262762.3507397,rc_send_suppressed,
1790262762.4685545,rc_send_suppressed,
1790262762.5867255,rc_send_suppressed,
1790262762.6942568,rc_send_suppressed,
1790262762.8099382,rc_send_suppressed,
1790262762.9275687,rc_send_suppressed,
1790262763.0542812,rc_send_suppressed,
1790262763.2038932,rc_send_suppressed,
1790262763.33909,rc_send_suppressed,
1790262763.3592324,llm_explanation,3092.9260999982944
1790262763.4611945,rc_send_suppressed,
1790262763.6118288,rc_send_suppressed,
1790262763.7678688,rc_send_suppressed,
1790262763.890578,rc_send_suppressed,
1790262764.0148504,rc_send_suppressed,
1790262764.140806,rc_send_suppressed,
1790262764.268189,rc_send_suppressed,
1790262764.46473,rc_send_suppressed,
1790262764.5974934,rc_send_suppressed,
1790262764.7124283,rc_send_suppressed,
1790262764.836931,rc_send_suppressed,
1790262764.9623604,rc_send_suppressed,
1790262765.0951064,rc_send_suppressed,
1790262765.214574,rc_send_suppressed,
1790262765.3334498,rc_send_suppressed,
1790262765.4504015,rc_send_suppressed,
1790262765.6006536,rc_send_suppressed,
1790262765.7281,rc_send_suppressed,
1790262765.8326457,rc_send_suppressed,
1790262765.9542208,rc_send_suppressed,
1790262766.1003506,rc_send_suppressed,
1790262766.2246895,rc_send_suppressed,
1790262766.3352845,rc_send_suppressed,
1790262766.458556,rc_send_suppressed,
1790262766.612024,rc_send_suppressed,
1790262766.7783103,llm_explanation,3434.906200000114
1790262766.7883933,rc_send_suppressed,
1790262766.9357982,rc_send_suppressed,
1790262767.0755289,rc_send_suppressed,
1790262767.3255954,rc_send_suppressed,
1790262767.4643154,rc_send_suppressed,
1790262767.6091194,rc_send_suppressed,
1790262767.7477765,rc_send_suppressed,
1790262767.8805773,rc_send_suppressed,
1790262768.008937,rc_send_suppressed,
1790262768.1100218,rc_send_suppressed,
1790262768.2685075,rc_send_suppressed,
1790262768.36872,rc_send_suppressed,
1790262768.5268452,rc_send_suppressed,
1790262768.6306834,rc_send_suppressed,
1790262768.7754817,rc_send_suppressed,
1790262768.878786,rc_send_suppressed,
1790262769.0368452,rc_send_suppressed,
1790262769.1369083,rc_send_suppressed,
1790262769.2464411,rc_send_suppressed,
1790262769.3467164,rc_send_suppressed,
1790262769.499229,rc_send_suppressed,
1790262769.6133218,rc_send_suppressed,
1790262769.7464216,rc_send_suppressed,
1790262769.8479536,rc_send_suppressed,
1790262769.9662728,rc_send_suppressed,
1790262770.0746293,rc_send_suppressed,
1790262770.176299,rc_send_suppressed,
1790262770.2792575,rc_send_suppressed,
1790262770.3793244,rc_send_suppressed,
1790262770.487152,rc_send_suppressed,
1790262770.5979187,rc_send_suppressed,
1790262770.7019596,rc_send_suppressed,
1790262770.8211348,llm_explanation,4010.848599999008
1790262770.8276253,rc_send_suppressed,
1790262770.9450574,rc_send_suppressed,
1790262771.0455022,rc_send_suppressed,
1790262771.2065473,rc_send_suppressed,
1790262771.317961,rc_send_suppressed,
1790262771.465097,rc_send_suppressed,
1790262771.5719876,rc_send_suppressed,
1790262771.697491,rc_send_suppressed,
1790262771.8791864,rc_send_suppressed,
1790262772.0410721,rc_send_suppressed,
1790262772.2095382,rc_send_suppressed,
1790262772.4279761,rc_send_suppressed,
1790262772.644093,rc_send_suppressed,
1790262772.7960403,rc_send_suppressed,
1790262772.9159236,rc_send_suppressed,
1790262773.060604,rc_send_suppressed,
1790262773.2302067,rc_send_suppressed,
1790262773.3682961,rc_send_suppressed,
1790262773.5118961,rc_send_suppressed,
1790262773.646529,rc_send_suppressed,
1790262773.8215797,rc_send_suppressed,
1790262773.9965374,rc_send_suppressed,
1790262774.2260306,llm_explanation,3356.593399999838
1790262774.2360022,rc_send_suppressed,
1790262774.3743763,rc_send_suppressed,
1790262774.5096517,rc_send_suppressed,
1790262774.666128,rc_send_suppressed,
1790262774.8260748,rc_send_suppressed,
1790262774.9914484,rc_send_suppressed,
1790262775.157696,rc_send_suppressed,
1790262775.317555,rc_send_suppressed,
1790262775.4883957,rc_send_suppressed,
1790262775.6530275,rc_send_suppressed,
1790262775.8445346,rc_send_suppressed,
1790262776.014343,rc_send_suppressed,
1790262776.1589122,rc_send_suppressed,
1790262776.3122234,rc_send_suppressed,
1790262776.503729,rc_send_suppressed,
1790262776.6591775,rc_send_suppressed,
1790262776.8281724,rc_send_suppressed,
1790262776.9913027,rc_send_suppressed,
1790262777.149251,rc_send_suppressed,
1790262777.3153515,rc_send_suppressed,
1790262777.492081,rc_send_suppressed,
1790262777.733255,rc_send_suppressed,
1790262777.876767,rc_send_suppressed,
1790262778.0136268,rc_send_suppressed,
1790262778.1514442,llm_explanation,4008.8221999976668
1790262778.1615186,rc_send_suppressed,
1790262778.3495743,rc_send_suppressed,
1790262778.5156693,rc_send_suppressed,
1790262778.6630797,rc_send_suppressed,
1790262778.8428082,rc_send_suppressed,
1790262779.0329256,rc_send_suppressed,
1790262779.2028697,rc_send_suppressed,
1790262779.3367443,rc_send_suppressed,
1790262779.4948504,rc_send_suppressed,
1790262779.6689117,rc_send_suppressed,
1790262779.825248,rc_send_suppressed,
1790262779.9778676,rc_send_suppressed,
1790262780.1335711,rc_send_suppressed,
1790262780.2839642,rc_send_suppressed,
1790262780.4462903,rc_send_suppressed,
1790262780.6033127,rc_send_suppressed,
1790262780.7423449,rc_send_suppressed,
1790262780.8820193,rc_send_suppressed,
1790262781.1072795,rc_send_suppressed,
1790262781.23573,rc_send_suppressed,
1790262781.37495,rc_send_suppressed,
1790262781.6216254,rc_send_suppressed,
1790262781.7787347,rc_send_suppressed,
1790262781.9337802,rc_send_suppressed,
1790262782.0916526,rc_send_suppressed,
1790262782.2799697,rc_send_suppressed,
1790262782.446762,rc_send_suppressed,
1790262782.6022744,rc_send_suppressed,
1790262782.7647269,rc_send_suppressed,
1790262782.916011,rc_send_suppressed,
1790262783.1834207,rc_send_suppressed,
1790262783.384467,rc_send_suppressed,
1790262783.5443048,rc_send_suppressed,
1790262783.6898506,rc_send_suppressed,
1790262783.860561,rc_send_suppressed,
1790262784.0260746,rc_send_suppressed,
1790262784.1665654,rc_send_suppressed,
1790262784.3055513,rc_send_suppressed,
1790262784.44374,rc_send_suppressed,
1790262784.578254,llm_explanation,2337.1695000023465
1790262784.5882244,rc_send_suppressed,
1790262784.7344809,rc_send_suppressed,
1790262784.8663905,rc_send_suppressed,
1790262785.0182846,rc_send_suppressed,
1790262785.1477568,rc_send_suppressed,
1790262785.278002,rc_send_suppressed,
1790262785.3993537,rc_send_suppressed,
1790262785.5133772,rc_send_suppressed,
1790262785.6596308,rc_send_suppressed,
1790262785.7771883,rc_send_suppressed,
1790262785.9042287,rc_send_suppressed,
1790262786.0228722,rc_send_suppressed,
1790262786.148896,rc_send_suppressed,
1790262786.2680526,rc_send_suppressed,
1790262786.390461,rc_send_suppressed,
1790262786.5178633,rc_send_suppressed,
1790262786.666406,rc_send_suppressed,
1790262786.7978797,rc_send_suppressed,
1790262786.9223464,llm_explanation,2336.354899998696
1790262786.9318645,rc_send_suppressed,
1790262787.084956,rc_send_suppressed,
1790262787.210701,rc_send_suppressed,
1790262787.3586683,rc_send_suppressed,
1790262787.5161605,rc_send_suppressed,
1790262787.686361,rc_send_suppressed,
1790262787.8469431,rc_send_suppressed,
1790262788.0315022,rc_send_suppressed,
1790262788.1663647,rc_send_suppressed,
1790262788.300447,rc_send_suppressed,
1790262788.4255877,rc_send_suppressed,
1790262788.5658548,rc_send_suppressed,
1790262788.7162204,rc_send_suppressed,
1790262788.8888626,rc_send_suppressed,
1790262789.0579274,rc_send_suppressed,
1790262789.2001948,rc_send_suppressed,
1790262789.357644,rc_send_suppressed,
1790262789.518008,rc_send_suppressed,
1790262789.676054,rc_send_suppressed,
1790262789.8526986,rc_send_suppressed,
1790262790.0077164,rc_send_suppressed,
1790262790.1565924,rc_send_suppressed,
1790262790.2997038,rc_send_suppressed,
1790262790.4337194,rc_send_suppressed,
1790262790.5638435,rc_send_suppressed,
1790262790.806864,rc_send_suppressed,
1790262790.9385476,llm_explanation,4005.044599998655
1790262790.9515116,rc_send_suppressed,
1790262791.1113503,rc_send_suppressed,
1790262791.2695467,rc_send_suppressed,
1790262791.4076028,rc_send_suppressed,
1790262791.539231,rc_send_suppressed,
1790262791.663279,rc_send_suppressed,
1790262791.7807698,rc_send_suppressed,
1790262791.910388,rc_send_suppressed,
1790262792.043854,rc_send_suppressed,
1790262792.1892853,rc_send_suppressed,
1790262792.2984939,rc_send_suppressed,
1790262792.4229481,rc_send_suppressed,
1790262792.5312932,rc_send_suppressed,
1790262792.6325426,rc_send_suppressed,
1790262792.7342901,rc_send_suppressed,
1790262792.8530169,rc_send_suppressed,
1790262793.0107589,llm_explanation,2116.3864999980433
1790262793.0181074,rc_send_suppressed,
1790262793.1434941,rc_send_suppressed,
1790262793.2678003,rc_send_suppressed,
1790262793.3971632,rc_send_suppressed,
1790262793.5363662,rc_send_suppressed,
1790262793.6557255,rc_send_suppressed,
1790262793.7708135,rc_send_suppressed,
1790262793.8947113,rc_send_suppressed,
1790262794.0441508,rc_send_suppressed,
1790262794.1787648,rc_send_suppressed,
1790262794.3018138,rc_send_suppressed,
1790262794.4332335,rc_send_suppressed,
1790262794.5565395,rc_send_suppressed,
1790262794.7255924,rc_send_suppressed,
1790262794.9352267,rc_send_suppressed,
1790262795.0650516,rc_send_suppressed,
1790262795.1744442,llm_explanation,2138.992700001836
1790262795.1849263,rc_send_suppressed,
1790262795.32702,rc_send_suppressed,
1790262795.4656909,rc_send_suppressed,
1790262795.6003032,rc_send_suppressed,
1790262795.7325494,rc_send_suppressed,
1790262795.8945386,rc_send_suppressed,
1790262796.0567265,rc_send_suppressed,
1790262796.2203965,rc_send_suppressed,
1790262796.3992927,rc_send_suppressed,
1790262796.6416411,rc_send_suppressed,
1790262796.7749023,rc_send_suppressed,
1790262796.9278738,rc_send_suppressed,
1790262797.0857246,rc_send_suppressed,
1790262797.2548804,rc_send_suppressed,
1790262797.42177,rc_send_suppressed,
1790262797.5867646,llm_explanation,2423.485100000107
1790262797.595738,rc_send_suppressed,
1790262797.7543347,rc_send_suppressed,
1790262797.9216778,rc_send_suppressed,
1790262798.0904682,rc_send_suppressed,
1790262798.2511933,rc_send_suppressed,
1790262798.4124851,rc_send_suppressed,
1790262798.6031618,rc_send_suppressed,
1790262798.7463436,rc_send_suppressed,
1790262798.9183562,rc_send_suppressed,
1790262799.0881627,rc_send_suppressed,
1790262799.2562299,rc_send_suppressed,
1790262799.4080908,rc_send_suppressed,
1790262799.5598783,rc_send_suppressed,
1790262799.705632,rc_send_suppressed,
1790262799.8486197,rc_send_suppressed,
1790262800.0707598,rc_send_suppressed,
1790262800.2500238,rc_send_suppressed,
1790262800.43819,rc_send_suppressed,
1790262800.6065335,rc_send_suppressed,
1790262800.765843,rc_send_suppressed,
1790262800.938724,rc_send_suppressed,
1790262801.0985286,rc_send_suppressed,
1790262801.270412,rc_send_suppressed,
1790262801.4302354,rc_send_suppressed,
1790262801.5952172,llm_explanation,4011.1882999990485
1790262801.605818,rc_send_suppressed,
1790262801.776346,rc_send_suppressed,
1790262801.9242647,rc_send_suppressed,
1790262802.086749,rc_send_suppressed,
1790262802.2555568,rc_send_suppressed,
1790262802.4275713,rc_send_suppressed,
1790262802.5934494,rc_send_suppressed,
1790262802.752111,rc_send_suppressed,
1790262802.9388034,rc_send_suppressed,
1790262803.1067107,rc_send_suppressed,
1790262803.2653441,rc_send_suppressed,
1790262803.41924,rc_send_suppressed,
1790262803.6854348,rc_send_suppressed,
1790262803.8119972,rc_send_suppressed,
1790262803.96213,rc_send_suppressed,
1790262804.0929387,rc_send_suppressed,
1790262804.2491257,rc_send_suppressed,
1790262804.4096296,rc_send_suppressed,
1790262804.5817268,llm_explanation,2975.6555999992997
1790262804.5907013,rc_send_suppressed,
1790262804.7526624,rc_send_suppressed,
1790262804.9158583,rc_send_suppressed,
1790262805.0823522,rc_send_suppressed,
1790262805.2475483,rc_send_suppressed,
1790262805.380646,rc_send_suppressed,
1790262805.5445964,rc_send_suppressed,
1790262805.6813853,rc_send_suppressed,
1790262805.918718,rc_send_suppressed,
1790262806.0675776,rc_send_suppressed,
1790262806.2404704,rc_send_suppressed,
1790262806.408679,rc_send_suppressed,
1790262806.5635538,rc_send_suppressed,
1790262806.7089763,llm_explanation,2132.0288999995682
1790262806.7199545,rc_send_suppressed,
1790262806.8672953,rc_send_suppressed,
1790262807.027209,rc_send_suppressed,
1790262807.1590996,rc_send_suppressed,
1790262807.289934,rc_send_suppressed,
1790262807.4610105,rc_send_suppressed,
1790262807.5990884,rc_send_suppressed,
1790262807.7009504,rc_send_suppressed,
1790262807.8188713,rc_send_suppressed,
1790262807.930088,rc_send_suppressed,
1790262808.055495,rc_send_suppressed,
1790262808.2056592,rc_send_suppressed,
1790262808.323076,rc_send_suppressed,
1790262808.444378,rc_send_suppressed,
1790262808.5593612,rc_send_suppressed,
1790262808.679892,rc_send_suppressed,
1790262808.8766801,rc_send_suppressed,
1790262809.0246267,rc_send_suppressed,
1790262809.1556962,rc_send_suppressed,
1790262809.295488,rc_send_suppressed,
1790262809.4521763,rc_send_suppressed,
1790262809.6396432,rc_send_suppressed,
1790262809.788168,llm_explanation,3087.448800000857
1790262809.7981408,rc_send_suppressed,
1790262809.964519,rc_send_suppressed,
1790262810.1142979,rc_send_suppressed,
1790262810.2919745,rc_send_suppressed,
1790262810.451356,rc_send_suppressed,
1790262810.6317933,rc_send_suppressed,
1790262810.785449,rc_send_suppressed,
1790262810.9570372,rc_send_suppressed,
1790262811.118522,rc_send_suppressed,
1790262811.3001595,rc_send_suppressed,
1790262811.4757192,rc_send_suppressed,
1790262811.6397748,rc_send_suppressed,
1790262811.7940643,rc_send_suppressed,
1790262812.0641327,rc_send_suppressed,
1790262812.231675,rc_send_suppressed,
1790262812.3766491,rc_send_suppressed,
1790262812.5073762,rc_send_suppressed,
1790262812.6499052,rc_send_suppressed,
1790262812.7856698,rc_send_suppressed,
1790262812.9738398,rc_send_suppressed,
1790262813.1301465,rc_send_suppressed,
1790262813.2932038,rc_send_suppressed,
1790262813.419912,llm_explanation,3599.3640999986383
1790262813.4278908,rc_send_suppressed,
1790262813.5303423,rc_send_suppressed,
1790262813.6427314,rc_send_suppressed,
1790262813.7571363,rc_send_suppressed,
1790262813.8684266,rc_send_suppressed,
1790262813.969592,rc_send_suppressed,
1790262814.0870492,rc_send_suppressed,
1790262814.202297,rc_send_suppressed,
1790262814.315392,rc_send_suppressed,
1790262814.5133884,rc_send_suppressed,
1790262814.6343853,rc_send_suppressed,
1790262814.7662494,rc_send_suppressed,
1790262814.8969004,rc_send_suppressed,
1790262815.0158782,rc_send_suppressed,
1790262815.134691,rc_send_suppressed,
1790262815.2518284,rc_send_suppressed,
1790262815.3683052,rc_send_suppressed,
1790262815.481943,llm_explanation,2135.5914999985544
1790262815.4900498,rc_send_suppressed,
1790262815.6551094,rc_send_suppressed,
1790262815.9437053,rc_send_suppressed,
1790262816.1070368,rc_send_suppressed,
1790262816.2840967,rc_send_suppressed,
1790262816.4627044,rc_send_suppressed,
1790262816.616622,rc_send_suppressed,
1790262816.7566578,rc_send_suppressed,
1790262816.8971257,rc_send_suppressed,
1790262817.0353122,rc_send_suppressed,
1790262817.168141,rc_send_suppressed,
1790262817.396414,rc_send_suppressed,
1790262817.5547612,rc_send_suppressed,
1790262817.686635,rc_send_suppressed,
1790262817.8182847,rc_send_suppressed,
1790262817.993533,rc_send_suppressed,
1790262818.1576717,rc_send_suppressed,
1790262818.315263,rc_send_suppressed,
1790262818.4843602,rc_send_suppressed,
1790262818.649835,rc_send_suppressed,
1790262818.815646,rc_send_suppressed,
1790262818.9886465,rc_send_suppressed,
1790262819.1534255,rc_send_suppressed,
1790262819.3111632,rc_send_suppressed,
1790262819.4744728,llm_explanation,4004.4930999974895
1790262819.4880347,rc_send_suppressed,
1790262819.6609297,rc_send_suppressed,
1790262819.9122663,rc_send_suppressed,
1790262820.0439332,rc_send_suppressed,
1790262820.1627614,rc_send_suppressed,
1790262820.303242,rc_send_suppressed,
1790262820.4270964,rc_send_suppressed,
1790262820.5379293,rc_send_suppressed,
1790262820.659858,rc_send_suppressed,
1790262820.802117,rc_send_suppressed,
1790262820.9281542,rc_send_suppressed,
1790262821.0487397,rc_send_suppressed,
1790262821.1683595,rc_send_suppressed,
1790262821.3186028,rc_send_suppressed,
1790262821.473414,rc_send_suppressed,
1790262821.5726182,llm_explanation,2071.815499999502
1790262821.5835702,rc_send_suppressed,
1790262821.7109332,rc_send_suppressed,
1790262821.841213,rc_send_suppressed,
1790262821.9926047,rc_send_suppressed,
1790262822.132131,rc_send_suppressed,
1790262822.2484307,rc_send_suppressed,
1790262822.3735263,rc_send_suppressed,
1790262822.5273948,rc_send_suppressed,
1790262822.7739055,rc_send_suppressed,
1790262822.9350133,rc_send_suppressed,
1790262823.0703335,rc_send_suppressed,
1790262823.217667,rc_send_suppressed,
1790262823.3807242,rc_send_suppressed,
1790262823.5117683,rc_send_suppressed,
1790262823.6713245,rc_send_suppressed,
1790262823.7984939,rc_send_suppressed,
1790262823.9307904,rc_send_suppressed,
1790262824.0732443,rc_send_suppressed,
1790262824.2220473,rc_send_suppressed,
1790262824.3564126,rc_send_suppressed,
1790262824.4920418,rc_send_suppressed,
1790262824.6378314,rc_send_suppressed,
1790262824.7875464,rc_send_suppressed,
1790262824.9621973,rc_send_suppressed,
1790262825.1127832,rc_send_suppressed,
1790262825.256744,rc_send_suppressed,
1790262825.386664,rc_send_suppressed,
1790262825.498622,rc_send_suppressed,
1790262825.5978136,llm_explanation,4015.8239000011235
1790262825.6069958,rc_send_suppressed,
1790262825.7315037,rc_send_suppressed,
1790262825.8615186,rc_send_suppressed,
1790262825.9702268,rc_send_suppressed,
1790262826.1477928,rc_send_suppressed,
1790262826.2717795,rc_send_suppressed,
1790262826.4365916,rc_send_suppressed,
1790262826.6201842,rc_send_suppressed,
1790262826.816755,rc_send_suppressed,
1790262826.9182584,rc_send_suppressed,
1790262827.0283606,rc_send_suppressed,
1790262827.1484802,rc_send_suppressed,
1790262827.251786,rc_send_suppressed,
1790262827.428625,rc_send_suppressed,
1790262827.5514746,rc_send_suppressed,
1790262827.6655705,rc_send_suppressed,
1790262827.7716022,rc_send_suppressed,
1790262827.8823507,rc_send_suppressed,
1790262827.9896636,rc_send_suppressed,
1790262828.1122916,rc_send_suppressed,
1790262828.2287188,rc_send_suppressed,
1790262828.3444889,rc_send_suppressed,
1790262828.4969535,rc_send_suppressed,
1790262828.6135044,rc_send_suppressed,
1790262828.7269971,rc_send_suppressed,
1790262828.846463,rc_send_suppressed,
1790262829.0050693,rc_send_suppressed,
1790262829.1239214,rc_send_suppressed,
1790262829.3094823,rc_send_suppressed,
1790262829.4442816,rc_send_suppressed,
1790262829.5755508,rc_send_suppressed,
1790262829.734317,rc_send_suppressed,
1790262829.8576996,rc_send_suppressed,
1790262830.005065,rc_send_suppressed,
1790262830.120448,rc_send_suppressed,
1790262830.2359626,rc_send_suppressed,
1790262830.3503387,rc_send_suppressed,
1790262830.5028992,rc_send_suppressed,
1790262830.6080859,rc_send_suppressed,
1790262830.7371542,rc_send_suppressed,
1790262830.8431194,rc_send_suppressed,
1790262830.9659677,rc_send_suppressed,
1790262831.0835981,rc_send_suppressed,
1790262831.1972246,rc_send_suppressed,
1790262831.3007908,rc_send_suppressed,
1790262831.4111192,llm_explanation,1777.3946999986947
1790262831.4211261,rc_send_suppressed,
1790262831.5344055,rc_send_suppressed,
1790262831.6442552,rc_send_suppressed,
1790262831.7592342,rc_send_suppressed,
1790262831.9480846,rc_send_suppressed,
1790262832.0669496,rc_send_suppressed,
1790262832.1778605,rc_send_suppressed,
1790262832.2962923,rc_send_suppressed,
1790262832.409567,rc_send_suppressed,
1790262832.5276797,rc_send_suppressed,
1790262832.6486843,rc_send_suppressed,
1790262832.7709215,rc_send_suppressed,
1790262832.9050941,rc_send_suppressed,
1790262833.0451825,rc_send_suppressed,
1790262833.1837666,rc_send_suppressed,
1790262833.2933588,rc_send_suppressed,
1790262833.408626,rc_send_suppressed,
1790262833.5536416,rc_send_suppressed,
1790262833.723041,rc_send_suppressed,
1790262833.8748422,rc_send_suppressed,
1790262834.017669,rc_send_suppressed,
1790262834.1448648,rc_send_suppressed,
1790262834.2528439,rc_send_suppressed,
1790262834.3772826,rc_send_suppressed,
1790262834.492773,rc_send_suppressed,
1790262834.6777086,rc_send_suppressed,
1790262834.8081713,rc_send_suppressed,
1790262834.9318368,rc_send_suppressed,
1790262835.0510993,rc_send_suppressed,
1790262835.174223,rc_send_suppressed,
1790262835.288042,rc_send_suppressed,
1790262835.4026437,llm_explanation,4003.483899999992
1790262835.4141526,rc_send_suppressed,
1790262835.5491657,rc_send_suppressed,
1790262835.7011156,rc_send_suppressed,
1790262835.8146331,rc_send_suppressed,
1790262835.931422,rc_send_suppressed,
1790262836.0711107,rc_send_suppressed,
1790262836.1924503,rc_send_suppressed,
1790262836.3311121,rc_send_suppressed,
1790262836.4491522,rc_send_suppressed,
1790262836.664587,rc_send_suppressed,
1790262836.7980313,rc_send_suppressed,
1790262837.0038893,rc_send_suppressed,
1790262837.1109319,rc_send_suppressed,
1790262837.2421625,rc_send_suppressed,
1790262837.3621294,rc_send_suppressed,
1790262837.478143,rc_send_suppressed,
1790262837.5883067,rc_send_suppressed,
1790262837.7107642,rc_send_suppressed,
1790262837.8566413,rc_send_suppressed,
1790262837.9812732,rc_send_suppressed,
1790262838.1031756,rc_send_suppressed,
1790262838.2385607,rc_send_suppressed,
1790262838.3839028,rc_send_suppressed,
1790262838.5414872,rc_send_suppressed,
1790262838.7022996,rc_send_suppressed,
1790262838.83601,rc_send_suppressed,
1790262838.9603553,rc_send_suppressed,
1790262839.0822203,rc_send_suppressed,
1790262839.0992007,llm_explanation,3752.1277999985614
1790262839.1955633,rc_send_suppressed,
1790262839.3171701,rc_send_suppressed,
1790262839.4295228,rc_send_suppressed,
1790262839.5816348,rc_send_suppressed,
1790262839.8164055,rc_send_suppressed,
1790262839.9404707,rc_send_suppressed,
1790262840.07466,rc_send_suppressed,
1790262840.2324722,rc_send_suppressed,
1790262840.353447,rc_send_suppressed,
1790262840.4819794,rc_send_suppressed,
1790262840.5959017,rc_send_suppressed,
1790262840.7361724,rc_send_suppressed,
1790262840.8485034,rc_send_suppressed,
1790262840.9688706,rc_send_suppressed,
1790262841.0824592,rc_send_suppressed,
1790262841.2336855,rc_send_suppressed,
1790262841.3456967,rc_send_suppressed,
1790262841.4679666,rc_send_suppressed,
1790262841.5843048,rc_send_suppressed,
1790262841.7386672,rc_send_suppressed,
1790262841.846364,rc_send_suppressed,
1790262841.9818323,rc_send_suppressed,
1790262842.0927386,rc_send_suppressed,
1790262842.2334702,rc_send_suppressed,
1790262842.3455718,rc_send_suppressed,
1790262842.5411506,rc_send_suppressed,
1790262842.660511,rc_send_suppressed,
1790262842.7813156,rc_send_suppressed,
1790262842.9098735,rc_send_suppressed,
1790262843.0482795,rc_send_suppressed,
1790262843.153347,llm_explanation,4017.117999999755
1790262843.1613264,rc_send_suppressed,
1790262843.2829998,rc_send_suppressed,
1790262843.3945956,rc_send_suppressed,
1790262843.5134902,rc_send_suppressed,
1790262843.628481,rc_send_suppressed,
1790262843.7465081,rc_send_suppressed,
1790262843.8985827,rc_send_suppressed,
1790262844.026192,rc_send_suppressed,
1790262844.1338432,rc_send_suppressed,
1790262844.265281,rc_send_suppressed,
1790262844.3940833,rc_send_suppressed,
1790262844.51378,rc_send_suppressed,
1790262844.6474187,rc_send_suppressed,
1790262844.7870238,rc_send_suppressed,
1790262844.9080648,rc_send_suppressed,
1790262845.086467,rc_send_suppressed,
1790262845.325146,rc_send_suppressed,
1790262845.4602945,rc_send_suppressed,
1790262845.5739305,rc_send_suppressed,
1790262845.6941764,rc_send_suppressed,
1790262845.8002288,rc_send_suppressed,
1790262845.9187543,rc_send_suppressed,
1790262846.0758202,rc_send_suppressed,
1790262846.2488797,rc_send_suppressed,
1790262846.3831456,rc_send_suppressed,
1790262846.5073411,rc_send_suppressed,
1790262846.6256056,rc_send_suppressed,
1790262846.7572336,rc_send_suppressed,
1790262846.8925529,rc_send_suppressed,
1790262847.0179677,rc_send_suppressed,
1790262847.1213841,rc_send_suppressed,
1790262847.264874,rc_send_suppressed,
1790262847.4015806,rc_send_suppressed,
1790262847.5201921,rc_send_suppressed,
1790262847.6320012,rc_send_suppressed,
1790262847.7351227,rc_send_suppressed,
1790262847.8483064,rc_send_suppressed,
1790262847.992344,rc_send_suppressed,
1790262848.105124,rc_send_suppressed,
1790262848.212302,rc_send_suppressed,
1790262848.312785,rc_send_suppressed,
1790262848.4168139,rc_send_suppressed,
1790262848.5380123,rc_send_suppressed,
1790262848.6384878,rc_send_suppressed,
1790262848.7471292,rc_send_suppressed,
1790262848.852885,rc_send_suppressed,
1790262848.9715126,rc_send_suppressed,
1790262849.0852141,rc_send_suppressed,
1790262849.197061,rc_send_suppressed,
1790262849.3048081,rc_send_suppressed,
1790262849.4110157,rc_send_suppressed,
1790262849.5327487,rc_send_suppressed,
1790262849.647257,rc_send_suppressed,
1790262849.7862031,rc_send_suppressed,
1790262849.9383376,rc_send_suppressed,
1790262850.0836976,rc_send_suppressed,
1790262850.221144,rc_send_suppressed,
1790262850.3597152,rc_send_suppressed,
1790262850.541832,rc_send_suppressed,
1790262850.66533,rc_send_suppressed,
1790262850.770478,llm_explanation,3590.522399998008
1790262850.7804496,rc_send_suppressed,
1790262850.960336,rc_send_suppressed,
1790262851.1042743,rc_send_suppressed,
1790262851.264692,rc_send_suppressed,
1790262851.402678,rc_send_suppressed,
1790262851.5413368,rc_send_suppressed,
1790262851.6788063,rc_send_suppressed,
1790262851.8222632,rc_send_suppressed,
1790262851.9805596,rc_send_suppressed,
1790262852.126096,rc_send_suppressed,
1790262852.2815378,rc_send_suppressed,
1790262852.468529,rc_send_suppressed,
1790262852.6176717,rc_send_suppressed,
1790262852.8350608,rc_send_suppressed,
1790262852.9996428,rc_send_suppressed,
1790262853.0180695,llm_explanation,2291.0989000010886
1790262853.1422932,rc_send_suppressed,
1790262853.2915683,rc_send_suppressed,
1790262853.453253,rc_send_suppressed,
1790262853.618267,rc_send_suppressed,
1790262853.873391,rc_send_suppressed,
1790262854.0014448,rc_send_suppressed,
1790262854.1352856,rc_send_suppressed,
1790262854.2867246,rc_send_suppressed,
1790262854.4554834,rc_send_suppressed,
1790262854.5973873,rc_send_suppressed,
1790262854.705951,rc_send_suppressed,
1790262854.8704174,rc_send_suppressed,
1790262854.9847736,rc_send_suppressed,
1790262855.09885,rc_send_suppressed,
1790262855.2006629,rc_send_suppressed,
1790262855.307587,rc_send_suppressed,
1790262855.4214764,rc_send_suppressed,
1790262855.5232642,rc_send_suppressed,
1790262855.633255,rc_send_suppressed,
1790262855.7636938,rc_send_suppressed,
1790262855.8745804,rc_send_suppressed,
1790262856.0001085,rc_send_suppressed,
1790262856.1132693,rc_send_suppressed,
1790262856.2661138,rc_send_suppressed,
1790262856.4465582,rc_send_suppressed,
1790262856.5983574,rc_send_suppressed,
1790262856.7385592,rc_send_suppressed,
1790262856.8847027,rc_send_suppressed,
1790262857.0165691,llm_explanation,4006.0536000019056
1790262857.026162,rc_send_suppressed,
1790262857.1868846,rc_send_suppressed,
1790262857.3327973,rc_send_suppressed,
1790262857.4917743,rc_send_suppressed,
1790262857.6504,rc_send_suppressed,
1790262857.8251593,rc_send_suppressed,
1790262857.9891489,rc_send_suppressed,
1790262858.1549635,rc_send_suppressed,
1790262858.3115506,rc_send_suppressed,
1790262858.4869223,rc_send_suppressed,
1790262858.643084,rc_send_suppressed,
1790262858.8254797,rc_send_suppressed,
1790262859.05983,rc_send_suppressed,
1790262859.2303927,rc_send_suppressed,
1790262859.3701074,rc_send_suppressed,
1790262859.5183125,rc_send_suppressed,
1790262859.7346475,rc_send_suppressed,
1790262859.8971512,rc_send_suppressed,
1790262860.0303428,rc_send_suppressed,
1790262860.1678374,rc_send_suppressed,
1790262860.3115664,rc_send_suppressed,
1790262860.5148196,rc_send_suppressed,
1790262860.6548643,rc_send_suppressed,
1790262860.8381264,rc_send_suppressed,
1790262861.0107596,rc_send_suppressed,
1790262861.178981,rc_send_suppressed,
1790262861.3306096,rc_send_suppressed,
1790262861.489341,rc_send_suppressed,
1790262861.652183,rc_send_suppressed,
1790262861.8216484,rc_send_suppressed,
1790262861.990613,rc_send_suppressed,
1790262862.1598403,rc_send_suppressed,
1790262862.3072932,rc_send_suppressed,
1790262862.4402099,rc_send_suppressed,
1790262862.571598,rc_send_suppressed,
1790262862.787483,rc_send_suppressed,
1790262862.9359713,rc_send_suppressed,
1790262863.1607535,rc_send_suppressed,
1790262863.3128014,rc_send_suppressed,
1790262863.4854503,rc_send_suppressed,
1790262863.6434953,rc_send_suppressed,
1790262863.8184812,rc_send_suppressed,
1790262863.9857159,rc_send_suppressed,
1790262864.1547477,rc_send_suppressed,
1790262864.3142872,rc_send_suppressed,
1790262864.4925401,rc_send_suppressed,
1790262864.6448145,rc_send_suppressed,
1790262864.8170378,rc_send_suppressed,
1790262864.9855242,rc_send_suppressed,
1790262865.1283433,rc_send_suppressed,
1790262865.2657762,rc_send_suppressed,
1790262865.4042764,rc_send_suppressed,
1790262865.5401752,rc_send_suppressed,
1790262865.694778,rc_send_suppressed,
1790262865.844854,rc_send_suppressed,
1790262866.0484393,rc_send_suppressed,
1790262866.1937141,rc_send_suppressed,
1790262866.3546708,rc_send_suppressed,
1790262866.591402,rc_send_suppressed,
1790262866.737104,rc_send_suppressed,
1790262866.900287,rc_send_suppressed,
1790262867.069742,rc_send_suppressed,
1790262867.2321067,rc_send_suppressed,
1790262867.3939033,rc_send_suppressed,
1790262867.5389726,rc_send_suppressed,
1790262867.7044797,rc_send_suppressed,
1790262867.8641872,rc_send_suppressed,
1790262868.0444562,rc_send_suppressed,
1790262868.1734662,rc_send_suppressed,
1790262868.3118684,rc_send_suppressed,
1790262868.4443424,rc_send_suppressed,
1790262868.5958648,rc_send_suppressed,
1790262868.6119123,llm_explanation,3573.571000000811
1790262868.7465782,rc_send_suppressed,
1790262869.0221045,rc_send_suppressed,
1790262869.1629508,rc_send_suppressed,
1790262869.2831619,rc_send_suppressed,
1790262869.4383004,rc_send_suppressed,
1790262869.551162,rc_send_suppressed,
1790262869.66795,rc_send_suppressed,
1790262869.7867577,rc_send_suppressed,
1790262869.887077,rc_send_suppressed,
1790262869.988101,rc_send_suppressed,
1790262870.1047456,rc_send_suppressed,
1790262870.2068465,rc_send_suppressed,
1790262870.3216803,rc_send_suppressed,
1790262870.5220187,rc_send_suppressed,
1790262870.8023863,rc_send_suppressed,
1790262871.0406227,rc_send_suppressed,
1790262871.2333004,rc_send_suppressed,
1790262871.3640733,rc_send_suppressed,
1790262871.5245748,rc_send_suppressed,
1790262871.6875565,rc_send_suppressed,
1790262871.8587255,rc_send_suppressed,
1790262872.0343776,rc_send_suppressed,
1790262872.1854794,rc_send_suppressed,
1790262872.35798,rc_send_suppressed,
1790262872.5382347,rc_send_suppressed,
1790262872.7218451,llm_explanation,4017.5481000005675
1790262872.7363217,rc_send_suppressed,
1790262872.9202185,rc_send_suppressed,
1790262873.0830734,rc_send_suppressed,
1790262873.2199204,rc_send_suppressed,
1790262873.3516665,rc_send_suppressed,
1790262873.5150573,rc_send_suppressed,
1790262873.6492405,rc_send_suppressed,
1790262873.7875617,rc_send_suppressed,
1790262873.914318,rc_send_suppressed,
1790262874.0728395,rc_send_suppressed,
1790262874.2113695,rc_send_suppressed,
1790262874.3796446,rc_send_suppressed,
1790262874.627993,rc_send_suppressed,
1790262874.768757,rc_send_suppressed,
1790262874.9069223,rc_send_suppressed,
1790262875.0595567,rc_send_suppressed,
1790262875.1951776,rc_send_suppressed,
1790262875.3376553,rc_send_suppressed,
1790262875.4698672,rc_send_suppressed,
1790262875.610057,rc_send_suppressed,
1790262875.7472136,rc_send_suppressed,
1790262875.897352,rc_send_suppressed,
1790262876.0736883,rc_send_suppressed,
1790262876.2234824,rc_send_suppressed,
1790262876.3881311,rc_send_suppressed,
1790262876.5609672,rc_send_suppressed,
1790262876.692587,rc_send_suppressed,
1790262876.79672,rc_send_suppressed,
1790262876.9039326,rc_send_suppressed,
1790262877.0229466,rc_send_suppressed,
1790262877.1338577,rc_send_suppressed,
1790262877.235094,rc_send_suppressed,
1790262877.3482265,rc_send_suppressed,
1790262877.5119839,rc_send_suppressed,
1790262877.6282167,rc_send_suppressed,
1790262877.73801,rc_send_suppressed,
1790262877.8492012,rc_send_suppressed,
1790262877.972379,rc_send_suppressed,
1790262878.0874896,rc_send_suppressed,
1790262878.1921136,rc_send_suppressed,
1790262878.2934802,rc_send_suppressed,
1790262878.4041913,rc_send_suppressed,
1790262878.523788,rc_send_suppressed,
1790262878.6326702,rc_send_suppressed,
1790262878.7387905,rc_send_suppressed,
1790262878.8532193,rc_send_suppressed,
1790262878.9737277,rc_send_suppressed,
1790262879.0889893,rc_send_suppressed,
1790262879.2708764,rc_send_suppressed,
1790262879.3784173,rc_send_suppressed,
1790262879.4840755,rc_send_suppressed,
1790262879.6026046,rc_send_suppressed,
1790262879.7044826,rc_send_suppressed,
1790262879.872272,rc_send_suppressed,
1790262879.9779918,rc_send_suppressed,
1790262880.1052253,rc_send_suppressed,
1790262880.2345362,rc_send_suppressed,
1790262880.3672314,rc_send_suppressed,
1790262880.4884164,rc_send_suppressed,
1790262880.6030715,rc_send_suppressed,
1790262880.7267606,rc_send_suppressed,
1790262880.8777473,rc_send_suppressed,
1790262881.0522695,rc_send_suppressed,
1790262881.1899118,rc_send_suppressed,
1790262881.3331351,rc_send_suppressed,
1790262881.4662902,rc_send_suppressed,
1790262881.6005442,rc_send_suppressed,
1790262881.7337255,rc_send_suppressed,
1790262881.899095,rc_send_suppressed,
1790262882.0592606,rc_send_suppressed,
1790262882.253811,rc_send_suppressed,
1790262882.4067323,rc_send_suppressed,
1790262882.5655684,rc_send_suppressed,
1790262882.735327,rc_send_suppressed,
1790262882.948387,rc_send_suppressed,
1790262883.0965824,llm_explanation,2361.794300002657
1790262883.1075554,rc_send_suppressed,
1790262883.2670605,rc_send_suppressed,
1790262883.4231558,rc_send_suppressed,
1790262883.5938735,rc_send_suppressed,
1790262883.7506409,rc_send_suppressed,
1790262883.9207606,rc_send_suppressed,
1790262884.085941,rc_send_suppressed,
1790262884.2545989,rc_send_suppressed,
1790262884.4193678,rc_send_suppressed,
1790262884.5844822,rc_send_suppressed,
1790262884.7483988,rc_send_suppressed,
1790262884.9231226,rc_send_suppressed,
1790262885.085558,rc_send_suppressed,
1790262885.2529087,rc_send_suppressed,
1790262885.4140785,rc_send_suppressed,
1790262885.5875635,rc_send_suppressed,
1790262885.7531836,rc_send_suppressed,
1790262885.9357626,rc_send_suppressed,
1790262886.0973785,rc_send_suppressed,
1790262886.2530348,rc_send_suppressed,
1790262886.4909384,rc_send_suppressed,
1790262886.6316361,rc_send_suppressed,
1790262886.7644653,rc_send_suppressed,
1790262886.9288826,rc_send_suppressed,
1790262887.0968485,llm_explanation,4017.7556999988155
1790262887.1058269,rc_send_suppressed,
1790262887.274689,rc_send_suppressed,
1790262887.411536,rc_send_suppressed,
1790262887.5888934,rc_send_suppressed,
1790262887.7430182,rc_send_suppressed,
1790262887.921868,rc_send_suppressed,
1790262888.0847933,rc_send_suppressed,
1790262888.249204,rc_send_suppressed,
1790262888.4130247,rc_send_suppressed,
1790262888.5831392,rc_send_suppressed,
1790262888.7448246,rc_send_suppressed,
1790262888.9162765,rc_send_suppressed,
1790262889.1187963,rc_send_suppressed,
1790262889.2949095,rc_send_suppressed,
1790262889.4549277,rc_send_suppressed,
1790262889.6121957,rc_send_suppressed,
1790262889.764418,rc_send_suppressed,
1790262890.0258765,rc_send_suppressed,
1790262890.158838,rc_send_suppressed,
1790262890.3024335,rc_send_suppressed,
1790262890.4376476,rc_send_suppressed,
1790262890.5909626,rc_send_suppressed,
1790262890.7244139,rc_send_suppressed,
1790262890.8637714,rc_send_suppressed,
1790262890.9985733,rc_send_suppressed,
1790262891.1667714,rc_send_suppressed,
1790262891.3229508,rc_send_suppressed,
1790262891.4626691,rc_send_suppressed,
1790262891.6184998,rc_send_suppressed,
1790262891.8232791,rc_send_suppressed,
1790262892.103755,rc_send_suppressed,
1790262892.3254712,rc_send_suppressed,
1790262892.460585,rc_send_suppressed,
1790262892.7127838,rc_send_suppressed,
1790262892.9226859,rc_send_suppressed,
1790262893.1487124,rc_send_suppressed,
1790262893.3965375,rc_send_suppressed,
1790262893.6181717,rc_send_suppressed,
1790262893.8542137,rc_send_suppressed,
1790262894.0659842,rc_send_suppressed,
1790262894.2509968,rc_send_suppressed,
1790262894.4224286,rc_send_suppressed,
1790262894.5739455,rc_send_suppressed,
1790262894.7163577,rc_send_suppressed,
1790262894.8546317,rc_send_suppressed,
1790262894.9977226,rc_send_suppressed,
1790262895.161156,rc_send_suppressed,
1790262895.3263683,rc_send_suppressed,
1790262895.4630797,rc_send_suppressed,
1790262895.6305165,rc_send_suppressed,
1790262895.7858827,rc_send_suppressed,
1790262895.9689903,rc_send_suppressed,
1790262896.1261756,rc_send_suppressed,
1790262896.2890694,rc_send_suppressed,
1790262896.4479127,rc_send_suppressed,
1790262896.6193056,rc_send_suppressed,
1790262896.7819772,rc_send_suppressed,
1790262896.9589095,rc_send_suppressed,
1790262897.1162522,rc_send_suppressed,
1790262897.2861729,rc_send_suppressed,
1790262897.5302103,rc_send_suppressed,
1790262897.6674244,rc_send_suppressed,
1790262897.7936532,rc_send_suppressed,
1790262897.9583163,rc_send_suppressed,
1790262898.1185439,rc_send_suppressed,
1790262898.2847762,rc_send_suppressed,
1790262898.4465783,rc_send_suppressed,
1790262898.625574,rc_send_suppressed,
1790262898.77895,rc_send_suppressed,
1790262898.9485543,rc_send_suppressed,
1790262899.1225643,rc_send_suppressed,
1790262899.2818995,rc_send_suppressed,
1790262899.433006,rc_send_suppressed,
1790262899.5646377,rc_send_suppressed,
1790262899.7240214,rc_send_suppressed,
1790262899.865023,rc_send_suppressed,
1790262899.995929,rc_send_suppressed,
1790262900.1495101,rc_send_suppressed,
1790262900.2780073,rc_send_suppressed,
1790262900.3938906,rc_send_suppressed,
1790262900.5017266,rc_send_suppressed,
1790262900.6685622,rc_send_suppressed,
1790262900.7736158,rc_send_suppressed,
1790262900.8928883,rc_send_suppressed,
1790262900.997404,rc_send_suppressed,
1790262901.1382048,rc_send_suppressed,
1790262901.2518167,rc_send_suppressed,
1790262901.3634284,rc_send_suppressed,
1790262901.4664204,rc_send_suppressed,
1790262901.5712516,rc_send_suppressed,
1790262901.6727786,rc_send_suppressed,
1790262901.7828972,rc_send_suppressed,
1790262901.8967068,rc_send_suppressed,
1790262902.0016024,rc_send_suppressed,
1790262902.107518,rc_send_suppressed,
1790262902.2209468,rc_send_suppressed,
1790262902.323549,rc_send_suppressed,
1790262902.4541578,rc_send_suppressed,
1790262902.5674562,rc_send_suppressed,
1790262902.6703186,rc_send_suppressed,
1790262902.7796936,rc_send_suppressed,
1790262902.8831544,rc_send_suppressed,
1790262903.0350633,rc_send_suppressed,
1790262903.1467404,rc_send_suppressed,
1790262903.318341,rc_send_suppressed,
1790262903.4473362,rc_send_suppressed,
1790262903.5612664,rc_send_suppressed,
1790262903.662598,rc_send_suppressed,
1790262903.7808547,rc_send_suppressed,
1790262903.8825648,rc_send_suppressed,
1790262903.9857526,rc_send_suppressed,
1790262904.1157393,rc_send_suppressed,
1790262904.2214031,rc_send_suppressed,
1790262904.3449295,rc_send_suppressed,
1790262904.5436816,rc_send_suppressed,
1790262904.7327454,rc_send_suppressed,
1790262904.8339293,rc_send_suppressed,
1790262904.9339826,rc_send_suppressed,
1790262905.037463,rc_send_suppressed,
1790262905.1792803,rc_send_suppressed,
1790262905.3184438,rc_send_suppressed,
1790262905.4297373,rc_send_suppressed,
1790262905.529799,rc_send_suppressed,
1790262905.6562,rc_send_suppressed,
1790262905.7576509,rc_send_suppressed,
1790262905.8584092,rc_send_suppressed,
1790262905.909525,llm_explanation,2794.1747999975632
1790262905.99482,rc_send_suppressed,
1790262906.0979977,rc_send_suppressed,
1790262906.198196,rc_send_suppressed,
1790262906.3251092,rc_send_suppressed,
1790262906.4282546,rc_send_suppressed,
1790262906.528288,rc_send_suppressed,
1790262906.660128,rc_send_suppressed,
1790262906.764256,rc_send_suppressed,
1790262906.8661034,rc_send_suppressed,
1790262906.9933844,rc_send_suppressed,
1790262907.0963042,rc_send_suppressed,
1790262907.1971607,rc_send_suppressed,
1790262907.32242,rc_send_suppressed,
1790262907.4300234,rc_send_suppressed,
1790262907.4866803,llm_explanation,1620.4935000023397
1790262907.532829,rc_send_suppressed,
1790262907.6574848,rc_send_suppressed,
1790262907.7605245,rc_send_suppressed,
1790262907.9005227,rc_send_suppressed,
1790262908.0055864,rc_send_suppressed,
1790262908.1082265,rc_send_suppressed,
1790262908.2109127,rc_send_suppressed,
1790262908.3219626,rc_send_suppressed,
1790262908.4230804,rc_send_suppressed,
1790262908.5579867,rc_send_suppressed,
1790262908.6721284,rc_send_suppressed,
1790262908.754422,llm_explanation,1253.664600000775
1790262908.77223,rc_send_suppressed,
1790262908.8830085,rc_send_suppressed,
1790262909.0085793,rc_send_suppressed,
1790262909.1112702,rc_send_suppressed,
1790262909.2114873,rc_send_suppressed,
1790262909.3537924,rc_send_suppressed,
1790262909.4620833,rc_send_suppressed,
1790262909.5620947,rc_send_suppressed,
1790262909.6870832,rc_send_suppressed,
1790262909.7984345,rc_send_suppressed,
1790262909.9009514,rc_send_suppressed,
1790262910.0407374,rc_send_suppressed,
1790262913.264468,llm_explanation,2046.971100000519
1790262914.8164864,llm_explanation,4026.9962000020314
1790262923.237237,rc_send_suppressed,
1790262923.2592118,llm_explanation,1529.5186999974248
1790262923.3747618,rc_send_suppressed,
1790262923.5089455,rc_send_suppressed,
1790262923.6276288,rc_send_suppressed,
1790262923.7869842,rc_send_suppressed,
1790262923.934864,rc_send_suppressed,
1790262924.0483103,rc_send_suppressed,
1790262924.1961896,rc_send_suppressed,
1790262924.2962432,rc_send_suppressed,
1790262924.5176084,rc_send_suppressed,
1790262924.6416438,rc_send_suppressed,
1790262924.7500415,rc_send_suppressed,
1790262924.8858893,rc_send_suppressed,
1790262925.0072386,rc_send_suppressed,
1790262925.1148276,rc_send_suppressed,
1790262925.2293077,rc_send_suppressed,
1790262925.3363967,rc_send_suppressed,
1790262925.4411085,rc_send_suppressed,
1790262925.5965297,rc_send_suppressed,
1790262925.7298841,rc_send_suppressed,
1790262925.8299348,rc_send_suppressed,
1790262926.0134265,rc_send_suppressed,
1790262926.1139677,rc_send_suppressed,
1790262926.2611694,rc_send_suppressed,
1790262926.38668,rc_send_suppressed,
1790262926.4973588,rc_send_suppressed,
1790262926.6486564,rc_send_suppressed,
1790262926.8146489,llm_explanation,3492.216999999073
1790262926.8206615,rc_send_suppressed,
1790262927.0250285,rc_send_suppressed,
1790262927.245458,rc_send_suppressed,
1790262927.4094043,rc_send_suppressed,
1790262927.5961952,rc_send_suppressed,
1790262927.8192945,rc_send_suppressed,
1790262927.9427557,rc_send_suppressed,
1790262928.0937786,rc_send_suppressed,
1790262928.259593,rc_send_suppressed,
1790262928.4320455,rc_send_suppressed,
1790262928.5794623,rc_send_suppressed,
1790262928.7465582,llm_explanation,1919.07910000009
1790262928.7535393,rc_send_suppressed,
1790262928.9051332,rc_send_suppressed,
1790262929.0852244,rc_send_suppressed,
1790262929.2418866,rc_send_suppressed,
1790262929.4110336,rc_send_suppressed,
1790262929.583225,rc_send_suppressed,
1790262929.7702284,rc_send_suppressed,
1790262929.9096892,rc_send_suppressed,
1790262930.1062171,rc_send_suppressed,
1790262930.3457353,rc_send_suppressed,
1790262930.5813801,rc_send_suppressed,
1790262930.8561153,rc_send_suppressed,
1790262931.0931273,rc_send_suppressed,
1790262931.2413356,rc_send_suppressed,
1790262931.4161863,rc_send_suppressed,
1790262931.592959,rc_send_suppressed,
1790262931.7601948,rc_send_suppressed,
1790262931.9155357,rc_send_suppressed,
1790262932.0901668,rc_send_suppressed,
1790262932.2352126,rc_send_suppressed,
1790262932.3692095,rc_send_suppressed,
1790262932.4981022,rc_send_suppressed,
1790262932.644175,rc_send_suppressed,
1790262932.7843163,llm_explanation,4009.854699997959
1790262932.7915764,rc_send_suppressed,
1790262932.934102,rc_send_suppressed,
1790262933.0818706,rc_send_suppressed,
1790262933.242912,rc_send_suppressed,
1790262933.3772824,rc_send_suppressed,
1790262933.515119,rc_send_suppressed,
1790262933.6471639,rc_send_suppressed,
1790262933.7639153,rc_send_suppressed,
1790262933.8664536,rc_send_suppressed,
1790262933.9670558,rc_send_suppressed,
1790262934.1237795,rc_send_suppressed,
1790262934.2462497,rc_send_suppressed,
1790262934.376269,rc_send_suppressed,
1790262934.5229194,rc_send_suppressed,
1790262934.649743,rc_send_suppressed,
1790262934.7917953,rc_send_suppressed,
1790262934.9588752,rc_send_suppressed,
1790262935.1325798,rc_send_suppressed,
1790262935.2804515,rc_send_suppressed,
1790262935.4435031,rc_send_suppressed,
1790262935.6096356,rc_send_suppressed,
1790262935.7853727,rc_send_suppressed,
1790262935.9445374,rc_send_suppressed,
1790262936.1451387,rc_send_suppressed,
1790262936.265818,llm_explanation,3572.404300000926
1790262936.2737403,rc_send_suppressed,
1790262936.4507375,rc_send_suppressed,
1790262936.6112146,rc_send_suppressed,
1790262936.8015275,rc_send_suppressed,
1790262936.9456618,rc_send_suppressed,
1790262937.1119413,rc_send_suppressed,
1790262937.271323,rc_send_suppressed,
1790262937.4436388,rc_send_suppressed,
1790262937.6066473,rc_send_suppressed,
1790262937.7862053,rc_send_suppressed,
1790262937.9420965,rc_send_suppressed,
1790262938.1142273,rc_send_suppressed,
1790262938.286971,rc_send_suppressed,
1790262938.4487329,rc_send_suppressed,
1790262938.5810452,rc_send_suppressed,
1790262938.6935306,rc_send_suppressed,
1790262938.8110852,rc_send_suppressed,
1790262938.9525843,rc_send_suppressed,
1790262939.100663,rc_send_suppressed,
1790262939.2018697,rc_send_suppressed,
1790262939.267865,llm_explanation,2986.5387999998347
1790262939.3038654,rc_send_suppressed,
1790262939.4194095,rc_send_suppressed,
1790262939.520641,rc_send_suppressed,
1790262939.6281831,rc_send_suppressed,
1790262939.7396178,rc_send_suppressed,
1790262939.8438802,rc_send_suppressed,
1790262939.9515793,rc_send_suppressed,
1790262940.0646207,rc_send_suppressed,
1790262940.1672003,rc_send_suppressed,
1790262940.2813392,rc_send_suppressed,
1790262940.463922,rc_send_suppressed,
1790262940.5945413,rc_send_suppressed,
1790262940.7001808,rc_send_suppressed,
1790262940.8041732,rc_send_suppressed,
1790262940.926186,rc_send_suppressed,
1790262941.0302587,rc_send_suppressed,
1790262941.0418444,llm_explanation,1786.387600001035
1790262941.1382008,rc_send_suppressed,
1790262941.2595727,rc_send_suppressed,
1790262941.3681889,rc_send_suppressed,
1790262941.4796076,rc_send_suppressed,
1790262941.6111195,rc_send_suppressed,
1790262941.7614703,rc_send_suppressed,
1790262941.8796115,rc_send_suppressed,
1790262942.0024216,rc_send_suppressed,
1790262942.1401827,rc_send_suppressed,
1790262942.2868915,llm_explanation,1228.2716000008804
1790262942.291878,rc_send_suppressed,
1790262942.412315,rc_send_suppressed,
1790262942.5273652,rc_send_suppressed,
1790262942.6424668,rc_send_suppressed,
1790262942.7915933,rc_send_suppressed,
1790262942.9145844,rc_send_suppressed,
1790262943.0473268,rc_send_suppressed,
1790262943.1772444,rc_send_suppressed,
1790262943.3060842,rc_send_suppressed,
1790262943.558777,rc_send_suppressed,
1790262943.6866329,rc_send_suppressed,
1790262943.8345668,rc_send_suppressed,
1790262943.981001,rc_send_suppressed,
1790262944.1468818,rc_send_suppressed,
1790262944.3118844,rc_send_suppressed,
1790262944.477385,rc_send_suppressed,
1790262944.639481,rc_send_suppressed,
1790262944.7844381,rc_send_suppressed,
1790262944.929495,rc_send_suppressed,
1790262945.082717,rc_send_suppressed,
1790262945.212041,rc_send_suppressed,
1790262945.3517532,rc_send_suppressed,
1790262945.478255,rc_send_suppressed,
1790262945.6463795,rc_send_suppressed,
1790262945.8186038,rc_send_suppressed,
1790262946.0311284,rc_send_suppressed,
1790262946.255295,rc_send_suppressed,
1790262946.449477,rc_send_suppressed,
1790262946.6259208,rc_send_suppressed,
1790262946.8184943,rc_send_suppressed,
1790262947.0727506,rc_send_suppressed,
1790262947.3174071,rc_send_suppressed,
1790262947.4774754,rc_send_suppressed,
1790262947.5787406,rc_send_suppressed,
1790262947.6795785,rc_send_suppressed,
1790262947.792884,rc_send_suppressed,
1790262947.895953,rc_send_suppressed,
1790262948.0525157,rc_send_suppressed,
1790262948.171712,rc_send_suppressed,
1790262948.279383,rc_send_suppressed,
1790262948.3996196,rc_send_suppressed,
1790262948.5482075,rc_send_suppressed,
1790262948.6629834,rc_send_suppressed,
1790262948.8067176,rc_send_suppressed,
1790262948.9068222,rc_send_suppressed,
1790262949.0546522,rc_send_suppressed,
1790262949.170666,rc_send_suppressed,
1790262949.2888384,rc_send_suppressed,
1790262949.4409273,rc_send_suppressed,
1790262949.65158,rc_send_suppressed,
1790262949.888851,rc_send_suppressed,
1790262950.023914,rc_send_suppressed,
1790262950.1536028,rc_send_suppressed,
1790262950.292402,rc_send_suppressed,
1790262950.4804096,rc_send_suppressed,
1790262950.6194875,rc_send_suppressed,
1790262950.7197475,rc_send_suppressed,
1790262950.8623424,rc_send_suppressed,
1790262950.995046,rc_send_suppressed,
1790262951.1097577,rc_send_suppressed,
1790262951.2169209,rc_send_suppressed,
1790262951.3269756,rc_send_suppressed,
1790262951.5308752,llm_explanation,4005.2548999992723
1790262951.5378563,rc_send_suppressed,
1790262951.6822636,rc_send_suppressed,
1790262951.8202496,rc_send_suppressed,
1790262951.9214766,rc_send_suppressed,
1790262952.0354636,rc_send_suppressed,
1790262952.1392448,rc_send_suppressed,
1790262952.2402146,rc_send_suppressed,
1790262952.342435,rc_send_suppressed,
1790262952.442763,rc_send_suppressed,
1790262952.544117,rc_send_suppressed,
1790262952.658437,rc_send_suppressed,
1790262952.7641404,rc_send_suppressed,
1790262952.866736,rc_send_suppressed,
1790262952.9838562,rc_send_suppressed,
1790262953.088874,rc_send_suppressed,
1790262953.201574,rc_send_suppressed,
1790262953.3035667,rc_send_suppressed,
1790262953.4184558,rc_send_suppressed,
1790262953.587553,rc_send_suppressed,
1790262953.708323,rc_send_suppressed,
1790262953.8964703,rc_send_suppressed,
1790262954.0020356,rc_send_suppressed,
1790262954.1139455,rc_send_suppressed,
1790262954.2201881,rc_send_suppressed,
1790262954.3257682,rc_send_suppressed,
1790262954.4272308,rc_send_suppressed,
1790262954.5277815,rc_send_suppressed,
1790262954.6292021,rc_send_suppressed,
1790262954.7310195,rc_send_suppressed,
1790262954.8802552,rc_send_suppressed,
1790262954.983878,rc_send_suppressed,
1790262955.1149943,rc_send_suppressed,
1790262955.217706,rc_send_suppressed,
1790262955.379746,rc_send_suppressed,
1790262955.4839244,rc_send_suppressed,
1790262955.6296525,rc_send_suppressed,
1790262955.7309225,rc_send_suppressed,
1790262955.8700936,rc_send_suppressed,
1790262955.9718757,rc_send_suppressed,
1790262956.0785894,rc_send_suppressed,
1790262956.2448025,rc_send_suppressed,
1790262956.4044187,rc_send_suppressed,
1790262956.5106363,rc_send_suppressed,
1790262956.6697261,rc_send_suppressed,
1790262956.7979777,rc_send_suppressed,
1790262956.900441,rc_send_suppressed,
1790262957.0396862,rc_send_suppressed,
1790262957.1907537,rc_send_suppressed,
1790262957.2967157,rc_send_suppressed,
1790262957.3991973,rc_send_suppressed,
1790262957.4996357,rc_send_suppressed,
1790262957.6028118,rc_send_suppressed,
1790262957.7040899,rc_send_suppressed,
1790262957.8207738,rc_send_suppressed,
1790262957.9852438,rc_send_suppressed,
1790262958.1261072,rc_send_suppressed,
1790262958.2470078,rc_send_suppressed,
1790262958.3179774,llm_explanation,2942.640900000697
1790262958.4149756,rc_send_suppressed,
1790262958.5316591,rc_send_suppressed,
1790262958.632768,rc_send_suppressed,
1790262958.7347054,rc_send_suppressed,
1790262958.863415,rc_send_suppressed,
1790262958.9657185,rc_send_suppressed,
1790262959.0870752,rc_send_suppressed,
1790262959.2062564,rc_send_suppressed,
1790262959.3290136,rc_send_suppressed,
1790262959.4405801,rc_send_suppressed,
1790262964.6588378,video_reopen,
