t,bat,h,yaw
1770826961.9537544,9.0,0.0,-5.0
1770826962.0305486,9.0,0.0,-5.0
1770826962.0425136,9.0,0.0,-5.0
1770826962.0932193,9.0,0.0,-5.0
1770826962.1040797,9.0,0.0,-5.0
1770826962.1519527,9.0,0.0,-5.0
1770826962.1639245,9.0,0.0,-5.0
1770826962.2287464,9.0,0.0,-5.0
1770826962.238264,9.0,0.0,-5.0
1770826962.29963,9.0,0.0,-5.0
1770826962.3114796,9.0,0.0,-5.0
1770826962.3484106,9.0,0.0,-5.0
1770826962.364367,9.0,0.0,-5.0
1770826962.392262,9.0,0.0,-5.0
1770826962.4022372,9.0,0.0,-5.0
1770826962.4301937,9.0,0.0,-5.0
1770826962.4411662,9.0,0.0,-5.0
1770826962.4720714,9.0,0.0,-5.0
1770826962.4800303,9.0,0.0,-5.0
1770826962.519253,9.0,0.0,-5.0
1770826962.5283208,9.0,0.0,-5.0
1770826962.5663314,9.0,0.0,-5.0
1770826962.5812914,9.0,0.0,-5.0
1770826962.6117227,9.0,0.0,-5.0
1770826962.6216955,9.0,0.0,-5.0
1770826962.658565,9.0,0.0,-5.0
1770826962.6736786,9.0,0.0,-5.0
1770826962.7046278,9.0,0.0,-5.0
1770826962.7118812,9.0,0.0,-5.0
1770826962.7367814,9.0,0.0,-5.0
1770826962.7427995,9.0,0.0,-5.0
1770826962.7696939,9.0,0.0,-6.0
1770826962.782692,9.0,0.0,-6.0
1770826962.8136106,9.0,0.0,-6.0
1770826962.8208323,9.0,0.0,-6.0
1770826962.8501847,9.0,0.0,-6.0
1770826962.8576453,9.0,0.0,-6.0
1770826962.8836083,8.0,0.0,-6.0
1770826962.8905563,8.0,0.0,-6.0
1770826962.9254634,8.0,0.0,-6.0
1770826962.9330885,8.0,0.0,-6.0
1770826962.9854507,8.0,0.0,-8.0
1770826962.9922738,8.0,0.0,-8.0
1770826963.0457845,8.0,0.0,-8.0
1770826963.0527666,8.0,0.0,-8.0
1770826963.1009917,8.0,0.0,-11.0
1770826963.1089013,8.0,0.0,-11.0
1770826963.1709042,8.0,0.0,-11.0
1770826963.1868732,8.0,0.0,-13.0
1770826963.2491863,8.0,0.0,-13.0
1770826963.2651439,8.0,0.0,-13.0
1770826963.3111894,8.0,0.0,-14.0
1770826963.3267698,8.0,0.0,-14.0
1770826963.3731496,8.0,0.0,-14.0
1770826963.3886507,8.0,0.0,-17.0
1770826963.4203253,8.0,0.0,-17.0
1770826963.4262528,8.0,0.0,-17.0
1770826963.4665651,8.0,0.0,-17.0
1770826963.4815576,8.0,0.0,-22.0
1770826963.5146053,8.0,0.0,-22.0
1770826963.5272646,8.0,0.0,-22.0
1770826963.5590591,8.0,0.0,-22.0
1770826963.5746164,8.0,0.0,-22.0
1770826963.620606,8.0,0.0,-29.0
1770826963.6361437,8.0,0.0,-29.0
1770826963.682739,8.0,0.0,-35.0
1770826963.688698,8.0,0.0,-35.0
1770826963.7285914,8.0,0.0,-35.0
1770826963.7445486,8.0,0.0,-35.0
1770826963.7757993,8.0,0.0,-35.0
1770826963.7847774,8.0,0.0,-40.0
1770826963.836867,8.0,0.0,-40.0
1770826963.8521662,8.0,0.0,-40.0
1770826963.898617,8.0,0.0,-45.0
1770826963.9115834,8.0,0.0,-45.0
1770826963.9417646,8.0,0.0,-45.0
1770826963.9487998,8.0,0.0,-45.0
1770826963.9896905,8.0,0.0,-50.0
1770826964.0047529,8.0,0.0,-50.0
1770826964.0353937,8.0,0.0,-50.0
1770826964.0433223,8.0,0.0,-50.0
1770826964.0815508,8.0,0.0,-50.0
1770826964.0895343,8.0,0.0,-51.0
1770826964.1290941,8.0,0.0,-51.0
1770826964.1448362,8.0,0.0,-51.0
1770826964.1751878,8.0,0.0,-51.0
1770826964.1814268,8.0,0.0,-51.0
1770826964.221907,8.0,0.0,-52.0
1770826964.2298484,8.0,0.0,-52.0
1770826964.283957,8.0,0.0,-52.0
1770826964.2919304,8.0,0.0,-52.0
1770826964.3426957,8.0,0.0,-52.0
1770826964.3517854,8.0,0.0,-53.0
1770826964.406121,8.0,0.0,-53.0
1770826964.4230425,8.0,0.0,-53.0
1770826964.462081,8.0,0.0,-52.0
1770826964.469059,8.0,0.0,-52.0
1770826964.5056665,8.0,0.0,-52.0
1770826964.512134,8.0,0.0,-52.0
1770826964.5474682,8.0,0.0,-52.0
1770826964.5544586,8.0,0.0,-51.0
1770826964.5889359,8.0,0.0,-51.0
1770826964.5969152,8.0,0.0,-51.0
1770826964.6317208,8.0,0.0,-51.0
1770826964.6387007,8.0,0.0,-51.0
1770826964.6743608,8.0,0.0,-48.0
1770826964.6824791,8.0,0.0,-48.0
1770826964.7324193,8.0,0.0,-48.0
1770826964.739562,8.0,0.0,-48.0
1770826964.7904449,8.0,0.0,-46.0
1770826964.798429,8.0,0.0,-46.0
1770826964.8493283,8.0,0.0,-46.0
1770826964.8563068,8.0,0.0,-45.0
1770826964.8910081,8.0,0.0,-45.0
1770826964.898978,8.0,0.0,-45.0
1770826964.9332685,8.0,0.0,-45.0
1770826964.940835,8.0,0.0,-45.0
1770826964.9792943,8.0,0.0,-45.0
1770826964.9904873,8.0,0.0,-45.0
1770826965.0362349,8.0,0.0,-45.0
1770826965.0442452,8.0,0.0,-45.0
1770826965.0801165,8.0,0.0,-46.0
1770826965.0891232,8.0,0.0,-46.0
1770826965.1249247,8.0,0.0,-46.0
1770826965.134206,8.0,0.0,-46.0
1770826965.1700234,8.0,0.0,-46.0
1770826965.1798928,8.0,0.0,-46.0
1770826965.2164748,8.0,0.0,-46.0
1770826965.2264802,8.0,0.0,-46.0
1770826965.2799087,8.0,0.0,-45.0
1770826965.2889159,8.0,0.0,-45.0
1770826965.3469098,8.0,0.0,-45.0
1770826965.3628683,8.0,0.0,-45.0
1770826965.3968785,8.0,0.0,-43.0
1770826965.4058926,8.0,0.0,-43.0
1770826965.4417846,8.0,0.0,-43.0
1770826965.4504652,8.0,0.0,-43.0
1770826965.4863746,8.0,0.0,-42.0
1770826965.4954848,8.0,0.0,-42.0
1770826965.5306408,8.0,0.0,-42.0
1770826965.5406158,8.0,0.0,-42.0
1770826965.5745032,8.0,0.0,-41.0
1770826965.584509,8.0,0.0,-41.0
1770826965.6244142,8.0,0.0,-41.0
1770826965.632393,8.0,0.0,-41.0
1770826965.6680896,8.0,0.0,-41.0
1770826965.6760163,8.0,0.0,-41.0
1770826965.712946,8.0,0.0,-41.0
1770826965.720925,8.0,0.0,-41.0
1770826965.7573392,8.0,0.0,-41.0
1770826965.766315,8.0,0.0,-41.0
1770826965.801063,8.0,0.0,-41.0
1770826965.8090978,8.0,0.0,-41.0
1770826965.8431418,8.0,0.0,-41.0
1770826965.8522456,8.0,0.0,-41.0
1770826965.893399,8.0,0.0,-40.0
1770826965.902007,8.0,0.0,-40.0
1770826965.9370909,8.0,0.0,-40.0
1770826965.946101,8.0,0.0,-40.0
1770826965.979872,8.0,0.0,-40.0
1770826965.988815,8.0,0.0,-40.0
1770826966.0261228,8.0,0.0,-40.0
1770826966.036024,8.0,0.0,-40.0
1770826966.0849257,8.0,0.0,-39.0
1770826966.1010609,8.0,0.0,-39.0
1770826966.1429498,8.0,0.0,-39.0
1770826966.1529548,8.0,0.0,-39.0
1770826966.2041662,8.0,0.0,-39.0
1770826966.2151344,8.0,0.0,-39.0
1770826966.2589798,8.0,0.0,-39.0
1770826966.268925,8.0,0.0,-39.0
1770826966.3062131,8.0,0.0,-43.0
1770826966.3148894,8.0,0.0,-43.0
1770826966.3507288,8.0,0.0,-43.0
1770826966.3586771,8.0,0.0,-43.0
1770826966.422442,8.0,0.0,-45.0
1770826966.432726,8.0,0.0,-45.0
1770826966.4690003,8.0,0.0,-45.0
1770826966.4788315,8.0,0.0,-45.0
1770826966.537712,8.0,0.0,-45.0
1770826966.548034,8.0,0.0,-45.0
1770826966.6025355,8.0,0.0,-47.0
1770826966.6130764,8.0,0.0,-47.0
1770826966.6566515,8.0,0.0,-47.0
1770826966.6664886,8.0,0.0,-47.0
1770826966.702426,8.0,0.0,-46.0
1770826966.710906,8.0,0.0,-46.0
1770826966.747925,8.0,0.0,-46.0
1770826966.7569008,8.0,0.0,-46.0
1770826966.7947056,8.0,0.0,-43.0
1770826966.803539,8.0,0.0,-43.0
1770826966.8463495,8.0,0.0,-40.0
1770826966.856711,8.0,0.0,-40.0
1770826966.8949761,8.0,0.0,-40.0
1770826966.905938,8.0,0.0,-40.0
1770826966.9437497,8.0,0.0,-40.0
1770826966.9546866,8.0,0.0,-42.0
1770826966.99045,8.0,0.0,-42.0
1770826967.008406,8.0,0.0,-42.0
1770826967.0604196,8.0,0.0,-40.0
1770826967.0704246,8.0,0.0,-40.0
1770826967.107586,8.0,0.0,-40.0
1770826967.1165595,8.0,0.0,-40.0
1770826967.1615415,8.0,0.0,-37.0
1770826967.1725092,8.0,0.0,-37.0
1770826967.2395058,8.0,0.0,-37.0
1770826967.2485135,8.0,0.0,-37.0
1770826967.2852128,8.0,0.0,-35.0
1770826967.296154,8.0,0.0,-35.0
1770826967.3322134,8.0,0.0,-35.0
1770826967.3420653,8.0,0.0,-35.0
1770826967.3819616,8.0,0.0,-33.0
1770826967.3909655,8.0,0.0,-33.0
1770826967.4278638,8.0,0.0,-33.0
1770826967.4378688,8.0,0.0,-33.0
1770826967.4802537,8.0,0.0,-32.0
1770826967.4914594,8.0,0.0,-32.0
1770826967.528149,8.0,0.0,-32.0
1770826967.5380921,8.0,0.0,-32.0
1770826967.5747766,8.0,0.0,-31.0
1770826967.5847125,8.0,0.0,-31.0
1770826967.621773,8.0,0.0,-31.0
1770826967.6303058,8.0,0.0,-31.0
1770826967.6666968,8.0,0.0,-30.0
1770826967.6763587,8.0,0.0,-30.0
1770826967.7332022,8.0,0.0,-30.0
1770826967.7436137,8.0,0.0,-30.0
1770826967.8024507,8.0,0.0,-29.0
1770826967.8124242,8.0,0.0,-29.0
1770826967.87082,8.0,0.0,-28.0
1770826967.882843,8.0,0.0,-28.0
1770826967.9431612,8.0,0.0,-28.0
1770826967.9553478,8.0,0.0,-28.0
1770826967.996861,8.0,0.0,-27.0
1770826968.0129063,8.0,0.0,-27.0
1770826968.0514328,8.0,0.0,-27.0
1770826968.062231,8.0,0.0,-27.0
1770826968.0995226,8.0,0.0,-28.0
1770826968.110494,8.0,0.0,-28.0
1770826968.1624117,8.0,0.0,-28.0
1770826968.1723475,8.0,0.0,-29.0
1770826968.216987,8.0,0.0,-29.0
1770826968.2289608,8.0,0.0,-29.0
1770826968.2670481,8.0,0.0,-29.0
1770826968.2758873,8.0,0.0,-31.0
1770826968.3117886,8.0,0.0,-31.0
1770826968.3222487,8.0,0.0,-31.0
1770826968.3591201,8.0,0.0,-31.0
1770826968.3690934,8.0,0.0,-31.0
1770826968.4109066,8.0,0.0,-33.0
1770826968.4228764,8.0,0.0,-33.0
1770826968.479698,8.0,0.0,-34.0
1770826968.4896722,8.0,0.0,-34.0
1770826968.5269217,8.0,0.0,-34.0
1770826968.5354047,8.0,0.0,-34.0
1770826968.5713105,8.0,0.0,-34.0
1770826968.5825343,8.0,0.0,-33.0
1770826968.61963,8.0,0.0,-33.0
1770826968.6282766,8.0,0.0,-33.0
1770826968.664275,8.0,0.0,-33.0
1770826968.673251,8.0,0.0,-33.0
1770826968.7095628,8.0,0.0,-32.0
1770826968.720536,8.0,0.0,-32.0
1770826968.763828,8.0,0.0,-32.0
1770826968.7747934,8.0,0.0,-32.0
1770826968.8147569,8.0,0.0,-32.0
1770826968.8257582,8.0,0.0,-32.0
1770826968.8606377,8.0,0.0,-32.0
1770826968.8716073,8.0,0.0,-32.0
1770826968.9068441,8.0,0.0,-32.0
1770826968.9178002,8.0,0.0,-32.0
1770826968.9570491,8.0,0.0,-32.0
1770826968.9669833,8.0,0.0,-32.0
1770826969.0069096,8.0,0.0,-32.0
1770826969.017881,8.0,0.0,-32.0
1770826969.0594702,8.0,0.0,-32.0
1770826969.0704737,8.0,0.0,-32.0
1770826969.1096714,8.0,0.0,-32.0
1770826969.1216702,8.0,0.0,-32.0
1770826969.1580057,8.0,0.0,-32.0
1770826969.1672997,8.0,0.0,-32.0
1770826969.2060597,8.0,0.0,-33.0
1770826969.2150037,8.0,0.0,-33.0
1770826969.2519705,8.0,0.0,-33.0
1770826969.2600064,8.0,0.0,-33.0
1770826969.3080888,8.0,0.0,-33.0
1770826969.3191693,8.0,0.0,-33.0
1770826969.3659549,8.0,0.0,-33.0
1770826969.3779547,8.0,0.0,-33.0
1770826969.418463,8.0,0.0,-33.0
1770826969.428588,8.0,0.0,-33.0
1770826969.4674852,8.0,0.0,-33.0
1770826969.4789903,8.0,0.0,-33.0
1770826969.5171156,8.0,0.0,-33.0
1770826969.5260992,8.0,0.0,-33.0
1770826969.5643253,8.0,0.0,-33.0
1770826969.574268,8.0,0.0,-33.0
1770826969.6103153,8.0,0.0,-33.0
1770826969.620992,8.0,0.0,-33.0
1770826969.6653748,8.0,0.0,-34.0
1770826969.6773415,8.0,0.0,-34.0
1770826969.7137399,8.0,0.0,-34.0
1770826969.7248669,8.0,0.0,-34.0
1770826969.7613275,8.0,0.0,-33.0
1770826969.7701535,8.0,0.0,-33.0
1770826969.8069475,8.0,0.0,-33.0
1770826969.81753,8.0,0.0,-33.0
1770826969.854979,8.0,0.0,-32.0
1770826969.863033,8.0,0.0,-32.0
1770826969.919192,8.0,0.0,-32.0
1770826969.9271383,8.0,0.0,-32.0
1770826969.9694467,8.0,0.0,-31.0
1770826969.9803855,8.0,0.0,-31.0
1770826970.0185037,8.0,0.0,-31.0
1770826970.0282753,8.0,0.0,-31.0
1770826970.0629942,8.0,0.0,-31.0
1770826970.0719757,8.0,0.0,-31.0
1770826970.1078367,8.0,0.0,-31.0
1770826970.1178145,8.0,0.0,-31.0
1770826970.157393,8.0,0.0,-31.0
1770826970.167369,8.0,0.0,-31.0
1770826970.2049127,8.0,0.0,-31.0
1770826970.226885,8.0,0.0,-31.0
1770826970.267813,8.0,0.0,-32.0
1770826970.278784,8.0,0.0,-32.0
1770826970.317679,8.0,0.0,-32.0
1770826970.3276548,8.0,0.0,-32.0
1770826970.3637092,8.0,0.0,-32.0
1770826970.3736832,8.0,0.0,-32.0
1770826970.412579,8.0,0.0,-32.0
1770826970.422552,8.0,0.0,-32.0
1770826970.4616346,8.0,0.0,-32.0
1770826970.4723065,8.0,0.0,-32.0
1770826970.5140545,8.0,0.0,-32.0
1770826970.5264306,8.0,0.0,-32.0
1770826970.5924935,8.0,0.0,-32.0
1770826970.6008198,8.0,0.0,-32.0
1770826970.6444252,8.0,0.0,-32.0
1770826970.6532524,8.0,0.0,-32.0
1770826970.6891553,8.0,0.0,-31.0
1770826970.6977732,8.0,0.0,-31.0
1770826970.733042,8.0,0.0,-31.0
1770826970.7400537,8.0,0.0,-31.0
1770826970.7763233,8.0,0.0,-30.0
1770826970.784849,8.0,0.0,-30.0
1770826970.8211794,8.0,0.0,-30.0
1770826970.830156,8.0,0.0,-30.0
1770826970.8719249,8.0,0.0,-30.0
1770826970.880901,8.0,0.0,-30.0
1770826970.917015,8.0,0.0,-30.0
1770826970.9249952,8.0,0.0,-30.0
1770826970.9597442,8.0,0.0,-30.0
1770826970.9677215,8.0,0.0,-30.0
1770826971.0036252,8.0,0.0,-31.0
1770826971.0124216,8.0,0.0,-31.0
1770826971.0509624,8.0,0.0,-31.0
1770826971.0589092,8.0,0.0,-31.0
1770826971.0971138,8.0,0.0,-28.0
1770826971.104982,8.0,0.0,-28.0
1770826971.147865,8.0,0.0,-28.0
1770826971.1576958,8.0,0.0,-28.0
1770826971.196449,8.0,0.0,-22.0
1770826971.2054605,8.0,0.0,-22.0
1770826971.2410748,8.0,0.0,-22.0
1770826971.2495015,8.0,0.0,-22.0
1770826971.285432,8.0,0.0,-23.0
1770826971.2934122,8.0,0.0,-23.0
1770826971.3291254,8.0,0.0,-23.0
1770826971.3371043,8.0,0.0,-23.0
1770826971.374003,8.0,0.0,-23.0
1770826971.3820105,8.0,0.0,-23.0
1770826971.4424105,8.0,0.0,-24.0
1770826971.4518943,8.0,0.0,-24.0
1770826971.4881673,8.0,0.0,-22.0
1770826971.4971728,8.0,0.0,-22.0
1770826971.5403335,8.0,0.0,-22.0
1770826971.5483139,8.0,0.0,-22.0
1770826971.5859702,8.0,0.0,-22.0
1770826971.593941,8.0,0.0,-20.0
1770826971.630527,8.0,0.0,-20.0
1770826971.640499,8.0,0.0,-20.0
1770826971.6789737,8.0,0.0,-20.0
1770826971.6887255,8.0,0.0,-20.0
1770826971.7346356,8.0,0.0,-17.0
1770826971.744395,8.0,0.0,-17.0
1770826971.780732,8.0,0.0,-17.0
1770826971.7887168,8.0,0.0,-17.0
1770826971.843848,8.0,0.0,-17.0
1770826971.852798,8.0,0.0,-18.0
1770826971.892254,8.0,0.0,-18.0
1770826971.9044006,8.0,0.0,-18.0
1770826971.9400692,8.0,0.0,-18.0
1770826971.9500136,8.0,0.0,-19.0
1770826972.0056148,8.0,0.0,-19.0
1770826972.0155575,8.0,0.0,-19.0
1770826972.0541546,8.0,0.0,-19.0
1770826972.063166,8.0,0.0,-19.0
1770826972.1029084,8.0,0.0,-19.0
1770826972.112853,8.0,0.0,-19.0
1770826972.1592836,8.0,0.0,-20.0
1770826972.1710463,8.0,0.0,-20.0
1770826972.218947,8.0,0.0,-20.0
1770826972.2289188,8.0,0.0,-20.0
1770826972.2674317,8.0,0.0,-21.0
1770826972.2769191,8.0,0.0,-21.0
1770826972.3178368,8.0,0.0,-21.0
1770826972.3264594,8.0,0.0,-21.0
1770826972.372763,8.0,0.0,-23.0
1770826972.3827372,8.0,0.0,-23.0
1770826972.423632,8.0,0.0,-23.0
1770826972.433607,8.0,0.0,-23.0
1770826972.480695,8.0,0.0,-25.0
1770826972.492775,8.0,0.0,-25.0
1770826972.5396807,8.0,0.0,-25.0
1770826972.5506344,8.0,0.0,-25.0
1770826972.5959833,8.0,0.0,-25.0
1770826972.606957,8.0,0.0,-25.0
1770826972.6778967,8.0,0.0,-25.0
1770826972.6898959,8.0,0.0,-25.0
1770826972.7612457,8.0,0.0,-25.0
1770826972.7702227,8.0,0.0,-25.0
1770826972.8119164,8.0,0.0,-25.0
1770826972.8219237,8.0,0.0,-25.0
1770826972.8605816,8.0,0.0,-25.0
1770826972.8707275,8.0,0.0,-25.0
1770826972.9301069,8.0,0.0,-25.0
1770826972.9387531,8.0,0.0,-25.0
1770826972.9990075,8.0,0.0,-24.0
1770826973.0079713,8.0,0.0,-24.0
1770826973.06881,8.0,0.0,-24.0
1770826973.0778987,8.0,0.0,-24.0
1770826973.147077,8.0,0.0,-24.0
1770826973.1552396,8.0,0.0,-24.0
1770826973.2182696,8.0,0.0,-23.0
1770826973.2291515,8.0,0.0,-23.0
1770826973.2875996,8.0,0.0,-22.0
1770826973.2965739,8.0,0.0,-22.0
1770826973.363332,8.0,0.0,-22.0
1770826973.373305,8.0,0.0,-22.0
1770826973.431734,8.0,0.0,-21.0
1770826973.4408572,8.0,0.0,-21.0
1770826973.501853,8.0,0.0,-21.0
1770826973.5119352,8.0,0.0,-21.0
1770826973.5790641,8.0,0.0,-21.0
1770826973.5884993,8.0,0.0,-21.0
1770826973.649981,8.0,0.0,-21.0
1770826973.6599534,8.0,0.0,-21.0
1770826973.7199597,8.0,0.0,-21.0
1770826973.7289367,8.0,0.0,-21.0
1770826973.791167,8.0,0.0,-22.0
1770826973.799144,8.0,0.0,-22.0
1770826973.8585298,8.0,0.0,-22.0
1770826973.8670173,8.0,0.0,-22.0
1770826973.9079068,8.0,0.0,-22.0
1770826973.9196892,8.0,0.0,-22.0
1770826973.986868,8.0,0.0,-22.0
1770826973.9953523,8.0,0.0,-22.0
1770826974.028,8.0,0.0,-22.0
1770826974.037963,8.0,0.0,-22.0
1770826974.0714252,8.0,0.0,-22.0
1770826974.0804384,8.0,0.0,-22.0
1770826974.113387,8.0,0.0,-24.0
1770826974.1233916,8.0,0.0,-24.0
1770826974.1577418,8.0,0.0,-24.0
1770826974.1663256,8.0,0.0,-24.0
1770826974.208839,8.0,0.0,-26.0
1770826974.2197807,8.0,0.0,-26.0
1770826974.2662444,8.0,0.0,-26.0
1770826974.2752154,8.0,0.0,-26.0
1770826974.335051,8.0,0.0,-24.0
1770826974.3451393,8.0,0.0,-23.0
1770826974.4059482,8.0,0.0,-23.0
1770826974.414925,8.0,0.0,-23.0
1770826974.4842923,8.0,0.0,-21.0
1770826974.4956422,8.0,0.0,-21.0
1770826974.5639977,8.0,0.0,-20.0
1770826974.5730486,8.0,0.0,-20.0
1770826974.6069868,8.0,0.0,-20.0
1770826974.6169317,8.0,0.0,-20.0
1770826974.6580439,8.0,0.0,-20.0
1770826974.668017,8.0,0.0,-20.0
1770826974.699178,8.0,0.0,-20.0
1770826974.708154,8.0,0.0,-20.0
1770826974.7490332,8.0,0.0,-20.0
1770826974.758024,8.0,0.0,-23.0
1770826974.8155718,8.0,0.0,-23.0
1770826974.8239145,8.0,0.0,-23.0
1770826974.8656695,8.0,0.0,-27.0
1770826974.8746138,8.0,0.0,-27.0
1770826974.910637,8.0,0.0,-27.0
1770826974.9201221,8.0,0.0,-27.0
1770826974.9620476,8.0,0.0,-31.0
1770826974.9711764,8.0,0.0,-31.0
1770826975.0072427,8.0,0.0,-31.0
1770826975.0171864,8.0,0.0,-31.0
1770826975.0536842,8.0,0.0,-31.0
1770826975.0626934,8.0,0.0,-35.0
1770826975.0986001,8.0,0.0,-35.0
1770826975.107573,8.0,0.0,-35.0
1770826975.1438468,8.0,0.0,-35.0
1770826975.152123,8.0,0.0,-35.0
1770826975.1920166,8.0,0.0,-37.0
1770826975.2029874,8.0,0.0,-37.0
1770826975.2475626,8.0,0.0,-37.0
1770826975.2575388,8.0,0.0,-37.0
1770826975.298374,8.0,0.0,-38.0
1770826975.3073514,8.0,0.0,-38.0
1770826975.3432546,8.0,0.0,-38.0
1770826975.351848,8.0,0.0,-38.0
1770826975.3887513,8.0,0.0,-38.0
1770826975.3967297,8.0,0.0,-38.0
1770826975.454926,8.0,0.0,-38.0
1770826975.4639022,8.0,0.0,-38.0
1770826975.4938226,8.0,0.0,-39.0
1770826975.5019445,8.0,0.0,-39.0
1770826975.544165,8.0,0.0,-39.0
1770826975.5541384,8.0,0.0,-39.0
1770826975.588813,8.0,0.0,-39.0
1770826975.5977895,8.0,0.0,-39.0
1770826975.634691,8.0,0.0,-39.0
1770826975.6431124,8.0,0.0,-39.0
1770826975.6996634,8.0,0.0,-39.0
1770826975.710604,8.0,0.0,-39.0
1770826975.7718413,8.0,0.0,-40.0
1770826975.7818146,8.0,0.0,-40.0
1770826975.8172667,8.0,0.0,-40.0
1770826975.836217,8.0,0.0,-40.0
1770826975.8754094,8.0,0.0,-40.0
1770826975.8850489,8.0,0.0,-40.0
1770826975.9423482,8.0,0.0,-40.0
1770826975.9513276,8.0,0.0,-40.0
1770826975.982534,8.0,0.0,-40.0
1770826975.9912927,8.0,0.0,-40.0
1770826976.0201893,8.0,0.0,-40.0
1770826976.030131,8.0,0.0,-40.0
1770826976.0650377,8.0,0.0,-40.0
1770826976.0727506,8.0,0.0,-40.0
1770826976.1018815,8.0,0.0,-39.0
1770826976.111858,8.0,0.0,-39.0
1770826976.1491914,8.0,0.0,-39.0
1770826976.1566648,8.0,0.0,-39.0
1770826976.1890872,8.0,0.0,-39.0
1770826976.1990604,8.0,0.0,-39.0
1770826976.2291522,8.0,0.0,-39.0
1770826976.2364452,8.0,0.0,-39.0
1770826976.2663627,8.0,0.0,-39.0
1770826976.2743096,8.0,0.0,-39.0
1770826976.3029966,8.0,0.0,-36.0
1770826976.3120675,8.0,0.0,-36.0
1770826976.3469727,8.0,0.0,-36.0
1770826976.3559482,8.0,0.0,-36.0
1770826976.3928244,8.0,0.0,-34.0
1770826976.4009032,8.0,0.0,-34.0
1770826976.430175,8.0,0.0,-34.0
1770826976.4411442,8.0,0.0,-34.0
1770826976.4717834,8.0,0.0,-34.0
1770826976.4795246,8.0,0.0,-34.0
1770826976.5104413,8.0,0.0,-33.0
1770826976.520598,8.0,0.0,-33.0
1770826976.5515401,8.0,0.0,-33.0
1770826976.5605166,8.0,0.0,-33.0
1770826976.5919895,8.0,0.0,-32.0
1770826976.6039574,8.0,0.0,-32.0
1770826976.646843,8.0,0.0,-32.0
1770826976.6559062,8.0,0.0,-32.0
1770826976.6896317,8.0,0.0,-31.0
1770826976.6976743,8.0,0.0,-31.0
1770826976.7325835,8.0,0.0,-31.0
1770826976.7425556,8.0,0.0,-31.0
1770826976.7803771,8.0,0.0,-31.0
1770826976.7984216,8.0,0.0,-32.0
1770826976.8333278,8.0,0.0,-32.0
1770826976.8442988,8.0,0.0,-32.0
1770826976.88174,8.0,0.0,-32.0
1770826976.890719,8.0,0.0,-32.0
1770826976.9305782,8.0,0.0,-33.0
1770826976.9405508,8.0,0.0,-33.0
1770826976.9744601,8.0,0.0,-33.0
1770826976.9848914,8.0,0.0,-33.0
1770826977.0170515,8.0,0.0,-35.0
1770826977.0270236,8.0,0.0,-35.0
1770826977.0609305,8.0,0.0,-35.0
1770826977.070905,8.0,0.0,-35.0
1770826977.1041682,8.0,0.0,-37.0
1770826977.1141272,8.0,0.0,-37.0
1770826977.147082,8.0,0.0,-37.0
1770826977.1560583,8.0,0.0,-37.0
1770826977.2008984,8.0,0.0,-37.0
1770826977.2098742,8.0,0.0,-37.0
1770826977.2438986,8.0,0.0,-37.0
1770826977.2536337,8.0,0.0,-37.0
1770826977.2856908,8.0,0.0,-37.0
1770826977.2958312,8.0,0.0,-37.0
1770826977.3357532,8.0,0.0,-36.0
1770826977.3498933,8.0,0.0,-36.0
1770826977.4142513,8.0,0.0,-34.0
1770826977.4253306,8.0,0.0,-34.0
1770826977.4640124,8.0,0.0,-33.0
1770826977.4720438,8.0,0.0,-33.0
1770826977.5322173,8.0,0.0,-33.0
1770826977.54095,8.0,0.0,-33.0
1770826977.5789235,8.0,0.0,-33.0
1770826977.5868683,8.0,0.0,-33.0
1770826977.6254506,8.0,0.0,-33.0
1770826977.6350002,8.0,0.0,-33.0
1770826977.6709104,8.0,0.0,-34.0
1770826977.6809106,8.0,0.0,-34.0
1770826977.718822,8.0,0.0,-34.0
1770826977.7268007,8.0,0.0,-34.0
1770826977.7647324,8.0,0.0,-35.0
1770826977.7722983,8.0,0.0,-35.0
1770826977.8148499,8.0,0.0,-35.0
1770826977.825822,8.0,0.0,-35.0
1770826977.8627565,8.0,0.0,-36.0
1770826977.8718686,8.0,0.0,-36.0
1770826977.9102485,8.0,0.0,-36.0
1770826977.9202209,8.0,0.0,-36.0
1770826977.9733744,8.0,0.0,-35.0
1770826977.982743,8.0,0.0,-35.0
1770826978.0360165,8.0,0.0,-35.0
1770826978.0442514,8.0,0.0,-35.0
1770826978.0975766,8.0,0.0,-35.0
1770826978.1059306,8.0,0.0,-35.0
1770826978.16482,8.0,0.0,-35.0
1770826978.1747935,8.0,0.0,-35.0
1770826978.2319517,8.0,0.0,-35.0
1770826978.2389364,8.0,0.0,-35.0
1770826978.2961395,8.0,0.0,-35.0
1770826978.3038974,8.0,0.0,-35.0
1770826978.335849,8.0,0.0,-35.0
1770826978.343835,8.0,0.0,-35.0
1770826978.376365,8.0,0.0,-34.0
1770826978.3866158,8.0,0.0,-34.0
1770826978.4175563,8.0,0.0,-34.0
1770826978.4255388,8.0,0.0,-34.0
1770826978.4653106,8.0,0.0,-34.0
1770826978.476348,8.0,0.0,-34.0
1770826978.5158477,8.0,0.0,-33.0
1770826978.5278158,8.0,0.0,-33.0
1770826978.5643866,8.0,0.0,-33.0
1770826978.57339,8.0,0.0,-33.0
1770826978.6092644,8.0,0.0,-33.0
1770826978.619238,8.0,0.0,-33.0
1770826978.6511343,8.0,0.0,-33.0
1770826978.6592872,8.0,0.0,-33.0
1770826978.7039845,8.0,0.0,-33.0
1770826978.712961,8.0,0.0,-33.0
1770826978.747398,8.0,0.0,-33.0
1770826978.7573714,8.0,0.0,-33.0
1770826978.7884357,8.0,0.0,-32.0
1770826978.796119,8.0,0.0,-32.0
1770826978.827504,8.0,0.0,-32.0
1770826978.8364792,8.0,0.0,-32.0
1770826978.8670282,8.0,0.0,-32.0
1770826978.8746061,8.0,0.0,-32.0
1770826978.9286835,8.0,0.0,-31.0
1770826978.9370487,8.0,0.0,-31.0
1770826978.9726582,8.0,0.0,-31.0
1770826978.983628,8.0,0.0,-31.0
1770826979.0253842,8.0,0.0,-31.0
1770826979.036353,8.0,0.0,-31.0
1770826979.1011393,8.0,0.0,-31.0
1770826979.1131394,8.0,0.0,-31.0
1770826979.1480436,8.0,0.0,-31.0
1770826979.156027,8.0,0.0,-31.0
1770826979.2128222,8.0,0.0,-31.0
1770826979.2217684,8.0,0.0,-31.0
1770826979.2827513,8.0,0.0,-31.0
1770826979.2917268,8.0,0.0,-30.0
1770826979.353715,8.0,0.0,-30.0
1770826979.3651829,8.0,0.0,-30.0
1770826979.4331198,8.0,0.0,-31.0
1770826979.4430592,8.0,0.0,-31.0
1770826979.5053391,8.0,0.0,-31.0
1770826979.5153122,8.0,0.0,-31.0
1770826979.5725248,8.0,0.0,-31.0
1770826979.5814972,8.0,0.0,-31.0
1770826979.617368,8.0,0.0,-31.0
1770826979.6263444,8.0,0.0,-31.0
1770826979.6582642,8.0,0.0,-31.0
1770826979.667442,8.0,0.0,-31.0
1770826979.7023516,8.0,0.0,-31.0
1770826979.712325,8.0,0.0,-31.0
1770826979.7556992,8.0,0.0,-31.0
1770826979.7636776,8.0,0.0,-31.0
1770826979.7994256,8.0,0.0,-31.0
1770826979.808401,8.0,0.0,-31.0
1770826979.844426,8.0,0.0,-31.0
1770826979.8533995,8.0,0.0,-31.0
1770826979.8876054,8.0,0.0,-31.0
1770826979.8965812,8.0,0.0,-31.0
1770826979.9309454,8.0,0.0,-32.0
1770826979.9401734,8.0,0.0,-32.0
1770826979.974221,8.0,0.0,-32.0
1770826979.9861887,8.0,0.0,-32.0
1770826980.0300114,8.0,0.0,-31.0
1770826980.0410385,8.0,0.0,-31.0
1770826980.073938,8.0,0.0,-31.0
1770826980.0839117,8.0,0.0,-31.0
1770826980.1163814,8.0,0.0,-31.0
1770826980.125358,8.0,0.0,-31.0
1770826980.1612546,8.0,0.0,-31.0
1770826980.174255,8.0,0.0,-31.0
1770826980.2107136,8.0,0.0,-31.0
1770826980.2197125,8.0,0.0,-30.0
1770826980.2529035,8.0,0.0,-30.0
1770826980.2618825,8.0,0.0,-30.0
1770826980.3027723,8.0,0.0,-30.0
1770826980.3137798,8.0,0.0,-29.0
1770826980.347379,8.0,0.0,-29.0
1770826980.3553238,8.0,0.0,-29.0
1770826980.3903253,8.0,0.0,-29.0
1770826980.4002998,8.0,0.0,-29.0
1770826980.434872,8.0,0.0,-29.0
1770826980.4448433,8.0,0.0,-29.0
1770826980.4807837,8.0,0.0,-29.0
1770826980.4917827,8.0,0.0,-29.0
1770826980.5271752,8.0,0.0,-29.0
1770826980.5381513,8.0,0.0,-29.0
1770826980.5820389,8.0,0.0,-29.0
1770826980.5920124,8.0,0.0,-29.0
1770826980.6257522,8.0,0.0,-28.0
1770826980.6341596,8.0,0.0,-28.0
1770826980.6740508,8.0,0.0,-28.0
1770826980.686029,8.0,0.0,-28.0
1770826980.7189271,8.0,0.0,-28.0
1770826980.7279036,8.0,0.0,-29.0
1770826980.7613678,8.0,0.0,-29.0
1770826980.7703435,8.0,0.0,-29.0
1770826980.8068175,8.0,0.0,-28.0
1770826980.8208203,8.0,0.0,-28.0
1770826980.860515,8.0,0.0,-28.0
1770826980.8704886,8.0,0.0,-28.0
1770826980.9047477,8.0,0.0,-28.0
1770826980.913692,8.0,0.0,-28.0
1770826980.95059,8.0,0.0,-28.0
1770826980.9605634,8.0,0.0,-28.0
1770826980.9957063,8.0,0.0,-28.0
1770826981.005175,8.0,0.0,-28.0
1770826981.0388422,8.0,0.0,-28.0
1770826981.048846,8.0,0.0,-28.0
1770826981.0817246,8.0,0.0,-29.0
1770826981.0930176,8.0,0.0,-29.0
1770826981.1323647,8.0,0.0,-29.0
1770826981.1423388,8.0,0.0,-29.0
1770826981.1782417,8.0,0.0,-29.0
1770826981.1892147,8.0,0.0,-29.0
1770826981.2261317,8.0,0.0,-29.0
1770826981.2343915,8.0,0.0,-29.0
1770826981.2668731,8.0,0.0,-29.0
1770826981.277844,8.0,0.0,-29.0
1770826981.31303,8.0,0.0,-29.0
1770826981.3230462,8.0,0.0,-29.0
1770826981.3573472,8.0,0.0,-29.0
1770826981.3663232,8.0,0.0,-29.0
1770826981.4073987,8.0,0.0,-29.0
1770826981.4164622,8.0,0.0,-29.0
1770826981.4494414,8.0,0.0,-29.0
1770826981.4594135,8.0,0.0,-29.0
1770826981.4933205,8.0,0.0,-30.0
1770826981.5040271,8.0,0.0,-30.0
1770826981.5370896,8.0,0.0,-30.0
1770826981.5475307,8.0,0.0,-30.0
1770826981.580441,8.0,0.0,-30.0
1770826981.5904136,8.0,0.0,-30.0
1770826981.623908,8.0,0.0,-30.0
1770826981.6328845,8.0,0.0,-30.0
1770826981.672745,8.0,0.0,-30.0
1770826981.6847138,8.0,0.0,-30.0
1770826981.718835,8.0,0.0,-30.0
1770826981.7268136,8.0,0.0,-30.0
1770826981.7607691,8.0,0.0,-30.0
1770826981.7707417,8.0,0.0,-30.0
1770826981.831987,8.0,0.0,-30.0
1770826981.8429267,8.0,0.0,-30.0
1770826981.9100962,8.0,0.0,-29.0
1770826981.918664,8.0,0.0,-29.0
1770826981.9523911,8.0,0.0,-29.0
1770826981.962365,8.0,0.0,-29.0
1770826982.00812,8.0,0.0,-30.0
1770826982.0190907,8.0,0.0,-30.0
1770826982.0588212,8.0,0.0,-30.0
1770826982.0687954,8.0,0.0,-30.0
1770826982.1139545,8.0,0.0,-30.0
1770826982.1239283,8.0,0.0,-30.0
1770826982.1694837,8.0,0.0,-30.0
1770826982.1844442,8.0,0.0,-30.0
1770826982.2352798,8.0,0.0,-31.0
1770826982.2474427,8.0,0.0,-31.0
1770826982.320155,8.0,0.0,-31.0
1770826982.331125,8.0,0.0,-31.0
1770826982.4064493,8.0,0.0,-31.0
1770826982.4174252,8.0,0.0,-31.0
1770826982.4483054,8.0,0.0,-31.0
1770826982.4582791,8.0,0.0,-31.0
1770826982.5004318,8.0,0.0,-31.0
1770826982.5127616,8.0,0.0,-31.0
1770826982.561094,8.0,0.0,-31.0
1770826982.5726738,8.0,0.0,-31.0
1770826982.6190698,8.0,0.0,-32.0
1770826982.6303625,8.0,0.0,-32.0
1770826982.677598,8.0,0.0,-32.0
1770826982.6917691,8.0,0.0,-32.0
1770826982.74141,8.0,0.0,-33.0
1770826982.75238,8.0,0.0,-33.0
1770826982.7928185,8.0,0.0,-33.0
1770826982.8021736,8.0,0.0,-33.0
1770826982.844779,8.0,0.0,-33.0
1770826982.8537545,8.0,0.0,-33.0
1770826982.890436,8.0,0.0,-33.0
1770826982.8996189,8.0,0.0,-33.0
1770826982.93652,8.0,0.0,-34.0
1770826982.9445014,8.0,0.0,-34.0
1770826982.9814858,8.0,0.0,-34.0
1770826982.989463,8.0,0.0,-34.0
1770826983.0343423,8.0,0.0,-34.0
1770826983.0443158,8.0,0.0,-34.0
1770826983.0835843,8.0,0.0,-34.0
1770826983.0925968,8.0,0.0,-34.0
1770826983.128766,8.0,0.0,-34.0
1770826983.136649,8.0,0.0,-34.0
1770826983.173554,8.0,0.0,-34.0
1770826983.1825247,8.0,0.0,-34.0
1770826983.238667,8.0,0.0,-34.0
1770826983.2466404,8.0,0.0,-34.0
1770826983.3010852,8.0,0.0,-34.0
1770826983.309063,8.0,0.0,-34.0
1770826983.3701549,8.0,0.0,-35.0
1770826983.3791308,8.0,0.0,-35.0
1770826983.41522,8.0,0.0,-35.0
1770826983.4251988,8.0,0.0,-35.0
1770826983.461102,8.0,0.0,-35.0
1770826983.469179,8.0,0.0,-35.0
1770826983.5057,8.0,0.0,-35.0
1770826983.5156746,8.0,0.0,-35.0
1770826983.5530572,8.0,0.0,-35.0
1770826983.5604398,8.0,0.0,-35.0
1770826983.5973709,8.0,0.0,-35.0
1770826983.6053522,8.0,0.0,-35.0
1770826983.647369,8.0,0.0,-35.0
1770826983.6563146,8.0,0.0,-35.0
1770826983.704563,8.0,0.0,-35.0
1770826983.7145064,8.0,0.0,-35.0
1770826983.7504365,8.0,0.0,-35.0
1770826983.7586355,8.0,0.0,-35.0
1770826983.7947536,8.0,0.0,-35.0
1770826983.802731,8.0,0.0,-35.0
1770826983.8384778,8.0,0.0,-36.0
1770826983.848297,8.0,0.0,-36.0
1770826983.9004152,8.0,0.0,-36.0
1770826983.9133797,8.0,0.0,-36.0
1770826983.9710946,8.0,0.0,-36.0
1770826983.9800713,8.0,0.0,-36.0
1770826984.011962,8.0,0.0,-36.0
1770826984.0209417,8.0,0.0,-36.0
1770826984.0737374,8.0,0.0,-37.0
1770826984.0831432,8.0,0.0,-37.0
1770826984.1346502,8.0,0.0,-37.0
1770826984.1437585,8.0,0.0,-37.0
1770826984.2012722,8.0,0.0,-37.0
1770826984.2092505,8.0,0.0,-37.0
1770826984.264052,8.0,0.0,-37.0
1770826984.2720213,8.0,0.0,-37.0
1770826984.33474,8.0,0.0,-38.0
1770826984.343223,8.0,0.0,-38.0
1770826984.3974874,8.0,0.0,-38.0
1770826984.4054651,8.0,0.0,-38.0
1770826984.4604447,8.0,0.0,-38.0
1770826984.4684234,8.0,0.0,-38.0
1770826984.5241373,8.0,0.0,-39.0
1770826984.533113,8.0,0.0,-39.0
1770826984.5837655,8.0,0.0,-39.0
1770826984.5997188,8.0,0.0,-40.0
1770826984.6464796,8.0,0.0,-40.0
1770826984.6544914,8.0,0.0,-40.0
1770826984.7095072,8.0,0.0,-41.0
1770826984.725049,8.0,0.0,-41.0
1770826984.7716694,8.0,0.0,-41.0
1770826984.787635,8.0,0.0,-41.0
1770826984.8341935,8.0,0.0,-42.0
1770826984.8499792,8.0,0.0,-42.0
1770826984.896264,8.0,0.0,-42.0
1770826984.9112206,8.0,0.0,-43.0
1770826984.957736,8.0,0.0,-43.0
1770826984.9646883,8.0,0.0,-43.0
1770826985.011463,8.0,0.0,-44.0
1770826985.0345087,8.0,0.0,-44.0
1770826985.0965352,8.0,0.0,-44.0
1770826985.111367,8.0,0.0,-45.0
1770826985.158611,8.0,0.0,-45.0
1770826985.1665907,8.0,0.0,-45.0
1770826985.2202752,8.0,0.0,-46.0
1770826985.2352297,8.0,0.0,-46.0
1770826985.2971737,8.0,0.0,-46.0
1770826985.3130765,8.0,0.0,-48.0
1770826985.3586605,8.0,0.0,-48.0
1770826985.3746188,8.0,0.0,-48.0
1770826985.418979,8.0,0.0,-48.0
1770826985.4279203,8.0,0.0,-48.0
1770826985.491303,8.0,0.0,-48.0
1770826985.4982853,8.0,0.0,-48.0
1770826985.5505197,8.0,0.0,-49.0
1770826985.5584958,8.0,0.0,-49.0
1770826985.593152,8.0,0.0,-49.0
1770826985.6081119,8.0,0.0,-49.0
1770826985.6539197,8.0,0.0,-50.0
1770826985.6708765,8.0,0.0,-50.0
1770826985.717203,8.0,0.0,-50.0
1770826985.7331715,8.0,0.0,-50.0
1770826985.7800062,8.0,0.0,-50.0
1770826985.794999,8.0,0.0,-50.0
1770826985.8568141,8.0,0.0,-50.0
1770826985.872779,8.0,0.0,-50.0
1770826985.933666,8.0,0.0,-51.0
1770826985.9416118,8.0,0.0,-51.0
1770826985.9875405,8.0,0.0,-51.0
1770826985.995484,8.0,0.0,-51.0
1770826986.057311,8.0,0.0,-51.0
1770826986.0722742,8.0,0.0,-51.0
1770826986.1333096,8.0,0.0,-51.0
1770826986.1480908,8.0,0.0,-51.0
1770826986.1940289,8.0,0.0,-51.0
1770826986.2089407,8.0,0.0,-51.0
1770826986.27072,8.0,0.0,-52.0
1770826986.2866776,8.0,0.0,-52.0
1770826986.3488421,8.0,0.0,-52.0
1770826986.3647997,8.0,0.0,-52.0
1770826986.409978,8.0,0.0,-52.0
1770826986.4269335,8.0,0.0,-52.0
1770826986.4734175,8.0,0.0,-52.0
1770826986.4883795,8.0,0.0,-52.0
1770826986.5347598,8.0,0.0,-53.0
1770826986.5504596,8.0,0.0,-53.0
1770826986.597946,8.0,0.0,-53.0
1770826986.6132095,8.0,0.0,-53.0
1770826986.6751387,8.0,0.0,-53.0
1770826986.690093,8.0,0.0,-53.0
1770826986.737363,8.0,0.0,-53.0
1770826986.7472994,8.0,0.0,-54.0
1770826986.7997446,8.0,0.0,-54.0
1770826986.8149385,8.0,0.0,-54.0
1770826986.862302,8.0,0.0,-53.0
1770826986.8772595,8.0,0.0,-53.0
1770826986.9253347,8.0,0.0,-53.0
1770826986.932316,8.0,0.0,-53.0
1770826986.9786122,8.0,0.0,-53.0
1770826986.9997265,8.0,0.0,-53.0
1770826987.0615613,8.0,0.0,-53.0
1770826987.0775192,8.0,0.0,-53.0
1770826987.1220798,8.0,0.0,-53.0
1770826987.1310592,8.0,0.0,-53.0
1770826987.1863198,8.0,0.0,-54.0
1770826987.202275,8.0,0.0,-54.0
1770826987.2635727,8.0,0.0,-54.0
1770826987.2785306,8.0,0.0,-54.0
1770826987.3400867,8.0,0.0,-54.0
1770826987.355047,8.0,0.0,-55.0
1770826987.4166808,8.0,0.0,-54.0
1770826987.4326413,8.0,0.0,-54.0
1770826987.4944258,8.0,0.0,-54.0
1770826987.5033674,8.0,0.0,-54.0
1770826987.5567698,8.0,0.0,-54.0
1770826987.5717304,8.0,0.0,-54.0
1770826987.6185095,8.0,0.0,-54.0
1770826987.6343012,8.0,0.0,-54.0
1770826987.6804059,8.0,0.0,-54.0
1770826987.6953213,8.0,0.0,-54.0
1770826987.7412014,8.0,0.0,-54.0
1770826987.7563019,8.0,0.0,-54.0
1770826987.8032513,8.0,0.0,-54.0
1770826987.8182325,8.0,0.0,-55.0
1770826987.8790517,8.0,0.0,-55.0
1770826987.8945746,8.0,0.0,-55.0
1770826987.9261973,8.0,0.0,-56.0
1770826987.9334607,8.0,0.0,-56.0
1770826987.9636679,8.0,0.0,-56.0
1770826987.987089,8.0,0.0,-56.0
1770826988.0341682,8.0,0.0,-55.0
1770826988.0496676,8.0,0.0,-55.0
1770826988.1115847,8.0,0.0,-55.0
1770826988.1185334,8.0,0.0,-55.0
1770826988.1743307,8.0,0.0,-55.0
1770826988.1892908,8.0,0.0,-55.0
1770826988.235991,8.0,0.0,-55.0
1770826988.2519119,8.0,0.0,-55.0
1770826988.2981899,8.0,0.0,-55.0
1770826988.3055367,8.0,0.0,-55.0
1770826988.3536422,8.0,0.0,-56.0
1770826988.3747635,8.0,0.0,-56.0
1770826988.4056816,8.0,0.0,-56.0
1770826988.420873,8.0,0.0,-56.0
1770826988.452414,8.0,0.0,-56.0
1770826988.4613888,8.0,0.0,-56.0
1770826988.4982276,8.0,0.0,-56.0
1770826988.5061734,8.0,0.0,-56.0
1770826988.5408542,8.0,0.0,-56.0
1770826988.5490706,8.0,0.0,-56.0
1770826988.589779,8.0,0.0,-56.0
1770826988.5987246,8.0,0.0,-56.0
1770826988.630583,8.0,0.0,-56.0
1770826988.6405563,8.0,0.0,-56.0
1770826988.6820436,8.0,0.0,-56.0
1770826988.689707,8.0,0.0,-56.0
1770826988.7216194,8.0,0.0,-56.0
1770826988.7295983,8.0,0.0,-57.0
1770826988.7910495,8.0,0.0,-57.0
1770826988.8060353,8.0,0.0,-57.0
1770826988.868504,8.0,0.0,-57.0
1770826988.877481,8.0,0.0,-57.0
1770826988.907569,8.0,0.0,-57.0
1770826988.9295936,8.0,0.0,-57.0
1770826988.975938,8.0,0.0,-57.0
1770826988.9918952,8.0,0.0,-57.0
1770826989.0225978,8.0,0.0,-57.0
1770826989.029243,8.0,0.0,-57.0
1770826989.0685499,8.0,0.0,-58.0
1770826989.0775263,8.0,0.0,-58.0
1770826989.113147,8.0,0.0,-58.0
1770826989.1210928,8.0,0.0,-58.0
1770826989.1597838,8.0,0.0,-57.0
1770826989.1754053,8.0,0.0,-57.0
1770826989.206371,8.0,0.0,-57.0
1770826989.214172,8.0,0.0,-57.0
1770826989.252349,8.0,0.0,-56.0
1770826989.2683063,8.0,0.0,-56.0
1770826989.299058,8.0,0.0,-56.0
1770826989.314727,8.0,0.0,-56.0
1770826989.345646,8.0,0.0,-54.0
1770826989.3535006,8.0,0.0,-54.0
1770826989.384337,8.0,0.0,-54.0
1770826989.4075403,8.0,0.0,-54.0
1770826989.442361,8.0,0.0,-53.0
1770826989.4543636,8.0,0.0,-53.0
1770826989.4859073,8.0,0.0,-53.0
1770826989.501866,8.0,0.0,-53.0
1770826989.5332787,8.0,0.0,-53.0
1770826989.5432243,8.0,0.0,-53.0
1770826989.579592,8.0,0.0,-51.0
1770826989.5949748,8.0,0.0,-51.0
1770826989.626889,8.0,0.0,-51.0
1770826989.6353147,8.0,0.0,-51.0
1770826989.6732497,8.0,0.0,-51.0
1770826989.6811962,8.0,0.0,-51.0
1770826989.7190468,8.0,0.0,-51.0
1770826989.7341335,8.0,0.0,-51.0
1770826989.7803335,8.0,0.0,-51.0
1770826989.795557,8.0,0.0,-51.0
1770826989.8418677,8.0,0.0,-51.0
1770826989.857516,8.0,0.0,-52.0
1770826989.9186656,8.0,0.0,-52.0
1770826989.934618,8.0,0.0,-52.0
1770826989.9957201,8.0,0.0,-52.0
1770826990.0109744,8.0,0.0,-52.0
1770826990.0581326,8.0,0.0,-52.0
1770826990.0651183,8.0,0.0,-52.0
1770826990.1342833,8.0,0.0,-52.0
1770826990.1497343,8.0,0.0,-52.0
1770826990.2119396,8.0,0.0,-52.0
1770826990.2198853,8.0,0.0,-52.0
1770826990.2739007,8.0,0.0,-52.0
1770826990.2898557,8.0,0.0,-52.0
1770826990.3356593,8.0,0.0,-52.0
1770826990.3506525,8.0,0.0,-52.0
1770826990.396662,8.0,0.0,-53.0
1770826990.4066353,8.0,0.0,-53.0
1770826990.4574516,8.0,0.0,-53.0
1770826990.4643886,8.0,0.0,-53.0
1770826990.5197566,8.0,0.0,-53.0
1770826990.5287051,8.0,0.0,-53.0
1770826990.5742393,8.0,0.0,-53.0
1770826990.5832162,8.0,0.0,-53.0
1770826990.642272,8.0,0.0,-53.0
1770826990.6574552,8.0,0.0,-53.0
1770826990.7040312,8.0,0.0,-53.0
1770826990.7105205,8.0,0.0,-53.0
1770826990.7668135,8.0,0.0,-53.0
1770826990.7827709,8.0,0.0,-53.0
1770826990.8286188,8.0,0.0,-53.0
1770826990.8446918,8.0,0.0,-53.0
1770826990.906276,8.0,0.0,-53.0
1770826990.9148884,8.0,0.0,-53.0
1770826990.9612608,8.0,0.0,-53.0
1770826990.9831076,8.0,0.0,-54.0
1770826991.0289016,8.0,0.0,-54.0
1770826991.0445962,8.0,0.0,-54.0
1770826991.106645,8.0,0.0,-54.0
1770826991.1225667,8.0,0.0,-54.0
1770826991.183551,8.0,0.0,-53.0
1770826991.1925275,8.0,0.0,-53.0
1770826991.2410653,8.0,0.0,-53.0
1770826991.2607296,8.0,0.0,-53.0
1770826991.3216841,8.0,0.0,-53.0
1770826991.3376117,8.0,0.0,-52.0
1770826991.3995063,8.0,0.0,-52.0
1770826991.4064572,8.0,0.0,-52.0
1770826991.4541602,8.0,0.0,-52.0
1770826991.4771328,8.0,0.0,-52.0
1770826991.5223792,8.0,0.0,-52.0
1770826991.538339,8.0,0.0,-50.0
1770826991.5993266,8.0,0.0,-50.0
1770826991.6152842,8.0,0.0,-50.0
1770826991.662019,8.0,0.0,-49.0
1770826991.6768,8.0,0.0,-49.0
1770826991.738562,8.0,0.0,-49.0
1770826991.7545676,8.0,0.0,-49.0
1770826991.8019817,8.0,0.0,-49.0
1770826991.81079,8.0,0.0,-49.0
1770826991.86083,8.0,0.0,-49.0
1770826991.8813837,8.0,0.0,-49.0
1770826991.932184,8.0,0.0,-49.0
1770826991.9401853,8.0,0.0,-49.0
1770826991.9902248,8.0,0.0,-49.0
1770826991.997561,8.0,0.0,-49.0
1770826992.0459433,8.0,0.0,-48.0
1770826992.0657542,8.0,0.0,-48.0
1770826992.1274765,8.0,0.0,-48.0
1770826992.1434329,8.0,0.0,-48.0
1770826992.1880069,8.0,0.0,-48.0
1770826992.2049613,8.0,0.0,-48.0
1770826992.2663395,8.0,0.0,-49.0
1770826992.2813041,8.0,0.0,-49.0
1770826992.3430858,8.0,0.0,-49.0
1770826992.3584373,8.0,0.0,-48.0
1770826992.4058442,8.0,0.0,-48.0
1770826992.4162462,8.0,0.0,-48.0
1770826992.466849,8.0,0.0,-48.0
1770826992.4750228,8.0,0.0,-48.0
1770826992.5282547,8.0,0.0,-48.0
1770826992.535873,8.0,0.0,-48.0
1770826992.590225,8.0,0.0,-48.0
1770826992.601402,8.0,0.0,-48.0
1770826992.6471653,8.0,0.0,-48.0
1770826992.6676316,8.0,0.0,-48.0
1770826992.7117872,8.0,0.0,-48.0
1770826992.7190208,8.0,0.0,-48.0
1770826992.775491,8.0,0.0,-48.0
1770826992.7828045,8.0,0.0,-48.0
1770826992.8383071,8.0,0.0,-48.0
1770826992.8540022,8.0,0.0,-48.0
1770826992.9162228,8.0,0.0,-48.0
1770826992.9311464,8.0,0.0,-48.0
1770826992.9930797,8.0,0.0,-48.0
1770826993.009026,8.0,0.0,-48.0
1770826993.0562727,8.0,0.0,-48.0
1770826993.0702343,8.0,0.0,-48.0
1770826993.1323435,8.0,0.0,-48.0
1770826993.1391227,8.0,0.0,-48.0
1770826993.1949706,8.0,0.0,-49.0
1770826993.2097466,8.0,0.0,-49.0
1770826993.2567482,8.0,0.0,-49.0
1770826993.2637303,8.0,0.0,-49.0
1770826993.3187575,8.0,0.0,-49.0
1770826993.333842,8.0,0.0,-49.0
1770826993.3837757,8.0,0.0,-50.0
1770826993.3937178,8.0,0.0,-50.0
1770826993.4451172,8.0,0.0,-50.0
1770826993.4576924,8.0,0.0,-50.0
1770826993.519169,8.0,0.0,-51.0
1770826993.534408,8.0,0.0,-51.0
1770826993.582345,8.0,0.0,-51.0
1770826993.5963423,8.0,0.0,-51.0
1770826993.6577268,8.0,0.0,-51.0
1770826993.6736856,8.0,0.0,-51.0
1770826993.7355864,8.0,0.0,-51.0
1770826993.746524,8.0,0.0,-51.0
1770826993.8135872,8.0,0.0,-50.0
1770826993.8295455,8.0,0.0,-50.0
1770826993.8914533,8.0,0.0,-50.0
1770826993.9072902,8.0,0.0,-50.0
1770826993.9571323,8.0,0.0,-50.0
1770826993.9681365,8.0,0.0,-50.0
1770826994.0170236,8.0,0.0,-50.0
1770826994.0302753,8.0,0.0,-50.0
1770826994.0785086,8.0,0.0,-50.0
1770826994.0925064,8.0,0.0,-50.0
1770826994.1545856,8.0,0.0,-50.0
1770826994.1695442,8.0,0.0,-50.0
1770826994.2310069,8.0,0.0,-50.0
1770826994.2469614,8.0,0.0,-50.0
1770826994.2924068,8.0,0.0,-50.0
1770826994.3013475,8.0,0.0,-50.0
1770826994.3491683,8.0,0.0,-50.0
1770826994.370148,8.0,0.0,-50.0
1770826994.4312732,8.0,0.0,-50.0
1770826994.4412167,8.0,0.0,-50.0
1770826994.4943476,8.0,0.0,-50.0
1770826994.5083082,8.0,0.0,-50.0
1770826994.5703058,8.0,0.0,-50.0
1770826994.5804744,8.0,0.0,-50.0
1770826994.6318233,8.0,0.0,-50.0
1770826994.6412992,8.0,0.0,-50.0
1770826994.6948276,8.0,0.0,-50.0
1770826994.7100346,8.0,0.0,-50.0
1770826994.7712479,8.0,0.0,-51.0
1770826994.7812204,8.0,0.0,-51.0
1770826994.833351,8.0,0.0,-51.0
1770826994.8432982,8.0,0.0,-51.0
1770826994.8965962,8.0,0.0,-52.0
1770826994.905541,8.0,0.0,-52.0
1770826994.9599094,8.0,0.0,-52.0
1770826994.9698832,8.0,0.0,-52.0
1770826995.0201788,8.0,0.0,-52.0
1770826995.030159,8.0,0.0,-52.0
1770826995.0795088,8.0,0.0,-52.0
1770826995.0884492,8.0,0.0,-52.0
1770826995.1391947,8.0,0.0,-52.0
1770826995.1481462,8.0,0.0,-52.0
1770826995.2052488,8.0,0.0,-52.0
1770826995.2212055,8.0,0.0,-52.0
1770826995.28332,8.0,0.0,-52.0
1770826995.2992752,8.0,0.0,-52.0
1770826995.3610766,8.0,0.0,-52.0
1770826995.3710527,8.0,0.0,-52.0
1770826995.406507,8.0,0.0,-52.0
1770826995.421438,8.0,0.0,-52.0
1770826995.4836605,8.0,0.0,-52.0
1770826995.4956272,8.0,0.0,-52.0
1770826995.5451567,8.0,0.0,-52.0
1770826995.5573134,8.0,0.0,-52.0
1770826995.6238964,8.0,0.0,-52.0
1770826995.6378584,8.0,0.0,-52.0
1770826995.6950948,8.0,0.0,-52.0
1770826995.7052882,8.0,0.0,-52.0
1770826995.7618942,8.0,0.0,-52.0
1770826995.7774432,8.0,0.0,-52.0
1770826995.8385212,8.0,0.0,-52.0
1770826995.8534822,8.0,0.0,-52.0
1770826995.9161048,8.0,0.0,-52.0
1770826995.9310656,8.0,0.0,-52.0
1770826995.977171,8.0,0.0,-52.0
1770826995.9930167,8.0,0.0,-52.0
1770826996.0395188,8.0,0.0,-52.0
1770826996.0504913,8.0,0.0,-52.0
1770826996.1093671,8.0,0.0,-52.0
1770826996.119342,8.0,0.0,-52.0
1770826996.1743631,8.0,0.0,-52.0
1770826996.1943135,8.0,0.0,-51.0
1770826996.2565887,8.0,0.0,-51.0
1770826996.2715151,8.0,0.0,-51.0
1770826996.3182106,8.0,0.0,-51.0
1770826996.32736,8.0,0.0,-51.0
1770826996.3813224,8.0,0.0,-50.0
1770826996.3897686,8.0,0.0,-50.0
1770826996.437743,8.0,0.0,-50.0
1770826996.4585495,8.0,0.0,-50.0
1770826996.5207274,8.0,0.0,-50.0
1770826996.5366848,8.0,0.0,-50.0
1770826996.5828934,8.0,0.0,-50.0
1770826996.5988507,8.0,0.0,-49.0
1770826996.6614075,8.0,0.0,-49.0
1770826996.6723769,8.0,0.0,-49.0
1770826996.723576,8.0,0.0,-47.0
1770826996.7365088,8.0,0.0,-47.0
1770826996.7860782,8.0,0.0,-47.0
1770826996.802075,8.0,0.0,-46.0
1770826996.8540094,8.0,0.0,-46.0
1770826996.8790462,8.0,0.0,-46.0
1770826996.9417064,8.0,0.0,-45.0
1770826996.9576645,8.0,0.0,-45.0
1770826997.0104885,8.0,0.0,-44.0
1770826997.0214598,8.0,0.0,-44.0
1770826997.0716393,8.0,0.0,-44.0
1770826997.0826433,8.0,0.0,-44.0
1770826997.1431181,8.0,0.0,-44.0
1770826997.1570752,8.0,0.0,-44.0
1770826997.2031777,8.0,0.0,-44.0
1770826997.212319,8.0,0.0,-44.0
1770826997.2568302,8.0,0.0,-43.0
1770826997.2644308,8.0,0.0,-43.0
1770826997.3114042,8.0,0.0,-43.0
1770826997.3189273,8.0,0.0,-43.0
1770826997.3730364,8.0,0.0,-43.0
1770826997.3819876,8.0,0.0,-43.0
1770826997.43354,8.0,0.0,-43.0
1770826997.441518,8.0,0.0,-43.0
1770826997.497786,8.0,0.0,-44.0
1770826997.5057323,8.0,0.0,-44.0
1770826997.5595639,8.0,0.0,-43.0
1770826997.5755312,8.0,0.0,-43.0
1770826997.6231816,8.0,0.0,-43.0
1770826997.6301627,8.0,0.0,-43.0
1770826997.6677642,8.0,0.0,-40.0
1770826997.6832595,8.0,0.0,-40.0
1770826997.7298443,8.0,0.0,-40.0
1770826997.7452629,8.0,0.0,-40.0
1770826997.7761812,8.0,0.0,-36.0
1770826997.7849426,8.0,0.0,-36.0
1770826997.8230958,8.0,0.0,-36.0
1770826997.8300786,8.0,0.0,-36.0
1770826997.8696094,8.0,0.0,-32.0
1770826997.8845625,8.0,0.0,-32.0
1770826997.9159005,8.0,0.0,-32.0
1770826997.9235218,8.0,0.0,-32.0
1770826997.9780576,8.0,0.0,-31.0
1770826997.9937449,8.0,0.0,-31.0
1770826998.0458844,8.0,0.0,-31.0
1770826998.0555725,8.0,0.0,-31.0
1770826998.1022925,8.0,0.0,-31.0
1770826998.1092768,8.0,0.0,-31.0
1770826998.1644654,8.0,0.0,-31.0
1770826998.174438,8.0,0.0,-30.0
1770826998.235297,8.0,0.0,-30.0
1770826998.2442737,8.0,0.0,-30.0
1770826998.2939143,8.0,0.0,-31.0
1770826998.3048868,8.0,0.0,-31.0
1770826998.3358047,8.0,0.0,-31.0
1770826998.3497984,8.0,0.0,-31.0
1770826998.3947616,8.0,0.0,-31.0
1770826998.4017463,8.0,0.0,-31.0
1770826998.4336925,8.0,0.0,-31.0
1770826998.445077,8.0,0.0,-31.0
1770826998.4780712,8.0,0.0,-30.0
1770826998.487008,8.0,0.0,-30.0
1770826998.5343995,8.0,0.0,-30.0
1770826998.5412307,8.0,0.0,-30.0
1770826998.570823,8.0,0.0,-30.0
1770826998.578802,8.0,0.0,-30.0
1770826998.6097176,8.0,0.0,-30.0
1770826998.6174302,8.0,0.0,-30.0
1770826998.6504796,8.0,0.0,-30.0
1770826998.6594915,8.0,0.0,-30.0
1770826998.6926503,8.0,0.0,-28.0
1770826998.7009459,8.0,0.0,-28.0
1770826998.7343354,8.0,0.0,-28.0
1770826998.742367,8.0,0.0,-28.0
1770826998.7989702,8.0,0.0,-28.0
1770826998.8085918,8.0,0.0,-28.0
1770826998.8391838,8.0,0.0,-28.0
1770826998.84816,8.0,0.0,-28.0
1770826998.880518,8.0,0.0,-27.0
1770826998.8884945,8.0,0.0,-27.0
1770826998.9282475,8.0,0.0,-27.0
1770826998.93662,8.0,0.0,-27.0
1770826998.9705298,8.0,0.0,-27.0
1770826998.9785082,8.0,0.0,-27.0
1770826999.0342183,8.0,0.0,-26.0
1770826999.043194,8.0,0.0,-26.0
1770826999.0756028,8.0,0.0,-26.0
1770826999.0833118,8.0,0.0,-26.0
1770826999.1326048,8.0,0.0,-24.0
1770826999.1555758,8.0,0.0,-24.0
1770826999.1862297,8.0,0.0,-24.0
1770826999.1942067,8.0,0.0,-24.0
1770826999.233476,8.0,0.0,-24.0
1770826999.2424512,8.0,0.0,-24.0
1770826999.2799013,8.0,0.0,-24.0
1770826999.2948956,8.0,0.0,-25.0
1770826999.3415082,8.0,0.0,-25.0
1770826999.3567398,8.0,0.0,-25.0
1770826999.3888252,8.0,0.0,-25.0
1770826999.4027882,8.0,0.0,-25.0
1770826999.4503205,8.0,0.0,-25.0
1770826999.4595392,8.0,0.0,-25.0
1770826999.5107849,8.0,0.0,-25.0
1770826999.5172746,8.0,0.0,-25.0
1770826999.5722845,8.0,0.0,-25.0
1770826999.5882103,8.0,0.0,-25.0
1770826999.6348505,8.0,0.0,-25.0
1770826999.6418,8.0,0.0,-25.0
1770826999.681511,8.0,0.0,-25.0
1770826999.6894948,8.0,0.0,-25.0
1770826999.727822,8.0,0.0,-24.0
1770826999.7348037,8.0,0.0,-24.0
1770826999.7895682,8.0,0.0,-24.0
1770826999.7970579,8.0,0.0,-23.0
1770826999.8290071,8.0,0.0,-23.0
1770826999.8389468,8.0,0.0,-23.0
1770826999.8824975,8.0,0.0,-23.0
1770826999.8984563,8.0,0.0,-23.0
1770826999.929166,8.0,0.0,-27.0
1770826999.945123,8.0,0.0,-27.0
1770826999.9908931,8.0,0.0,-27.0
1770827000.005856,8.0,0.0,-28.0
1770827000.0528035,8.0,0.0,-28.0
1770827000.0677958,8.0,0.0,-28.0
1770827000.0986598,8.0,0.0,-28.0
1770827000.11431,8.0,0.0,-29.0
1770827000.1462193,8.0,0.0,-29.0
1770827000.1611822,8.0,0.0,-29.0
1770827000.2079437,8.0,0.0,-28.0
1770827000.2229023,8.0,0.0,-28.0
1770827000.259737,8.0,0.0,-28.0
1770827000.2697446,8.0,0.0,-28.0
1770827000.3159404,8.0,0.0,-28.0
1770827000.3309336,8.0,0.0,-28.0
1770827000.3762734,8.0,0.0,-28.0
1770827000.385029,8.0,0.0,-28.0
1770827000.4234686,8.0,0.0,-28.0
1770827000.4394076,8.0,0.0,-28.0
1770827000.471008,8.0,0.0,-28.0
1770827000.4864616,8.0,0.0,-28.0
1770827000.532728,8.0,0.0,-28.0
1770827000.5479205,8.0,0.0,-28.0
1770827000.577784,8.0,0.0,-27.0
1770827000.5947378,8.0,0.0,-27.0
1770827000.6400776,8.0,0.0,-27.0
1770827000.6560347,8.0,0.0,-27.0
1770827000.701052,8.0,0.0,-27.0
1770827000.710027,8.0,0.0,-27.0
1770827000.7635405,8.0,0.0,-27.0
1770827000.7785316,8.0,0.0,-27.0
1770827000.8088305,8.0,0.0,-27.0
1770827000.8169165,8.0,0.0,-27.0
1770827000.8577478,8.0,0.0,-27.0
1770827000.8728397,8.0,0.0,-26.0
1770827000.9192035,8.0,0.0,-26.0
1770827000.93467,8.0,0.0,-26.0
1770827000.9655898,8.0,0.0,-26.0
1770827000.9811487,8.0,0.0,-26.0
1770827001.0126998,8.0,0.0,-26.0
1770827001.020645,8.0,0.0,-26.0
1770827001.0516498,8.0,0.0,-26.0
1770827001.059629,8.0,0.0,-26.0
1770827001.0925384,8.0,0.0,-27.0
1770827001.100931,8.0,0.0,-27.0
1770827001.1414108,8.0,0.0,-27.0
1770827001.149421,8.0,0.0,-27.0
1770827001.181336,8.0,0.0,-27.0
1770827001.197404,8.0,0.0,-27.0
1770827001.2289798,8.0,0.0,-27.0
1770827001.2379549,8.0,0.0,-27.0
1770827001.275414,8.0,0.0,-27.0
1770827001.2914033,8.0,0.0,-27.0
1770827001.3223376,8.0,0.0,-27.0
1770827001.3333104,8.0,0.0,-27.0
1770827001.3652217,8.0,0.0,-27.0
1770827001.374499,8.0,0.0,-27.0
1770827001.4161794,8.0,0.0,-27.0
1770827001.4251554,8.0,0.0,-27.0
1770827001.458102,8.0,0.0,-27.0
1770827001.4662263,8.0,0.0,-27.0
1770827001.498678,8.0,0.0,-26.0
1770827001.522614,8.0,0.0,-26.0
1770827001.5531473,8.0,0.0,-26.0
1770827001.5611262,8.0,0.0,-26.0
1770827001.6009305,8.0,0.0,-26.0
1770827001.6158903,8.0,0.0,-26.0
1770827001.6466153,8.0,0.0,-26.0
1770827001.6619675,8.0,0.0,-26.0
1770827001.7088292,8.0,0.0,-22.0
1770827001.7177727,8.0,0.0,-22.0
1770827001.7505038,8.0,0.0,-22.0
1770827001.7701905,8.0,0.0,-22.0
1770827001.8005557,8.0,0.0,-16.0
1770827001.8172078,8.0,0.0,-16.0
1770827001.848565,8.0,0.0,-16.0
1770827001.8565483,8.0,0.0,-16.0
1770827001.8940237,8.0,0.0,-12.0
1770827001.903214,8.0,0.0,-12.0
1770827001.9409084,8.0,0.0,-12.0
1770827001.9558637,8.0,0.0,-12.0
1770827002.0027926,8.0,0.0,-12.0
1770827002.0097468,8.0,0.0,-12.0
1770827002.0486746,8.0,0.0,-12.0
1770827002.0638313,8.0,0.0,-12.0
1770827002.09574,8.0,0.0,-13.0
1770827002.1046784,8.0,0.0,-13.0
1770827002.1406171,8.0,0.0,-13.0
1770827002.1495912,8.0,0.0,-13.0
1770827002.186576,8.0,0.0,-13.0
1770827002.2016642,8.0,0.0,-13.0
1770827002.247942,8.0,0.0,-13.0
1770827002.2635145,8.0,0.0,-13.0
1770827002.2973576,8.0,0.0,-15.0
1770827002.3045046,8.0,0.0,-15.0
1770827002.3406801,8.0,0.0,-15.0
1770827002.348627,8.0,0.0,-15.0
1770827002.380138,8.0,0.0,-15.0
1770827002.3878267,8.0,0.0,-15.0
1770827002.4332056,8.0,0.0,-16.0
1770827002.4483192,8.0,0.0,-16.0
1770827002.479239,8.0,0.0,-16.0
1770827002.4861856,8.0,0.0,-16.0
1770827002.517963,8.0,0.0,-16.0
1770827002.5259461,8.0,0.0,-16.0
1770827002.57317,8.0,0.0,-16.0
1770827002.5891275,8.0,0.0,-16.0
1770827002.6349936,8.0,0.0,-16.0
1770827002.6509507,8.0,0.0,-16.0
1770827002.6968005,8.0,0.0,-16.0
1770827002.7041328,8.0,0.0,-16.0
1770827002.7369144,8.0,0.0,-16.0
1770827002.7459073,8.0,0.0,-16.0
1770827002.7888393,8.0,0.0,-16.0
1770827002.8047974,8.0,0.0,-16.0
1770827002.866495,8.0,0.0,-17.0
1770827002.87444,8.0,0.0,-17.0
1770827002.9296837,8.0,0.0,-17.0
1770827002.939656,8.0,0.0,-17.0
1770827002.9709363,8.0,0.0,-17.0
1770827002.9784234,8.0,0.0,-17.0
1770827003.0206876,8.0,0.0,-17.0
1770827003.0283763,8.0,0.0,-17.0
1770827003.0673335,8.0,0.0,-17.0
1770827003.0822933,8.0,0.0,-17.0
1770827003.1133525,8.0,0.0,-18.0
1770827003.1285462,8.0,0.0,-18.0
1770827003.1594636,8.0,0.0,-18.0
1770827003.1747491,8.0,0.0,-18.0
1770827003.209826,8.0,0.0,-18.0
1770827003.2176845,8.0,0.0,-19.0
1770827003.2526183,8.0,0.0,-19.0
1770827003.267578,8.0,0.0,-19.0
1770827003.313128,8.0,0.0,-19.0
1770827003.329085,8.0,0.0,-17.0
1770827003.3597987,8.0,0.0,-17.0
1770827003.3757582,8.0,0.0,-17.0
1770827003.4214876,8.0,0.0,-15.0
1770827003.43638,8.0,0.0,-15.0
1770827003.4815211,8.0,0.0,-15.0
1770827003.4973707,8.0,0.0,-15.0
1770827003.5430737,8.0,0.0,-15.0
1770827003.5589128,8.0,0.0,-15.0
1770827003.5892081,8.0,0.0,-15.0
1770827003.604505,8.0,0.0,-15.0
1770827003.6509433,8.0,0.0,-13.0
1770827003.6665127,8.0,0.0,-13.0
1770827003.7126982,8.0,0.0,-9.0
1770827003.7278578,8.0,0.0,-9.0
1770827003.7737517,8.0,0.0,-9.0
1770827003.7894526,8.0,0.0,-3.0
1770827003.8213696,8.0,0.0,-3.0
1770827003.8296766,8.0,0.0,-3.0
1770827003.8810637,8.0,0.0,-3.0
1770827003.8958602,8.0,0.0,-3.0
1770827003.9278805,8.0,0.0,-3.0
1770827003.9368603,8.0,0.0,-3.0
1770827003.9737597,8.0,0.0,-3.0
1770827003.9824452,8.0,0.0,-7.0
1770827004.0196817,8.0,0.0,-7.0
1770827004.0352004,8.0,0.0,-7.0
1770827004.0656803,8.0,0.0,-7.0
1770827004.0816379,8.0,0.0,-7.0
1770827004.1263485,8.0,0.0,-10.0
1770827004.134292,8.0,0.0,-10.0
1770827004.1730952,8.0,0.0,-10.0
1770827004.1830692,8.0,0.0,-11.0
1770827004.2191226,8.0,0.0,-11.0
1770827004.2350852,8.0,0.0,-11.0
1770827004.2808268,8.0,0.0,-11.0
1770827004.2967844,8.0,0.0,-12.0
1770827004.3420994,8.0,0.0,-12.0
1770827004.3580575,8.0,0.0,-12.0
1770827004.4037845,8.0,0.0,-15.0
1770827004.413898,8.0,0.0,-15.0
1770827004.4666839,8.0,0.0,-15.0
1770827004.4818866,8.0,0.0,-15.0
1770827004.5175502,8.0,0.0,-20.0
1770827004.525529,8.0,0.0,-20.0
1770827004.5571947,8.0,0.0,-20.0
1770827004.5651748,8.0,0.0,-20.0
1770827004.5970895,8.0,0.0,-18.0
1770827004.6050682,8.0,0.0,-18.0
1770827004.6557527,8.0,0.0,-18.0
1770827004.6667538,8.0,0.0,-18.0
1770827004.6976497,8.0,0.0,-19.0
1770827004.7126098,8.0,0.0,-19.0
1770827004.744065,8.0,0.0,-19.0
1770827004.760022,8.0,0.0,-19.0
1770827004.8061635,8.0,0.0,-22.0
1770827004.8131125,8.0,0.0,-22.0
1770827004.8524072,8.0,0.0,-22.0
1770827004.8592153,8.0,0.0,-22.0
1770827004.8986256,8.0,0.0,-22.0
1770827004.9136457,8.0,0.0,-21.0
1770827004.97558,8.0,0.0,-21.0
1770827004.9845219,8.0,0.0,-21.0
1770827005.0147998,8.0,0.0,-20.0
1770827005.022779,8.0,0.0,-20.0
1770827005.0679708,8.0,0.0,-20.0
1770827005.0749552,8.0,0.0,-20.0
1770827005.1147497,8.0,0.0,-19.0
1770827005.1304424,8.0,0.0,-19.0
1770827005.1613932,8.0,0.0,-19.0
1770827005.1733139,8.0,0.0,-19.0
1770827005.2044077,8.0,0.0,-15.0
1770827005.213409,8.0,0.0,-15.0
1770827005.2440615,8.0,0.0,-15.0
1770827005.2541864,8.0,0.0,-15.0
1770827005.3005745,8.0,0.0,-15.0
1770827005.315954,8.0,0.0,-14.0
1770827005.3468754,8.0,0.0,-14.0
1770827005.3628342,8.0,0.0,-14.0
1770827005.409009,8.0,0.0,-11.0
1770827005.4189477,8.0,0.0,-11.0
1770827005.4547777,8.0,0.0,-11.0
1770827005.4633207,8.0,0.0,-11.0
1770827005.5014796,8.0,0.0,-11.0
1770827005.511909,8.0,0.0,-11.0
1770827005.548846,8.0,0.0,-11.0
1770827005.563702,8.0,0.0,-11.0
1770827005.610977,8.0,0.0,-11.0
1770827005.6266263,8.0,0.0,-11.0
1770827005.672818,8.0,0.0,-11.0
1770827005.688775,8.0,0.0,-11.0
1770827005.7337205,8.0,0.0,-12.0
1770827005.7416673,8.0,0.0,-12.0
1770827005.7798579,8.0,0.0,-12.0
1770827005.7953,8.0,0.0,-12.0
1770827005.8574066,8.0,0.0,-15.0
1770827005.8733666,8.0,0.0,-15.0
1770827005.918034,8.0,0.0,-22.0
1770827005.934988,8.0,0.0,-22.0
1770827005.9663906,8.0,0.0,-22.0
1770827005.9823484,8.0,0.0,-22.0
1770827006.0128484,8.0,0.0,-22.0
1770827006.0208225,8.0,0.0,-26.0
1770827006.052894,8.0,0.0,-26.0
1770827006.0599496,8.0,0.0,-26.0
1770827006.0900583,8.0,0.0,-26.0
1770827006.1060154,8.0,0.0,-26.0
1770827006.1365688,8.0,0.0,-22.0
1770827006.143553,8.0,0.0,-22.0
1770827006.1941617,8.0,0.0,-22.0
1770827006.203136,8.0,0.0,-22.0
1770827006.2595153,8.0,0.0,-20.0
1770827006.2744431,8.0,0.0,-20.0
1770827006.3214574,8.0,0.0,-20.0
1770827006.3373828,8.0,0.0,-21.0
1770827006.372306,8.0,0.0,-21.0
1770827006.3803346,8.0,0.0,-21.0
1770827006.4148617,8.0,0.0,-21.0
1770827006.4238381,8.0,0.0,-21.0
1770827006.4609096,8.0,0.0,-22.0
1770827006.468249,8.0,0.0,-22.0
1770827006.507619,8.0,0.0,-22.0
1770827006.5228345,8.0,0.0,-22.0
1770827006.5533288,8.0,0.0,-21.0
1770827006.5602772,8.0,0.0,-21.0
1770827006.5997794,8.0,0.0,-21.0
1770827006.6150973,8.0,0.0,-21.0
1770827006.660641,8.0,0.0,-24.0
1770827006.6754708,8.0,0.0,-24.0
1770827006.706788,8.0,0.0,-24.0
1770827006.7143953,8.0,0.0,-24.0
1770827006.752104,8.0,0.0,-31.0
1770827006.7602847,8.0,0.0,-31.0
1770827006.7933812,8.0,0.0,-31.0
1770827006.8013957,8.0,0.0,-31.0
1770827006.8312788,8.0,0.0,-31.0
1770827006.8382936,8.0,0.0,-40.0
1770827006.8763545,8.0,0.0,-40.0
1770827006.8918219,8.0,0.0,-40.0
1770827006.9392636,8.0,0.0,-47.0
1770827006.948204,8.0,0.0,-47.0
1770827007.0003617,8.0,0.0,-50.0
1770827007.0101523,8.0,0.0,-50.0
1770827007.0616071,8.0,0.0,-50.0
1770827007.077596,8.0,0.0,-50.0
1770827007.1238894,8.0,0.0,-50.0
1770827007.1397772,8.0,0.0,-50.0
1770827007.1706622,8.0,0.0,-50.0
1770827007.1859922,8.0,0.0,-50.0
1770827007.2162786,8.0,0.0,-49.0
1770827007.2322633,8.0,0.0,-49.0
1770827007.278826,8.0,0.0,-49.0
1770827007.2937832,8.0,0.0,-49.0
1770827007.3247693,8.0,0.0,-46.0
1770827007.3407264,8.0,0.0,-46.0
1770827007.4031904,8.0,0.0,-46.0
1770827007.4181478,8.0,0.0,-46.0
1770827007.465112,8.0,0.0,-46.0
1770827007.4810705,8.0,0.0,-46.0
1770827007.5268493,8.0,0.0,-44.0
1770827007.5428066,8.0,0.0,-44.0
1770827007.5876853,8.0,0.0,-44.0
1770827007.603643,8.0,0.0,-42.0
1770827007.6558208,8.0,0.0,-42.0
1770827007.6638007,8.0,0.0,-42.0
1770827007.696765,8.0,0.0,-42.0
1770827007.703851,8.0,0.0,-41.0
1770827007.7357645,8.0,0.0,-41.0
1770827007.744741,8.0,0.0,-41.0
1770827007.8045065,8.0,0.0,-41.0
1770827007.8124835,8.0,0.0,-41.0
1770827007.8643134,8.0,0.0,-41.0
1770827007.8712618,8.0,0.0,-41.0
1770827007.9258497,8.0,0.0,-42.0
1770827007.9410076,8.0,0.0,-42.0
1770827007.9874804,8.0,0.0,-42.0
1770827007.9967272,8.0,0.0,-42.0
1770827008.0493624,8.0,0.0,-42.0
1770827008.0583498,8.0,0.0,-42.0
1770827008.1103826,8.0,0.0,-42.0
1770827008.1255589,8.0,0.0,-42.0
1770827008.1574733,8.0,0.0,-42.0
1770827008.1721356,8.0,0.0,-42.0
1770827008.2181845,8.0,0.0,-42.0
1770827008.2335565,8.0,0.0,-42.0
1770827008.2814636,8.0,0.0,-42.0
1770827008.291406,8.0,0.0,-42.0
1770827008.34312,8.0,0.0,-43.0
1770827008.3570826,8.0,0.0,-43.0
1770827008.419483,8.0,0.0,-43.0
1770827008.4284573,8.0,0.0,-43.0
1770827008.474159,8.0,0.0,-43.0
1770827008.4970987,8.0,0.0,-43.0
1770827008.5429778,8.0,0.0,-42.0
1770827008.5585334,8.0,0.0,-42.0
1770827008.591785,8.0,0.0,-42.0
1770827008.600542,8.0,0.0,-42.0
1770827008.6362934,8.0,0.0,-42.0
1770827008.6517613,8.0,0.0,-42.0
1770827008.6985986,8.0,0.0,-42.0
1770827008.7142437,8.0,0.0,-42.0
1770827008.7761867,8.0,0.0,-42.0
1770827008.7919924,8.0,0.0,-42.0
1770827008.8385885,8.0,0.0,-42.0
1770827008.8471937,8.0,0.0,-42.0
1770827008.8852587,8.0,0.0,-42.0
1770827008.8982334,8.0,0.0,-42.0
1770827008.9319062,8.0,0.0,-42.0
1770827008.9410057,8.0,0.0,-42.0
1770827008.993829,8.0,0.0,-42.0
1770827009.0017643,8.0,0.0,-42.0
1770827009.0407178,8.0,0.0,-42.0
1770827009.0556777,8.0,0.0,-42.0
1770827009.1025615,8.0,0.0,-42.0
1770827009.1115346,8.0,0.0,-42.0
1770827009.142455,8.0,0.0,-42.0
1770827009.1627338,8.0,0.0,-42.0
1770827009.2088344,8.0,0.0,-42.0
1770827009.2182078,8.0,0.0,-42.0
1770827009.2554708,8.0,0.0,-41.0
1770827009.2704284,8.0,0.0,-41.0
1770827009.31583,8.0,0.0,-41.0
1770827009.3313828,8.0,0.0,-41.0
1770827009.3780744,8.0,0.0,-41.0
1770827009.386638,8.0,0.0,-41.0
1770827009.424532,8.0,0.0,-41.0
1770827009.4355032,8.0,0.0,-41.0
1770827009.5011735,8.0,0.0,-40.0
1770827009.517059,8.0,0.0,-40.0
1770827009.563374,8.0,0.0,-41.0
1770827009.5793428,8.0,0.0,-41.0
1770827009.6252508,8.0,0.0,-41.0
1770827009.6330771,8.0,0.0,-41.0
1770827009.6720784,8.0,0.0,-40.0
1770827009.6870472,8.0,0.0,-40.0
1770827009.7336762,8.0,0.0,-40.0
1770827009.7436485,8.0,0.0,-40.0
1770827009.7759397,8.0,0.0,-40.0
1770827009.7952135,8.0,0.0,-40.0
1770827009.842669,8.0,0.0,-40.0
1770827009.8581686,8.0,0.0,-40.0
1770827009.8900838,8.0,0.0,-40.0
1770827009.898956,8.0,0.0,-40.0
1770827009.9362159,8.0,0.0,-40.0
1770827009.946179,8.0,0.0,-40.0
1770827009.982958,8.0,0.0,-40.0
1770827009.998915,8.0,0.0,-40.0
1770827010.0462828,8.0,0.0,-40.0
1770827010.0552256,8.0,0.0,-40.0
1770827010.1362164,8.0,0.0,-39.0
1770827010.1936567,8.0,0.0,-39.0
1770827010.2755446,8.0,0.0,-39.0
1770827010.325575,8.0,0.0,-39.0
1770827010.4087331,8.0,0.0,-39.0
1770827010.462505,8.0,0.0,-39.0
1770827010.537745,8.0,0.0,-39.0
1770827010.5916016,8.0,0.0,-39.0
1770827010.673072,8.0,0.0,-38.0
1770827010.7279255,8.0,0.0,-37.0
1770827010.8200512,8.0,0.0,-36.0
1770827010.8770628,8.0,0.0,-36.0
1770827010.96791,8.0,0.0,-36.0
1770827011.0231822,8.0,0.0,-36.0
1770827011.1156073,8.0,0.0,-36.0
1770827011.1703606,8.0,0.0,-36.0
1770827011.2501755,8.0,0.0,-35.0
1770827011.299591,8.0,0.0,-35.0
1770827011.3792558,8.0,0.0,-35.0
1770827011.4695482,8.0,0.0,-35.0
1770827011.5529284,8.0,0.0,-35.0
1770827011.6037924,8.0,0.0,-35.0
1770827011.6892385,8.0,0.0,-35.0
1770827011.73721,8.0,0.0,-35.0
1770827011.8170445,8.0,0.0,-35.0
1770827011.868579,8.0,0.0,-35.0
1770827011.9456997,8.0,0.0,-35.0
1770827011.9985573,8.0,0.0,-35.0
1770827012.0787063,8.0,0.0,-35.0
1770827012.135026,8.0,0.0,-35.0
1770827012.250172,8.0,0.0,-34.0
1770827012.3510563,8.0,0.0,-34.0
1770827012.4935222,8.0,0.0,-34.0
1770827012.5814881,8.0,0.0,-35.0
1770827012.7238474,8.0,0.0,-34.0
1770827012.8092086,8.0,0.0,-34.0
1770827012.933413,8.0,0.0,-34.0
1770827013.008187,8.0,0.0,-34.0
1770827013.1282036,8.0,0.0,-34.0
1770827013.2065134,8.0,0.0,-34.0
1770827013.3308163,8.0,0.0,-34.0
1770827013.4073715,8.0,0.0,-34.0
1770827013.5320542,8.0,0.0,-33.0
1770827013.6087217,8.0,0.0,-33.0
1770827013.7319534,8.0,0.0,-33.0
1770827013.810414,8.0,0.0,-34.0
1770827013.9741187,8.0,0.0,-34.0
1770827014.0571048,8.0,0.0,-35.0
1770827014.1757245,8.0,0.0,-35.0
1770827014.2617013,8.0,0.0,-35.0
1770827014.3839836,8.0,0.0,-35.0
1770827014.4687524,8.0,0.0,-36.0
1770827014.5784297,8.0,0.0,-37.0
1770827014.6662185,8.0,0.0,-38.0
1770827014.7748325,8.0,0.0,-39.0
1770827014.8556173,8.0,0.0,-41.0
1770827014.9660861,8.0,0.0,-43.0
1770827015.05162,8.0,0.0,-44.0
1770827015.1936574,8.0,0.0,-44.0
1770827015.2832303,8.0,0.0,-44.0
1770827015.4371417,8.0,0.0,-43.0
1770827015.5173976,8.0,0.0,-43.0
1770827015.6377459,8.0,0.0,-43.0
1770827015.717335,8.0,0.0,-42.0
1770827015.872766,8.0,0.0,-41.0
1770827015.952585,8.0,0.0,-41.0
1770827016.059775,8.0,0.0,-41.0
1770827016.143143,8.0,0.0,-41.0
1770827016.2681508,8.0,0.0,-41.0
1770827016.3473825,8.0,0.0,-41.0
1770827016.4770565,8.0,0.0,-41.0
1770827016.5596323,8.0,0.0,-41.0
1770827016.6764762,8.0,0.0,-42.0
1770827016.758405,8.0,0.0,-41.0
1770827016.8837497,8.0,0.0,-41.0
1770827016.9613135,8.0,0.0,-40.0
1770827017.0883212,8.0,0.0,-38.0
1770827017.1681082,8.0,0.0,-38.0
1770827017.3254905,8.0,0.0,-37.0
1770827017.4066591,8.0,0.0,-37.0
1770827017.551015,8.0,0.0,-37.0
1770827017.620588,8.0,0.0,-37.0
1770827017.7664306,8.0,0.0,-37.0
1770827017.8355374,8.0,0.0,-37.0
1770827017.9596372,8.0,0.0,-37.0
1770827018.0337067,8.0,0.0,-37.0
1770827018.1346045,8.0,0.0,-37.0
1770827018.2008367,8.0,0.0,-37.0
1770827018.3034134,8.0,0.0,-38.0
1770827018.3703146,8.0,0.0,-38.0
1770827018.4676335,8.0,0.0,-38.0
1770827018.5331078,8.0,0.0,-38.0
1770827018.6361787,8.0,0.0,-38.0
1770827018.7021801,8.0,0.0,-38.0
1770827018.814536,8.0,0.0,-38.0
1770827018.883303,8.0,0.0,-38.0
1770827018.976356,8.0,0.0,-38.0
1770827019.0443816,8.0,0.0,-38.0
1770827019.1437259,8.0,0.0,-38.0
1770827019.2102802,8.0,0.0,-38.0
1770827019.33215,8.0,0.0,-38.0
1770827019.412042,8.0,0.0,-37.0
1770827019.527061,8.0,0.0,-37.0
1770827019.6022127,8.0,0.0,-37.0
1770827019.7543135,8.0,0.0,-37.0
1770827019.8329098,8.0,0.0,-38.0
1770827019.961438,8.0,0.0,-39.0
1770827020.0432615,8.0,0.0,-38.0
1770827020.159523,8.0,0.0,-36.0
1770827020.2392445,8.0,0.0,-35.0
1770827020.383721,8.0,0.0,-35.0
1770827020.4634943,8.0,0.0,-35.0
1770827020.5898163,8.0,0.0,-34.0
1770827020.6716886,8.0,0.0,-34.0
1770827020.7979302,8.0,0.0,-34.0
1770827020.882034,8.0,0.0,-34.0
1770827021.0221086,8.0,0.0,-33.0
1770827021.1150782,8.0,0.0,-33.0
1770827021.2674077,8.0,0.0,-32.0
1770827021.3506372,8.0,0.0,-31.0
1770827021.469244,8.0,0.0,-30.0
1770827021.5501199,8.0,0.0,-29.0
1770827021.6644824,8.0,0.0,-28.0
1770827021.7457232,8.0,0.0,-27.0
1770827021.8698752,8.0,0.0,-25.0
1770827021.948401,8.0,0.0,-25.0
1770827022.100593,8.0,0.0,-27.0
1770827022.1819556,8.0,0.0,-27.0
1770827022.3017554,8.0,0.0,-30.0
1770827022.3798199,8.0,0.0,-30.0
1770827022.5161555,8.0,0.0,-33.0
1770827022.5948985,8.0,0.0,-33.0
1770827022.7150705,8.0,0.0,-33.0
1770827022.794379,8.0,0.0,-33.0
1770827022.908077,8.0,0.0,-33.0
1770827022.9915802,8.0,0.0,-33.0
1770827023.1132,8.0,0.0,-35.0
1770827023.1932003,8.0,0.0,-35.0
1770827023.3420389,8.0,0.0,-35.0
1770827023.4211674,8.0,0.0,-35.0
1770827023.5336823,8.0,0.0,-36.0
1770827023.613002,8.0,0.0,-37.0
1770827023.7702596,8.0,0.0,-38.0
1770827023.8523676,8.0,0.0,-38.0
1770827023.9641194,8.0,0.0,-38.0
1770827024.038767,8.0,0.0,-38.0
1770827024.1466413,8.0,0.0,-38.0
1770827024.230714,8.0,0.0,-38.0
1770827024.3507955,8.0,0.0,-38.0
1770827024.4386146,8.0,0.0,-37.0
1770827024.567047,8.0,0.0,-33.0
1770827024.6460025,8.0,0.0,-28.0
1770827024.7550724,8.0,0.0,-24.0
1770827024.8368537,8.0,0.0,-20.0
1770827024.9576142,8.0,0.0,-18.0
1770827025.0389345,8.0,0.0,-22.0
1770827025.1547308,8.0,0.0,-25.0
1770827025.2333825,8.0,0.0,-26.0
1770827025.3736444,8.0,0.0,-27.0
1770827025.452967,8.0,0.0,-29.0
1770827025.5670764,8.0,0.0,-31.0
1770827025.6428726,8.0,0.0,-33.0
1770827025.7605932,8.0,0.0,-32.0
1770827025.8400674,8.0,0.0,-32.0
1770827025.9616098,8.0,0.0,-33.0
1770827026.0424817,8.0,0.0,-36.0
1770827026.2068455,8.0,0.0,-37.0
1770827026.2897227,8.0,0.0,-38.0
1770827026.4059896,8.0,0.0,-38.0
1770827026.4852376,8.0,0.0,-38.0
1770827026.6061862,8.0,0.0,-37.0
1770827026.6886005,8.0,0.0,-38.0
1770827026.807822,8.0,0.0,-39.0
1770827026.8889275,8.0,0.0,-39.0
1770827027.0170808,8.0,0.0,-40.0
1770827027.0948722,8.0,0.0,-41.0
1770827027.2047322,8.0,0.0,-41.0
1770827027.2867582,8.0,0.0,-41.0
1770827027.414787,8.0,0.0,-39.0
1770827027.493577,8.0,0.0,-39.0
1770827027.6239064,8.0,0.0,-38.0
1770827027.714923,8.0,0.0,-37.0
1770827027.8770792,8.0,0.0,-36.0
1770827027.959372,8.0,0.0,-35.0
1770827028.076981,8.0,0.0,-34.0
1770827028.156109,8.0,0.0,-32.0
1770827028.2819595,8.0,0.0,-30.0
1770827028.3627589,8.0,0.0,-29.0
1770827028.483405,8.0,0.0,-28.0
1770827028.5680542,8.0,0.0,-28.0
1770827028.7011716,8.0,0.0,-27.0
1770827028.7831,8.0,0.0,-27.0
1770827028.9110405,8.0,0.0,-26.0
1770827028.992129,8.0,0.0,-27.0
1770827029.1154323,8.0,0.0,-26.0
1770827029.1919396,8.0,0.0,-26.0
1770827029.3127947,8.0,0.0,-26.0
1770827029.3924851,8.0,0.0,-26.0
1770827029.515407,8.0,0.0,-26.0
1770827029.5947275,8.0,0.0,-25.0
1770827029.7123554,8.0,0.0,-25.0
1770827029.788639,8.0,0.0,-25.0
1770827029.9175038,8.0,0.0,-25.0
1770827029.9942174,8.0,0.0,-25.0
1770827030.1116667,8.0,0.0,-24.0
1770827030.188923,8.0,0.0,-23.0
1770827030.3054829,8.0,0.0,-24.0
1770827030.3866165,8.0,0.0,-24.0
1770827030.5072603,8.0,0.0,-27.0
1770827030.5888724,8.0,0.0,-27.0
1770827030.7060168,8.0,0.0,-28.0
1770827030.7844965,8.0,0.0,-28.0
1770827030.9144187,8.0,0.0,-28.0
1770827031.0052433,8.0,0.0,-29.0
1770827031.159338,8.0,0.0,-32.0
1770827031.2454138,8.0,0.0,-33.0
1770827031.3966112,8.0,0.0,-34.0
1770827031.4784634,8.0,0.0,-34.0
1770827031.6042528,8.0,0.0,-34.0
1770827031.6840727,8.0,0.0,-33.0
1770827031.806367,8.0,0.0,-33.0
1770827031.8891423,8.0,0.0,-33.0
1770827032.0171528,8.0,0.0,-33.0
1770827032.0973976,8.0,0.0,-32.0
1770827032.2221942,8.0,0.0,-32.0
1770827032.3003194,8.0,0.0,-32.0
1770827032.4146397,8.0,0.0,-32.0
1770827032.4635084,8.0,0.0,-32.0
1770827032.5503297,8.0,0.0,-32.0
1770827032.6332357,8.0,0.0,-32.0
1770827032.7625906,8.0,0.0,-32.0
1770827032.8372028,8.0,0.0,-32.0
1770827032.957691,8.0,0.0,-32.0
1770827033.035976,8.0,0.0,-32.0
1770827033.1570733,8.0,0.0,-32.0
1770827033.2371283,8.0,0.0,-32.0
1770827033.3512144,8.0,0.0,-32.0
1770827033.4300346,8.0,0.0,-32.0
1770827033.5568807,8.0,0.0,-32.0
1770827033.637666,8.0,0.0,-32.0
1770827033.756916,8.0,0.0,-32.0
1770827033.8328087,8.0,0.0,-31.0
1770827033.984821,8.0,0.0,-31.0
1770827034.0657747,8.0,0.0,-31.0
1770827034.2190504,8.0,0.0,-31.0
1770827034.300057,8.0,0.0,-31.0
1770827034.4270043,8.0,0.0,-31.0
1770827034.5125337,8.0,0.0,-31.0
1770827034.6424932,8.0,0.0,-31.0
1770827034.7250986,8.0,0.0,-31.0
1770827034.8508,8.0,0.0,-31.0
1770827034.9345722,8.0,0.0,-31.0
1770827035.0935326,8.0,0.0,-32.0
1770827035.171689,8.0,0.0,-32.0
1770827035.2956767,8.0,0.0,-32.0
1770827035.3722253,8.0,0.0,-31.0
1770827035.4918003,8.0,0.0,-31.0
1770827035.5712104,8.0,0.0,-29.0
1770827035.698281,8.0,0.0,-26.0
1770827035.7776732,8.0,0.0,-21.0
1770827035.9000986,8.0,0.0,-17.0
1770827035.9906049,8.0,0.0,-13.0
1770827036.1224284,8.0,0.0,-11.0
1770827036.203866,8.0,0.0,-8.0
1770827036.3267918,8.0,0.0,-6.0
1770827036.4039023,8.0,0.0,-5.0
1770827036.5287526,8.0,0.0,-3.0
1770827036.6069176,8.0,0.0,-3.0
1770827036.727188,8.0,0.0,-2.0
1770827036.806678,8.0,0.0,-3.0
1770827036.9601192,8.0,0.0,-4.0
1770827037.036305,8.0,0.0,-4.0
1770827037.1544464,8.0,0.0,-3.0
1770827037.2330782,8.0,0.0,-3.0
1770827037.3635373,8.0,0.0,-3.0
1770827037.4462926,8.0,0.0,-3.0
1770827037.5630772,8.0,0.0,-3.0
1770827037.6444285,8.0,0.0,-3.0
1770827037.8001714,8.0,0.0,-3.0
1770827037.891046,8.0,0.0,-3.0
1770827038.006019,8.0,0.0,-3.0
1770827038.093107,8.0,0.0,-3.0
1770827038.2093368,8.0,0.0,-3.0
1770827038.2897081,8.0,0.0,-3.0
1770827038.3998532,8.0,0.0,-3.0
1770827038.4776454,8.0,0.0,-3.0
1770827038.5959592,8.0,0.0,-3.0
1770827038.6729856,8.0,0.0,-3.0
1770827038.7909691,8.0,0.0,-3.0
1770827038.8691254,8.0,0.0,-3.0
1770827038.9914997,8.0,0.0,-2.0
1770827039.072865,8.0,0.0,-2.0
1770827039.20729,8.0,0.0,-2.0
1770827039.2896504,8.0,0.0,-2.0
1770827039.413788,8.0,0.0,-1.0
1770827039.493812,8.0,0.0,-2.0
1770827039.615752,8.0,0.0,-4.0
1770827039.6916573,8.0,0.0,-3.0
1770827039.8168733,8.0,0.0,-3.0
1770827039.8966596,8.0,0.0,-2.0
1770827040.0220838,8.0,0.0,-2.0
1770827040.1014538,8.0,0.0,-3.0
1770827040.2312376,8.0,0.0,-4.0
1770827040.3130043,8.0,0.0,-4.0
1770827040.430773,8.0,0.0,-3.0
1770827040.507599,8.0,0.0,-3.0
1770827040.6391933,8.0,0.0,-3.0
1770827040.7175882,8.0,0.0,-3.0
1770827040.8359034,8.0,0.0,-2.0
1770827040.9131892,8.0,0.0,-3.0
1770827041.0398037,8.0,0.0,-3.0
1770827041.1207447,8.0,0.0,-4.0
1770827041.2805853,8.0,0.0,-6.0
1770827041.365146,8.0,0.0,-6.0
1770827041.4956312,8.0,0.0,-6.0
1770827041.5753567,8.0,0.0,-6.0
1770827041.694453,8.0,0.0,-8.0
1770827041.7727163,8.0,0.0,-8.0
1770827041.893121,8.0,0.0,-8.0
1770827041.9704125,8.0,0.0,-8.0
1770827042.085924,8.0,0.0,-8.0
1770827042.1621954,8.0,0.0,-8.0
1770827042.2950106,8.0,0.0,-8.0
1770827042.378343,8.0,0.0,-8.0
1770827042.5021026,8.0,0.0,-8.0
1770827042.5808918,8.0,0.0,-8.0
1770827042.6956835,8.0,0.0,-8.0
1770827042.7736135,8.0,0.0,-8.0
1770827042.8996506,8.0,0.0,-8.0
1770827042.9914613,8.0,0.0,-8.0
1770827043.1289184,8.0,0.0,-8.0
1770827043.2143116,8.0,0.0,-8.0
1770827043.3671973,8.0,0.0,-9.0
1770827043.4499753,8.0,0.0,-9.0
1770827043.6041417,8.0,0.0,-9.0
1770827043.6829298,8.0,0.0,-10.0
1770827043.7913437,8.0,0.0,-10.0
1770827043.870361,8.0,0.0,-10.0
1770827043.9819443,8.0,0.0,-10.0
1770827044.0607338,8.0,0.0,-10.0
1770827044.1703088,8.0,0.0,-11.0
1770827044.251198,8.0,0.0,-13.0
1770827044.3951619,8.0,0.0,-18.0
1770827044.4762313,8.0,0.0,-18.0
1770827044.5954275,8.0,0.0,-18.0
1770827044.6807046,8.0,0.0,-18.0
1770827044.8280704,8.0,0.0,-20.0
1770827044.9113843,8.0,0.0,-21.0
1770827045.0326545,8.0,0.0,-26.0
1770827045.1125567,8.0,0.0,-28.0
1770827045.2290974,8.0,0.0,-26.0
1770827045.2923229,8.0,0.0,-26.0
1770827045.4168882,8.0,0.0,-22.0
1770827045.4831414,8.0,0.0,-22.0
1770827045.5775404,8.0,0.0,-22.0
1770827045.6437106,8.0,0.0,-25.0
1770827045.7379768,8.0,0.0,-19.0
1770827045.8028014,8.0,0.0,-19.0
1770827045.9090476,8.0,0.0,-17.0
1770827045.9747138,8.0,0.0,-17.0
1770827046.0637338,8.0,0.0,-16.0
1770827046.1304276,8.0,0.0,-18.0
1770827046.220051,8.0,0.0,-18.0
1770827046.2846563,8.0,0.0,-18.0
1770827046.3778496,8.0,0.0,-18.0
1770827046.444778,8.0,0.0,-18.0
1770827046.5365267,8.0,0.0,-18.0
1770827046.6068327,8.0,0.0,-18.0
1770827046.7030067,8.0,0.0,-17.0
1770827046.7672634,8.0,0.0,-17.0
1770827046.8663695,8.0,0.0,-18.0
1770827046.93209,8.0,0.0,-19.0
1770827047.0317578,8.0,0.0,-19.0
1770827047.1128895,8.0,0.0,-19.0
1770827047.2247572,8.0,0.0,-19.0
1770827047.3046436,8.0,0.0,-19.0
1770827047.4163468,8.0,0.0,-19.0
1770827047.495731,8.0,0.0,-19.0
1770827047.6118774,8.0,0.0,-19.0
1770827047.6919608,8.0,0.0,-19.0
1770827047.8319526,8.0,0.0,-19.0
1770827047.9123352,8.0,0.0,-19.0
1770827048.05891,8.0,0.0,-18.0
1770827048.1491005,8.0,0.0,-18.0
1770827048.309877,8.0,0.0,-18.0
1770827048.3881462,8.0,0.0,-18.0
1770827048.5348172,8.0,0.0,-17.0
1770827048.6140542,8.0,0.0,-17.0
1770827048.73827,8.0,0.0,-17.0
1770827048.8188696,8.0,0.0,-17.0
1770827048.9634132,8.0,0.0,-16.0
1770827049.04228,8.0,0.0,-16.0
1770827049.196545,8.0,0.0,-16.0
1770827049.2753336,8.0,0.0,-15.0
1770827049.4004247,8.0,0.0,-15.0
1770827049.4760325,8.0,0.0,-15.0
1770827049.595974,8.0,0.0,-15.0
1770827049.6844974,8.0,0.0,-15.0
1770827049.814728,8.0,0.0,-15.0
1770827049.892185,8.0,0.0,-15.0
1770827050.0141861,8.0,0.0,-15.0
1770827050.0937996,8.0,0.0,-15.0
1770827050.213635,8.0,0.0,-14.0
1770827050.293198,8.0,0.0,-14.0
1770827050.4093235,8.0,0.0,-14.0
1770827050.4903157,8.0,0.0,-14.0
1770827050.6227608,8.0,0.0,-15.0
1770827050.7063806,8.0,0.0,-15.0
1770827050.8292358,8.0,0.0,-16.0
1770827050.9162185,8.0,0.0,-16.0
1770827051.0366166,8.0,0.0,-15.0
1770827051.1106226,8.0,0.0,-15.0
1770827051.2530093,8.0,0.0,-15.0
1770827051.338922,8.0,0.0,-16.0
1770827051.4704187,8.0,0.0,-16.0
1770827051.5553856,8.0,0.0,-15.0
1770827051.682367,8.0,0.0,-15.0
1770827051.760544,8.0,0.0,-15.0
1770827051.8956509,8.0,0.0,-15.0
1770827051.976438,8.0,0.0,-15.0
1770827052.099214,8.0,0.0,-15.0
1770827052.1842084,8.0,0.0,-15.0
1770827052.3083305,8.0,0.0,-15.0
1770827052.3859055,8.0,0.0,-15.0
1770827052.5123694,8.0,0.0,-15.0
1770827052.5904624,8.0,0.0,-15.0
1770827052.7111237,8.0,0.0,-15.0
1770827052.7690547,8.0,0.0,-15.0
1770827052.8612504,8.0,0.0,-15.0
1770827052.9070067,8.0,0.0,-15.0
1770827052.9918928,8.0,0.0,-15.0
1770827053.040868,8.0,0.0,-15.0
1770827053.1499245,8.0,0.0,-16.0
1770827053.2013364,8.0,0.0,-16.0
1770827053.278272,8.0,0.0,-16.0
1770827053.3296325,8.0,0.0,-16.0
1770827053.4324431,8.0,0.0,-17.0
1770827053.482221,8.0,0.0,-17.0
1770827053.5777724,8.0,0.0,-18.0
1770827053.6292531,8.0,0.0,-18.0
1770827053.7220044,8.0,0.0,-18.0
1770827053.8159013,8.0,0.0,-18.0
1770827053.95868,8.0,0.0,-19.0
1770827054.0508232,8.0,0.0,-19.0
1770827054.1859605,8.0,0.0,-19.0
1770827054.2769902,8.0,0.0,-20.0
1770827054.4219317,8.0,0.0,-20.0
1770827054.5163279,8.0,0.0,-20.0
1770827054.6462216,8.0,0.0,-20.0
1770827054.7464006,8.0,0.0,-20.0
1770827054.8764255,8.0,0.0,-20.0
1770827054.9703107,8.0,0.0,-20.0
1770827055.095484,8.0,0.0,-20.0
1770827055.18289,8.0,0.0,-20.0
1770827055.3561609,8.0,0.0,-19.0
1770827055.505131,8.0,0.0,-19.0
1770827055.717648,8.0,0.0,-19.0
1770827055.8618407,8.0,0.0,-18.0
1770827056.0433078,8.0,0.0,-18.0
1770827056.192649,8.0,0.0,-18.0
1770827056.393859,8.0,0.0,-18.0
1770827056.4892845,8.0,0.0,-18.0
1770827056.6449034,8.0,0.0,-18.0
1770827056.7281666,8.0,0.0,-17.0
1770827056.8391411,8.0,0.0,-17.0
1770827056.9329846,8.0,0.0,-17.0
1770827057.072267,8.0,0.0,-17.0
1770827057.1610844,8.0,0.0,-17.0
1770827057.318335,8.0,0.0,-17.0
1770827057.398126,8.0,0.0,-17.0
1770827057.5199337,8.0,0.0,-17.0
1770827057.604025,8.0,0.0,-17.0
1770827057.7554584,8.0,0.0,-16.0
1770827057.8337843,8.0,0.0,-16.0
1770827057.9488318,8.0,0.0,-16.0
1770827058.0398066,8.0,0.0,-16.0
1770827058.165401,8.0,0.0,-16.0
1770827058.2646003,8.0,0.0,-16.0
1770827058.4064045,8.0,0.0,-16.0
1770827058.4928765,8.0,0.0,-16.0
1770827058.6261246,8.0,0.0,-15.0
1770827058.721218,8.0,0.0,-14.0
1770827058.858222,8.0,0.0,-14.0
1770827058.942145,8.0,0.0,-13.0
1770827059.0772562,8.0,0.0,-13.0
1770827059.1588383,8.0,0.0,-13.0
1770827059.286534,8.0,0.0,-13.0
1770827059.3679218,8.0,0.0,-13.0
1770827059.4905946,8.0,0.0,-13.0
1770827059.5745327,8.0,0.0,-13.0
1770827059.6996386,8.0,0.0,-14.0
1770827059.782861,8.0,0.0,-14.0
1770827059.9040842,8.0,0.0,-14.0
1770827059.9877484,8.0,0.0,-14.0
1770827060.1415973,8.0,0.0,-14.0
1770827060.225466,8.0,0.0,-14.0
1770827060.349181,8.0,0.0,-14.0
1770827060.4297187,8.0,0.0,-14.0
1770827060.5574162,8.0,0.0,-14.0
1770827060.6388876,8.0,0.0,-14.0
1770827060.7588527,8.0,0.0,-14.0
1770827060.8402514,8.0,0.0,-14.0
1770827060.9702892,8.0,0.0,-14.0
1770827061.0534523,8.0,0.0,-14.0
1770827061.1809397,8.0,0.0,-14.0
1770827061.2654595,8.0,0.0,-14.0
1770827061.3977497,8.0,0.0,-14.0
1770827061.483375,8.0,0.0,-14.0
1770827061.6101942,8.0,0.0,-15.0
1770827061.6983418,8.0,0.0,-15.0
1770827061.8178122,8.0,0.0,-15.0
1770827061.8968446,8.0,0.0,-15.0
1770827062.0221233,8.0,0.0,-15.0
1770827062.1035929,8.0,0.0,-15.0
1770827062.237003,8.0,0.0,-15.0
1770827062.3190258,8.0,0.0,-15.0
1770827062.4432778,8.0,0.0,-15.0
1770827062.5251157,8.0,0.0,-15.0
1770827062.6491818,8.0,0.0,-15.0
1770827062.7323282,8.0,0.0,-16.0
1770827062.8537967,8.0,0.0,-19.0
1770827062.9331994,8.0,0.0,-21.0
1770827063.0592308,8.0,0.0,-22.0
1770827063.1391132,8.0,0.0,-22.0
1770827063.260653,8.0,0.0,-23.0
1770827063.3517027,8.0,0.0,-23.0
1770827063.485122,8.0,0.0,-22.0
1770827063.5682998,8.0,0.0,-21.0
1770827063.6917942,8.0,0.0,-18.0
1770827063.7695746,8.0,0.0,-16.0
1770827063.909026,8.0,0.0,-14.0
1770827063.9894052,8.0,0.0,-13.0
1770827064.1428843,8.0,0.0,-12.0
1770827064.22666,8.0,0.0,-11.0
1770827064.3467176,8.0,0.0,-11.0
1770827064.4244158,8.0,0.0,-11.0
1770827064.5457978,8.0,0.0,-9.0
1770827064.6250257,8.0,0.0,-8.0
1770827064.76035,8.0,0.0,-8.0
1770827064.8476212,8.0,0.0,-9.0
1770827064.9746103,8.0,0.0,-9.0
1770827065.0585756,8.0,0.0,-9.0
1770827065.178897,8.0,0.0,-9.0
1770827065.2619867,8.0,0.0,-10.0
1770827065.3813965,8.0,0.0,-9.0
1770827065.4587512,8.0,0.0,-9.0
1770827065.5731936,8.0,0.0,-8.0
1770827065.6491282,8.0,0.0,-8.0
1770827065.7686956,8.0,0.0,-8.0
1770827065.8471,8.0,0.0,-9.0
1770827065.9801457,8.0,0.0,-9.0
1770827066.0587037,8.0,0.0,-10.0
1770827066.1834245,8.0,0.0,-10.0
1770827066.2652109,8.0,0.0,-11.0
1770827066.388265,8.0,0.0,-11.0
1770827066.4682405,8.0,0.0,-11.0
1770827066.585482,8.0,0.0,-11.0
1770827066.6664417,8.0,0.0,-11.0
1770827066.7960908,8.0,0.0,-11.0
1770827066.875793,8.0,0.0,-11.0
1770827066.9890254,8.0,0.0,-9.0
1770827067.0648227,8.0,0.0,-9.0
1770827067.196299,8.0,0.0,-5.0
1770827067.275726,8.0,0.0,-5.0
1770827067.4084387,8.0,0.0,-4.0
1770827067.4927025,8.0,0.0,-3.0
1770827067.6417868,8.0,0.0,-2.0
1770827067.7198892,8.0,0.0,-1.0
1770827067.868046,8.0,0.0,-1.0
1770827067.9487524,8.0,0.0,-1.0
1770827068.0684848,8.0,0.0,-1.0
1770827068.1562507,8.0,0.0,-2.0
1770827068.2897553,8.0,0.0,-2.0
1770827068.3740778,8.0,0.0,-3.0
1770827068.5455782,8.0,0.0,-3.0
1770827068.6226823,8.0,0.0,-3.0
1770827068.7445085,8.0,0.0,-4.0
1770827068.8193989,8.0,0.0,-4.0
1770827068.9677465,8.0,0.0,-4.0
1770827069.0466292,8.0,0.0,-4.0
1770827069.163884,8.0,0.0,-4.0
1770827069.2430522,8.0,0.0,-4.0
1770827069.3902252,8.0,0.0,-3.0
1770827069.4696336,8.0,0.0,-3.0
1770827069.5860205,8.0,0.0,-3.0
1770827069.6650217,8.0,0.0,-4.0
1770827069.833134,8.0,0.0,-5.0
1770827069.9155266,8.0,0.0,-5.0
1770827070.0623102,8.0,0.0,-5.0
1770827070.1413972,8.0,0.0,-5.0
1770827070.29747,8.0,0.0,-5.0
1770827070.3761542,8.0,0.0,-5.0
1770827070.494903,8.0,0.0,-4.0
1770827070.5780408,8.0,0.0,-1.0
1770827070.7218041,8.0,0.0,6.0
1770827070.8010817,8.0,0.0,6.0
1770827070.942463,8.0,0.0,14.0
1770827071.0253682,8.0,0.0,17.0
1770827071.1468885,8.0,0.0,21.0
1770827071.2291365,8.0,0.0,24.0
1770827071.349959,8.0,0.0,26.0
1770827071.4321747,8.0,0.0,27.0
1770827071.5704002,8.0,0.0,29.0
1770827071.6550603,8.0,0.0,30.0
1770827071.7895105,8.0,0.0,31.0
1770827071.8680966,8.0,0.0,32.0
1770827071.98502,8.0,0.0,32.0
1770827072.066317,8.0,0.0,32.0
1770827072.1847854,8.0,0.0,32.0
1770827072.2648995,8.0,0.0,33.0
1770827072.3928497,8.0,0.0,33.0
1770827072.4713886,8.0,0.0,32.0
1770827072.5907106,8.0,0.0,32.0
1770827072.6705022,8.0,0.0,33.0
1770827072.7883666,8.0,0.0,33.0
1770827072.869339,8.0,0.0,34.0
1770827072.9942834,8.0,0.0,34.0
1770827073.0734282,8.0,0.0,34.0
1770827073.193648,8.0,0.0,34.0
1770827073.2726376,8.0,0.0,34.0
1770827073.3944228,8.0,0.0,34.0
1770827073.4764414,8.0,0.0,34.0
1770827073.6343646,8.0,0.0,34.0
1770827073.7187703,8.0,0.0,35.0
1770827073.8572905,8.0,0.0,35.0
1770827073.9424558,8.0,0.0,35.0
1770827074.05717,8.0,0.0,35.0
1770827074.1356516,8.0,0.0,34.0
1770827074.261843,8.0,0.0,34.0
1770827074.3377311,8.0,0.0,34.0
1770827074.454977,8.0,0.0,34.0
1770827074.5367565,8.0,0.0,34.0
1770827074.6699934,8.0,0.0,34.0
1770827074.7502875,8.0,0.0,34.0
1770827074.8926592,8.0,0.0,34.0
1770827074.9801779,7.0,0.0,34.0
1770827075.1069162,7.0,0.0,34.0
1770827075.1908731,7.0,0.0,34.0
1770827075.3178456,7.0,0.0,34.0
1770827075.3930979,7.0,0.0,34.0
1770827075.489429,7.0,0.0,34.0
1770827075.5364995,7.0,0.0,34.0
1770827075.606729,7.0,0.0,34.0
1770827075.6552267,7.0,0.0,34.0
1770827075.7307463,7.0,0.0,34.0
1770827075.7794933,7.0,0.0,34.0
1770827075.8633742,7.0,0.0,34.0
1770827075.9348571,7.0,0.0,34.0
1770827076.0547745,7.0,0.0,34.0
1770827076.137099,7.0,0.0,33.0
1770827076.2584724,7.0,0.0,32.0
1770827076.3372593,7.0,0.0,32.0
1770827076.4531288,7.0,0.0,32.0
1770827076.5305638,7.0,0.0,33.0
1770827076.6506503,7.0,0.0,33.0
1770827076.733455,7.0,0.0,34.0
1770827076.887904,7.0,0.0,33.0
1770827076.96744,7.0,0.0,32.0
1770827077.1203797,7.0,0.0,32.0
1770827077.198738,7.0,0.0,31.0
1770827077.3457978,7.0,0.0,26.0
1770827077.425616,7.0,0.0,26.0
1770827077.5454388,7.0,0.0,20.0
1770827077.6257336,7.0,0.0,20.0
1770827077.7466,7.0,0.0,22.0
1770827077.8273065,7.0,0.0,25.0
1770827077.9800851,7.0,0.0,4.0
1770827078.060137,7.0,0.0,-12.0
1770827078.1814673,7.0,0.0,-25.0
1770827078.2672396,7.0,0.0,-25.0
1770827078.411833,7.0,0.0,-49.0
1770827078.499668,7.0,0.0,-64.0
1770827078.628274,7.0,0.0,-76.0
1770827078.7085469,7.0,0.0,-83.0
1770827078.8608344,7.0,0.0,-95.0
1770827078.9448688,7.0,0.0,-108.0
1770827079.0585005,7.0,0.0,-113.0
1770827079.0734606,7.0,0.0,-113.0
1770827079.1336722,7.0,0.0,-118.0
1770827079.1466382,7.0,0.0,-118.0
1770827079.1874685,7.0,0.0,-118.0
1770827079.1974423,7.0,0.0,-123.0
1770827079.2490437,7.0,0.0,-123.0
1770827079.2592745,7.0,0.0,-123.0
1770827079.2990515,7.0,0.0,-127.0
1770827079.3100278,7.0,0.0,-127.0
1770827079.371104,7.0,0.0,-127.0
1770827079.383074,7.0,0.0,-135.0
1770827079.447441,7.0,0.0,-135.0
1770827079.459406,7.0,0.0,-135.0
1770827079.4983947,7.0,0.0,-135.0
1770827079.5079632,7.0,0.0,-135.0
1770827079.5498226,7.0,0.0,-143.0
1770827079.561269,7.0,0.0,-143.0
1770827079.6292431,7.0,0.0,-143.0
1770827079.640211,7.0,0.0,-143.0
1770827079.6731703,7.0,0.0,-143.0
1770827079.683145,7.0,0.0,-143.0
1770827079.7244384,7.0,0.0,-143.0
1770827079.7363853,7.0,0.0,-143.0
1770827079.7780533,7.0,0.0,-144.0
1770827079.7910404,7.0,0.0,-144.0
1770827079.8318222,7.0,0.0,-144.0
1770827079.8415887,7.0,0.0,-145.0
1770827079.8828764,7.0,0.0,-145.0
1770827079.8958392,7.0,0.0,-145.0
1770827079.9443958,7.0,0.0,-145.0
1770827079.955978,7.0,0.0,-149.0
1770827079.9969049,7.0,0.0,-149.0
1770827080.008842,7.0,0.0,-149.0
1770827080.049948,7.0,0.0,-152.0
1770827080.0619159,7.0,0.0,-152.0
1770827080.1032536,7.0,0.0,-152.0
1770827080.1136098,7.0,0.0,-152.0
1770827080.155515,7.0,0.0,-147.0
1770827080.167485,7.0,0.0,-147.0
1770827080.2088122,7.0,0.0,-147.0
1770827080.22278,7.0,0.0,-147.0
1770827080.2701473,7.0,0.0,-147.0
1770827080.2821288,7.0,0.0,-147.0
1770827080.327963,7.0,0.0,-147.0
1770827080.3419287,7.0,0.0,-147.0
1770827080.3827748,7.0,0.0,-149.0
1770827080.394713,7.0,0.0,-149.0
1770827080.4374144,7.0,0.0,-149.0
1770827080.4492655,7.0,0.0,-151.0
1770827080.4901547,7.0,0.0,-151.0
1770827080.5016396,7.0,0.0,-151.0
1770827080.5444715,7.0,0.0,-151.0
1770827080.5574405,7.0,0.0,-151.0
1770827080.6075463,7.0,0.0,-151.0
1770827080.6194413,7.0,0.0,-151.0
1770827080.6658688,7.0,0.0,-151.0
1770827080.6768732,7.0,0.0,-151.0
1770827080.7240698,7.0,0.0,-151.0
1770827080.7350416,7.0,0.0,-151.0
1770827080.7796235,7.0,0.0,-160.0
1770827080.7906303,7.0,0.0,-160.0
1770827080.828494,7.0,0.0,-160.0
1770827080.8395295,7.0,0.0,-160.0
1770827080.8804936,7.0,0.0,-169.0
1770827080.8896642,7.0,0.0,-169.0
1770827080.9382503,7.0,0.0,-169.0
1770827080.9482207,7.0,0.0,-169.0
1770827080.988222,7.0,0.0,-176.0
1770827080.9971979,7.0,0.0,-176.0
1770827081.0373738,7.0,0.0,-176.0
1770827081.047307,7.0,0.0,-176.0
1770827081.0866642,7.0,0.0,159.0
1770827081.0946572,7.0,0.0,159.0
1770827081.1365469,7.0,0.0,159.0
1770827081.145522,7.0,0.0,159.0
1770827081.1870518,7.0,0.0,147.0
1770827081.195726,7.0,0.0,147.0
1770827081.2439408,7.0,0.0,147.0
1770827081.254914,7.0,0.0,147.0
1770827081.293802,7.0,0.0,149.0
1770827081.302781,7.0,0.0,149.0
1770827081.3442678,7.0,0.0,149.0
1770827081.3552403,7.0,0.0,149.0
1770827081.395857,7.0,0.0,140.0
1770827081.4050345,7.0,0.0,140.0
1770827081.4488842,7.0,0.0,140.0
1770827081.4589553,7.0,0.0,140.0
1770827081.496967,7.0,10.0,125.0
1770827081.5069444,7.0,10.0,125.0
1770827081.5591953,7.0,10.0,125.0
1770827081.5797303,7.0,10.0,112.0
1770827081.627177,7.0,10.0,112.0
1770827081.6391435,7.0,10.0,112.0
1770827081.6842153,7.0,20.0,97.0
1770827081.6962166,7.0,20.0,97.0
1770827081.7430925,7.0,20.0,97.0
1770827081.7554803,7.0,20.0,97.0
1770827081.8017864,7.0,20.0,84.0
1770827081.8127239,7.0,20.0,84.0
1770827081.8537512,7.0,20.0,84.0
1770827081.8630986,7.0,20.0,84.0
1770827081.9091856,7.0,20.0,74.0
1770827081.9211514,7.0,20.0,74.0
1770827081.9825299,7.0,20.0,71.0
1770827081.9915411,7.0,20.0,71.0
1770827082.0333967,7.0,20.0,71.0
1770827082.044373,7.0,20.0,71.0
1770827082.104086,7.0,0.0,66.0
1770827082.1160681,7.0,0.0,66.0
1770827082.1485987,7.0,0.0,66.0
1770827082.1576068,7.0,0.0,66.0
1770827082.221341,7.0,0.0,63.0
1770827082.229613,7.0,0.0,63.0
1770827082.2675428,7.0,0.0,63.0
1770827082.277515,7.0,0.0,63.0
1770827082.3182225,7.0,0.0,62.0
1770827082.3281963,7.0,0.0,62.0
1770827082.3686934,7.0,0.0,62.0
1770827082.3836226,7.0,0.0,62.0
1770827082.4234517,7.0,0.0,62.0
1770827082.4323556,7.0,0.0,62.0
1770827082.4730752,7.0,0.0,62.0
1770827082.4826493,7.0,0.0,62.0
1770827082.5241294,7.0,0.0,64.0
1770827082.5341332,7.0,0.0,64.0
1770827082.6553051,7.0,0.0,65.0
1770827082.7344077,7.0,0.0,65.0
1770827082.8519354,7.0,0.0,65.0
1770827082.928358,7.0,0.0,65.0
1770827083.046752,7.0,0.0,65.0
1770827083.127249,7.0,0.0,65.0
1770827083.251296,7.0,0.0,65.0
1770827083.3286355,7.0,0.0,65.0
1770827083.4529302,7.0,0.0,66.0
1770827083.5333169,7.0,0.0,65.0
1770827083.6605628,7.0,0.0,65.0
1770827083.7473316,7.0,0.0,65.0
1770827083.8754048,7.0,0.0,65.0
1770827083.9568453,7.0,0.0,65.0
1770827084.0782347,7.0,0.0,64.0
1770827084.158501,7.0,0.0,64.0
1770827084.2778747,7.0,0.0,64.0
1770827084.3580718,7.0,0.0,64.0
1770827084.4758143,7.0,0.0,64.0
1770827084.5586047,7.0,0.0,63.0
1770827084.684283,7.0,0.0,63.0
1770827084.7640674,7.0,0.0,63.0
1770827084.8923695,7.0,0.0,61.0
1770827084.9794004,7.0,0.0,61.0
1770827085.124228,7.0,0.0,60.0
1770827085.2072675,7.0,0.0,60.0
1770827085.3242652,7.0,0.0,59.0
1770827085.4003217,7.0,0.0,59.0
1770827085.524177,7.0,0.0,59.0
1770827085.6041672,7.0,0.0,59.0
1770827085.7208402,7.0,0.0,59.0
1770827085.7984817,7.0,0.0,59.0
1770827086.0057034,7.0,0.0,60.0
1770827086.1517582,7.0,0.0,60.0
1770827086.3381772,7.0,0.0,60.0
1770827086.4985468,7.0,0.0,59.0
1770827086.7152767,7.0,0.0,59.0
1770827086.8832738,7.0,0.0,59.0
1770827087.079958,7.0,0.0,59.0
1770827087.2333465,7.0,0.0,59.0
1770827087.420394,7.0,0.0,59.0
1770827087.5619543,7.0,0.0,59.0
1770827087.746074,7.0,0.0,59.0
1770827087.890479,7.0,0.0,59.0
1770827088.0743964,7.0,0.0,59.0
1770827088.2169569,7.0,0.0,59.0
1770827088.4220421,7.0,0.0,59.0
1770827088.5770502,7.0,0.0,59.0
1770827088.7754483,7.0,0.0,59.0
1770827088.9377751,7.0,0.0,59.0
1770827089.1283329,7.0,0.0,59.0
1770827089.2845695,7.0,0.0,59.0
1770827089.4137604,7.0,0.0,59.0
1770827089.4909098,7.0,0.0,59.0
1770827089.6143615,7.0,0.0,59.0
1770827089.6892154,7.0,0.0,59.0
1770827089.827103,7.0,0.0,59.0
1770827089.9152675,7.0,0.0,59.0
1770827090.0463324,7.0,0.0,59.0
1770827090.1333003,7.0,0.0,59.0
1770827090.2827325,7.0,0.0,59.0
1770827090.3819938,7.0,0.0,59.0
1770827090.5193877,7.0,0.0,59.0
1770827090.6006324,7.0,0.0,59.0
1770827090.7263942,7.0,0.0,59.0
1770827090.8041866,7.0,0.0,59.0
1770827090.925746,7.0,0.0,59.0
1770827091.0007143,7.0,0.0,59.0
1770827091.1163802,7.0,0.0,59.0
1770827091.195185,7.0,0.0,59.0
1770827091.31855,7.0,0.0,59.0
1770827091.3995378,7.0,0.0,59.0
1770827091.5238655,7.0,0.0,59.0
1770827091.604254,7.0,0.0,59.0
1770827091.7397475,7.0,0.0,59.0
1770827091.8266916,7.0,0.0,59.0
1770827091.9633055,7.0,0.0,59.0
1770827092.0469122,7.0,0.0,59.0
1770827092.1638925,7.0,0.0,59.0
1770827092.24368,7.0,0.0,59.0
1770827092.3649435,7.0,0.0,59.0
1770827092.448972,7.0,0.0,59.0
1770827092.565054,7.0,0.0,59.0
1770827092.6474044,7.0,0.0,59.0
1770827092.7840743,7.0,0.0,59.0
1770827092.863868,7.0,0.0,59.0
1770827092.983548,7.0,0.0,59.0
1770827093.059788,7.0,0.0,59.0
1770827093.1852663,7.0,0.0,59.0
1770827093.2622583,7.0,0.0,59.0
1770827093.3846912,7.0,0.0,59.0
1770827093.464628,7.0,0.0,59.0
1770827093.5852177,7.0,0.0,59.0
1770827093.6608343,7.0,0.0,58.0
1770827093.7763085,7.0,0.0,58.0
1770827093.8577404,7.0,0.0,57.0
1770827093.9933064,7.0,0.0,57.0
1770827094.0752041,7.0,0.0,57.0
1770827094.201157,7.0,0.0,57.0
1770827094.2820709,7.0,0.0,56.0
1770827094.4031231,7.0,0.0,56.0
1770827094.485413,7.0,0.0,57.0
1770827094.6101084,7.0,0.0,57.0
1770827094.6920676,7.0,0.0,58.0
1770827094.8206382,7.0,0.0,58.0
1770827094.902539,7.0,0.0,58.0
1770827095.022631,7.0,0.0,58.0
1770827095.1094022,7.0,0.0,58.0
1770827095.2585583,7.0,0.0,58.0
1770827095.3485777,7.0,0.0,59.0
1770827095.4771123,7.0,0.0,60.0
1770827095.5614815,7.0,0.0,61.0
1770827095.7212985,7.0,0.0,62.0
1770827095.805075,7.0,0.0,63.0
1770827095.924181,7.0,0.0,64.0
1770827096.0034468,7.0,0.0,65.0
1770827096.1155355,7.0,0.0,66.0
1770827096.1629508,7.0,0.0,66.0
1770827096.2370539,7.0,0.0,66.0
1770827096.2864902,7.0,0.0,66.0
1770827096.3865457,7.0,0.0,66.0
1770827096.4298067,7.0,0.0,66.0
1770827096.5061233,7.0,0.0,66.0
1770827096.5503037,7.0,0.0,66.0
1770827096.6239738,7.0,0.0,66.0
1770827096.6719632,7.0,0.0,66.0
1770827096.790443,7.0,0.0,66.0
1770827096.8757484,7.0,0.0,66.0
1770827097.00293,7.0,0.0,66.0
1770827097.0865839,7.0,0.0,66.0
1770827097.2070415,7.0,0.0,66.0
1770827097.2813237,7.0,0.0,66.0
1770827097.397246,7.0,0.0,66.0
1770827097.4648433,7.0,0.0,66.0
1770827097.5895987,7.0,0.0,66.0
1770827097.6613972,7.0,0.0,66.0
1770827097.7609675,7.0,0.0,66.0
1770827097.8258293,7.0,0.0,66.0
1770827097.9291623,7.0,0.0,66.0
1770827097.995657,7.0,0.0,66.0
1770827098.0972762,7.0,0.0,66.0
1770827098.166701,7.0,0.0,66.0
1770827098.2710183,7.0,0.0,66.0
1770827098.3396266,7.0,0.0,66.0
1770827098.4491603,7.0,0.0,66.0
1770827098.5223503,7.0,0.0,71.0
1770827098.6287525,7.0,0.0,87.0
1770827098.6995165,7.0,0.0,112.0
1770827098.7976155,7.0,0.0,135.0
1770827098.865111,7.0,0.0,154.0
1770827098.969579,7.0,0.0,174.0
1770827099.0404508,7.0,0.0,174.0
1770827099.1635616,7.0,0.0,-169.0
1770827099.248017,7.0,0.0,-159.0
1770827099.370787,7.0,0.0,-156.0
1770827099.4528644,7.0,0.0,-151.0
1770827099.5839255,7.0,0.0,-146.0
1770827099.6648362,7.0,0.0,-143.0
1770827099.793531,7.0,0.0,-138.0
1770827099.8726964,7.0,0.0,-136.0
1770827099.994186,7.0,0.0,-135.0
1770827100.0748196,7.0,0.0,-136.0
1770827100.1959522,7.0,0.0,-136.0
1770827100.2767625,7.0,0.0,-135.0
1770827100.3972785,7.0,0.0,-133.0
1770827100.4779286,7.0,0.0,-130.0
1770827100.6039026,7.0,0.0,-130.0
1770827100.685673,7.0,0.0,-130.0
1770827100.8159158,7.0,0.0,-130.0
1770827100.893708,7.0,0.0,-141.0
1770827101.0465708,7.0,0.0,-146.0
1770827101.128078,7.0,0.0,-145.0
1770827101.2478411,7.0,0.0,-149.0
1770827101.3275468,7.0,0.0,-151.0
1770827101.4659114,7.0,0.0,-154.0
1770827101.541943,7.0,0.0,-155.0
1770827101.6618474,7.0,0.0,-156.0
1770827101.7480009,7.0,0.0,-157.0
1770827101.8844988,7.0,0.0,-155.0
1770827101.9662805,7.0,0.0,-155.0
1770827102.102999,7.0,0.0,-156.0
1770827102.1839597,7.0,0.0,-156.0
1770827102.334465,7.0,0.0,-158.0
1770827102.4145925,7.0,0.0,-158.0
1770827102.5344827,7.0,0.0,-159.0
1770827102.6122746,7.0,0.0,-160.0
1770827102.729166,7.0,0.0,-160.0
1770827102.807382,7.0,0.0,-160.0
1770827102.9296162,7.0,0.0,-160.0
1770827103.0088332,7.0,0.0,-160.0
1770827103.1564417,7.0,0.0,-159.0
1770827103.2367172,7.0,0.0,-159.0
1770827103.3930056,7.0,0.0,-159.0
1770827103.4757845,7.0,0.0,-159.0
1770827103.5890224,7.0,0.0,-159.0
1770827103.668744,7.0,0.0,-159.0
1770827103.8172112,7.0,0.0,-159.0
1770827103.897046,7.0,0.0,-159.0
1770827104.0559487,7.0,0.0,-159.0
1770827104.1399965,7.0,0.0,-158.0
1770827104.3047411,7.0,0.0,-158.0
1770827104.3830068,7.0,0.0,-158.0
1770827104.537184,7.0,0.0,-158.0
1770827104.6169279,7.0,0.0,-158.0
1770827104.7791784,7.0,0.0,-158.0
1770827104.8523388,7.0,0.0,-158.0
1770827104.9981546,7.0,0.0,-157.0
1770827105.081376,7.0,0.0,-157.0
1770827105.247614,7.0,0.0,-157.0
1770827105.333956,7.0,0.0,-157.0
1770827105.4898782,7.0,0.0,-157.0
1770827105.5678976,7.0,0.0,-156.0
1770827105.7131758,7.0,0.0,-154.0
1770827105.7904906,7.0,0.0,-154.0
1770827105.9381902,7.0,0.0,-151.0
1770827106.0223823,7.0,0.0,-150.0
1770827106.1822162,7.0,0.0,-136.0
1770827106.2623656,7.0,0.0,-136.0
1770827106.4001188,7.0,-10.0,-137.0
1770827106.4740446,7.0,-20.0,-146.0
1770827106.5989723,7.0,-20.0,-165.0
1770827106.6787765,7.0,-20.0,-166.0
1770827106.804012,7.0,0.0,-159.0
1770827106.8847938,7.0,0.0,-157.0
1770827107.014969,7.0,0.0,-149.0
1770827107.100104,7.0,0.0,-134.0
1770827107.2327971,7.0,0.0,-113.0
1770827107.311169,7.0,0.0,-108.0
1770827107.4415355,7.0,0.0,-106.0
1770827107.5203056,7.0,0.0,-105.0
1770827107.6531672,7.0,0.0,-101.0
1770827107.7282932,7.0,0.0,-102.0
1770827107.849798,7.0,0.0,-102.0
1770827107.9275644,7.0,0.0,-99.0
1770827108.0466151,7.0,0.0,-95.0
1770827108.1254065,7.0,0.0,-96.0
1770827108.2418952,7.0,0.0,-98.0
1770827108.3236752,7.0,0.0,-105.0
1770827108.4421506,7.0,0.0,-111.0
1770827108.5318224,7.0,0.0,-114.0
1770827108.687152,7.0,0.0,-115.0
1770827108.7740073,7.0,0.0,-118.0
1770827108.8945172,7.0,0.0,-122.0
1770827108.9780915,7.0,0.0,-118.0
1770827109.0975716,7.0,0.0,-130.0
1770827109.184341,7.0,0.0,-134.0
1770827109.312372,7.0,0.0,-134.0
1770827109.3892024,7.0,0.0,-141.0
1770827109.4385521,7.0,0.0,-154.0
1770827109.4545097,7.0,0.0,-154.0
1770827109.4981453,7.0,0.0,-160.0
1770827109.5091157,7.0,0.0,-160.0
1770827109.5574312,7.0,0.0,-160.0
1770827109.568404,7.0,0.0,-160.0
1770827109.6270282,7.0,0.0,-154.0
1770827109.6360009,7.0,0.0,-154.0
1770827109.6775107,7.0,0.0,-154.0
1770827109.6875193,7.0,0.0,-146.0
1770827109.729515,7.0,0.0,-146.0
1770827109.7394876,7.0,0.0,-146.0
1770827109.7804244,7.0,0.0,-146.0
1770827109.788407,7.0,0.0,-144.0
1770827109.8280923,7.0,0.0,-144.0
1770827109.837038,7.0,0.0,-144.0
1770827109.8845203,7.0,0.0,-144.0
1770827109.894336,7.0,0.0,-135.0
1770827109.9362235,7.0,0.0,-135.0
1770827109.9477737,7.0,0.0,-135.0
1770827109.9877627,7.0,0.0,-135.0
1770827109.9967408,7.0,0.0,-110.0
1770827110.0381703,7.0,0.0,-110.0
1770827110.049275,7.0,0.0,-110.0
1770827110.0913024,7.0,0.0,-63.0
1770827110.1022727,7.0,0.0,-63.0
1770827110.1430726,7.0,0.0,-63.0
1770827110.1530757,7.0,0.0,-63.0
1770827110.201046,7.0,10.0,-6.0
1770827110.2109337,7.0,10.0,-6.0
1770827110.2528765,7.0,10.0,-6.0
1770827110.2618246,7.0,10.0,-6.0
1770827110.3018732,7.0,10.0,-4.0
1770827110.3118367,7.0,10.0,-4.0
1770827110.3566394,7.0,10.0,-4.0
1770827110.3666155,7.0,10.0,-4.0
1770827110.4092662,7.0,10.0,-65.0
1770827110.4202054,7.0,10.0,-65.0
1770827110.4591498,7.0,10.0,-65.0
1770827110.4691224,7.0,10.0,-65.0
1770827110.5174465,7.0,0.0,-155.0
1770827110.5259845,7.0,0.0,-155.0
1770827110.565227,7.0,0.0,-155.0
1770827110.5751653,7.0,0.0,-155.0
1770827110.6155581,7.0,0.0,171.0
1770827110.62507,7.0,0.0,171.0
1770827110.6644478,7.0,0.0,171.0
1770827110.674387,7.0,0.0,171.0
1770827110.716797,7.0,0.0,-163.0
1770827110.7257411,7.0,0.0,-163.0
1770827110.7662318,7.0,0.0,-163.0
1770827110.7761223,7.0,0.0,-163.0
1770827110.8244715,7.0,0.0,-163.0
1770827110.8344412,7.0,0.0,-163.0
1770827110.8760939,7.0,0.0,-163.0
1770827110.8857415,7.0,0.0,-163.0
1770827110.9287584,7.0,0.0,-165.0
1770827110.9396982,7.0,0.0,-165.0
1770827110.9817646,7.0,0.0,-165.0
1770827110.990748,7.0,0.0,-165.0
1770827111.030207,7.0,0.0,-162.0
1770827111.0401797,7.0,0.0,-162.0
1770827111.081427,7.0,0.0,-162.0
1770827111.0913937,7.0,0.0,-162.0
1770827111.137272,7.0,0.0,-160.0
1770827111.1492014,7.0,0.0,-160.0
1770827111.1929164,7.0,0.0,-160.0
1770827111.2048862,7.0,0.0,-160.0
1770827111.250017,7.0,0.0,-156.0
1770827111.258571,7.0,0.0,-156.0
1770827111.2953677,7.0,0.0,-156.0
1770827111.3043444,7.0,0.0,-156.0
1770827111.3472316,7.0,0.0,-149.0
1770827111.3562355,7.0,0.0,-149.0
1770827111.3961587,7.0,0.0,-149.0
1770827111.4047167,7.0,0.0,-149.0
1770827111.45256,7.0,0.0,-141.0
1770827111.4631698,7.0,0.0,-141.0
1770827111.504929,7.0,0.0,-141.0
1770827111.516894,7.0,0.0,-141.0
1770827111.5571668,7.0,0.0,-123.0
1770827111.5657313,7.0,0.0,-123.0
1770827111.6079125,7.0,0.0,-123.0
1770827111.6178508,7.0,0.0,-123.0
1770827111.6584802,7.0,0.0,-111.0
1770827111.6664217,7.0,0.0,-111.0
1770827111.7135441,7.0,0.0,-111.0
1770827111.7255087,7.0,0.0,-105.0
1770827111.7716436,7.0,0.0,-105.0
1770827111.7805164,7.0,0.0,-105.0
1770827111.8243995,7.0,0.0,-105.0
1770827111.838361,7.0,0.0,-100.0
1770827111.884687,7.0,0.0,-100.0
1770827111.8966553,7.0,0.0,-100.0
1770827111.9455264,7.0,0.0,-102.0
1770827111.9565344,7.0,0.0,-102.0
1770827112.0000582,7.0,0.0,-102.0
1770827112.0120234,7.0,0.0,-102.0
1770827112.0597,7.0,0.0,-103.0
1770827112.070321,7.0,0.0,-103.0
1770827112.1171563,7.0,0.0,-103.0
1770827112.1271286,7.0,0.0,-103.0
1770827112.1686301,7.0,0.0,-106.0
1770827112.1787713,7.0,0.0,-106.0
1770827112.223687,7.0,0.0,-106.0
1770827112.2366157,7.0,0.0,-112.0
1770827112.2751455,7.0,0.0,-112.0
1770827112.2841272,7.0,0.0,-112.0
1770827112.327012,7.0,0.0,-112.0
1770827112.3375359,7.0,0.0,-116.0
1770827112.3759432,7.0,0.0,-116.0
1770827112.386916,7.0,0.0,-116.0
1770827112.4333036,7.0,0.0,-116.0
1770827112.4432793,7.0,0.0,-121.0
1770827112.4845598,7.0,0.0,-121.0
1770827112.4935358,7.0,0.0,-121.0
1770827112.5345314,7.0,0.0,-121.0
1770827112.5463078,7.0,0.0,-120.0
1770827112.594524,7.0,0.0,-121.0
1770827112.6074991,7.0,0.0,-121.0
1770827112.6499293,7.0,0.0,-121.0
1770827112.6609566,7.0,0.0,-121.0
1770827112.7025757,7.0,0.0,-124.0
1770827112.712549,7.0,0.0,-124.0
1770827112.7615108,7.0,0.0,-124.0
1770827112.770488,7.0,0.0,-124.0
1770827112.8116016,7.0,0.0,-121.0
1770827112.8206804,7.0,0.0,-121.0
1770827112.8597555,7.0,0.0,-121.0
1770827112.868702,7.0,0.0,-121.0
1770827112.9110909,7.0,0.0,-118.0
1770827112.9200356,7.0,0.0,-118.0
1770827112.9612875,7.0,0.0,-118.0
1770827112.9712617,7.0,0.0,-118.0
1770827113.0143504,7.0,0.0,-118.0
1770827113.0223296,7.0,0.0,-118.0
1770827113.138758,7.0,0.0,-119.0
1770827113.2203238,7.0,0.0,-122.0
1770827113.3478727,7.0,0.0,-127.0
1770827113.4266107,7.0,0.0,-129.0
1770827113.547046,7.0,0.0,-130.0
1770827113.6208513,7.0,0.0,-133.0
1770827113.7398753,7.0,0.0,-136.0
1770827113.818801,7.0,0.0,-140.0
1770827113.9397795,7.0,0.0,-143.0
1770827114.0201488,7.0,0.0,-141.0
1770827114.1375465,7.0,0.0,-142.0
1770827114.2186196,7.0,0.0,-142.0
1770827114.3580518,7.0,0.0,-136.0
1770827114.4366035,7.0,0.0,-130.0
1770827114.562029,7.0,0.0,-127.0
1770827114.6396668,7.0,0.0,-128.0
1770827114.758268,7.0,0.0,-129.0
1770827114.8350627,7.0,0.0,-129.0
1770827114.9564075,7.0,0.0,-135.0
1770827115.0362287,7.0,0.0,-135.0
1770827115.0990598,7.0,0.0,-139.0
1770827115.11402,7.0,0.0,-139.0
1770827115.1652815,7.0,0.0,-145.0
1770827115.1762516,7.0,0.0,-145.0
1770827115.2352495,7.0,0.0,-145.0
1770827115.2452219,7.0,0.0,-148.0
1770827115.2890465,7.0,0.0,-148.0
1770827115.3000355,7.0,0.0,-148.0
1770827115.3472316,7.0,0.0,-151.0
1770827115.3559864,7.0,0.0,-151.0
1770827115.3984225,7.0,0.0,-151.0
1770827115.4073615,7.0,0.0,-151.0
1770827115.4498036,7.0,0.0,-151.0
1770827115.4587896,7.0,0.0,-151.0
1770827115.4994817,7.0,0.0,-151.0
1770827115.5094144,7.0,0.0,-151.0
1770827115.5564747,7.0,0.0,-152.0
1770827115.565898,7.0,0.0,-152.0
1770827115.606761,7.0,0.0,-152.0
1770827115.6157365,7.0,0.0,-152.0
1770827115.655602,7.0,0.0,-148.0
1770827115.6645787,7.0,0.0,-148.0
1770827115.7054658,7.0,0.0,-148.0
1770827115.716438,7.0,0.0,-148.0
1770827115.7566698,7.0,0.0,-148.0
1770827115.7646437,7.0,0.0,-148.0
1770827115.8041892,7.0,0.0,-148.0
1770827115.816157,7.0,0.0,-148.0
1770827115.8613312,7.0,0.0,-149.0
1770827115.8720021,7.0,0.0,-149.0
1770827115.9156158,7.0,0.0,-149.0
1770827115.9244196,7.0,0.0,-149.0
1770827115.964495,7.0,0.0,-149.0
1770827115.975466,7.0,0.0,-147.0
1770827116.0169165,7.0,0.0,-142.0
1770827116.0248983,7.0,0.0,-142.0
1770827116.0667145,7.0,0.0,-142.0
1770827116.0756562,7.0,0.0,-142.0
1770827116.1172218,7.0,0.0,-137.0
1770827116.1281595,7.0,0.0,-137.0
1770827116.1755998,7.0,0.0,-137.0
1770827116.186601,7.0,0.0,-137.0
1770827116.2277775,7.0,0.0,-137.0
1770827116.2377508,7.0,0.0,-137.0
1770827116.2776763,7.0,0.0,-137.0
1770827116.2886484,7.0,0.0,-137.0
1770827116.3325596,7.0,0.0,-137.0
1770827116.3425355,7.0,0.0,-137.0
1770827116.3831503,7.0,0.0,-137.0
1770827116.3940897,7.0,0.0,-137.0
1770827116.4346118,7.0,0.0,-136.0
1770827116.444625,7.0,0.0,-136.0
1770827116.5648556,7.0,0.0,-135.0
1770827116.6497846,7.0,0.0,-133.0
1770827116.7767422,7.0,0.0,-135.0
1770827116.8606973,7.0,0.0,-133.0
1770827116.9412818,7.0,0.0,-130.0
1770827116.9894874,7.0,0.0,-130.0
1770827117.059887,7.0,0.0,-133.0
1770827117.1078715,7.0,0.0,-133.0
1770827117.1869044,7.0,0.0,-138.0
1770827117.238443,7.0,0.0,-138.0
1770827117.3133433,7.0,0.0,-138.0
1770827117.3662033,7.0,0.0,-138.0
1770827117.4470294,7.0,0.0,-136.0
1770827117.4971564,7.0,0.0,-136.0
1770827117.5797575,7.0,0.0,-133.0
1770827117.6302154,7.0,0.0,-133.0
1770827117.7109141,7.0,0.0,-130.0
1770827117.7569177,7.0,0.0,-128.0
1770827117.838781,7.0,0.0,-128.0
1770827117.8913379,7.0,0.0,-126.0
1770827117.9717557,7.0,0.0,-123.0
1770827118.0236783,7.0,0.0,-123.0
1770827118.1106954,7.0,0.0,-121.0
1770827118.161042,7.0,0.0,-118.0
1770827118.249791,7.0,0.0,-118.0
1770827118.299532,7.0,0.0,-116.0
1770827118.392169,7.0,0.0,-115.0
1770827118.4496477,7.0,0.0,-115.0
1770827118.5344405,7.0,0.0,-116.0
1770827118.5869036,7.0,0.0,-116.0
1770827118.6652014,7.0,0.0,-115.0
1770827118.71836,7.0,0.0,-115.0
1770827118.8057172,7.0,0.0,-113.0
1770827118.8571894,7.0,0.0,-113.0
1770827118.943893,7.0,0.0,-111.0
1770827118.996085,7.0,0.0,-110.0
1770827119.0908475,7.0,0.0,-109.0
1770827119.1434617,7.0,0.0,-108.0
1770827119.2335424,7.0,0.0,-107.0
1770827119.2853725,7.0,0.0,-107.0
1770827119.367746,7.0,0.0,-107.0
1770827119.4180918,7.0,0.0,-107.0
1770827119.495958,7.0,0.0,-106.0
1770827119.547605,7.0,0.0,-105.0
1770827119.631608,7.0,0.0,-102.0
1770827119.6837335,7.0,0.0,-102.0
1770827119.7624273,7.0,0.0,-100.0
1770827119.8083823,7.0,0.0,-100.0
1770827119.889278,7.0,0.0,-101.0
1770827119.941025,7.0,0.0,-110.0
1770827120.0204318,7.0,0.0,-110.0
1770827120.073291,7.0,0.0,-122.0
1770827120.148817,7.0,10.0,-132.0
1770827120.1994832,7.0,10.0,-132.0
1770827120.2403724,7.0,10.0,-132.0
1770827120.2502825,7.0,10.0,-137.0
1770827120.2893984,7.0,10.0,-137.0
1770827120.2973778,7.0,10.0,-137.0
1770827120.3292904,7.0,10.0,-137.0
1770827120.3379178,7.0,10.0,-137.0
1770827120.372348,7.0,20.0,-134.0
1770827120.380327,7.0,20.0,-134.0
1770827120.428903,7.0,20.0,-134.0
1770827120.4438627,7.0,20.0,-134.0
1770827120.4740202,7.0,20.0,-130.0
1770827120.490975,7.0,20.0,-130.0
1770827120.523549,7.0,20.0,-130.0
1770827120.5324223,7.0,20.0,-130.0
1770827120.5681067,7.0,20.0,-128.0
1770827120.5758166,7.0,20.0,-128.0
1770827120.6105356,7.0,20.0,-128.0
1770827120.629637,7.0,20.0,-128.0
1770827120.6761408,7.0,0.0,-128.0
1770827120.6914694,7.0,0.0,-128.0
1770827120.7234159,7.0,0.0,-128.0
1770827120.7383764,7.0,0.0,-128.0
1770827120.7676275,7.0,0.0,-136.0
1770827120.7851274,7.0,0.0,-136.0
1770827120.8153787,7.0,0.0,-136.0
1770827120.8234818,7.0,0.0,-136.0
1770827120.8623831,7.0,0.0,-140.0
1770827120.870532,7.0,0.0,-140.0
1770827120.9016426,7.0,0.0,-140.0
1770827120.9122012,7.0,0.0,-140.0
1770827120.9560812,7.0,0.0,-140.0
1770827120.9657993,7.0,0.0,-134.0
1770827121.0019147,7.0,0.0,-134.0
1770827121.0178428,7.0,0.0,-134.0
1770827121.0487542,7.0,0.0,-134.0
1770827121.0568347,7.0,0.0,-134.0
1770827121.0959346,7.0,0.0,-133.0
1770827121.110862,7.0,0.0,-133.0
1770827121.1415954,7.0,0.0,-133.0
1770827121.1505961,7.0,0.0,-133.0
1770827121.1889474,7.0,0.0,-134.0
1770827121.204904,7.0,0.0,-134.0
1770827121.2508698,7.0,0.0,-134.0
1770827121.2667964,7.0,0.0,-133.0
1770827121.299183,7.0,0.0,-133.0
1770827121.3087802,7.0,0.0,-133.0
1770827121.34346,7.0,0.0,-133.0
1770827121.3594496,7.0,0.0,-133.0
1770827121.40529,7.0,0.0,-134.0
1770827121.4127784,7.0,0.0,-134.0
1770827121.452371,7.0,0.0,-134.0
1770827121.467643,7.0,0.0,-135.0
1770827121.4970179,7.0,0.0,-135.0
1770827121.5149972,7.0,0.0,-135.0
1770827121.5947394,7.0,0.0,-133.0
1770827121.6655452,7.0,0.0,-133.0
1770827121.7823586,7.0,0.0,-135.0
1770827121.8541772,7.0,0.0,-135.0
1770827121.9682765,7.0,0.0,-137.0
1770827122.0360947,7.0,0.0,-142.0
1770827122.16632,7.0,0.0,-143.0
1770827122.2351358,7.0,0.0,-145.0
1770827122.3601968,7.0,0.0,-145.0
1770827122.4250724,7.0,0.0,-147.0
1770827122.5476842,7.0,0.0,-148.0
1770827122.6138844,7.0,0.0,-148.0
1770827122.7269166,7.0,0.0,-147.0
1770827122.7932684,7.0,0.0,-147.0
1770827122.9165316,7.0,0.0,-146.0
1770827122.9787192,7.0,0.0,-145.0
1770827123.1021378,7.0,0.0,-145.0
1770827123.1670141,7.0,0.0,-145.0
1770827123.294178,7.0,0.0,-145.0
1770827123.3591835,7.0,0.0,-145.0
1770827123.4731357,7.0,0.0,-145.0
1770827123.551795,7.0,0.0,-145.0
1770827123.6773865,7.0,0.0,-145.0
1770827123.7568343,7.0,0.0,-145.0
1770827123.8899016,7.0,0.0,-145.0
1770827123.9681485,7.0,0.0,-145.0
1770827124.0886238,7.0,0.0,-145.0
1770827124.169734,7.0,0.0,-145.0
1770827124.292899,7.0,0.0,-144.0
1770827124.3719156,7.0,0.0,-144.0
1770827124.502815,7.0,0.0,-145.0
1770827124.5840786,7.0,0.0,-145.0
1770827124.8085427,7.0,0.0,-145.0
1770827124.9535522,7.0,0.0,-144.0
1770827125.155831,7.0,0.0,-144.0
1770827125.3336802,7.0,0.0,-144.0
1770827125.5555742,7.0,0.0,-144.0
1770827125.71781,7.0,0.0,-144.0
1770827125.9192402,7.0,0.0,-144.0
1770827126.0680628,7.0,0.0,-144.0
1770827126.2508264,7.0,0.0,-144.0
1770827126.4000297,7.0,0.0,-144.0
1770827126.611577,7.0,0.0,-144.0
1770827126.7486231,7.0,0.0,-144.0
1770827126.9344125,7.0,0.0,-143.0
1770827127.0816057,7.0,0.0,-144.0
1770827127.277556,7.0,0.0,-144.0
1770827127.4170628,7.0,0.0,-144.0
1770827127.615296,7.0,0.0,-144.0
1770827127.7580516,7.0,0.0,-143.0
1770827127.9456143,7.0,0.0,-144.0
1770827128.0995252,7.0,0.0,-144.0
1770827128.233095,7.0,0.0,-144.0
1770827128.3107986,7.0,0.0,-143.0
1770827128.4351425,7.0,0.0,-143.0
1770827128.5213027,7.0,0.0,-143.0
1770827128.668955,7.0,0.0,-143.0
1770827128.7817652,7.0,0.0,-143.0
1770827128.9306867,7.0,0.0,-143.0
1770827129.0189302,7.0,0.0,-143.0
1770827129.1903389,7.0,0.0,-143.0
1770827129.280393,7.0,0.0,-143.0
1770827129.409472,7.0,0.0,-143.0
1770827129.4902573,7.0,0.0,-143.0
1770827129.6442575,7.0,0.0,-143.0
1770827129.7237892,7.0,0.0,-142.0
1770827129.8396757,7.0,0.0,-142.0
1770827129.9189045,7.0,0.0,-142.0
1770827130.075627,7.0,0.0,-142.0
1770827130.1560643,7.0,0.0,-142.0
1770827130.3086824,7.0,0.0,-142.0
1770827130.3885195,7.0,0.0,-142.0
1770827130.5412204,7.0,0.0,-142.0
1770827130.617489,7.0,0.0,-142.0
1770827130.7652965,7.0,0.0,-142.0
1770827130.8427196,7.0,0.0,-142.0
1770827130.9990864,7.0,0.0,-142.0
1770827131.0799615,7.0,0.0,-143.0
1770827131.2309473,7.0,0.0,-143.0
1770827131.3077137,7.0,0.0,-143.0
1770827131.421699,7.0,0.0,-143.0
1770827131.4969578,7.0,0.0,-143.0
1770827131.6367357,7.0,0.0,-143.0
1770827131.7167068,7.0,0.0,-143.0
1770827131.875672,7.0,0.0,-144.0
1770827131.9605763,7.0,0.0,-144.0
1770827132.128966,7.0,0.0,-143.0
1770827132.208304,7.0,0.0,-143.0
1770827132.3323488,7.0,0.0,-143.0
1770827132.4104502,7.0,0.0,-143.0
1770827132.5328321,7.0,0.0,-143.0
1770827132.6163566,7.0,0.0,-143.0
1770827132.7486246,7.0,0.0,-143.0
1770827132.827041,7.0,0.0,-143.0
1770827132.9764009,7.0,0.0,-143.0
1770827133.0567045,7.0,0.0,-142.0
1770827133.1811464,7.0,0.0,-142.0
1770827133.262267,7.0,0.0,-141.0
1770827133.4138007,7.0,0.0,-141.0
1770827133.4985182,7.0,0.0,-141.0
1770827133.6062615,7.0,0.0,-141.0
1770827133.6849852,7.0,0.0,-141.0
1770827133.7985938,7.0,0.0,-141.0
1770827133.8772357,7.0,0.0,-141.0
1770827133.9838896,7.0,0.0,-141.0
1770827134.0627232,7.0,0.0,-141.0
1770827134.1754885,7.0,0.0,-141.0
1770827134.2522826,7.0,0.0,-141.0
1770827134.3771653,7.0,0.0,-141.0
1770827134.4540343,7.0,0.0,-141.0
1770827134.5689373,7.0,0.0,-141.0
1770827134.6573467,7.0,0.0,-141.0
1770827134.8103652,7.0,0.0,-142.0
1770827134.8868325,7.0,0.0,-141.0
1770827135.0335171,7.0,0.0,-142.0
1770827135.1113186,7.0,0.0,-142.0
1770827135.2735531,7.0,0.0,-142.0
1770827135.3572397,7.0,0.0,-142.0
1770827135.5123112,7.0,0.0,-142.0
1770827135.5960753,7.0,0.0,-142.0
1770827135.7581835,7.0,0.0,-142.0
1770827135.8376715,7.0,0.0,-142.0
1770827135.9571059,7.0,0.0,-142.0
1770827136.0343778,7.0,0.0,-142.0
1770827136.17278,7.0,0.0,-142.0
1770827136.252009,7.0,0.0,-142.0
1770827136.4043186,7.0,0.0,-142.0
1770827136.4846184,7.0,0.0,-142.0
1770827136.6361787,7.0,0.0,-142.0
1770827136.724643,7.0,0.0,-142.0
1770827136.8735583,7.0,0.0,-142.0
1770827136.9536116,7.0,0.0,-142.0
1770827137.1138792,7.0,0.0,-142.0
1770827137.1894372,7.0,0.0,-142.0
1770827137.3446867,7.0,0.0,-142.0
1770827137.4239056,7.0,0.0,-142.0
1770827137.5694187,7.0,0.0,-142.0
1770827137.6526072,7.0,0.0,-142.0
1770827137.8279154,7.0,0.0,-142.0
1770827137.9117343,7.0,0.0,-142.0
1770827138.0275218,7.0,0.0,-142.0
1770827138.1086588,7.0,0.0,-142.0
1770827138.269907,7.0,0.0,-142.0
1770827138.3546126,7.0,0.0,-142.0
1770827138.5206084,7.0,0.0,-143.0
1770827138.5973413,7.0,0.0,-143.0
1770827138.7304122,7.0,0.0,-144.0
1770827138.8160164,7.0,0.0,-144.0
1770827138.9467776,7.0,0.0,-145.0
1770827139.0258577,7.0,0.0,-147.0
1770827139.1480138,7.0,0.0,-148.0
1770827139.2287962,7.0,0.0,-151.0
1770827139.377831,7.0,0.0,-155.0
1770827139.45531,7.0,0.0,-156.0
1770827139.564568,7.0,0.0,-157.0
1770827139.648134,7.0,0.0,-159.0
1770827139.778648,7.0,0.0,-162.0
1770827139.8663027,7.0,0.0,-160.0
1770827140.0035217,7.0,0.0,-161.0
1770827140.0917277,7.0,0.0,-164.0
1770827140.2057064,7.0,0.0,-167.0
1770827140.285861,7.0,0.0,-167.0
1770827140.4106624,7.0,0.0,-165.0
1770827140.4920223,7.0,0.0,-162.0
1770827140.6094522,7.0,0.0,-160.0
1770827140.6889868,7.0,0.0,-154.0
1770827140.8088841,7.0,0.0,-145.0
1770827140.888114,7.0,0.0,-136.0
1770827141.0139306,7.0,0.0,-129.0
1770827141.0954974,7.0,0.0,-127.0
1770827141.2106628,7.0,0.0,-126.0
1770827141.2898636,7.0,0.0,-127.0
1770827141.4120512,7.0,0.0,-125.0
1770827141.4919617,7.0,0.0,-129.0
1770827141.6094468,7.0,0.0,-131.0
1770827141.6902342,7.0,0.0,-140.0
1770827141.7490985,7.0,0.0,-140.0
1770827141.763064,7.0,0.0,-140.0
1770827141.805946,7.0,0.0,-144.0
1770827141.8178468,7.0,0.0,-144.0
1770827141.8589933,7.0,0.0,-144.0
1770827141.8659744,7.0,0.0,-144.0
1770827141.9047878,7.0,0.0,-150.0
1770827141.9147277,7.0,0.0,-150.0
1770827141.9520535,7.0,0.0,-150.0
1770827141.966981,7.0,0.0,-150.0
1770827141.9968076,7.0,0.0,-149.0
1770827142.0047867,7.0,0.0,-149.0
1770827142.0367022,7.0,0.0,-149.0
1770827142.043567,7.0,0.0,-149.0
1770827142.0754848,7.0,0.0,-149.0
1770827142.090742,7.0,0.0,-146.0
1770827142.1276429,7.0,0.0,-146.0
1770827142.1522021,7.0,0.0,-146.0
1770827142.1831982,7.0,0.0,-144.0
1770827142.1901834,7.0,0.0,-144.0
1770827142.222094,7.0,0.0,-144.0
1770827142.2298348,7.0,0.0,-144.0
1770827142.2755039,7.0,0.0,-144.0
1770827142.2914598,7.0,0.0,-143.0
1770827142.3222187,7.0,0.0,-143.0
1770827142.3292,7.0,0.0,-143.0
1770827142.3676546,7.0,0.0,-143.0
1770827142.3829596,7.0,0.0,-143.0
1770827142.4203238,7.0,0.0,-143.0
1770827142.4287436,7.0,0.0,-143.0
1770827142.4621677,7.0,0.0,-143.0
1770827142.4761286,7.0,0.0,-143.0
1770827142.5066128,7.0,0.0,-136.0
1770827142.5226662,7.0,0.0,-136.0
1770827142.5535803,7.0,0.0,-136.0
1770827142.5687137,7.0,0.0,-136.0
1770827142.5999012,7.0,0.0,-133.0
1770827142.6075149,7.0,0.0,-133.0
1770827142.6470566,7.0,0.0,-133.0
1770827142.6550078,7.0,0.0,-133.0
1770827142.694239,7.0,0.0,-132.0
1770827142.7098827,7.0,0.0,-132.0
1770827142.741291,7.0,0.0,-132.0
1770827142.7491503,7.0,0.0,-132.0
1770827142.7876365,7.0,0.0,-132.0
1770827142.795615,7.0,0.0,-131.0
1770827142.833541,7.0,0.0,-131.0
1770827142.8403983,7.0,0.0,-131.0
1770827142.879322,7.0,0.0,-131.0
1770827142.8884876,7.0,0.0,-131.0
1770827142.9203312,7.0,0.0,-131.0
1770827142.929116,7.0,0.0,-131.0
1770827142.97212,7.0,0.0,-130.0
1770827142.9807293,7.0,0.0,-130.0
1770827143.0116744,7.0,0.0,-130.0
1770827143.018621,7.0,0.0,-130.0
1770827143.0655158,7.0,0.0,-130.0
1770827143.0729332,7.0,0.0,-130.0
1770827143.105163,7.0,0.0,-130.0
1770827143.1134646,7.0,0.0,-130.0
1770827143.148143,7.0,0.0,-130.0
1770827143.1561215,7.0,0.0,-132.0
1770827143.1933575,7.0,0.0,-132.0
1770827143.2023048,7.0,0.0,-132.0
1770827143.2507308,7.0,0.0,-132.0
1770827143.2663138,7.0,0.0,-132.0
1770827143.297232,7.0,0.0,-132.0
1770827143.3046062,7.0,0.0,-132.0
1770827143.336734,7.0,0.0,-132.0
1770827143.3587108,7.0,0.0,-132.0
1770827143.3886888,7.0,0.0,-132.0
1770827143.397666,7.0,0.0,-132.0
1770827143.436594,7.0,0.0,-132.0
1770827143.446534,7.0,0.0,-132.0
1770827143.481979,7.0,0.0,-132.0
1770827143.4979038,7.0,0.0,-132.0
1770827143.5432603,7.0,0.0,-132.0
1770827143.5502408,7.0,0.0,-132.0
1770827143.5830634,7.0,0.0,-132.0
1770827143.6059077,7.0,0.0,-132.0
1770827143.6348298,7.0,0.0,-132.0
1770827143.6523015,7.0,0.0,-132.0
1770827143.6842759,7.0,0.0,-133.0
1770827143.691255,7.0,0.0,-133.0
1770827143.7310398,7.0,0.0,-133.0
1770827143.739019,7.0,0.0,-133.0
1770827143.7775142,7.0,0.0,-134.0
1770827143.793504,7.0,0.0,-134.0
1770827143.8390515,7.0,0.0,-134.0
1770827143.8548944,7.0,0.0,-134.0
1770827143.8848145,7.0,0.0,-137.0
1770827143.8929868,7.0,0.0,-137.0
1770827143.932055,7.0,0.0,-137.0
1770827143.940028,7.0,0.0,-137.0
1770827143.9785619,7.0,0.0,-140.0
1770827143.99452,7.0,0.0,-140.0
1770827144.0256412,7.0,0.0,-140.0
1770827144.0327828,7.0,0.0,-140.0
1770827144.0726762,7.0,0.0,-142.0
1770827144.0880542,7.0,0.0,-142.0
1770827144.124811,7.0,0.0,-142.0
1770827144.1327896,7.0,0.0,-142.0
1770827144.1651149,7.0,0.0,-142.0
1770827144.1730938,7.0,0.0,-141.0
1770827144.2050886,7.0,0.0,-141.0
1770827144.213574,7.0,0.0,-141.0
1770827144.269429,7.0,0.0,-141.0
1770827144.277408,7.0,0.0,-139.0
1770827144.3096988,7.0,0.0,-139.0
1770827144.3186765,7.0,0.0,-139.0
1770827144.3496788,7.0,0.0,-139.0
1770827144.365637,7.0,0.0,-139.0
1770827144.411232,7.0,0.0,-137.0
1770827144.4271882,7.0,0.0,-137.0
1770827144.4569938,7.0,0.0,-137.0
1770827144.467965,7.0,0.0,-137.0
1770827144.5016103,7.0,0.0,-136.0
1770827144.5191972,7.0,0.0,-136.0
1770827144.5501673,7.0,0.0,-136.0
1770827144.5591402,7.0,0.0,-136.0
1770827144.5960612,7.0,0.0,-139.0
1770827144.6110115,7.0,0.0,-139.0
1770827144.6429896,7.0,0.0,-139.0
1770827144.6579542,7.0,0.0,-139.0
1770827144.6974492,7.0,0.0,-142.0
1770827144.7073877,7.0,0.0,-142.0
1770827144.7514932,7.0,0.0,-142.0
1770827144.7584412,7.0,0.0,-142.0
1770827144.797659,7.0,0.0,-144.0
1770827144.8136516,7.0,0.0,-144.0
1770827144.8434415,7.0,0.0,-144.0
1770827144.8602278,7.0,0.0,-144.0
1770827144.8909023,7.0,0.0,-140.0
1770827144.899877,7.0,0.0,-140.0
1770827144.9376743,7.0,0.0,-140.0
1770827144.9446652,7.0,0.0,-140.0
1770827144.984246,7.0,0.0,-140.0
1770827144.9911952,7.0,0.0,-132.0
1770827145.029889,7.0,0.0,-132.0
1770827145.0452385,7.0,0.0,-132.0
1770827145.076158,7.0,0.0,-132.0
1770827145.085136,7.0,0.0,-132.0
1770827145.118506,7.0,0.0,-126.0
1770827145.1394506,7.0,0.0,-126.0
1770827145.184959,7.0,0.0,-126.0
1770827145.193909,7.0,0.0,-124.0
1770827145.2256756,7.0,0.0,-124.0
1770827145.232419,7.0,0.0,-124.0
1770827145.268672,7.0,0.0,-124.0
1770827145.277652,7.0,0.0,-124.0
1770827145.3105092,7.0,0.0,-122.0
1770827145.3194935,7.0,0.0,-122.0
1770827145.3523955,7.0,0.0,-122.0
1770827145.361373,7.0,0.0,-122.0
1770827145.393686,7.0,0.0,-122.0
1770827145.4004395,7.0,0.0,-122.0
1770827145.432455,7.0,0.0,-122.0
1770827145.4404027,7.0,0.0,-122.0
1770827145.4755533,7.0,0.0,-122.0
1770827145.485527,7.0,0.0,-122.0
1770827145.5247924,7.0,0.0,-123.0
1770827145.5409253,7.0,0.0,-123.0
1770827145.5738366,7.0,0.0,-123.0
1770827145.5828166,7.0,0.0,-123.0
1770827145.6146164,7.0,0.0,-123.0
1770827145.6225646,7.0,0.0,-123.0
1770827145.658767,7.0,0.0,-123.0
1770827145.6662662,7.0,0.0,-123.0
1770827145.7006128,7.0,0.0,-123.0
1770827145.7095897,7.0,0.0,-122.0
1770827145.7415414,7.0,0.0,-122.0
1770827145.7495534,7.0,0.0,-122.0
1770827145.8375201,7.0,0.0,-122.0
1770827145.893658,7.0,0.0,-122.0
1770827145.9801507,7.0,0.0,-119.0
1770827146.0311368,7.0,0.0,-120.0
1770827146.1072052,7.0,0.0,-118.0
1770827146.1563897,7.0,0.0,-118.0
1770827146.2359478,7.0,0.0,-117.0
1770827146.2908006,7.0,0.0,-119.0
1770827146.3752854,7.0,0.0,-120.0
1770827146.4284055,7.0,0.0,-120.0
1770827146.511624,7.0,0.0,-120.0
1770827146.566004,7.0,0.0,-120.0
1770827146.6573741,7.0,0.0,-121.0
1770827146.711037,7.0,0.0,-121.0
1770827146.792406,7.0,0.0,-123.0
1770827146.843221,7.0,0.0,-123.0
1770827146.9234583,7.0,0.0,-123.0
1770827146.9803202,7.0,0.0,-122.0
1770827147.0646846,7.0,0.0,-122.0
1770827147.1175437,7.0,0.0,-121.0
1770827147.1986945,7.0,0.0,-121.0
1770827147.2537975,7.0,0.0,-121.0
1770827147.3329732,7.0,0.0,-121.0
1770827147.3829837,7.0,0.0,-121.0
1770827147.4679296,7.0,0.0,-119.0
1770827147.524778,7.0,0.0,-116.0
1770827147.6122699,7.0,0.0,-110.0
1770827147.666511,7.0,0.0,-110.0
1770827147.7485151,7.0,0.0,-102.0
1770827147.8063605,7.0,0.0,-96.0
1770827147.8908656,7.0,0.0,-96.0
1770827147.9470546,7.0,0.0,-89.0
1770827148.0312974,7.0,0.0,-84.0
1770827148.0871742,7.0,0.0,-84.0
1770827148.1746728,7.0,0.0,-81.0
1770827148.22454,7.0,0.0,-80.0
1770827148.3122582,7.0,0.0,-81.0
1770827148.367214,7.0,0.0,-81.0
1770827148.4773078,7.0,0.0,-82.0
1770827148.5297816,7.0,0.0,-84.0
1770827148.631409,7.0,0.0,-86.0
1770827148.6830227,7.0,0.0,-86.0
1770827148.786097,7.0,0.0,-85.0
1770827148.8361826,7.0,0.0,-86.0
1770827148.9126098,7.0,0.0,-86.0
1770827148.9624934,7.0,0.0,-88.0
1770827149.0383468,7.0,0.0,-90.0
1770827149.0941813,7.0,0.0,-90.0
1770827149.1890013,7.0,0.0,-91.0
1770827149.2408624,7.0,0.0,-89.0
1770827149.3372746,7.0,0.0,-89.0
1770827149.390159,7.0,0.0,-89.0
1770827149.4609547,7.0,0.0,-90.0
1770827149.5060782,7.0,0.0,-90.0
1770827149.5856347,7.0,0.0,-90.0
1770827149.6359699,7.0,0.0,-90.0
1770827149.71774,7.0,0.0,-89.0
1770827149.768968,7.0,0.0,-89.0
1770827149.8552628,7.0,0.0,-87.0
1770827149.9051292,7.0,0.0,-83.0
1770827149.991054,7.0,0.0,-81.0
1770827150.045511,7.0,0.0,-81.0
1770827150.1279607,7.0,0.0,-84.0
1770827150.1807191,7.0,0.0,-84.0
1770827150.2655072,7.0,0.0,-86.0
1770827150.3152668,7.0,0.0,-87.0
1770827150.4164867,7.0,0.0,-88.0
1770827150.4672177,7.0,0.0,-88.0
1770827150.5372877,7.0,0.0,-89.0
1770827150.588959,7.0,0.0,-89.0
1770827150.6888714,7.0,0.0,-89.0
1770827150.7402887,7.0,0.0,-89.0
1770827150.8219953,7.0,0.0,-89.0
1770827150.87461,7.0,0.0,-89.0
1770827150.9532735,7.0,0.0,-90.0
1770827151.0026934,7.0,0.0,-90.0
1770827151.0759358,7.0,0.0,-89.0
1770827151.128814,7.0,0.0,-90.0
1770827151.2014644,7.0,0.0,-90.0
1770827151.253833,7.0,0.0,-90.0
1770827151.3276815,7.0,0.0,-90.0
1770827151.3777525,7.0,0.0,-90.0
1770827151.4527173,7.0,0.0,-90.0
1770827151.5013878,7.0,0.0,-90.0
1770827151.584167,7.0,0.0,-91.0
1770827151.6347036,7.0,0.0,-91.0
1770827151.715715,7.0,0.0,-91.0
1770827151.7690809,7.0,0.0,-92.0
1770827151.8446019,7.0,0.0,-92.0
1770827151.8957233,7.0,0.0,-92.0
1770827151.9679852,7.0,0.0,-92.0
1770827152.021479,7.0,0.0,-92.0
1770827152.0942903,7.0,0.0,-93.0
1770827152.1459448,7.0,0.0,-93.0
1770827152.2201169,7.0,0.0,-93.0
1770827152.2715302,7.0,0.0,-93.0
1770827152.3483284,7.0,0.0,-94.0
1770827152.4023364,7.0,0.0,-94.0
1770827152.5238738,7.0,0.0,-94.0
1770827152.6036603,7.0,0.0,-94.0
1770827152.7307036,7.0,0.0,-94.0
1770827152.8116763,7.0,0.0,-95.0
1770827152.92372,7.0,0.0,-95.0
1770827153.0037305,7.0,0.0,-95.0
1770827153.1304135,7.0,0.0,-96.0
1770827153.212683,7.0,0.0,-95.0
1770827153.335437,7.0,0.0,-95.0
1770827153.4173994,7.0,0.0,-94.0
1770827153.5448487,7.0,0.0,-95.0
1770827153.5581741,7.0,0.0,-95.0
1770827153.611178,7.0,0.0,-94.0
1770827153.6231468,7.0,0.0,-94.0
1770827153.6750178,7.0,0.0,-94.0
1770827153.686976,7.0,0.0,-94.0
1770827153.727955,7.0,0.0,-94.0
1770827153.7362468,7.0,0.0,-94.0
1770827153.7761414,7.0,0.0,-94.0
1770827153.7851167,7.0,0.0,-94.0
1770827153.8277044,7.0,0.0,-94.0
1770827153.837648,7.0,0.0,-94.0
1770827153.8856535,7.0,0.0,-94.0
1770827153.894499,7.0,0.0,-94.0
1770827153.933322,7.0,0.0,-93.0
1770827153.9432645,7.0,0.0,-93.0
1770827153.9830945,7.0,0.0,-93.0
1770827153.9923334,7.0,0.0,-93.0
1770827154.0315838,7.0,0.0,-95.0
1770827154.0405312,7.0,0.0,-95.0
1770827154.082274,7.0,0.0,-95.0
1770827154.091222,7.0,0.0,-95.0
1770827154.1319182,7.0,0.0,-93.0
1770827154.1418943,7.0,0.0,-93.0
1770827154.2588027,7.0,0.0,-93.0
1770827154.338119,7.0,0.0,-93.0
1770827154.4562714,7.0,0.0,-92.0
1770827154.5352118,7.0,0.0,-92.0
1770827154.6614718,7.0,0.0,-92.0
1770827154.7411644,7.0,0.0,-93.0
1770827154.8663812,7.0,0.0,-93.0
1770827154.9559295,7.0,0.0,-92.0
1770827155.092163,7.0,0.0,-93.0
1770827155.18292,7.0,0.0,-93.0
1770827155.3077617,7.0,0.0,-93.0
1770827155.3870225,7.0,0.0,-93.0
1770827155.515503,7.0,0.0,-93.0
1770827155.5926454,7.0,0.0,-93.0
1770827155.7139032,7.0,0.0,-94.0
1770827155.7930498,7.0,0.0,-92.0
1770827155.91743,7.0,0.0,-93.0
1770827155.9945664,7.0,0.0,-91.0
1770827156.120664,7.0,0.0,-91.0
1770827156.2019277,7.0,0.0,-91.0
1770827156.2562935,7.0,0.0,-91.0
1770827156.2692559,7.0,0.0,-91.0
1770827156.319541,7.0,0.0,-89.0
1770827156.3295195,7.0,0.0,-89.0
1770827156.3774998,7.0,0.0,-89.0
1770827156.387472,7.0,0.0,-89.0
1770827156.4272227,7.0,0.0,-88.0
1770827156.436171,7.0,0.0,-88.0
1770827156.4767668,7.0,0.0,-88.0
1770827156.486743,7.0,0.0,-88.0
1770827156.526727,7.0,0.0,-88.0
1770827156.5356746,7.0,0.0,-88.0
1770827156.579038,7.0,0.0,-88.0
1770827156.5880077,7.0,0.0,-88.0
1770827156.6280837,7.0,0.0,-81.0
1770827156.6371276,7.0,0.0,-81.0
1770827156.6840315,7.0,0.0,-81.0
1770827156.6937492,7.0,0.0,-81.0
1770827156.732728,7.0,0.0,-80.0
1770827156.7436988,7.0,0.0,-80.0
1770827156.7854202,7.0,0.0,-80.0
1770827156.7950084,7.0,0.0,-80.0
1770827156.842029,7.0,0.0,-72.0
1770827156.8520374,7.0,0.0,-72.0
1770827156.8929453,7.0,0.0,-72.0
1770827156.9029198,7.0,0.0,-72.0
1770827156.9430084,7.0,0.0,-66.0
1770827156.953175,7.0,0.0,-66.0
1770827157.068786,7.0,0.0,-67.0
1770827157.147604,7.0,0.0,-71.0
1770827157.267946,7.0,0.0,-77.0
1770827157.3473952,7.0,0.0,-85.0
1770827157.471783,7.0,0.0,-96.0
1770827157.5524235,7.0,0.0,-107.0
1770827157.6637208,7.0,0.0,-105.0
1770827157.7475204,7.0,0.0,-102.0
1770827157.8605194,7.0,0.0,-101.0
1770827157.9339147,7.0,0.0,-101.0
1770827158.0562255,7.0,0.0,-105.0
1770827158.1365905,7.0,0.0,-105.0
1770827158.2720356,7.0,0.0,-100.0
1770827158.35742,7.0,0.0,-99.0
1770827158.5246794,7.0,0.0,-100.0
1770827158.6053586,7.0,0.0,-102.0
1770827158.7260118,7.0,0.0,-106.0
1770827158.806772,7.0,0.0,-107.0
1770827158.9297874,7.0,0.0,-107.0
1770827159.0102112,7.0,0.0,-109.0
1770827159.1233459,7.0,0.0,-113.0
1770827159.1986604,7.0,0.0,-113.0
1770827159.3257391,7.0,0.0,-115.0
1770827159.4146724,7.0,0.0,-117.0
1770827159.553617,7.0,0.0,-120.0
1770827159.6303515,7.0,0.0,-120.0
1770827159.7544246,7.0,0.0,-120.0
1770827159.833494,7.0,0.0,-120.0
1770827159.9596395,7.0,0.0,-121.0
1770827160.0489907,7.0,0.0,-120.0
1770827160.178723,7.0,0.0,-117.0
1770827160.190691,7.0,0.0,-117.0
1770827160.254708,7.0,0.0,-114.0
1770827160.264836,7.0,0.0,-114.0
1770827160.3053222,7.0,0.0,-114.0
1770827160.3152966,7.0,0.0,-114.0
1770827160.4250042,7.0,0.0,-111.0
1770827160.5035,7.0,0.0,-109.0
1770827160.6351705,7.0,0.0,-106.0
1770827160.7172709,7.0,0.0,-105.0
1770827160.8380826,7.0,0.0,-106.0
1770827160.914946,7.0,0.0,-110.0
1770827161.0347333,7.0,0.0,-113.0
1770827161.1172116,7.0,0.0,-110.0
1770827161.2321444,7.0,0.0,-105.0
1770827161.3104527,7.0,0.0,-105.0
1770827161.4242742,7.0,0.0,-106.0
1770827161.505072,7.0,0.0,-104.0
1770827161.640253,7.0,0.0,-102.0
1770827161.7254484,7.0,0.0,-98.0
1770827161.8525558,7.0,0.0,-93.0
1770827161.9380684,7.0,0.0,-91.0
1770827162.0614045,7.0,0.0,-92.0
1770827162.1421268,7.0,0.0,-92.0
1770827162.2697785,7.0,0.0,-92.0
1770827162.3446913,7.0,0.0,-92.0
1770827162.4039237,7.0,0.0,-94.0
1770827162.419535,7.0,0.0,-94.0
1770827162.4840565,7.0,0.0,-94.0
1770827162.4930325,7.0,0.0,-94.0
1770827162.540857,7.0,0.0,-94.0
1770827162.5527961,7.0,0.0,-96.0
1770827162.5970845,7.0,0.0,-96.0
1770827162.6063137,7.0,0.0,-96.0
1770827162.647239,7.0,0.0,-100.0
1770827162.6571789,7.0,0.0,-100.0
1770827162.6962273,7.0,0.0,-100.0
1770827162.7053294,7.0,0.0,-100.0
1770827162.7666936,7.0,0.0,-105.0
1770827162.776667,7.0,0.0,-105.0
1770827162.8193777,7.0,0.0,-105.0
1770827162.8293593,7.0,0.0,-105.0
1770827162.8770702,7.0,0.0,-110.0
1770827162.886512,7.0,0.0,-110.0
1770827162.926568,7.0,0.0,-110.0
1770827162.9375396,7.0,0.0,-110.0
1770827162.9793575,7.0,0.0,-109.0
1770827162.990528,7.0,0.0,-109.0
1770827163.030234,7.0,0.0,-109.0
1770827163.042206,7.0,0.0,-109.0
1770827163.0829318,7.0,0.0,-114.0
1770827163.0929356,7.0,0.0,-114.0
1770827163.134859,7.0,0.0,-114.0
1770827163.1458416,7.0,0.0,-114.0
1770827163.21303,7.0,0.0,-119.0
1770827163.2270274,7.0,0.0,-119.0
1770827163.2656016,7.0,0.0,-126.0
1770827163.2755466,7.0,0.0,-126.0
1770827163.3343735,7.0,0.0,-126.0
1770827163.3449984,7.0,0.0,-126.0
1770827163.3835392,7.0,0.0,-132.0
1770827163.392516,7.0,0.0,-132.0
1770827163.4354007,7.0,0.0,-132.0
1770827163.447117,7.0,0.0,-132.0
1770827163.4856453,7.0,0.0,-131.0
1770827163.4955883,7.0,0.0,-131.0
1770827163.5436246,7.0,0.0,-131.0
1770827163.552607,7.0,0.0,-131.0
1770827163.5948083,7.0,0.0,-127.0
1770827163.6047482,7.0,0.0,-127.0
1770827163.6472523,7.0,0.0,-127.0
1770827163.6571968,7.0,0.0,-127.0
1770827163.6962922,7.0,0.0,-127.0
1770827163.706233,7.0,0.0,-127.0
1770827163.7468975,7.0,0.0,-127.0
1770827163.7558732,7.0,0.0,-127.0
1770827163.7956746,7.0,10.0,-126.0
1770827163.8057954,7.0,10.0,-126.0
1770827163.8530219,7.0,10.0,-126.0
1770827163.8640008,7.0,10.0,-126.0
1770827163.9039192,7.0,10.0,-127.0
1770827163.9131584,7.0,10.0,-127.0
1770827163.9529748,7.0,10.0,-127.0
1770827163.961918,7.0,10.0,-127.0
1770827164.0010839,7.0,10.0,-128.0
1770827164.0120711,7.0,10.0,-128.0
1770827164.050673,7.0,10.0,-128.0
1770827164.0596504,7.0,10.0,-128.0
1770827164.100393,7.0,10.0,-128.0
1770827164.1103704,7.0,10.0,-128.0
1770827164.160515,7.0,10.0,-128.0
1770827164.1694884,7.0,10.0,-128.0
1770827164.2112164,7.0,0.0,-128.0
1770827164.224183,7.0,0.0,-128.0
1770827164.2638576,7.0,0.0,-128.0
1770827164.274829,7.0,0.0,-128.0
1770827164.3148236,7.0,0.0,-129.0
1770827164.324021,7.0,0.0,-129.0
1770827164.365393,7.0,0.0,-129.0
1770827164.375344,7.0,0.0,-129.0
1770827164.4161315,7.0,0.0,-129.0
1770827164.42707,7.0,0.0,-129.0
1770827164.475143,7.0,0.0,-129.0
1770827164.4850836,7.0,0.0,-129.0
1770827164.5268965,7.0,0.0,-129.0
1770827164.537867,7.0,0.0,-129.0
1770827164.5767817,7.0,0.0,-129.0
1770827164.5864031,7.0,0.0,-128.0
1770827164.6293275,7.0,0.0,-128.0
1770827164.6402676,7.0,0.0,-128.0
1770827164.68249,7.0,0.0,-128.0
1770827164.692464,7.0,0.0,-127.0
1770827164.7333543,7.0,0.0,-127.0
1770827164.7442944,7.0,0.0,-127.0
1770827164.811822,7.0,0.0,-126.0
1770827164.8208256,7.0,0.0,-126.0
1770827164.860685,7.0,0.0,-126.0
1770827164.870777,7.0,0.0,-126.0
1770827164.9118774,7.0,0.0,-126.0
1770827164.9218202,7.0,0.0,-126.0
1770827164.986204,7.0,0.0,-126.0
1770827164.9993374,7.0,0.0,-126.0
1770827165.0403476,7.0,0.0,-126.0
1770827165.0513186,7.0,0.0,-126.0
1770827165.0991912,7.0,0.0,-127.0
1770827165.115125,7.0,0.0,-127.0
1770827165.2481012,7.0,0.0,-130.0
1770827165.3272574,7.0,0.0,-130.0
1770827165.4556255,7.0,0.0,-130.0
1770827165.5362177,7.0,0.0,-130.0
1770827165.65989,7.0,0.0,-130.0
1770827165.7410717,7.0,0.0,-130.0
1770827165.85945,7.0,0.0,-130.0
1770827165.936626,7.0,0.0,-130.0
1770827166.060241,7.0,0.0,-130.0
1770827166.1379976,7.0,0.0,-130.0
1770827166.275263,7.0,0.0,-130.0
1770827166.352502,7.0,0.0,-130.0
1770827166.481318,7.0,0.0,-131.0
1770827166.5572968,7.0,0.0,-131.0
1770827166.6728156,7.0,0.0,-131.0
1770827166.7520282,7.0,0.0,-131.0
1770827166.866934,7.0,0.0,-131.0
1770827166.9450932,7.0,0.0,-130.0
1770827167.065379,7.0,0.0,-130.0
1770827167.1473331,7.0,0.0,-128.0
1770827167.271478,7.0,0.0,-127.0
1770827167.3534179,7.0,0.0,-128.0
1770827167.500789,7.0,0.0,-126.0
1770827167.584761,7.0,0.0,-126.0
1770827167.7022898,7.0,0.0,-124.0
1770827167.7847254,7.0,0.0,-124.0
1770827167.8936284,7.0,0.0,-124.0
1770827167.9735885,7.0,0.0,-124.0
1770827168.0879338,7.0,0.0,-125.0
1770827168.166416,7.0,0.0,-125.0
1770827168.2904718,7.0,0.0,-126.0
1770827168.3826854,7.0,0.0,-126.0
1770827168.5185099,7.0,0.0,-126.0
1770827168.59985,7.0,0.0,-126.0
1770827168.726287,7.0,0.0,-126.0
1770827168.8056028,7.0,0.0,-126.0
1770827168.9339144,7.0,0.0,-126.0
1770827169.0155957,7.0,0.0,-126.0
1770827169.2297564,7.0,0.0,-126.0
1770827169.3749404,7.0,0.0,-126.0
1770827169.5624986,7.0,0.0,-126.0
1770827169.7227626,7.0,0.0,-126.0
1770827169.9332764,7.0,0.0,-127.0
1770827170.1037798,7.0,0.0,-127.0
1770827170.3235474,7.0,0.0,-127.0
1770827170.4759073,7.0,0.0,-127.0
1770827170.665639,7.0,0.0,-127.0
1770827170.8123477,7.0,0.0,-127.0
1770827171.001139,7.0,0.0,-127.0
1770827171.1426897,7.0,0.0,-127.0
1770827171.3260982,7.0,0.0,-127.0
1770827171.4765947,7.0,0.0,-127.0
1770827171.6669955,7.0,0.0,-127.0
1770827171.8225994,7.0,0.0,-127.0
1770827172.0278344,7.0,0.0,-128.0
1770827172.17285,7.0,0.0,-128.0
1770827172.3555028,7.0,0.0,-128.0
1770827172.51372,7.0,0.0,-128.0
1770827172.6426904,7.0,0.0,-128.0
1770827172.7128537,7.0,0.0,-128.0
1770827172.7912464,7.0,0.0,-128.0
1770827172.8605828,7.0,0.0,-128.0
1770827172.9906225,7.0,0.0,-128.0
1770827173.0843823,7.0,0.0,-128.0
1770827173.225182,7.0,0.0,-129.0
1770827173.311408,7.0,0.0,-129.0
1770827173.4387908,7.0,0.0,-129.0
1770827173.5237634,7.0,0.0,-129.0
1770827173.6540904,7.0,0.0,-129.0
1770827173.737017,7.0,0.0,-129.0
1770827173.8680468,7.0,0.0,-129.0
1770827173.9484982,7.0,0.0,-130.0
1770827174.0826094,7.0,0.0,-129.0
1770827174.1604068,7.0,0.0,-129.0
1770827174.2825754,7.0,0.0,-129.0
1770827174.3620794,7.0,0.0,-129.0
1770827174.479813,7.0,0.0,-129.0
1770827174.560975,7.0,0.0,-129.0
1770827174.6805634,7.0,0.0,-130.0
1770827174.7623882,7.0,0.0,-130.0
1770827174.8859794,7.0,0.0,-130.0
1770827174.9648376,7.0,0.0,-130.0
1770827175.0904436,7.0,0.0,-130.0
1770827175.1757088,7.0,0.0,-130.0
1770827175.3198123,7.0,0.0,-130.0
1770827175.4090595,7.0,0.0,-130.0
1770827175.5298123,7.0,0.0,-130.0
1770827175.6109352,7.0,0.0,-130.0
1770827175.735599,7.0,0.0,-130.0
1770827175.8154347,7.0,0.0,-130.0
1770827175.936995,7.0,0.0,-130.0
1770827176.0129287,7.0,0.0,-130.0
1770827176.1288645,7.0,0.0,-130.0
1770827176.2082741,7.0,0.0,-130.0
1770827176.3319619,7.0,0.0,-130.0
1770827176.412662,7.0,0.0,-130.0
1770827176.538398,7.0,0.0,-130.0
1770827176.619401,7.0,0.0,-130.0
1770827176.7418761,7.0,0.0,-128.0
1770827176.8227878,7.0,0.0,-128.0
1770827176.933301,7.0,0.0,-124.0
1770827177.0272558,7.0,0.0,-124.0
1770827177.1534784,7.0,0.0,-121.0
1770827177.235523,7.0,0.0,-121.0
1770827177.3547642,7.0,0.0,-121.0
1770827177.4308326,7.0,0.0,-121.0
1770827177.5472257,7.0,0.0,-119.0
1770827177.6260145,7.0,0.0,-119.0
1770827177.7664666,7.0,0.0,-119.0
1770827177.8442547,7.0,0.0,-119.0
1770827177.961557,7.0,0.0,-118.0
1770827178.0399754,7.0,0.0,-118.0
1770827178.1565654,7.0,0.0,-117.0
1770827178.2435772,7.0,0.0,-117.0
1770827178.357807,7.0,0.0,-118.0
1770827178.4399476,7.0,0.0,-118.0
1770827178.570495,7.0,0.0,-117.0
1770827178.65667,7.0,0.0,-117.0
1770827178.7900856,7.0,0.0,-117.0
1770827178.8692958,7.0,0.0,-116.0
1770827178.9978642,7.0,0.0,-115.0
1770827179.0823061,7.0,0.0,-114.0
1770827179.2091093,7.0,0.0,-114.0
1770827179.2897747,7.0,0.0,-112.0
1770827179.4011352,7.0,0.0,-111.0
1770827179.480585,7.0,0.0,-111.0
1770827179.6037638,7.0,0.0,-111.0
1770827179.6877775,7.0,0.0,-110.0
1770827179.8107226,7.0,0.0,-111.0
1770827179.8875175,7.0,0.0,-111.0
1770827180.0092156,7.0,0.0,-111.0
1770827180.0876482,7.0,0.0,-110.0
1770827180.2139118,7.0,0.0,-110.0
1770827180.2978876,7.0,0.0,-109.0
1770827180.4158776,7.0,0.0,-106.0
1770827180.499199,7.0,0.0,-106.0
1770827180.6186018,7.0,0.0,-105.0
1770827180.7006142,7.0,0.0,-105.0
1770827180.8206022,7.0,0.0,-105.0
1770827180.9007156,7.0,0.0,-104.0
1770827181.0260386,7.0,0.0,-105.0
1770827181.111248,7.0,0.0,-105.0
1770827181.2706428,7.0,0.0,-105.0
1770827181.353827,7.0,0.0,-105.0
1770827181.4778798,7.0,0.0,-106.0
1770827181.5565372,7.0,0.0,-106.0
1770827181.7079957,7.0,0.0,-106.0
1770827181.787498,7.0,0.0,-106.0
1770827181.9071786,7.0,0.0,-107.0
1770827181.994981,7.0,0.0,-107.0
1770827182.1592095,7.0,0.0,-107.0
1770827182.2422464,7.0,0.0,-107.0
1770827182.3534038,7.0,0.0,-107.0
1770827182.4346123,7.0,0.0,-107.0
1770827182.592384,7.0,0.0,-108.0
1770827182.674165,7.0,0.0,-108.0
1770827182.7909098,7.0,0.0,-108.0
1770827182.8697038,7.0,0.0,-108.0
1770827182.991208,7.0,0.0,-108.0
1770827183.0707989,7.0,0.0,-108.0
1770827183.1922863,7.0,0.0,-108.0
1770827183.2654295,7.0,0.0,-107.0
1770827183.3813252,7.0,0.0,-107.0
1770827183.463131,7.0,0.0,-107.0
1770827183.5887082,7.0,0.0,-106.0
1770827183.6705277,7.0,0.0,-107.0
1770827183.7957613,7.0,0.0,-107.0
1770827183.8753452,7.0,0.0,-108.0
1770827184.0134327,7.0,0.0,-108.0
1770827184.089749,7.0,0.0,-108.0
1770827184.2100444,7.0,0.0,-108.0
1770827184.2890866,7.0,0.0,-108.0
1770827184.4206786,7.0,0.0,-108.0
1770827184.505924,7.0,0.0,-109.0
1770827184.6275113,7.0,0.0,-109.0
1770827184.7137163,7.0,0.0,-109.0
1770827184.8407197,7.0,0.0,-110.0
1770827184.9236562,7.0,0.0,-110.0
1770827185.045356,7.0,0.0,-110.0
1770827185.1316376,7.0,0.0,-110.0
1770827185.272283,7.0,0.0,-110.0
1770827185.357576,7.0,0.0,-110.0
1770827185.484127,7.0,0.0,-110.0
1770827185.5751278,7.0,0.0,-109.0
1770827185.7105384,7.0,0.0,-110.0
1770827185.7903225,7.0,0.0,-110.0
1770827185.919295,7.0,0.0,-111.0
1770827186.0036235,7.0,0.0,-111.0
1770827186.1361222,7.0,0.0,-112.0
1770827186.227877,7.0,0.0,-111.0
1770827186.3624988,7.0,0.0,-110.0
1770827186.459758,7.0,0.0,-110.0
1770827186.601929,7.0,0.0,-111.0
1770827186.6757545,7.0,0.0,-112.0
1770827186.7955697,7.0,0.0,-111.0
1770827186.8763542,7.0,0.0,-111.0
1770827186.9891806,7.0,0.0,-113.0
1770827187.0680358,7.0,0.0,-113.0
1770827187.1887736,7.0,0.0,-113.0
1770827187.2690678,7.0,0.0,-112.0
1770827187.3915188,7.0,0.0,-113.0
1770827187.468783,7.0,0.0,-113.0
1770827187.5938325,7.0,0.0,-113.0
1770827187.673575,7.0,0.0,-113.0
1770827187.8009117,7.0,0.0,-114.0
1770827187.8826954,7.0,0.0,-114.0
1770827188.0062702,7.0,0.0,-121.0
1770827188.0846784,7.0,0.0,-121.0
1770827188.2115278,7.0,0.0,-134.0
1770827188.2903175,7.0,0.0,-134.0
1770827188.4069357,7.0,0.0,-137.0
1770827188.486448,7.0,0.0,-145.0
1770827188.6119347,7.0,0.0,-160.0
1770827188.7034862,7.0,0.0,-178.0
1770827188.8336546,7.0,0.0,154.0
1770827188.9170928,7.0,0.0,154.0
1770827189.0581496,7.0,0.0,140.0
1770827189.142869,7.0,0.0,135.0
1770827189.2689257,7.0,0.0,131.0
1770827189.3510377,7.0,0.0,129.0
1770827189.4969795,7.0,0.0,124.0
1770827189.5765824,7.0,0.0,124.0
1770827189.6963022,7.0,0.0,121.0
1770827189.7780836,7.0,0.0,121.0
1770827189.9274602,7.0,0.0,121.0
1770827190.008189,7.0,0.0,121.0
1770827190.1299908,7.0,0.0,121.0
1770827190.2119145,7.0,0.0,122.0
1770827190.36907,7.0,0.0,122.0
1770827190.4478862,7.0,0.0,122.0
1770827190.567623,7.0,0.0,123.0
1770827190.6523952,7.0,0.0,124.0
1770827190.7805562,7.0,0.0,124.0
1770827190.863979,7.0,0.0,124.0
1770827190.987326,7.0,0.0,124.0
1770827191.0664167,7.0,0.0,124.0
1770827191.1830528,7.0,0.0,122.0
1770827191.2638445,7.0,0.0,121.0
1770827191.3838103,7.0,0.0,120.0
1770827191.460129,7.0,0.0,120.0
1770827191.5887382,7.0,0.0,120.0
1770827191.6702836,7.0,0.0,120.0
1770827191.7965565,7.0,0.0,119.0
1770827191.880411,7.0,0.0,119.0
1770827192.0196834,7.0,0.0,120.0
1770827192.1054544,7.0,0.0,119.0
1770827192.2377768,7.0,0.0,119.0
1770827192.3214097,7.0,0.0,118.0
1770827192.4425783,7.0,0.0,118.0
1770827192.523871,7.0,0.0,118.0
1770827192.6436863,7.0,0.0,117.0
1770827192.725223,7.0,0.0,117.0
1770827192.861849,7.0,0.0,117.0
1770827192.9426525,7.0,0.0,117.0
1770827193.060068,7.0,0.0,116.0
1770827193.1039755,7.0,0.0,116.0
1770827193.1775408,7.0,0.0,116.0
1770827193.226153,7.0,0.0,116.0
1770827193.3007803,7.0,0.0,116.0
1770827193.3715928,7.0,0.0,116.0
1770827193.4926825,7.0,0.0,116.0
1770827193.5713215,7.0,0.0,115.0
1770827193.6914537,7.0,0.0,115.0
1770827193.7712345,7.0,0.0,115.0
1770827193.9021149,7.0,0.0,115.0
1770827193.9839287,7.0,0.0,115.0
1770827194.1046796,7.0,0.0,115.0
1770827194.1846936,7.0,0.0,115.0
1770827194.3041518,7.0,0.0,115.0
1770827194.3835683,7.0,0.0,115.0
1770827194.5034857,7.0,0.0,115.0
1770827194.5822797,7.0,0.0,115.0
1770827194.6991098,7.0,0.0,115.0
1770827194.773909,7.0,0.0,115.0
1770827194.8949592,7.0,0.0,115.0
1770827194.977841,7.0,0.0,115.0
1770827195.1048484,7.0,0.0,115.0
1770827195.1822188,7.0,0.0,115.0
1770827195.3016722,7.0,0.0,115.0
1770827195.3831205,7.0,0.0,115.0
1770827195.5173612,7.0,0.0,114.0
1770827195.6021333,7.0,0.0,115.0
1770827195.7366388,7.0,0.0,115.0
1770827195.820304,7.0,0.0,117.0
1770827195.950782,7.0,0.0,123.0
1770827196.0370626,7.0,0.0,125.0
1770827196.1544585,7.0,0.0,127.0
1770827196.234683,7.0,0.0,128.0
1770827196.3628736,7.0,0.0,131.0
1770827196.4359362,7.0,0.0,135.0
1770827196.5558207,7.0,0.0,140.0
1770827196.634613,7.0,0.0,141.0
1770827196.7550273,7.0,0.0,141.0
1770827196.8377216,7.0,0.0,140.0
1770827196.962244,7.0,0.0,139.0
1770827197.0380409,7.0,0.0,139.0
1770827197.1548636,7.0,0.0,140.0
1770827197.2351475,7.0,0.0,140.0
1770827197.3594663,7.0,0.0,142.0
1770827197.4383872,7.0,0.0,142.0
1770827197.5632246,7.0,0.0,145.0
1770827197.6450403,7.0,0.0,144.0
1770827197.762439,7.0,0.0,145.0
1770827197.8390098,7.0,0.0,145.0
1770827197.9608507,7.0,0.0,146.0
1770827198.038504,7.0,0.0,146.0
1770827198.1897693,7.0,0.0,144.0
1770827198.269023,7.0,0.0,140.0
1770827198.3750553,7.0,0.0,135.0
1770827198.45739,7.0,0.0,135.0
1770827198.6021018,7.0,0.0,131.0
1770827198.6832933,7.0,0.0,130.0
1770827198.8150282,7.0,0.0,132.0
1770827198.897373,7.0,0.0,133.0
1770827199.0200949,7.0,0.0,129.0
1770827199.103605,7.0,0.0,126.0
1770827199.213252,7.0,0.0,125.0
1770827199.2933586,7.0,0.0,125.0
1770827199.4045663,7.0,0.0,125.0
1770827199.4858975,7.0,0.0,124.0
1770827199.6077445,7.0,0.0,125.0
1770827199.6886876,7.0,0.0,126.0
1770827199.817955,7.0,0.0,125.0
1770827199.899877,7.0,0.0,124.0
1770827200.0289748,7.0,0.0,124.0
1770827200.111751,7.0,0.0,125.0
1770827200.2413554,7.0,0.0,124.0
1770827200.3192272,7.0,0.0,122.0
1770827200.4337614,7.0,0.0,120.0
1770827200.5134752,7.0,0.0,120.0
1770827200.6279202,7.0,0.0,121.0
1770827200.7072227,7.0,0.0,122.0
1770827200.8262072,7.0,0.0,123.0
1770827200.9124446,7.0,0.0,122.0
1770827201.0295603,7.0,0.0,122.0
1770827201.1079695,7.0,0.0,123.0
1770827201.23991,7.0,0.0,123.0
1770827201.3167045,7.0,0.0,123.0
1770827201.5150902,7.0,0.0,123.0
1770827201.6514945,7.0,0.0,123.0
1770827201.848206,7.0,0.0,123.0
1770827202.0094955,7.0,0.0,123.0
1770827202.2334504,7.0,0.0,123.0
1770827202.4103475,7.0,0.0,123.0
1770827202.6272354,7.0,0.0,123.0
1770827202.7804818,7.0,0.0,123.0
1770827202.9729664,7.0,0.0,122.0
1770827203.1147332,7.0,0.0,122.0
1770827203.3157043,7.0,0.0,122.0
1770827203.4594166,7.0,0.0,122.0
1770827203.649806,7.0,0.0,122.0
1770827203.7936413,7.0,0.0,122.0
1770827203.983291,7.0,0.0,122.0
1770827204.1257215,7.0,0.0,122.0
1770827204.31386,7.0,0.0,122.0
1770827204.459838,7.0,0.0,122.0
1770827204.652203,7.0,0.0,121.0
1770827204.8081915,7.0,0.0,121.0
1770827204.9509892,7.0,0.0,121.0
1770827205.030733,7.0,0.0,121.0
1770827205.1527066,7.0,0.0,121.0
1770827205.23325,7.0,0.0,121.0
1770827205.365614,7.0,0.0,121.0
1770827205.4541798,7.0,0.0,121.0
1770827205.5948002,7.0,0.0,121.0
1770827205.6904967,7.0,0.0,121.0
1770827205.8406785,7.0,0.0,121.0
1770827205.935423,7.0,0.0,121.0
1770827206.0866807,7.0,0.0,121.0
1770827206.1644793,7.0,0.0,121.0
1770827206.2914972,7.0,0.0,121.0
1770827206.366777,7.0,0.0,121.0
1770827206.4985805,7.0,0.0,121.0
1770827206.580362,7.0,0.0,121.0
1770827206.7071812,7.0,0.0,120.0
1770827206.7863941,7.0,0.0,120.0
1770827206.911903,7.0,0.0,120.0
1770827206.9948425,7.0,0.0,120.0
1770827207.120053,7.0,0.0,120.0
1770827207.1980991,7.0,0.0,120.0
1770827207.3221183,7.0,0.0,120.0
1770827207.4081948,7.0,0.0,120.0
1770827207.524927,7.0,0.0,120.0
1770827207.6079268,7.0,0.0,120.0
1770827207.739576,7.0,0.0,120.0
1770827207.8150826,7.0,0.0,120.0
1770827207.9367397,7.0,0.0,120.0
1770827208.0166118,7.0,0.0,125.0
1770827208.1356978,7.0,0.0,145.0
1770827208.2164838,7.0,0.0,164.0
1770827208.3388164,7.0,0.0,-171.0
1770827208.418943,7.0,0.0,-150.0
1770827208.5399177,7.0,0.0,-132.0
1770827208.6182055,7.0,0.0,-122.0
1770827208.748117,7.0,0.0,-115.0
1770827208.8259068,7.0,0.0,-106.0
1770827208.9805348,7.0,0.0,-100.0
1770827209.063711,7.0,0.0,-94.0
1770827209.206805,7.0,0.0,-94.0
1770827209.2962847,7.0,0.0,-93.0
1770827209.422241,7.0,0.0,-92.0
1770827209.4999332,7.0,0.0,-92.0
1770827209.622851,7.0,0.0,-91.0
1770827209.6992567,7.0,0.0,-92.0
1770827209.8332207,7.0,0.0,-92.0
1770827209.9152443,7.0,0.0,-93.0
1770827210.0347602,7.0,0.0,-92.0
1770827210.1151938,7.0,0.0,-93.0
1770827210.244345,7.0,0.0,-93.0
1770827210.3176935,7.0,0.0,-93.0
1770827210.4434006,7.0,0.0,-94.0
1770827210.5152085,7.0,0.0,-94.0
1770827210.6350489,7.0,0.0,-94.0
1770827210.7130804,7.0,0.0,-95.0
1770827210.8408427,7.0,0.0,-95.0
1770827210.9203012,7.0,0.0,-95.0
1770827211.0360856,7.0,0.0,-95.0
1770827211.122218,7.0,0.0,-95.0
1770827211.2406528,7.0,0.0,-95.0
1770827211.3216274,7.0,0.0,-95.0
1770827211.4469097,7.0,0.0,-95.0
1770827211.523746,7.0,0.0,-94.0
1770827211.6492453,7.0,0.0,-93.0
1770827211.7287378,7.0,0.0,-92.0
1770827211.8557131,7.0,0.0,-92.0
1770827211.9364598,7.0,0.0,-92.0
1770827212.0566633,7.0,0.0,-94.0
1770827212.1344867,7.0,0.0,-107.0
1770827212.2551355,7.0,0.0,-138.0
1770827212.3337452,7.0,0.0,179.0
1770827212.458229,7.0,-10.0,136.0
1770827212.5483925,7.0,-10.0,123.0
1770827212.686097,7.0,-20.0,122.0
1770827212.775374,7.0,-20.0,121.0
1770827212.8999882,7.0,-10.0,125.0
1770827212.981241,7.0,-10.0,125.0
1770827213.0998354,7.0,-10.0,130.0
1770827213.1792376,7.0,0.0,135.0
1770827213.3042035,7.0,0.0,141.0
1770827213.383442,7.0,0.0,149.0
1770827213.507297,7.0,0.0,151.0
1770827213.572123,7.0,0.0,151.0
1770827213.6483178,7.0,0.0,153.0
1770827213.7224786,7.0,0.0,153.0
1770827213.866354,7.0,0.0,157.0
1770827213.9578295,7.0,0.0,159.0
1770827214.0850227,7.0,0.0,162.0
1770827214.1652904,7.0,0.0,166.0
1770827214.2859266,7.0,0.0,168.0
1770827214.3607273,7.0,0.0,169.0
1770827214.4785357,7.0,0.0,168.0
1770827214.5556624,7.0,0.0,170.0
1770827214.6710637,7.0,0.0,172.0
1770827214.6840286,7.0,0.0,172.0
1770827214.7427275,7.0,0.0,174.0
1770827214.7546995,7.0,0.0,174.0
1770827214.822397,7.0,0.0,174.0
1770827214.8333662,7.0,0.0,174.0
1770827214.8957567,7.0,0.0,176.0
1770827214.9067986,7.0,0.0,176.0
1770827214.948714,7.0,0.0,177.0
1770827214.9576948,7.0,0.0,177.0
1770827215.0006855,7.0,0.0,177.0
1770827215.0096638,7.0,0.0,177.0
1770827215.0507479,7.0,0.0,178.0
1770827215.0617192,7.0,0.0,178.0
1770827215.1242526,7.0,0.0,178.0
1770827215.1421742,7.0,0.0,178.0
1770827215.1871138,7.0,0.0,177.0
1770827215.1960938,7.0,0.0,177.0
1770827215.2395144,7.0,0.0,177.0
1770827215.249518,7.0,0.0,178.0
1770827215.2885284,7.0,0.0,178.0
1770827215.296478,7.0,0.0,178.0
1770827215.3371177,7.0,0.0,178.0
1770827215.3470874,7.0,0.0,178.0
1770827215.3858569,7.0,0.0,179.0
1770827215.3947096,7.0,0.0,179.0
1770827215.434638,7.0,0.0,179.0
1770827215.4475756,7.0,0.0,179.0
1770827215.494596,7.0,0.0,-179.0
1770827215.5065641,7.0,0.0,-179.0
1770827215.5462077,7.0,0.0,-179.0
1770827215.5553596,7.0,0.0,-179.0
1770827215.5935304,7.0,0.0,-179.0
1770827215.6025052,7.0,0.0,-179.0
1770827215.6450906,7.0,0.0,179.0
1770827215.6540992,7.0,0.0,179.0
1770827215.6931672,7.0,0.0,179.0
1770827215.70314,7.0,0.0,179.0
1770827215.7440286,7.0,0.0,175.0
1770827215.7541065,7.0,0.0,175.0
1770827215.8253653,7.0,0.0,171.0
1770827215.8383067,7.0,0.0,171.0
1770827215.883807,7.0,0.0,171.0
1770827215.8967743,7.0,0.0,171.0
1770827215.9669533,7.0,0.0,168.0
1770827215.9798882,7.0,0.0,168.0
1770827216.026794,7.0,0.0,168.0
1770827216.0381036,7.0,0.0,168.0
1770827216.083173,7.0,0.0,168.0
1770827216.0931184,7.0,0.0,168.0
1770827216.1340683,7.0,0.0,169.0
1770827216.1440377,7.0,0.0,169.0
1770827216.195895,7.0,0.0,169.0
1770827216.2068634,7.0,0.0,169.0
1770827216.2530274,7.0,0.0,169.0
1770827216.2616053,7.0,0.0,169.0
1770827216.3045022,7.0,0.0,169.0
1770827216.3151748,7.0,0.0,169.0
1770827216.353761,7.0,0.0,168.0
1770827216.3637094,7.0,0.0,168.0
1770827216.404027,7.0,0.0,168.0
1770827216.4140184,7.0,0.0,168.0
1770827216.453938,7.0,0.0,169.0
1770827216.4629116,7.0,0.0,169.0
1770827216.5113873,7.0,0.0,169.0
1770827216.520742,7.0,0.0,169.0
1770827216.5605993,7.0,0.0,170.0
1770827216.5715692,7.0,0.0,170.0
1770827216.6135752,7.0,0.0,170.0
1770827216.6235242,7.0,0.0,170.0
1770827216.6634429,7.0,0.0,172.0
1770827216.6744175,7.0,0.0,172.0
1770827216.7139332,7.0,0.0,172.0
1770827216.7229097,7.0,0.0,172.0
1770827216.7630408,7.0,0.0,174.0
1770827216.7740636,7.0,0.0,174.0
1770827216.819025,7.0,0.0,174.0
1770827216.8296084,7.0,0.0,174.0
1770827216.8696585,7.0,0.0,174.0
1770827216.8789263,7.0,0.0,174.0
1770827216.9183862,7.0,0.0,174.0
1770827216.9273622,7.0,0.0,174.0
1770827216.969288,7.0,0.0,177.0
1770827216.9788048,7.0,0.0,177.0
1770827217.0215683,7.0,0.0,177.0
1770827217.031541,7.0,0.0,177.0
1770827217.072458,7.0,0.0,179.0
1770827217.0824635,7.0,0.0,179.0
1770827217.1296415,7.0,0.0,179.0
1770827217.140617,7.0,0.0,-178.0
1770827217.1807773,7.0,0.0,-178.0
1770827217.1917078,7.0,0.0,-178.0
1770827217.2376223,7.0,0.0,-175.0
1770827217.2476673,7.0,0.0,-175.0
1770827217.2906904,7.0,0.0,-175.0
1770827217.3006647,7.0,0.0,-175.0
1770827217.3400378,7.0,0.0,-175.0
1770827217.3492668,7.0,0.0,-175.0
1770827217.3875043,7.0,0.0,-175.0
1770827217.3974516,7.0,0.0,-175.0
1770827217.4443235,7.0,0.0,-175.0
1770827217.454189,7.0,0.0,-175.0
1770827217.4923532,7.0,0.0,-175.0
1770827217.5012975,7.0,0.0,-175.0
1770827217.5432522,7.0,0.0,-175.0
1770827217.55168,7.0,0.0,-175.0
1770827217.5906017,7.0,0.0,-175.0
1770827217.599577,7.0,0.0,-175.0
1770827217.645104,7.0,0.0,-175.0
1770827217.654794,7.0,0.0,-175.0
1770827217.693548,7.0,0.0,-175.0
1770827217.7034972,7.0,0.0,-175.0
1770827217.757087,7.0,0.0,-175.0
1770827217.7683766,7.0,0.0,-175.0
1770827217.816473,7.0,0.0,-175.0
1770827217.8314333,7.0,0.0,-175.0
1770827217.8791037,7.0,0.0,-175.0
1770827217.8910418,7.0,0.0,-175.0
1770827217.9358423,7.0,0.0,-175.0
1770827217.9498024,7.0,0.0,-175.0
1770827217.9939377,7.0,0.0,-175.0
1770827218.004877,7.0,0.0,-175.0
1770827218.051083,7.0,0.0,-175.0
1770827218.0620544,7.0,0.0,-175.0
1770827218.114598,7.0,0.0,-175.0
1770827218.124573,7.0,0.0,-175.0
1770827218.1644456,7.0,0.0,-175.0
1770827218.1744199,7.0,0.0,-175.0
1770827218.2133167,7.0,0.0,-175.0
1770827218.2252629,7.0,0.0,-175.0
1770827218.2656877,7.0,0.0,-175.0
1770827218.275666,7.0,0.0,-175.0
1770827218.3145633,7.0,0.0,-175.0
1770827218.3245342,7.0,0.0,-175.0
1770827218.361969,7.0,0.0,-175.0
1770827218.3692272,7.0,0.0,-175.0
1770827218.417103,7.0,0.0,-175.0
1770827218.4282324,7.0,0.0,-175.0
1770827218.4655821,7.0,0.0,-175.0
1770827218.4745593,7.0,0.0,-175.0
1770827218.5160754,7.0,0.0,-175.0
1770827218.525734,7.0,0.0,-175.0
1770827218.5666292,7.0,0.0,-175.0
1770827218.5765681,7.0,0.0,-175.0
1770827218.6160827,7.0,0.0,-175.0
1770827218.6252499,7.0,0.0,-175.0
1770827218.6643767,7.0,0.0,-175.0
1770827218.6753163,7.0,0.0,-175.0
1770827218.7205906,7.0,0.0,-175.0
1770827218.7305682,7.0,0.0,-175.0
1770827218.7698076,7.0,0.0,-175.0
1770827218.7787917,7.0,0.0,-175.0
1770827218.8186948,7.0,0.0,-175.0
1770827218.8278816,7.0,0.0,-175.0
1770827218.870767,7.0,0.0,-175.0
1770827218.8806608,7.0,0.0,-175.0
1770827218.9199562,7.0,0.0,-175.0
1770827218.9299374,7.0,0.0,-175.0
1770827218.9699976,7.0,0.0,-175.0
1770827218.9794407,7.0,0.0,-175.0
1770827219.024895,7.0,0.0,-175.0
1770827219.035834,7.0,0.0,-175.0
1770827219.0815046,7.0,0.0,-175.0
1770827219.093515,7.0,0.0,-175.0
1770827219.1384017,7.0,0.0,-175.0
1770827219.1513987,7.0,0.0,-175.0
1770827219.1976805,7.0,0.0,-175.0
1770827219.2126153,7.0,0.0,-175.0
1770827219.260483,7.0,0.0,-175.0
1770827219.2775922,7.0,0.0,-175.0
1770827219.31863,7.0,0.0,-175.0
1770827219.328574,7.0,0.0,-175.0
1770827219.3748043,7.0,0.0,-175.0
1770827219.3847861,7.0,0.0,-175.0
1770827219.4232635,7.0,0.0,-175.0
1770827219.4342325,7.0,0.0,-175.0
1770827219.4714665,7.0,0.0,-175.0
1770827219.48048,7.0,0.0,-175.0
1770827219.5204277,7.0,0.0,-175.0
1770827219.5293992,7.0,0.0,-175.0
1770827219.5688193,7.0,0.0,-175.0
1770827219.5775633,7.0,0.0,-175.0
1770827219.6188626,7.0,0.0,-175.0
1770827219.6270914,7.0,0.0,-175.0
1770827219.677191,7.0,0.0,-175.0
1770827219.6871653,7.0,0.0,-175.0
1770827219.72606,7.0,0.0,-175.0
1770827219.735037,7.0,0.0,-175.0
1770827219.7747917,7.0,0.0,-175.0
1770827219.784773,7.0,0.0,-175.0
1770827219.8247116,7.0,0.0,-175.0
1770827219.833732,7.0,0.0,-175.0
1770827219.8745515,7.0,0.0,-175.0
1770827219.88453,7.0,0.0,-175.0
1770827219.9269073,7.0,0.0,-175.0
1770827219.9361231,7.0,0.0,-175.0
1770827219.9825723,7.0,0.0,-175.0
1770827219.992547,7.0,0.0,-175.0
1770827220.0369723,7.0,0.0,-175.0
1770827220.0459785,7.0,0.0,-175.0
1770827220.0872824,7.0,0.0,-175.0
1770827220.0982225,7.0,0.0,-175.0
1770827220.1380947,7.0,0.0,-175.0
1770827220.1498857,7.0,0.0,-175.0
1770827220.189963,7.0,0.0,-175.0
1770827220.1999383,7.0,0.0,-175.0
1770827220.2410626,7.0,0.0,-175.0
1770827220.2500389,7.0,0.0,-175.0
1770827220.2950177,7.0,0.0,-175.0
1770827220.3039615,7.0,0.0,-175.0
1770827220.3429637,7.0,0.0,-175.0
1770827220.351942,7.0,0.0,-175.0
1770827220.3911214,7.0,0.0,-175.0
1770827220.4000463,7.0,0.0,-175.0
1770827220.4389756,7.0,0.0,-175.0
1770827220.447951,7.0,0.0,-175.0
1770827220.4887774,7.0,0.0,-175.0
1770827220.497829,7.0,0.0,-175.0
1770827220.5397177,7.0,0.0,-175.0
1770827220.5525532,7.0,0.0,-175.0
1770827220.598991,7.0,0.0,-175.0
1770827220.610928,7.0,0.0,-175.0
1770827220.6498845,7.0,0.0,-175.0
1770827220.6588278,7.0,0.0,-175.0
1770827220.6984,7.0,0.0,-175.0
1770827220.7093775,7.0,0.0,-175.0
1770827220.7502642,7.0,0.0,-175.0
1770827220.7595127,7.0,0.0,-175.0
1770827220.7973578,7.0,0.0,-175.0
1770827220.807297,7.0,0.0,-175.0
1770827220.8471441,7.0,0.0,-175.0
1770827220.856933,7.0,0.0,-175.0
1770827220.9031837,7.0,0.0,-175.0
1770827220.9131887,7.0,0.0,-175.0
1770827220.9536233,7.0,0.0,-175.0
1770827220.9636,7.0,0.0,-175.0
1770827221.0027492,7.0,0.0,-175.0
1770827221.0126908,7.0,0.0,-175.0
1770827221.0515487,7.0,0.0,-175.0
1770827221.0604525,7.0,0.0,-175.0
1770827221.1003764,7.0,0.0,-175.0
1770827221.1093194,7.0,0.0,-175.0
1770827221.1498494,7.0,0.0,-175.0
1770827221.1588292,7.0,0.0,-175.0
1770827221.2056165,7.0,0.0,-175.0
1770827221.2155924,7.0,0.0,-175.0
1770827221.2620022,7.0,0.0,-175.0
1770827221.2719755,7.0,0.0,-175.0
1770827221.3121896,7.0,0.0,-175.0
1770827221.322163,7.0,0.0,-175.0
1770827221.3635817,7.0,0.0,-175.0
1770827221.3744907,7.0,0.0,-175.0
1770827221.4240441,7.0,0.0,-175.0
1770827221.4325323,7.0,0.0,-175.0
1770827221.4734251,7.0,0.0,-175.0
1770827221.4824011,7.0,0.0,-175.0
1770827221.5286586,7.0,0.0,-175.0
1770827221.5376651,7.0,0.0,-175.0
1770827221.5755334,7.0,0.0,-175.0
1770827221.5851264,7.0,0.0,-175.0
1770827221.624172,7.0,0.0,-175.0
1770827221.6321268,7.0,0.0,-175.0
1770827221.6737056,7.0,0.0,-175.0
1770827221.6836424,7.0,0.0,-175.0
1770827221.722893,7.0,0.0,-175.0
1770827221.730842,7.0,0.0,-175.0
1770827221.766747,7.0,0.0,-175.0
1770827221.775254,7.0,0.0,-175.0
1770827221.8193111,7.0,0.0,-175.0
1770827221.8292832,7.0,0.0,-175.0
1770827221.8666635,7.0,0.0,-175.0
1770827221.874168,7.0,0.0,-175.0
1770827221.91109,7.0,0.0,-175.0
1770827221.9210331,7.0,0.0,-175.0
1770827221.9551492,7.0,0.0,-175.0
1770827221.963127,7.0,0.0,-175.0
1770827221.9993272,7.0,0.0,-175.0
1770827222.0074346,7.0,0.0,-175.0
1770827222.0446038,7.0,0.0,-175.0
1770827222.0531502,7.0,0.0,-175.0
1770827222.0958488,7.0,0.0,-175.0
1770827222.1037998,7.0,0.0,-175.0
1770827222.1402981,7.0,0.0,-175.0
1770827222.1483202,7.0,0.0,-175.0
1770827222.1852493,7.0,0.0,-175.0
1770827222.193231,7.0,0.0,-175.0
1770827222.230826,7.0,0.0,-175.0
1770827222.238771,7.0,0.0,-175.0
1770827222.278142,7.0,0.0,-175.0
1770827222.2876828,7.0,0.0,-175.0
1770827222.3265784,7.0,0.0,-175.0
1770827222.3365529,7.0,0.0,-175.0
1770827222.3847017,7.0,0.0,-175.0
1770827222.3957024,7.0,0.0,-175.0
1770827222.4342134,7.0,0.0,-175.0
1770827222.4432175,7.0,0.0,-175.0
1770827222.4830818,7.0,0.0,-175.0
1770827222.492032,7.0,0.0,-175.0
1770827222.5291345,7.0,0.0,-175.0
1770827222.5370824,7.0,0.0,-175.0
1770827222.5729828,7.0,0.0,-175.0
1770827222.5826886,7.0,0.0,-175.0
1770827222.6171565,7.0,0.0,-175.0
1770827222.6261306,7.0,0.0,-175.0
1770827222.6686537,7.0,0.0,-175.0
1770827222.677631,7.0,0.0,-175.0
1770827222.7145321,7.0,0.0,-175.0
1770827222.7227376,7.0,0.0,-175.0
1770827222.758053,7.0,0.0,-175.0
1770827222.7660353,7.0,0.0,-175.0
1770827222.8016791,7.0,0.0,-175.0
1770827222.8096607,7.0,0.0,-175.0
1770827222.8445697,7.0,0.0,-175.0
1770827222.8534765,7.0,0.0,-175.0
1770827222.8899133,7.0,0.0,-175.0
1770827222.8988602,7.0,0.0,-175.0
1770827222.94022,7.0,0.0,-175.0
1770827222.9481974,7.0,0.0,-175.0
1770827222.9840727,7.0,0.0,-175.0
1770827222.9925776,7.0,0.0,-175.0
1770827223.028057,7.0,0.0,-175.0
1770827223.0370083,7.0,0.0,-175.0
1770827223.0728512,7.0,0.0,-175.0
1770827223.080798,7.0,0.0,-175.0
1770827223.1167383,7.0,0.0,-175.0
1770827223.1260107,7.0,0.0,-175.0
1770827223.1616106,7.0,0.0,-175.0
1770827223.1706152,7.0,0.0,-175.0
1770827223.214271,7.0,0.0,-175.0
1770827223.225215,7.0,0.0,-175.0
1770827223.2612906,7.0,0.0,-175.0
1770827223.2695627,7.0,0.0,-175.0
1770827223.3085682,7.0,0.0,-175.0
1770827223.316548,7.0,0.0,-175.0
1770827223.3534245,7.0,0.0,-175.0
1770827223.3603692,7.0,0.0,-175.0
1770827223.3987525,7.0,0.0,-175.0
1770827223.406458,7.0,0.0,-175.0
1770827223.4433558,7.0,0.0,-175.0
1770827223.4519644,7.0,0.0,-175.0
1770827223.4930956,7.0,0.0,-175.0
1770827223.5040672,7.0,0.0,-175.0
1770827223.5454085,7.0,0.0,-175.0
1770827223.5533943,7.0,0.0,-175.0
1770827223.5942886,7.0,0.0,-175.0
1770827223.6042633,7.0,0.0,-175.0
1770827223.6431587,7.0,0.0,-175.0
1770827223.6531243,7.0,0.0,-175.0
1770827223.6920123,7.0,0.0,-175.0
1770827223.7058518,7.0,0.0,-175.0
1770827223.7429593,7.0,0.0,-175.0
1770827223.7529058,7.0,0.0,-175.0
1770827223.7997773,7.0,0.0,-175.0
1770827223.8107855,7.0,0.0,-175.0
1770827223.8494735,7.0,0.0,-175.0
1770827223.8581307,7.0,0.0,-175.0
1770827223.8999872,7.0,0.0,-175.0
1770827223.9089634,7.0,0.0,-175.0
1770827223.9480865,7.0,0.0,-175.0
1770827223.956021,7.0,0.0,-175.0
1770827223.9959114,7.0,0.0,-175.0
1770827224.0061657,7.0,0.0,-175.0
1770827224.04445,7.0,0.0,-175.0
1770827224.0544581,7.0,0.0,-175.0
1770827224.101097,7.0,0.0,-175.0
1770827224.110191,7.0,0.0,-175.0
1770827224.1492178,7.0,0.0,-175.0
1770827224.159191,7.0,0.0,-175.0
1770827224.199722,7.0,0.0,-175.0
1770827224.2116644,7.0,0.0,-175.0
1770827224.254624,7.0,0.0,-175.0
1770827224.2646286,7.0,0.0,-175.0
1770827224.3080215,7.0,0.0,-175.0
1770827224.3171191,7.0,0.0,-175.0
1770827224.3570485,7.0,0.0,-175.0
1770827224.36598,7.0,0.0,-175.0
1770827224.4109962,7.0,0.0,-175.0
1770827224.42097,7.0,0.0,-175.0
1770827224.4602892,7.0,0.0,-175.0
1770827224.469023,7.0,0.0,-175.0
1770827224.5080674,7.0,0.0,-175.0
1770827224.517045,7.0,0.0,-175.0
1770827224.5580041,7.0,0.0,-175.0
1770827224.5659869,7.0,0.0,-175.0
1770827224.6057749,7.0,0.0,-175.0
1770827224.6157184,7.0,0.0,-175.0
1770827224.6551373,7.0,0.0,-175.0
1770827224.6631472,7.0,0.0,-175.0
1770827224.7110896,7.0,0.0,-175.0
1770827224.722057,7.0,0.0,-175.0
1770827224.7637875,7.0,0.0,-175.0
1770827224.772339,7.0,0.0,-175.0
1770827224.8122003,7.0,0.0,-175.0
1770827224.8216,7.0,0.0,-175.0
1770827224.8606527,7.0,0.0,-175.0
1770827224.8696322,7.0,0.0,-175.0
1770827224.911071,7.0,0.0,-175.0
1770827224.9220412,7.0,0.0,-175.0
1770827224.962208,7.0,0.0,-175.0
1770827224.971188,7.0,0.0,-175.0
1770827225.0172462,7.0,0.0,-175.0
1770827225.0268152,7.0,0.0,-175.0
1770827225.0667067,7.0,0.0,-175.0
1770827225.0766518,7.0,0.0,-175.0
1770827225.1206155,7.0,0.0,-175.0
1770827225.1305892,7.0,0.0,-175.0
1770827225.1704814,7.0,0.0,-175.0
1770827225.1814249,7.0,0.0,-175.0
1770827225.2211962,7.0,0.0,-175.0
1770827225.23317,7.0,0.0,-175.0
1770827225.2746654,7.0,0.0,-175.0
1770827225.2856052,7.0,0.0,-175.0
1770827225.3284874,7.0,0.0,-175.0
1770827225.3385081,7.0,0.0,-175.0
1770827225.3773956,7.0,0.0,-175.0
1770827225.3877032,7.0,0.0,-175.0
1770827225.4256518,7.0,0.0,-175.0
1770827225.4356256,7.0,0.0,-175.0
1770827225.4738812,7.0,0.0,-175.0
1770827225.483828,7.0,0.0,-175.0
1770827225.5239325,7.0,0.0,-175.0
1770827225.5358691,7.0,0.0,-175.0
1770827225.5763342,7.0,0.0,-175.0
1770827225.5863066,7.0,0.0,-175.0
1770827225.6320128,7.0,0.0,-175.0
1770827225.6414428,7.0,0.0,-175.0
1770827225.6801186,7.0,0.0,-175.0
1770827225.6900933,7.0,0.0,-175.0
1770827225.727818,7.0,0.0,-175.0
1770827225.736796,7.0,0.0,-175.0
1770827225.7744818,7.0,0.0,-175.0
1770827225.782456,7.0,0.0,-175.0
1770827225.817986,7.0,0.0,-175.0
1770827225.826932,7.0,0.0,-175.0
1770827225.8619766,7.0,0.0,-175.0
1770827225.8709493,7.0,0.0,-175.0
1770827225.9138036,7.0,0.0,-175.0
1770827225.9237788,7.0,0.0,-175.0
1770827225.9598122,7.0,0.0,-175.0
1770827225.96779,7.0,0.0,-175.0
1770827226.0027015,7.0,0.0,-175.0
1770827226.0113907,7.0,0.0,-175.0
1770827226.0456743,7.0,0.0,-175.0
1770827226.0556207,7.0,0.0,-175.0
1770827226.0939136,7.0,0.0,-175.0
1770827226.1018915,7.0,0.0,-175.0
1770827226.1377938,7.0,0.0,-175.0
1770827226.148441,7.0,0.0,-175.0
1770827226.189429,7.0,0.0,-175.0
1770827226.1984386,7.0,0.0,-175.0
1770827226.2348871,7.0,0.0,-175.0
1770827226.2429004,7.0,0.0,-175.0
1770827226.2813306,7.0,0.0,-175.0
1770827226.2900527,7.0,0.0,-175.0
1770827226.3294585,7.0,0.0,-175.0
1770827226.3384023,7.0,0.0,-175.0
1770827226.3757453,7.0,0.0,-175.0
1770827226.383723,7.0,0.0,-175.0
1770827226.421675,7.0,0.0,-175.0
1770827226.4300568,7.0,0.0,-175.0
1770827226.471951,7.0,0.0,-175.0
1770827226.4837418,7.0,0.0,-175.0
1770827226.5196033,7.0,0.0,-175.0
1770827226.5275815,7.0,0.0,-175.0
1770827226.5640059,7.0,0.0,-175.0
1770827226.5719886,7.0,0.0,-175.0
1770827226.6078875,7.0,0.0,-175.0
1770827226.6159732,7.0,0.0,-175.0
1770827226.6520352,7.0,0.0,-175.0
1770827226.6600103,7.0,0.0,-175.0
1770827226.6969142,7.0,0.0,-175.0
1770827226.7082758,7.0,0.0,-175.0
1770827226.7509563,7.0,0.0,-175.0
1770827226.7599466,7.0,0.0,-175.0
1770827226.7979777,7.0,0.0,-175.0
1770827226.8059561,7.0,0.0,-175.0
1770827226.842206,7.0,0.0,-175.0
1770827226.8503191,7.0,0.0,-175.0
1770827226.8892071,7.0,0.0,-175.0
1770827226.8980658,7.0,0.0,-175.0
1770827226.935665,7.0,0.0,-175.0
1770827226.9456372,7.0,0.0,-175.0
1770827226.9813328,7.0,0.0,-175.0
1770827226.9888,7.0,0.0,-175.0
1770827227.0306873,7.0,0.0,-175.0
1770827227.0416896,7.0,0.0,-175.0
1770827227.0781813,7.0,0.0,-175.0
1770827227.086127,7.0,0.0,-175.0
1770827227.122063,7.0,0.0,-175.0
1770827227.1312866,7.0,0.0,-175.0
1770827227.1679964,7.0,0.0,-175.0
1770827227.1769729,7.0,0.0,-175.0
1770827227.2192838,7.0,0.0,-175.0
1770827227.229258,7.0,0.0,-175.0
1770827227.2668257,7.0,0.0,-175.0
1770827227.274953,7.0,0.0,-175.0
1770827227.3188672,7.0,0.0,-175.0
1770827227.330145,7.0,0.0,-175.0
1770827227.375571,7.0,0.0,-175.0
1770827227.3877149,7.0,0.0,-175.0
1770827227.4335918,7.0,0.0,-175.0
1770827227.4445643,7.0,0.0,-175.0
1770827227.4896646,7.0,0.0,-175.0
1770827227.499638,7.0,0.0,-175.0
1770827227.5389922,7.0,0.0,-175.0
1770827227.5469377,7.0,0.0,-175.0
1770827227.590635,7.0,0.0,-175.0
1770827227.599617,7.0,0.0,-175.0
1770827227.646955,7.0,0.0,-175.0
1770827227.6558578,7.0,0.0,-175.0
1770827227.6957154,7.0,0.0,-175.0
1770827227.704693,7.0,0.0,-175.0
1770827227.7443643,7.0,0.0,-175.0
1770827227.753823,7.0,0.0,-175.0
1770827227.7935703,7.0,0.0,-175.0
1770827227.802543,7.0,0.0,-175.0
1770827227.844042,7.0,0.0,-175.0
1770827227.8522675,7.0,0.0,-175.0
1770827227.8935153,7.0,0.0,-175.0
1770827227.9034572,7.0,0.0,-175.0
1770827227.9512038,7.0,0.0,-175.0
1770827227.9601827,7.0,0.0,-175.0
1770827228.00048,7.0,0.0,-175.0
1770827228.010423,7.0,0.0,-175.0
1770827228.0513458,7.0,0.0,-175.0
1770827228.0619488,7.0,0.0,-175.0
1770827228.100729,7.0,0.0,-175.0
1770827228.1097028,7.0,0.0,-175.0
1770827228.149473,7.0,0.0,-175.0
1770827228.158209,7.0,0.0,-175.0
1770827228.1965802,7.0,0.0,-175.0
1770827228.2065268,7.0,0.0,-175.0
1770827228.2545447,7.0,0.0,-175.0
1770827228.2634883,7.0,0.0,-175.0
1770827228.3017673,7.0,0.0,-175.0
1770827228.310743,7.0,0.0,-175.0
1770827228.3526049,7.0,0.0,-175.0
1770827228.3607938,7.0,0.0,-175.0
1770827228.4006886,7.0,0.0,-175.0
1770827228.4086635,7.0,0.0,-175.0
1770827228.4479935,7.0,0.0,-175.0
1770827228.4564302,7.0,0.0,-175.0
1770827228.4963224,7.0,0.0,-175.0
1770827228.505705,7.0,0.0,-175.0
1770827228.550561,7.0,0.0,-175.0
1770827228.5605357,7.0,0.0,-175.0
1770827228.6000106,7.0,0.0,-175.0
1770827228.6087806,7.0,0.0,-175.0
1770827228.648219,7.0,0.0,-175.0
1770827228.6581657,7.0,0.0,-175.0
1770827228.697153,7.0,0.0,-175.0
1770827228.7061288,7.0,0.0,-175.0
1770827228.750528,7.0,0.0,-175.0
1770827228.7614985,7.0,0.0,-175.0
1770827228.8010817,7.0,0.0,-175.0
1770827228.8100452,7.0,0.0,-175.0
1770827228.857399,7.0,0.0,-175.0
1770827228.8669586,7.0,0.0,-175.0
1770827228.9088461,7.0,0.0,-175.0
1770827228.9188483,7.0,0.0,-175.0
1770827228.9567747,7.0,0.0,-175.0
1770827228.966752,7.0,0.0,-175.0
1770827229.0025163,7.0,0.0,-175.0
1770827229.0104983,7.0,0.0,-175.0
1770827229.0460594,7.0,0.0,-175.0
1770827229.055029,7.0,0.0,-175.0
1770827229.0902798,7.0,0.0,-175.0
1770827229.0982237,7.0,0.0,-175.0
1770827229.1428218,7.0,0.0,-175.0
1770827229.1515136,7.0,0.0,-175.0
1770827229.1874201,7.0,0.0,-175.0
1770827229.1954076,7.0,0.0,-175.0
1770827229.2334538,7.0,0.0,-175.0
1770827229.2423983,7.0,0.0,-175.0
1770827229.3033147,7.0,0.0,-175.0
1770827229.3302436,7.0,0.0,-175.0
1770827229.4041219,7.0,0.0,-175.0
1770827229.416059,7.0,0.0,-175.0
1770827229.4739985,7.0,0.0,-175.0
1770827229.486615,7.0,0.0,-175.0
1770827229.5354836,7.0,0.0,-175.0
1770827229.5460956,7.0,0.0,-175.0
1770827229.583192,7.0,0.0,-175.0
1770827229.5922017,7.0,0.0,-175.0
1770827229.6291041,7.0,0.0,-175.0
1770827229.6377633,7.0,0.0,-175.0
1770827229.6746686,7.0,0.0,-175.0
1770827229.6836746,7.0,0.0,-175.0
1770827229.7198765,7.0,0.0,-175.0
1770827229.729121,7.0,0.0,-175.0
1770827229.7660544,7.0,0.0,-175.0
1770827229.774141,7.0,0.0,-175.0
1770827229.8161352,7.0,0.0,-175.0
1770827229.8280578,7.0,0.0,-175.0
1770827229.866104,7.0,0.0,-175.0
1770827229.8750813,7.0,0.0,-175.0
1770827229.9136727,7.0,0.0,-175.0
1770827229.9216774,7.0,0.0,-175.0
1770827229.9964461,7.0,0.0,-175.0
1770827230.0283616,7.0,0.0,-175.0
1770827230.103161,7.0,0.0,-175.0
1770827230.1201162,7.0,0.0,-175.0
1770827230.1951475,7.0,0.0,-175.0
1770827230.2203822,7.0,0.0,-175.0
1770827230.2956488,7.0,0.0,-175.0
1770827230.307619,7.0,0.0,-175.0
1770827230.3480306,7.0,0.0,-175.0
1770827230.356999,7.0,0.0,-175.0
1770827230.4002233,7.0,0.0,-175.0
1770827230.4101965,7.0,0.0,-175.0
1770827230.4533305,7.0,0.0,-175.0
1770827230.4647248,7.0,0.0,-175.0
1770827230.506616,7.0,0.0,-175.0
1770827230.5165865,7.0,0.0,-175.0
1770827230.5588074,7.0,0.0,-175.0
1770827230.5691323,7.0,0.0,-175.0
1770827230.6194158,7.0,0.0,-175.0
1770827230.630388,7.0,0.0,-175.0
1770827230.6924279,7.0,0.0,-175.0
1770827230.7203538,7.0,0.0,-175.0
1770827230.8091166,7.0,0.0,-175.0
1770827230.82867,7.0,0.0,-175.0
1770827230.8895867,7.0,0.0,-175.0
1770827230.9015546,7.0,0.0,-175.0
1770827230.9560533,7.0,0.0,-175.0
1770827230.9700184,7.0,0.0,-175.0
1770827231.0222433,7.0,0.0,-175.0
1770827231.035209,7.0,0.0,-175.0
1770827231.0881984,7.0,0.0,-175.0
1770827231.103193,7.0,0.0,-175.0
1770827231.1669865,7.0,0.0,-175.0
1770827231.1768198,7.0,0.0,-175.0
1770827231.2308905,7.0,0.0,-175.0
1770827231.2438562,7.0,0.0,-175.0
1770827231.2991743,7.0,0.0,-175.0
1770827231.3141348,7.0,0.0,-175.0
1770827231.375336,7.0,0.0,-175.0
1770827231.3922908,7.0,0.0,-175.0
1770827231.4506936,7.0,0.0,-175.0
1770827231.4636586,7.0,0.0,-175.0
1770827231.5241532,7.0,0.0,-175.0
1770827231.5390995,7.0,0.0,-175.0
1770827231.586781,7.0,0.0,-175.0
1770827231.5987504,7.0,0.0,-175.0
1770827231.6514053,7.0,0.0,-175.0
1770827231.668881,7.0,0.0,-175.0
1770827231.7127244,7.0,0.0,-175.0
1770827231.7256896,7.0,0.0,-175.0
1770827231.7732148,7.0,0.0,-175.0
1770827231.7841535,7.0,0.0,-175.0
1770827231.8300323,7.0,0.0,-175.0
1770827231.8413885,7.0,0.0,-175.0
1770827231.8900979,7.0,0.0,-175.0
1770827231.9020317,7.0,0.0,-175.0
1770827231.947263,7.0,0.0,-175.0
1770827231.9600909,7.0,0.0,-175.0
1770827232.01694,7.0,0.0,-175.0
1770827232.027912,7.0,0.0,-175.0
1770827232.0788145,7.0,0.0,-175.0
1770827232.0927746,7.0,0.0,-175.0
1770827232.1682127,7.0,0.0,-175.0
1770827232.1977623,7.0,0.0,-175.0
1770827232.293505,7.0,0.0,-175.0
1770827232.317441,7.0,0.0,-175.0
1770827232.4255037,7.0,0.0,-175.0
1770827232.4454563,7.0,0.0,-175.0
1770827232.5302384,7.0,0.0,-175.0
1770827232.5511823,7.0,0.0,-175.0
1770827232.6239827,7.0,0.0,-175.0
1770827232.6389446,7.0,0.0,-175.0
1770827232.6937962,7.0,0.0,-175.0
1770827232.7109509,7.0,0.0,-175.0
1770827232.7675965,7.0,0.0,-175.0
1770827232.7805617,7.0,0.0,-175.0
1770827232.829268,7.0,0.0,-175.0
1770827232.8398793,7.0,0.0,-175.0
1770827232.8917415,7.0,0.0,-175.0
1770827232.902382,7.0,0.0,-175.0
1770827232.9464066,7.0,0.0,-175.0
1770827232.9633613,7.0,0.0,-175.0
1770827233.0067234,7.0,0.0,-175.0
1770827233.0196888,7.0,0.0,-175.0
1770827233.0636778,7.0,0.0,-175.0
1770827233.0776415,7.0,0.0,-175.0
1770827233.1298466,7.0,0.0,-175.0
1770827233.142178,7.0,0.0,-175.0
1770827233.1890495,7.0,0.0,-175.0
1770827233.209994,7.0,0.0,-175.0
1770827233.273856,7.0,0.0,-175.0
1770827233.286859,7.0,0.0,-175.0
1770827233.3356974,7.0,0.0,-175.0
1770827233.3478086,7.0,0.0,-175.0
1770827233.3966053,7.0,0.0,-175.0
1770827233.412567,7.0,0.0,-175.0
1770827233.461809,7.0,0.0,-175.0
1770827233.472615,7.0,0.0,-175.0
1770827233.5174937,7.0,0.0,-175.0
1770827233.5294583,7.0,0.0,-175.0
1770827233.575144,7.0,0.0,-175.0
1770827233.5890913,7.0,0.0,-175.0
1770827233.6405118,7.0,0.0,-175.0
1770827233.6509724,7.0,0.0,-175.0
1770827233.7143116,7.0,0.0,-175.0
1770827233.7273088,7.0,0.0,-175.0
1770827233.7795508,7.0,0.0,-175.0
1770827233.7915454,7.0,0.0,-175.0
1770827233.835584,7.0,0.0,-175.0
1770827233.8484347,7.0,0.0,-175.0
1770827233.898108,7.0,0.0,-175.0
1770827233.911073,7.0,0.0,-175.0
1770827233.9559567,7.0,0.0,-175.0
1770827233.9659255,7.0,0.0,-175.0
1770827234.0225434,7.0,0.0,-175.0
1770827234.0304854,7.0,0.0,-175.0
1770827234.0594077,7.0,0.0,-175.0
1770827234.0684164,7.0,0.0,-175.0
1770827234.0995612,7.0,0.0,-175.0
1770827234.1146922,7.0,0.0,-175.0
1770827234.1612954,7.0,0.0,-175.0
1770827234.177253,7.0,0.0,-175.0
1770827234.209596,7.0,0.0,-175.0
1770827234.2235725,7.0,0.0,-175.0
1770827234.2534564,7.0,0.0,-175.0
1770827234.2604373,7.0,0.0,-175.0
1770827234.2997699,7.0,0.0,-175.0
1770827234.3107488,7.0,0.0,-175.0
1770827234.344652,7.0,0.0,-175.0
1770827234.3546543,7.0,0.0,-175.0
1770827234.3853073,7.0,0.0,-175.0
1770827234.3922892,7.0,0.0,-175.0
1770827234.4282668,7.0,0.0,-175.0
1770827234.4402335,7.0,0.0,-175.0
1770827234.4851274,7.0,0.0,-175.0
1770827234.5009382,7.0,0.0,-175.0
1770827234.5318942,7.0,0.0,-175.0
1770827234.5390313,7.0,0.0,-175.0
1770827234.577694,7.0,0.0,-175.0
1770827234.584638,7.0,0.0,-175.0
1770827234.6247778,7.0,0.0,-175.0
1770827234.6404922,7.0,0.0,-175.0
1770827234.6723468,7.0,0.0,-175.0
1770827234.6883051,7.0,0.0,-175.0
1770827234.7197728,7.0,0.0,-175.0
1770827234.7272494,7.0,0.0,-175.0
1770827234.7661815,7.0,0.0,-175.0
1770827234.7815535,7.0,0.0,-175.0
1770827234.826764,7.0,0.0,-175.0
1770827234.842721,7.0,0.0,-175.0
1770827234.8885806,7.0,0.0,-175.0
1770827234.8965254,7.0,0.0,-175.0
1770827234.9349518,7.0,0.0,-175.0
1770827234.9440987,7.0,0.0,-175.0
1770827234.9813375,7.0,0.0,-175.0
1770827234.9892805,7.0,0.0,-175.0
1770827235.0272202,7.0,0.0,-175.0
1770827235.0421808,7.0,0.0,-175.0
1770827235.0880046,7.0,0.0,-175.0
1770827235.1040246,7.0,0.0,-175.0
1770827235.132898,7.0,0.0,-175.0
1770827235.1502137,7.0,0.0,-175.0
1770827235.1966846,7.0,0.0,-175.0
1770827235.2046635,7.0,0.0,-175.0
1770827235.2365837,7.0,0.0,-175.0
1770827235.244564,7.0,0.0,-175.0
1770827235.2888684,7.0,0.0,-175.0
1770827235.2962916,7.0,0.0,-175.0
1770827235.3360426,7.0,0.0,-175.0
1770827235.3430226,7.0,0.0,-175.0
1770827235.3820581,7.0,0.0,-175.0
1770827235.3972602,7.0,0.0,-175.0
1770827235.4301748,7.0,0.0,-175.0
1770827235.4381547,7.0,0.0,-175.0
1770827235.4759881,7.0,0.0,-175.0
1770827235.4859645,7.0,0.0,-175.0
1770827235.517876,7.0,0.0,-175.0
1770827235.5258548,7.0,0.0,-175.0
1770827235.56096,7.0,0.0,-175.0
1770827235.569935,7.0,0.0,-175.0
1770827235.6022344,7.0,0.0,-175.0
1770827235.612593,7.0,0.0,-175.0
1770827235.6587014,7.0,0.0,-175.0
1770827235.6737797,7.0,0.0,-175.0
1770827235.7057898,7.0,0.0,-175.0
1770827235.720749,7.0,0.0,-175.0
1770827235.7658267,7.0,0.0,-175.0
1770827235.7738056,7.0,0.0,-175.0
1770827235.8123682,7.0,0.0,-175.0
1770827235.828326,7.0,0.0,-175.0
1770827235.8590117,7.0,0.0,-175.0
1770827235.8739467,7.0,0.0,-175.0
1770827235.9048636,7.0,0.0,-175.0
1770827235.9121926,7.0,0.0,-175.0
1770827235.9434445,7.0,0.0,-175.0
1770827235.9663808,7.0,0.0,-175.0
1770827235.9968324,7.0,0.0,-175.0
1770827236.01279,7.0,0.0,-175.0
1770827236.058913,7.0,0.0,-175.0
1770827236.066891,7.0,0.0,-175.0
1770827236.0987077,7.0,0.0,-175.0
1770827236.1056924,7.0,0.0,-175.0
1770827236.1526847,7.0,0.0,-175.0
1770827236.1607306,7.0,0.0,-175.0
1770827236.1924567,7.0,0.0,-175.0
1770827236.2144365,7.0,0.0,-175.0
1770827236.2595768,7.0,0.0,-175.0
1770827236.2755654,7.0,0.0,-175.0
1770827236.3068318,7.0,0.0,-175.0
1770827236.314811,7.0,0.0,-175.0
1770827236.3538623,7.0,0.0,-175.0
1770827236.368758,7.0,0.0,-175.0
1770827236.4006708,7.0,0.0,-175.0
1770827236.4105604,7.0,0.0,-175.0
1770827236.4456635,7.0,0.0,-175.0
1770827236.4611504,7.0,0.0,-175.0
1770827236.4914377,7.0,0.0,-175.0
1770827236.4994164,7.0,0.0,-175.0
1770827236.5385468,7.0,0.0,-175.0
1770827236.5545633,7.0,0.0,-175.0
1770827236.5864444,7.0,0.0,-175.0
1770827236.5944378,7.0,0.0,-175.0
1770827236.6343594,7.0,0.0,-175.0
1770827236.6463265,7.0,0.0,-175.0
1770827236.67727,7.0,0.0,-175.0
1770827236.6932256,7.0,0.0,-175.0
1770827236.7394426,7.0,0.0,-175.0
1770827236.7464235,7.0,0.0,-175.0
1770827236.7783391,7.0,0.0,-175.0
1770827236.800311,7.0,0.0,-175.0
1770827236.8312256,7.0,0.0,-175.0
1770827236.8380733,7.0,0.0,-175.0
1770827236.8786032,7.0,0.0,-175.0
1770827236.8935654,7.0,0.0,-175.0
1770827236.9406087,7.0,0.0,-175.0
1770827236.9555697,7.0,0.0,-175.0
1770827236.9870343,7.0,0.0,-175.0
1770827237.0029166,7.0,0.0,-175.0
1770827237.0338378,7.0,0.0,-175.0
1770827237.0428064,7.0,0.0,-175.0
1770827237.0796313,7.0,0.0,-175.0
1770827237.0886045,7.0,0.0,-175.0
1770827237.1258252,7.0,0.0,-175.0
1770827237.1412427,7.0,0.0,-175.0
1770827237.1721938,7.0,0.0,-175.0
1770827237.1811702,7.0,0.0,-175.0
1770827237.2195847,7.0,0.0,-175.0
1770827237.2345822,7.0,0.0,-175.0
1770827237.2656667,7.0,0.0,-175.0
1770827237.2807674,7.0,0.0,-175.0
1770827237.3122153,7.0,0.0,-175.0
1770827237.3203037,7.0,0.0,-175.0
1770827237.3580863,7.0,0.0,-175.0
1770827237.3739088,7.0,0.0,-175.0
1770827237.4039109,7.0,0.0,-175.0
1770827237.4128873,7.0,0.0,-175.0
1770827237.44384,7.0,0.0,-175.0
1770827237.4672518,7.0,0.0,-175.0
1770827237.513308,7.0,0.0,-175.0
1770827237.5220084,7.0,0.0,-175.0
1770827237.559305,7.0,0.0,-175.0
1770827237.5683172,7.0,0.0,-175.0
1770827237.6055691,7.0,0.0,-175.0
1770827237.6136622,7.0,0.0,-175.0
1770827237.6529393,7.0,0.0,-175.0
1770827237.6618834,7.0,0.0,-175.0
1770827237.6934838,7.0,0.0,-175.0
1770827237.7144613,7.0,0.0,-175.0
1770827237.7464936,7.0,0.0,-175.0
1770827237.7695494,7.0,0.0,-175.0
1770827237.816109,7.0,0.0,-175.0
1770827237.8253214,7.0,0.0,-175.0
1770827237.8582315,7.0,0.0,-175.0
1770827237.8841977,7.0,0.0,-175.0
1770827237.915131,7.0,0.0,-175.0
1770827237.9310586,7.0,0.0,-175.0
1770827237.9623623,7.0,0.0,-175.0
1770827237.9769063,7.0,0.0,-175.0
1770827238.008787,7.0,0.0,-175.0
1770827238.0202384,7.0,0.0,-175.0
1770827238.0550349,7.0,0.0,-175.0
1770827238.063976,7.0,0.0,-175.0
1770827238.11596,7.0,0.0,-175.0
1770827238.130917,7.0,0.0,-175.0
1770827238.1771889,7.0,0.0,-175.0
1770827238.1931458,7.0,0.0,-175.0
1770827238.2241204,7.0,0.0,-175.0
1770827238.233099,7.0,0.0,-175.0
1770827238.2679734,7.0,0.0,-175.0
1770827238.2860334,7.0,0.0,-175.0
1770827238.3187568,7.0,0.0,-175.0
1770827238.3287642,7.0,0.0,-175.0
1770827238.378096,7.0,0.0,-175.0
1770827238.3870382,7.0,0.0,-175.0
1770827238.4240482,7.0,0.0,-175.0
1770827238.4400363,7.0,0.0,-175.0
1770827238.4862456,7.0,0.0,-175.0
1770827238.5022032,7.0,0.0,-175.0
1770827238.5336764,7.0,0.0,-175.0
1770827238.5416548,7.0,0.0,-175.0
1770827238.5799518,7.0,0.0,-175.0
1770827238.592827,7.0,0.0,-175.0
1770827238.626737,7.0,0.0,-175.0
1770827238.6365469,7.0,0.0,-175.0
1770827238.6686795,7.0,0.0,-175.0
1770827238.6776893,7.0,0.0,-175.0
1770827238.7155113,7.0,0.0,-175.0
1770827238.7332644,7.0,0.0,-175.0
1770827238.7651508,7.0,0.0,-175.0
1770827238.7761183,7.0,0.0,-175.0
1770827238.8260005,7.0,0.0,-175.0
1770827238.8350115,7.0,0.0,-175.0
1770827238.8725085,7.0,0.0,-175.0
1770827238.8883917,7.0,0.0,-175.0
1770827238.9193077,7.0,0.0,-175.0
1770827238.9289815,7.0,0.0,-175.0
1770827238.9624078,7.0,0.0,-175.0
1770827238.972348,7.0,0.0,-175.0
1770827239.0122242,7.0,0.0,-175.0
1770827239.0217445,7.0,0.0,-175.0
1770827239.0536685,7.0,0.0,-175.0
1770827239.0629985,7.0,0.0,-175.0
1770827239.105499,7.0,0.0,-175.0
1770827239.1144402,7.0,0.0,-175.0
1770827239.1505508,7.0,0.0,-175.0
1770827239.1660829,7.0,0.0,-175.0
1770827239.1980338,7.0,0.0,-175.0
1770827239.2069738,7.0,0.0,-175.0
1770827239.2421834,7.0,0.0,-175.0
1770827239.2511215,7.0,0.0,-175.0
1770827239.2963808,7.0,0.0,-175.0
1770827239.305358,7.0,0.0,-175.0
1770827239.3416781,7.0,0.0,-175.0
1770827239.3502784,7.0,0.0,-175.0
1770827239.3862162,7.0,0.0,-175.0
1770827239.397559,7.0,0.0,-175.0
1770827239.4442773,7.0,0.0,-175.0
1770827239.4602342,7.0,0.0,-175.0
1770827239.50517,7.0,0.0,-175.0
1770827239.5151436,7.0,0.0,-175.0
1770827239.5515585,7.0,0.0,-175.0
1770827239.5664434,7.0,0.0,-175.0
1770827239.6134872,7.0,0.0,-175.0
1770827239.6284466,7.0,0.0,-175.0
1770827239.6613514,7.0,0.0,-175.0
1770827239.6753476,7.0,0.0,-175.0
1770827239.7218342,7.0,0.0,-175.0
1770827239.736721,7.0,0.0,-175.0
1770827239.7698307,7.0,0.0,-175.0
1770827239.7828226,7.0,0.0,-175.0
1770827239.8473094,7.0,0.0,-175.0
1770827239.8652582,7.0,0.0,-175.0
1770827239.9061856,7.0,0.0,-175.0
1770827239.9161973,7.0,0.0,-175.0
1770827239.9575727,7.0,0.0,-175.0
1770827239.9665158,7.0,0.0,-175.0
1770827240.0055768,7.0,0.0,-175.0
1770827240.0165486,7.0,0.0,-175.0
1770827240.0537403,7.0,0.0,-175.0
1770827240.0658362,7.0,0.0,-175.0
1770827240.1007423,7.0,0.0,-175.0
1770827240.1107178,7.0,0.0,-175.0
1770827240.1438353,7.0,0.0,-175.0
1770827240.155807,7.0,0.0,-175.0
1770827240.2018003,7.0,0.0,-175.0
1770827240.2177255,7.0,0.0,-175.0
1770827240.2540278,7.0,0.0,-175.0
1770827240.2640054,7.0,0.0,-175.0
1770827240.3101418,7.0,0.0,-175.0
1770827240.318645,7.0,0.0,-175.0
1770827240.3567002,7.0,0.0,-175.0
1770827240.3724158,7.0,0.0,-175.0
1770827240.4053514,7.0,0.0,-175.0
1770827240.4153306,7.0,0.0,-175.0
1770827240.44855,7.0,0.0,-175.0
1770827240.4575624,7.0,0.0,-175.0
1770827240.4951377,7.0,0.0,-175.0
1770827240.5041451,7.0,0.0,-175.0
1770827240.5560517,7.0,0.0,-175.0
1770827240.5713904,7.0,0.0,-175.0
1770827240.6173434,7.0,0.0,-175.0
1770827240.6333008,7.0,0.0,-175.0
1770827240.6635766,7.0,0.0,-175.0
1770827240.670525,7.0,0.0,-175.0
1770827240.7100592,7.0,0.0,-175.0
1770827240.7257376,7.0,0.0,-175.0
1770827240.7566602,7.0,0.0,-175.0
1770827240.7657833,7.0,0.0,-175.0
1770827240.8038478,7.0,0.0,-175.0
1770827240.8118258,7.0,0.0,-175.0
1770827240.8491616,7.0,0.0,-175.0
1770827240.8652306,7.0,0.0,-175.0
1770827240.9120986,7.0,0.0,-175.0
1770827240.9271865,7.0,0.0,-175.0
1770827240.96013,7.0,0.0,-175.0
1770827240.9681082,7.0,0.0,-175.0
1770827241.005974,7.0,0.0,-175.0
1770827241.0209336,7.0,0.0,-175.0
1770827241.0677843,7.0,0.0,-175.0
1770827241.0757613,7.0,0.0,-175.0
1770827241.1126971,7.0,0.0,-175.0
1770827241.1220155,7.0,0.0,-175.0
1770827241.1593344,7.0,0.0,-175.0
1770827241.1742926,7.0,0.0,-175.0
1770827241.2211974,7.0,0.0,-175.0
1770827241.2358954,7.0,0.0,-175.0
1770827241.2831006,7.0,0.0,-175.0
1770827241.29005,7.0,0.0,-175.0
1770827241.328872,7.0,0.0,-175.0
1770827241.3378103,7.0,0.0,-175.0
1770827241.3753405,7.0,0.0,-175.0
1770827241.3904142,7.0,0.0,-175.0
1770827241.4213321,7.0,0.0,-175.0
1770827241.431483,7.0,0.0,-175.0
1770827241.4686306,7.0,0.0,-175.0
1770827241.4826567,7.0,0.0,-175.0
1770827241.528326,7.0,0.0,-175.0
1770827241.543751,7.0,0.0,-175.0
1770827241.573808,7.0,0.0,-175.0
1770827241.5897658,7.0,0.0,-175.0
1770827241.6192806,7.0,0.0,-175.0
1770827241.6362345,7.0,0.0,-175.0
1770827241.6649022,7.0,0.0,-175.0
1770827241.6728482,7.0,0.0,-175.0
1770827241.7059333,7.0,0.0,-175.0
1770827241.728992,7.0,0.0,-175.0
1770827241.7658424,7.0,0.0,-175.0
1770827241.7748196,7.0,0.0,-175.0
1770827241.8097837,7.0,0.0,-175.0
1770827241.8212595,7.0,0.0,-175.0
1770827241.8551674,7.0,0.0,-175.0
1770827241.8641436,7.0,0.0,-175.0
1770827241.8964138,7.0,0.0,-175.0
1770827241.9044278,7.0,0.0,-175.0
1770827241.9446003,7.0,0.0,-175.0
1770827241.9545429,7.0,0.0,-175.0
1770827241.9851797,7.0,0.0,-175.0
1770827242.007387,7.0,0.0,-175.0
1770827242.0420525,7.0,0.0,-175.0
1770827242.053433,7.0,0.0,-175.0
1770827242.0851932,7.0,0.0,-175.0
1770827242.1003594,7.0,0.0,-175.0
1770827242.1291387,7.0,0.0,-175.0
1770827242.1471224,7.0,0.0,-175.0
1770827242.1770098,7.0,0.0,-175.0
1770827242.1926436,7.0,0.0,-175.0
1770827242.239158,7.0,0.0,-175.0
1770827242.2542984,7.0,0.0,-175.0
1770827242.2876592,7.0,0.0,-175.0
1770827242.2956731,7.0,0.0,-175.0
1770827242.3315892,7.0,0.0,-175.0
1770827242.3475463,7.0,0.0,-175.0
1770827242.39343,7.0,0.0,-175.0
1770827242.401414,7.0,0.0,-175.0
1770827242.4394963,7.0,0.0,-175.0
1770827242.4470313,7.0,0.0,-175.0
1770827242.4774928,7.0,0.0,-175.0
1770827242.4864697,7.0,0.0,-175.0
1770827242.5329287,7.0,0.0,-175.0
1770827242.547889,7.0,0.0,-175.0
1770827242.5788016,7.0,0.0,-175.0
1770827242.594757,7.0,0.0,-175.0
1770827242.6404397,7.0,0.0,-175.0
1770827242.6483917,7.0,0.0,-175.0
1770827242.6863775,7.0,0.0,-175.0
1770827242.7019892,7.0,0.0,-175.0
1770827242.732877,7.0,0.0,-175.0
1770827242.7408557,7.0,0.0,-175.0
1770827242.7780972,7.0,0.0,-175.0
1770827242.7930567,7.0,0.0,-175.0
1770827242.8247733,7.0,0.0,-175.0
1770827242.8317223,7.0,0.0,-175.0
1770827242.8649163,7.0,0.0,-175.0
1770827242.8854797,7.0,0.0,-175.0
1770827242.9223526,7.0,0.0,-175.0
1770827242.931904,7.0,0.0,-175.0
1770827242.977589,7.0,0.0,-175.0
1770827242.992551,7.0,0.0,-175.0
1770827243.0239577,7.0,0.0,-175.0
1770827243.0312808,7.0,0.0,-175.0
1770827243.0702138,7.0,0.0,-175.0
1770827243.0780532,7.0,0.0,-175.0
1770827243.1172748,7.0,0.0,-175.0
1770827243.1324763,7.0,0.0,-175.0
1770827243.1628,7.0,0.0,-175.0
1770827243.179272,7.0,0.0,-175.0
1770827243.2266757,7.0,0.0,-175.0
1770827243.23565,7.0,0.0,-175.0
1770827243.2733023,7.0,0.0,-175.0
1770827243.2802908,7.0,0.0,-175.0
1770827243.3193197,7.0,0.0,-175.0
1770827243.333194,7.0,0.0,-175.0
1770827243.3658614,7.0,0.0,-175.0
1770827243.3812864,7.0,0.0,-175.0
1770827243.412168,7.0,0.0,-175.0
1770827243.418847,7.0,0.0,-175.0
1770827243.450762,7.0,0.0,-175.0
1770827243.4587693,7.0,0.0,-175.0
1770827243.5053363,7.0,0.0,-175.0
1770827243.5202959,7.0,0.0,-175.0
1770827243.566421,7.0,0.0,-175.0
1770827243.5815983,7.0,0.0,-175.0
1770827243.6125174,7.0,0.0,-175.0
1770827243.6204963,7.0,0.0,-175.0
1770827243.652582,7.0,0.0,-175.0
1770827243.6754885,7.0,0.0,-175.0
1770827243.7217252,7.0,0.0,-175.0
1770827243.729737,7.0,0.0,-175.0
1770827243.7681367,7.0,0.0,-175.0
1770827243.7840939,7.0,0.0,-175.0
1770827243.8307045,7.0,0.0,-175.0
1770827243.846559,7.0,0.0,-175.0
1770827243.8931158,7.0,0.0,-175.0
1770827243.9090776,7.0,0.0,-175.0
1770827243.9542165,7.0,0.0,-175.0
1770827243.961525,7.0,0.0,-175.0
1770827243.9998653,7.0,0.0,-175.0
1770827244.008807,7.0,0.0,-175.0
1770827244.046291,7.0,0.0,-175.0
1770827244.0612168,7.0,0.0,-175.0
1770827244.0921345,7.0,0.0,-175.0
1770827244.0995305,7.0,0.0,-175.0
1770827244.1392174,7.0,0.0,-175.0
1770827244.1471603,7.0,0.0,-175.0
1770827244.1848197,7.0,0.0,-175.0
1770827244.2007716,7.0,0.0,-175.0
1770827244.230123,7.0,0.0,-175.0
1770827244.2381408,7.0,0.0,-175.0
1770827244.2779746,7.0,0.0,-175.0
1770827244.2933338,7.0,0.0,-175.0
1770827244.32423,7.0,0.0,-175.0
1770827244.340179,7.0,0.0,-175.0
1770827244.386554,7.0,0.0,-175.0
1770827244.4015174,7.0,0.0,-175.0
1770827244.4484396,7.0,0.0,-175.0
1770827244.4636755,7.0,0.0,-175.0
1770827244.511182,7.0,0.0,-175.0
1770827244.5261116,7.0,0.0,-175.0
1770827244.572669,7.0,0.0,-175.0
1770827244.5883524,7.0,0.0,-175.0
1770827244.6236172,7.0,0.0,-175.0
1770827244.6315641,7.0,0.0,-175.0
1770827244.6633968,7.0,0.0,-175.0
1770827244.67437,7.0,0.0,-175.0
1770827244.7063825,7.0,0.0,-175.0
1770827244.7143579,7.0,0.0,-175.0
1770827244.759146,7.0,0.0,-175.0
1770827244.7681246,7.0,0.0,-175.0
1770827244.8058035,7.0,0.0,-175.0
1770827244.815282,7.0,0.0,-175.0
1770827244.8472588,7.0,0.0,-175.0
1770827244.8542426,7.0,0.0,-175.0
1770827244.8844936,7.0,0.0,-175.0
1770827244.8924725,7.0,0.0,-175.0
1770827244.9297879,7.0,0.0,-175.0
1770827244.9387305,7.0,0.0,-175.0
1770827244.9756644,7.0,0.0,-175.0
1770827244.9910696,7.0,0.0,-175.0
1770827245.0257158,7.0,0.0,-175.0
1770827245.035692,7.0,0.0,-175.0
1770827245.07369,7.0,0.0,-175.0
1770827245.0817025,7.0,0.0,-175.0
1770827245.1295552,7.0,0.0,-175.0
1770827245.1454775,7.0,0.0,-175.0
1770827245.1783369,7.0,0.0,-175.0
1770827245.1856508,7.0,0.0,-175.0
1770827245.2206674,7.0,0.0,-175.0
1770827245.237655,7.0,0.0,-175.0
1770827245.2688115,7.0,0.0,-175.0
1770827245.283133,7.0,0.0,-175.0
